WKT,Name,OBJECTID,UKATEGORIE,UTYP1,UART,UMONAT,USTUNDE,UWOCHENTAG,STRZUSTAND,ULICHTVERH,ISTRAD,ISTPKW,ISTFUSS,ISTKRAD
"POINT (7.060688324000068 50.903442357000074)","Unfall 107533 (2019) Kat:3, Licht: 0","107533","3","2","4","05","14","4","1","0","1","1","0","0"
"POINT (7.004278764000048 50.938161942000079)","Unfall 107542 (2019) Kat:3, Licht: 0","107542","3","7","0","05","08","4","0","0","1","0","0","0"
"POINT (6.992446979000022 50.915444112000046)","Unfall 107549 (2019) Kat:3, Licht: 1","107549","3","7","1","05","06","4","0","1","0","1","0","0"
"POINT (7.022172530000034 50.980016253000031)","Unfall 107553 (2019) Kat:2, Licht: 0","107553","2","1","0","05","15","4","1","0","1","0","0","0"
"POINT (6.928490077000049 50.945029220000038)","Unfall 107557 (2019) Kat:3, Licht: 0","107557","3","6","4","05","13","4","1","0","0","1","0","1"
"POINT (6.912023459000068 50.897176263000063)","Unfall 107559 (2019) Kat:3, Licht: 0","107559","3","6","2","05","07","5","0","0","0","1","0","0"
"POINT (6.945128616000034 50.927051214000073)","Unfall 107581 (2019) Kat:3, Licht: 0","107581","3","3","5","05","20","7","0","0","0","1","0","0"
"POINT (6.908452109000052 50.936918544000036)","Unfall 107609 (2019) Kat:3, Licht: 0","107609","3","3","5","05","18","3","0","0","1","1","0","0"
"POINT (6.927412360000062 50.945358381000062)","Unfall 107618 (2019) Kat:3, Licht: 0","107618","3","2","5","05","16","3","0","0","1","1","0","0"
"POINT (6.870189790000040 50.971017861000064)","Unfall 107626 (2019) Kat:3, Licht: 0","107626","3","6","2","05","17","3","0","0","0","1","0","0"
"POINT (6.928280707000056 50.863598945000035)","Unfall 107634 (2019) Kat:3, Licht: 0","107634","3","6","2","05","14","3","0","0","0","1","0","0"
"POINT (6.947187605000067 50.926278793000051)","Unfall 107649 (2019) Kat:3, Licht: 0","107649","3","3","5","05","09","3","0","0","1","0","0","0"
"POINT (6.956926166000073 50.921913485000061)","Unfall 107661 (2019) Kat:3, Licht: 0","107661","3","5","0","05","17","3","0","0","1","1","0","0"
"POINT (6.953728760000047 50.964468452000062)","Unfall 107675 (2019) Kat:3, Licht: 0","107675","3","5","1","05","09","3","0","0","1","1","0","0"
"POINT (6.848450422000042 50.924758191000080)","Unfall 107677 (2019) Kat:2, Licht: 2","107677","2","7","9","05","22","3","0","2","0","1","0","0"
"POINT (6.959040712000046 50.883957231000068)","Unfall 107712 (2019) Kat:2, Licht: 0","107712","2","7","0","05","20","4","0","0","0","0","0","1"
"POINT (7.018706015000021 50.940204923000067)","Unfall 107730 (2019) Kat:3, Licht: 1","107730","3","2","0","05","21","2","0","1","0","1","0","1"
"POINT (7.076473838000027 50.945119201000068)","Unfall 107732 (2019) Kat:3, Licht: 0","107732","3","2","4","05","19","2","0","0","0","1","0","1"
"POINT (7.017400532000067 50.940161183000043)","Unfall 107733 (2019) Kat:3, Licht: 0","107733","3","2","5","05","17","2","0","0","0","1","0","0"
"POINT (7.004257362000033 50.938158408000049)","Unfall 107734 (2019) Kat:3, Licht: 0","107734","3","2","5","05","14","2","0","0","1","1","0","0"
"POINT (6.973971481000035 50.956185756000082)","Unfall 107736 (2019) Kat:3, Licht: 0","107736","3","3","0","05","07","2","0","0","1","1","0","0"
"POINT (6.957836458000031 50.957680599000071)","Unfall 107738 (2019) Kat:3, Licht: 0","107738","3","3","0","05","16","2","0","0","1","1","0","0"
"POINT (6.918083167000020 50.949329103000082)","Unfall 107739 (2019) Kat:3, Licht: 0","107739","3","4","6","05","10","2","0","0","0","1","1","0"
"POINT (6.919991088000074 50.931986650000056)","Unfall 107741 (2019) Kat:2, Licht: 0","107741","2","1","1","05","17","2","0","0","0","1","0","0"
"POINT (7.013241508000021 50.939725671000076)","Unfall 107818 (2019) Kat:3, Licht: 0","107818","3","6","2","05","15","3","0","0","0","1","0","0"
"POINT (6.986124076000067 50.929566801000078)","Unfall 107836 (2019) Kat:3, Licht: 0","107836","3","6","2","05","16","2","0","0","0","1","0","0"
"POINT (7.049974179000060 50.933861698000044)","Unfall 107837 (2019) Kat:3, Licht: 0","107837","3","6","3","05","18","2","0","0","0","1","0","0"
"POINT (7.087107928000023 50.896121302000040)","Unfall 107838 (2019) Kat:3, Licht: 0","107838","3","6","2","05","15","2","0","0","0","1","0","0"
"POINT (6.884333636000065 51.002246455000034)","Unfall 107842 (2019) Kat:2, Licht: 0","107842","2","6","3","05","18","2","0","0","0","1","0","0"
"POINT (7.005040497000039 50.963469642000064)","Unfall 107872 (2019) Kat:3, Licht: 0","107872","3","7","6","05","14","1","0","0","0","0","1","0"
"POINT (6.950134993000063 50.975200504000043)","Unfall 107873 (2019) Kat:3, Licht: 0","107873","3","6","2","05","12","1","0","0","0","1","0","0"
"POINT (6.925476825000033 50.939816643000029)","Unfall 107875 (2019) Kat:3, Licht: 0","107875","3","6","2","05","14","1","0","0","0","1","0","0"
"POINT (6.895246851000024 50.925273678000053)","Unfall 107876 (2019) Kat:3, Licht: 0","107876","3","3","1","05","14","1","0","0","1","1","0","0"
"POINT (6.921892393000064 50.913408697000079)","Unfall 107877 (2019) Kat:2, Licht: 0","107877","2","1","0","05","18","1","0","0","1","0","0","0"
"POINT (7.043745118000061 50.908718916000055)","Unfall 107910 (2019) Kat:3, Licht: 0","107910","3","6","0","05","14","1","0","0","0","1","0","0"
"POINT (7.035496159000047 50.918102341000065)","Unfall 107912 (2019) Kat:3, Licht: 0","107912","3","6","2","05","12","1","0","0","0","1","0","0"
"POINT (6.880316258000050 50.993697196000028)","Unfall 107913 (2019) Kat:3, Licht: 0","107913","3","6","2","05","12","1","0","0","0","1","0","0"
"POINT (6.954208160000064 51.030287346000080)","Unfall 107914 (2019) Kat:2, Licht: 2","107914","2","7","0","05","04","1","0","2","0","1","0","0"
"POINT (6.860654783000030 51.019091369000080)","Unfall 107915 (2019) Kat:3, Licht: 2","107915","3","6","2","05","02","1","0","2","0","1","0","0"
"POINT (6.882141134000051 50.994255898000063)","Unfall 107917 (2019) Kat:3, Licht: 0","107917","3","6","2","05","19","1","0","0","0","1","0","0"
"POINT (7.071046083000056 50.978882983000062)","Unfall 107971 (2019) Kat:3, Licht: 0","107971","3","6","2","05","18","5","0","0","0","1","0","0"
"POINT (6.954722849000063 50.995907887000044)","Unfall 107972 (2019) Kat:3, Licht: 2","107972","3","3","5","05","00","6","1","2","0","0","0","0"
"POINT (6.996760444000074 50.963932039000042)","Unfall 107975 (2019) Kat:3, Licht: 1","107975","3","6","4","05","06","6","1","1","1","0","0","0"
"POINT (7.023277663000044 50.978626388000066)","Unfall 107981 (2019) Kat:3, Licht: 0","107981","3","6","2","05","17","6","0","0","0","1","0","0"
"POINT (7.105198310000048 50.883015996000040)","Unfall 108032 (2019) Kat:3, Licht: 0","108032","3","6","1","05","11","5","0","0","0","1","0","0"
"POINT (6.902402169000027 50.998579425000059)","Unfall 108033 (2019) Kat:3, Licht: 1","108033","3","2","1","05","20","6","0","1","0","1","0","0"
"POINT (6.847095564000028 50.979408748000026)","Unfall 108046 (2019) Kat:2, Licht: 0","108046","2","6","2","05","14","5","0","0","0","1","0","0"
"POINT (7.009385406000035 50.968618093000032)","Unfall 108090 (2019) Kat:3, Licht: 0","108090","3","2","2","05","17","5","0","0","0","1","0","0"
"POINT (6.936010211000053 50.998875319000035)","Unfall 108091 (2019) Kat:2, Licht: 2","108091","2","1","0","05","21","6","0","2","1","0","0","0"
"POINT (6.983430969000040 50.944207832000075)","Unfall 108094 (2019) Kat:2, Licht: 0","108094","2","7","5","05","18","6","0","0","0","1","0","0"
"POINT (7.005747078000070 50.962170910000054)","Unfall 108127 (2019) Kat:3, Licht: 0","108127","3","7","0","05","17","4","0","0","0","1","0","1"
"POINT (6.958459524000034 51.025623988000063)","Unfall 108130 (2019) Kat:2, Licht: 0","108130","2","4","6","05","19","4","0","0","0","1","1","0"
"POINT (6.904837001000033 50.977119063000032)","Unfall 108131 (2019) Kat:2, Licht: 0","108131","2","3","5","05","08","4","0","0","0","1","0","0"
"POINT (6.917379153000070 50.950658023000074)","Unfall 108134 (2019) Kat:3, Licht: 1","108134","3","4","6","05","20","4","0","1","1","0","1","0"
"POINT (6.927586790000021 50.895837586000027)","Unfall 108137 (2019) Kat:3, Licht: 0","108137","3","2","5","05","17","4","0","0","1","0","0","0"
"POINT (6.925652937000052 50.932022953000057)","Unfall 108140 (2019) Kat:3, Licht: 0","108140","3","6","3","05","15","4","0","0","0","0","0","1"
"POINT (6.917804516000047 50.971915132000049)","Unfall 108147 (2019) Kat:2, Licht: 0","108147","2","1","9","05","17","7","0","0","0","1","0","0"
"POINT (7.060688324000068 50.903442357000074)","Unfall 108153 (2019) Kat:3, Licht: 0","108153","3","4","6","05","16","5","0","0","0","1","1","0"
"POINT (7.006817777000038 50.964213158000064)","Unfall 108154 (2019) Kat:3, Licht: 0","108154","3","6","0","05","10","6","0","0","0","1","0","0"
"POINT (6.994138626000051 50.902569150000033)","Unfall 108159 (2019) Kat:3, Licht: 0","108159","3","6","3","05","06","6","0","0","0","1","0","0"
"POINT (7.020905408000033 50.964621537000028)","Unfall 108165 (2019) Kat:3, Licht: 0","108165","3","2","2","05","15","5","0","0","0","1","0","0"
"POINT (7.024971900000026 50.950174151000056)","Unfall 108212 (2019) Kat:3, Licht: 0","108212","3","6","5","05","08","5","0","0","0","1","0","0"
"POINT (6.940625668000052 50.992692390000059)","Unfall 108214 (2019) Kat:3, Licht: 2","108214","3","3","5","05","23","6","0","2","1","0","0","0"
"POINT (7.045618297000033 50.941965908000043)","Unfall 108255 (2019) Kat:3, Licht: 0","108255","3","7","6","05","11","7","0","0","0","1","1","0"
"POINT (6.973379721000072 50.939896497000063)","Unfall 108259 (2019) Kat:3, Licht: 0","108259","3","7","1","05","10","7","0","0","0","1","0","1"
"POINT (6.953691924000054 50.964656820000073)","Unfall 108260 (2019) Kat:3, Licht: 2","108260","3","5","1","05","22","7","1","2","0","1","0","1"
"POINT (6.914445692000072 50.951664044000040)","Unfall 108262 (2019) Kat:3, Licht: 0","108262","3","1","0","05","11","7","0","0","1","0","0","0"
"POINT (6.911962902000028 50.929030307000062)","Unfall 108264 (2019) Kat:2, Licht: 2","108264","2","6","0","05","23","7","1","2","1","0","1","0"
"POINT (6.961792575000061 50.936205182000037)","Unfall 108267 (2019) Kat:2, Licht: 0","108267","2","6","3","05","14","7","0","0","1","1","0","0"
"POINT (7.047112179000067 50.893595223000034)","Unfall 108318 (2019) Kat:3, Licht: 0","108318","3","3","5","05","15","3","1","0","0","1","0","0"
"POINT (7.083341857000050 50.872126116000061)","Unfall 108319 (2019) Kat:2, Licht: 0","108319","2","2","5","05","14","3","1","0","1","1","0","0"
"POINT (7.036234392000040 50.940447723000034)","Unfall 108320 (2019) Kat:3, Licht: 0","108320","3","6","8","05","15","3","1","0","0","1","0","0"
"POINT (7.020133272000066 50.948313078000069)","Unfall 108321 (2019) Kat:3, Licht: 0","108321","3","7","0","05","09","3","1","0","0","0","0","0"
"POINT (7.054174721000038 50.978358295000078)","Unfall 108322 (2019) Kat:3, Licht: 0","108322","3","6","1","05","07","3","1","0","0","1","0","0"
"POINT (6.951429286000064 50.972194697000077)","Unfall 108323 (2019) Kat:3, Licht: 0","108323","3","4","6","05","15","3","1","0","0","1","1","0"
"POINT (6.952806149000026 50.968781736000039)","Unfall 108324 (2019) Kat:3, Licht: 0","108324","3","3","5","05","19","3","1","0","1","0","0","0"
"POINT (6.939273101000026 50.953488769000046)","Unfall 108325 (2019) Kat:3, Licht: 0","108325","3","6","2","05","15","3","1","0","0","1","0","0"
"POINT (6.852090860000033 50.977704813000059)","Unfall 108326 (2019) Kat:3, Licht: 0","108326","3","2","2","05","13","3","1","0","0","1","0","0"
"POINT (6.923222770000052 50.947111639000070)","Unfall 108327 (2019) Kat:2, Licht: 0","108327","2","4","6","05","12","3","1","0","0","1","1","0"
"POINT (6.976281563000043 50.894795240000064)","Unfall 108328 (2019) Kat:3, Licht: 0","108328","3","2","3","05","08","3","1","0","0","1","0","0"
"POINT (7.032870592000052 50.962096660000043)","Unfall 108389 (2019) Kat:3, Licht: 0","108389","3","6","2","05","10","3","1","0","0","1","0","0"
"POINT (6.845019229000059 50.924958687000071)","Unfall 108390 (2019) Kat:3, Licht: 0","108390","3","6","1","05","08","3","1","0","0","1","0","0"
"POINT (7.062859963000051 50.905221358000063)","Unfall 108425 (2019) Kat:3, Licht: 2","108425","3","2","5","05","23","2","1","2","0","1","0","0"
"POINT (6.993583761000025 50.914880423000056)","Unfall 108426 (2019) Kat:3, Licht: 0","108426","3","1","9","05","13","2","0","0","0","1","0","1"
"POINT (6.965584123000042 50.930464993000044)","Unfall 108427 (2019) Kat:3, Licht: 0","108427","3","7","0","05","15","2","0","0","1","0","1","0"
"POINT (6.953097217000050 50.967614503000050)","Unfall 108428 (2019) Kat:3, Licht: 0","108428","3","7","0","05","18","2","0","0","1","1","0","0"
"POINT (6.918513892000021 50.949101811000048)","Unfall 108429 (2019) Kat:3, Licht: 0","108429","3","3","5","05","08","2","0","0","1","1","0","0"
"POINT (6.856652560000043 50.920275008000033)","Unfall 108430 (2019) Kat:3, Licht: 0","108430","3","2","2","05","06","2","0","0","0","1","0","0"
"POINT (6.927379722000069 50.915795158000037)","Unfall 108431 (2019) Kat:3, Licht: 0","108431","3","2","0","05","13","2","0","0","0","1","1","0"
"POINT (6.932600001000026 50.935478976000070)","Unfall 108432 (2019) Kat:3, Licht: 0","108432","3","3","5","05","19","2","0","0","0","1","0","0"
"POINT (6.966122974000029 50.949953719000064)","Unfall 108433 (2019) Kat:3, Licht: 0","108433","3","6","2","05","16","2","0","0","0","1","0","1"
"POINT (6.970503202000032 50.931074674000058)","Unfall 108481 (2019) Kat:3, Licht: 0","108481","3","7","0","05","08","4","0","0","1","0","0","0"
"POINT (6.953891225000064 50.963683889000038)","Unfall 108483 (2019) Kat:3, Licht: 0","108483","3","4","6","05","18","4","0","0","1","0","1","0"
"POINT (6.900337163000074 50.937277778000066)","Unfall 108484 (2019) Kat:3, Licht: 0","108484","3","3","5","05","08","4","0","0","1","0","0","0"
"POINT (6.883308642000031 50.937745961000076)","Unfall 108487 (2019) Kat:2, Licht: 0","108487","2","2","2","05","14","4","0","0","0","1","0","0"
"POINT (6.908459329000039 50.937116760000038)","Unfall 108489 (2019) Kat:3, Licht: 0","108489","3","2","3","05","13","4","0","0","1","1","0","0"
"POINT (6.921948924000049 50.936766333000037)","Unfall 108493 (2019) Kat:3, Licht: 0","108493","3","3","0","05","16","4","0","0","1","1","0","0"
"POINT (6.924198227000034 50.858140562000074)","Unfall 108494 (2019) Kat:3, Licht: 0","108494","3","3","5","05","19","4","0","0","1","1","0","0"
"POINT (6.941615372000058 50.929304479000052)","Unfall 108497 (2019) Kat:3, Licht: 0","108497","3","6","3","05","16","4","0","0","0","1","0","1"
"POINT (7.030037283000070 50.969144221000079)","Unfall 108509 (2019) Kat:3, Licht: 0","108509","3","1","3","05","15","2","0","0","0","1","0","0"
"POINT (7.007774255000072 50.938753763000079)","Unfall 108552 (2019) Kat:3, Licht: 0","108552","3","7","0","05","18","1","0","0","0","1","0","0"
"POINT (6.850065153000060 50.978364042000067)","Unfall 108554 (2019) Kat:3, Licht: 0","108554","3","2","5","05","14","1","0","0","0","1","0","0"
"POINT (6.920225149000032 50.953795455000034)","Unfall 108555 (2019) Kat:3, Licht: 0","108555","3","2","5","05","15","1","0","0","1","1","0","0"
"POINT (6.926424257000065 50.910904917000039)","Unfall 108557 (2019) Kat:3, Licht: 2","108557","3","7","1","05","03","1","1","2","1","1","0","0"
"POINT (7.089613831000065 50.951081462000047)","Unfall 108636 (2019) Kat:2, Licht: 0","108636","2","6","3","05","08","4","0","0","0","1","0","0"
"POINT (6.867556629000035 50.989779886000065)","Unfall 108713 (2019) Kat:3, Licht: 0","108713","3","6","2","05","17","7","0","0","0","1","0","0"
"POINT (7.063339535000068 50.904960975000051)","Unfall 108750 (2019) Kat:3, Licht: 2","108750","3","3","5","05","22","6","0","2","0","1","0","0"
"POINT (7.102055894000046 50.919395304000034)","Unfall 108751 (2019) Kat:2, Licht: 0","108751","2","1","8","05","15","6","0","0","1","0","0","0"
"POINT (7.060178706000045 50.907103892000066)","Unfall 108752 (2019) Kat:3, Licht: 0","108752","3","7","3","05","13","6","0","0","0","1","0","0"
"POINT (7.030389073000038 50.931652955000061)","Unfall 108753 (2019) Kat:3, Licht: 0","108753","3","3","5","05","11","6","0","0","0","1","0","1"
"POINT (6.887159250000025 50.932220842000049)","Unfall 108754 (2019) Kat:2, Licht: 0","108754","2","4","6","05","20","6","0","0","0","0","1","1"
"POINT (6.942932543000040 50.928622766000046)","Unfall 108755 (2019) Kat:3, Licht: 2","108755","3","1","0","05","22","6","0","2","1","0","0","0"
"POINT (7.047785992000058 50.907881138000050)","Unfall 108819 (2019) Kat:3, Licht: 0","108819","3","1","9","05","21","6","0","0","0","1","0","0"
"POINT (6.880297746000053 50.993691560000059)","Unfall 108820 (2019) Kat:3, Licht: 0","108820","3","6","2","05","18","6","0","0","0","1","0","0"
"POINT (7.027850730000068 50.942673301000070)","Unfall 108879 (2019) Kat:3, Licht: 0","108879","3","2","5","05","16","5","0","0","0","1","0","0"
"POINT (7.091014124000026 50.947749043000044)","Unfall 108881 (2019) Kat:3, Licht: 0","108881","3","2","2","05","17","5","0","0","0","1","0","0"
"POINT (7.086810677000074 50.857494259000077)","Unfall 108883 (2019) Kat:3, Licht: 0","108883","3","6","2","05","18","1","0","0","0","1","0","0"
"POINT (7.015686460000040 50.951780855000038)","Unfall 108884 (2019) Kat:2, Licht: 2","108884","2","1","6","05","02","5","0","2","0","1","1","0"
"POINT (7.085168976000034 50.941203248000079)","Unfall 108885 (2019) Kat:2, Licht: 0","108885","2","3","5","05","13","1","0","0","1","0","0","0"
"POINT (7.049046170000054 50.986956447000068)","Unfall 108886 (2019) Kat:3, Licht: 0","108886","3","6","3","05","14","5","0","0","1","1","0","0"
"POINT (6.956914436000034 50.954740361000063)","Unfall 108887 (2019) Kat:3, Licht: 0","108887","3","6","3","05","14","1","0","0","1","1","0","0"
"POINT (6.977498949000051 50.970900481000058)","Unfall 108888 (2019) Kat:3, Licht: 0","108888","3","6","2","05","16","5","0","0","0","1","0","0"
"POINT (6.926610772000061 50.942717080000079)","Unfall 108889 (2019) Kat:2, Licht: 0","108889","2","3","5","05","05","1","0","0","1","1","0","0"
"POINT (6.910841322000067 51.000027388000035)","Unfall 108890 (2019) Kat:3, Licht: 0","108890","3","4","6","05","17","5","0","0","0","1","1","0"
"POINT (6.928916394000055 50.944868229000065)","Unfall 108891 (2019) Kat:3, Licht: 0","108891","3","1","0","05","20","1","0","0","1","0","0","0"
"POINT (6.828947503000052 50.955937732000052)","Unfall 108892 (2019) Kat:3, Licht: 0","108892","3","6","2","05","17","5","0","0","0","1","0","0"
"POINT (6.890417554000067 50.924678670000048)","Unfall 108893 (2019) Kat:3, Licht: 0","108893","3","6","2","05","18","5","0","0","0","1","0","0"
"POINT (6.950884114000075 50.948623765000036)","Unfall 108895 (2019) Kat:3, Licht: 0","108895","3","4","6","05","16","5","0","0","1","0","1","0"
"POINT (6.846472818000052 50.928055819000065)","Unfall 108978 (2019) Kat:2, Licht: 0","108978","2","7","8","05","15","1","0","0","0","1","0","0"
"POINT (7.094309735000024 50.884987227000067)","Unfall 108996 (2019) Kat:3, Licht: 0","108996","3","1","2","05","11","5","0","0","0","1","0","1"
"POINT (6.897724684000025 50.991508684000053)","Unfall 109001 (2019) Kat:3, Licht: 0","109001","3","6","3","05","13","5","0","0","0","1","0","0"
"POINT (7.046936484000071 50.929837271000054)","Unfall 109032 (2019) Kat:3, Licht: 0","109032","3","3","5","05","16","7","0","0","1","1","0","0"
"POINT (6.970962331000067 50.933049621000066)","Unfall 109096 (2019) Kat:3, Licht: 0","109096","3","6","3","05","17","3","1","0","1","1","0","0"
"POINT (6.996547295000028 50.963904076000063)","Unfall 109097 (2019) Kat:3, Licht: 0","109097","3","6","1","05","13","3","1","0","0","1","0","0"
"POINT (6.988808933000030 50.867099980000035)","Unfall 109098 (2019) Kat:2, Licht: 0","109098","2","6","0","05","09","3","0","0","0","0","0","1"
"POINT (6.923269798000035 50.856869881000080)","Unfall 109099 (2019) Kat:3, Licht: 0","109099","3","6","2","05","17","3","0","0","0","1","0","0"
"POINT (6.906330751000041 50.909465324000053)","Unfall 109100 (2019) Kat:3, Licht: 0","109100","3","6","2","05","14","3","0","0","0","1","0","0"
"POINT (6.962683378000065 50.928492524000035)","Unfall 109101 (2019) Kat:3, Licht: 0","109101","3","3","5","05","13","3","0","0","1","1","0","0"
"POINT (7.020186750000050 50.933346829000072)","Unfall 109169 (2019) Kat:3, Licht: 0","109169","3","4","6","05","21","5","0","0","0","1","1","0"
"POINT (7.064062778000050 51.002854666000076)","Unfall 109171 (2019) Kat:3, Licht: 0","109171","3","5","1","05","15","5","1","0","1","1","0","0"
"POINT (6.965163201000053 50.987880938000046)","Unfall 109173 (2019) Kat:3, Licht: 0","109173","3","1","0","05","16","5","0","0","1","0","0","0"
"POINT (6.824438766000071 50.938434392000033)","Unfall 109175 (2019) Kat:3, Licht: 0","109175","3","7","5","05","17","5","0","0","1","1","0","0"
"POINT (6.963026481000043 50.933739462000062)","Unfall 109176 (2019) Kat:3, Licht: 0","109176","3","2","2","05","18","5","0","0","0","1","0","0"
"POINT (7.050335383000061 50.918642175000059)","Unfall 109311 (2019) Kat:3, Licht: 0","109311","3","6","3","05","17","2","0","0","0","1","0","0"
"POINT (7.103516637000041 50.887649331000034)","Unfall 109314 (2019) Kat:2, Licht: 0","109314","2","7","4","05","14","2","0","0","0","1","0","0"
"POINT (7.048290136000048 50.921058990000063)","Unfall 109316 (2019) Kat:3, Licht: 0","109316","3","7","0","05","17","2","0","0","1","0","0","0"
"POINT (7.088245904000075 50.947483955000052)","Unfall 109318 (2019) Kat:2, Licht: 0","109318","2","6","1","05","12","2","0","0","0","1","0","0"
"POINT (6.993257761000052 50.948344305000035)","Unfall 109319 (2019) Kat:3, Licht: 0","109319","3","1","0","05","08","2","1","0","0","0","0","1"
"POINT (7.030389073000038 50.931652955000061)","Unfall 109320 (2019) Kat:3, Licht: 0","109320","3","2","2","05","14","4","0","0","0","1","0","1"
"POINT (7.021029233000036 50.940282871000079)","Unfall 109321 (2019) Kat:3, Licht: 0","109321","3","6","1","05","07","4","0","0","0","1","0","0"
"POINT (6.914699524000071 50.948149264000051)","Unfall 109322 (2019) Kat:3, Licht: 0","109322","3","5","0","05","18","2","0","0","1","1","0","0"
"POINT (6.990126141000076 50.932703436000054)","Unfall 109323 (2019) Kat:3, Licht: 0","109323","3","6","2","05","09","4","0","0","0","1","0","0"
"POINT (6.929947533000075 50.917890819000036)","Unfall 109324 (2019) Kat:3, Licht: 0","109324","3","6","1","05","21","2","0","0","0","1","0","0"
"POINT (6.976583274000063 50.953904393000073)","Unfall 109325 (2019) Kat:3, Licht: 0","109325","3","6","2","05","14","4","0","0","0","1","0","0"
"POINT (7.034009254000068 50.967289683000047)","Unfall 109326 (2019) Kat:3, Licht: 2","109326","3","3","5","05","23","4","0","2","0","1","0","0"
"POINT (7.005870981000044 50.964847273000032)","Unfall 109327 (2019) Kat:3, Licht: 0","109327","3","6","4","05","16","4","0","0","1","0","0","0"
"POINT (6.901537821000034 50.926338107000049)","Unfall 109328 (2019) Kat:3, Licht: 0","109328","3","1","0","05","07","2","1","0","0","0","0","1"
"POINT (6.964208465000070 50.947321930000044)","Unfall 109329 (2019) Kat:3, Licht: 0","109329","3","6","1","05","07","2","1","0","0","1","0","1"
"POINT (6.971212748000028 50.932307628000046)","Unfall 109330 (2019) Kat:2, Licht: 0","109330","2","7","3","05","08","4","0","0","0","1","0","0"
"POINT (6.916725443000075 50.950194230000079)","Unfall 109331 (2019) Kat:3, Licht: 0","109331","3","7","6","05","17","4","0","0","1","0","1","0"
"POINT (6.945500238000022 50.904640658000062)","Unfall 109333 (2019) Kat:3, Licht: 0","109333","3","6","2","05","09","4","0","0","0","1","0","0"
"POINT (6.941232191000040 50.930232064000052)","Unfall 109335 (2019) Kat:3, Licht: 0","109335","3","5","1","05","10","4","0","0","1","1","0","0"
"POINT (6.878205600000058 51.007029576000036)","Unfall 109463 (2019) Kat:3, Licht: 0","109463","3","6","2","05","16","2","0","0","0","1","0","0"
"POINT (7.008771430000024 51.036298673000033)","Unfall 109474 (2019) Kat:3, Licht: 0","109474","3","6","2","05","17","4","0","0","0","1","0","0"
"POINT (7.015271064000046 50.984740913000053)","Unfall 109476 (2019) Kat:3, Licht: 0","109476","3","6","2","05","16","4","0","0","0","1","0","0"
"POINT (7.055608016000065 50.928467050000052)","Unfall 109478 (2019) Kat:2, Licht: 0","109478","2","6","2","05","13","4","0","0","0","1","0","1"
"POINT (7.097809300000051 50.917037318000041)","Unfall 109479 (2019) Kat:2, Licht: 0","109479","2","6","2","05","09","4","0","0","0","1","0","0"
"POINT (6.860687670000061 51.018868832000067)","Unfall 109480 (2019) Kat:3, Licht: 0","109480","3","6","2","05","17","4","0","0","0","1","0","0"
"POINT (6.861621669000044 51.018292006000081)","Unfall 109483 (2019) Kat:3, Licht: 0","109483","3","6","2","05","17","4","0","0","0","1","0","0"
"POINT (7.051174354000068 50.952300691000062)","Unfall 109567 (2019) Kat:2, Licht: 0","109567","2","6","2","06","13","1","0","0","0","1","0","0"
"POINT (6.847999746000028 50.936301625000056)","Unfall 109569 (2019) Kat:2, Licht: 0","109569","2","1","9","06","17","1","0","0","0","0","0","1"
"POINT (6.860952582000039 51.018705105000038)","Unfall 109571 (2019) Kat:2, Licht: 0","109571","2","6","2","06","14","1","0","0","0","1","0","0"
"POINT (6.977887479000060 50.936539537000044)","Unfall 109639 (2019) Kat:3, Licht: 0","109639","3","7","6","06","09","2","0","0","0","1","1","0"
"POINT (6.972553123000068 50.939623756000060)","Unfall 109640 (2019) Kat:3, Licht: 0","109640","3","3","5","06","19","2","0","0","1","1","0","0"
"POINT (7.086184624000055 50.857370772000081)","Unfall 109642 (2019) Kat:3, Licht: 0","109642","3","1","8","06","09","7","0","0","0","1","0","0"
"POINT (6.996756485000049 50.963933252000061)","Unfall 109643 (2019) Kat:3, Licht: 0","109643","3","6","6","06","14","7","0","0","1","0","1","0"
"POINT (6.996746488000042 50.963936315000069)","Unfall 109644 (2019) Kat:3, Licht: 0","109644","3","6","2","06","09","2","1","0","0","0","0","1"
"POINT (7.005856144000063 50.961276648000080)","Unfall 109645 (2019) Kat:3, Licht: 0","109645","3","7","6","06","12","7","0","0","0","1","1","0"
"POINT (6.973680840000043 50.932540520000032)","Unfall 109646 (2019) Kat:3, Licht: 0","109646","3","6","1","06","18","2","0","0","0","1","0","0"
"POINT (6.924787849000040 50.936754552000082)","Unfall 109647 (2019) Kat:3, Licht: 0","109647","3","6","2","06","18","7","0","0","0","1","0","0"
"POINT (6.852452351000068 50.919432665000045)","Unfall 109648 (2019) Kat:3, Licht: 0","109648","3","3","5","06","15","2","0","0","1","1","0","0"
"POINT (6.934077024000033 50.874767363000046)","Unfall 109649 (2019) Kat:3, Licht: 0","109649","3","6","3","06","16","7","0","0","1","0","0","0"
"POINT (6.927412236000066 50.861930464000068)","Unfall 109650 (2019) Kat:3, Licht: 0","109650","3","2","5","06","13","7","0","0","0","1","0","0"