WKT,Name,OBJECTID,UKATEGORIE,UTYP1,UART,UMONAT,USTUNDE,UWOCHENTAG,STRZUSTAND,ULICHTVERH,ISTRAD,ISTPKW,ISTFUSS,ISTKRAD
"POINT (7.044823436000058 50.866053785000076)","Unfall 112323 (2019) Kat:3, Licht: 0","112323","3","2","5","06","17","4","0","0","1","1","0","0"
"POINT (6.982021484000029 50.943167144000029)","Unfall 112324 (2019) Kat:3, Licht: 0","112324","3","2","5","06","08","4","0","0","1","1","0","0"
"POINT (6.953666536000071 50.964786648000029)","Unfall 112326 (2019) Kat:3, Licht: 0","112326","3","5","5","06","10","4","0","0","1","1","0","0"
"POINT (6.916311453000049 50.930757537000034)","Unfall 112328 (2019) Kat:2, Licht: 0","112328","2","1","0","06","20","4","0","0","1","0","0","0"
"POINT (6.936453433000054 50.997841758000050)","Unfall 112330 (2019) Kat:3, Licht: 0","112330","3","1","0","06","13","4","0","0","1","0","0","0"
"POINT (6.924786644000051 50.936550506000060)","Unfall 112332 (2019) Kat:3, Licht: 0","112332","3","2","5","06","13","4","0","0","1","0","0","0"
"POINT (6.924782914000048 50.936859980000065)","Unfall 112333 (2019) Kat:3, Licht: 0","112333","3","6","2","06","13","4","0","0","0","1","0","0"
"POINT (6.966124009000055 50.949954902000059)","Unfall 112335 (2019) Kat:2, Licht: 0","112335","2","1","0","06","16","4","0","0","0","0","0","1"
"POINT (6.941471303000071 50.929173863000074)","Unfall 112338 (2019) Kat:3, Licht: 0","112338","3","4","6","06","13","4","0","0","0","1","1","0"
"POINT (6.902308751000021 51.001834882000026)","Unfall 112448 (2019) Kat:3, Licht: 0","112448","3","6","3","06","08","4","0","0","0","1","0","0"
"POINT (7.049480225000025 50.942853829000057)","Unfall 112522 (2019) Kat:3, Licht: 0","112522","3","2","5","06","08","3","0","0","1","0","0","0"
"POINT (7.041433832000053 50.941281399000047)","Unfall 112523 (2019) Kat:2, Licht: 0","112523","2","3","5","06","08","3","0","0","1","1","0","0"
"POINT (7.004166965000024 50.938143484000079)","Unfall 112524 (2019) Kat:3, Licht: 0","112524","3","2","2","06","16","3","0","0","0","1","0","1"
"POINT (7.032100602000071 50.966898763000074)","Unfall 112526 (2019) Kat:3, Licht: 0","112526","3","6","2","06","14","3","0","0","0","1","0","0"
"POINT (7.035470837000048 50.918097953000029)","Unfall 112537 (2019) Kat:3, Licht: 0","112537","3","6","2","06","11","7","0","0","0","1","0","0"
"POINT (6.930336071000056 51.018408877000070)","Unfall 112538 (2019) Kat:3, Licht: 0","112538","3","6","6","06","20","7","0","0","0","1","1","0"
"POINT (7.019781442000067 50.940241018000052)","Unfall 112587 (2019) Kat:3, Licht: 2","112587","3","5","3","06","22","6","0","2","0","1","0","1"
"POINT (7.040571617000069 50.930086074000030)","Unfall 112588 (2019) Kat:3, Licht: 0","112588","3","7","4","06","15","6","0","0","0","1","0","1"
"POINT (6.974087218000022 50.929047744000059)","Unfall 112589 (2019) Kat:3, Licht: 2","112589","3","4","6","06","23","6","0","2","0","0","1","0"
"POINT (6.968210101000068 50.936448286000029)","Unfall 112590 (2019) Kat:3, Licht: 0","112590","3","6","2","06","19","6","0","0","0","1","0","0"
"POINT (6.971238523000068 50.932254674000035)","Unfall 112591 (2019) Kat:2, Licht: 0","112591","2","7","0","06","17","6","0","0","0","1","0","0"
"POINT (6.981581067000036 50.963782379000065)","Unfall 112592 (2019) Kat:3, Licht: 0","112592","3","6","2","06","14","6","0","0","0","1","0","0"
"POINT (6.843375885000057 50.980761619000077)","Unfall 112593 (2019) Kat:3, Licht: 0","112593","3","6","1","06","14","6","0","0","0","1","0","0"
"POINT (6.923835186000076 50.946853320000059)","Unfall 112594 (2019) Kat:3, Licht: 0","112594","3","1","0","06","11","6","0","0","1","0","0","0"
"POINT (6.833706516000063 50.938385310000058)","Unfall 112595 (2019) Kat:3, Licht: 0","112595","3","6","2","06","16","6","0","0","0","1","0","0"
"POINT (6.962734840000053 50.930361610000034)","Unfall 112596 (2019) Kat:2, Licht: 0","112596","2","3","5","06","11","6","0","0","1","1","0","0"
"POINT (6.943940863000023 50.935805663000053)","Unfall 112597 (2019) Kat:3, Licht: 0","112597","3","2","3","06","10","6","0","0","0","1","0","0"
"POINT (6.951776909000046 50.935417476000055)","Unfall 112598 (2019) Kat:2, Licht: 0","112598","2","2","3","06","17","6","0","0","1","1","0","0"
"POINT (6.937686069000051 50.935352049000073)","Unfall 112599 (2019) Kat:2, Licht: 0","112599","2","1","0","06","11","6","0","0","1","0","0","0"
"POINT (6.999311780000028 50.989412293000044)","Unfall 112654 (2019) Kat:3, Licht: 0","112654","3","6","2","06","12","1","0","0","0","1","0","0"
"POINT (6.939174088000073 50.937507397000047)","Unfall 112657 (2019) Kat:3, Licht: 2","112657","3","4","6","06","23","1","0","2","1","0","1","0"
"POINT (6.932605996000063 50.934110994000036)","Unfall 112659 (2019) Kat:3, Licht: 0","112659","3","3","5","06","17","1","0","0","0","1","0","0"
"POINT (6.932599958000026 50.935488716000066)","Unfall 112661 (2019) Kat:3, Licht: 1","112661","3","1","0","06","05","1","0","1","0","0","0","0"
"POINT (6.834455294000065 51.049643776000039)","Unfall 112764 (2019) Kat:3, Licht: 0","112764","3","7","1","06","09","6","0","0","0","0","0","0"
"POINT (6.896625500000027 50.992944457000078)","Unfall 112766 (2019) Kat:3, Licht: 0","112766","3","6","2","06","13","6","0","0","0","1","0","0"
"POINT (6.981408153000075 50.937280934000057)","Unfall 112868 (2019) Kat:3, Licht: 2","112868","3","6","2","06","22","7","0","2","0","1","0","0"
"POINT (6.996718636000026 50.998532898000065)","Unfall 112869 (2019) Kat:3, Licht: 0","112869","3","2","5","06","10","5","0","0","1","1","0","0"
"POINT (6.943328164000036 50.989883468000073)","Unfall 112870 (2019) Kat:3, Licht: 0","112870","3","1","0","06","14","7","0","0","1","0","0","0"
"POINT (6.914108216000045 50.936744540000063)","Unfall 112871 (2019) Kat:3, Licht: 0","112871","3","5","1","06","07","5","0","0","1","0","0","1"
"POINT (6.954830389000051 50.998633390000066)","Unfall 112872 (2019) Kat:2, Licht: 0","112872","2","1","0","06","13","7","0","0","1","0","0","0"
"POINT (6.856635703000052 50.920271586000069)","Unfall 112873 (2019) Kat:2, Licht: 0","112873","2","4","6","06","07","5","0","0","0","1","1","0"
"POINT (6.953369823000060 50.966426573000035)","Unfall 112874 (2019) Kat:3, Licht: 0","112874","3","6","2","06","15","7","0","0","0","1","0","1"
"POINT (6.933537788000024 50.949425308000059)","Unfall 112875 (2019) Kat:3, Licht: 0","112875","3","6","3","06","19","5","0","0","0","1","0","0"
"POINT (6.903517492000049 51.035439248000046)","Unfall 112876 (2019) Kat:3, Licht: 0","112876","3","3","0","06","13","7","0","0","1","0","0","1"
"POINT (6.929229155000030 50.960261115000037)","Unfall 112877 (2019) Kat:3, Licht: 0","112877","3","7","0","06","15","5","0","0","1","0","0","0"
"POINT (6.940995705000034 50.953777351000042)","Unfall 112878 (2019) Kat:3, Licht: 2","112878","3","6","3","06","01","7","0","2","0","1","0","0"
"POINT (6.904187921000073 50.937189305000061)","Unfall 112879 (2019) Kat:3, Licht: 0","112879","3","5","1","06","13","5","0","0","1","1","0","0"
"POINT (6.883247630000028 50.924517312000035)","Unfall 112881 (2019) Kat:3, Licht: 0","112881","3","6","2","06","15","5","0","0","0","1","0","0"
"POINT (6.971767903000057 50.846644935000029)","Unfall 112883 (2019) Kat:3, Licht: 0","112883","3","6","2","06","08","5","0","0","0","1","0","0"
"POINT (6.927318964000051 50.861749316000044)","Unfall 112885 (2019) Kat:2, Licht: 0","112885","2","7","2","06","19","5","0","0","0","1","0","1"
"POINT (6.969560909000052 50.864178484000035)","Unfall 113085 (2019) Kat:3, Licht: 0","113085","3","6","2","07","17","3","0","0","0","1","0","0"
"POINT (6.880361217000029 50.993710883000062)","Unfall 113088 (2019) Kat:3, Licht: 0","113088","3","6","2","07","13","5","0","0","0","1","0","0"
"POINT (7.004985559000033 50.938278632000049)","Unfall 113159 (2019) Kat:3, Licht: 0","113159","3","5","1","07","09","4","0","0","0","1","0","0"
"POINT (7.018971626000052 50.949397525000052)","Unfall 113161 (2019) Kat:3, Licht: 0","113161","3","3","5","07","15","4","0","0","1","1","0","0"
"POINT (6.945491586000060 50.986867827000026)","Unfall 113163 (2019) Kat:2, Licht: 0","113163","2","1","9","07","17","4","0","0","0","0","0","1"
"POINT (6.977446322000048 50.958075826000027)","Unfall 113165 (2019) Kat:3, Licht: 0","113165","3","7","0","07","12","4","0","0","1","0","0","0"
"POINT (6.912507791000053 50.945059343000025)","Unfall 113167 (2019) Kat:2, Licht: 2","113167","2","3","5","07","03","4","0","2","0","1","0","0"
"POINT (6.908050698000068 50.934386998000036)","Unfall 113168 (2019) Kat:3, Licht: 0","113168","3","2","5","07","18","4","0","0","1","1","0","0"
"POINT (6.945740981000029 50.946575543000051)","Unfall 113170 (2019) Kat:3, Licht: 0","113170","3","6","2","07","10","4","0","0","0","1","0","1"
"POINT (7.058940707000033 50.908530676000055)","Unfall 113203 (2019) Kat:2, Licht: 0","113203","2","1","8","07","16","2","0","0","0","1","0","0"
"POINT (6.970780575000049 50.931208164000054)","Unfall 113205 (2019) Kat:3, Licht: 0","113205","3","6","2","07","17","2","0","0","0","1","0","1"
"POINT (7.006019012000024 50.973933170000066)","Unfall 113207 (2019) Kat:3, Licht: 0","113207","3","3","5","07","18","2","0","0","1","1","0","0"
"POINT (6.953629998000054 50.964973494000049)","Unfall 113209 (2019) Kat:3, Licht: 0","113209","3","7","4","07","16","2","0","0","1","1","0","0"
"POINT (6.913954723000074 50.951982944000065)","Unfall 113212 (2019) Kat:3, Licht: 0","113212","3","5","1","07","19","2","0","0","1","1","0","0"
"POINT (6.853621526000040 50.977057595000076)","Unfall 113214 (2019) Kat:3, Licht: 0","113214","3","2","2","07","15","2","0","0","0","1","0","0"
"POINT (6.969671740000024 50.847243734000074)","Unfall 113216 (2019) Kat:3, Licht: 1","113216","3","6","3","07","06","2","0","1","0","1","0","0"
"POINT (6.933129496000049 50.936554160000071)","Unfall 113218 (2019) Kat:3, Licht: 0","113218","3","6","2","07","15","2","0","0","0","1","0","0"
"POINT (7.047611092000068 50.907900494000046)","Unfall 113312 (2019) Kat:3, Licht: 0","113312","3","6","2","07","10","4","0","0","0","1","0","0"
"POINT (7.005610532000048 50.947180674000037)","Unfall 113420 (2019) Kat:3, Licht: 0","113420","3","1","0","07","16","3","0","0","0","0","0","1"
"POINT (7.004592314000036 50.975874211000075)","Unfall 113422 (2019) Kat:3, Licht: 0","113422","3","3","1","07","15","3","0","0","1","1","0","0"
"POINT (6.841085842000041 51.049994141000070)","Unfall 113423 (2019) Kat:2, Licht: 0","113423","2","3","5","07","19","3","0","0","1","1","0","0"
"POINT (6.869866613000056 50.954882073000078)","Unfall 113425 (2019) Kat:1, Licht: 2","113425","1","1","9","07","22","3","0","2","0","1","0","0"
"POINT (6.908889765000026 50.936902073000056)","Unfall 113427 (2019) Kat:3, Licht: 0","113427","3","1","0","07","19","3","0","0","1","0","0","0"
"POINT (6.908917147000068 50.937722769000061)","Unfall 113429 (2019) Kat:2, Licht: 0","113429","2","7","1","07","17","3","0","0","1","0","0","0"
"POINT (6.920672116000048 50.948174402000063)","Unfall 113431 (2019) Kat:3, Licht: 0","113431","3","4","6","07","13","3","0","0","1","0","1","0"
"POINT (6.999953966000021 50.868970481000076)","Unfall 113432 (2019) Kat:3, Licht: 0","113432","3","6","2","07","09","3","0","0","0","1","0","0"
"POINT (6.944019122000043 50.929360602000031)","Unfall 113434 (2019) Kat:3, Licht: 0","113434","3","6","6","07","13","3","0","0","0","0","1","0"
"POINT (6.943566691000058 50.927744095000037)","Unfall 113435 (2019) Kat:3, Licht: 0","113435","3","1","0","07","13","3","1","0","0","0","0","1"
"POINT (6.898078098000042 50.991810614000030)","Unfall 113463 (2019) Kat:3, Licht: 0","113463","3","6","1","07","15","3","0","0","0","1","0","0"
"POINT (6.950136041000064 50.975198071000079)","Unfall 113534 (2019) Kat:3, Licht: 1","113534","3","2","5","07","21","2","0","1","1","1","0","0"
"POINT (6.882202523000046 50.966110561000050)","Unfall 113536 (2019) Kat:2, Licht: 0","113536","2","4","6","07","13","2","0","0","0","0","1","0"
"POINT (6.925013567000065 50.937645576000079)","Unfall 113538 (2019) Kat:3, Licht: 0","113538","3","6","2","07","10","2","0","0","0","1","0","0"
"POINT (6.924186043000020 50.858123813000077)","Unfall 113542 (2019) Kat:3, Licht: 0","113542","3","2","5","07","17","2","0","0","1","1","0","0"
"POINT (6.924530040000036 50.936830367000027)","Unfall 113546 (2019) Kat:3, Licht: 0","113546","3","6","1","07","16","2","0","0","0","1","0","0"
"POINT (6.941388649000032 50.929284201000030)","Unfall 113548 (2019) Kat:2, Licht: 0","113548","2","3","5","07","17","2","0","0","1","0","0","0"
"POINT (7.010798045000058 50.939316959000053)","Unfall 113617 (2019) Kat:3, Licht: 0","113617","3","2","5","07","18","6","0","0","1","1","0","0"
"POINT (7.006222055000023 50.938474192000058)","Unfall 113619 (2019) Kat:3, Licht: 0","113619","3","2","3","07","18","6","0","0","1","1","0","0"
"POINT (6.950135243000034 50.975199925000027)","Unfall 113621 (2019) Kat:2, Licht: 0","113621","2","2","5","07","19","6","0","0","1","1","0","0"
"POINT (6.940046727000038 50.993272822000051)","Unfall 113624 (2019) Kat:3, Licht: 0","113624","3","7","0","07","16","6","0","0","0","1","0","0"
"POINT (6.921033088000058 50.948023468000031)","Unfall 113625 (2019) Kat:3, Licht: 0","113625","3","6","0","07","09","6","0","0","1","0","0","0"
"POINT (6.918963591000022 50.952310194000063)","Unfall 113627 (2019) Kat:3, Licht: 0","113627","3","6","3","07","07","6","0","0","0","0","0","1"
"POINT (6.887159250000025 50.932220842000049)","Unfall 113629 (2019) Kat:2, Licht: 0","113629","2","7","0","07","20","6","0","0","0","0","0","1"
"POINT (6.941561099000069 50.929077294000081)","Unfall 113631 (2019) Kat:3, Licht: 2","113631","3","1","8","07","23","6","0","2","1","0","0","0"
"POINT (6.965180418000045 50.925204864000079)","Unfall 113633 (2019) Kat:3, Licht: 0","113633","3","6","2","07","15","6","0","0","0","1","0","0"
"POINT (6.829587910000043 51.068962324000040)","Unfall 113704 (2019) Kat:3, Licht: 2","113704","3","7","8","07","01","2","0","2","0","1","0","0"
"POINT (6.866700351000077 51.015012851000051)","Unfall 113706 (2019) Kat:3, Licht: 0","113706","3","6","2","07","16","2","0","0","0","1","0","0"
"POINT (7.102381337000054 50.859000149000053)","Unfall 113770 (2019) Kat:3, Licht: 0","113770","3","6","1","07","14","1","0","0","0","1","0","0"
"POINT (7.003434593000065 50.961238550000076)","Unfall 113771 (2019) Kat:3, Licht: 0","113771","3","6","2","07","19","1","0","0","0","1","0","0"
"POINT (6.974148283000034 50.929009472000075)","Unfall 113772 (2019) Kat:3, Licht: 0","113772","3","7","0","07","10","1","0","0","0","0","1","0"
"POINT (6.900304723000033 50.937278491000029)","Unfall 113774 (2019) Kat:2, Licht: 0","113774","2","1","0","07","08","1","0","0","1","0","0","0"
"POINT (6.940995705000034 50.953777351000042)","Unfall 113776 (2019) Kat:3, Licht: 0","113776","3","6","2","07","16","1","0","0","0","1","0","0"
"POINT (6.963222741000038 50.945436545000064)","Unfall 113778 (2019) Kat:3, Licht: 0","113778","3","6","2","07","14","1","0","0","0","1","0","1"
"POINT (6.953190494000069 50.935254021000048)","Unfall 113781 (2019) Kat:3, Licht: 2","113781","3","6","4","07","01","1","0","2","1","0","0","0"
"POINT (7.095772249000049 50.841825589000052)","Unfall 113785 (2019) Kat:3, Licht: 0","113785","3","6","2","07","14","6","0","0","0","1","0","0"
"POINT (7.095924027000024 50.841649344000075)","Unfall 113787 (2019) Kat:2, Licht: 0","113787","2","6","2","07","14","6","0","0","0","1","0","0"
"POINT (7.032757851000042 50.967215666000072)","Unfall 113789 (2019) Kat:3, Licht: 0","113789","3","6","2","07","11","6","0","0","0","1","0","0"
"POINT (7.050403963000065 50.920865463000041)","Unfall 113893 (2019) Kat:3, Licht: 0","113893","3","6","3","07","16","3","0","0","0","1","0","0"
"POINT (7.024904831000072 50.965429677000031)","Unfall 113910 (2019) Kat:3, Licht: 0","113910","3","6","3","07","18","5","0","0","0","1","0","1"
"POINT (6.949979647000021 50.955536991000031)","Unfall 113912 (2019) Kat:2, Licht: 0","113912","2","6","4","07","19","5","0","0","1","0","0","0"
"POINT (6.915845530000070 50.950759413000071)","Unfall 113914 (2019) Kat:3, Licht: 0","113914","3","4","6","07","20","5","0","0","1","0","1","0"
"POINT (6.915518877000068 50.950970521000045)","Unfall 113916 (2019) Kat:3, Licht: 0","113916","3","7","0","07","08","5","0","0","1","0","0","0"
"POINT (6.969143065000026 50.918508221000081)","Unfall 113917 (2019) Kat:3, Licht: 2","113917","3","2","5","07","23","5","0","2","1","1","0","0"
"POINT (6.938850356000046 50.953279501000054)","Unfall 113966 (2019) Kat:3, Licht: 0","113966","3","6","1","07","13","7","0","0","0","1","0","0"
"POINT (6.910476449000043 50.899420265000060)","Unfall 113968 (2019) Kat:3, Licht: 1","113968","3","6","2","07","21","7","0","1","0","1","0","0"
"POINT (6.940260609000063 50.941852843000049)","Unfall 113970 (2019) Kat:3, Licht: 2","113970","3","4","6","07","02","7","0","2","0","1","1","0"
"POINT (6.831043732000069 51.066216858000075)","Unfall 114072 (2019) Kat:3, Licht: 0","114072","3","6","1","07","14","5","0","0","0","0","0","0"
"POINT (6.992988186000048 50.915098275000048)","Unfall 114127 (2019) Kat:3, Licht: 0","114127","3","4","6","07","08","4","0","0","0","1","1","0"
"POINT (6.845743286000072 50.917982746000064)","Unfall 114128 (2019) Kat:3, Licht: 0","114128","3","6","2","07","14","4","0","0","0","1","0","0"
"POINT (6.915266740000050 50.951133468000080)","Unfall 114129 (2019) Kat:3, Licht: 0","114129","3","3","5","07","05","4","0","0","1","1","0","0"
"POINT (6.936031207000042 50.878581168000039)","Unfall 114130 (2019) Kat:2, Licht: 0","114130","2","1","0","07","12","4","0","0","1","0","0","0"
"POINT (6.951172785000040 50.935402788000033)","Unfall 114131 (2019) Kat:3, Licht: 0","114131","3","2","3","07","14","4","0","0","1","1","0","0"
"POINT (7.038400863000049 50.864271763000033)","Unfall 114236 (2019) Kat:3, Licht: 0","114236","3","6","2","07","07","3","0","0","0","1","0","0"
"POINT (6.999693843000046 50.954882550000036)","Unfall 114237 (2019) Kat:3, Licht: 0","114237","3","3","0","07","17","3","0","0","1","1","0","0"
"POINT (6.875575626000057 51.022228074000054)","Unfall 114238 (2019) Kat:3, Licht: 2","114238","3","7","8","07","01","3","0","2","0","1","0","0"
"POINT (6.933635033000030 50.949239102000035)","Unfall 114239 (2019) Kat:3, Licht: 0","114239","3","6","3","07","14","3","0","0","0","1","0","0"
"POINT (6.924973890000047 50.859206761000053)","Unfall 114240 (2019) Kat:3, Licht: 0","114240","3","1","0","07","14","3","0","0","1","0","0","0"
"POINT (6.953167030000031 50.935258331000057)","Unfall 114241 (2019) Kat:2, Licht: 0","114241","2","3","0","07","17","3","0","0","0","1","0","1"
"POINT (6.955269347000069 50.956959214000051)","Unfall 114275 (2019) Kat:2, Licht: 0","114275","2","2","3","07","14","1","0","0","1","1","0","0"
"POINT (6.902261586000066 50.998638293000056)","Unfall 114276 (2019) Kat:3, Licht: 0","114276","3","2","5","07","11","1","0","0","1","1","0","0"
"POINT (6.963026460000037 50.933793895000065)","Unfall 114278 (2019) Kat:3, Licht: 0","114278","3","1","1","07","15","1","0","0","1","0","0","0"
"POINT (6.887159250000025 50.932220842000049)","Unfall 114331 (2019) Kat:2, Licht: 1","114331","2","1","8","07","05","7","1","1","0","1","0","0"
"POINT (6.950123722000058 50.935471272000029)","Unfall 114332 (2019) Kat:3, Licht: 0","114332","3","3","5","07","17","7","0","0","1","1","0","0"
"POINT (6.939248491000058 50.937844662000032)","Unfall 114333 (2019) Kat:3, Licht: 2","114333","3","4","6","07","00","7","0","2","1","0","1","0"
"POINT (6.953479528000059 51.030095319000054)","Unfall 114395 (2019) Kat:3, Licht: 1","114395","3","7","8","07","04","7","1","1","0","1","0","0"
"POINT (7.048767263000059 50.870343145000049)","Unfall 114431 (2019) Kat:3, Licht: 0","114431","3","4","6","07","20","6","1","0","0","1","1","0"
"POINT (6.971309831000042 50.938559955000073)","Unfall 114432 (2019) Kat:3, Licht: 0","114432","3","2","5","07","13","6","0","0","1","1","0","0"
"POINT (6.913130265000063 50.936776683000062)","Unfall 114433 (2019) Kat:2, Licht: 0","114433","2","1","0","07","17","6","0","0","1","1","0","0"
"POINT (6.986593007000067 50.899144546000059)","Unfall 114434 (2019) Kat:3, Licht: 2","114434","3","5","4","07","00","6","0","2","1","0","0","0"
"POINT (6.890417554000067 50.924678670000048)","Unfall 114435 (2019) Kat:3, Licht: 0","114435","3","2","5","07","18","6","1","0","1","1","0","0"
"POINT (6.953117192000036 50.935104282000054)","Unfall 114436 (2019) Kat:3, Licht: 0","114436","3","6","4","07","15","6","0","0","0","1","0","0"
"POINT (7.005087403000061 50.974979910000059)","Unfall 114545 (2019) Kat:3, Licht: 0","114545","3","3","5","07","18","5","0","0","1","1","0","0"
"POINT (7.055320654000070 50.890974732000075)","Unfall 114608 (2019) Kat:3, Licht: 0","114608","3","1","0","07","09","4","0","0","1","0","0","0"
"POINT (7.075064864000069 50.945302949000052)","Unfall 114609 (2019) Kat:3, Licht: 0","114609","3","5","3","07","13","4","0","0","1","1","0","0"
"POINT (7.000648349000073 50.937697883000055)","Unfall 114610 (2019) Kat:3, Licht: 0","114610","3","5","3","07","17","4","0","0","1","1","0","0"
"POINT (7.012861301000044 50.962964247000059)","Unfall 114611 (2019) Kat:3, Licht: 0","114611","3","2","5","07","09","4","0","0","1","1","0","0"
"POINT (6.954434709000054 50.961193851000075)","Unfall 114612 (2019) Kat:3, Licht: 0","114612","3","2","3","07","13","4","0","0","1","1","0","0"
"POINT (6.852593874000036 50.919461612000077)","Unfall 114613 (2019) Kat:3, Licht: 0","114613","3","3","5","07","06","4","0","0","1","1","0","0"
"POINT (6.927580288000058 50.895839449000050)","Unfall 114614 (2019) Kat:3, Licht: 0","114614","3","2","5","07","11","4","0","0","1","1","0","0"
"POINT (6.976917235000030 50.845436045000042)","Unfall 114615 (2019) Kat:3, Licht: 0","114615","3","7","0","07","14","4","0","0","0","1","0","1"
"POINT (6.849389682000037 50.941787553000040)","Unfall 114670 (2019) Kat:3, Licht: 2","114670","3","6","2","07","02","4","0","2","0","1","0","0"
"POINT (7.045955208000066 50.942043530000035)","Unfall 114697 (2019) Kat:3, Licht: 0","114697","3","3","5","07","18","3","0","0","1","0","0","0"
"POINT (7.029721198000061 50.940256661000035)","Unfall 114698 (2019) Kat:3, Licht: 0","114698","3","3","5","07","16","3","0","0","0","1","0","1"
"POINT (6.989832614000022 50.917070606000038)","Unfall 114699 (2019) Kat:3, Licht: 0","114699","3","2","5","07","17","3","0","0","0","1","0","1"
"POINT (6.999695350000025 50.954884981000077)","Unfall 114700 (2019) Kat:3, Licht: 0","114700","3","3","5","07","17","3","0","0","1","1","0","0"
"POINT (6.996748674000060 50.963935645000049)","Unfall 114701 (2019) Kat:2, Licht: 0","114701","2","1","0","07","16","3","0","0","1","0","0","0"
"POINT (6.951218523000023 50.972687017000055)","Unfall 114702 (2019) Kat:3, Licht: 0","114702","3","3","5","07","18","3","0","0","1","1","0","0"
"POINT (6.839433500000041 50.967780791000052)","Unfall 114703 (2019) Kat:3, Licht: 0","114703","3","3","5","07","17","3","0","0","1","1","0","0"
"POINT (6.938554423000028 50.953230805000032)","Unfall 114704 (2019) Kat:3, Licht: 0","114704","3","6","3","07","09","3","0","0","1","0","0","0"
"POINT (6.925334606000035 50.939454707000039)","Unfall 114705 (2019) Kat:2, Licht: 0","114705","2","6","3","07","16","3","0","0","1","0","0","0"
"POINT (7.059202409000022 50.951609555000061)","Unfall 114763 (2019) Kat:3, Licht: 0","114763","3","1","9","07","13","3","0","0","0","0","0","1"
"POINT (7.045516429000031 50.941942437000080)","Unfall 114797 (2019) Kat:3, Licht: 0","114797","3","6","6","07","20","2","0","0","1","0","1","0"
"POINT (6.976597924000032 50.953895048000049)","Unfall 114798 (2019) Kat:3, Licht: 0","114798","3","6","4","07","16","2","0","0","1","0","0","0"
"POINT (6.928541754000037 50.916832943000031)","Unfall 114799 (2019) Kat:3, Licht: 0","114799","3","7","5","07","09","2","0","0","0","0","0","0"
"POINT (7.054789143000050 50.907596096000077)","Unfall 114842 (2019) Kat:3, Licht: 0","114842","3","7","8","07","06","2","0","0","0","1","0","0"
"POINT (6.983467789000031 50.944216596000047)","Unfall 114890 (2019) Kat:2, Licht: 0","114890","2","3","5","07","12","7","0","0","0","0","0","1"
"POINT (7.005047941000044 50.975755584000069)","Unfall 114891 (2019) Kat:2, Licht: 0","114891","2","3","5","07","19","7","1","0","0","1","0","0"
"POINT (6.858982240000046 50.975625731000036)","Unfall 114892 (2019) Kat:3, Licht: 0","114892","3","2","5","07","19","7","1","0","0","1","0","0"
"POINT (6.924531047000073 50.936806684000032)","Unfall 114893 (2019) Kat:3, Licht: 0","114893","3","6","1","07","13","7","0","0","0","1","0","1"
"POINT (6.921725408000043 50.936753323000062)","Unfall 114894 (2019) Kat:2, Licht: 2","114894","2","7","0","07","01","7","0","2","0","0","0","0"
"POINT (6.890417554000067 50.924678670000048)","Unfall 114895 (2019) Kat:2, Licht: 2","114895","2","3","5","07","04","7","0","2","0","1","0","0"
"POINT (6.939178043000027 50.934839386000078)","Unfall 114896 (2019) Kat:3, Licht: 2","114896","3","5","1","07","03","7","0","2","1","1","0","0"
"POINT (7.040205627000034 50.918918383000062)","Unfall 114953 (2019) Kat:3, Licht: 0","114953","3","6","2","07","16","7","1","0","0","1","0","0"
"POINT (7.013566333000028 51.001599342000077)","Unfall 114954 (2019) Kat:3, Licht: 0","114954","3","6","2","07","12","7","0","0","0","1","0","0"
"POINT (6.829935849000037 50.928816949000066)","Unfall 114956 (2019) Kat:3, Licht: 0","114956","3","6","1","07","15","7","0","0","0","1","0","0"
"POINT (6.883460046000039 51.002749873000027)","Unfall 114957 (2019) Kat:3, Licht: 0","114957","3","6","2","07","14","7","0","0","0","1","0","0"
"POINT (7.095963085000051 50.844838571000082)","Unfall 115003 (2019) Kat:3, Licht: 0","115003","3","3","5","07","11","6","0","0","0","1","0","0"
"POINT (6.973372685000072 50.939896693000037)","Unfall 115004 (2019) Kat:3, Licht: 0","115004","3","6","3","07","14","6","0","0","0","1","0","1"
"POINT (6.930089800000076 50.944497745000035)","Unfall 115005 (2019) Kat:2, Licht: 0","115005","2","2","3","07","08","6","1","0","1","0","0","0"
"POINT (6.846650650000072 50.928293903000053)","Unfall 115039 (2019) Kat:3, Licht: 0","115039","3","6","3","07","10","2","0","0","0","1","0","0"
"POINT (6.882972153000026 51.003147349000074)","Unfall 115041 (2019) Kat:3, Licht: 0","115041","3","6","2","07","17","2","0","0","0","1","0","0"
"POINT (7.030257051000035 50.968981256000063)","Unfall 115094 (2019) Kat:3, Licht: 0","115094","3","3","3","07","19","6","0","0","0","1","0","0"
"POINT (6.924516184000026 50.891518298000051)","Unfall 115096 (2019) Kat:3, Licht: 0","115096","3","6","2","07","13","6","0","0","0","1","0","0"
"POINT (6.858609243000046 50.921223365000060)","Unfall 115098 (2019) Kat:3, Licht: 0","115098","3","6","2","07","14","6","0","0","0","1","0","0"
"POINT (6.940416702000050 50.928041559000064)","Unfall 115111 (2019) Kat:2, Licht: 2","115111","2","7","4","07","02","1","0","2","0","1","0","0"