WKT,Name,OBJECTID,UKATEGORIE,UTYP1,UART,UMONAT,USTUNDE,UWOCHENTAG,STRZUSTAND,ULICHTVERH,ISTRAD,ISTPKW,ISTFUSS,ISTKRAD
"POINT (6.935576393000076 50.942239142000062)","Unfall 115113 (2019) Kat:2, Licht: 2","115113","2","7","0","07","00","1","0","2","0","0","0","0"
"POINT (7.093919080000035 50.930180795000069)","Unfall 115158 (2019) Kat:3, Licht: 0","115158","3","6","2","07","18","5","0","0","0","1","0","0"
"POINT (6.974017625000045 50.956213135000041)","Unfall 115160 (2019) Kat:2, Licht: 0","115160","2","3","5","07","08","5","0","0","1","1","0","0"
"POINT (6.948465995000049 50.894075017000034)","Unfall 115162 (2019) Kat:3, Licht: 0","115162","3","7","0","07","09","5","0","0","0","0","0","0"
"POINT (6.937709217000077 50.925470835000056)","Unfall 115164 (2019) Kat:3, Licht: 0","115164","3","6","3","07","18","5","0","0","0","1","0","0"
"POINT (7.099187247000032 50.916710295000030)","Unfall 115189 (2019) Kat:3, Licht: 0","115189","3","6","2","07","17","1","0","0","0","1","0","0"
"POINT (7.038243846000057 50.918578478000029)","Unfall 115191 (2019) Kat:3, Licht: 0","115191","3","6","2","07","10","1","0","0","0","1","0","0"
"POINT (7.002058958000021 50.909155531000067)","Unfall 115192 (2019) Kat:3, Licht: 0","115192","3","6","2","07","11","1","0","0","0","1","0","0"
"POINT (6.977242104000027 50.953306008000027)","Unfall 115243 (2019) Kat:2, Licht: 2","115243","2","1","0","07","22","4","0","2","0","0","0","1"
"POINT (6.955610873000069 50.957372662000068)","Unfall 115244 (2019) Kat:3, Licht: 0","115244","3","1","0","07","06","4","0","0","1","0","0","0"
"POINT (6.920397465000065 50.953724897000029)","Unfall 115245 (2019) Kat:3, Licht: 2","115245","3","1","0","07","00","4","0","2","1","0","0","0"
"POINT (6.887159250000025 50.932220842000049)","Unfall 115246 (2019) Kat:3, Licht: 0","115246","3","1","9","07","13","4","0","0","0","1","0","0"
"POINT (6.976612996000029 50.953885435000075)","Unfall 115347 (2019) Kat:1, Licht: 0","115347","1","1","0","07","11","3","0","0","0","0","0","1"
"POINT (6.835289143000068 50.938367509000045)","Unfall 115348 (2019) Kat:3, Licht: 0","115348","3","5","1","07","09","3","0","0","1","0","0","0"
"POINT (6.947221116000037 50.935660996000081)","Unfall 115349 (2019) Kat:3, Licht: 0","115349","3","4","0","07","12","3","0","0","0","0","1","0"
"POINT (7.050273920000052 50.942925429000070)","Unfall 115419 (2019) Kat:3, Licht: 0","115419","3","3","1","07","16","5","0","0","1","1","0","0"
"POINT (6.868497495000042 50.958734322000055)","Unfall 115421 (2019) Kat:3, Licht: 0","115421","3","6","2","07","13","5","0","0","0","1","0","0"
"POINT (6.894983579000041 50.937214235000056)","Unfall 115423 (2019) Kat:2, Licht: 2","115423","2","1","9","07","04","5","0","2","1","0","0","0"
"POINT (6.903023587000064 50.956724982000026)","Unfall 115425 (2019) Kat:3, Licht: 0","115425","3","7","0","07","19","5","0","0","0","0","0","0"
"POINT (6.916093607000050 50.930670681000038)","Unfall 115428 (2019) Kat:3, Licht: 2","115428","3","1","0","07","22","5","0","2","1","0","0","0"
"POINT (6.908050098000047 50.934383350000076)","Unfall 115430 (2019) Kat:3, Licht: 0","115430","3","3","5","07","17","5","0","0","0","1","0","0"
"POINT (7.041291361000049 50.929239784000060)","Unfall 115471 (2019) Kat:3, Licht: 0","115471","3","5","1","07","14","2","0","0","0","1","0","0"
"POINT (7.105898952000075 50.881071738000060)","Unfall 115473 (2019) Kat:2, Licht: 0","115473","2","1","0","07","11","2","0","0","1","0","0","0"
"POINT (6.981408153000075 50.937280934000057)","Unfall 115475 (2019) Kat:3, Licht: 0","115475","3","6","2","07","14","2","0","0","0","1","0","0"
"POINT (6.912129303000029 50.999863791000053)","Unfall 115477 (2019) Kat:3, Licht: 0","115477","3","2","3","07","20","2","0","0","0","1","0","0"
"POINT (6.936317723000059 50.941827143000069)","Unfall 115479 (2019) Kat:3, Licht: 0","115479","3","2","2","07","20","2","0","0","1","0","0","0"
"POINT (6.962976275000074 50.935388169000078)","Unfall 115481 (2019) Kat:2, Licht: 0","115481","2","6","3","07","19","2","0","0","0","1","0","1"
"POINT (6.966632472000072 50.923561089000032)","Unfall 115483 (2019) Kat:3, Licht: 0","115483","3","4","6","07","18","2","0","0","1","0","1","0"
"POINT (7.075451443000077 50.902680131000068)","Unfall 115597 (2019) Kat:3, Licht: 0","115597","3","6","1","07","17","2","0","0","0","1","0","0"
"POINT (7.065149110000050 50.839205401000072)","Unfall 115661 (2019) Kat:3, Licht: 0","115661","3","6","4","07","12","7","0","0","0","1","0","0"
"POINT (6.954722868000033 50.995908373000077)","Unfall 115662 (2019) Kat:3, Licht: 0","115662","3","1","0","07","13","7","0","0","1","0","0","0"
"POINT (6.871675425000035 50.976360028000045)","Unfall 115663 (2019) Kat:3, Licht: 0","115663","3","6","2","07","08","7","0","0","0","1","0","0"
"POINT (6.932533971000055 50.943697763000046)","Unfall 115664 (2019) Kat:2, Licht: 0","115664","2","3","5","07","16","7","0","0","1","1","0","0"
"POINT (6.937656487000027 50.936485351000044)","Unfall 115665 (2019) Kat:3, Licht: 0","115665","3","1","0","07","17","7","1","0","1","0","0","0"
"POINT (7.031540475000043 50.966405465000037)","Unfall 115710 (2019) Kat:3, Licht: 0","115710","3","6","2","07","16","7","1","0","0","1","0","0"
"POINT (7.034894658000042 50.931631560000028)","Unfall 115760 (2019) Kat:3, Licht: 0","115760","3","7","2","07","08","6","0","0","0","1","1","0"
"POINT (6.938950214000045 50.968225328000074)","Unfall 115761 (2019) Kat:3, Licht: 0","115761","3","1","0","07","19","6","0","0","0","0","0","1"
"POINT (6.852773814000045 50.977481613000066)","Unfall 115763 (2019) Kat:3, Licht: 0","115763","3","3","5","07","09","6","0","0","1","1","0","0"
"POINT (7.075226900000075 50.924055126000042)","Unfall 115798 (2019) Kat:3, Licht: 0","115798","3","3","5","07","18","2","0","0","0","1","0","1"
"POINT (7.027678368000068 50.942797760000076)","Unfall 115800 (2019) Kat:3, Licht: 0","115800","3","2","5","07","16","2","0","0","1","0","0","0"
"POINT (7.031316911000033 50.937519316000078)","Unfall 115802 (2019) Kat:3, Licht: 0","115802","3","1","0","07","15","2","0","0","0","0","0","1"
"POINT (6.925812275000055 50.945996414000035)","Unfall 115804 (2019) Kat:2, Licht: 0","115804","2","7","0","07","15","2","0","0","1","0","0","0"
"POINT (6.918463096000039 50.936630107000042)","Unfall 115806 (2019) Kat:3, Licht: 0","115806","3","3","3","07","09","2","0","0","1","0","0","0"
"POINT (6.939353185000073 50.927034650000053)","Unfall 115807 (2019) Kat:3, Licht: 0","115807","3","3","5","07","06","2","1","0","1","1","0","0"
"POINT (7.047627853000051 50.935834152000041)","Unfall 115900 (2019) Kat:3, Licht: 0","115900","3","6","1","07","17","6","0","0","0","1","0","0"
"POINT (6.865734627000052 50.970813591000081)","Unfall 115965 (2019) Kat:2, Licht: 0","115965","2","2","0","07","16","1","1","0","1","0","1","0"
"POINT (7.067695454000045 50.949722059000067)","Unfall 115976 (2019) Kat:3, Licht: 0","115976","3","1","8","08","06","5","0","0","0","1","0","0"
"POINT (6.968871645000036 50.882941100000039)","Unfall 115977 (2019) Kat:3, Licht: 0","115977","3","6","2","08","16","5","0","0","0","1","0","0"
"POINT (7.101519480000036 50.916149899000061)","Unfall 116012 (2019) Kat:3, Licht: 0","116012","3","1","9","07","14","4","0","0","0","1","0","0"
"POINT (6.957226674000026 50.953609022000080)","Unfall 116013 (2019) Kat:3, Licht: 0","116013","3","5","1","07","15","4","0","0","0","1","0","0"
"POINT (6.926610772000061 50.942717080000079)","Unfall 116142 (2019) Kat:2, Licht: 0","116142","2","1","0","08","18","6","0","0","1","0","0","0"
"POINT (7.101835027000050 50.919452528000079)","Unfall 116224 (2019) Kat:3, Licht: 0","116224","3","6","2","07","17","3","0","0","0","1","0","0"
"POINT (7.083498165000037 50.869512248000035)","Unfall 116226 (2019) Kat:3, Licht: 0","116226","3","3","5","07","16","3","0","0","1","1","0","0"
"POINT (7.111160744000074 50.847472383000081)","Unfall 116228 (2019) Kat:3, Licht: 0","116228","3","3","5","07","17","3","0","0","1","0","0","0"
"POINT (6.918673044000059 51.018277010000077)","Unfall 116231 (2019) Kat:3, Licht: 0","116231","3","3","5","07","16","3","0","0","1","1","0","0"
"POINT (6.903145515000063 50.937209958000039)","Unfall 116233 (2019) Kat:3, Licht: 0","116233","3","6","2","07","17","3","0","0","1","1","0","0"
"POINT (6.882575177000035 50.937582423000038)","Unfall 116235 (2019) Kat:3, Licht: 0","116235","3","3","0","07","10","3","0","0","1","1","0","0"
"POINT (6.939150628000050 50.934944480000070)","Unfall 116237 (2019) Kat:3, Licht: 0","116237","3","6","2","07","11","3","0","0","0","1","0","0"
"POINT (6.881658717000050 51.004105771000070)","Unfall 116239 (2019) Kat:3, Licht: 0","116239","3","6","1","08","13","6","0","0","0","1","0","0"
"POINT (6.962735764000058 50.930332400000054)","Unfall 116240 (2019) Kat:3, Licht: 0","116240","3","3","5","07","15","3","0","0","1","0","0","0"
"POINT (7.097607072000074 50.920095703000072)","Unfall 116298 (2019) Kat:3, Licht: 0","116298","3","2","2","08","13","5","0","0","0","1","0","0"
"POINT (6.893936446000055 51.048030138000058)","Unfall 116300 (2019) Kat:2, Licht: 0","116300","2","6","3","08","10","5","0","0","0","1","0","0"
"POINT (7.000326756000050 50.907755879000035)","Unfall 116398 (2019) Kat:3, Licht: 0","116398","3","7","1","07","18","3","0","0","0","1","0","0"
"POINT (7.006433312000070 50.924912742000060)","Unfall 116426 (2019) Kat:3, Licht: 0","116426","3","6","2","08","15","3","0","0","0","1","0","0"
"POINT (6.982781712000076 50.935548074000053)","Unfall 116427 (2019) Kat:2, Licht: 0","116427","2","1","9","08","15","3","0","0","0","1","0","0"
"POINT (6.841008928000065 51.034091594000074)","Unfall 116428 (2019) Kat:3, Licht: 0","116428","3","6","2","08","15","3","0","0","0","1","0","0"
"POINT (6.870151863000046 50.990580062000049)","Unfall 116429 (2019) Kat:2, Licht: 0","116429","2","6","3","08","13","3","0","0","0","1","0","1"
"POINT (6.954829470000050 50.998610096000050)","Unfall 116450 (2019) Kat:3, Licht: 0","116450","3","1","0","08","14","5","1","0","1","0","0","0"
"POINT (6.939327911000021 50.938181093000026)","Unfall 116452 (2019) Kat:3, Licht: 0","116452","3","7","0","08","12","5","0","0","0","1","0","0"
"POINT (7.006703793000042 50.969467057000031)","Unfall 116495 (2019) Kat:3, Licht: 0","116495","3","1","0","08","09","2","1","0","1","0","0","0"
"POINT (6.992691292000075 50.926560667000047)","Unfall 116560 (2019) Kat:2, Licht: 0","116560","2","6","2","08","16","5","0","0","0","1","0","0"
"POINT (6.919016869000075 51.013081960000079)","Unfall 116589 (2019) Kat:3, Licht: 0","116589","3","6","2","08","14","2","0","0","0","0","0","0"
"POINT (6.940620479000074 50.885540573000071)","Unfall 116590 (2019) Kat:3, Licht: 0","116590","3","7","9","08","13","2","0","0","0","1","0","0"
"POINT (6.952444917000037 50.969833839000046)","Unfall 116627 (2019) Kat:2, Licht: 0","116627","2","2","5","08","12","4","0","0","1","1","0","0"
"POINT (6.856638486000065 50.920272151000063)","Unfall 116628 (2019) Kat:3, Licht: 0","116628","3","3","5","08","14","4","0","0","0","1","0","0"
"POINT (6.925611958000047 50.939729989000057)","Unfall 116629 (2019) Kat:3, Licht: 2","116629","3","3","5","08","05","4","0","2","0","1","0","0"
"POINT (6.921934917000044 50.910580139000047)","Unfall 116630 (2019) Kat:3, Licht: 0","116630","3","6","3","08","14","4","0","0","1","1","0","0"
"POINT (6.939969096000027 50.940539929000067)","Unfall 116631 (2019) Kat:3, Licht: 0","116631","3","4","6","08","19","4","1","0","1","0","1","0"
"POINT (7.015688778000026 50.951779161000047)","Unfall 116662 (2019) Kat:3, Licht: 0","116662","3","3","5","08","13","1","0","0","0","1","0","0"
"POINT (6.844885647000069 50.917951237000068)","Unfall 116663 (2019) Kat:3, Licht: 0","116663","3","6","2","08","17","1","0","0","1","1","0","0"
"POINT (7.001782482000067 50.869411542000080)","Unfall 116665 (2019) Kat:3, Licht: 0","116665","3","6","2","08","13","1","0","0","0","1","0","0"
"POINT (6.908759701000065 50.928400008000040)","Unfall 116668 (2019) Kat:3, Licht: 0","116668","3","1","8","08","05","1","0","0","0","1","0","0"
"POINT (6.939609418000032 50.939144026000065)","Unfall 116670 (2019) Kat:2, Licht: 2","116670","2","7","6","08","03","1","0","2","0","1","1","0"
"POINT (6.938981978000072 50.936412873000052)","Unfall 116672 (2019) Kat:3, Licht: 2","116672","3","7","0","08","02","1","0","2","0","0","0","0"
"POINT (7.096045876000062 50.864236098000049)","Unfall 116734 (2019) Kat:3, Licht: 0","116734","3","6","2","08","08","4","0","0","0","1","0","0"
"POINT (7.031679112000063 50.913278742000045)","Unfall 116736 (2019) Kat:3, Licht: 0","116736","3","6","3","08","16","4","0","0","0","1","0","0"
"POINT (7.088742171000035 50.950984665000078)","Unfall 116739 (2019) Kat:3, Licht: 0","116739","3","6","3","08","17","4","0","0","0","1","0","0"
"POINT (7.046210305000045 50.937416992000067)","Unfall 116750 (2019) Kat:3, Licht: 0","116750","3","6","2","08","15","1","0","0","0","1","0","0"
"POINT (7.004076854000061 50.909491795000065)","Unfall 116812 (2019) Kat:2, Licht: 2","116812","2","7","5","08","01","7","1","2","0","1","0","0"
"POINT (6.999310139000045 50.989422518000026)","Unfall 116814 (2019) Kat:3, Licht: 0","116814","3","2","5","08","18","7","0","0","0","1","0","0"
"POINT (6.909369496000068 50.954637707000074)","Unfall 116816 (2019) Kat:3, Licht: 1","116816","3","3","5","08","21","7","0","1","0","1","0","0"
"POINT (7.082355994000068 50.881528698000068)","Unfall 116823 (2019) Kat:3, Licht: 2","116823","3","6","1","08","20","3","1","2","0","1","0","0"
"POINT (7.003017980000038 50.947008977000053)","Unfall 116825 (2019) Kat:3, Licht: 0","116825","3","6","2","08","16","3","0","0","0","1","0","0"
"POINT (7.014127140000028 50.952967306000062)","Unfall 116828 (2019) Kat:3, Licht: 0","116828","3","7","0","08","15","3","0","0","0","0","1","0"
"POINT (6.980739272000051 50.965047363000053)","Unfall 116830 (2019) Kat:2, Licht: 0","116830","2","6","8","08","19","3","1","0","0","1","0","0"
"POINT (6.886548377000054 50.937628910000058)","Unfall 116832 (2019) Kat:3, Licht: 0","116832","3","6","2","08","15","3","0","0","1","0","0","0"
"POINT (6.958747942000059 50.950134321000064)","Unfall 116834 (2019) Kat:3, Licht: 0","116834","3","6","3","08","14","3","0","0","0","1","0","1"
"POINT (6.972183051000059 50.886753901000077)","Unfall 116890 (2019) Kat:2, Licht: 0","116890","2","6","1","08","15","2","1","0","0","1","0","0"
"POINT (7.024998467000046 50.965448519000063)","Unfall 116933 (2019) Kat:3, Licht: 0","116933","3","1","0","08","17","1","0","0","1","0","0","0"
"POINT (6.959033491000071 50.950972257000046)","Unfall 116935 (2019) Kat:3, Licht: 2","116935","3","1","0","08","23","1","0","2","1","0","0","0"
"POINT (7.012284590000036 50.994354181000062)","Unfall 116973 (2019) Kat:2, Licht: 0","116973","2","6","2","08","16","4","0","0","0","1","0","0"
"POINT (6.861660332000042 50.987579419000042)","Unfall 116977 (2019) Kat:3, Licht: 0","116977","3","6","2","08","17","4","0","0","0","1","0","0"
"POINT (6.923046255000031 50.892559208000080)","Unfall 116999 (2019) Kat:2, Licht: 2","116999","2","1","9","08","04","1","0","2","0","1","0","0"
"POINT (7.010847688000069 50.957752670000048)","Unfall 117040 (2019) Kat:3, Licht: 0","117040","3","6","2","08","14","3","0","0","0","1","0","1"
"POINT (6.996548424000025 50.963903730000027)","Unfall 117042 (2019) Kat:3, Licht: 0","117042","3","6","2","08","18","7","0","0","0","1","0","1"
"POINT (7.003848433000030 50.961860697000077)","Unfall 117043 (2019) Kat:3, Licht: 0","117043","3","4","6","08","15","3","0","0","1","0","1","0"
"POINT (6.908697308000058 50.937103959000069)","Unfall 117046 (2019) Kat:3, Licht: 0","117046","3","4","6","08","17","3","0","0","1","0","1","0"
"POINT (6.920338444000038 50.932100172000048)","Unfall 117048 (2019) Kat:2, Licht: 0","117048","2","1","0","08","17","3","0","0","1","0","0","0"
"POINT (6.934211413000071 50.887657592000039)","Unfall 117147 (2019) Kat:3, Licht: 2","117147","3","7","3","08","03","7","1","2","0","1","0","0"
"POINT (6.995201259000055 51.003823555000054)","Unfall 117209 (2019) Kat:3, Licht: 0","117209","3","6","1","08","15","6","1","0","0","1","0","0"
"POINT (6.999311990000024 50.989410987000042)","Unfall 117210 (2019) Kat:3, Licht: 0","117210","3","6","2","08","10","6","0","0","0","1","0","0"
"POINT (6.858009573000061 50.932456720000062)","Unfall 117270 (2019) Kat:3, Licht: 0","117270","3","7","0","08","10","2","0","0","0","1","1","0"
"POINT (6.931061627000076 50.918950531000064)","Unfall 117273 (2019) Kat:3, Licht: 0","117273","3","6","2","08","11","2","0","0","1","1","0","0"
"POINT (6.940691812000068 50.936191448000045)","Unfall 117275 (2019) Kat:3, Licht: 0","117275","3","4","6","08","19","2","1","0","0","1","1","0"
"POINT (6.939108984000029 50.937212279000050)","Unfall 117310 (2019) Kat:3, Licht: 0","117310","3","1","0","08","19","4","0","0","1","0","0","0"
"POINT (7.105279227000040 50.883704514000044)","Unfall 117314 (2019) Kat:3, Licht: 2","117314","3","1","9","08","21","6","1","2","0","1","0","0"
"POINT (7.057769064000070 50.907519485000080)","Unfall 117316 (2019) Kat:3, Licht: 0","117316","3","1","9","08","17","6","1","0","0","1","0","0"
"POINT (6.966982003000055 50.863347606000048)","Unfall 117353 (2019) Kat:3, Licht: 0","117353","3","2","5","08","15","4","0","0","0","1","0","0"
"POINT (6.898310151000032 50.937322623000057)","Unfall 117391 (2019) Kat:2, Licht: 0","117391","2","3","5","08","19","4","0","0","1","0","0","0"
"POINT (7.012451850000048 50.995304772000054)","Unfall 117459 (2019) Kat:3, Licht: 0","117459","3","6","2","08","13","6","0","0","0","1","0","0"
"POINT (6.847831489000043 50.918427781000048)","Unfall 117460 (2019) Kat:3, Licht: 0","117460","3","3","5","08","17","6","0","0","1","1","0","0"
"POINT (6.903558839000027 50.937020917000041)","Unfall 117461 (2019) Kat:3, Licht: 0","117461","3","2","5","08","14","6","0","0","1","1","0","0"
"POINT (6.908372192000059 50.908468149000043)","Unfall 117462 (2019) Kat:2, Licht: 0","117462","2","6","3","08","11","6","0","0","1","0","0","0"
"POINT (6.920829171000037 50.914100307000069)","Unfall 117463 (2019) Kat:3, Licht: 0","117463","3","2","5","08","10","6","0","0","0","1","0","0"
"POINT (6.939069245000042 50.937032142000078)","Unfall 117563 (2019) Kat:3, Licht: 1","117563","3","4","6","08","19","5","1","1","1","0","1","0"
"POINT (6.917360154000050 50.949778262000052)","Unfall 117644 (2019) Kat:3, Licht: 0","117644","3","1","0","08","15","7","0","0","1","0","0","0"
"POINT (6.924078946000066 50.912315409000030)","Unfall 117647 (2019) Kat:3, Licht: 0","117647","3","1","0","08","19","7","1","0","0","1","0","1"
"POINT (7.073661989000073 50.919646712000031)","Unfall 117657 (2019) Kat:2, Licht: 0","117657","2","6","3","08","19","5","1","0","0","1","0","0"
"POINT (7.096410726000045 50.861337422000076)","Unfall 117723 (2019) Kat:3, Licht: 0","117723","3","6","2","08","07","3","0","0","0","1","0","0"
"POINT (6.873086469000043 51.010801766000043)","Unfall 117724 (2019) Kat:3, Licht: 0","117724","3","6","2","08","17","3","0","0","0","1","0","0"
"POINT (6.845911560000047 50.925580591000028)","Unfall 117725 (2019) Kat:3, Licht: 0","117725","3","6","2","08","09","4","0","0","0","1","0","0"
"POINT (7.046551109000063 50.970093943000052)","Unfall 117767 (2019) Kat:3, Licht: 0","117767","3","2","5","08","19","2","0","0","1","1","0","0"
"POINT (6.950417967000021 50.955657521000035)","Unfall 117768 (2019) Kat:3, Licht: 0","117768","3","5","1","08","15","2","0","0","1","1","0","0"
"POINT (6.951019397000039 50.973147776000076)","Unfall 117769 (2019) Kat:3, Licht: 0","117769","3","2","5","08","07","2","0","0","1","0","0","0"
"POINT (6.853822034000075 50.919702099000062)","Unfall 117770 (2019) Kat:3, Licht: 0","117770","3","7","5","08","09","2","0","0","1","1","0","0"
"POINT (6.885682859000042 50.924411767000038)","Unfall 117771 (2019) Kat:3, Licht: 0","117771","3","6","3","08","07","2","0","0","0","0","0","1"
"POINT (6.971369820000064 50.846801578000054)","Unfall 117772 (2019) Kat:3, Licht: 0","117772","3","6","3","08","16","2","0","0","0","1","0","1"
"POINT (6.939408339000067 50.934195714000055)","Unfall 117773 (2019) Kat:2, Licht: 0","117773","2","5","1","08","15","2","0","0","1","1","0","0"
"POINT (6.930755353000052 50.936583954000071)","Unfall 117774 (2019) Kat:3, Licht: 0","117774","3","7","7","08","13","2","0","0","1","0","0","0"
"POINT (6.850497345000065 50.955869337000081)","Unfall 117795 (2019) Kat:2, Licht: 0","117795","2","6","2","08","17","4","0","0","0","0","0","1"
"POINT (6.890607971000065 50.996870571000045)","Unfall 117813 (2019) Kat:3, Licht: 0","117813","3","2","2","08","18","3","0","0","0","1","0","0"
"POINT (6.932550598000034 50.888065635000032)","Unfall 117846 (2019) Kat:2, Licht: 2","117846","2","7","9","08","20","2","0","2","0","1","0","0"
"POINT (6.881968536000045 51.003939588000037)","Unfall 117847 (2019) Kat:3, Licht: 0","117847","3","6","3","08","09","2","0","0","0","1","0","0"
"POINT (6.852415223000037 50.938107651000053)","Unfall 117872 (2019) Kat:3, Licht: 0","117872","3","2","5","08","09","1","1","0","0","1","0","0"
"POINT (6.977425660000051 50.953367431000061)","Unfall 117921 (2019) Kat:3, Licht: 0","117921","3","6","2","08","08","3","0","0","0","1","0","0"
"POINT (6.952444917000037 50.969833839000046)","Unfall 117931 (2019) Kat:3, Licht: 0","117931","3","2","1","08","13","3","0","0","1","1","0","0"
"POINT (6.904121792000069 50.901428900000042)","Unfall 117934 (2019) Kat:3, Licht: 0","117934","3","6","3","08","17","3","0","0","1","0","0","0"
"POINT (6.936505627000031 50.936503611000035)","Unfall 117966 (2019) Kat:3, Licht: 1","117966","3","6","3","08","20","6","0","1","1","0","0","1"
"POINT (6.912970421000068 50.942832913000075)","Unfall 117971 (2019) Kat:3, Licht: 2","117971","3","6","0","08","23","6","0","2","0","0","1","0"
"POINT (6.928696647000038 50.959978171000046)","Unfall 118031 (2019) Kat:3, Licht: 0","118031","3","3","5","08","14","6","0","0","1","1","0","0"
"POINT (6.871293803000071 50.974956282000051)","Unfall 118061 (2019) Kat:3, Licht: 0","118061","3","6","4","08","11","5","0","0","0","1","0","0"
"POINT (6.926666055000055 50.945676412000068)","Unfall 118062 (2019) Kat:2, Licht: 0","118062","2","6","3","08","19","5","0","0","1","1","0","0"
"POINT (6.930799698000044 50.946950762000029)","Unfall 118063 (2019) Kat:3, Licht: 0","118063","3","6","3","08","19","5","0","0","0","1","0","0"
"POINT (6.963442051000072 50.950828645000058)","Unfall 118065 (2019) Kat:3, Licht: 2","118065","3","1","0","08","22","5","0","2","0","0","0","0"
"POINT (7.013664005000067 50.955765403000044)","Unfall 118074 (2019) Kat:3, Licht: 2","118074","3","7","1","08","01","6","0","2","0","1","0","0"
"POINT (6.955961114000047 50.935143538000034)","Unfall 118091 (2019) Kat:3, Licht: 2","118091","3","6","6","08","23","6","0","2","1","0","1","0"
"POINT (7.096541354000067 50.843473867000057)","Unfall 118146 (2019) Kat:3, Licht: 0","118146","3","6","2","08","15","5","0","0","0","1","0","0"
"POINT (6.908275881000066 50.936925811000037)","Unfall 118156 (2019) Kat:3, Licht: 2","118156","3","2","3","08","23","6","0","2","1","1","0","0"
"POINT (7.048770964000028 50.870350236000036)","Unfall 118197 (2019) Kat:2, Licht: 0","118197","2","4","6","08","11","4","0","0","0","1","1","0"
"POINT (6.940834266000024 50.931197630000042)","Unfall 118198 (2019) Kat:3, Licht: 0","118198","3","1","0","08","16","4","0","0","1","0","0","0"
"POINT (7.103366141000038 50.859020880000060)","Unfall 118201 (2019) Kat:3, Licht: 2","118201","3","6","0","08","21","6","0","2","1","1","0","0"
"POINT (6.896663437000029 50.925595797000028)","Unfall 118217 (2019) Kat:3, Licht: 0","118217","3","1","0","08","11","6","0","0","1","0","0","0"
"POINT (6.917414457000064 50.949743150000074)","Unfall 118262 (2019) Kat:3, Licht: 0","118262","3","7","2","08","16","2","0","0","1","1","0","0"
"POINT (7.054070450000040 50.921339564000050)","Unfall 118266 (2019) Kat:2, Licht: 0","118266","2","7","9","08","09","2","0","0","0","0","0","0"
"POINT (7.095968466000045 50.841780158000063)","Unfall 118267 (2019) Kat:3, Licht: 0","118267","3","6","2","08","16","2","0","0","0","1","0","1"
"POINT (7.085707121000041 50.922169296000050)","Unfall 118306 (2019) Kat:3, Licht: 0","118306","3","7","0","08","11","1","0","0","1","0","0","0"
"POINT (6.979396693000069 50.959038561000057)","Unfall 118308 (2019) Kat:3, Licht: 0","118308","3","6","0","08","16","1","0","0","1","0","0","0"
"POINT (6.917743706000067 51.019389778000061)","Unfall 118309 (2019) Kat:2, Licht: 0","118309","2","2","5","08","10","1","0","0","0","1","0","0"
"POINT (6.923865163000073 50.912440236000066)","Unfall 118310 (2019) Kat:3, Licht: 2","118310","3","3","5","08","02","1","0","2","0","1","0","0"
"POINT (7.094943795000063 50.846082110000054)","Unfall 118311 (2019) Kat:2, Licht: 0","118311","2","3","5","08","15","2","0","0","1","1","0","0"
"POINT (6.969117345000029 50.904287546000035)","Unfall 118312 (2019) Kat:3, Licht: 2","118312","3","7","0","08","03","1","0","2","1","0","0","0"
"POINT (6.955037762000075 51.002648058000034)","Unfall 118376 (2019) Kat:2, Licht: 0","118376","2","2","5","08","14","2","0","0","0","1","0","0"
"POINT (6.930338131000042 51.018409689000066)","Unfall 118389 (2019) Kat:2, Licht: 0","118389","2","1","8","08","07","1","0","0","0","1","0","0"
"POINT (7.055214466000052 50.890865646000066)","Unfall 118445 (2019) Kat:3, Licht: 0","118445","3","6","2","08","17","2","0","0","0","1","0","0"
"POINT (6.999310139000045 50.989422518000026)","Unfall 118447 (2019) Kat:3, Licht: 2","118447","3","2","5","08","01","7","0","2","0","1","0","0"
"POINT (6.953983913000059 50.963274535000039)","Unfall 118449 (2019) Kat:3, Licht: 0","118449","3","1","0","08","19","7","0","0","0","0","0","1"
"POINT (6.886449163000066 50.933740351000040)","Unfall 118450 (2019) Kat:3, Licht: 0","118450","3","3","5","08","10","7","0","0","1","0","0","1"
"POINT (6.966517174000046 50.950212238000063)","Unfall 118451 (2019) Kat:3, Licht: 2","118451","3","7","9","08","21","7","0","2","1","0","0","0"
"POINT (6.937890814000070 50.881932912000082)","Unfall 118462 (2019) Kat:2, Licht: 0","118462","2","6","2","08","16","2","0","0","0","1","0","0"
"POINT (6.877840275000040 51.059932961000072)","Unfall 118511 (2019) Kat:3, Licht: 0","118511","3","3","5","08","13","2","0","0","0","1","0","0"
"POINT (7.082356240000024 50.881527993000077)","Unfall 118614 (2019) Kat:3, Licht: 0","118614","3","4","6","08","14","4","0","0","0","1","1","0"
"POINT (7.103341078000028 50.880348066000067)","Unfall 118616 (2019) Kat:2, Licht: 2","118616","2","7","1","08","23","4","0","2","0","1","0","1"
"POINT (6.916772149000053 50.916960876000076)","Unfall 118617 (2019) Kat:3, Licht: 0","118617","3","3","1","08","14","4","0","0","1","1","0","0"