WKT,Name,OBJECTID,UKATEGORIE,UTYP1,UART,UMONAT,USTUNDE,UWOCHENTAG,STRZUSTAND,ULICHTVERH,ISTRAD,ISTPKW,ISTFUSS,ISTKRAD
"POINT (6.956245518000060 50.935028678000037)","Unfall 118619 (2019) Kat:3, Licht: 0","118619","3","2","5","08","13","4","0","0","1","0","0","0"
"POINT (7.012733893000075 50.974066114000038)","Unfall 118649 (2019) Kat:3, Licht: 0","118649","3","2","5","08","16","5","0","0","1","1","0","0"
"POINT (6.923158163000039 50.856717119000052)","Unfall 118725 (2019) Kat:3, Licht: 0","118725","3","3","5","08","15","5","0","0","1","1","0","0"
"POINT (7.054243997000071 50.879457500000058)","Unfall 118730 (2019) Kat:3, Licht: 0","118730","3","5","1","08","12","5","0","0","0","1","0","0"
"POINT (7.081658457000060 50.881516876000035)","Unfall 118787 (2019) Kat:3, Licht: 0","118787","3","3","5","08","09","3","0","0","1","1","0","0"
"POINT (6.912511085000062 50.945081809000044)","Unfall 118788 (2019) Kat:2, Licht: 0","118788","2","4","6","08","07","3","0","0","0","1","1","0"
"POINT (6.940391306000038 50.935749048000048)","Unfall 118790 (2019) Kat:3, Licht: 0","118790","3","5","0","08","15","3","0","0","1","1","0","0"
"POINT (6.941888430000063 50.944609643000035)","Unfall 118791 (2019) Kat:3, Licht: 0","118791","3","7","6","08","19","3","0","0","1","0","1","0"
"POINT (6.940748030000066 50.931392139000081)","Unfall 118793 (2019) Kat:3, Licht: 0","118793","3","7","0","08","10","3","0","0","0","0","0","0"
"POINT (7.085878366000031 50.987208417000033)","Unfall 118806 (2019) Kat:3, Licht: 0","118806","3","6","2","08","10","5","0","0","0","1","0","0"
"POINT (7.087956678000069 50.857682081000064)","Unfall 118866 (2019) Kat:3, Licht: 2","118866","3","4","6","08","20","5","0","2","0","1","1","0"
"POINT (6.911987759000056 50.953259166000066)","Unfall 118882 (2019) Kat:3, Licht: 0","118882","3","6","1","08","16","5","0","0","1","1","0","0"
"POINT (6.891316842000038 50.906754075000038)","Unfall 118885 (2019) Kat:3, Licht: 0","118885","3","6","2","08","18","5","0","0","0","1","0","0"
"POINT (7.031845361000023 50.965618104000043)","Unfall 118905 (2019) Kat:2, Licht: 2","118905","2","6","2","08","03","3","0","2","0","1","0","0"
"POINT (6.969596424000031 50.874457706000044)","Unfall 118906 (2019) Kat:3, Licht: 0","118906","3","6","2","08","14","3","0","0","0","1","0","0"
"POINT (6.966437982000059 50.922777013000029)","Unfall 118959 (2019) Kat:3, Licht: 0","118959","3","2","3","08","12","5","0","0","0","1","0","1"
"POINT (7.006561715000032 50.968416305000062)","Unfall 118964 (2019) Kat:2, Licht: 0","118964","2","5","3","08","19","5","0","0","0","1","0","1"
"POINT (7.010156100000074 51.030923690000066)","Unfall 119013 (2019) Kat:3, Licht: 0","119013","3","6","2","08","14","7","0","0","0","1","0","1"
"POINT (6.976698322000061 50.939667052000061)","Unfall 119041 (2019) Kat:3, Licht: 0","119041","3","3","0","08","18","6","0","0","1","1","0","0"
"POINT (6.999648527000034 50.986072756000056)","Unfall 119043 (2019) Kat:3, Licht: 0","119043","3","2","5","08","16","6","0","0","0","1","0","0"
"POINT (6.933297054000036 50.943365768000035)","Unfall 119045 (2019) Kat:3, Licht: 2","119045","3","1","0","08","01","6","0","2","1","0","0","0"
"POINT (6.966083393000076 50.881199638000055)","Unfall 119046 (2019) Kat:3, Licht: 0","119046","3","7","0","08","18","6","0","0","1","0","0","0"
"POINT (6.936893272000020 50.880270346000032)","Unfall 119049 (2019) Kat:3, Licht: 0","119049","3","2","2","08","14","6","0","0","0","1","0","0"
"POINT (6.912255609000056 50.906529249000073)","Unfall 119050 (2019) Kat:3, Licht: 2","119050","3","2","5","08","20","6","0","2","0","1","0","0"
"POINT (6.940610999000057 50.931131575000052)","Unfall 119052 (2019) Kat:2, Licht: 0","119052","2","1","0","08","15","6","0","0","1","0","0","0"
"POINT (7.083909764000055 50.862488821000056)","Unfall 119056 (2019) Kat:3, Licht: 2","119056","3","7","2","08","22","7","1","2","0","1","0","0"
"POINT (7.036268307000057 50.953176857000074)","Unfall 119073 (2019) Kat:3, Licht: 0","119073","3","6","2","08","16","7","0","0","0","1","0","0"
"POINT (6.831666957000039 51.065290979000054)","Unfall 119085 (2019) Kat:2, Licht: 2","119085","2","1","3","08","20","7","1","2","0","1","0","0"
"POINT (6.940166636000072 50.941474692000043)","Unfall 119112 (2019) Kat:3, Licht: 2","119112","3","1","8","08","23","7","0","2","1","0","0","0"
"POINT (6.909930672000030 50.954446549000068)","Unfall 119287 (2019) Kat:3, Licht: 2","119287","3","4","6","09","21","1","0","2","1","0","1","0"
"POINT (6.926734328000066 50.942608058000076)","Unfall 119289 (2019) Kat:2, Licht: 2","119289","2","3","5","09","04","1","0","2","1","1","0","0"
"POINT (6.988803265000058 50.867099468000049)","Unfall 119291 (2019) Kat:2, Licht: 0","119291","2","3","4","09","15","1","0","0","0","1","0","0"
"POINT (6.963026439000032 50.933848222000051)","Unfall 119293 (2019) Kat:2, Licht: 0","119293","2","4","6","09","13","1","0","0","0","1","1","0"
"POINT (6.886247817000026 50.934122030000026)","Unfall 119317 (2019) Kat:3, Licht: 0","119317","3","2","4","08","20","7","0","0","0","1","0","0"
"POINT (7.067015883000067 50.908077169000080)","Unfall 119394 (2019) Kat:3, Licht: 0","119394","3","6","2","09","08","5","0","0","0","1","0","0"
"POINT (7.057184695000046 50.910570765000045)","Unfall 119442 (2019) Kat:3, Licht: 0","119442","3","6","2","09","07","4","0","0","1","1","0","0"
"POINT (6.977249454000059 50.953301321000026)","Unfall 119443 (2019) Kat:2, Licht: 1","119443","2","6","2","09","06","4","0","1","0","1","0","0"
"POINT (6.979562921000024 50.887411956000051)","Unfall 119444 (2019) Kat:3, Licht: 2","119444","3","6","8","09","05","4","0","2","1","1","0","0"
"POINT (6.833511350000038 50.938388762000045)","Unfall 119445 (2019) Kat:3, Licht: 0","119445","3","1","0","09","12","4","0","0","1","0","0","0"
"POINT (6.937510340000074 50.925278844000047)","Unfall 119446 (2019) Kat:3, Licht: 0","119446","3","5","0","09","16","4","0","0","0","1","0","1"
"POINT (6.929433979000066 50.944704822000062)","Unfall 119447 (2019) Kat:3, Licht: 0","119447","3","6","2","09","13","4","0","0","0","1","0","1"
"POINT (7.027834741000049 50.942684847000066)","Unfall 119492 (2019) Kat:3, Licht: 0","119492","3","2","5","09","19","6","0","0","0","1","0","0"
"POINT (6.881229835000056 50.966454026000065)","Unfall 119494 (2019) Kat:3, Licht: 0","119494","3","6","2","09","14","6","0","0","0","1","0","0"
"POINT (6.838894970000069 50.967679610000062)","Unfall 119496 (2019) Kat:3, Licht: 0","119496","3","7","6","09","18","6","0","0","0","0","1","0"
"POINT (6.829178340000055 50.943002370000045)","Unfall 119498 (2019) Kat:3, Licht: 0","119498","3","3","5","09","10","6","0","0","1","1","0","0"
"POINT (6.888916578000021 50.937387189000049)","Unfall 119500 (2019) Kat:3, Licht: 0","119500","3","7","0","09","18","6","0","0","1","0","0","0"
"POINT (6.924787849000040 50.936754552000082)","Unfall 119502 (2019) Kat:3, Licht: 0","119502","3","6","2","09","17","6","0","0","0","1","0","0"
"POINT (6.879025714000022 50.987749215000065)","Unfall 119505 (2019) Kat:3, Licht: 0","119505","3","2","2","09","16","6","0","0","0","1","0","0"
"POINT (6.849427201000026 50.935528699000031)","Unfall 119517 (2019) Kat:2, Licht: 0","119517","2","6","2","09","07","4","0","0","0","1","0","0"
"POINT (6.903292469000064 50.987531092000040)","Unfall 119586 (2019) Kat:3, Licht: 0","119586","3","1","2","09","17","3","0","0","0","1","0","0"
"POINT (7.039668340000048 50.931119524000053)","Unfall 119589 (2019) Kat:3, Licht: 2","119589","3","1","8","09","05","3","0","2","0","1","0","0"
"POINT (6.926610772000061 50.942717080000079)","Unfall 119590 (2019) Kat:3, Licht: 0","119590","3","1","0","09","15","3","0","0","1","0","0","0"
"POINT (6.914924507000023 50.948397197000077)","Unfall 119592 (2019) Kat:3, Licht: 0","119592","3","2","5","09","11","3","0","0","0","1","0","0"
"POINT (6.829036718000054 50.942193942000074)","Unfall 119594 (2019) Kat:3, Licht: 0","119594","3","3","5","09","15","3","0","0","0","1","0","1"
"POINT (6.890655408000043 50.996716184000036)","Unfall 119695 (2019) Kat:3, Licht: 0","119695","3","6","2","09","13","3","0","0","0","1","0","0"
"POINT (7.054408713000044 50.879584426000065)","Unfall 119741 (2019) Kat:3, Licht: 0","119741","3","4","6","09","18","5","0","0","0","1","1","0"
"POINT (6.871675425000035 50.976360028000045)","Unfall 119743 (2019) Kat:2, Licht: 2","119743","2","1","9","09","21","5","0","2","0","1","0","0"
"POINT (6.977434441000071 50.953361838000035)","Unfall 119761 (2019) Kat:2, Licht: 0","119761","2","6","1","09","17","2","0","0","0","1","0","0"
"POINT (6.964701850000040 50.959204903000057)","Unfall 119763 (2019) Kat:3, Licht: 0","119763","3","6","3","09","08","2","0","0","0","1","0","1"
"POINT (6.882137583000031 50.937787717000049)","Unfall 119764 (2019) Kat:3, Licht: 1","119764","3","3","5","09","19","2","0","1","1","1","0","0"
"POINT (6.970608688000027 50.904576433000045)","Unfall 119766 (2019) Kat:3, Licht: 0","119766","3","5","1","09","16","2","0","0","0","1","0","0"
"POINT (7.065415226000027 50.837041786000043)","Unfall 119842 (2019) Kat:3, Licht: 0","119842","3","7","2","09","07","2","1","0","0","1","0","0"
"POINT (7.060502316000054 50.903181821000032)","Unfall 119843 (2019) Kat:3, Licht: 0","119843","3","6","3","09","11","2","0","0","0","1","0","0"
"POINT (6.977945348000048 50.936995733000060)","Unfall 119844 (2019) Kat:2, Licht: 0","119844","2","3","5","09","15","2","0","0","0","1","0","1"
"POINT (7.078466498000068 50.983272959000033)","Unfall 119845 (2019) Kat:3, Licht: 0","119845","3","6","2","09","08","2","0","0","0","1","0","0"
"POINT (6.969117345000029 50.904287546000035)","Unfall 119846 (2019) Kat:3, Licht: 0","119846","3","3","5","09","10","2","0","0","0","1","0","0"
"POINT (7.011074931000053 50.939358603000073)","Unfall 119970 (2019) Kat:3, Licht: 2","119970","3","7","2","09","20","1","1","2","0","1","0","0"
"POINT (6.891048070000068 50.921695775000046)","Unfall 119972 (2019) Kat:2, Licht: 2","119972","2","6","4","09","22","1","1","2","0","1","0","0"
"POINT (6.914103424000075 50.972139743000071)","Unfall 119974 (2019) Kat:2, Licht: 0","119974","2","2","4","09","15","1","0","0","0","1","0","1"
"POINT (7.005160857000021 50.870222748000060)","Unfall 119976 (2019) Kat:3, Licht: 0","119976","3","2","5","09","18","1","1","0","0","1","0","0"
"POINT (7.042407014000048 50.941339798000058)","Unfall 120006 (2019) Kat:3, Licht: 0","120006","3","6","1","09","13","4","0","0","0","1","0","0"
"POINT (7.076686553000059 50.923693222000054)","Unfall 120084 (2019) Kat:3, Licht: 0","120084","3","3","5","09","17","3","0","0","1","0","0","0"
"POINT (7.078896394000026 50.923488380000038)","Unfall 120086 (2019) Kat:3, Licht: 0","120086","3","2","3","09","11","3","0","0","1","1","0","0"
"POINT (7.017032649000043 50.940140412000062)","Unfall 120089 (2019) Kat:3, Licht: 0","120089","3","6","0","09","11","3","0","0","0","0","0","1"
"POINT (7.072505771000067 50.964628492000031)","Unfall 120091 (2019) Kat:3, Licht: 0","120091","3","3","5","09","07","3","0","0","0","1","0","1"
"POINT (6.955056558000024 50.958560714000043)","Unfall 120093 (2019) Kat:3, Licht: 0","120093","3","6","4","09","17","3","0","0","1","0","0","0"
"POINT (6.894830466000030 50.937398923000046)","Unfall 120095 (2019) Kat:3, Licht: 0","120095","3","2","5","09","16","3","0","0","1","1","0","0"
"POINT (6.873698668000031 50.937870193000037)","Unfall 120098 (2019) Kat:3, Licht: 0","120098","3","3","1","09","14","3","0","0","1","0","0","0"
"POINT (6.898784713000055 50.958333010000047)","Unfall 120100 (2019) Kat:3, Licht: 0","120100","3","2","5","09","17","3","0","0","0","1","0","1"
"POINT (6.915303435000055 50.949120723000078)","Unfall 120101 (2019) Kat:3, Licht: 0","120101","3","4","6","09","09","3","0","0","0","1","1","0"
"POINT (6.947189042000048 50.926278555000067)","Unfall 120103 (2019) Kat:3, Licht: 0","120103","3","1","0","09","13","3","0","0","0","0","0","1"
"POINT (7.029094463000035 50.900744878000069)","Unfall 120104 (2019) Kat:3, Licht: 0","120104","3","6","2","09","12","7","0","0","0","1","0","0"
"POINT (7.004078182000058 50.909490963000053)","Unfall 120106 (2019) Kat:3, Licht: 0","120106","3","6","2","09","11","7","0","0","0","1","0","0"
"POINT (7.005980274000024 50.964619082000070)","Unfall 120107 (2019) Kat:3, Licht: 0","120107","3","7","2","09","16","7","1","0","0","1","0","0"
"POINT (6.948124350000057 50.993510157000060)","Unfall 120110 (2019) Kat:3, Licht: 2","120110","3","1","0","09","20","7","1","2","0","1","0","0"
"POINT (6.909103145000074 50.927438950000067)","Unfall 120112 (2019) Kat:3, Licht: 2","120112","3","7","0","09","23","7","1","2","0","0","0","0"
"POINT (6.967909876000022 50.920670723000057)","Unfall 120114 (2019) Kat:3, Licht: 0","120114","3","6","2","09","13","7","0","0","0","1","0","0"
"POINT (7.022000199000047 50.915992129000074)","Unfall 120219 (2019) Kat:3, Licht: 0","120219","3","3","3","09","17","7","1","0","0","1","0","0"
"POINT (6.856594726000026 50.984531529000037)","Unfall 120332 (2019) Kat:3, Licht: 0","120332","3","6","2","09","18","1","0","0","0","1","0","0"
"POINT (6.972617164000042 50.930406807000054)","Unfall 120334 (2019) Kat:3, Licht: 0","120334","3","2","3","09","10","1","0","0","1","1","0","0"
"POINT (6.960739474000036 50.935548932000074)","Unfall 120336 (2019) Kat:3, Licht: 0","120336","3","6","4","09","19","1","0","0","1","0","0","0"
"POINT (6.877258229000063 51.007537098000057)","Unfall 120355 (2019) Kat:3, Licht: 1","120355","3","6","2","09","07","6","0","1","0","1","0","0"
"POINT (6.867963891000045 51.014168024000071)","Unfall 120357 (2019) Kat:3, Licht: 0","120357","3","6","2","09","07","6","0","0","0","0","0","0"
"POINT (6.967525082000066 50.848304717000076)","Unfall 120429 (2019) Kat:2, Licht: 0","120429","2","1","9","09","15","1","0","0","0","0","0","1"
"POINT (7.081019883000067 50.885669847000031)","Unfall 120471 (2019) Kat:3, Licht: 0","120471","3","6","2","09","12","5","0","0","0","1","0","0"
"POINT (7.031619539000076 50.899349223000058)","Unfall 120473 (2019) Kat:3, Licht: 0","120473","3","6","1","09","08","5","1","0","0","1","0","0"
"POINT (7.041274534000024 50.929260094000028)","Unfall 120475 (2019) Kat:3, Licht: 2","120475","3","6","3","09","06","5","1","2","0","1","0","1"
"POINT (7.020933188000072 50.979081860000065)","Unfall 120477 (2019) Kat:3, Licht: 0","120477","3","1","0","09","15","5","0","0","1","0","0","0"
"POINT (7.080894214000068 50.983679072000029)","Unfall 120480 (2019) Kat:3, Licht: 0","120480","3","6","3","09","07","5","1","0","0","0","0","1"
"POINT (7.009920155000032 50.958415204000062)","Unfall 120482 (2019) Kat:1, Licht: 0","120482","1","2","0","09","16","5","0","0","0","0","0","0"
"POINT (6.956665265000027 50.955243984000049)","Unfall 120484 (2019) Kat:3, Licht: 0","120484","3","6","6","09","17","5","0","0","0","0","1","0"
"POINT (6.938981978000072 50.936412873000052)","Unfall 120485 (2019) Kat:3, Licht: 1","120485","3","3","1","09","19","5","0","1","1","0","0","0"
"POINT (6.984143815000039 50.944356814000059)","Unfall 120504 (2019) Kat:3, Licht: 0","120504","3","6","5","09","14","7","0","0","0","1","0","0"
"POINT (6.971584544000052 50.938525764000076)","Unfall 120506 (2019) Kat:3, Licht: 0","120506","3","1","0","09","11","7","0","0","0","0","0","0"
"POINT (6.978969229000029 50.939493925000079)","Unfall 120507 (2019) Kat:3, Licht: 0","120507","3","1","0","09","11","7","0","0","0","0","0","0"
"POINT (6.982611559000077 50.930208487000073)","Unfall 120509 (2019) Kat:3, Licht: 0","120509","3","2","3","09","14","7","0","0","0","1","0","1"
"POINT (7.003386707000061 50.961888145000046)","Unfall 120511 (2019) Kat:3, Licht: 2","120511","3","3","5","09","20","7","0","2","1","1","0","0"
"POINT (6.884532576000026 50.965036758000053)","Unfall 120513 (2019) Kat:2, Licht: 0","120513","2","4","6","09","17","7","0","0","0","1","1","0"
"POINT (6.918344639000054 50.951845520000063)","Unfall 120515 (2019) Kat:3, Licht: 0","120515","3","6","6","09","13","7","0","0","0","0","1","0"
"POINT (6.868501804000061 50.958725479000066)","Unfall 120516 (2019) Kat:3, Licht: 0","120516","3","6","2","09","11","7","0","0","0","1","0","1"
"POINT (6.926610772000061 50.942717080000079)","Unfall 120518 (2019) Kat:3, Licht: 2","120518","3","3","5","09","04","7","0","2","1","1","0","0"
"POINT (6.941248168000072 50.953802085000063)","Unfall 120520 (2019) Kat:3, Licht: 2","120520","3","7","0","09","04","7","0","2","0","0","0","0"
"POINT (6.977400968000040 50.895594327000026)","Unfall 120522 (2019) Kat:3, Licht: 2","120522","3","7","0","09","00","7","0","2","0","0","0","1"
"POINT (6.940272783000069 50.941897752000045)","Unfall 120523 (2019) Kat:3, Licht: 2","120523","3","1","0","09","01","7","0","2","1","0","0","0"
"POINT (7.019153078000045 50.920287494000036)","Unfall 120624 (2019) Kat:3, Licht: 0","120624","3","1","9","09","08","5","1","0","0","1","0","0"
"POINT (6.868704328000035 51.013873075000049)","Unfall 120632 (2019) Kat:2, Licht: 0","120632","2","6","2","09","14","7","0","0","0","1","0","0"
"POINT (6.879802246000054 51.005605405000040)","Unfall 120634 (2019) Kat:3, Licht: 0","120634","3","6","2","09","15","7","0","0","0","1","0","0"
"POINT (7.060651128000075 50.906558433000043)","Unfall 120719 (2019) Kat:3, Licht: 0","120719","3","3","5","09","16","4","1","0","1","1","0","0"
"POINT (7.098920683000074 50.919957280000062)","Unfall 120721 (2019) Kat:3, Licht: 0","120721","3","2","5","09","09","6","0","0","0","1","0","0"
"POINT (7.091729637000071 50.850117983000075)","Unfall 120722 (2019) Kat:3, Licht: 2","120722","3","7","8","09","03","4","0","2","0","1","0","0"
"POINT (7.057184695000046 50.910570765000045)","Unfall 120723 (2019) Kat:3, Licht: 2","120723","3","1","0","09","02","6","0","2","0","0","0","1"
"POINT (6.987106869000058 50.936372504000076)","Unfall 120724 (2019) Kat:2, Licht: 1","120724","2","6","2","09","17","4","1","1","0","1","0","1"
"POINT (6.951776582000036 51.030809201000068)","Unfall 120725 (2019) Kat:3, Licht: 0","120725","3","1","0","09","16","6","0","0","0","0","0","1"
"POINT (6.854522069000041 50.998923743000034)","Unfall 120726 (2019) Kat:3, Licht: 0","120726","3","6","3","09","10","4","0","0","1","1","0","0"
"POINT (6.830188413000030 50.964275269000041)","Unfall 120727 (2019) Kat:3, Licht: 2","120727","3","4","4","09","06","6","0","2","0","1","1","0"
"POINT (6.826259430000050 51.056295235000050)","Unfall 120728 (2019) Kat:2, Licht: 2","120728","2","6","4","09","05","4","0","2","1","0","0","0"
"POINT (6.926577785000063 50.931031421000057)","Unfall 120729 (2019) Kat:2, Licht: 0","120729","2","7","0","09","12","6","0","0","1","0","0","0"
"POINT (6.886147494000056 50.964285364000034)","Unfall 120731 (2019) Kat:3, Licht: 0","120731","3","2","3","09","11","4","0","0","1","0","0","0"
"POINT (6.912628253000037 50.945707490000075)","Unfall 120733 (2019) Kat:3, Licht: 0","120733","3","2","5","09","08","4","0","0","1","1","0","0"
"POINT (6.982733280000048 50.902058824000051)","Unfall 120735 (2019) Kat:3, Licht: 2","120735","3","6","3","09","23","4","1","2","0","1","0","0"
"POINT (6.952983290000020 50.893665560000045)","Unfall 120736 (2019) Kat:3, Licht: 0","120736","3","1","8","09","15","4","1","0","0","0","0","1"
"POINT (6.938370971000040 50.926103567000041)","Unfall 120739 (2019) Kat:3, Licht: 0","120739","3","6","3","09","08","4","0","0","0","1","0","1"
"POINT (7.011163592000060 51.026395213000058)","Unfall 120802 (2019) Kat:3, Licht: 0","120802","3","6","2","09","13","4","0","0","0","1","0","0"
"POINT (6.867558154000051 50.989951499000028)","Unfall 120803 (2019) Kat:3, Licht: 0","120803","3","6","3","09","08","4","0","0","0","1","0","0"
"POINT (6.833812903000023 51.056780370000070)","Unfall 120804 (2019) Kat:3, Licht: 0","120804","3","6","2","09","16","4","0","0","0","1","0","0"
"POINT (6.994746615000054 50.914455477000047)","Unfall 120836 (2019) Kat:3, Licht: 0","120836","3","2","5","09","09","3","0","0","0","1","0","1"
"POINT (6.977945980000072 50.937000721000061)","Unfall 120837 (2019) Kat:3, Licht: 0","120837","3","6","1","09","08","3","0","0","0","1","0","0"
"POINT (6.989740896000058 50.895085401000074)","Unfall 120838 (2019) Kat:3, Licht: 0","120838","3","3","5","09","12","3","0","0","0","1","0","1"
"POINT (6.912880568000048 50.936784888000034)","Unfall 120839 (2019) Kat:2, Licht: 0","120839","2","2","5","09","17","3","0","0","1","1","0","0"
"POINT (6.958792728000049 50.921120656000028)","Unfall 120840 (2019) Kat:3, Licht: 0","120840","3","5","1","09","18","3","0","0","1","1","0","0"
"POINT (7.048312129000067 50.952726315000064)","Unfall 120905 (2019) Kat:3, Licht: 2","120905","3","6","2","09","06","3","0","2","0","0","0","0"
"POINT (7.062886486000025 50.905207050000058)","Unfall 120935 (2019) Kat:3, Licht: 1","120935","3","2","4","09","18","2","1","1","0","1","0","1"
"POINT (6.977893654000070 50.936588222000069)","Unfall 120936 (2019) Kat:3, Licht: 0","120936","3","7","0","09","16","2","0","0","0","1","1","0"
"POINT (6.856137737000040 50.929004989000077)","Unfall 120937 (2019) Kat:3, Licht: 0","120937","3","3","4","09","18","2","1","0","1","1","0","0"
"POINT (6.932756733000076 50.920932447000041)","Unfall 120938 (2019) Kat:3, Licht: 0","120938","3","6","2","09","18","2","1","0","0","1","0","1"
"POINT (7.013740630000029 51.014910569000051)","Unfall 121030 (2019) Kat:3, Licht: 0","121030","3","6","2","09","16","2","1","0","0","1","0","0"
"POINT (7.091169188000038 50.892397998000035)","Unfall 121123 (2019) Kat:3, Licht: 0","121123","3","6","2","09","15","6","0","0","0","1","0","0"
"POINT (7.042628922000063 50.941340490000073)","Unfall 121125 (2019) Kat:3, Licht: 0","121125","3","6","2","09","12","6","0","0","0","1","0","0"
"POINT (6.883914070000060 50.909887089000051)","Unfall 121128 (2019) Kat:3, Licht: 0","121128","3","6","3","09","17","6","0","0","0","1","0","0"
"POINT (7.058923034000031 50.908550995000041)","Unfall 121180 (2019) Kat:3, Licht: 0","121180","3","6","1","09","17","5","0","0","0","1","0","0"
"POINT (6.971094708000067 50.932554822000043)","Unfall 121181 (2019) Kat:2, Licht: 0","121181","2","4","6","09","14","5","0","0","0","1","1","0"
"POINT (7.026961547000042 50.960796980000055)","Unfall 121182 (2019) Kat:3, Licht: 0","121182","3","2","0","09","18","5","0","0","0","1","0","0"
"POINT (6.914610833000040 50.948493077000080)","Unfall 121183 (2019) Kat:3, Licht: 2","121183","3","3","5","09","20","5","0","2","1","1","0","0"
"POINT (6.869316440000034 50.968851725000036)","Unfall 121184 (2019) Kat:3, Licht: 0","121184","3","6","2","09","15","5","0","0","0","1","0","0"
"POINT (6.956731407000063 50.903830859000038)","Unfall 121185 (2019) Kat:3, Licht: 0","121185","3","3","5","09","12","5","0","0","1","1","0","0"
"POINT (7.031028210000045 50.966894466000042)","Unfall 121254 (2019) Kat:2, Licht: 0","121254","2","1","0","09","14","5","0","0","0","0","0","1"
"POINT (7.067064826000035 50.907944560000033)","Unfall 121256 (2019) Kat:3, Licht: 1","121256","3","6","1","09","19","5","0","1","0","1","0","0"
"POINT (6.884219987000051 50.909747640000035)","Unfall 121260 (2019) Kat:3, Licht: 0","121260","3","6","2","09","08","5","0","0","0","1","0","0"
"POINT (7.081969237000067 50.882599822000032)","Unfall 121315 (2019) Kat:3, Licht: 0","121315","3","3","5","09","07","4","0","0","0","1","0","0"
"POINT (6.849961930000063 51.042920363000064)","Unfall 121316 (2019) Kat:3, Licht: 0","121316","3","2","3","09","15","4","0","0","1","0","0","0"
"POINT (6.948028033000071 50.954846999000040)","Unfall 121318 (2019) Kat:3, Licht: 1","121318","3","6","2","09","06","4","0","1","0","1","0","1"
"POINT (6.911283975000060 50.936828427000080)","Unfall 121319 (2019) Kat:3, Licht: 0","121319","3","2","0","09","15","4","0","0","1","1","0","0"
"POINT (6.920455009000023 50.948265497000079)","Unfall 121320 (2019) Kat:3, Licht: 1","121320","3","6","1","09","07","4","0","1","0","1","0","0"
"POINT (6.870550992000062 50.951834488000031)","Unfall 121321 (2019) Kat:3, Licht: 0","121321","3","6","1","09","17","4","0","0","0","1","0","0"
"POINT (6.865946258000065 50.937031395000076)","Unfall 121322 (2019) Kat:3, Licht: 0","121322","3","7","0","09","15","4","0","0","1","0","0","0"
"POINT (6.922746673000063 50.912850631000026)","Unfall 121323 (2019) Kat:3, Licht: 0","121323","3","6","3","09","17","4","0","0","0","1","0","0"
"POINT (6.914659383000071 50.903449019000050)","Unfall 121341 (2019) Kat:3, Licht: 2","121341","3","1","0","09","06","1","0","2","1","0","0","0"
"POINT (6.951253196000039 50.972606484000039)","Unfall 121369 (2019) Kat:3, Licht: 0","121369","3","7","5","09","08","6","0","0","1","1","0","0"
"POINT (6.875914549000072 50.924170906000029)","Unfall 121428 (2019) Kat:3, Licht: 0","121428","3","6","2","09","15","7","0","0","0","1","0","0"
"POINT (7.231707951000033 50.943078120000052)","Unfall 121435 (2019) Kat:3, Licht: 0","121435","3","6","2","09","08","2","1","0","0","1","0","0"
"POINT (7.053004356000031 50.877743704000068)","Unfall 121438 (2019) Kat:3, Licht: 1","121438","3","3","5","09","18","1","0","1","1","1","0","0"
"POINT (7.055437135000034 50.928375448000054)","Unfall 121479 (2019) Kat:3, Licht: 0","121479","3","6","2","09","14","1","0","0","0","1","0","0"
"POINT (6.983614686000067 50.901345353000067)","Unfall 121482 (2019) Kat:3, Licht: 0","121482","3","7","4","09","11","7","0","0","0","1","0","0"
"POINT (6.966450613000063 50.885108469000045)","Unfall 121506 (2019) Kat:3, Licht: 2","121506","3","6","2","09","06","2","1","2","0","1","0","0"
"POINT (6.939695667000024 50.939478882000060)","Unfall 121509 (2019) Kat:3, Licht: 2","121509","3","6","3","09","23","1","1","2","0","1","0","0"
"POINT (7.039605225000059 50.968431169000041)","Unfall 121541 (2019) Kat:2, Licht: 0","121541","2","5","4","09","15","7","0","0","0","1","0","1"
"POINT (7.095765071000074 50.868370430000027)","Unfall 121548 (2019) Kat:3, Licht: 0","121548","3","6","3","09","12","2","1","0","0","1","0","0"
"POINT (6.869835800000033 50.951529233000031)","Unfall 121559 (2019) Kat:3, Licht: 0","121559","3","6","2","09","18","6","0","0","0","1","0","0"
"POINT (6.892148397000028 50.992041226000026)","Unfall 121565 (2019) Kat:3, Licht: 2","121565","3","3","3","09","21","6","0","2","0","1","0","0"
"POINT (6.967846736000070 50.892069735000064)","Unfall 121569 (2019) Kat:3, Licht: 0","121569","3","6","2","09","07","7","1","0","0","1","0","0"
"POINT (6.858808074000024 50.975673367000070)","Unfall 121574 (2019) Kat:3, Licht: 0","121574","3","1","0","09","18","6","0","0","1","0","0","0"
"POINT (6.966948043000059 50.863340753000045)","Unfall 121581 (2019) Kat:3, Licht: 0","121581","3","3","5","09","18","6","0","0","0","1","0","0"
"POINT (6.923664636000069 50.946925259000068)","Unfall 121605 (2019) Kat:3, Licht: 0","121605","3","5","1","09","17","7","0","0","1","1","0","0"
"POINT (6.994353541000066 50.926049216000081)","Unfall 121612 (2019) Kat:3, Licht: 2","121612","3","7","8","09","04","2","1","2","0","1","0","0"