WKT,Name,OBJECTID,UKATEGORIE,UTYP1,UART,UMONAT,USTUNDE,UWOCHENTAG,STRZUSTAND,ULICHTVERH,ISTRAD,ISTPKW,ISTFUSS,ISTKRAD
"POINT (7.054431883000063 50.928925626000080)","Unfall 121620 (2019) Kat:3, Licht: 0","121620","3","7","6","09","13","6","0","0","0","0","1","0"
"POINT (7.099783667000054 50.909401718000026)","Unfall 121640 (2019) Kat:3, Licht: 0","121640","3","3","0","09","16","4","1","0","1","1","0","0"
"POINT (6.900548627000035 50.957577137000044)","Unfall 121641 (2019) Kat:3, Licht: 0","121641","3","3","5","09","12","4","0","0","1","1","0","0"
"POINT (6.901204744000040 50.957342784000048)","Unfall 121642 (2019) Kat:3, Licht: 0","121642","3","4","6","09","13","4","0","0","0","1","1","0"
"POINT (6.903360671000030 50.937025485000049)","Unfall 121643 (2019) Kat:2, Licht: 0","121643","2","7","0","09","09","4","1","0","1","0","0","0"
"POINT (6.980020363000051 50.904382985000041)","Unfall 121644 (2019) Kat:3, Licht: 0","121644","3","6","1","09","08","4","0","0","0","1","0","0"
"POINT (6.946486556000025 50.946890884000027)","Unfall 121645 (2019) Kat:3, Licht: 0","121645","3","2","3","09","18","4","1","0","0","1","0","1"
"POINT (6.953667841000026 50.964779977000035)","Unfall 121768 (2019) Kat:3, Licht: 0","121768","3","5","1","09","18","3","0","0","1","1","0","0"
"POINT (6.906493662000059 51.031337413000074)","Unfall 121769 (2019) Kat:3, Licht: 2","121769","3","1","8","09","23","3","1","2","0","1","0","0"
"POINT (6.926610772000061 50.942717080000079)","Unfall 121770 (2019) Kat:3, Licht: 0","121770","3","6","2","09","09","3","0","0","0","1","0","0"
"POINT (6.932753830000024 50.948554399000045)","Unfall 121771 (2019) Kat:3, Licht: 0","121771","3","6","2","09","09","3","0","0","0","1","0","1"
"POINT (6.907442787000036 50.927237611000066)","Unfall 121772 (2019) Kat:3, Licht: 0","121772","3","7","6","09","10","3","0","0","1","0","1","0"
"POINT (6.840830258000040 50.926801068000032)","Unfall 121831 (2019) Kat:2, Licht: 2","121831","2","6","2","09","21","3","1","2","0","1","0","0"
"POINT (6.999692699000036 50.954880704000061)","Unfall 121885 (2019) Kat:3, Licht: 0","121885","3","2","5","09","13","2","0","0","1","1","0","0"
"POINT (6.871675425000035 50.976360028000045)","Unfall 121887 (2019) Kat:3, Licht: 0","121887","3","1","0","09","08","2","1","0","0","0","0","1"
"POINT (6.926892249000048 50.930461983000043)","Unfall 121889 (2019) Kat:3, Licht: 0","121889","3","1","8","09","14","2","0","0","1","0","0","0"
"POINT (6.942128845000070 50.944854535000047)","Unfall 121891 (2019) Kat:3, Licht: 0","121891","3","3","5","09","09","2","1","0","0","1","0","0"
"POINT (6.996905116000050 50.925274206000040)","Unfall 121924 (2019) Kat:3, Licht: 0","121924","3","1","0","09","10","5","1","0","0","0","0","1"
"POINT (7.018635388000064 50.981845913000029)","Unfall 121926 (2019) Kat:3, Licht: 0","121926","3","6","2","09","08","5","1","0","0","1","0","0"
"POINT (7.585482535000040 50.975098457000058)","Unfall 121928 (2019) Kat:3, Licht: 0","121928","3","1","9","09","15","5","1","0","0","1","0","0"
"POINT (6.832795587000021 51.062016598000071)","Unfall 122021 (2019) Kat:2, Licht: 2","122021","2","1","9","09","23","7","0","2","0","1","0","0"
"POINT (6.969355646000054 50.876793064000026)","Unfall 122022 (2019) Kat:3, Licht: 0","122022","3","6","2","09","16","7","0","0","0","1","0","0"
"POINT (6.897493532000055 50.992983176000052)","Unfall 122023 (2019) Kat:2, Licht: 0","122023","2","7","9","09","08","7","1","0","0","0","0","1"
"POINT (6.951755021000054 51.044653296000035)","Unfall 122058 (2019) Kat:2, Licht: 0","122058","2","6","2","09","15","6","0","0","0","1","0","0"
"POINT (7.006353855000043 50.966870801000027)","Unfall 122061 (2019) Kat:3, Licht: 0","122061","3","4","6","09","14","6","0","0","0","1","1","0"
"POINT (6.917506630000048 50.949683553000057)","Unfall 122062 (2019) Kat:3, Licht: 2","122062","3","7","0","09","22","6","0","2","1","1","0","0"
"POINT (6.930174815000044 50.924809498000059)","Unfall 122063 (2019) Kat:3, Licht: 0","122063","3","1","0","09","09","6","0","0","1","0","0","0"
"POINT (7.014121481000075 51.013168440000072)","Unfall 122155 (2019) Kat:3, Licht: 0","122155","3","6","2","09","14","6","0","0","0","1","0","0"
"POINT (7.043375054000023 50.940170763000026)","Unfall 122158 (2019) Kat:3, Licht: 0","122158","3","6","3","09","11","2","0","0","0","1","0","0"
"POINT (6.992156601000033 50.927117138000028)","Unfall 122159 (2019) Kat:2, Licht: 0","122159","2","6","2","09","08","2","0","0","0","1","0","0"
"POINT (6.962745556000073 50.884238999000047)","Unfall 122160 (2019) Kat:3, Licht: 0","122160","3","6","3","09","15","6","0","0","0","1","0","1"
"POINT (7.032863987000042 50.962948957000037)","Unfall 122161 (2019) Kat:3, Licht: 0","122161","3","6","2","09","08","2","1","0","0","1","0","0"
"POINT (6.968724258000066 50.882128877000071)","Unfall 122163 (2019) Kat:3, Licht: 0","122163","3","6","2","09","16","2","0","0","0","1","0","0"
"POINT (7.005972261000068 50.964647880000030)","Unfall 122214 (2019) Kat:3, Licht: 0","122214","3","7","2","09","07","1","0","0","0","1","0","0"
"POINT (6.916600674000051 50.950271363000070)","Unfall 122215 (2019) Kat:3, Licht: 2","122215","3","6","3","09","00","1","0","2","1","1","0","0"
"POINT (6.903120991000037 50.956690756000057)","Unfall 122216 (2019) Kat:3, Licht: 2","122216","3","7","0","09","02","1","1","2","1","0","0","0"
"POINT (6.930469210000069 50.946860415000060)","Unfall 122219 (2019) Kat:3, Licht: 0","122219","3","6","2","09","16","1","1","0","0","1","0","0"
"POINT (7.119086306000042 50.944742002000055)","Unfall 122272 (2019) Kat:2, Licht: 0","122272","2","3","5","09","15","5","1","0","0","1","0","0"
"POINT (7.042432462000022 50.941307207000079)","Unfall 122274 (2019) Kat:2, Licht: 2","122274","2","6","2","09","20","1","0","2","0","1","0","0"
"POINT (6.878314092000039 50.993084700000054)","Unfall 122279 (2019) Kat:3, Licht: 2","122279","3","7","2","09","01","1","0","2","0","1","0","0"
"POINT (7.093416889000025 50.847827441000049)","Unfall 122296 (2019) Kat:3, Licht: 2","122296","3","3","5","09","20","5","1","2","0","1","0","1"
"POINT (7.003910232000067 50.961723737000057)","Unfall 122298 (2019) Kat:3, Licht: 2","122298","3","3","1","09","21","5","1","2","0","1","0","0"
"POINT (6.928872645000070 50.936699637000061)","Unfall 122300 (2019) Kat:3, Licht: 0","122300","3","6","3","09","15","5","1","0","0","1","0","1"
"POINT (6.907986887000050 50.933097461000045)","Unfall 122303 (2019) Kat:3, Licht: 2","122303","3","7","0","09","19","5","1","2","1","1","0","0"
"POINT (7.052682044000051 50.889317987000027)","Unfall 122335 (2019) Kat:3, Licht: 2","122335","3","1","9","09","19","7","1","2","0","1","0","0"
"POINT (6.850203851000060 50.918871017000072)","Unfall 122336 (2019) Kat:3, Licht: 1","122336","3","6","2","09","19","7","1","1","0","1","0","0"
"POINT (6.927220839000029 50.915644645000043)","Unfall 122338 (2019) Kat:2, Licht: 2","122338","2","4","6","09","19","7","1","2","0","0","1","0"
"POINT (6.940182874000072 50.932666832000052)","Unfall 122339 (2019) Kat:3, Licht: 0","122339","3","6","2","09","11","7","1","0","0","1","0","0"
"POINT (7.037862274000077 50.949843895000072)","Unfall 122414 (2019) Kat:3, Licht: 0","122414","3","6","2","10","07","4","1","0","0","1","0","0"
"POINT (7.064074746000074 50.921667071000059)","Unfall 122415 (2019) Kat:3, Licht: 0","122415","3","6","2","10","17","4","0","0","0","1","0","0"
"POINT (7.080694494000056 50.910526699000059)","Unfall 122462 (2019) Kat:2, Licht: 2","122462","2","3","5","10","20","3","1","2","0","1","0","0"
"POINT (7.031300498000064 50.937494101000027)","Unfall 122463 (2019) Kat:3, Licht: 0","122463","3","1","8","10","18","3","1","0","0","0","0","1"
"POINT (7.034008264000022 50.967289480000034)","Unfall 122464 (2019) Kat:3, Licht: 2","122464","3","1","9","10","05","3","1","2","0","1","0","0"
"POINT (6.872668674000067 51.001912950000076)","Unfall 122465 (2019) Kat:3, Licht: 2","122465","3","3","5","10","05","3","1","2","1","1","0","0"
"POINT (6.874495120000063 51.062118447000046)","Unfall 122466 (2019) Kat:3, Licht: 0","122466","3","6","2","10","15","3","1","0","0","1","0","0"
"POINT (6.901597521000042 50.957205798000075)","Unfall 122467 (2019) Kat:3, Licht: 0","122467","3","2","5","10","16","3","1","0","0","1","1","0"
"POINT (6.934752470000035 50.950831909000044)","Unfall 122468 (2019) Kat:2, Licht: 0","122468","2","1","8","10","10","3","1","0","0","0","0","1"
"POINT (6.934539844000028 50.875664267000047)","Unfall 122469 (2019) Kat:2, Licht: 1","122469","2","7","0","10","07","3","1","1","0","1","0","1"
"POINT (6.945611359000054 50.890838172000031)","Unfall 122470 (2019) Kat:2, Licht: 1","122470","2","1","8","10","07","3","1","1","0","1","0","0"
"POINT (6.966538814000046 50.903973148000034)","Unfall 122471 (2019) Kat:3, Licht: 0","122471","3","3","5","10","12","3","1","0","0","1","0","0"
"POINT (6.927597516000049 50.929009257000075)","Unfall 122472 (2019) Kat:3, Licht: 0","122472","3","3","5","10","16","3","0","0","1","1","0","0"
"POINT (6.940613359000054 50.931126139000071)","Unfall 122473 (2019) Kat:3, Licht: 0","122473","3","1","0","10","17","3","1","0","1","0","0","0"
"POINT (6.948354687000062 50.884047480000049)","Unfall 122608 (2019) Kat:3, Licht: 2","122608","3","1","8","10","04","5","0","2","0","1","0","0"
"POINT (6.826090570000076 51.073894206000034)","Unfall 122626 (2019) Kat:2, Licht: 0","122626","2","6","2","10","11","3","1","0","0","0","0","0"
"POINT (6.948475761000054 50.955052931000068)","Unfall 122698 (2019) Kat:3, Licht: 2","122698","3","6","2","10","20","4","0","2","0","1","0","0"
"POINT (6.932753830000024 50.948554399000045)","Unfall 122700 (2019) Kat:3, Licht: 0","122700","3","3","5","10","08","4","1","0","1","1","0","0"
"POINT (6.915642647000027 50.970974392000073)","Unfall 122703 (2019) Kat:3, Licht: 2","122703","3","2","5","10","20","4","0","2","0","1","0","0"
"POINT (6.922991396000043 50.936570119000066)","Unfall 122705 (2019) Kat:3, Licht: 1","122705","3","1","0","10","07","4","1","1","0","0","0","1"
"POINT (6.939048433000039 50.935430094000026)","Unfall 122707 (2019) Kat:3, Licht: 0","122707","3","2","5","10","08","4","1","0","1","1","0","0"
"POINT (7.025170180000032 50.950229960000058)","Unfall 122708 (2019) Kat:3, Licht: 0","122708","3","6","2","09","08","2","0","0","0","1","0","0"
"POINT (6.940199263000068 50.941626542000051)","Unfall 122709 (2019) Kat:3, Licht: 0","122709","3","2","1","10","15","4","0","0","1","1","0","0"
"POINT (7.000804288000040 50.956237915000031)","Unfall 122710 (2019) Kat:1, Licht: 0","122710","1","2","1","09","15","2","0","0","0","0","0","1"
"POINT (6.953020690000074 50.956355902000041)","Unfall 122712 (2019) Kat:3, Licht: 0","122712","3","5","3","09","17","2","0","0","1","1","0","0"
"POINT (6.945631364000064 50.954071984000052)","Unfall 122713 (2019) Kat:2, Licht: 0","122713","2","6","2","09","18","2","0","0","0","1","0","0"
"POINT (6.890417554000067 50.924678670000048)","Unfall 122716 (2019) Kat:3, Licht: 2","122716","3","2","3","09","03","2","0","2","1","1","0","0"
"POINT (6.831314134000024 50.928506384000059)","Unfall 122786 (2019) Kat:3, Licht: 2","122786","3","6","2","10","06","2","1","2","0","1","0","0"
"POINT (7.085172767000074 50.856498217000080)","Unfall 122811 (2019) Kat:2, Licht: 0","122811","2","4","6","10","17","1","1","0","0","1","1","0"
"POINT (7.006353855000043 50.966870801000027)","Unfall 122812 (2019) Kat:3, Licht: 2","122812","3","2","6","10","19","1","1","2","0","1","1","0"
"POINT (6.910634570000070 50.939735791000032)","Unfall 122813 (2019) Kat:2, Licht: 0","122813","2","3","5","10","13","1","1","0","0","1","0","0"
"POINT (7.048151279000024 50.935346607000042)","Unfall 122830 (2019) Kat:3, Licht: 2","122830","3","6","2","10","19","1","1","2","0","1","0","0"
"POINT (6.968622217000075 50.883914423000078)","Unfall 122831 (2019) Kat:3, Licht: 0","122831","3","6","2","10","17","1","0","0","0","1","0","0"
"POINT (7.036945210000056 50.996510415000046)","Unfall 122899 (2019) Kat:2, Licht: 2","122899","2","3","5","10","20","7","0","2","1","1","0","0"
"POINT (7.060662742000034 50.906548773000054)","Unfall 122900 (2019) Kat:3, Licht: 0","122900","3","6","1","10","15","3","0","0","0","1","0","0"
"POINT (6.955765259000032 50.957092259000035)","Unfall 122901 (2019) Kat:3, Licht: 2","122901","3","6","2","10","21","7","0","2","0","1","0","0"
"POINT (6.915453052000032 50.904195114000061)","Unfall 122902 (2019) Kat:3, Licht: 1","122902","3","2","1","10","18","3","1","1","0","1","0","0"
"POINT (6.915718736000031 50.950841358000048)","Unfall 122903 (2019) Kat:3, Licht: 0","122903","3","5","1","10","14","3","1","0","1","1","0","0"
"POINT (6.990768900000035 50.867316882000068)","Unfall 122904 (2019) Kat:3, Licht: 2","122904","3","2","4","10","19","7","0","2","0","1","0","0"
"POINT (6.940995705000034 50.953777351000042)","Unfall 122905 (2019) Kat:3, Licht: 0","122905","3","6","2","10","17","3","1","0","0","1","0","0"
"POINT (6.948947684000075 50.860395231000041)","Unfall 122907 (2019) Kat:2, Licht: 0","122907","2","1","4","10","08","3","1","0","0","1","0","0"
"POINT (6.890716055000041 50.911656942000036)","Unfall 122908 (2019) Kat:3, Licht: 0","122908","3","3","5","10","09","3","1","0","1","0","0","1"
"POINT (7.107362463000072 50.876820440000074)","Unfall 123061 (2019) Kat:3, Licht: 1","123061","3","5","1","10","07","6","1","1","1","1","0","0"
"POINT (7.019017686000041 50.915398281000080)","Unfall 123062 (2019) Kat:3, Licht: 0","123062","3","6","1","10","09","3","1","0","0","1","0","0"
"POINT (7.006353855000043 50.966870801000027)","Unfall 123063 (2019) Kat:3, Licht: 0","123063","3","2","6","10","12","6","1","0","0","1","1","0"
"POINT (6.948022369000057 50.980873042000042)","Unfall 123065 (2019) Kat:2, Licht: 0","123065","2","1","0","10","14","6","1","0","0","0","0","0"
"POINT (6.856817564000039 50.927228173000060)","Unfall 123068 (2019) Kat:3, Licht: 0","123068","3","6","2","10","11","6","1","0","0","1","0","1"
"POINT (6.928282159000048 50.863601743000061)","Unfall 123070 (2019) Kat:3, Licht: 2","123070","3","2","5","10","20","6","1","2","0","0","0","1"
"POINT (7.055733217000068 50.891302571000040)","Unfall 123133 (2019) Kat:3, Licht: 1","123133","3","6","2","10","07","2","1","1","0","1","0","1"
"POINT (7.065041813000050 50.945660818000079)","Unfall 123135 (2019) Kat:3, Licht: 0","123135","3","2","2","10","07","2","1","0","0","1","0","1"
"POINT (6.917358992000061 50.949779013000068)","Unfall 123137 (2019) Kat:3, Licht: 0","123137","3","7","1","10","13","2","0","0","1","1","0","0"
"POINT (6.943557440000063 50.927749949000031)","Unfall 123139 (2019) Kat:3, Licht: 0","123139","3","2","5","10","08","2","0","0","1","1","0","0"
"POINT (7.013835764000021 51.013146015000075)","Unfall 123219 (2019) Kat:3, Licht: 0","123219","3","1","3","10","17","6","1","0","0","1","0","0"
"POINT (7.067069886000070 50.907912049000061)","Unfall 123234 (2019) Kat:3, Licht: 0","123234","3","6","2","10","08","2","0","0","0","1","0","0"
"POINT (6.848602769000024 50.931431964000069)","Unfall 123236 (2019) Kat:3, Licht: 1","123236","3","6","3","10","07","2","1","1","0","1","0","0"
"POINT (6.873812122000061 51.010086479000051)","Unfall 123265 (2019) Kat:2, Licht: 0","123265","2","6","2","10","07","6","0","0","0","1","0","0"
"POINT (7.046842726000023 50.936579674000029)","Unfall 123344 (2019) Kat:3, Licht: 0","123344","3","6","2","10","18","1","0","0","0","1","0","0"
"POINT (7.018263695000030 50.948422409000045)","Unfall 123345 (2019) Kat:3, Licht: 0","123345","3","6","3","10","08","5","1","0","0","1","0","0"
"POINT (7.034355828000059 50.967360481000071)","Unfall 123347 (2019) Kat:3, Licht: 0","123347","3","6","2","10","15","5","0","0","0","1","0","0"
"POINT (6.977575325000032 50.934613347000038)","Unfall 123349 (2019) Kat:3, Licht: 0","123349","3","5","5","10","12","5","0","0","0","1","0","0"
"POINT (6.910427107000032 50.939539998000043)","Unfall 123351 (2019) Kat:3, Licht: 0","123351","3","6","2","10","17","5","0","0","0","1","0","0"
"POINT (6.888916578000021 50.937387189000049)","Unfall 123353 (2019) Kat:3, Licht: 0","123353","3","2","8","10","07","5","1","0","1","1","0","0"
"POINT (6.921944806000056 50.936581983000053)","Unfall 123354 (2019) Kat:3, Licht: 2","123354","3","1","0","10","22","5","0","2","1","0","0","0"
"POINT (6.942905580000058 50.928507908000029)","Unfall 123356 (2019) Kat:3, Licht: 0","123356","3","6","2","10","08","5","1","0","0","1","0","0"
"POINT (7.037533892000056 50.933613153000067)","Unfall 123436 (2019) Kat:3, Licht: 0","123436","3","6","0","10","16","7","1","0","0","0","0","1"
"POINT (6.936886422000043 50.952061523000054)","Unfall 123438 (2019) Kat:3, Licht: 0","123438","3","6","2","10","15","7","0","0","0","1","0","0"
"POINT (6.915428637000048 50.951028840000049)","Unfall 123441 (2019) Kat:3, Licht: 2","123441","3","3","5","10","20","7","0","2","0","1","1","0"
"POINT (6.820018028000050 50.955151452000052)","Unfall 123442 (2019) Kat:3, Licht: 2","123442","3","7","0","10","05","7","0","2","1","0","1","0"
"POINT (6.967831870000055 50.847569176000036)","Unfall 123444 (2019) Kat:3, Licht: 0","123444","3","6","2","10","17","7","0","0","0","1","0","0"
"POINT (6.939965066000070 50.940524354000047)","Unfall 123446 (2019) Kat:3, Licht: 0","123446","3","2","5","10","17","7","0","0","1","1","0","0"
"POINT (7.050516988000027 50.920885481000028)","Unfall 123470 (2019) Kat:3, Licht: 0","123470","3","6","3","10","17","5","0","0","0","1","0","0"
"POINT (6.970773858000030 50.931207326000049)","Unfall 123519 (2019) Kat:3, Licht: 0","123519","3","6","2","10","08","4","0","0","0","1","0","0"
"POINT (7.013153019000072 50.956147942000030)","Unfall 123521 (2019) Kat:2, Licht: 2","123521","2","2","6","10","05","4","0","2","0","1","1","0"
"POINT (6.889739108000072 50.926565045000075)","Unfall 123523 (2019) Kat:3, Licht: 0","123523","3","6","8","10","09","4","0","0","0","0","0","1"
"POINT (6.922798415000045 50.932922274000077)","Unfall 123524 (2019) Kat:3, Licht: 0","123524","3","1","0","10","09","4","0","0","1","0","0","0"
"POINT (7.173344200000031 50.955840868000053)","Unfall 123547 (2019) Kat:2, Licht: 2","123547","2","6","3","10","22","7","0","2","0","1","0","0"
"POINT (6.969829642000036 50.872239293000064)","Unfall 123552 (2019) Kat:3, Licht: 2","123552","3","6","2","10","19","7","0","2","0","1","0","0"
"POINT (7.020687452000061 50.964577775000066)","Unfall 123654 (2019) Kat:3, Licht: 0","123654","3","1","0","10","08","6","0","0","0","0","0","0"
"POINT (7.002245459000051 50.980168047000063)","Unfall 123656 (2019) Kat:3, Licht: 0","123656","3","7","0","10","12","6","0","0","1","0","0","0"
"POINT (6.849377247000064 50.935697186000027)","Unfall 123657 (2019) Kat:3, Licht: 1","123657","3","6","2","10","07","4","0","1","0","1","0","0"
"POINT (6.921832488000064 50.947690629000078)","Unfall 123658 (2019) Kat:2, Licht: 0","123658","2","5","1","10","14","6","0","0","1","0","0","0"
"POINT (6.908454954000035 50.937492102000078)","Unfall 123661 (2019) Kat:3, Licht: 0","123661","3","4","0","10","16","6","0","0","1","0","1","0"
"POINT (6.950210246000040 50.850466008000069)","Unfall 123663 (2019) Kat:3, Licht: 2","123663","3","6","2","10","06","6","0","2","0","1","0","0"
"POINT (6.915024085000027 50.920303768000053)","Unfall 123665 (2019) Kat:3, Licht: 0","123665","3","2","5","10","16","6","0","0","1","1","0","0"
"POINT (6.932621428000061 50.936560968000038)","Unfall 123666 (2019) Kat:3, Licht: 0","123666","3","4","0","10","14","6","0","0","1","0","1","0"
"POINT (7.048480215000041 50.935036931000070)","Unfall 123731 (2019) Kat:3, Licht: 2","123731","3","6","2","10","07","6","0","2","0","1","0","0"
"POINT (7.097667310000077 50.852310623000051)","Unfall 123739 (2019) Kat:3, Licht: 2","123739","3","6","2","10","06","4","1","2","0","1","0","0"
"POINT (7.082348987000046 50.881551939000076)","Unfall 123807 (2019) Kat:3, Licht: 2","123807","3","2","6","10","19","3","1","2","0","1","1","0"
"POINT (6.997278900000026 50.937371949000067)","Unfall 123808 (2019) Kat:3, Licht: 2","123808","3","6","1","10","18","3","1","2","0","1","0","0"
"POINT (7.020186990000070 50.933346809000057)","Unfall 123810 (2019) Kat:3, Licht: 0","123810","3","5","0","10","16","3","0","0","0","1","0","0"
"POINT (7.034495501000038 50.967389012000069)","Unfall 123811 (2019) Kat:3, Licht: 0","123811","3","2","5","10","08","3","0","0","1","1","0","0"
"POINT (6.927652657000067 50.862392343000067)","Unfall 123813 (2019) Kat:3, Licht: 0","123813","3","6","2","10","16","3","0","0","0","1","0","0"
"POINT (7.012362268000061 50.924221322000051)","Unfall 123836 (2019) Kat:3, Licht: 2","123836","3","1","8","10","05","5","1","2","0","1","0","0"
"POINT (6.981408153000075 50.937280934000057)","Unfall 123837 (2019) Kat:3, Licht: 0","123837","3","3","0","10","17","5","1","0","1","1","0","0"
"POINT (6.981408153000075 50.937280934000057)","Unfall 123838 (2019) Kat:3, Licht: 0","123838","3","6","2","10","09","5","1","0","0","1","0","0"
"POINT (7.015693350000049 50.951775822000059)","Unfall 123840 (2019) Kat:3, Licht: 2","123840","3","6","1","10","19","5","1","2","0","1","0","0"
"POINT (6.955747191000057 50.957117779000043)","Unfall 123842 (2019) Kat:3, Licht: 0","123842","3","2","0","10","07","5","1","0","1","1","0","0"
"POINT (6.835577916000034 50.938102561000051)","Unfall 123844 (2019) Kat:3, Licht: 0","123844","3","7","0","10","14","5","1","0","0","0","0","0"
"POINT (6.961878122000030 50.936218248000046)","Unfall 123846 (2019) Kat:3, Licht: 0","123846","3","2","3","10","17","5","1","0","0","1","0","0"
"POINT (6.986033131000056 50.929533048000053)","Unfall 123924 (2019) Kat:3, Licht: 2","123924","3","6","2","10","19","3","1","2","0","1","0","0"
"POINT (7.057092037000075 50.926132084000074)","Unfall 123925 (2019) Kat:2, Licht: 0","123925","2","6","3","10","15","3","0","0","0","1","0","0"
"POINT (7.004104225000049 50.909387773000049)","Unfall 123986 (2019) Kat:3, Licht: 2","123986","3","6","2","10","06","5","1","2","0","1","0","0"
"POINT (7.098022074000028 50.920052319000035)","Unfall 124000 (2019) Kat:3, Licht: 0","124000","3","6","1","10","10","2","1","0","0","1","0","0"
"POINT (7.001914200000044 50.910850534000076)","Unfall 124002 (2019) Kat:3, Licht: 0","124002","3","7","0","10","14","2","0","0","1","0","0","0"
"POINT (6.992488648000062 50.935707584000056)","Unfall 124004 (2019) Kat:3, Licht: 0","124004","3","3","0","10","13","2","0","0","0","1","0","0"
"POINT (7.033817025000076 50.967250389000071)","Unfall 124006 (2019) Kat:3, Licht: 0","124006","3","6","2","10","15","2","0","0","0","1","0","0"
"POINT (6.996740002000024 50.963938303000077)","Unfall 124008 (2019) Kat:3, Licht: 0","124008","3","6","1","10","17","2","0","0","0","1","0","0"
"POINT (6.883401549000041 50.937032500000043)","Unfall 124010 (2019) Kat:3, Licht: 2","124010","3","6","2","10","06","2","1","2","0","1","0","0"
"POINT (6.852270594000061 50.919395489000067)","Unfall 124011 (2019) Kat:2, Licht: 0","124011","2","1","8","10","15","2","0","0","0","1","0","0"
"POINT (6.992222443000060 50.889849610000056)","Unfall 124013 (2019) Kat:3, Licht: 2","124013","3","3","5","10","04","2","1","2","0","1","0","0"
"POINT (6.966727249000030 50.892801407000036)","Unfall 124015 (2019) Kat:3, Licht: 0","124015","3","1","5","10","16","2","0","0","0","1","0","0"
"POINT (6.921055846000058 50.914263795000068)","Unfall 124017 (2019) Kat:3, Licht: 0","124017","3","3","5","10","07","2","1","0","0","1","0","0"
"POINT (6.908828765000067 50.927761637000060)","Unfall 124018 (2019) Kat:3, Licht: 0","124018","3","6","3","10","17","2","0","0","1","0","0","0"
"POINT (6.941140080000025 50.905072870000026)","Unfall 124021 (2019) Kat:3, Licht: 0","124021","3","6","4","10","14","2","0","0","1","0","0","0"
"POINT (6.908163827000067 50.935074248000035)","Unfall 124023 (2019) Kat:3, Licht: 0","124023","3","1","0","10","14","2","0","0","1","0","0","0"
"POINT (7.005349287000058 50.963845148000075)","Unfall 124075 (2019) Kat:3, Licht: 0","124075","3","6","2","10","09","4","1","0","0","1","0","0"
"POINT (6.945438117000037 50.871191181000029)","Unfall 124077 (2019) Kat:3, Licht: 0","124077","3","2","5","10","16","4","1","0","0","1","0","0"
"POINT (6.920136308000053 50.908881012000052)","Unfall 124082 (2019) Kat:3, Licht: 1","124082","3","5","1","10","07","4","1","1","1","1","0","0"
"POINT (6.931692849000058 50.919894286000044)","Unfall 124083 (2019) Kat:3, Licht: 0","124083","3","2","5","10","17","4","1","0","1","1","0","0"
"POINT (7.001015159000076 50.924515968000037)","Unfall 124117 (2019) Kat:2, Licht: 0","124117","2","7","8","10","13","2","0","0","0","1","0","0"
"POINT (6.894431998000073 50.960410702000047)","Unfall 124197 (2019) Kat:3, Licht: 0","124197","3","7","0","10","16","1","0","0","1","0","0","0"
"POINT (6.932813013000043 50.948797786000057)","Unfall 124198 (2019) Kat:3, Licht: 0","124198","3","6","2","10","10","1","0","0","0","1","0","0"
"POINT (6.915920281000069 50.903822590000061)","Unfall 124200 (2019) Kat:3, Licht: 0","124200","3","6","2","10","11","1","0","0","0","1","0","0"
"POINT (6.858056422000061 51.020696339000040)","Unfall 124259 (2019) Kat:3, Licht: 2","124259","3","7","3","10","21","2","0","2","0","1","0","0"
"POINT (6.837613362000070 51.039376553000068)","Unfall 124260 (2019) Kat:3, Licht: 1","124260","3","6","2","10","18","2","0","1","0","0","0","0"
"POINT (6.936958779000065 50.997297256000081)","Unfall 124292 (2019) Kat:2, Licht: 2","124292","2","2","4","10","20","1","1","2","0","1","0","1"
"POINT (6.926610772000061 50.942717080000079)","Unfall 124293 (2019) Kat:3, Licht: 2","124293","3","2","6","10","19","1","1","2","0","1","1","0"
"POINT (6.916073655000048 50.930662726000037)","Unfall 124294 (2019) Kat:3, Licht: 0","124294","3","1","0","10","13","1","1","0","1","0","0","0"
"POINT (6.941397856000037 50.929270097000028)","Unfall 124295 (2019) Kat:3, Licht: 2","124295","3","4","6","10","03","1","1","2","0","1","1","0"
"POINT (7.097227129000032 50.948276682000028)","Unfall 124349 (2019) Kat:3, Licht: 0","124349","3","6","2","10","13","1","1","0","0","1","0","0"
"POINT (7.046005589000060 50.937385702000029)","Unfall 124350 (2019) Kat:3, Licht: 0","124350","3","6","2","10","11","1","1","0","0","1","0","0"
"POINT (6.908355828000026 50.937122045000081)","Unfall 124383 (2019) Kat:3, Licht: 0","124383","3","1","0","10","11","7","0","0","1","0","0","0"
"POINT (6.894484904000024 50.937405499000079)","Unfall 124384 (2019) Kat:3, Licht: 2","124384","3","6","2","10","23","7","1","2","0","1","0","0"
"POINT (6.948185899000066 50.947595785000033)","Unfall 124385 (2019) Kat:3, Licht: 0","124385","3","3","5","10","14","7","1","0","1","1","0","0"
"POINT (6.940148416000056 50.968483158000026)","Unfall 124486 (2019) Kat:3, Licht: 0","124486","3","6","2","10","15","6","1","0","0","1","0","0"
"POINT (6.929433018000054 50.944705125000041)","Unfall 124487 (2019) Kat:3, Licht: 0","124487","3","5","1","10","14","6","1","0","1","1","0","0"