WKT,Name,OBJECTID,UKATEGORIE,UTYP1,UART,UMONAT,USTUNDE,UWOCHENTAG,STRZUSTAND,ULICHTVERH,ISTRAD,ISTPKW,ISTFUSS,ISTKRAD
"POINT (6.957055482000044 50.951468500000033)","Unfall 127429 (2019) Kat:3, Licht: 2","127429","3","7","1","11","19","4","0","2","1","1","0","0"
"POINT (6.921939587000054 50.936765691000062)","Unfall 127431 (2019) Kat:3, Licht: 0","127431","3","4","6","11","13","4","0","0","0","0","1","0"
"POINT (7.055406371000061 50.887738277000039)","Unfall 127490 (2019) Kat:3, Licht: 2","127490","3","4","6","11","18","6","0","2","0","1","1","0"
"POINT (7.022176635000051 50.980019285000026)","Unfall 127492 (2019) Kat:2, Licht: 0","127492","2","1","0","11","07","6","1","0","1","0","0","0"
"POINT (6.948753465000038 50.955179335000082)","Unfall 127496 (2019) Kat:3, Licht: 0","127496","3","7","0","11","11","6","1","0","0","1","0","0"
"POINT (6.946409000000074 50.985556447000079)","Unfall 127498 (2019) Kat:2, Licht: 2","127498","2","7","2","11","17","6","0","2","0","1","0","0"
"POINT (6.885050430000035 50.937682707000079)","Unfall 127501 (2019) Kat:3, Licht: 0","127501","3","7","0","11","13","6","0","0","1","0","0","0"
"POINT (6.894453399000042 50.937406220000071)","Unfall 127505 (2019) Kat:3, Licht: 0","127505","3","7","4","11","14","6","0","0","1","0","1","0"
"POINT (6.975162006000062 50.854135472000053)","Unfall 127506 (2019) Kat:3, Licht: 0","127506","3","7","2","11","13","6","0","0","0","1","0","1"
"POINT (7.031974882000043 50.899143528000081)","Unfall 127638 (2019) Kat:3, Licht: 0","127638","3","6","1","11","09","3","1","0","0","0","0","1"
"POINT (7.089867368000057 50.936006658000053)","Unfall 127640 (2019) Kat:3, Licht: 0","127640","3","7","5","11","08","3","1","0","0","1","0","0"
"POINT (7.072730110000066 50.924669348000066)","Unfall 127642 (2019) Kat:3, Licht: 2","127642","3","1","9","11","18","3","1","2","0","1","0","0"
"POINT (7.032835174000070 50.967050260000065)","Unfall 127644 (2019) Kat:2, Licht: 0","127644","2","2","5","11","09","3","1","0","0","1","0","1"
"POINT (6.980759061000072 50.965000667000027)","Unfall 127646 (2019) Kat:2, Licht: 0","127646","2","3","5","11","10","3","1","0","0","1","0","0"
"POINT (6.954523875000064 50.959896837000031)","Unfall 127649 (2019) Kat:3, Licht: 2","127649","3","6","2","11","16","3","1","2","0","1","0","0"
"POINT (6.858780034000063 50.932898272000045)","Unfall 127650 (2019) Kat:3, Licht: 0","127650","3","7","0","11","12","3","1","0","1","1","0","0"
"POINT (6.854433449000055 50.938073381000038)","Unfall 127651 (2019) Kat:3, Licht: 1","127651","3","4","0","11","16","3","0","1","0","1","1","0"
"POINT (6.936421085000063 50.950231920000078)","Unfall 127655 (2019) Kat:3, Licht: 0","127655","3","6","2","11","14","3","1","0","0","1","0","0"
"POINT (6.964689800000031 50.921722318000036)","Unfall 127658 (2019) Kat:3, Licht: 1","127658","3","1","0","11","06","3","0","1","0","0","0","0"
"POINT (6.960314742000037 50.935868109000069)","Unfall 127659 (2019) Kat:3, Licht: 2","127659","3","3","0","11","20","3","1","2","1","1","0","0"
"POINT (6.953151187000060 50.935261240000045)","Unfall 127660 (2019) Kat:3, Licht: 0","127660","3","2","6","11","13","3","1","0","0","1","1","0"
"POINT (7.093810724000036 50.917798285000060)","Unfall 127789 (2019) Kat:3, Licht: 2","127789","3","6","3","11","18","4","1","2","0","1","0","0"
"POINT (6.983292252000069 50.937342104000038)","Unfall 127816 (2019) Kat:3, Licht: 2","127816","3","6","2","11","20","3","0","2","0","1","0","0"
"POINT (6.933123057000046 50.943446318000042)","Unfall 127817 (2019) Kat:3, Licht: 0","127817","3","6","0","11","13","3","0","0","1","0","0","0"
"POINT (7.021750164000025 50.949284139000042)","Unfall 127871 (2019) Kat:3, Licht: 2","127871","3","6","1","11","17","1","0","2","0","1","0","0"
"POINT (7.099791849000042 50.909411702000057)","Unfall 127933 (2019) Kat:3, Licht: 2","127933","3","3","5","11","17","2","0","2","1","1","0","0"
"POINT (6.993247375000067 51.011204193000026)","Unfall 127934 (2019) Kat:3, Licht: 1","127934","3","6","6","11","17","2","0","1","1","0","1","0"
"POINT (6.929100208000023 50.960476589000052)","Unfall 127935 (2019) Kat:3, Licht: 0","127935","3","7","0","11","10","2","0","0","1","0","0","0"
"POINT (6.952332749000050 50.923745104000034)","Unfall 127936 (2019) Kat:3, Licht: 0","127936","3","4","6","11","12","2","0","0","0","0","1","0"
"POINT (6.928077735000045 50.959169189000079)","Unfall 127991 (2019) Kat:3, Licht: 0","127991","3","6","2","11","09","2","0","0","0","1","0","0"
"POINT (6.819496295000022 50.929729452000061)","Unfall 127992 (2019) Kat:3, Licht: 2","127992","3","6","2","11","16","2","0","2","0","1","0","0"
"POINT (6.969567024000071 50.864240934000065)","Unfall 128026 (2019) Kat:3, Licht: 0","128026","3","6","2","11","15","6","0","0","0","1","0","0"
"POINT (7.035899279000034 50.954153029000054)","Unfall 128028 (2019) Kat:3, Licht: 2","128028","3","6","2","11","17","6","0","2","0","1","0","0"
"POINT (6.906979025000055 51.005118314000072)","Unfall 128030 (2019) Kat:2, Licht: 2","128030","2","6","2","11","17","6","0","2","0","1","0","0"
"POINT (7.104171787000041 50.885866298000053)","Unfall 128092 (2019) Kat:3, Licht: 0","128092","3","1","0","11","14","5","1","0","1","0","0","0"
"POINT (7.097709399000053 50.881371422000029)","Unfall 128093 (2019) Kat:3, Licht: 2","128093","3","2","4","11","19","5","1","2","0","1","0","0"
"POINT (7.080694494000056 50.910526699000059)","Unfall 128094 (2019) Kat:3, Licht: 2","128094","3","6","2","11","17","5","1","2","0","1","0","0"
"POINT (7.022727344000032 50.903111998000043)","Unfall 128095 (2019) Kat:2, Licht: 1","128095","2","4","6","11","07","5","1","1","0","1","1","0"
"POINT (7.015532394000047 50.951680982000028)","Unfall 128096 (2019) Kat:3, Licht: 2","128096","3","2","5","11","17","5","1","2","1","1","0","0"
"POINT (7.012747290000050 50.974097254000071)","Unfall 128097 (2019) Kat:3, Licht: 1","128097","3","3","5","11","16","5","1","1","1","1","0","0"
"POINT (6.869316440000034 50.968851725000036)","Unfall 128098 (2019) Kat:3, Licht: 0","128098","3","6","2","11","14","5","1","0","0","1","0","0"
"POINT (6.912947264000025 50.946492699000032)","Unfall 128099 (2019) Kat:3, Licht: 0","128099","3","5","1","11","09","5","1","0","1","1","0","0"
"POINT (6.930813028000046 50.924233841000046)","Unfall 128100 (2019) Kat:3, Licht: 2","128100","3","1","9","11","19","5","1","2","0","1","0","0"
"POINT (7.109641834000058 50.912420483000062)","Unfall 128181 (2019) Kat:2, Licht: 0","128181","2","6","2","11","15","5","1","0","0","1","0","0"
"POINT (6.848683156000050 50.924781297000038)","Unfall 128183 (2019) Kat:3, Licht: 1","128183","3","6","2","11","07","5","1","1","0","1","0","0"
"POINT (6.927450621000048 50.943682400000057)","Unfall 128233 (2019) Kat:3, Licht: 2","128233","3","6","2","11","19","4","1","2","0","1","0","0"
"POINT (6.894390225000052 50.925104282000063)","Unfall 128234 (2019) Kat:2, Licht: 2","128234","2","1","0","11","18","4","1","2","1","0","0","0"
"POINT (6.911338452000052 50.900255549000065)","Unfall 128235 (2019) Kat:3, Licht: 0","128235","3","6","2","11","14","4","0","0","0","1","0","0"
"POINT (6.929522921000057 50.926272996000080)","Unfall 128236 (2019) Kat:3, Licht: 0","128236","3","7","6","11","09","4","0","0","1","0","1","0"
"POINT (6.959637730000054 50.930705574000058)","Unfall 128237 (2019) Kat:3, Licht: 1","128237","3","7","1","11","07","4","0","1","0","1","0","0"
"POINT (6.954854054000066 50.999233122000078)","Unfall 128338 (2019) Kat:3, Licht: 2","128338","3","3","9","12","06","2","1","2","0","1","0","0"
"POINT (6.829511431000071 50.957589798000072)","Unfall 128339 (2019) Kat:3, Licht: 2","128339","3","7","6","12","05","2","0","2","0","0","1","0"
"POINT (6.967798515000027 50.847574651000059)","Unfall 128340 (2019) Kat:3, Licht: 2","128340","3","6","3","12","16","2","1","2","0","1","0","0"
"POINT (6.911662409000030 50.928913593000061)","Unfall 128341 (2019) Kat:2, Licht: 0","128341","2","1","0","12","09","2","1","0","1","0","0","0"
"POINT (6.877802994000035 50.992927945000076)","Unfall 128410 (2019) Kat:3, Licht: 0","128410","3","6","2","12","08","2","0","0","0","1","0","0"
"POINT (6.999312453000073 50.989408104000063)","Unfall 128432 (2019) Kat:1, Licht: 2","128432","1","4","6","12","00","1","0","2","0","1","1","0"
"POINT (6.928468968000061 50.916843557000050)","Unfall 128433 (2019) Kat:3, Licht: 0","128433","3","2","5","12","16","1","0","0","0","1","0","0"
"POINT (6.964544269000044 50.831846888000030)","Unfall 128454 (2019) Kat:3, Licht: 0","128454","3","6","2","12","14","1","0","0","0","1","0","0"
"POINT (6.977451053000038 50.953351256000076)","Unfall 128495 (2019) Kat:3, Licht: 1","128495","3","6","2","11","17","7","0","1","0","1","0","0"
"POINT (6.951206131000049 50.972715798000081)","Unfall 128496 (2019) Kat:3, Licht: 0","128496","3","2","5","11","16","7","0","0","1","1","0","0"
"POINT (6.967191209000021 50.922090875000038)","Unfall 128497 (2019) Kat:3, Licht: 0","128497","3","1","0","11","13","7","1","0","0","0","0","0"
"POINT (7.065347923000047 50.914083249000043)","Unfall 128581 (2019) Kat:2, Licht: 0","128581","2","7","9","11","10","6","0","0","0","0","0","0"
"POINT (6.972277311000028 50.872186811000063)","Unfall 128582 (2019) Kat:3, Licht: 2","128582","3","7","0","11","16","6","1","2","0","1","0","1"
"POINT (6.925514480000061 50.896724114000051)","Unfall 128584 (2019) Kat:3, Licht: 0","128584","3","6","2","11","15","6","0","0","0","1","0","0"
"POINT (6.849133889000029 50.935915228000056)","Unfall 128665 (2019) Kat:3, Licht: 0","128665","3","6","2","12","08","5","0","0","0","1","0","0"
"POINT (6.849134752000055 50.935931943000071)","Unfall 128666 (2019) Kat:3, Licht: 0","128666","3","7","2","12","08","5","0","0","0","1","0","0"
"POINT (6.870480794000059 50.916179314000033)","Unfall 128667 (2019) Kat:3, Licht: 0","128667","3","6","2","12","08","5","0","0","0","0","0","0"
"POINT (6.981741873000033 50.892087253000057)","Unfall 128668 (2019) Kat:3, Licht: 2","128668","3","6","2","12","19","5","0","2","0","1","0","0"
"POINT (7.082013372000063 50.882510944000046)","Unfall 128718 (2019) Kat:3, Licht: 0","128718","3","4","6","12","14","4","0","0","0","1","1","0"
"POINT (7.081018722000067 50.885672978000059)","Unfall 128719 (2019) Kat:3, Licht: 2","128719","3","6","2","12","17","4","0","2","0","1","0","0"
"POINT (6.977418353000076 50.953372086000059)","Unfall 128720 (2019) Kat:3, Licht: 0","128720","3","2","1","12","13","4","0","0","0","1","0","0"
"POINT (6.977430622000043 50.953364271000055)","Unfall 128721 (2019) Kat:3, Licht: 1","128721","3","6","2","12","17","4","0","1","0","1","0","0"
"POINT (7.012754485000073 50.974107033000053)","Unfall 128722 (2019) Kat:3, Licht: 0","128722","3","3","5","12","09","4","1","0","0","1","0","1"
"POINT (6.925286608000022 50.958625758000039)","Unfall 128723 (2019) Kat:3, Licht: 2","128723","3","3","5","12","17","4","0","2","0","0","0","1"
"POINT (6.915411428000027 50.951039961000049)","Unfall 128724 (2019) Kat:3, Licht: 0","128724","3","4","6","12","15","4","0","0","0","0","1","0"
"POINT (6.921491012000047 50.909815363000064)","Unfall 128725 (2019) Kat:3, Licht: 0","128725","3","3","5","12","15","4","0","0","1","0","0","1"
"POINT (6.847586558000046 50.925120318000040)","Unfall 128812 (2019) Kat:3, Licht: 2","128812","3","6","2","12","17","4","0","2","0","1","0","0"
"POINT (6.844364150000047 50.916322411000067)","Unfall 128830 (2019) Kat:3, Licht: 0","128830","3","6","1","12","10","6","1","0","0","1","0","0"
"POINT (7.049825746000067 50.873381791000043)","Unfall 128889 (2019) Kat:3, Licht: 1","128889","3","2","5","12","07","3","1","1","1","1","0","0"
"POINT (6.981555621000041 50.937351143000058)","Unfall 128891 (2019) Kat:2, Licht: 2","128891","2","1","0","12","07","3","1","2","0","0","0","1"
"POINT (6.909724908000044 50.938513502000035)","Unfall 128892 (2019) Kat:2, Licht: 0","128892","2","1","0","12","10","3","1","0","1","0","0","0"
"POINT (6.848631652000051 50.935867872000074)","Unfall 128913 (2019) Kat:3, Licht: 0","128913","3","6","2","12","13","5","0","0","0","1","0","0"
"POINT (7.003471726000043 50.938033424000082)","Unfall 128916 (2019) Kat:3, Licht: 0","128916","3","1","0","12","11","5","0","0","1","0","0","0"
"POINT (7.001530132000028 50.937770336000028)","Unfall 128918 (2019) Kat:3, Licht: 1","128918","3","5","1","12","18","5","0","1","1","1","0","0"
"POINT (7.050215181000056 50.971414377000031)","Unfall 128920 (2019) Kat:3, Licht: 0","128920","3","5","0","12","11","5","0","0","0","1","1","0"
"POINT (7.029165886000044 50.966294296000058)","Unfall 128921 (2019) Kat:2, Licht: 2","128921","2","3","5","12","20","5","0","2","1","0","0","0"
"POINT (6.957193850000067 50.953264310000066)","Unfall 128924 (2019) Kat:3, Licht: 0","128924","3","5","0","12","08","5","0","0","1","1","0","0"
"POINT (6.924165374000040 50.865069180000035)","Unfall 128926 (2019) Kat:3, Licht: 2","128926","3","3","5","12","07","5","0","2","0","1","0","0"
"POINT (6.939761115000067 50.939732976000073)","Unfall 128931 (2019) Kat:3, Licht: 2","128931","3","5","1","12","22","5","0","2","1","0","0","0"
"POINT (7.034583042000065 50.958482690000039)","Unfall 129026 (2019) Kat:3, Licht: 1","129026","3","6","3","12","15","2","1","1","0","1","0","0"
"POINT (6.877521730000069 50.937852874000043)","Unfall 129050 (2019) Kat:3, Licht: 2","129050","3","1","8","12","17","1","1","2","0","1","0","0"
"POINT (6.954164962000050 50.935110165000026)","Unfall 129051 (2019) Kat:3, Licht: 0","129051","3","7","9","12","16","1","1","0","1","0","0","0"
"POINT (7.055783499000029 50.886863842000082)","Unfall 129112 (2019) Kat:3, Licht: 2","129112","3","6","4","12","06","7","1","2","0","1","0","0"
"POINT (6.957082635000063 50.951869472000055)","Unfall 129113 (2019) Kat:3, Licht: 0","129113","3","3","5","12","13","7","0","0","1","1","0","0"
"POINT (6.910613778000027 51.026915376000034)","Unfall 129114 (2019) Kat:3, Licht: 2","129114","3","6","2","12","22","7","0","2","0","1","0","0"
"POINT (6.957209826000053 50.954097664000074)","Unfall 129115 (2019) Kat:3, Licht: 0","129115","3","1","0","12","11","7","1","0","0","0","0","0"
"POINT (6.932320452000056 50.948385598000073)","Unfall 129116 (2019) Kat:3, Licht: 2","129116","3","7","5","12","18","7","0","2","0","1","0","0"
"POINT (6.920386833000066 50.953714376000050)","Unfall 129117 (2019) Kat:3, Licht: 0","129117","3","1","0","12","12","7","1","0","1","0","0","0"
"POINT (7.097411543000021 50.854999765000059)","Unfall 129147 (2019) Kat:2, Licht: 0","129147","2","6","2","12","15","7","0","0","0","1","0","0"
"POINT (6.969391194000025 50.876454424000030)","Unfall 129148 (2019) Kat:3, Licht: 2","129148","3","6","2","12","16","7","0","2","0","1","0","0"
"POINT (6.833041502000071 51.061067814000069)","Unfall 129149 (2019) Kat:2, Licht: 0","129149","2","1","3","12","08","7","1","0","0","1","0","0"
"POINT (7.012294949000022 50.991899004000061)","Unfall 129193 (2019) Kat:2, Licht: 0","129193","2","6","1","12","14","3","0","0","0","1","0","0"
"POINT (6.867153302000077 50.917679245000045)","Unfall 129195 (2019) Kat:2, Licht: 0","129195","2","6","2","12","08","3","0","0","0","0","0","0"
"POINT (6.992867590000060 50.936775844000067)","Unfall 129233 (2019) Kat:3, Licht: 0","129233","3","3","0","12","08","6","1","0","1","1","0","0"
"POINT (6.931052925000074 51.005496045000029)","Unfall 129235 (2019) Kat:3, Licht: 1","129235","3","1","0","12","15","6","1","1","1","0","0","0"
"POINT (6.921937498000034 50.936765547000050)","Unfall 129236 (2019) Kat:3, Licht: 2","129236","3","3","5","12","16","6","0","2","0","1","0","0"
"POINT (6.912540277000062 50.952900927000030)","Unfall 129237 (2019) Kat:3, Licht: 0","129237","3","4","6","12","09","6","1","0","1","0","1","0"
"POINT (6.946696114000076 50.850487754000028)","Unfall 129240 (2019) Kat:2, Licht: 0","129240","2","3","5","12","11","6","1","0","0","1","0","0"
"POINT (6.969697739000026 50.883119002000058)","Unfall 129241 (2019) Kat:3, Licht: 2","129241","3","1","0","12","07","6","2","2","1","0","0","0"
"POINT (6.930148231000032 50.909143964000066)","Unfall 129243 (2019) Kat:3, Licht: 0","129243","3","3","5","12","11","6","1","0","1","1","0","0"
"POINT (6.930403684000055 50.918325675000062)","Unfall 129245 (2019) Kat:3, Licht: 2","129245","3","1","0","12","07","6","1","2","1","0","0","0"
"POINT (6.839063482000029 51.041249891000064)","Unfall 129291 (2019) Kat:3, Licht: 2","129291","3","3","5","12","21","2","1","2","0","1","0","0"
"POINT (6.917905047000033 50.951405256000044)","Unfall 129294 (2019) Kat:3, Licht: 2","129294","3","4","6","12","18","2","1","2","0","0","1","0"
"POINT (6.892128039000056 50.961611595000079)","Unfall 129296 (2019) Kat:3, Licht: 0","129296","3","1","1","12","09","2","1","0","1","1","0","0"
"POINT (6.914812038000036 50.951427818000070)","Unfall 129300 (2019) Kat:3, Licht: 0","129300","3","2","5","12","09","2","0","0","1","1","0","0"
"POINT (6.932757098000025 50.948748673000068)","Unfall 129303 (2019) Kat:3, Licht: 2","129303","3","3","5","12","06","2","0","2","1","0","0","0"
"POINT (6.962274908000040 50.903820116000077)","Unfall 129305 (2019) Kat:3, Licht: 2","129305","3","1","8","12","16","2","1","2","0","1","0","0"
"POINT (6.910511047000057 50.899453791000042)","Unfall 129308 (2019) Kat:3, Licht: 2","129308","3","3","5","12","16","2","1","2","1","1","0","0"
"POINT (7.084060246000036 50.919186283000045)","Unfall 129370 (2019) Kat:3, Licht: 0","129370","3","6","3","12","15","5","0","0","0","1","0","0"
"POINT (6.907753499000023 51.005657858000063)","Unfall 129372 (2019) Kat:3, Licht: 0","129372","3","6","2","12","15","5","0","0","0","1","0","0"
"POINT (7.079801264000025 50.888860454000053)","Unfall 129426 (2019) Kat:3, Licht: 2","129426","3","2","5","12","07","4","0","2","0","1","1","0"
"POINT (6.977424416000076 50.953368224000030)","Unfall 129427 (2019) Kat:3, Licht: 0","129427","3","6","2","12","09","4","1","0","0","1","0","0"
"POINT (6.996744302000025 50.963936985000032)","Unfall 129428 (2019) Kat:2, Licht: 1","129428","2","6","4","12","07","4","1","1","1","0","0","0"
"POINT (6.935437573000058 50.877441956000041)","Unfall 129429 (2019) Kat:3, Licht: 2","129429","3","3","5","12","07","4","1","2","0","1","0","0"
"POINT (7.013431551000053 50.999639837000075)","Unfall 129527 (2019) Kat:3, Licht: 2","129527","3","6","2","12","19","4","1","2","0","0","0","0"
"POINT (6.850262616000066 50.974506890000043)","Unfall 129529 (2019) Kat:3, Licht: 2","129529","3","6","3","12","06","4","1","2","0","1","0","0"
"POINT (7.039590866000026 50.918811872000049)","Unfall 129576 (2019) Kat:3, Licht: 0","129576","3","6","2","12","15","6","1","0","0","1","0","0"
"POINT (7.035046393000073 50.957255578000058)","Unfall 129578 (2019) Kat:3, Licht: 0","129578","3","6","2","12","14","6","1","0","0","1","0","0"
"POINT (7.090227413000036 50.858100354000044)","Unfall 129620 (2019) Kat:3, Licht: 2","129620","3","6","2","12","07","3","1","2","0","1","0","1"
"POINT (7.009092060000057 50.939032939000072)","Unfall 129621 (2019) Kat:3, Licht: 0","129621","3","4","6","12","08","3","0","0","0","1","1","0"
"POINT (7.011807884000064 50.962740491000034)","Unfall 129624 (2019) Kat:3, Licht: 0","129624","3","5","3","12","14","3","0","0","0","1","0","1"
"POINT (6.924786644000051 50.936550506000060)","Unfall 129625 (2019) Kat:3, Licht: 0","129625","3","2","5","12","15","3","0","0","1","1","0","0"
"POINT (7.006779422000022 50.970975853000027)","Unfall 129668 (2019) Kat:2, Licht: 0","129668","2","3","5","12","15","5","0","0","1","1","0","0"
"POINT (7.097282183000061 50.843371607000051)","Unfall 129789 (2019) Kat:3, Licht: 0","129789","3","6","2","12","12","1","1","0","0","1","0","0"
"POINT (7.072499681000068 50.964633633000062)","Unfall 129790 (2019) Kat:3, Licht: 2","129790","3","1","8","12","00","1","1","2","0","1","0","0"
"POINT (6.954434428000070 50.961195824000072)","Unfall 129791 (2019) Kat:3, Licht: 0","129791","3","2","0","12","16","1","0","0","1","0","0","0"
"POINT (6.925481120000029 50.939827646000026)","Unfall 129792 (2019) Kat:3, Licht: 2","129792","3","7","0","12","20","1","0","2","1","0","0","0"
"POINT (6.939466537000044 50.934056546000079)","Unfall 129793 (2019) Kat:3, Licht: 2","129793","3","7","3","12","02","1","1","2","0","1","0","0"
"POINT (7.028608161000022 50.915148499000054)","Unfall 129821 (2019) Kat:3, Licht: 2","129821","3","1","9","12","02","1","1","2","0","1","0","0"
"POINT (6.981410062000066 50.942450520000079)","Unfall 129893 (2019) Kat:3, Licht: 2","129893","3","6","2","12","20","7","1","2","0","1","0","0"
"POINT (6.943824214000074 50.989209379000044)","Unfall 129895 (2019) Kat:3, Licht: 0","129895","3","1","0","12","15","7","1","0","0","0","0","1"
"POINT (6.892155275000050 50.992044283000041)","Unfall 129897 (2019) Kat:2, Licht: 2","129897","2","1","8","12","16","7","1","2","1","1","0","0"
"POINT (6.933810207000022 50.943135226000038)","Unfall 129900 (2019) Kat:3, Licht: 2","129900","3","1","8","12","20","3","1","2","1","0","0","0"
"POINT (6.926756251000029 50.942662885000061)","Unfall 129901 (2019) Kat:3, Licht: 2","129901","3","7","9","12","05","7","1","2","0","1","0","0"
"POINT (6.940513178000060 50.936211682000078)","Unfall 129902 (2019) Kat:3, Licht: 2","129902","3","5","2","12","20","7","1","2","0","1","0","0"
"POINT (6.916041588000041 50.950632704000043)","Unfall 129903 (2019) Kat:3, Licht: 2","129903","3","4","6","12","16","3","0","2","1","0","1","0"
"POINT (6.958720586000027 50.950135028000034)","Unfall 129904 (2019) Kat:3, Licht: 0","129904","3","2","5","12","12","3","0","0","0","1","0","0"
"POINT (6.969061199000066 50.858763170000032)","Unfall 130014 (2019) Kat:2, Licht: 0","130014","2","6","2","12","11","7","1","0","0","1","0","0"
"POINT (7.094136260000028 50.885425967000060)","Unfall 130016 (2019) Kat:2, Licht: 2","130016","2","6","2","12","18","7","1","2","0","1","0","0"
"POINT (6.934391447000053 50.887594161000038)","Unfall 130019 (2019) Kat:3, Licht: 0","130019","3","6","3","12","15","7","1","0","0","1","0","0"
"POINT (7.013121216000059 50.974094460000060)","Unfall 130102 (2019) Kat:3, Licht: 0","130102","3","7","6","12","12","2","1","0","0","1","1","0"
"POINT (6.873930544000075 51.003624959000035)","Unfall 130103 (2019) Kat:3, Licht: 0","130103","3","6","2","12","17","2","0","0","0","1","0","0"
"POINT (6.898362327000029 50.958525534000046)","Unfall 130105 (2019) Kat:3, Licht: 2","130105","3","6","2","12","19","2","1","2","0","1","0","1"
"POINT (6.964171173000068 50.848259989000042)","Unfall 130107 (2019) Kat:3, Licht: 0","130107","3","7","4","12","09","2","1","0","0","1","0","0"
"POINT (6.989424787000075 50.883887540000046)","Unfall 130109 (2019) Kat:3, Licht: 2","130109","3","2","5","12","16","2","1","2","1","1","0","0"
"POINT (6.942780174000063 50.935784819000048)","Unfall 130110 (2019) Kat:3, Licht: 2","130110","3","3","5","12","21","2","1","2","1","1","0","0"
"POINT (6.940353995000066 50.942197338000028)","Unfall 130111 (2019) Kat:3, Licht: 0","130111","3","5","1","12","12","2","1","0","1","1","0","0"
"POINT (6.900183719000040 50.937281159000065)","Unfall 130132 (2019) Kat:2, Licht: 2","130132","2","4","6","12","18","6","1","2","0","0","1","0"
"POINT (6.932753830000024 50.948554399000045)","Unfall 130133 (2019) Kat:3, Licht: 2","130133","3","6","1","12","22","6","1","2","0","1","0","0"
"POINT (6.916805105000037 50.950090995000039)","Unfall 130136 (2019) Kat:2, Licht: 0","130136","2","4","0","12","13","6","1","0","0","1","1","0"
"POINT (6.932621428000061 50.936560968000038)","Unfall 130138 (2019) Kat:3, Licht: 0","130138","3","2","5","12","10","6","1","0","1","1","0","0"
"POINT (7.095647459000077 50.840835418000040)","Unfall 130208 (2019) Kat:2, Licht: 2","130208","2","6","2","12","07","2","0","2","0","1","0","0"
"POINT (6.915949796000064 51.011106230000053)","Unfall 130212 (2019) Kat:3, Licht: 2","130212","3","6","2","12","17","2","1","2","0","1","0","0"
"POINT (7.022194929000023 50.979299947000072)","Unfall 130285 (2019) Kat:3, Licht: 2","130285","3","1","9","12","00","5","0","2","0","1","0","0"
"POINT (6.952744491000033 50.956411101000072)","Unfall 130289 (2019) Kat:3, Licht: 2","130289","3","1","1","12","21","5","0","2","1","0","0","0"
"POINT (6.957749059000037 50.957771335000075)","Unfall 130291 (2019) Kat:3, Licht: 0","130291","3","6","2","12","16","5","0","0","0","1","0","0"
"POINT (6.886268289000043 50.934081597000045)","Unfall 130292 (2019) Kat:3, Licht: 0","130292","3","6","2","12","13","1","0","0","0","1","0","0"
"POINT (6.932607753000070 50.920417547000056)","Unfall 130293 (2019) Kat:3, Licht: 2","130293","3","6","2","12","21","1","1","2","0","1","0","0"
"POINT (6.869316440000034 50.968851725000036)","Unfall 130294 (2019) Kat:3, Licht: 0","130294","3","2","1","12","09","5","0","0","0","1","0","0"
"POINT (6.934980346000032 50.950640957000076)","Unfall 130296 (2019) Kat:3, Licht: 0","130296","3","1","0","12","12","5","0","0","1","0","0","0"
"POINT (6.914999771000055 50.903769007000051)","Unfall 130298 (2019) Kat:3, Licht: 2","130298","3","6","3","12","18","5","0","2","0","1","0","1"
"POINT (6.936467654000069 50.906754784000043)","Unfall 130299 (2019) Kat:3, Licht: 2","130299","3","3","5","12","18","5","0","2","1","1","0","0"
"POINT (6.939479124000059 50.935411643000066)","Unfall 130302 (2019) Kat:2, Licht: 0","130302","2","7","6","12","14","5","0","0","0","0","1","0"
"POINT (6.972735620000037 50.930262749000065)","Unfall 130398 (2019) Kat:2, Licht: 2","130398","2","4","6","12","22","7","0","2","0","1","1","0"
"POINT (6.953626703000055 50.964990348000072)","Unfall 130399 (2019) Kat:2, Licht: 0","130399","2","4","6","12","15","7","0","0","0","0","1","1"
"POINT (6.932107588000065 50.908283957000037)","Unfall 130401 (2019) Kat:3, Licht: 0","130401","3","6","2","12","12","7","0","0","0","1","0","0"
"POINT (7.010496638000063 51.029425485000047)","Unfall 130467 (2019) Kat:3, Licht: 0","130467","3","6","2","12","13","7","0","0","0","1","0","0"
"POINT (7.038533344000030 50.948097278000034)","Unfall 130469 (2019) Kat:3, Licht: 0","130469","3","1","9","12","09","7","0","0","0","1","0","0"
"POINT (7.082640052000045 50.921774974000073)","Unfall 130551 (2019) Kat:3, Licht: 0","130551","3","2","6","12","12","4","0","0","0","1","1","0"
"POINT (7.080812700000024 50.946042431000080)","Unfall 130553 (2019) Kat:3, Licht: 0","130553","3","2","6","12","10","4","0","0","0","1","1","0"
"POINT (6.977234613000064 50.953310784000053)","Unfall 130555 (2019) Kat:2, Licht: 0","130555","2","6","4","12","08","4","1","0","1","0","0","0"
"POINT (6.873999641000069 51.003581197000074)","Unfall 130556 (2019) Kat:3, Licht: 2","130556","3","6","4","12","17","6","0","2","0","1","0","0"
"POINT (6.881219704000046 50.966457230000060)","Unfall 130557 (2019) Kat:2, Licht: 0","130557","2","3","5","12","08","4","1","0","1","0","0","0"
"POINT (6.997220820000052 50.865495024000040)","Unfall 130558 (2019) Kat:3, Licht: 0","130558","3","3","5","12","14","4","0","0","1","1","0","0"