WKT,Name,OBJECTID,UKATEGORIE,UTYP1,UART,UMONAT,USTUNDE,UWOCHENTAG,STRZUSTAND,ULICHTVERH,ISTRAD,ISTPKW,ISTFUSS,ISTKRAD
"POINT (6.844306119000066 50.938092600000061)","Unfall 130559 (2019) Kat:3, Licht: 2","130559","3","4","6","12","17","6","0","2","0","1","1","0"
"POINT (6.915246539000066 50.951146523000034)","Unfall 130560 (2019) Kat:3, Licht: 2","130560","3","7","5","12","17","6","0","2","1","1","0","0"
"POINT (6.929833764000023 50.925382781000053)","Unfall 130562 (2019) Kat:3, Licht: 0","130562","3","7","0","12","15","4","0","0","0","0","0","0"
"POINT (6.942146193000042 50.944871084000056)","Unfall 130564 (2019) Kat:3, Licht: 2","130564","3","6","4","12","00","4","1","2","1","1","0","0"
"POINT (7.014105687000040 51.004217419000042)","Unfall 130702 (2019) Kat:3, Licht: 2","130702","3","6","2","12","17","6","0","2","0","1","0","0"
"POINT (7.040720717000056 50.943830352000077)","Unfall 130704 (2019) Kat:3, Licht: 2","130704","3","6","3","12","16","6","0","2","0","1","0","0"
"POINT (7.100871894000022 50.899676222000039)","Unfall 130782 (2019) Kat:3, Licht: 2","130782","3","2","2","12","17","6","0","2","1","1","0","0"
"POINT (6.978878285000064 50.939630488000034)","Unfall 130784 (2019) Kat:3, Licht: 2","130784","3","7","3","12","20","6","0","2","0","1","0","0"
"POINT (6.928280707000056 50.863598945000035)","Unfall 130785 (2019) Kat:3, Licht: 2","130785","3","2","5","12","20","6","0","2","0","1","0","0"
"POINT (6.939367454000035 50.927047810000033)","Unfall 130787 (2019) Kat:3, Licht: 1","130787","3","2","4","12","08","6","0","1","1","1","0","0"
"POINT (6.926701404000028 50.960825590000070)","Unfall 130851 (2019) Kat:3, Licht: 0","130851","3","6","2","12","13","6","1","0","0","1","0","0"
"POINT (6.983467789000031 50.944216596000047)","Unfall 130869 (2019) Kat:3, Licht: 2","130869","3","6","2","12","21","3","2","2","0","1","0","0"
"POINT (6.914096298000061 50.972144675000038)","Unfall 130872 (2019) Kat:3, Licht: 0","130872","3","6","2","12","13","3","0","0","0","1","0","0"
"POINT (7.049449362000075 50.942847040000061)","Unfall 130875 (2019) Kat:2, Licht: 0","130875","2","1","8","12","06","5","1","0","0","1","0","0"
"POINT (6.913632793000033 50.947376125000062)","Unfall 130877 (2019) Kat:3, Licht: 0","130877","3","7","1","12","09","5","1","0","1","1","0","0"
"POINT (6.970309014000065 50.880526100000054)","Unfall 130878 (2019) Kat:3, Licht: 0","130878","3","3","5","12","09","5","1","0","1","1","0","0"
"POINT (7.031601686000045 50.969362871000044)","Unfall 130920 (2019) Kat:2, Licht: 0","130920","2","1","9","12","10","5","1","0","0","0","0","1"
"POINT (7.085364147000064 50.885611136000080)","Unfall 130958 (2019) Kat:2, Licht: 2","130958","2","2","5","12","21","4","1","2","0","1","0","0"
"POINT (7.004148814000075 50.938140487000055)","Unfall 130969 (2019) Kat:3, Licht: 0","130969","3","4","2","12","15","2","0","0","1","1","1","0"
"POINT (6.977441488000068 50.953357349000044)","Unfall 130977 (2019) Kat:2, Licht: 0","130977","2","6","2","12","12","2","0","0","0","1","0","0"
"POINT (6.946192435000057 50.935739026000078)","Unfall 130979 (2019) Kat:3, Licht: 2","130979","3","3","5","12","22","2","0","2","0","1","0","0"
"POINT (6.969710647000056 50.865745652000044)","Unfall 130996 (2019) Kat:3, Licht: 2","130996","3","6","3","12","18","4","1","2","0","1","0","0"
"POINT (7.051658505000034 50.952072151000039)","Unfall 130997 (2019) Kat:2, Licht: 2","130997","2","6","9","12","00","4","1","2","0","1","0","0"
"POINT (7.067067105000035 50.907933677000074)","Unfall 130998 (2019) Kat:3, Licht: 2","130998","3","6","2","12","18","4","1","2","0","1","0","0"
"POINT (6.924434303000055 51.015949785000032)","Unfall 131000 (2019) Kat:3, Licht: 0","131000","3","6","2","12","14","4","1","0","0","1","0","0"
"POINT (7.043784302000063 50.867890511000041)","Unfall 131033 (2019) Kat:3, Licht: 2","131033","3","4","6","12","07","3","1","2","0","1","1","0"
"POINT (6.882137583000031 50.937787717000049)","Unfall 131035 (2019) Kat:3, Licht: 0","131035","3","1","9","12","15","3","1","0","0","1","0","0"
"POINT (6.857578367000031 50.937999925000042)","Unfall 131093 (2019) Kat:2, Licht: 2","131093","2","7","0","12","01","1","0","2","0","0","1","0"
"POINT (7.009920155000032 50.958415204000062)","Unfall 131126 (2019) Kat:3, Licht: 0","131126","3","2","0","12","14","2","1","0","0","0","0","0"
"POINT (7.005636010000046 50.964440121000052)","Unfall 131128 (2019) Kat:3, Licht: 0","131128","3","3","5","12","15","2","1","0","1","1","0","0"
"POINT (6.922720075000029 50.947321310000063)","Unfall 131131 (2019) Kat:3, Licht: 2","131131","3","5","0","12","16","2","1","2","1","1","0","0"
"POINT (6.890083811000068 50.925678756000082)","Unfall 131132 (2019) Kat:3, Licht: 2","131132","3","7","0","12","18","2","1","2","0","1","0","1"
"POINT (6.853641260000075 50.919666718000030)","Unfall 131167 (2019) Kat:3, Licht: 0","131167","3","3","5","12","14","7","0","0","0","1","0","0"
"POINT (7.001389388000064 50.946738909000032)","Unfall 232806 (2019) Kat:2, Licht: 0","232806","2","1","0","01","16","6","1","0","1","0","0","0"
"POINT (6.880911427000058 51.023285970000074)","Unfall 232807 (2019) Kat:3, Licht: 0","232807","3","3","5","01","08","6","1","0","0","1","0","1"
"POINT (6.890891438000040 50.974064876000057)","Unfall 232808 (2019) Kat:2, Licht: 2","232808","2","5","0","01","19","6","1","2","0","1","0","1"
"POINT (7.013128648000077 50.865440941000031)","Unfall 232809 (2019) Kat:3, Licht: 2","232809","3","5","1","01","17","6","1","2","1","1","0","0"
"POINT (6.940456065000035 50.911097071000029)","Unfall 232810 (2019) Kat:3, Licht: 0","232810","3","5","1","01","13","6","1","0","1","1","0","0"
"POINT (6.955861811000034 50.942602773000033)","Unfall 232811 (2019) Kat:3, Licht: 0","232811","3","3","5","01","14","6","1","0","1","1","0","0"
"POINT (7.034236002000057 50.996880159000057)","Unfall 232857 (2019) Kat:3, Licht: 2","232857","3","7","9","01","17","5","1","2","0","1","0","0"
"POINT (6.896297409000056 51.009893406000060)","Unfall 232858 (2019) Kat:2, Licht: 1","232858","2","7","0","01","17","5","1","1","0","1","0","0"
"POINT (6.924656792000064 50.886282405000031)","Unfall 232859 (2019) Kat:3, Licht: 1","232859","3","1","0","01","16","5","1","1","0","0","0","1"
"POINT (6.974161936000030 50.858164258000045)","Unfall 232860 (2019) Kat:3, Licht: 0","232860","3","2","5","01","14","5","1","0","0","1","0","0"
"POINT (6.926048388000027 50.916638146000082)","Unfall 232861 (2019) Kat:3, Licht: 0","232861","3","3","5","01","12","5","0","0","1","0","0","0"
"POINT (6.954271910000045 50.985200326000040)","Unfall 232889 (2019) Kat:3, Licht: 2","232889","3","6","4","01","21","4","0","2","1","0","0","0"
"POINT (6.939283969000030 50.930291039000053)","Unfall 232890 (2019) Kat:3, Licht: 2","232890","3","6","0","01","22","4","0","2","0","1","0","0"
"POINT (6.985644815000057 50.986572001000070)","Unfall 232919 (2019) Kat:3, Licht: 2","232919","3","7","0","01","00","3","0","2","1","0","1","0"
"POINT (7.001509959000032 50.948367503000043)","Unfall 232930 (2019) Kat:3, Licht: 2","232930","3","4","6","01","16","7","1","2","0","1","1","0"
"POINT (6.953182318000074 50.939067249000061)","Unfall 232935 (2019) Kat:3, Licht: 0","232935","3","1","9","01","10","7","1","0","0","1","0","0"
"POINT (7.064551069000061 50.941264580000052)","Unfall 233043 (2019) Kat:3, Licht: 2","233043","3","6","2","01","06","4","1","2","0","1","0","0"
"POINT (6.981619238000064 50.996857687000045)","Unfall 233065 (2019) Kat:1, Licht: 0","233065","1","4","0","01","11","3","1","0","0","0","1","0"
"POINT (6.918018700000062 50.928657312000041)","Unfall 233073 (2019) Kat:3, Licht: 0","233073","3","2","5","01","08","2","1","0","1","0","0","0"
"POINT (6.924278714000025 50.917703459000052)","Unfall 233076 (2019) Kat:3, Licht: 2","233076","3","3","5","01","18","3","1","2","1","0","0","0"
"POINT (6.969995940000047 50.908629186000041)","Unfall 233091 (2019) Kat:3, Licht: 0","233091","3","7","6","01","14","4","0","0","0","1","1","0"
"POINT (6.905902955000045 50.959461098000077)","Unfall 233095 (2019) Kat:3, Licht: 2","233095","3","2","5","01","21","5","1","2","0","1","0","0"
"POINT (7.060152805000030 50.929153034000080)","Unfall 233096 (2019) Kat:3, Licht: 2","233096","3","7","0","01","16","1","0","2","0","0","0","0"
"POINT (6.898591812000063 50.934835026000030)","Unfall 233113 (2019) Kat:3, Licht: 2","233113","3","3","0","01","07","3","1","2","1","1","0","0"
"POINT (6.949139272000025 50.940109552000081)","Unfall 233123 (2019) Kat:3, Licht: 0","233123","3","6","6","01","10","3","0","0","0","1","1","0"
"POINT (7.037006108000071 50.955126518000043)","Unfall 233154 (2019) Kat:3, Licht: 0","233154","3","1","9","01","09","1","1","0","0","1","0","0"
"POINT (7.073688815000025 50.895963725000058)","Unfall 233163 (2019) Kat:3, Licht: 0","233163","3","3","0","01","12","3","1","0","0","1","0","1"
"POINT (6.869504355000061 50.932241331000057)","Unfall 233171 (2019) Kat:3, Licht: 0","233171","3","3","5","01","10","2","1","0","1","1","0","0"
"POINT (6.968295231000070 50.912077379000038)","Unfall 233174 (2019) Kat:3, Licht: 0","233174","3","3","1","01","12","3","1","0","1","1","0","0"
"POINT (6.907481083000050 50.941746713000043)","Unfall 233191 (2019) Kat:3, Licht: 0","233191","3","2","2","01","13","4","1","0","0","1","0","1"
"POINT (6.957469328000059 50.974167931000068)","Unfall 233194 (2019) Kat:3, Licht: 2","233194","3","2","5","01","18","5","1","2","0","1","0","0"
"POINT (6.925920807000068 50.946809677000033)","Unfall 233213 (2019) Kat:3, Licht: 0","233213","3","7","0","01","14","3","1","0","1","0","0","0"
"POINT (6.941558763000046 50.910866897000062)","Unfall 233222 (2019) Kat:3, Licht: 0","233222","3","2","5","01","11","2","0","0","1","0","0","0"
"POINT (6.957661067000061 50.956872355000030)","Unfall 233225 (2019) Kat:3, Licht: 1","233225","3","5","1","01","16","3","1","1","0","1","0","1"
"POINT (6.961755411000070 50.926862080000035)","Unfall 233241 (2019) Kat:3, Licht: 0","233241","3","5","1","01","09","4","1","0","1","1","0","0"
"POINT (6.975267079000048 50.868520013000079)","Unfall 233245 (2019) Kat:2, Licht: 0","233245","2","7","6","01","10","5","0","0","0","0","1","0"
"POINT (6.926152135000052 50.994727598000054)","Unfall 233246 (2019) Kat:3, Licht: 0","233246","3","2","3","01","14","1","1","0","0","1","0","0"
"POINT (6.958834778000039 50.923487259000069)","Unfall 233276 (2019) Kat:3, Licht: 0","233276","3","3","5","01","09","3","0","0","1","1","0","0"
"POINT (7.004517988000032 50.864893270000039)","Unfall 233280 (2019) Kat:3, Licht: 2","233280","3","3","5","01","17","3","1","2","1","1","0","0"
"POINT (7.085175157000037 50.856501055000081)","Unfall 233344 (2019) Kat:3, Licht: 0","233344","3","6","4","01","10","2","1","0","0","1","0","0"
"POINT (7.063781855000059 50.890758195000046)","Unfall 233345 (2019) Kat:3, Licht: 2","233345","3","2","5","01","07","2","1","2","0","1","0","0"
"POINT (6.973211415000037 50.941812788000050)","Unfall 233346 (2019) Kat:2, Licht: 1","233346","2","2","4","01","08","2","1","1","0","1","0","1"
"POINT (6.968884976000027 50.968820723000078)","Unfall 233347 (2019) Kat:3, Licht: 0","233347","3","4","2","01","11","2","1","0","0","1","1","0"
"POINT (6.888102930000059 51.020523282000056)","Unfall 233348 (2019) Kat:2, Licht: 2","233348","2","3","5","01","17","2","1","2","0","1","0","0"
"POINT (6.861055690000057 50.930506521000041)","Unfall 233349 (2019) Kat:3, Licht: 2","233349","3","3","0","01","17","2","1","2","0","1","0","1"
"POINT (6.894126464000067 50.990740801000072)","Unfall 233350 (2019) Kat:3, Licht: 0","233350","3","1","9","01","12","2","1","0","0","1","0","0"
"POINT (6.889716893000070 50.984305737000057)","Unfall 233351 (2019) Kat:3, Licht: 0","233351","3","4","6","01","10","2","1","0","0","0","1","0"
"POINT (6.895382280000035 50.956833590000031)","Unfall 233352 (2019) Kat:3, Licht: 0","233352","3","6","6","01","15","2","0","0","0","1","1","0"
"POINT (6.955459137000048 50.942559264000067)","Unfall 233353 (2019) Kat:3, Licht: 0","233353","3","1","0","01","12","2","1","0","0","0","0","1"
"POINT (6.898563091000028 50.935394948000067)","Unfall 233402 (2019) Kat:3, Licht: 0","233402","3","3","5","01","11","1","1","0","1","1","0","0"
"POINT (7.058983003000037 50.908482047000064)","Unfall 233429 (2019) Kat:3, Licht: 2","233429","3","2","5","01","17","7","1","2","0","1","0","0"
"POINT (6.900734724000074 50.934388833000071)","Unfall 233430 (2019) Kat:3, Licht: 2","233430","3","1","0","01","20","7","1","2","1","0","0","0"
"POINT (6.941558763000046 50.910866897000062)","Unfall 233431 (2019) Kat:3, Licht: 2","233431","3","2","6","01","21","7","1","2","0","1","1","0"
"POINT (6.980739818000075 50.897999520000042)","Unfall 233432 (2019) Kat:3, Licht: 2","233432","3","2","5","01","22","7","1","2","0","1","0","0"
"POINT (6.924704888000065 50.854879879000066)","Unfall 233433 (2019) Kat:3, Licht: 0","233433","3","5","1","01","15","7","1","0","0","1","0","0"
"POINT (6.947738416000050 50.938866936000068)","Unfall 233434 (2019) Kat:3, Licht: 2","233434","3","2","6","01","17","7","1","2","0","1","1","0"
"POINT (7.042604462000043 50.934523436000063)","Unfall 233484 (2019) Kat:3, Licht: 2","233484","3","7","0","01","21","6","1","2","0","0","0","1"
"POINT (6.936917724000068 51.025810475000071)","Unfall 233485 (2019) Kat:2, Licht: 0","233485","2","2","4","01","14","6","1","0","0","1","0","1"
"POINT (6.891210449000027 51.029423660000077)","Unfall 233486 (2019) Kat:3, Licht: 0","233486","3","7","6","01","12","6","1","0","0","0","1","0"
"POINT (6.905813167000076 50.959318800000062)","Unfall 233487 (2019) Kat:3, Licht: 2","233487","3","2","6","01","21","6","1","2","0","1","1","0"
"POINT (6.907771433000050 50.950259448000054)","Unfall 233561 (2019) Kat:2, Licht: 0","233561","2","5","1","01","10","1","1","0","0","1","0","1"
"POINT (6.956806648000054 50.920494798000050)","Unfall 233562 (2019) Kat:3, Licht: 2","233562","3","7","1","01","18","1","0","2","0","1","0","0"
"POINT (6.940133260000039 50.968366820000028)","Unfall 233589 (2019) Kat:3, Licht: 2","233589","3","6","2","01","20","7","2","2","0","1","0","0"
"POINT (6.920844314000021 50.995215006000080)","Unfall 233590 (2019) Kat:3, Licht: 0","233590","3","2","5","01","08","7","2","0","1","1","0","0"
"POINT (7.018150059000050 50.932792962000065)","Unfall 233622 (2019) Kat:3, Licht: 0","233622","3","7","0","01","11","6","0","0","0","1","0","0"
"POINT (7.034661956000036 50.971347471000058)","Unfall 233623 (2019) Kat:3, Licht: 0","233623","3","1","0","01","09","6","2","0","1","0","0","0"
"POINT (6.954088521000074 50.971419742000080)","Unfall 233624 (2019) Kat:3, Licht: 2","233624","3","5","6","01","18","6","0","2","0","1","1","0"
"POINT (6.852981192000073 51.001101670000025)","Unfall 233625 (2019) Kat:3, Licht: 0","233625","3","1","0","01","08","6","2","0","1","0","0","0"
"POINT (6.922867793000023 50.949492616000043)","Unfall 233626 (2019) Kat:3, Licht: 0","233626","3","7","0","01","12","6","0","0","0","0","1","0"
"POINT (6.904022207000025 50.976986455000031)","Unfall 233627 (2019) Kat:2, Licht: 0","233627","2","1","0","01","08","6","2","0","1","0","0","0"
"POINT (6.990765656000065 50.886189467000065)","Unfall 233628 (2019) Kat:3, Licht: 1","233628","3","7","0","01","16","6","0","1","1","1","0","0"
"POINT (6.922671145000038 50.904982927000049)","Unfall 233629 (2019) Kat:3, Licht: 0","233629","3","1","0","01","09","6","2","0","1","0","0","0"
"POINT (6.904933558000039 50.919901129000039)","Unfall 233631 (2019) Kat:3, Licht: 2","233631","3","5","1","01","20","6","1","2","1","1","0","0"
"POINT (6.951610922000043 50.913666335000073)","Unfall 233694 (2019) Kat:3, Licht: 0","233694","3","1","9","01","12","5","1","0","0","1","0","0"
"POINT (6.923258045000068 50.936863113000072)","Unfall 233751 (2019) Kat:3, Licht: 2","233751","3","1","0","01","18","4","1","2","1","0","0","0"
"POINT (6.898970059000021 50.952631297000039)","Unfall 233752 (2019) Kat:3, Licht: 0","233752","3","7","0","01","15","4","0","0","1","0","0","0"
"POINT (7.100134220000030 50.858458478000045)","Unfall 233791 (2019) Kat:3, Licht: 0","233791","3","6","1","01","12","3","0","0","0","1","0","0"
"POINT (7.001253239000050 50.933788704000051)","Unfall 233792 (2019) Kat:3, Licht: 0","233792","3","2","5","01","09","3","0","0","1","0","0","0"
"POINT (6.939190977000067 50.958165629000064)","Unfall 233793 (2019) Kat:2, Licht: 0","233793","2","2","5","01","17","3","0","0","1","0","0","0"
"POINT (6.918980448000070 50.912062319000029)","Unfall 233794 (2019) Kat:3, Licht: 2","233794","3","2","1","01","06","3","1","2","0","1","0","1"
"POINT (6.997415987000068 50.959022512000047)","Unfall 233804 (2019) Kat:3, Licht: 2","233804","3","4","6","01","07","6","1","2","0","1","1","0"
"POINT (6.913871597000025 50.996287384000027)","Unfall 233805 (2019) Kat:3, Licht: 0","233805","3","2","5","01","10","6","1","0","0","1","0","0"
"POINT (6.911174157000062 50.966307929000038)","Unfall 233806 (2019) Kat:3, Licht: 2","233806","3","3","0","01","18","6","1","2","0","1","0","0"
"POINT (7.083707747000062 50.863121700000079)","Unfall 233851 (2019) Kat:3, Licht: 2","233851","3","3","5","01","23","6","1","2","0","1","0","0"
"POINT (7.029639917000054 50.898183950000032)","Unfall 233867 (2019) Kat:3, Licht: 1","233867","3","7","0","01","07","5","2","1","0","1","0","0"
"POINT (7.048618168000076 50.943930444000046)","Unfall 233868 (2019) Kat:3, Licht: 0","233868","3","7","0","01","15","5","1","0","0","0","1","0"
"POINT (6.864124826000023 50.915882335000049)","Unfall 233869 (2019) Kat:3, Licht: 1","233869","3","1","0","01","07","5","2","1","1","0","0","0"
"POINT (6.961425122000037 50.914508688000069)","Unfall 233870 (2019) Kat:3, Licht: 2","233870","3","2","5","01","22","5","0","2","1","0","0","0"
"POINT (6.930981053000039 50.926126061000048)","Unfall 233871 (2019) Kat:2, Licht: 2","233871","2","5","1","01","18","5","1","2","1","1","0","0"
"POINT (6.956152431000021 50.941744597000081)","Unfall 233872 (2019) Kat:2, Licht: 0","233872","2","1","0","01","16","5","2","0","1","0","0","0"
"POINT (7.023654579000038 50.943956743000058)","Unfall 233920 (2019) Kat:3, Licht: 0","233920","3","6","6","01","14","4","1","0","1","1","1","0"
"POINT (6.907854593000025 50.946296003000043)","Unfall 233921 (2019) Kat:3, Licht: 2","233921","3","2","5","01","17","4","0","2","1","1","0","0"
"POINT (6.974238902000025 50.968848604000073)","Unfall 233960 (2019) Kat:3, Licht: 0","233960","3","4","6","01","07","3","1","0","0","1","1","0"
"POINT (6.952468656000065 50.990621995000026)","Unfall 233961 (2019) Kat:3, Licht: 2","233961","3","1","9","01","20","3","2","2","0","0","0","0"
"POINT (6.968066542000031 50.962186206000069)","Unfall 233962 (2019) Kat:3, Licht: 2","233962","3","6","2","01","17","3","1","2","0","1","0","0"
"POINT (6.917389881000077 50.953752726000062)","Unfall 233963 (2019) Kat:2, Licht: 0","233963","2","7","0","01","14","3","0","0","1","1","0","0"
"POINT (6.909466271000042 50.957987929000069)","Unfall 233964 (2019) Kat:2, Licht: 0","233964","2","7","0","01","15","3","1","0","0","1","0","0"
"POINT (6.958990436000022 50.910632980000059)","Unfall 233965 (2019) Kat:3, Licht: 2","233965","3","6","2","01","21","3","2","2","0","1","0","0"
"POINT (6.897335243000043 50.924246765000078)","Unfall 233966 (2019) Kat:3, Licht: 2","233966","3","3","5","01","07","3","2","2","1","1","0","0"
"POINT (7.005762674000039 50.949312216000067)","Unfall 234013 (2019) Kat:3, Licht: 0","234013","3","5","3","01","12","2","0","0","1","1","0","0"
"POINT (6.957835971000066 50.958360179000067)","Unfall 234014 (2019) Kat:3, Licht: 2","234014","3","1","0","01","18","2","0","2","0","0","0","1"
"POINT (6.838421882000034 50.962219099000038)","Unfall 234016 (2019) Kat:3, Licht: 0","234016","3","3","0","01","16","2","0","0","1","1","0","0"
"POINT (6.897715102000063 50.946043575000033)","Unfall 234017 (2019) Kat:3, Licht: 0","234017","3","6","2","01","13","2","0","0","0","1","0","0"
"POINT (6.886268289000043 50.934081597000045)","Unfall 234018 (2019) Kat:2, Licht: 0","234018","2","3","5","01","12","2","0","0","0","1","0","0"
"POINT (6.966301644000055 50.897448360000055)","Unfall 234019 (2019) Kat:3, Licht: 0","234019","3","2","6","01","09","2","0","0","0","1","1","0"
"POINT (6.889248602000066 51.016049333000069)","Unfall 234075 (2019) Kat:3, Licht: 1","234075","3","5","1","01","17","4","2","1","0","1","0","0"
"POINT (6.968950536000023 50.955878726000037)","Unfall 234076 (2019) Kat:3, Licht: 0","234076","3","6","2","01","16","4","1","0","0","1","0","0"
"POINT (6.944214390000070 50.940152505000071)","Unfall 234077 (2019) Kat:3, Licht: 2","234077","3","6","2","01","21","4","1","2","0","1","0","0"
"POINT (7.019190775000027 50.939421956000047)","Unfall 234141 (2019) Kat:3, Licht: 2","234141","3","3","5","01","19","3","0","2","0","1","0","0"
"POINT (7.009016628000040 50.934120450000080)","Unfall 234143 (2019) Kat:3, Licht: 2","234143","3","2","6","01","00","3","1","2","0","1","1","0"
"POINT (6.929919234000067 51.041040738000049)","Unfall 234144 (2019) Kat:3, Licht: 2","234144","3","7","8","01","18","3","0","2","0","1","0","0"
"POINT (6.911509773000034 50.950136745000066)","Unfall 234145 (2019) Kat:3, Licht: 2","234145","3","6","3","01","07","3","1","2","0","1","0","1"
"POINT (6.940008371000033 50.901474122000081)","Unfall 234147 (2019) Kat:3, Licht: 0","234147","3","5","1","01","13","3","0","0","1","1","0","0"
"POINT (7.029295212000022 50.956386033000058)","Unfall 234206 (2019) Kat:3, Licht: 0","234206","3","6","2","01","14","2","1","0","0","1","0","0"
"POINT (7.041285333000076 50.993878783000071)","Unfall 234207 (2019) Kat:2, Licht: 0","234207","2","4","6","01","13","2","1","0","0","1","1","0"
"POINT (6.853636337000069 50.942023573000029)","Unfall 234208 (2019) Kat:3, Licht: 2","234208","3","7","1","01","07","2","1","2","1","1","0","0"
"POINT (6.946610012000065 50.929107988000055)","Unfall 234209 (2019) Kat:3, Licht: 0","234209","3","7","4","01","08","2","1","0","0","1","0","1"
"POINT (7.069481949000021 50.905310243000031)","Unfall 234249 (2019) Kat:3, Licht: 0","234249","3","3","5","01","13","1","1","0","0","1","0","0"
"POINT (7.056652721000035 50.929885379000041)","Unfall 234250 (2019) Kat:3, Licht: 2","234250","3","3","5","01","04","1","1","2","0","1","0","0"
"POINT (6.995753345000026 50.959262315000046)","Unfall 234251 (2019) Kat:3, Licht: 2","234251","3","4","6","01","21","1","1","2","1","0","1","0"
"POINT (6.952941977000023 50.962786046000076)","Unfall 234252 (2019) Kat:3, Licht: 2","234252","3","1","0","01","00","1","1","2","1","0","0","0"
"POINT (6.936021018000076 50.919372424000073)","Unfall 234253 (2019) Kat:2, Licht: 0","234253","2","2","4","01","12","1","1","0","0","1","0","0"
"POINT (6.944168099000024 50.924186346000056)","Unfall 234254 (2019) Kat:3, Licht: 2","234254","3","3","5","01","18","1","1","2","0","1","0","0"
"POINT (6.956242584000052 50.933478829000080)","Unfall 234255 (2019) Kat:3, Licht: 2","234255","3","5","0","01","18","1","1","2","1","1","0","0"
"POINT (6.979540632000067 50.926436141000067)","Unfall 234276 (2019) Kat:3, Licht: 0","234276","3","1","9","01","14","7","1","0","0","1","0","0"
"POINT (6.983098448000021 50.969117009000058)","Unfall 234277 (2019) Kat:3, Licht: 1","234277","3","3","5","01","07","7","0","1","1","1","0","0"
"POINT (6.930245383000056 50.912433967000027)","Unfall 234278 (2019) Kat:3, Licht: 2","234278","3","3","5","01","19","7","1","2","0","1","0","0"
"POINT (6.964828844000067 50.974240359000078)","Unfall 234346 (2019) Kat:3, Licht: 0","234346","3","1","0","02","10","2","0","0","0","0","0","0"
"POINT (6.949755890000063 50.958095778000029)","Unfall 234347 (2019) Kat:3, Licht: 0","234347","3","2","0","02","08","2","2","0","1","0","0","0"
"POINT (6.955635713000049 50.951198755000064)","Unfall 234348 (2019) Kat:3, Licht: 0","234348","3","4","6","02","07","2","0","0","0","1","1","0"
"POINT (7.014437794000060 50.896668964000071)","Unfall 234386 (2019) Kat:3, Licht: 0","234386","3","7","0","02","11","1","1","0","1","0","0","0"
"POINT (7.024333879000039 50.979976354000030)","Unfall 234388 (2019) Kat:3, Licht: 0","234388","3","5","1","02","10","1","0","0","1","1","0","0"
"POINT (6.897285999000076 51.008318155000040)","Unfall 234389 (2019) Kat:2, Licht: 0","234389","2","1","0","02","12","1","0","0","1","0","0","0"
"POINT (6.912068689000023 50.999279601000069)","Unfall 234416 (2019) Kat:3, Licht: 1","234416","3","7","5","02","17","7","1","1","0","1","0","0"
"POINT (6.919436706000056 50.952173894000055)","Unfall 234417 (2019) Kat:3, Licht: 1","234417","3","7","0","02","17","7","1","1","1","0","0","0"
"POINT (6.919217147000040 50.921359536000068)","Unfall 234418 (2019) Kat:3, Licht: 0","234418","3","1","0","02","09","7","1","0","1","0","0","0"
"POINT (6.963026481000043 50.933739462000062)","Unfall 234419 (2019) Kat:3, Licht: 0","234419","3","2","5","02","11","7","1","0","0","1","0","0"
"POINT (7.088894356000026 50.862924176000035)","Unfall 234466 (2019) Kat:3, Licht: 0","234466","3","4","6","02","14","6","1","0","0","1","1","0"
"POINT (7.032181162000029 50.970923417000051)","Unfall 234467 (2019) Kat:3, Licht: 0","234467","3","3","5","02","10","6","1","0","0","1","0","0"
"POINT (7.011270522000075 50.964159051000081)","Unfall 234468 (2019) Kat:3, Licht: 2","234468","3","7","1","02","01","6","2","2","0","1","0","0"
"POINT (6.896530643000062 51.019724727000039)","Unfall 234469 (2019) Kat:2, Licht: 0","234469","2","2","6","02","13","6","1","0","0","1","1","0"
"POINT (6.918679405000034 50.954354299000045)","Unfall 234470 (2019) Kat:3, Licht: 0","234470","3","7","4","02","12","6","1","0","0","1","0","0"
"POINT (6.906017800000029 50.945489750000036)","Unfall 234471 (2019) Kat:3, Licht: 0","234471","3","4","6","02","11","6","1","0","0","1","1","0"
"POINT (6.962608263000050 50.910526123000068)","Unfall 234472 (2019) Kat:3, Licht: 0","234472","3","2","3","02","10","6","1","0","0","1","0","0"
"POINT (6.911431127000071 50.934459496000045)","Unfall 234473 (2019) Kat:3, Licht: 2","234473","3","7","0","02","18","6","1","2","1","0","0","0"
"POINT (6.895456912000043 50.920998182000062)","Unfall 234474 (2019) Kat:3, Licht: 2","234474","3","6","4","02","06","6","2","2","1","1","0","0"
"POINT (6.950314709000054 50.945151059000068)","Unfall 234475 (2019) Kat:3, Licht: 2","234475","3","5","1","02","18","6","1","2","1","1","0","0"
"POINT (6.956977123000058 50.949198011000078)","Unfall 234476 (2019) Kat:3, Licht: 0","234476","3","1","0","02","12","6","1","0","1","1","0","0"
"POINT (6.950617828000077 50.920358651000072)","Unfall 234477 (2019) Kat:3, Licht: 0","234477","3","6","2","02","13","6","1","0","0","1","0","0"
"POINT (7.000639629000034 50.936687376000066)","Unfall 234535 (2019) Kat:3, Licht: 1","234535","3","2","6","01","08","5","1","1","0","1","1","0"