WKT,Name,OBJECTID,UKATEGORIE,UTYP1,UART,UMONAT,USTUNDE,UWOCHENTAG,STRZUSTAND,ULICHTVERH,ISTRAD,ISTPKW,ISTFUSS,ISTKRAD
"POINT (6.946801518000029 50.965393645000063)","Unfall 234536 (2019) Kat:3, Licht: 0","234536","3","7","5","01","15","5","1","0","0","1","0","1"
"POINT (6.890924583000071 50.976876954000033)","Unfall 234537 (2019) Kat:3, Licht: 0","234537","3","7","6","01","12","5","1","0","0","1","1","0"
"POINT (6.989556097000047 50.897375000000068)","Unfall 234538 (2019) Kat:3, Licht: 0","234538","3","2","2","01","10","5","2","0","0","1","0","0"
"POINT (7.011167736000061 50.956910109000034)","Unfall 234563 (2019) Kat:3, Licht: 0","234563","3","5","1","02","08","2","1","0","1","1","0","0"
"POINT (6.963415492000024 50.907729155000027)","Unfall 234564 (2019) Kat:3, Licht: 1","234564","3","2","5","02","17","2","1","1","1","1","0","0"
"POINT (6.953472376000036 50.933354802000053)","Unfall 234565 (2019) Kat:3, Licht: 0","234565","3","6","2","02","09","2","1","0","0","1","0","0"
"POINT (6.938832292000029 50.946200987000054)","Unfall 234566 (2019) Kat:3, Licht: 2","234566","3","7","0","02","18","2","1","2","1","1","0","0"
"POINT (7.000752506000026 50.938669087000051)","Unfall 234599 (2019) Kat:3, Licht: 0","234599","3","6","3","02","16","1","1","0","0","1","0","0"
"POINT (6.919651303000023 50.979652398000042)","Unfall 234620 (2019) Kat:2, Licht: 2","234620","2","7","1","02","05","7","1","2","0","1","0","0"
"POINT (6.910697109000068 50.955262823000055)","Unfall 234621 (2019) Kat:3, Licht: 2","234621","3","3","5","02","03","7","1","2","1","0","0","0"
"POINT (6.958109448000073 50.935179268000070)","Unfall 234623 (2019) Kat:3, Licht: 2","234623","3","4","6","02","01","7","1","2","0","1","1","0"
"POINT (7.038498304000029 50.953256663000047)","Unfall 234650 (2019) Kat:3, Licht: 2","234650","3","1","9","02","02","7","1","2","0","1","0","0"
"POINT (7.056949082000074 50.929811723000057)","Unfall 234662 (2019) Kat:3, Licht: 0","234662","3","4","6","02","14","6","0","0","0","1","1","0"
"POINT (7.043645357000059 50.992880086000071)","Unfall 234663 (2019) Kat:3, Licht: 0","234663","3","6","2","02","13","6","0","0","0","1","0","0"
"POINT (6.897974394000073 50.946026062000044)","Unfall 234665 (2019) Kat:3, Licht: 1","234665","3","2","5","02","07","6","0","1","1","1","0","0"
"POINT (6.916532501000063 50.914734087000056)","Unfall 234666 (2019) Kat:3, Licht: 0","234666","3","7","0","02","10","6","0","0","1","1","0","0"
"POINT (7.060433844000045 50.900008063000030)","Unfall 234717 (2019) Kat:3, Licht: 0","234717","3","3","5","02","16","5","0","0","0","1","0","0"
"POINT (7.077497283000071 50.946380635000025)","Unfall 234718 (2019) Kat:3, Licht: 0","234718","3","6","6","02","13","5","0","0","0","1","1","0"
"POINT (7.049772143000041 50.941907453000056)","Unfall 234719 (2019) Kat:3, Licht: 0","234719","3","4","0","02","15","5","0","0","1","0","1","0"
"POINT (6.961243246000038 50.986997731000031)","Unfall 234720 (2019) Kat:3, Licht: 0","234720","3","3","0","02","07","5","1","0","0","1","0","1"
"POINT (6.947682115000021 50.976033717000064)","Unfall 234721 (2019) Kat:3, Licht: 2","234721","3","7","6","02","18","5","1","2","0","0","1","0"
"POINT (6.914543359000049 50.967422595000073)","Unfall 234722 (2019) Kat:3, Licht: 2","234722","3","6","3","02","06","5","0","2","0","1","0","0"
"POINT (6.897078929000031 50.934480547000078)","Unfall 234723 (2019) Kat:3, Licht: 0","234723","3","7","8","02","13","5","1","0","0","1","0","0"
"POINT (7.053619342000047 50.910450491000063)","Unfall 234765 (2019) Kat:3, Licht: 1","234765","3","1","0","02","06","4","2","1","1","0","0","0"
"POINT (7.001835143000051 50.940886287000069)","Unfall 234766 (2019) Kat:3, Licht: 0","234766","3","7","1","02","12","4","0","0","0","1","0","1"
"POINT (6.884816051000030 50.947546777000071)","Unfall 234767 (2019) Kat:3, Licht: 2","234767","3","1","0","02","22","4","0","2","0","0","0","1"
"POINT (6.995801389000064 50.937291902000027)","Unfall 234808 (2019) Kat:3, Licht: 0","234808","3","3","5","02","16","3","0","0","1","1","0","0"
"POINT (6.833309287000077 50.946425411000064)","Unfall 234809 (2019) Kat:3, Licht: 2","234809","3","2","6","02","07","3","1","2","0","1","1","0"
"POINT (6.891050393000057 50.970488994000050)","Unfall 234810 (2019) Kat:3, Licht: 0","234810","3","7","0","02","16","3","0","0","1","0","0","0"
"POINT (6.910741107000035 50.957505435000030)","Unfall 234811 (2019) Kat:3, Licht: 2","234811","3","7","0","02","18","3","0","2","0","0","0","1"
"POINT (6.938306076000060 50.929746428000044)","Unfall 234812 (2019) Kat:3, Licht: 2","234812","3","2","5","02","20","3","0","2","0","1","0","1"
"POINT (7.000642096000036 50.936680468000077)","Unfall 234839 (2019) Kat:3, Licht: 0","234839","3","3","5","02","13","6","0","0","0","1","0","0"
"POINT (7.015678740000055 50.951700878000054)","Unfall 234840 (2019) Kat:3, Licht: 0","234840","3","2","5","02","07","6","0","0","0","1","0","0"
"POINT (6.939796558000069 50.968991575000075)","Unfall 234841 (2019) Kat:2, Licht: 2","234841","2","4","6","02","22","6","0","2","0","1","1","0"
"POINT (6.912036822000061 50.965276522000067)","Unfall 234842 (2019) Kat:3, Licht: 0","234842","3","2","6","02","07","6","0","0","0","1","1","0"
"POINT (6.946460083000034 50.943566429000043)","Unfall 234843 (2019) Kat:3, Licht: 0","234843","3","5","0","02","09","6","0","0","1","1","0","0"
"POINT (6.997679523000045 50.929771042000027)","Unfall 234916 (2019) Kat:2, Licht: 2","234916","2","2","4","02","20","5","0","2","0","1","0","1"
"POINT (7.084104470000057 50.864437644000077)","Unfall 234917 (2019) Kat:3, Licht: 0","234917","3","4","6","02","14","5","0","0","0","1","1","0"
"POINT (7.055668153000056 50.967213782000044)","Unfall 234918 (2019) Kat:2, Licht: 0","234918","2","2","5","02","10","5","0","0","1","1","0","0"
"POINT (6.883187018000058 50.997714468000026)","Unfall 234919 (2019) Kat:3, Licht: 0","234919","3","5","1","02","08","5","0","0","0","1","0","0"
"POINT (6.954957246000049 50.968929399000046)","Unfall 234920 (2019) Kat:3, Licht: 0","234920","3","3","5","02","16","5","0","0","0","1","0","0"
"POINT (6.900648673000035 50.935831346000043)","Unfall 234922 (2019) Kat:3, Licht: 0","234922","3","2","5","02","09","5","0","0","1","1","0","0"
"POINT (6.905019892000041 50.970585671000038)","Unfall 234923 (2019) Kat:2, Licht: 2","234923","2","5","1","02","06","5","0","2","1","1","0","0"
"POINT (6.919427957000039 50.946062481000070)","Unfall 234924 (2019) Kat:3, Licht: 2","234924","3","6","6","02","19","5","0","2","0","1","1","0"
"POINT (6.939129986000069 50.905049984000073)","Unfall 234925 (2019) Kat:3, Licht: 0","234925","3","2","5","02","07","5","0","0","1","1","0","0"
"POINT (6.950123722000058 50.935471272000029)","Unfall 234926 (2019) Kat:3, Licht: 2","234926","3","6","2","02","18","5","0","2","0","1","0","0"
"POINT (7.094145869000045 50.860154146000070)","Unfall 234990 (2019) Kat:3, Licht: 0","234990","3","6","2","02","10","4","0","0","0","1","0","0"
"POINT (7.007260545000065 50.965339540000059)","Unfall 234991 (2019) Kat:3, Licht: 0","234991","3","5","1","02","13","4","0","0","1","1","0","0"
"POINT (7.093175503000055 50.966792203000068)","Unfall 234992 (2019) Kat:3, Licht: 0","234992","3","7","0","02","15","4","0","0","0","1","0","0"
"POINT (6.933724543000039 50.964603909000061)","Unfall 234993 (2019) Kat:3, Licht: 0","234993","3","4","6","02","15","4","0","0","0","1","1","0"
"POINT (6.832791766000071 50.946390762000078)","Unfall 234994 (2019) Kat:3, Licht: 0","234994","3","3","5","02","08","4","0","0","1","1","0","0"
"POINT (6.927313987000048 50.909051077000072)","Unfall 234995 (2019) Kat:3, Licht: 0","234995","3","1","0","02","15","4","0","0","1","0","0","0"
"POINT (6.947452840000040 50.933678914000041)","Unfall 234996 (2019) Kat:3, Licht: 2","234996","3","2","1","02","18","4","0","2","1","1","0","0"
"POINT (6.946518272000049 50.975828743000079)","Unfall 235050 (2019) Kat:3, Licht: 2","235050","3","4","6","02","21","3","0","2","0","1","1","0"
"POINT (6.884174177000034 51.037753151000061)","Unfall 235051 (2019) Kat:3, Licht: 0","235051","3","1","0","02","07","3","2","0","1","0","0","0"
"POINT (6.888769222000065 51.027755036000030)","Unfall 235052 (2019) Kat:2, Licht: 0","235052","2","3","0","02","08","3","1","0","1","1","0","0"
"POINT (6.906408718000023 50.945439718000046)","Unfall 235053 (2019) Kat:3, Licht: 2","235053","3","2","5","02","20","3","0","2","0","1","0","1"
"POINT (6.967335966000064 50.892929621000064)","Unfall 235054 (2019) Kat:3, Licht: 0","235054","3","6","1","02","09","3","2","0","0","1","0","0"
"POINT (6.948042898000040 50.926541736000047)","Unfall 235055 (2019) Kat:3, Licht: 2","235055","3","6","4","02","19","3","0","2","1","1","0","0"
"POINT (6.888603994000050 50.947017794000033)","Unfall 235109 (2019) Kat:3, Licht: 0","235109","3","2","3","02","15","3","0","0","1","1","0","0"
"POINT (6.900624769000046 50.936364377000075)","Unfall 235110 (2019) Kat:3, Licht: 0","235110","3","7","1","02","14","3","0","0","0","1","0","1"
"POINT (6.992671552000047 50.894963180000047)","Unfall 235111 (2019) Kat:3, Licht: 0","235111","3","5","1","02","12","3","0","0","1","0","0","0"
"POINT (7.000716289000025 50.938580575000060)","Unfall 235178 (2019) Kat:3, Licht: 2","235178","3","5","0","02","20","2","0","2","1","1","0","0"
"POINT (7.001094356000067 50.939363983000078)","Unfall 235179 (2019) Kat:2, Licht: 2","235179","2","4","6","02","19","2","0","2","0","1","1","0"
"POINT (6.973864882000044 50.944448795000028)","Unfall 235180 (2019) Kat:3, Licht: 0","235180","3","6","3","02","09","2","0","0","1","0","0","0"
"POINT (7.034590474000027 50.981774181000048)","Unfall 235181 (2019) Kat:3, Licht: 0","235181","3","7","6","02","17","2","0","0","0","0","1","0"
"POINT (6.950771597000028 50.962654517000033)","Unfall 235182 (2019) Kat:2, Licht: 0","235182","2","2","5","02","18","2","0","0","1","1","0","0"
"POINT (6.969055953000066 50.918665053000041)","Unfall 235183 (2019) Kat:3, Licht: 0","235183","3","7","0","02","13","2","0","0","1","0","0","0"
"POINT (6.947635154000068 50.937701209000068)","Unfall 235184 (2019) Kat:3, Licht: 0","235184","3","2","6","02","16","2","0","0","0","1","1","0"
"POINT (6.998892719000025 50.922554603000037)","Unfall 235241 (2019) Kat:3, Licht: 0","235241","3","2","5","02","15","1","0","0","0","1","0","0"
"POINT (6.957422612000073 50.950925339000037)","Unfall 235242 (2019) Kat:3, Licht: 2","235242","3","2","3","02","18","1","0","2","1","1","0","0"
"POINT (7.007589997000025 50.969852490000051)","Unfall 235279 (2019) Kat:3, Licht: 0","235279","3","4","6","02","13","7","0","0","1","0","1","0"
"POINT (6.908276639000064 51.012122350000027)","Unfall 235280 (2019) Kat:3, Licht: 0","235280","3","2","2","02","14","7","0","0","0","1","0","0"
"POINT (6.944037029000072 50.938498074000051)","Unfall 235281 (2019) Kat:3, Licht: 1","235281","3","4","6","02","19","7","0","1","1","0","1","0"
"POINT (7.101644761000046 50.863931541000056)","Unfall 235356 (2019) Kat:3, Licht: 0","235356","3","3","4","02","16","1","0","0","1","0","0","0"
"POINT (6.996527501000060 50.984938353000075)","Unfall 235357 (2019) Kat:3, Licht: 2","235357","3","5","0","02","04","1","0","2","0","1","0","0"
"POINT (6.920681228000035 50.981835866000040)","Unfall 235358 (2019) Kat:3, Licht: 0","235358","3","5","1","02","15","1","0","0","0","1","0","0"
"POINT (6.947733352000057 50.963182616000040)","Unfall 235359 (2019) Kat:3, Licht: 2","235359","3","7","1","02","02","1","0","2","1","1","0","0"
"POINT (6.960295832000043 50.936276606000035)","Unfall 235360 (2019) Kat:3, Licht: 0","235360","3","2","5","02","17","1","0","0","0","1","1","0"
"POINT (7.103847659000053 50.854138095000053)","Unfall 235394 (2019) Kat:2, Licht: 1","235394","2","1","8","02","17","7","0","1","0","0","0","1"
"POINT (6.984261946000061 50.945884536000051)","Unfall 235395 (2019) Kat:3, Licht: 0","235395","3","7","0","02","12","7","0","0","1","0","0","0"
"POINT (6.932706257000064 50.931946242000038)","Unfall 235396 (2019) Kat:3, Licht: 0","235396","3","1","0","02","13","7","0","0","1","0","0","0"
"POINT (6.949722218000034 50.937634517000049)","Unfall 235397 (2019) Kat:2, Licht: 2","235397","2","7","0","02","21","7","0","2","0","1","0","0"
"POINT (7.021438662000037 50.928543998000066)","Unfall 235456 (2019) Kat:3, Licht: 0","235456","3","7","0","02","10","6","0","0","0","0","1","0"
"POINT (6.899839401000065 50.938370276000057)","Unfall 235457 (2019) Kat:3, Licht: 2","235457","3","5","3","02","19","6","0","2","0","1","0","1"
"POINT (7.060636150000050 50.914382523000029)","Unfall 235503 (2019) Kat:3, Licht: 0","235503","3","2","4","02","17","5","0","0","0","1","0","0"
"POINT (7.009619877000034 50.950364136000076)","Unfall 235504 (2019) Kat:3, Licht: 0","235504","3","4","6","02","15","5","0","0","0","1","1","0"
"POINT (7.014791919000061 50.954411260000029)","Unfall 235505 (2019) Kat:3, Licht: 0","235505","3","1","1","02","10","5","0","0","1","1","0","0"
"POINT (6.959787289000076 50.974220967000065)","Unfall 235507 (2019) Kat:2, Licht: 0","235507","2","4","6","02","13","5","0","0","0","1","1","0"
"POINT (6.966968681000026 50.863344917000063)","Unfall 235508 (2019) Kat:3, Licht: 0","235508","3","3","5","02","16","5","0","0","0","1","0","0"
"POINT (6.965595584000027 50.900000853000051)","Unfall 235509 (2019) Kat:2, Licht: 2","235509","2","2","5","02","05","5","0","2","0","1","0","0"
"POINT (6.964257302000021 50.931485421000048)","Unfall 235510 (2019) Kat:2, Licht: 2","235510","2","1","0","02","18","5","1","2","1","0","0","0"
"POINT (7.066350390000025 50.897058310000034)","Unfall 235570 (2019) Kat:3, Licht: 0","235570","3","2","5","02","13","4","0","0","1","1","0","0"
"POINT (7.027119669000058 50.935833008000031)","Unfall 235571 (2019) Kat:3, Licht: 0","235571","3","3","5","02","08","4","0","0","0","1","0","0"
"POINT (7.043240018000063 50.982284683000046)","Unfall 235572 (2019) Kat:3, Licht: 0","235572","3","3","5","02","16","4","0","0","1","1","0","0"
"POINT (6.933921889000033 50.937507803000074)","Unfall 235573 (2019) Kat:3, Licht: 2","235573","3","6","4","02","20","4","1","2","1","1","0","0"
"POINT (7.005480900000066 50.884766772000035)","Unfall 235596 (2019) Kat:3, Licht: 0","235596","3","3","5","02","08","5","0","0","1","1","0","0"
"POINT (6.959017592000066 50.921005292000075)","Unfall 235597 (2019) Kat:3, Licht: 2","235597","3","7","6","02","22","5","1","2","0","1","1","0"
"POINT (6.940863017000027 50.936805581000044)","Unfall 235598 (2019) Kat:2, Licht: 2","235598","2","6","6","02","21","5","1","2","1","0","1","0"
"POINT (7.075223125000036 50.893073686000037)","Unfall 235653 (2019) Kat:3, Licht: 0","235653","3","3","5","02","13","4","0","0","0","1","0","0"
"POINT (6.944502497000030 50.980962071000079)","Unfall 235654 (2019) Kat:3, Licht: 0","235654","3","6","3","02","16","4","0","0","1","1","0","0"
"POINT (6.934801579000066 51.025763834000031)","Unfall 235655 (2019) Kat:3, Licht: 0","235655","3","2","1","02","14","4","0","0","0","1","0","0"
"POINT (6.960866206000048 50.989866436000057)","Unfall 235656 (2019) Kat:3, Licht: 0","235656","3","2","6","02","12","4","0","0","0","1","1","0"
"POINT (6.881304321000073 50.955635381000036)","Unfall 235657 (2019) Kat:3, Licht: 0","235657","3","5","0","02","08","4","0","0","1","1","0","0"
"POINT (6.964037988000030 50.879957380000064)","Unfall 235658 (2019) Kat:3, Licht: 0","235658","3","1","0","02","17","4","0","0","0","0","0","1"
"POINT (6.942073505000053 50.922001970000053)","Unfall 235659 (2019) Kat:3, Licht: 0","235659","3","6","2","02","08","4","0","0","0","1","0","0"
"POINT (7.004219252000041 50.950820270000065)","Unfall 235686 (2019) Kat:3, Licht: 2","235686","3","7","3","02","23","5","1","2","0","1","0","0"
"POINT (6.974066632000074 50.940273045000026)","Unfall 235737 (2019) Kat:3, Licht: 1","235737","3","2","5","02","19","3","0","1","1","1","0","0"
"POINT (6.968947944000036 50.955877682000050)","Unfall 235738 (2019) Kat:3, Licht: 0","235738","3","6","1","02","13","3","0","0","0","1","0","0"
"POINT (6.836227831000031 50.961350606000053)","Unfall 235739 (2019) Kat:3, Licht: 0","235739","3","3","0","02","13","3","0","0","1","1","0","0"
"POINT (6.834428651000053 50.942289086000073)","Unfall 235740 (2019) Kat:2, Licht: 0","235740","2","4","6","02","10","3","0","0","0","1","1","0"
"POINT (6.932054073000074 50.948900361000028)","Unfall 235741 (2019) Kat:3, Licht: 0","235741","3","7","3","02","10","3","0","0","0","1","0","1"
"POINT (7.006050353000035 50.892041141000050)","Unfall 235742 (2019) Kat:2, Licht: 0","235742","2","7","0","02","14","3","0","0","1","0","1","0"
"POINT (6.908880970000041 50.918272547000072)","Unfall 235743 (2019) Kat:3, Licht: 0","235743","3","2","5","02","16","3","0","0","0","1","1","0"
"POINT (6.909424487000024 50.905034224000076)","Unfall 235744 (2019) Kat:2, Licht: 0","235744","2","2","5","02","15","3","0","0","1","1","0","0"
"POINT (7.034812176000060 50.954772872000035)","Unfall 235794 (2019) Kat:3, Licht: 2","235794","3","6","2","02","19","3","0","2","0","1","0","0"
"POINT (7.053128162000064 50.875896741000076)","Unfall 235798 (2019) Kat:3, Licht: 0","235798","3","7","6","02","15","5","0","0","0","1","1","0"
"POINT (7.078355371000043 50.881246831000055)","Unfall 235812 (2019) Kat:3, Licht: 0","235812","3","6","6","02","16","2","0","0","0","1","1","0"
"POINT (7.071130246000053 50.882947169000033)","Unfall 235813 (2019) Kat:3, Licht: 0","235813","3","2","6","02","15","2","0","0","0","1","1","0"
"POINT (6.972986872000035 50.960188014000039)","Unfall 235814 (2019) Kat:2, Licht: 0","235814","2","2","3","02","17","2","0","0","1","0","0","0"
"POINT (6.851027366000039 50.969576743000061)","Unfall 235815 (2019) Kat:3, Licht: 2","235815","3","3","5","02","05","2","0","2","0","1","0","0"
"POINT (6.921541858000069 50.953290544000026)","Unfall 235816 (2019) Kat:3, Licht: 0","235816","3","2","5","02","07","2","0","0","0","1","0","1"
"POINT (6.902442224000026 50.977518711000073)","Unfall 235817 (2019) Kat:3, Licht: 0","235817","3","2","5","02","14","2","0","0","0","1","0","1"
"POINT (6.980745176000028 50.898003196000047)","Unfall 235818 (2019) Kat:3, Licht: 1","235818","3","2","5","02","06","2","0","1","0","1","0","0"
"POINT (6.965588022000077 50.900337218000061)","Unfall 235819 (2019) Kat:3, Licht: 0","235819","3","2","5","02","15","2","0","0","1","1","0","0"
"POINT (6.918002958000045 50.928653432000033)","Unfall 235820 (2019) Kat:3, Licht: 0","235820","3","2","3","02","15","2","0","0","1","1","0","0"
"POINT (6.916578254000058 50.922612914000069)","Unfall 235821 (2019) Kat:3, Licht: 0","235821","3","5","1","02","16","2","0","0","1","1","0","0"
"POINT (6.974633727000025 50.962660385000049)","Unfall 235853 (2019) Kat:3, Licht: 0","235853","3","2","5","02","11","5","0","0","1","1","0","0"
"POINT (6.958473467000033 50.985590291000051)","Unfall 235892 (2019) Kat:3, Licht: 2","235892","3","1","0","03","05","4","1","2","0","0","0","1"
"POINT (6.908239840000022 50.943665866000060)","Unfall 235893 (2019) Kat:3, Licht: 0","235893","3","5","0","03","14","4","1","0","1","1","0","0"
"POINT (6.928934809000054 50.863480797000079)","Unfall 235894 (2019) Kat:3, Licht: 0","235894","3","2","5","03","16","4","0","0","1","1","0","0"
"POINT (6.913370102000044 50.921086427000034)","Unfall 235895 (2019) Kat:3, Licht: 0","235895","3","4","6","03","15","4","0","0","0","1","1","0"
"POINT (6.953260906000025 50.939011639000057)","Unfall 235896 (2019) Kat:3, Licht: 0","235896","3","6","3","03","08","4","0","0","0","1","0","0"
"POINT (6.956286165000051 50.932791877000057)","Unfall 235943 (2019) Kat:3, Licht: 2","235943","3","2","5","03","18","3","0","2","0","1","0","1"
"POINT (6.936342401000047 50.928543254000033)","Unfall 235944 (2019) Kat:3, Licht: 0","235944","3","7","0","03","15","3","0","0","1","0","0","0"
"POINT (6.957064174000038 50.930017749000058)","Unfall 235945 (2019) Kat:3, Licht: 0","235945","3","2","5","03","08","3","1","0","1","1","0","0"
"POINT (6.905617296000060 50.967131692000066)","Unfall 235974 (2019) Kat:3, Licht: 0","235974","3","1","0","03","12","2","1","0","1","0","0","0"
"POINT (6.980240546000061 50.970165414000064)","Unfall 235999 (2019) Kat:3, Licht: 0","235999","3","6","3","03","16","1","0","0","0","1","0","0"
"POINT (6.967162509000048 50.982509410000034)","Unfall 236000 (2019) Kat:3, Licht: 0","236000","3","6","3","03","14","1","0","0","0","1","0","0"
"POINT (6.864131313000030 50.932107243000075)","Unfall 236026 (2019) Kat:2, Licht: 0","236026","2","1","0","03","14","7","0","0","1","0","0","0"
"POINT (6.894095737000043 50.990788010000074)","Unfall 236027 (2019) Kat:3, Licht: 0","236027","3","3","5","03","14","7","1","0","0","1","0","0"
"POINT (7.101966037000068 50.861895078000032)","Unfall 236064 (2019) Kat:3, Licht: 0","236064","3","3","5","03","11","6","1","0","0","1","0","0"
"POINT (7.101301993000050 50.876101597000059)","Unfall 236065 (2019) Kat:3, Licht: 0","236065","3","7","6","03","08","6","1","0","0","1","1","0"
"POINT (7.009893218000059 50.966597950000050)","Unfall 236066 (2019) Kat:3, Licht: 2","236066","3","2","3","03","22","6","0","2","0","1","0","0"
"POINT (6.953991918000043 50.873476579000055)","Unfall 236067 (2019) Kat:3, Licht: 0","236067","3","7","2","03","10","6","1","0","1","1","0","0"
"POINT (6.931856760000073 50.911532917000045)","Unfall 236068 (2019) Kat:2, Licht: 0","236068","2","3","5","03","13","6","1","0","1","1","0","0"
"POINT (6.943041516000051 50.935158454000032)","Unfall 236122 (2019) Kat:3, Licht: 0","236122","3","7","5","03","08","5","0","0","1","1","0","0"
"POINT (6.900694196000075 51.017984888000058)","Unfall 236128 (2019) Kat:3, Licht: 0","236128","3","3","5","03","18","5","0","0","0","1","0","0"
"POINT (6.975819162000050 50.966984560000071)","Unfall 236152 (2019) Kat:3, Licht: 0","236152","3","7","0","03","15","3","0","0","0","0","0","1"
"POINT (6.957708076000074 50.954488233000063)","Unfall 236153 (2019) Kat:3, Licht: 0","236153","3","7","0","03","10","3","0","0","1","0","0","0"
"POINT (6.845384646000071 50.920712050000077)","Unfall 236154 (2019) Kat:3, Licht: 0","236154","3","5","1","03","16","3","0","0","0","1","0","0"
"POINT (6.926995284000043 50.956715306000035)","Unfall 236155 (2019) Kat:2, Licht: 0","236155","2","3","5","03","13","3","0","0","1","0","0","0"
"POINT (6.934626469000023 50.927642969000033)","Unfall 236156 (2019) Kat:3, Licht: 0","236156","3","1","0","03","09","3","0","0","1","0","0","0"
"POINT (6.943881852000061 50.914233940000031)","Unfall 236157 (2019) Kat:3, Licht: 0","236157","3","5","1","03","15","3","0","0","0","1","0","0"
"POINT (7.074408488000074 50.891960558000051)","Unfall 236215 (2019) Kat:2, Licht: 0","236215","2","3","5","03","15","2","0","0","1","1","0","0"
"POINT (7.046290222000039 50.942120714000055)","Unfall 236216 (2019) Kat:2, Licht: 0","236216","2","3","5","03","12","2","1","0","0","1","0","1"
"POINT (7.032611708000047 50.978542440000069)","Unfall 236217 (2019) Kat:3, Licht: 0","236217","3","4","6","03","13","2","1","0","0","1","1","0"
"POINT (6.888028604000056 51.007445179000058)","Unfall 236218 (2019) Kat:3, Licht: 0","236218","3","7","6","03","16","2","1","0","0","1","1","0"
"POINT (6.847819398000070 50.947693166000079)","Unfall 236219 (2019) Kat:3, Licht: 0","236219","3","2","2","03","14","5","0","0","0","1","0","0"
"POINT (6.961948201000041 50.909817937000071)","Unfall 236220 (2019) Kat:3, Licht: 0","236220","3","5","1","03","16","2","0","0","0","1","0","0"
"POINT (7.007060840000065 50.966669268000032)","Unfall 236261 (2019) Kat:3, Licht: 0","236261","3","3","5","03","09","1","1","0","0","1","0","0"
"POINT (6.978847169000062 50.932220857000061)","Unfall 236280 (2019) Kat:3, Licht: 0","236280","3","2","5","03","10","7","1","0","1","1","0","0"
"POINT (6.996130409000045 50.892118797000080)","Unfall 236281 (2019) Kat:3, Licht: 2","236281","3","1","9","03","23","7","0","2","0","1","0","0"
"POINT (6.978863588000024 50.932214629000043)","Unfall 236283 (2019) Kat:3, Licht: 0","236283","3","3","5","03","10","7","1","0","1","1","0","0"
"POINT (6.934075657000051 50.914571939000041)","Unfall 236329 (2019) Kat:3, Licht: 0","236329","3","6","6","03","15","6","0","0","1","0","1","0"
"POINT (6.960376348000068 50.918552036000051)","Unfall 236363 (2019) Kat:3, Licht: 0","236363","3","3","5","03","15","5","0","0","1","1","0","0"
"POINT (6.880936232000067 50.948277813000061)","Unfall 236399 (2019) Kat:3, Licht: 2","236399","3","6","6","03","05","1","0","2","0","1","1","0"
"POINT (6.910705805000021 50.955267891000062)","Unfall 236421 (2019) Kat:3, Licht: 0","236421","3","7","0","03","13","7","0","0","0","1","0","1"
"POINT (7.028759338000043 50.936120673000062)","Unfall 236466 (2019) Kat:2, Licht: 0","236466","2","4","6","03","13","6","0","0","0","1","1","0"
"POINT (6.868203110000025 50.928742041000078)","Unfall 236467 (2019) Kat:3, Licht: 0","236467","3","3","5","03","09","6","1","0","1","1","0","0"
"POINT (6.933187237000027 50.913610495000057)","Unfall 236468 (2019) Kat:3, Licht: 0","236468","3","2","5","03","13","6","1","0","1","1","0","0"
"POINT (6.948997506000069 50.935437414000035)","Unfall 236469 (2019) Kat:3, Licht: 0","236469","3","3","5","03","11","6","1","0","1","1","0","0"
"POINT (6.932597587000032 51.026121235000062)","Unfall 236530 (2019) Kat:3, Licht: 0","236530","3","2","5","03","09","5","1","0","0","1","0","0"
"POINT (7.051962227000047 50.936119043000076)","Unfall 236581 (2019) Kat:3, Licht: 0","236581","3","7","6","03","10","4","0","0","0","1","1","0"
"POINT (7.045081200000027 50.969361993000064)","Unfall 236582 (2019) Kat:3, Licht: 0","236582","3","1","0","03","11","4","1","0","0","0","0","1"
"POINT (6.940133260000039 50.968366820000028)","Unfall 236583 (2019) Kat:3, Licht: 0","236583","3","3","5","03","15","4","1","0","0","1","0","0"
"POINT (6.926027162000025 50.951313861000074)","Unfall 236584 (2019) Kat:3, Licht: 2","236584","3","7","0","03","19","4","1","2","1","0","0","0"
"POINT (6.894408762000069 50.977621213000077)","Unfall 236585 (2019) Kat:3, Licht: 0","236585","3","4","6","03","11","4","1","0","0","1","1","0"
"POINT (6.897870821000026 50.957251473000042)","Unfall 236586 (2019) Kat:2, Licht: 2","236586","2","4","6","03","19","4","1","2","0","1","1","0"
"POINT (6.951486452000040 50.897996547000048)","Unfall 236587 (2019) Kat:3, Licht: 0","236587","3","6","2","03","16","4","1","0","0","1","0","0"
"POINT (6.942213014000060 50.904976243000078)","Unfall 236588 (2019) Kat:3, Licht: 2","236588","3","4","6","03","19","4","1","2","0","0","1","1"
"POINT (7.058945418000064 50.883696651000037)","Unfall 236677 (2019) Kat:3, Licht: 0","236677","3","7","6","03","11","5","0","0","0","1","1","0"
"POINT (7.069763858000044 50.970305429000064)","Unfall 236678 (2019) Kat:3, Licht: 0","236678","3","1","9","03","16","5","0","0","0","1","0","0"
"POINT (6.970853317000035 50.957571981000058)","Unfall 236679 (2019) Kat:3, Licht: 0","236679","3","4","6","03","12","5","0","0","0","1","1","0"