WKT,Name,OBJECTID,UKATEGORIE,UTYP1,UART,UMONAT,USTUNDE,UWOCHENTAG,STRZUSTAND,ULICHTVERH,ISTRAD,ISTPKW,ISTFUSS,ISTKRAD
"POINT (6.920260555000027 51.038150510000037)","Unfall 236680 (2019) Kat:3, Licht: 0","236680","3","5","1","03","13","5","0","0","0","1","0","0"
"POINT (6.897478996000075 50.935398296000074)","Unfall 236681 (2019) Kat:3, Licht: 0","236681","3","7","7","03","13","5","0","0","0","1","0","0"
"POINT (6.941101451000066 50.911783461000027)","Unfall 236682 (2019) Kat:3, Licht: 0","236682","3","1","0","03","11","5","0","0","1","0","0","0"
"POINT (6.958703021000076 50.933471019000081)","Unfall 236683 (2019) Kat:3, Licht: 0","236683","3","7","2","03","08","5","0","0","0","1","0","1"
"POINT (6.993468967000069 50.939209156000061)","Unfall 236751 (2019) Kat:3, Licht: 0","236751","3","7","9","03","13","4","0","0","0","1","0","0"
"POINT (6.998439090000034 50.940555072000052)","Unfall 236752 (2019) Kat:3, Licht: 0","236752","3","4","6","03","08","4","0","0","0","1","1","0"
"POINT (6.880264282000042 50.986736807000057)","Unfall 236753 (2019) Kat:3, Licht: 0","236753","3","3","5","03","17","4","0","0","1","1","0","0"
"POINT (6.899235631000067 50.939613818000055)","Unfall 236754 (2019) Kat:3, Licht: 0","236754","3","3","4","03","07","4","0","0","1","0","0","0"
"POINT (6.962009859000034 50.912222456000052)","Unfall 236755 (2019) Kat:3, Licht: 0","236755","3","6","2","03","13","4","0","0","0","1","0","0"
"POINT (6.941282570000055 50.909506356000065)","Unfall 236756 (2019) Kat:3, Licht: 0","236756","3","2","5","03","12","4","0","0","0","0","0","0"
"POINT (6.934731578000026 50.940344861000028)","Unfall 236757 (2019) Kat:3, Licht: 2","236757","3","7","6","03","21","4","0","2","1","0","1","0"
"POINT (6.958054570000058 50.926517796000041)","Unfall 236758 (2019) Kat:3, Licht: 0","236758","3","2","5","03","16","4","0","0","1","1","0","0"
"POINT (7.073140617000036 50.889033784000048)","Unfall 236806 (2019) Kat:3, Licht: 1","236806","3","4","6","03","18","3","0","1","0","1","1","0"
"POINT (7.061754727000050 50.885665007000057)","Unfall 236807 (2019) Kat:3, Licht: 0","236807","3","2","5","03","14","3","0","0","1","1","0","0"
"POINT (7.075643431000060 50.971964745000037)","Unfall 236808 (2019) Kat:2, Licht: 0","236808","2","2","6","03","09","3","0","0","0","1","1","0"
"POINT (7.048331739000048 50.972851142000081)","Unfall 236809 (2019) Kat:3, Licht: 0","236809","3","3","5","03","08","3","0","0","1","1","0","0"
"POINT (6.961372580000045 50.961069814000041)","Unfall 236810 (2019) Kat:3, Licht: 2","236810","3","3","0","03","20","3","0","2","1","0","0","0"
"POINT (6.896201999000027 51.025670622000064)","Unfall 236811 (2019) Kat:3, Licht: 0","236811","3","4","6","03","13","3","0","0","0","0","1","0"
"POINT (6.889780508000058 50.935592675000066)","Unfall 236812 (2019) Kat:3, Licht: 0","236812","3","2","5","03","07","3","0","0","1","1","0","0"
"POINT (6.925884155000063 50.916738344000066)","Unfall 236813 (2019) Kat:3, Licht: 0","236813","3","1","0","03","12","3","0","0","1","0","0","0"
"POINT (6.921133487000077 50.914364144000047)","Unfall 236814 (2019) Kat:3, Licht: 0","236814","3","1","0","03","12","3","0","0","1","0","0","0"
"POINT (6.950340179000023 50.919898803000081)","Unfall 236815 (2019) Kat:3, Licht: 0","236815","3","7","0","03","16","3","0","0","1","0","0","0"
"POINT (7.029266455000027 50.956536228000061)","Unfall 236876 (2019) Kat:2, Licht: 2","236876","2","7","8","03","03","2","1","2","0","1","0","0"
"POINT (6.954390502000024 50.956545600000027)","Unfall 236877 (2019) Kat:3, Licht: 0","236877","3","6","2","03","11","2","0","0","0","1","0","0"
"POINT (6.949996189000046 50.919338341000071)","Unfall 236878 (2019) Kat:3, Licht: 0","236878","3","6","2","03","12","2","1","0","0","1","0","0"
"POINT (6.934804031000056 50.950546919000033)","Unfall 236913 (2019) Kat:3, Licht: 2","236913","3","7","8","03","00","3","0","2","0","1","0","0"
"POINT (6.900734724000074 50.934388833000071)","Unfall 236914 (2019) Kat:3, Licht: 0","236914","3","3","5","03","18","3","0","0","0","1","0","1"
"POINT (6.885950952000030 50.947350263000033)","Unfall 236915 (2019) Kat:3, Licht: 0","236915","3","3","5","03","08","3","0","0","1","1","0","0"
"POINT (6.929815868000048 50.931110556000078)","Unfall 236916 (2019) Kat:2, Licht: 0","236916","2","3","5","03","07","3","0","0","1","0","0","0"
"POINT (6.951402807000022 50.919662438000046)","Unfall 236917 (2019) Kat:3, Licht: 0","236917","3","5","1","03","09","3","0","0","1","1","0","0"
"POINT (7.039335094000023 50.967358544000035)","Unfall 236967 (2019) Kat:3, Licht: 0","236967","3","3","5","03","08","2","0","0","1","1","0","0"
"POINT (7.073938811000062 50.975323413000069)","Unfall 236968 (2019) Kat:3, Licht: 2","236968","3","2","5","03","21","2","1","2","1","1","0","0"
"POINT (6.934590585000024 50.947930713000062)","Unfall 236969 (2019) Kat:3, Licht: 0","236969","3","3","5","03","16","2","1","0","1","0","0","0"
"POINT (6.977098555000055 50.907378309000080)","Unfall 236970 (2019) Kat:3, Licht: 0","236970","3","2","5","03","15","2","0","0","0","1","0","1"
"POINT (6.920888453000032 50.917740172000038)","Unfall 236971 (2019) Kat:3, Licht: 0","236971","3","3","5","03","14","2","1","0","1","1","0","0"
"POINT (6.940674372000046 50.946586200000070)","Unfall 236972 (2019) Kat:3, Licht: 0","236972","3","3","5","03","08","2","1","0","1","1","0","0"
"POINT (6.917308606000063 50.946828245000063)","Unfall 237028 (2019) Kat:3, Licht: 0","237028","3","7","0","03","07","1","1","0","1","0","0","0"
"POINT (6.935043364000023 50.931451335000077)","Unfall 237029 (2019) Kat:3, Licht: 0","237029","3","1","0","03","09","1","1","0","1","0","0","0"
"POINT (7.000397927000051 50.937364041000080)","Unfall 237056 (2019) Kat:3, Licht: 0","237056","3","6","1","03","17","7","0","0","0","1","0","0"
"POINT (6.975196678000032 50.938278932000060)","Unfall 237057 (2019) Kat:3, Licht: 2","237057","3","3","5","03","20","7","0","2","0","1","1","1"
"POINT (6.926638424000032 50.953245184000082)","Unfall 237058 (2019) Kat:3, Licht: 0","237058","3","3","4","03","12","7","0","0","0","1","0","0"
"POINT (6.989115051000056 50.988314924000065)","Unfall 237102 (2019) Kat:3, Licht: 0","237102","3","1","0","03","14","6","0","0","1","0","0","0"
"POINT (6.960627361000036 50.981786778000071)","Unfall 237103 (2019) Kat:3, Licht: 0","237103","3","2","5","03","14","6","0","0","1","1","0","0"
"POINT (6.930184136000037 50.994380892000038)","Unfall 237104 (2019) Kat:3, Licht: 0","237104","3","1","0","03","11","6","0","0","1","0","0","0"
"POINT (6.903138058000025 51.007366861000037)","Unfall 237105 (2019) Kat:3, Licht: 0","237105","3","4","6","03","18","6","0","0","0","1","1","0"
"POINT (6.867799438000077 50.973759433000055)","Unfall 237106 (2019) Kat:3, Licht: 0","237106","3","1","9","03","15","6","0","0","0","1","0","0"
"POINT (6.889772093000033 50.935565187000066)","Unfall 237107 (2019) Kat:3, Licht: 0","237107","3","3","5","03","17","6","0","0","1","1","0","0"
"POINT (6.887440975000061 50.960248534000073)","Unfall 237108 (2019) Kat:3, Licht: 0","237108","3","3","5","03","14","6","0","0","1","1","0","0"
"POINT (6.957025428000065 50.900867240000082)","Unfall 237109 (2019) Kat:3, Licht: 0","237109","3","1","0","03","08","6","0","0","1","0","0","0"
"POINT (6.955114599000069 50.942164607000052)","Unfall 237110 (2019) Kat:2, Licht: 0","237110","2","7","6","03","11","6","0","0","0","1","1","0"
"POINT (6.960516575000042 50.917955403000065)","Unfall 237111 (2019) Kat:3, Licht: 0","237111","3","7","2","03","11","6","0","0","1","1","0","0"
"POINT (7.006271515000037 50.944794074000072)","Unfall 237143 (2019) Kat:3, Licht: 1","237143","3","7","0","03","20","1","0","1","0","0","1","0"
"POINT (7.059616915000049 50.933670322000069)","Unfall 237184 (2019) Kat:3, Licht: 0","237184","3","1","0","03","17","7","0","0","1","0","0","0"
"POINT (7.001607258000036 50.940843327000039)","Unfall 237185 (2019) Kat:3, Licht: 0","237185","3","2","6","03","18","7","0","0","0","1","1","0"
"POINT (7.023272491000057 50.981345195000074)","Unfall 237186 (2019) Kat:3, Licht: 1","237186","3","7","1","03","19","7","0","1","0","1","0","1"
"POINT (6.926478691000057 50.917770851000057)","Unfall 237187 (2019) Kat:2, Licht: 0","237187","2","4","6","03","11","7","0","0","0","1","1","0"
"POINT (6.936686938000037 50.933973297000080)","Unfall 237188 (2019) Kat:3, Licht: 0","237188","3","1","0","03","17","7","0","0","1","0","0","0"
"POINT (7.048674931000051 50.918058291000079)","Unfall 237255 (2019) Kat:3, Licht: 0","237255","3","2","4","03","16","6","0","0","0","1","0","0"
"POINT (7.038666373000069 50.966247615000043)","Unfall 237256 (2019) Kat:3, Licht: 0","237256","3","3","5","03","15","6","0","0","1","1","0","0"
"POINT (7.075624697000023 50.972172071000045)","Unfall 237257 (2019) Kat:3, Licht: 0","237257","3","2","6","03","09","6","0","0","1","1","1","0"
"POINT (7.007041940000022 50.966676831000029)","Unfall 237258 (2019) Kat:3, Licht: 0","237258","3","3","5","03","08","6","0","0","0","1","0","0"
"POINT (6.924201293000067 50.865044719000082)","Unfall 237259 (2019) Kat:3, Licht: 0","237259","3","3","5","03","07","6","0","0","0","1","0","1"
"POINT (6.938283965000039 50.911743892000061)","Unfall 237260 (2019) Kat:3, Licht: 1","237260","3","1","0","03","18","6","0","1","1","0","0","0"
"POINT (6.995068115000038 50.929521614000066)","Unfall 237329 (2019) Kat:2, Licht: 0","237329","2","7","0","03","12","5","0","0","1","0","0","0"
"POINT (7.012157111000022 50.973376970000061)","Unfall 237330 (2019) Kat:3, Licht: 0","237330","3","4","6","03","17","5","0","0","0","1","1","0"
"POINT (6.957632796000041 50.974171244000047)","Unfall 237331 (2019) Kat:3, Licht: 0","237331","3","6","2","03","12","5","0","0","0","1","0","0"
"POINT (6.851921881000067 51.066284965000079)","Unfall 237332 (2019) Kat:3, Licht: 0","237332","3","7","0","03","15","5","0","0","0","1","0","0"
"POINT (6.907336130000033 51.010764773000062)","Unfall 237333 (2019) Kat:3, Licht: 0","237333","3","6","2","03","07","5","0","0","0","1","0","1"
"POINT (6.919020040000021 50.948319124000079)","Unfall 237334 (2019) Kat:2, Licht: 0","237334","2","1","0","03","15","5","0","0","1","0","0","0"
"POINT (6.936270137000065 50.928560520000076)","Unfall 237335 (2019) Kat:2, Licht: 2","237335","2","2","5","03","19","5","0","2","0","1","0","1"
"POINT (6.958639542000071 50.924351735000073)","Unfall 237336 (2019) Kat:3, Licht: 2","237336","3","5","1","03","20","5","0","2","1","1","0","0"
"POINT (7.052483342000073 50.903694104000067)","Unfall 237385 (2019) Kat:3, Licht: 0","237385","3","6","2","03","08","4","0","0","0","1","0","0"
"POINT (7.000748889000022 50.936281897000072)","Unfall 237386 (2019) Kat:3, Licht: 0","237386","3","5","1","03","12","4","0","0","1","0","0","0"
"POINT (6.925448252000024 50.955126530000030)","Unfall 237387 (2019) Kat:3, Licht: 0","237387","3","4","6","03","08","4","0","0","0","0","1","0"
"POINT (6.970180363000054 50.908043347000046)","Unfall 237388 (2019) Kat:3, Licht: 0","237388","3","7","6","03","13","4","0","0","0","1","1","0"
"POINT (6.941629175000060 50.916963785000064)","Unfall 237389 (2019) Kat:3, Licht: 0","237389","3","2","6","03","07","4","0","0","0","1","1","0"
"POINT (7.001253239000050 50.933788704000051)","Unfall 237408 (2019) Kat:3, Licht: 1","237408","3","1","0","04","20","5","0","1","1","0","0","0"
"POINT (6.917998233000049 50.995623965000050)","Unfall 237409 (2019) Kat:3, Licht: 2","237409","3","7","0","04","22","5","0","2","0","0","1","0"
"POINT (6.960218925000049 50.991212116000042)","Unfall 237410 (2019) Kat:2, Licht: 0","237410","2","4","6","04","12","5","1","0","0","1","1","0"
"POINT (6.973847578000061 50.896323243000040)","Unfall 237411 (2019) Kat:3, Licht: 0","237411","3","3","0","04","18","5","1","0","1","1","0","0"
"POINT (6.904177472000072 50.919447971000068)","Unfall 237412 (2019) Kat:3, Licht: 0","237412","3","2","1","04","11","5","0","0","0","1","0","0"
"POINT (6.952627139000072 50.936416359000077)","Unfall 237413 (2019) Kat:2, Licht: 2","237413","2","6","0","04","14","5","1","2","0","1","0","0"
"POINT (7.003660457000024 50.955402686000070)","Unfall 237475 (2019) Kat:3, Licht: 2","237475","3","2","0","04","21","4","1","2","1","1","0","0"
"POINT (7.054860464000058 50.970148211000037)","Unfall 237476 (2019) Kat:3, Licht: 0","237476","3","4","0","04","07","4","1","0","0","1","1","0"
"POINT (6.932853716000068 50.991958102000069)","Unfall 237477 (2019) Kat:3, Licht: 0","237477","3","1","4","04","11","4","1","0","1","1","0","0"
"POINT (6.907782356000041 50.945280890000049)","Unfall 237478 (2019) Kat:3, Licht: 1","237478","3","2","5","04","06","4","1","1","0","1","0","0"
"POINT (6.964543140000046 50.903766128000029)","Unfall 237479 (2019) Kat:2, Licht: 2","237479","2","2","1","04","21","4","1","2","0","1","0","0"
"POINT (6.952753664000056 50.950133240000071)","Unfall 237480 (2019) Kat:3, Licht: 1","237480","3","2","2","04","16","4","1","1","0","1","0","0"
"POINT (6.950441001000058 50.945262022000065)","Unfall 237481 (2019) Kat:3, Licht: 0","237481","3","2","4","04","10","4","1","0","1","1","0","0"
"POINT (6.997086302000071 50.933626204000063)","Unfall 237539 (2019) Kat:3, Licht: 0","237539","3","6","2","04","13","3","0","0","0","1","0","1"
"POINT (6.940965858000027 50.958444361000033)","Unfall 237540 (2019) Kat:3, Licht: 0","237540","3","3","5","04","14","3","1","0","1","1","0","0"
"POINT (6.938417253000068 50.968479555000044)","Unfall 237541 (2019) Kat:3, Licht: 0","237541","3","7","6","04","17","3","0","0","0","1","1","0"
"POINT (6.894358878000048 50.946379625000077)","Unfall 237542 (2019) Kat:2, Licht: 0","237542","2","2","3","04","07","3","0","0","1","1","0","0"
"POINT (6.965239984000050 50.872606845000064)","Unfall 237543 (2019) Kat:3, Licht: 0","237543","3","1","8","04","09","3","0","0","0","1","0","0"
"POINT (6.904004604000022 50.924148227000046)","Unfall 237544 (2019) Kat:3, Licht: 0","237544","3","2","2","04","13","3","0","0","0","1","0","0"
"POINT (6.946300568000027 50.945448442000043)","Unfall 237545 (2019) Kat:3, Licht: 0","237545","3","5","1","04","18","3","1","0","1","1","0","0"
"POINT (6.961892589000058 50.948166085000082)","Unfall 237546 (2019) Kat:3, Licht: 0","237546","3","3","5","04","16","3","0","0","1","1","0","0"
"POINT (6.994795540000041 50.943258353000033)","Unfall 237603 (2019) Kat:3, Licht: 0","237603","3","2","2","04","12","2","0","0","0","1","0","0"
"POINT (7.045204892000072 50.972063151000043)","Unfall 237604 (2019) Kat:3, Licht: 0","237604","3","6","3","04","14","2","0","0","1","1","0","0"
"POINT (6.959766227000046 50.974220863000028)","Unfall 237605 (2019) Kat:2, Licht: 0","237605","2","2","2","04","11","2","0","0","0","1","0","1"
"POINT (6.969246927000029 50.974374126000043)","Unfall 237606 (2019) Kat:2, Licht: 0","237606","2","2","5","04","16","2","0","0","0","0","0","0"
"POINT (6.933738723000033 50.964595489000033)","Unfall 237607 (2019) Kat:3, Licht: 0","237607","3","3","5","04","07","2","0","0","1","0","0","0"
"POINT (6.891002110000045 51.017713659000037)","Unfall 237608 (2019) Kat:3, Licht: 0","237608","3","4","6","04","17","2","0","0","0","0","1","0"
"POINT (6.914441531000023 50.956040845000075)","Unfall 237609 (2019) Kat:3, Licht: 0","237609","3","3","5","04","11","2","0","0","1","1","0","0"
"POINT (6.890549980000060 50.966943669000045)","Unfall 237610 (2019) Kat:3, Licht: 0","237610","3","7","2","04","06","2","0","0","0","1","0","0"
"POINT (6.975023600000043 50.907379108000043)","Unfall 237611 (2019) Kat:3, Licht: 0","237611","3","5","3","04","16","2","0","0","1","1","0","0"
"POINT (6.953128990000039 50.927725058000078)","Unfall 237612 (2019) Kat:3, Licht: 0","237612","3","1","0","04","16","2","0","0","0","0","0","1"
"POINT (6.999773584000025 50.943026168000074)","Unfall 237710 (2019) Kat:3, Licht: 1","237710","3","7","5","04","19","2","0","1","1","1","0","0"
"POINT (6.968056680000075 50.962139280000031)","Unfall 237711 (2019) Kat:3, Licht: 0","237711","3","6","2","04","14","2","0","0","0","1","0","0"
"POINT (6.951442525000061 50.961943740000038)","Unfall 237712 (2019) Kat:3, Licht: 0","237712","3","6","2","04","14","2","0","0","0","1","0","0"
"POINT (6.850179637000053 51.059556680000071)","Unfall 237713 (2019) Kat:3, Licht: 0","237713","3","2","0","04","08","2","0","0","0","1","1","0"
"POINT (6.854344365000031 50.997745439000028)","Unfall 237714 (2019) Kat:3, Licht: 0","237714","3","1","9","04","13","2","0","0","0","1","0","0"
"POINT (6.901645731000031 50.927412021000066)","Unfall 237715 (2019) Kat:3, Licht: 0","237715","3","1","0","04","16","2","0","0","0","0","0","1"
"POINT (6.876642891000074 50.962808303000031)","Unfall 237716 (2019) Kat:3, Licht: 0","237716","3","6","2","04","12","2","0","0","1","1","0","0"
"POINT (6.960766055000022 50.910718108000026)","Unfall 237717 (2019) Kat:3, Licht: 0","237717","3","6","1","04","16","2","0","0","1","1","0","0"
"POINT (6.948779074000072 50.936307565000050)","Unfall 237718 (2019) Kat:3, Licht: 0","237718","3","5","1","04","07","2","0","0","1","1","0","0"
"POINT (6.944229640000060 50.940171492000047)","Unfall 237719 (2019) Kat:3, Licht: 0","237719","3","2","5","04","20","2","1","0","1","1","0","0"
"POINT (6.947958684000071 50.943129061000036)","Unfall 237720 (2019) Kat:2, Licht: 0","237720","2","7","3","04","09","2","0","0","0","1","0","1"
"POINT (7.000998450000054 50.935311330000047)","Unfall 237763 (2019) Kat:3, Licht: 0","237763","3","2","4","04","15","1","0","0","0","1","0","0"
"POINT (7.029294965000076 50.956375101000049)","Unfall 237764 (2019) Kat:3, Licht: 0","237764","3","2","4","04","18","1","0","0","1","1","0","0"
"POINT (6.944622164000066 50.960852156000044)","Unfall 237765 (2019) Kat:3, Licht: 0","237765","3","5","1","04","16","1","0","0","1","1","0","0"
"POINT (6.966229620000036 50.972504051000044)","Unfall 237766 (2019) Kat:3, Licht: 0","237766","3","4","0","04","16","1","0","0","0","1","1","0"
"POINT (6.915504687000066 50.951817155000072)","Unfall 237767 (2019) Kat:3, Licht: 2","237767","3","3","5","04","21","1","0","2","0","1","0","0"
"POINT (6.950430849000043 50.945253167000033)","Unfall 237768 (2019) Kat:3, Licht: 2","237768","3","2","5","04","22","1","0","2","0","1","0","0"
"POINT (7.025669730000061 50.934932501000048)","Unfall 237818 (2019) Kat:3, Licht: 0","237818","3","7","6","04","15","7","0","0","1","0","1","0"
"POINT (7.004168631000027 50.951575681000065)","Unfall 237819 (2019) Kat:2, Licht: 0","237819","2","4","6","04","14","7","0","0","0","1","1","0"
"POINT (6.944177109000066 50.983140162000041)","Unfall 237820 (2019) Kat:2, Licht: 0","237820","2","1","0","04","10","7","0","0","1","0","0","0"
"POINT (6.933043940000061 50.923081840000066)","Unfall 237821 (2019) Kat:3, Licht: 0","237821","3","2","6","04","15","7","0","0","0","1","1","0"
"POINT (6.940831872000047 50.913219488000038)","Unfall 237822 (2019) Kat:3, Licht: 0","237822","3","7","6","04","15","7","0","0","0","0","1","0"
"POINT (6.926173200000051 50.923789787000032)","Unfall 237823 (2019) Kat:3, Licht: 0","237823","3","6","6","04","16","7","0","0","1","0","1","0"
"POINT (6.945581457000060 50.925162491000037)","Unfall 237824 (2019) Kat:3, Licht: 0","237824","3","1","0","04","16","7","0","0","1","0","0","0"
"POINT (6.956607045000055 50.947270997000032)","Unfall 237825 (2019) Kat:3, Licht: 0","237825","3","4","6","04","15","7","0","0","1","0","1","0"
"POINT (6.995315345000051 50.946269969000070)","Unfall 237871 (2019) Kat:3, Licht: 0","237871","3","6","2","04","17","6","0","0","0","1","0","0"
"POINT (7.078575972000067 50.929235898000059)","Unfall 237872 (2019) Kat:3, Licht: 0","237872","3","7","6","04","13","6","0","0","0","1","1","0"
"POINT (6.958592513000042 50.992543346000048)","Unfall 237873 (2019) Kat:3, Licht: 0","237873","3","3","2","04","07","6","0","0","1","1","0","0"
"POINT (6.966057481000064 50.915279574000067)","Unfall 237874 (2019) Kat:3, Licht: 0","237874","3","1","0","04","07","6","0","0","1","0","0","0"
"POINT (6.946913245000076 50.914354577000040)","Unfall 237875 (2019) Kat:3, Licht: 0","237875","3","6","3","04","16","6","0","0","1","1","0","0"
"POINT (6.945991289000062 50.928980963000072)","Unfall 237876 (2019) Kat:3, Licht: 0","237876","3","1","0","04","08","6","0","0","0","0","0","1"
"POINT (6.953941166000050 50.941578857000081)","Unfall 237877 (2019) Kat:3, Licht: 0","237877","3","5","3","04","17","6","0","0","1","1","0","0"
"POINT (6.959258084000055 50.950117574000046)","Unfall 237878 (2019) Kat:3, Licht: 0","237878","3","7","6","04","11","6","0","0","0","1","1","0"
"POINT (6.958389201000045 50.961635767000075)","Unfall 237916 (2019) Kat:3, Licht: 0","237916","3","7","3","04","16","7","1","0","0","0","0","1"
"POINT (6.915589258000068 50.951803467000047)","Unfall 237917 (2019) Kat:3, Licht: 2","237917","3","2","1","04","22","7","0","2","1","1","0","0"
"POINT (6.938655122000057 50.932523493000076)","Unfall 237918 (2019) Kat:3, Licht: 0","237918","3","3","5","04","16","7","0","0","1","1","0","0"
"POINT (7.101644761000046 50.863931541000056)","Unfall 237968 (2019) Kat:2, Licht: 2","237968","2","3","5","04","21","6","0","2","1","1","0","0"
"POINT (7.008541433000062 50.970395759000041)","Unfall 237969 (2019) Kat:3, Licht: 0","237969","3","3","5","04","19","6","0","0","1","1","0","0"
"POINT (6.909226889000024 50.951466195000080)","Unfall 237970 (2019) Kat:2, Licht: 0","237970","2","1","0","04","12","6","0","0","1","0","0","0"
"POINT (6.962484338000024 50.910947333000081)","Unfall 237971 (2019) Kat:3, Licht: 0","237971","3","2","5","04","17","6","0","0","0","1","0","1"
"POINT (7.101641316000041 50.863953376000040)","Unfall 238012 (2019) Kat:3, Licht: 1","238012","3","2","5","04","06","5","0","1","0","1","0","0"
"POINT (7.068775438000046 50.892195373000050)","Unfall 238013 (2019) Kat:2, Licht: 0","238013","2","2","5","04","16","5","0","0","1","1","0","0"
"POINT (7.052294636000056 50.903557931000080)","Unfall 238014 (2019) Kat:3, Licht: 0","238014","3","2","5","04","13","5","0","0","0","1","0","0"
"POINT (6.888102930000059 51.020523282000056)","Unfall 238015 (2019) Kat:2, Licht: 1","238015","2","2","6","04","06","5","0","1","0","1","1","0"
"POINT (6.845783429000051 50.931840569000030)","Unfall 238016 (2019) Kat:3, Licht: 0","238016","3","6","0","04","13","5","0","0","1","0","1","0"
"POINT (6.931964511000047 50.942196626000054)","Unfall 238017 (2019) Kat:3, Licht: 2","238017","3","5","3","04","22","5","0","2","0","1","0","0"
"POINT (6.925613220000059 50.951518320000048)","Unfall 238018 (2019) Kat:3, Licht: 0","238018","3","6","2","04","09","5","0","0","1","0","0","0"
"POINT (7.004609186000039 50.892136514000072)","Unfall 238019 (2019) Kat:3, Licht: 1","238019","3","4","5","04","21","5","0","1","1","0","1","0"
"POINT (6.942887266000071 50.938371353000036)","Unfall 238020 (2019) Kat:3, Licht: 0","238020","3","7","6","04","07","5","0","0","1","0","1","0"
"POINT (6.970173124000041 50.918670330000054)","Unfall 238021 (2019) Kat:3, Licht: 1","238021","3","2","5","04","20","5","0","1","1","0","0","0"
"POINT (7.054403426000022 50.886133386000040)","Unfall 238077 (2019) Kat:3, Licht: 0","238077","3","6","3","04","07","4","0","0","1","0","0","0"
"POINT (7.075222001000043 50.893075376000070)","Unfall 238078 (2019) Kat:3, Licht: 0","238078","3","3","5","04","15","4","0","0","0","1","0","0"
"POINT (6.995117970000024 50.939514718000055)","Unfall 238079 (2019) Kat:3, Licht: 0","238079","3","7","0","04","07","4","1","0","1","0","0","0"
"POINT (6.995154654000032 50.939555229000064)","Unfall 238080 (2019) Kat:3, Licht: 0","238080","3","7","0","04","07","4","1","0","1","0","0","0"
"POINT (7.026020522000067 50.923588435000056)","Unfall 238081 (2019) Kat:3, Licht: 0","238081","3","2","5","04","18","4","0","0","0","1","0","0"
"POINT (7.045497019000038 50.937229946000059)","Unfall 238082 (2019) Kat:3, Licht: 0","238082","3","1","0","04","16","4","0","0","0","0","0","1"
"POINT (6.921286545000044 50.985221751000040)","Unfall 238083 (2019) Kat:3, Licht: 0","238083","3","1","0","04","16","4","0","0","1","0","0","0"
"POINT (6.825334491000035 50.935963483000080)","Unfall 238084 (2019) Kat:3, Licht: 0","238084","3","5","1","04","16","4","0","0","1","0","0","1"
"POINT (6.916271634000054 50.968692794000049)","Unfall 238085 (2019) Kat:3, Licht: 0","238085","3","6","2","04","12","4","0","0","0","1","0","0"
"POINT (6.925873866000075 50.946755167000049)","Unfall 238086 (2019) Kat:3, Licht: 0","238086","3","7","0","04","19","4","0","0","1","1","0","0"
"POINT (6.924394820000032 50.940280233000067)","Unfall 238087 (2019) Kat:3, Licht: 0","238087","3","2","5","04","17","4","0","0","0","1","0","0"
"POINT (6.954330080000034 50.926219962000062)","Unfall 238088 (2019) Kat:3, Licht: 0","238088","3","6","2","04","16","4","0","0","0","1","0","0"
"POINT (6.910580880000055 50.986541345000035)","Unfall 238154 (2019) Kat:3, Licht: 0","238154","3","3","0","04","14","3","0","0","0","0","0","1"
"POINT (6.883369094000045 51.023489728000072)","Unfall 238155 (2019) Kat:2, Licht: 0","238155","2","3","5","04","16","3","0","0","1","1","0","0"
"POINT (6.884082223000064 50.969025830000078)","Unfall 238156 (2019) Kat:3, Licht: 0","238156","3","2","6","04","16","3","0","0","0","1","1","0"
"POINT (6.909066067000026 50.920439447000035)","Unfall 238157 (2019) Kat:2, Licht: 0","238157","2","2","5","04","17","3","0","0","1","1","0","0"
"POINT (6.955914806000067 50.942783084000041)","Unfall 238158 (2019) Kat:3, Licht: 0","238158","3","5","1","04","14","3","0","0","1","1","0","0"
"POINT (6.870978500000035 50.995110537000073)","Unfall 238223 (2019) Kat:2, Licht: 0","238223","2","5","1","04","12","4","0","0","1","1","0","0"
"POINT (6.888153752000051 50.969260153000050)","Unfall 238224 (2019) Kat:2, Licht: 0","238224","2","3","0","04","12","4","0","0","1","1","0","0"
"POINT (6.917917448000026 50.954684061000080)","Unfall 238225 (2019) Kat:3, Licht: 0","238225","3","2","3","04","17","4","0","0","1","0","0","0"
"POINT (7.037110807000033 50.949229384000034)","Unfall 238260 (2019) Kat:3, Licht: 0","238260","3","7","3","04","13","4","0","0","0","1","0","0"
"POINT (7.064278898000055 50.900870365000060)","Unfall 238272 (2019) Kat:3, Licht: 0","238272","3","6","2","04","11","3","0","0","0","1","0","0"
"POINT (7.036790694000047 50.971495466000079)","Unfall 238273 (2019) Kat:3, Licht: 0","238273","3","7","0","04","17","3","0","0","1","0","0","0"
"POINT (6.946110245000057 50.960543979000079)","Unfall 238274 (2019) Kat:3, Licht: 0","238274","3","3","5","04","10","3","0","0","0","1","0","0"
"POINT (6.852936148000026 51.002778088000071)","Unfall 238275 (2019) Kat:3, Licht: 0","238275","3","1","8","04","10","3","0","0","1","0","0","0"
"POINT (6.857770990000063 50.931956908000075)","Unfall 238276 (2019) Kat:3, Licht: 0","238276","3","7","8","04","16","3","0","0","1","0","0","0"
"POINT (6.923659349000047 50.931008694000070)","Unfall 238277 (2019) Kat:1, Licht: 0","238277","1","4","6","04","09","3","0","0","0","1","1","0"