WKT,Name,OBJECTID,UKATEGORIE,UTYP1,UART,UMONAT,USTUNDE,UWOCHENTAG,STRZUSTAND,ULICHTVERH,ISTRAD,ISTPKW,ISTFUSS,ISTKRAD
"POINT (6.956654246000028 50.947737476000043)","Unfall 238278 (2019) Kat:3, Licht: 0","238278","3","4","6","04","14","3","0","0","1","0","1","0"
"POINT (6.956815400000039 50.920880097000065)","Unfall 238279 (2019) Kat:3, Licht: 2","238279","3","7","1","04","00","3","0","2","1","1","0","0"
"POINT (6.948889753000060 50.934871596000050)","Unfall 238280 (2019) Kat:3, Licht: 0","238280","3","7","0","04","16","3","0","0","1","0","0","0"
"POINT (6.959571891000053 50.941684734000034)","Unfall 238281 (2019) Kat:3, Licht: 2","238281","3","7","2","04","12","3","0","2","0","0","0","1"
"POINT (6.874552701000027 51.003983654000081)","Unfall 238329 (2019) Kat:3, Licht: 0","238329","3","3","5","04","12","2","0","0","0","1","0","0"
"POINT (6.901540728000043 51.018689527000049)","Unfall 238330 (2019) Kat:3, Licht: 2","238330","3","7","0","04","23","2","0","2","0","0","0","0"
"POINT (6.923529228000064 51.036019141000054)","Unfall 238331 (2019) Kat:3, Licht: 0","238331","3","5","1","04","16","2","0","0","0","1","0","0"
"POINT (6.859531830000037 50.941283368000029)","Unfall 238332 (2019) Kat:2, Licht: 2","238332","2","1","0","04","22","2","0","2","1","1","0","0"
"POINT (6.936190830000044 50.957006991000071)","Unfall 238333 (2019) Kat:3, Licht: 0","238333","3","5","0","04","17","2","0","0","1","1","0","0"
"POINT (6.904939698000021 50.934378776000074)","Unfall 238334 (2019) Kat:2, Licht: 0","238334","2","2","4","04","13","2","0","0","1","1","0","0"
"POINT (7.062038914000027 50.919616428000040)","Unfall 238385 (2019) Kat:3, Licht: 0","238385","3","7","4","04","18","1","0","0","0","1","0","0"
"POINT (7.034086283000022 50.921944293000081)","Unfall 238386 (2019) Kat:2, Licht: 2","238386","2","1","8","04","22","1","0","2","0","1","0","0"
"POINT (7.068791256000054 50.892167254000071)","Unfall 238415 (2019) Kat:3, Licht: 0","238415","3","2","5","04","08","5","0","0","1","1","0","0"
"POINT (6.969117121000068 50.940872801000069)","Unfall 238416 (2019) Kat:3, Licht: 0","238416","3","7","0","04","14","5","0","0","1","0","0","0"
"POINT (7.014963739000052 50.950904547000050)","Unfall 238419 (2019) Kat:3, Licht: 0","238419","3","3","5","04","19","5","0","0","1","1","0","0"
"POINT (7.012539315000026 50.963997939000080)","Unfall 238420 (2019) Kat:3, Licht: 0","238420","3","7","0","04","19","5","0","0","0","1","0","0"
"POINT (7.024369749000073 50.979979551000042)","Unfall 238421 (2019) Kat:2, Licht: 0","238421","2","3","5","04","13","5","0","0","0","1","0","0"
"POINT (7.015266396000072 50.955559502000028)","Unfall 238423 (2019) Kat:3, Licht: 0","238423","3","7","6","04","12","5","0","0","0","1","1","0"
"POINT (6.931963883000037 50.949659803000031)","Unfall 238424 (2019) Kat:3, Licht: 0","238424","3","7","0","04","14","5","0","0","0","1","0","1"
"POINT (6.954835803000037 50.901588125000046)","Unfall 238425 (2019) Kat:3, Licht: 0","238425","3","6","2","04","19","5","0","0","0","1","0","0"
"POINT (6.932488947000024 50.913861593000036)","Unfall 238426 (2019) Kat:3, Licht: 0","238426","3","2","5","04","07","5","0","0","1","1","0","0"
"POINT (6.904823865000026 50.945620234000046)","Unfall 238447 (2019) Kat:3, Licht: 0","238447","3","3","5","04","16","3","0","0","1","1","0","0"
"POINT (6.962484801000073 50.910944451000034)","Unfall 238448 (2019) Kat:3, Licht: 0","238448","3","2","5","04","15","3","0","0","0","1","0","0"
"POINT (6.954008011000042 50.927127410000026)","Unfall 238449 (2019) Kat:3, Licht: 0","238449","3","7","6","04","09","3","0","0","1","0","1","0"
"POINT (6.959083477000036 50.922820472000069)","Unfall 238450 (2019) Kat:3, Licht: 0","238450","3","4","6","04","14","3","0","0","0","1","1","0"
"POINT (7.048626046000038 50.943934637000041)","Unfall 238506 (2019) Kat:3, Licht: 1","238506","3","7","6","04","20","2","0","1","0","1","1","0"
"POINT (6.918049761000020 50.988663054000028)","Unfall 238507 (2019) Kat:2, Licht: 0","238507","2","2","0","04","06","2","0","0","1","1","0","0"
"POINT (6.941221748000032 50.946451897000031)","Unfall 238508 (2019) Kat:3, Licht: 0","238508","3","5","1","04","18","2","0","0","1","1","0","0"
"POINT (6.973847832000047 50.924838745000045)","Unfall 238541 (2019) Kat:2, Licht: 0","238541","2","7","0","04","18","1","0","0","1","0","1","0"
"POINT (6.974510854000073 50.962482799000043)","Unfall 238542 (2019) Kat:3, Licht: 0","238542","3","3","5","04","19","1","0","0","0","1","0","0"
"POINT (7.070099309000057 50.889730835000080)","Unfall 238579 (2019) Kat:3, Licht: 0","238579","3","5","0","04","06","7","0","0","0","1","0","0"
"POINT (7.027346753000074 50.992253255000037)","Unfall 238580 (2019) Kat:2, Licht: 2","238580","2","1","8","04","23","7","0","2","1","0","0","0"
"POINT (7.006080004000069 50.966938403000029)","Unfall 238581 (2019) Kat:2, Licht: 0","238581","2","1","0","04","12","7","0","0","0","0","0","1"
"POINT (6.983916286000067 50.979634460000057)","Unfall 238582 (2019) Kat:3, Licht: 0","238582","3","7","0","04","10","7","0","0","0","1","0","0"
"POINT (6.946304215000055 50.973575020000055)","Unfall 238583 (2019) Kat:3, Licht: 0","238583","3","2","6","04","10","7","0","0","0","1","1","0"
"POINT (6.906733737000025 50.959012770000072)","Unfall 238584 (2019) Kat:3, Licht: 2","238584","3","1","0","04","21","7","0","2","1","0","0","0"
"POINT (6.915916925000033 50.926083222000045)","Unfall 238585 (2019) Kat:3, Licht: 0","238585","3","7","2","04","14","7","0","0","0","1","0","1"
"POINT (6.900422093000032 50.994387294000035)","Unfall 238638 (2019) Kat:3, Licht: 0","238638","3","1","0","04","14","6","0","0","1","0","0","0"
"POINT (6.850879124000073 50.948084628000061)","Unfall 238639 (2019) Kat:3, Licht: 0","238639","3","3","0","04","09","6","0","0","1","1","0","0"
"POINT (6.968458804000022 50.911732857000061)","Unfall 238640 (2019) Kat:3, Licht: 0","238640","3","4","0","04","19","6","0","0","1","0","1","0"
"POINT (6.982949894000058 50.913533670000049)","Unfall 238665 (2019) Kat:2, Licht: 0","238665","2","3","0","04","15","3","0","0","0","1","0","1"
"POINT (6.885691947000055 51.030039664000071)","Unfall 238669 (2019) Kat:3, Licht: 2","238669","3","1","8","04","03","3","0","2","0","1","0","0"
"POINT (6.844526209000037 51.064148024000076)","Unfall 238671 (2019) Kat:3, Licht: 0","238671","3","2","5","04","16","3","0","0","1","1","0","0"
"POINT (6.960904568000046 50.984024066000075)","Unfall 238674 (2019) Kat:3, Licht: 0","238674","3","6","3","04","13","3","0","0","0","1","0","0"
"POINT (7.021337940000024 50.965508883000041)","Unfall 238691 (2019) Kat:3, Licht: 0","238691","3","6","1","04","15","3","0","0","0","1","0","0"
"POINT (7.002501940000059 50.974310581000054)","Unfall 238696 (2019) Kat:3, Licht: 0","238696","3","7","1","04","17","3","0","0","0","1","0","0"
"POINT (6.990013770000076 50.930542222000042)","Unfall 238704 (2019) Kat:3, Licht: 0","238704","3","2","5","04","17","7","1","0","1","1","0","0"
"POINT (7.000996747000045 50.935317955000073)","Unfall 238705 (2019) Kat:3, Licht: 0","238705","3","6","2","04","16","7","1","0","0","1","0","0"
"POINT (6.898536776000071 50.965868504000071)","Unfall 238706 (2019) Kat:3, Licht: 0","238706","3","5","1","04","14","7","1","0","0","1","0","0"
"POINT (6.918922544000054 50.957607679000034)","Unfall 238707 (2019) Kat:3, Licht: 0","238707","3","5","5","04","12","7","1","0","0","0","0","1"
"POINT (6.919499970000061 50.912642580000067)","Unfall 238708 (2019) Kat:3, Licht: 0","238708","3","1","0","04","17","7","0","0","1","0","0","0"
"POINT (6.958440742000050 50.925150221000081)","Unfall 238709 (2019) Kat:3, Licht: 0","238709","3","2","3","04","13","7","1","0","1","0","0","0"
"POINT (6.945432806000042 50.933526724000046)","Unfall 238710 (2019) Kat:3, Licht: 2","238710","3","1","0","04","23","7","0","2","1","0","0","0"
"POINT (6.953955751000024 50.931788563000055)","Unfall 238711 (2019) Kat:3, Licht: 0","238711","3","6","2","04","15","7","1","0","0","1","0","0"
"POINT (7.050511372000074 50.902400255000032)","Unfall 238764 (2019) Kat:2, Licht: 0","238764","2","1","0","04","18","6","0","0","1","0","0","0"
"POINT (6.892503348000048 51.015485771000044)","Unfall 238765 (2019) Kat:3, Licht: 0","238765","3","2","4","04","12","6","0","0","0","1","0","1"
"POINT (6.900734724000074 50.934388833000071)","Unfall 238766 (2019) Kat:3, Licht: 0","238766","3","2","2","04","12","6","0","0","1","1","0","0"
"POINT (6.891386984000064 50.934563552000043)","Unfall 238767 (2019) Kat:3, Licht: 0","238767","3","3","5","04","09","6","1","0","1","1","0","0"
"POINT (6.894118458000037 50.990734031000045)","Unfall 238817 (2019) Kat:3, Licht: 0","238817","3","2","2","04","15","5","0","0","0","1","0","0"
"POINT (6.934630385000048 50.927644268000051)","Unfall 238818 (2019) Kat:2, Licht: 0","238818","2","1","0","04","17","5","0","0","1","0","0","0"
"POINT (6.925376959000062 50.917047779000029)","Unfall 238819 (2019) Kat:3, Licht: 0","238819","3","1","0","04","17","5","0","0","1","0","0","0"
"POINT (6.946894884000074 50.928479539000080)","Unfall 238820 (2019) Kat:3, Licht: 0","238820","3","3","5","04","15","5","0","0","1","1","0","0"
"POINT (6.961422407000043 50.914774799000043)","Unfall 238821 (2019) Kat:3, Licht: 2","238821","3","6","3","04","21","5","0","2","0","1","0","1"
"POINT (6.989557355000045 50.921199549000050)","Unfall 238876 (2019) Kat:3, Licht: 0","238876","3","7","0","04","16","4","0","0","1","0","0","0"
"POINT (7.029707294000048 50.980613683000058)","Unfall 238877 (2019) Kat:3, Licht: 2","238877","3","6","8","04","04","4","0","2","0","0","0","1"
"POINT (6.917457341000045 50.982849204000047)","Unfall 238878 (2019) Kat:3, Licht: 0","238878","3","7","0","04","12","4","0","0","1","0","0","0"
"POINT (6.884860977000074 51.011124000000052)","Unfall 238879 (2019) Kat:2, Licht: 2","238879","2","1","8","04","23","4","1","2","0","1","0","0"
"POINT (6.853600531000041 50.999683887000060)","Unfall 238880 (2019) Kat:2, Licht: 0","238880","2","2","5","04","17","4","0","0","1","1","0","0"
"POINT (6.890179752000051 51.028330668000081)","Unfall 238881 (2019) Kat:3, Licht: 0","238881","3","3","5","04","18","4","0","0","1","1","0","0"
"POINT (6.906456007000031 50.987696778000043)","Unfall 238882 (2019) Kat:2, Licht: 0","238882","2","7","0","04","13","4","0","0","0","0","0","1"
"POINT (6.901219806000029 50.952188814000067)","Unfall 238883 (2019) Kat:3, Licht: 0","238883","3","6","2","04","09","4","0","0","0","1","0","1"
"POINT (6.873560919000056 50.957987197000080)","Unfall 238884 (2019) Kat:3, Licht: 0","238884","3","5","1","04","18","4","0","0","1","1","0","0"
"POINT (6.996030490000067 50.876284609000038)","Unfall 238885 (2019) Kat:3, Licht: 0","238885","3","7","9","04","18","4","0","0","0","0","0","1"
"POINT (6.932691045000070 50.924343289000035)","Unfall 238886 (2019) Kat:3, Licht: 0","238886","3","6","4","04","08","4","0","0","1","0","0","0"
"POINT (6.942072572000029 50.940102796000076)","Unfall 238887 (2019) Kat:3, Licht: 0","238887","3","6","3","04","14","4","0","0","1","1","0","0"
"POINT (6.954626537000024 50.926694866000048)","Unfall 238889 (2019) Kat:3, Licht: 0","238889","3","1","9","04","10","4","0","0","0","1","0","0"
"POINT (6.948591518000058 50.933801346000052)","Unfall 238890 (2019) Kat:3, Licht: 0","238890","3","3","5","04","08","4","0","0","1","1","0","0"
"POINT (7.081491927000059 50.876009933000034)","Unfall 238979 (2019) Kat:3, Licht: 0","238979","3","7","0","05","19","4","0","0","1","0","0","0"
"POINT (6.972989590000054 50.926396850000060)","Unfall 238980 (2019) Kat:3, Licht: 0","238980","3","3","5","05","14","4","0","0","1","0","0","0"
"POINT (6.860735559000034 50.959625531000029)","Unfall 238981 (2019) Kat:3, Licht: 0","238981","3","7","6","05","14","4","0","0","1","0","1","0"
"POINT (6.994639655000071 50.916200035000031)","Unfall 239036 (2019) Kat:3, Licht: 0","239036","3","4","6","04","13","3","0","0","0","1","1","0"
"POINT (7.030817476000038 50.988649771000041)","Unfall 239037 (2019) Kat:3, Licht: 0","239037","3","6","6","04","13","3","0","0","0","1","1","0"
"POINT (6.918049761000020 50.988663054000028)","Unfall 239038 (2019) Kat:3, Licht: 0","239038","3","3","5","04","19","3","0","0","1","1","0","0"
"POINT (6.972176311000055 50.957118045000072)","Unfall 239039 (2019) Kat:2, Licht: 0","239039","2","3","5","04","14","3","0","0","0","1","0","0"
"POINT (6.830879922000065 50.961435543000050)","Unfall 239040 (2019) Kat:3, Licht: 0","239040","3","6","4","04","12","3","0","0","1","1","0","0"
"POINT (6.971353724000039 50.914715689000047)","Unfall 239041 (2019) Kat:3, Licht: 0","239041","3","6","6","04","15","3","0","0","1","0","1","0"
"POINT (6.960527040000045 50.943614719000038)","Unfall 239042 (2019) Kat:2, Licht: 0","239042","2","3","5","04","07","3","0","0","1","1","0","0"
"POINT (6.967581235000068 50.921372746000031)","Unfall 239043 (2019) Kat:2, Licht: 0","239043","2","1","7","04","18","3","0","0","1","0","0","0"
"POINT (6.998902662000035 50.922559860000035)","Unfall 239123 (2019) Kat:3, Licht: 0","239123","3","2","1","04","17","2","0","0","0","1","0","0"
"POINT (7.062435993000065 50.935171646000072)","Unfall 239124 (2019) Kat:3, Licht: 0","239124","3","7","6","04","14","2","0","0","0","1","1","0"
"POINT (7.001992238000071 51.007566445000066)","Unfall 239125 (2019) Kat:3, Licht: 1","239125","3","3","5","04","06","2","0","1","1","1","0","0"
"POINT (7.045537000000024 50.997607453000057)","Unfall 239126 (2019) Kat:3, Licht: 0","239126","3","4","6","04","17","2","0","0","1","0","1","0"
"POINT (6.953572008000037 50.960611522000079)","Unfall 239127 (2019) Kat:3, Licht: 0","239127","3","6","3","04","10","2","0","0","0","1","0","1"
"POINT (7.008381901000064 50.968831120000061)","Unfall 239190 (2019) Kat:3, Licht: 0","239190","3","1","8","04","16","1","1","0","0","1","0","0"
"POINT (7.031771842000069 50.983366273000058)","Unfall 239191 (2019) Kat:3, Licht: 0","239191","3","1","1","04","11","1","0","0","0","1","0","0"
"POINT (6.963040607000039 50.972008486000050)","Unfall 239192 (2019) Kat:3, Licht: 0","239192","3","7","0","04","14","1","0","0","1","0","0","0"
"POINT (6.967211910000060 50.922056454000028)","Unfall 239193 (2019) Kat:3, Licht: 2","239193","3","3","5","04","22","1","0","2","0","1","0","0"
"POINT (7.057149807000030 50.883264462000056)","Unfall 239241 (2019) Kat:3, Licht: 0","239241","3","4","6","05","13","2","0","0","0","1","1","0"
"POINT (6.998425406000024 50.960115335000069)","Unfall 239243 (2019) Kat:2, Licht: 2","239243","2","7","0","05","23","2","0","2","0","1","0","0"
"POINT (6.890064275000043 50.946844186000078)","Unfall 239244 (2019) Kat:3, Licht: 0","239244","3","5","0","05","08","2","0","0","1","1","0","0"
"POINT (6.914770058000045 50.920264821000046)","Unfall 239245 (2019) Kat:3, Licht: 1","239245","3","1","0","05","17","2","1","1","1","0","0","0"
"POINT (6.914637895000055 50.908266537000031)","Unfall 239246 (2019) Kat:3, Licht: 0","239246","3","6","3","05","07","2","0","0","1","0","0","0"
"POINT (6.956632148000040 50.947548833000042)","Unfall 239247 (2019) Kat:3, Licht: 2","239247","3","2","6","05","00","2","0","2","0","1","1","0"
"POINT (7.002590820000023 50.960286003000078)","Unfall 239288 (2019) Kat:3, Licht: 1","239288","3","7","1","05","20","1","0","1","0","1","0","0"
"POINT (7.018388381000023 50.957373507000057)","Unfall 239289 (2019) Kat:3, Licht: 0","239289","3","7","6","05","17","1","0","0","0","1","1","0"
"POINT (6.915823539000030 50.961737843000037)","Unfall 239311 (2019) Kat:3, Licht: 2","239311","3","2","0","05","22","7","1","2","0","1","0","1"
"POINT (6.937828686000046 50.929462887000057)","Unfall 239312 (2019) Kat:3, Licht: 0","239312","3","1","0","05","20","7","1","0","1","0","0","0"
"POINT (6.908965068000043 50.962353343000075)","Unfall 239365 (2019) Kat:3, Licht: 0","239365","3","6","2","05","18","6","0","0","0","1","0","0"
"POINT (7.000597589000051 50.882432162000043)","Unfall 239366 (2019) Kat:3, Licht: 0","239366","3","6","2","05","11","6","0","0","0","1","0","0"
"POINT (6.960867699000062 50.908589801000062)","Unfall 239367 (2019) Kat:2, Licht: 0","239367","2","2","5","05","08","6","0","0","1","1","0","0"
"POINT (6.962250052000059 50.920030435000058)","Unfall 239368 (2019) Kat:3, Licht: 2","239368","3","7","6","05","02","6","1","2","0","1","1","0"
"POINT (7.030256782000038 50.980530646000034)","Unfall 239445 (2019) Kat:3, Licht: 0","239445","3","7","6","05","17","5","0","0","0","1","1","0"
"POINT (6.952756936000071 50.970057903000054)","Unfall 239446 (2019) Kat:3, Licht: 0","239446","3","3","3","05","07","5","0","0","1","1","0","0"
"POINT (6.959766227000046 50.974220863000028)","Unfall 239448 (2019) Kat:3, Licht: 0","239448","3","2","5","05","19","5","1","0","0","1","0","0"
"POINT (6.956208930000059 50.973564473000067)","Unfall 239449 (2019) Kat:3, Licht: 0","239449","3","3","5","05","17","5","0","0","1","1","0","0"
"POINT (7.029476945000056 50.875975812000036)","Unfall 239450 (2019) Kat:3, Licht: 0","239450","3","7","0","05","13","5","0","0","0","0","0","0"
"POINT (6.948539371000038 50.933775386000036)","Unfall 239451 (2019) Kat:3, Licht: 2","239451","3","3","5","05","21","5","1","2","1","1","0","0"
"POINT (7.100097701000038 50.857085909000034)","Unfall 239490 (2019) Kat:2, Licht: 0","239490","2","1","0","05","14","6","0","0","1","0","0","0"
"POINT (7.012555594000048 50.973745395000037)","Unfall 239491 (2019) Kat:3, Licht: 0","239491","3","3","5","05","12","6","1","0","1","1","0","0"
"POINT (6.956701009000028 50.974054018000061)","Unfall 239492 (2019) Kat:3, Licht: 2","239492","3","1","0","05","22","6","1","2","1","0","0","0"
"POINT (6.900710124000057 50.934778399000038)","Unfall 239493 (2019) Kat:2, Licht: 0","239493","2","1","0","05","12","6","1","0","1","0","0","0"
"POINT (6.898885043000064 50.952576594000050)","Unfall 239494 (2019) Kat:2, Licht: 0","239494","2","7","5","05","08","6","1","0","1","1","0","0"
"POINT (6.906365317000052 50.945445262000078)","Unfall 239496 (2019) Kat:3, Licht: 0","239496","3","2","5","05","11","6","0","0","1","1","0","0"
"POINT (6.941111098000022 50.911770336000075)","Unfall 239497 (2019) Kat:3, Licht: 0","239497","3","1","1","05","10","6","1","0","1","1","0","0"
"POINT (6.936054671000022 50.928430218000074)","Unfall 239498 (2019) Kat:3, Licht: 0","239498","3","1","0","05","12","6","1","0","1","0","0","0"
"POINT (6.918009412000060 50.928655023000033)","Unfall 239499 (2019) Kat:3, Licht: 0","239499","3","3","5","05","12","6","0","0","1","1","0","0"
"POINT (6.946433988000024 50.928854679000040)","Unfall 239500 (2019) Kat:3, Licht: 0","239500","3","4","6","05","07","6","1","0","0","1","1","0"
"POINT (7.070515977000071 50.888459165000029)","Unfall 239573 (2019) Kat:3, Licht: 0","239573","3","4","6","05","15","5","0","0","1","0","1","0"
"POINT (6.994689962000052 50.916272376000052)","Unfall 239574 (2019) Kat:3, Licht: 0","239574","3","7","0","05","14","5","0","0","1","0","0","0"
"POINT (6.960046592000026 50.910978233000037)","Unfall 239575 (2019) Kat:3, Licht: 0","239575","3","7","6","05","09","5","0","0","0","1","1","0"
"POINT (6.935995848000061 50.941611034000061)","Unfall 239576 (2019) Kat:3, Licht: 0","239576","3","5","6","05","08","5","0","0","0","0","1","0"
"POINT (7.063141076000022 50.896439534000081)","Unfall 239645 (2019) Kat:3, Licht: 2","239645","3","7","6","05","21","4","1","2","0","1","1","0"
"POINT (6.922880493000037 50.944706869000072)","Unfall 239646 (2019) Kat:3, Licht: 0","239646","3","5","1","05","12","4","1","0","1","1","0","0"
"POINT (6.898603098000024 50.942308600000047)","Unfall 239647 (2019) Kat:3, Licht: 1","239647","3","6","2","05","05","4","0","1","0","0","0","1"
"POINT (6.930232818000036 50.912406511000029)","Unfall 239648 (2019) Kat:3, Licht: 0","239648","3","3","5","05","08","4","1","0","0","1","0","0"
"POINT (6.919966025000065 50.920300802000042)","Unfall 239649 (2019) Kat:3, Licht: 0","239649","3","5","0","05","16","4","1","0","1","1","0","0"
"POINT (6.955888054000070 50.942601345000071)","Unfall 239650 (2019) Kat:3, Licht: 0","239650","3","2","6","05","18","4","1","0","0","1","1","0"
"POINT (6.912865977000024 50.984046974000080)","Unfall 239707 (2019) Kat:3, Licht: 0","239707","3","3","5","05","11","3","0","0","1","1","0","0"
"POINT (6.913060059000031 51.014494794000029)","Unfall 239708 (2019) Kat:3, Licht: 0","239708","3","7","6","05","15","3","0","0","0","1","1","0"
"POINT (6.896719526000027 50.936107003000075)","Unfall 239709 (2019) Kat:3, Licht: 0","239709","3","3","5","05","08","3","0","0","1","1","0","0"
"POINT (6.920715074000043 50.911149084000044)","Unfall 239710 (2019) Kat:3, Licht: 0","239710","3","7","6","05","09","3","0","0","1","0","1","0"
"POINT (6.934606531000043 50.937055678000036)","Unfall 239711 (2019) Kat:3, Licht: 0","239711","3","7","0","05","20","3","0","0","1","0","0","0"
"POINT (7.024469008000040 50.934339515000033)","Unfall 239784 (2019) Kat:3, Licht: 0","239784","3","7","0","05","16","3","0","0","1","0","0","0"
"POINT (6.983316149000075 51.000233233000074)","Unfall 239785 (2019) Kat:3, Licht: 0","239785","3","5","1","05","14","3","0","0","0","1","0","0"
"POINT (6.892393034000065 51.015473931000031)","Unfall 239786 (2019) Kat:3, Licht: 0","239786","3","2","5","05","15","3","0","0","0","1","0","0"
"POINT (6.910199862000070 50.949135882000064)","Unfall 239787 (2019) Kat:3, Licht: 0","239787","3","7","6","05","13","3","0","0","0","1","1","0"
"POINT (6.926285684000050 50.862337070000081)","Unfall 239788 (2019) Kat:3, Licht: 0","239788","3","4","6","05","19","3","0","0","0","1","1","0"
"POINT (6.998072405000073 50.886706806000063)","Unfall 239789 (2019) Kat:3, Licht: 0","239789","3","5","1","05","15","3","0","0","1","1","0","0"
"POINT (6.909232017000022 50.918059282000058)","Unfall 239791 (2019) Kat:3, Licht: 0","239791","3","1","0","05","08","3","0","0","0","0","0","1"
"POINT (6.938141105000057 50.946488181000063)","Unfall 239792 (2019) Kat:3, Licht: 0","239792","3","7","0","05","07","3","0","0","1","0","0","0"
"POINT (6.942413117000058 50.932095667000056)","Unfall 239793 (2019) Kat:3, Licht: 0","239793","3","1","0","05","20","3","0","0","1","0","0","0"
"POINT (6.954839145000051 50.944904161000068)","Unfall 239794 (2019) Kat:3, Licht: 0","239794","3","5","1","05","14","3","0","0","0","1","0","0"
"POINT (7.021154422000052 50.974379833000057)","Unfall 239874 (2019) Kat:2, Licht: 0","239874","2","2","3","05","16","2","0","0","1","1","0","0"
"POINT (6.957137047000060 50.961155732000066)","Unfall 239875 (2019) Kat:3, Licht: 0","239875","3","5","1","05","10","2","0","0","1","1","0","0"
"POINT (6.907618513000045 50.950284527000065)","Unfall 239876 (2019) Kat:3, Licht: 0","239876","3","5","0","05","14","2","0","0","1","1","0","0"
"POINT (6.963820583000029 50.906268199000067)","Unfall 239877 (2019) Kat:3, Licht: 0","239877","3","2","4","05","13","2","0","0","1","1","0","0"
"POINT (6.953145287000041 50.939015866000034)","Unfall 239878 (2019) Kat:3, Licht: 0","239878","3","6","4","05","08","2","0","0","1","0","0","0"
"POINT (7.090735960000075 50.856873653000036)","Unfall 239939 (2019) Kat:2, Licht: 0","239939","2","3","0","05","20","1","0","0","1","1","0","0"
"POINT (6.901188157000036 50.995138782000026)","Unfall 239941 (2019) Kat:3, Licht: 0","239941","3","1","0","05","14","1","0","0","0","0","0","1"
"POINT (6.956153257000040 50.935562010000069)","Unfall 239942 (2019) Kat:2, Licht: 2","239942","2","1","9","05","21","1","0","2","1","0","0","0"
"POINT (7.098706031000063 50.863603307000062)","Unfall 240053 (2019) Kat:2, Licht: 0","240053","2","3","5","05","12","6","1","0","0","1","0","1"
"POINT (7.000788472000068 50.931655126000067)","Unfall 240054 (2019) Kat:3, Licht: 0","240054","3","5","0","05","13","6","0","0","1","1","1","0"
"POINT (6.998782619000053 50.979145712000047)","Unfall 240055 (2019) Kat:3, Licht: 0","240055","3","7","6","05","14","6","0","0","0","0","1","1"
"POINT (6.944650962000026 50.987091368000051)","Unfall 240056 (2019) Kat:3, Licht: 0","240056","3","1","0","05","07","6","1","0","1","0","0","0"
"POINT (6.916083693000076 50.968566616000032)","Unfall 240057 (2019) Kat:3, Licht: 0","240057","3","3","5","05","16","6","0","0","1","1","0","0"
"POINT (6.899780019000048 50.938526349000028)","Unfall 240058 (2019) Kat:2, Licht: 0","240058","2","3","5","05","16","6","1","0","0","1","0","0"
"POINT (6.978958332000047 50.905455439000036)","Unfall 240060 (2019) Kat:3, Licht: 0","240060","3","6","3","05","17","6","0","0","0","1","0","0"
"POINT (6.940916437000055 50.913964947000068)","Unfall 240061 (2019) Kat:3, Licht: 0","240061","3","2","4","05","12","6","1","0","0","1","0","0"
"POINT (7.070145960000048 50.972109665000062)","Unfall 240083 (2019) Kat:3, Licht: 0","240083","3","7","0","05","17","7","0","0","1","0","0","1"
"POINT (6.854259176000028 50.984314768000047)","Unfall 240092 (2019) Kat:2, Licht: 0","240092","2","7","0","05","18","7","1","0","0","1","0","0"
"POINT (6.944184581000059 50.924188217000051)","Unfall 240112 (2019) Kat:3, Licht: 0","240112","3","2","3","05","16","7","0","0","1","1","0","0"
"POINT (6.967245043000048 50.922001362000060)","Unfall 240116 (2019) Kat:3, Licht: 0","240116","3","6","1","05","12","7","0","0","0","1","0","1"
"POINT (7.097849977000067 50.875891204000027)","Unfall 240123 (2019) Kat:3, Licht: 0","240123","3","5","1","05","16","5","0","0","1","1","0","0"
"POINT (7.029135738000036 50.941896644000053)","Unfall 240124 (2019) Kat:3, Licht: 0","240124","3","3","5","05","07","5","0","0","1","1","0","0"
"POINT (7.032610790000035 50.979811623000046)","Unfall 240125 (2019) Kat:2, Licht: 0","240125","2","4","0","05","15","5","0","0","0","0","1","0"
"POINT (7.035388885000032 51.000193725000031)","Unfall 240126 (2019) Kat:3, Licht: 0","240126","3","3","5","05","10","5","0","0","1","1","0","0"
"POINT (6.940113088000032 50.968428574000029)","Unfall 240127 (2019) Kat:2, Licht: 0","240127","2","3","0","05","11","5","0","0","0","0","0","0"
"POINT (6.990983661000030 50.886105289000056)","Unfall 240128 (2019) Kat:3, Licht: 0","240128","3","5","1","05","10","5","0","0","1","1","0","0"
"POINT (6.940781352000045 50.912354630000038)","Unfall 240129 (2019) Kat:2, Licht: 0","240129","2","1","0","05","19","5","0","0","1","0","0","0"
"POINT (6.928902632000074 50.925460050000027)","Unfall 240130 (2019) Kat:3, Licht: 0","240130","3","7","0","05","15","5","0","0","1","0","0","0"
"POINT (6.950543787000072 50.939092273000028)","Unfall 240131 (2019) Kat:3, Licht: 0","240131","3","2","3","05","15","5","0","0","1","1","0","0"
"POINT (6.941156573000058 50.940325482000048)","Unfall 240135 (2019) Kat:2, Licht: 2","240135","2","7","6","05","23","7","1","2","0","1","1","0"
"POINT (7.069884610000031 50.884431872000050)","Unfall 240227 (2019) Kat:2, Licht: 0","240227","2","7","6","05","17","4","0","0","0","1","1","0"