WKT,Name,OBJECTID,UKATEGORIE,UTYP1,UART,UMONAT,USTUNDE,UWOCHENTAG,STRZUSTAND,ULICHTVERH,ISTRAD,ISTPKW,ISTFUSS,ISTKRAD
"POINT (6.990647377000073 50.938812378000080)","Unfall 240228 (2019) Kat:3, Licht: 0","240228","3","7","3","05","18","4","0","0","0","1","0","1"
"POINT (6.999585851000063 50.956713634000039)","Unfall 240229 (2019) Kat:2, Licht: 0","240229","2","3","1","05","09","4","0","0","0","1","0","1"
"POINT (6.976705950000053 51.000913480000065)","Unfall 240230 (2019) Kat:3, Licht: 0","240230","3","5","0","05","19","4","0","0","1","1","0","0"
"POINT (6.901219806000029 50.952188814000067)","Unfall 240231 (2019) Kat:2, Licht: 0","240231","2","4","6","05","16","4","0","0","0","1","1","0"
"POINT (6.897820986000056 50.924200199000040)","Unfall 240232 (2019) Kat:3, Licht: 0","240232","3","5","1","05","08","4","0","0","1","1","0","0"
"POINT (6.934621899000035 50.927641453000035)","Unfall 240233 (2019) Kat:2, Licht: 0","240233","2","1","0","05","14","4","0","0","1","0","0","0"
"POINT (6.941134027000032 50.940332710000064)","Unfall 240234 (2019) Kat:3, Licht: 0","240234","3","7","0","05","20","4","0","0","1","0","0","0"
"POINT (6.949543290000065 50.993055054000081)","Unfall 240313 (2019) Kat:3, Licht: 0","240313","3","6","2","05","08","3","1","0","0","1","0","0"
"POINT (6.914064972000062 50.956191394000030)","Unfall 240314 (2019) Kat:3, Licht: 0","240314","3","6","2","05","15","3","1","0","0","1","0","0"
"POINT (6.932606092000071 50.934089029000063)","Unfall 240315 (2019) Kat:3, Licht: 0","240315","3","1","0","05","17","3","1","0","0","0","0","1"
"POINT (6.952282995000076 50.951120589000027)","Unfall 240316 (2019) Kat:3, Licht: 0","240316","3","5","0","05","16","3","1","0","1","1","0","0"
"POINT (6.956006328000058 50.942536411000049)","Unfall 240318 (2019) Kat:3, Licht: 0","240318","3","3","5","05","08","3","1","0","1","1","0","0"
"POINT (7.098890490000031 50.861707712000054)","Unfall 240393 (2019) Kat:3, Licht: 0","240393","3","3","5","05","16","4","0","0","1","1","0","0"
"POINT (7.034681004000049 50.901707703000056)","Unfall 240401 (2019) Kat:3, Licht: 0","240401","3","7","6","05","16","2","0","0","0","1","1","0"
"POINT (6.956815681000023 50.974168063000036)","Unfall 240402 (2019) Kat:3, Licht: 0","240402","3","6","3","05","16","4","0","0","0","1","0","0"
"POINT (6.997230539000043 50.957879345000038)","Unfall 240403 (2019) Kat:3, Licht: 0","240403","3","5","3","05","08","2","0","0","0","1","0","0"
"POINT (6.915604016000032 50.917462975000035)","Unfall 240404 (2019) Kat:3, Licht: 0","240404","3","2","1","05","18","2","0","0","0","1","0","1"
"POINT (6.961700356000051 50.914467206000040)","Unfall 240405 (2019) Kat:3, Licht: 0","240405","3","3","5","05","16","2","0","0","1","1","0","0"
"POINT (6.849163489000034 50.920335001000069)","Unfall 240407 (2019) Kat:2, Licht: 0","240407","2","1","8","05","14","4","0","0","0","0","0","1"
"POINT (6.912042563000057 50.965281923000077)","Unfall 240427 (2019) Kat:3, Licht: 0","240427","3","2","5","05","18","4","0","0","1","1","0","0"
"POINT (6.902470456000060 50.918601881000029)","Unfall 240435 (2019) Kat:3, Licht: 0","240435","3","3","5","05","08","4","0","0","1","1","0","0"
"POINT (6.925445392000029 50.923550968000029)","Unfall 240439 (2019) Kat:3, Licht: 0","240439","3","1","0","05","19","4","0","0","1","0","0","0"
"POINT (6.913449332000027 50.907395140000062)","Unfall 240447 (2019) Kat:3, Licht: 0","240447","3","4","6","05","13","4","0","0","0","1","1","0"
"POINT (6.955660570000021 50.947835001000044)","Unfall 240460 (2019) Kat:2, Licht: 2","240460","2","1","8","05","22","4","0","2","1","0","0","0"
"POINT (7.048249668000040 50.931384488000049)","Unfall 240465 (2019) Kat:3, Licht: 0","240465","3","7","0","05","10","1","0","0","1","0","1","0"
"POINT (6.949265523000065 50.917984196000077)","Unfall 240473 (2019) Kat:3, Licht: 0","240473","3","6","4","05","17","4","0","0","1","0","0","0"
"POINT (6.999997304000033 50.943120110000052)","Unfall 240513 (2019) Kat:2, Licht: 0","240513","2","4","6","05","18","7","0","0","0","1","1","0"
"POINT (6.993964925000057 50.937927237000054)","Unfall 240514 (2019) Kat:3, Licht: 0","240514","3","7","6","05","19","7","0","0","0","1","1","0"
"POINT (6.980009217000031 50.926573285000075)","Unfall 240515 (2019) Kat:3, Licht: 0","240515","3","3","5","05","13","7","0","0","0","1","0","1"
"POINT (7.025879643000053 51.006715913000050)","Unfall 240516 (2019) Kat:2, Licht: 0","240516","2","7","0","05","12","7","0","0","0","0","0","1"
"POINT (6.903397975000075 51.023219596000047)","Unfall 240517 (2019) Kat:3, Licht: 1","240517","3","7","6","05","20","7","0","1","0","0","1","0"
"POINT (6.926210585000035 50.982075854000072)","Unfall 240518 (2019) Kat:3, Licht: 0","240518","3","3","5","05","16","7","0","0","1","1","0","0"
"POINT (6.914027847000057 50.956206237000060)","Unfall 240519 (2019) Kat:2, Licht: 2","240519","2","7","8","05","00","7","0","2","1","1","0","0"
"POINT (6.932838620000041 50.919505147000052)","Unfall 240520 (2019) Kat:3, Licht: 2","240520","3","7","1","05","22","7","0","2","0","1","1","0"
"POINT (6.958750328000065 50.923840981000069)","Unfall 240521 (2019) Kat:3, Licht: 0","240521","3","4","0","05","14","7","0","0","1","0","1","0"
"POINT (6.959210424000048 50.922375683000041)","Unfall 240522 (2019) Kat:3, Licht: 0","240522","3","4","6","05","14","7","0","0","0","1","1","0"
"POINT (7.008769501000074 50.937208724000072)","Unfall 240591 (2019) Kat:3, Licht: 0","240591","3","3","4","05","09","6","0","0","1","1","0","0"
"POINT (6.998136886000054 50.935516854000070)","Unfall 240592 (2019) Kat:3, Licht: 1","240592","3","2","5","05","21","6","0","1","1","1","0","0"
"POINT (6.989804222000032 50.912066522000032)","Unfall 240593 (2019) Kat:3, Licht: 0","240593","3","2","3","05","17","6","0","0","1","0","0","0"
"POINT (6.998803952000060 50.938471632000073)","Unfall 240594 (2019) Kat:3, Licht: 0","240594","3","4","6","05","18","6","0","0","0","1","1","0"
"POINT (7.008821795000074 50.940739608000058)","Unfall 240595 (2019) Kat:2, Licht: 0","240595","2","5","3","05","16","6","0","0","0","1","0","1"
"POINT (7.024771979000036 51.006725682000081)","Unfall 240597 (2019) Kat:3, Licht: 0","240597","3","3","0","05","13","6","0","0","1","1","0","0"
"POINT (6.960765100000060 50.982933484000057)","Unfall 240598 (2019) Kat:3, Licht: 1","240598","3","3","5","05","21","6","0","1","1","1","0","0"
"POINT (6.957491760000039 50.974168385000041)","Unfall 240600 (2019) Kat:3, Licht: 0","240600","3","6","3","05","19","6","0","0","0","1","0","0"
"POINT (6.940133260000039 50.968366820000028)","Unfall 240601 (2019) Kat:2, Licht: 0","240601","2","3","5","05","09","6","0","0","1","1","0","1"
"POINT (6.850879124000073 50.948084628000061)","Unfall 240602 (2019) Kat:3, Licht: 0","240602","3","2","5","05","17","6","0","0","0","1","0","0"
"POINT (6.923443518000056 50.952645168000060)","Unfall 240604 (2019) Kat:3, Licht: 0","240604","3","7","0","05","16","6","0","0","1","1","0","0"
"POINT (6.898675122000043 50.941914992000079)","Unfall 240605 (2019) Kat:3, Licht: 0","240605","3","2","5","05","17","6","0","0","1","0","0","0"
"POINT (6.928284830000052 50.915403698000034)","Unfall 240606 (2019) Kat:2, Licht: 2","240606","2","7","2","05","21","6","0","2","0","1","0","1"
"POINT (6.928016099000047 50.922812668000063)","Unfall 240705 (2019) Kat:3, Licht: 0","240705","3","2","2","05","11","5","0","0","1","1","0","0"
"POINT (6.928203903000053 50.915435411000033)","Unfall 240706 (2019) Kat:3, Licht: 0","240706","3","5","3","05","09","5","0","0","1","1","0","0"
"POINT (6.953038757000059 50.921503381000036)","Unfall 240707 (2019) Kat:3, Licht: 0","240707","3","5","1","05","20","5","0","0","1","1","0","0"
"POINT (7.029082127000038 50.914705763000029)","Unfall 240756 (2019) Kat:3, Licht: 0","240756","3","6","1","05","16","5","0","0","0","1","0","0"
"POINT (6.936949080000034 50.907387226000026)","Unfall 240777 (2019) Kat:3, Licht: 0","240777","3","3","5","05","11","1","0","0","1","1","0","0"
"POINT (6.994973280000068 50.940190875000042)","Unfall 240803 (2019) Kat:3, Licht: 0","240803","3","4","6","05","20","4","0","0","0","1","1","0"
"POINT (6.971575331000054 50.937466300000040)","Unfall 240804 (2019) Kat:2, Licht: 2","240804","2","7","0","05","23","4","0","2","1","0","0","0"
"POINT (6.971986142000048 50.979423675000078)","Unfall 240805 (2019) Kat:3, Licht: 1","240805","3","1","0","05","21","4","0","1","1","0","0","0"
"POINT (6.960110777000068 50.996447752000051)","Unfall 240806 (2019) Kat:1, Licht: 2","240806","1","1","0","05","02","4","1","2","0","1","0","0"
"POINT (6.946800150000058 50.995577632000050)","Unfall 240807 (2019) Kat:3, Licht: 0","240807","3","6","1","05","19","4","0","0","0","1","0","0"
"POINT (6.885638064000034 51.029935166000030)","Unfall 240808 (2019) Kat:3, Licht: 0","240808","3","2","5","05","15","4","0","0","1","1","0","0"
"POINT (6.841423115000055 50.963865620000036)","Unfall 240809 (2019) Kat:3, Licht: 0","240809","3","3","5","05","17","4","0","0","1","1","0","0"
"POINT (6.935465896000039 50.947755959000062)","Unfall 240810 (2019) Kat:3, Licht: 0","240810","3","6","1","05","14","4","0","0","0","1","0","0"
"POINT (6.944410801000061 50.928479138000057)","Unfall 240811 (2019) Kat:3, Licht: 0","240811","3","3","5","05","14","4","0","0","1","1","0","0"
"POINT (6.955160681000052 50.952789171000063)","Unfall 240812 (2019) Kat:3, Licht: 0","240812","3","6","4","05","11","4","0","0","1","0","0","0"
"POINT (6.946869606000064 50.937798820000069)","Unfall 240813 (2019) Kat:3, Licht: 0","240813","3","4","0","05","15","4","0","0","1","0","1","0"
"POINT (6.996112382000035 50.957435929000042)","Unfall 240896 (2019) Kat:3, Licht: 0","240896","3","3","5","05","07","3","0","0","1","1","0","0"
"POINT (6.994309268000052 50.981697909000047)","Unfall 240897 (2019) Kat:3, Licht: 0","240897","3","7","5","05","06","3","0","0","1","0","0","0"
"POINT (6.920339534000050 50.982074934000082)","Unfall 240898 (2019) Kat:3, Licht: 0","240898","3","3","5","05","16","3","0","0","0","0","0","1"
"POINT (6.946224056000062 50.972212065000065)","Unfall 240899 (2019) Kat:3, Licht: 0","240899","3","3","5","05","15","3","0","0","1","1","0","0"
"POINT (6.960044383000025 50.879652508000049)","Unfall 240900 (2019) Kat:3, Licht: 0","240900","3","1","0","05","16","3","0","0","1","0","0","0"
"POINT (7.012241573000040 50.968702457000063)","Unfall 240959 (2019) Kat:3, Licht: 0","240959","3","3","0","05","10","2","0","0","0","0","0","0"
"POINT (7.002502164000021 50.974307614000054)","Unfall 240960 (2019) Kat:3, Licht: 0","240960","3","5","1","05","18","2","0","0","1","1","0","0"
"POINT (6.949660441000049 50.992950471000029)","Unfall 240961 (2019) Kat:3, Licht: 0","240961","3","1","8","05","14","2","0","0","0","1","0","0"
"POINT (6.974141362000069 50.961939788000052)","Unfall 240962 (2019) Kat:3, Licht: 0","240962","3","5","1","05","12","2","0","0","0","1","0","0"
"POINT (6.918099741000049 50.988620761000050)","Unfall 240963 (2019) Kat:2, Licht: 0","240963","2","2","4","05","11","2","0","0","0","1","0","0"
"POINT (6.918113828000060 50.952039334000062)","Unfall 240964 (2019) Kat:3, Licht: 1","240964","3","7","6","05","07","2","1","1","0","1","1","0"
"POINT (6.897056122000038 50.977615416000049)","Unfall 240965 (2019) Kat:3, Licht: 0","240965","3","2","2","05","15","2","0","0","0","1","0","0"
"POINT (6.939087354000037 50.905032254000048)","Unfall 240966 (2019) Kat:2, Licht: 0","240966","2","3","5","05","07","2","1","0","1","1","0","0"
"POINT (6.960766041000056 50.917128405000028)","Unfall 240967 (2019) Kat:2, Licht: 0","240967","2","6","0","05","20","2","0","0","1","0","0","0"
"POINT (7.008320641000069 50.941997989000072)","Unfall 241016 (2019) Kat:3, Licht: 0","241016","3","3","0","05","17","1","0","0","1","1","0","0"
"POINT (7.044889209000075 51.002877837000028)","Unfall 241017 (2019) Kat:2, Licht: 2","241017","2","1","0","05","02","1","0","2","1","0","0","0"
"POINT (6.972626889000026 50.968352543000037)","Unfall 241018 (2019) Kat:3, Licht: 2","241018","3","1","1","05","00","1","0","2","0","1","0","0"
"POINT (7.002091321000023 50.892394960000047)","Unfall 241022 (2019) Kat:3, Licht: 0","241022","3","1","9","05","12","1","0","0","1","0","0","0"
"POINT (6.906480483000053 50.959104038000078)","Unfall 241023 (2019) Kat:3, Licht: 0","241023","3","5","1","05","18","1","0","0","1","1","0","0"
"POINT (6.901787380000030 50.926181143000065)","Unfall 241025 (2019) Kat:3, Licht: 0","241025","3","7","0","05","17","1","0","0","1","0","0","0"
"POINT (7.051497950000055 50.991937939000081)","Unfall 241062 (2019) Kat:2, Licht: 0","241062","2","5","1","06","16","1","0","0","0","1","0","1"
"POINT (6.941931183000065 50.933949885000061)","Unfall 241063 (2019) Kat:3, Licht: 2","241063","3","7","0","06","22","1","0","2","1","0","0","0"
"POINT (7.007861104000028 50.961930254000038)","Unfall 241111 (2019) Kat:3, Licht: 0","241111","3","5","0","06","12","7","0","0","1","1","0","0"
"POINT (6.986369337000042 50.978482963000033)","Unfall 241112 (2019) Kat:2, Licht: 0","241112","2","7","0","06","13","7","0","0","0","0","0","1"
"POINT (6.972065125000029 50.966074084000070)","Unfall 241113 (2019) Kat:3, Licht: 0","241113","3","2","4","06","11","7","0","0","0","1","0","1"
"POINT (6.912989407000055 51.014465807000079)","Unfall 241114 (2019) Kat:3, Licht: 0","241114","3","2","0","06","10","7","0","0","1","1","0","0"
"POINT (6.976945066000042 50.901669156000025)","Unfall 241115 (2019) Kat:3, Licht: 0","241115","3","5","1","06","19","7","0","0","0","1","0","0"
"POINT (6.924805272000072 50.861248965000073)","Unfall 241116 (2019) Kat:2, Licht: 0","241116","2","6","6","06","20","7","0","0","1","0","1","0"
"POINT (6.925700129000063 50.907034026000076)","Unfall 241117 (2019) Kat:3, Licht: 0","241117","3","1","0","06","15","7","0","0","1","0","0","0"
"POINT (6.932631145000073 50.931817327000033)","Unfall 241118 (2019) Kat:3, Licht: 0","241118","3","6","6","06","17","7","0","0","1","0","1","0"
"POINT (6.998387080000043 50.934893741000053)","Unfall 241187 (2019) Kat:3, Licht: 0","241187","3","4","0","05","15","6","0","0","1","0","1","0"
"POINT (6.993896424000070 50.938104336000038)","Unfall 241188 (2019) Kat:3, Licht: 0","241188","3","7","3","05","14","6","0","0","0","1","0","0"
"POINT (6.962483729000041 50.910951125000054)","Unfall 241189 (2019) Kat:3, Licht: 0","241189","3","2","5","05","13","6","0","0","0","1","0","1"
"POINT (6.922686353000074 50.918616222000026)","Unfall 241190 (2019) Kat:3, Licht: 0","241190","3","4","6","05","15","6","0","0","1","0","1","0"
"POINT (6.952880084000071 50.941426529000069)","Unfall 241191 (2019) Kat:3, Licht: 0","241191","3","6","3","05","17","6","0","0","0","1","0","1"
"POINT (6.933437487000049 50.932389774000058)","Unfall 241192 (2019) Kat:3, Licht: 0","241192","3","1","0","05","12","6","0","0","1","0","0","0"
"POINT (6.952710584000045 50.942555547000040)","Unfall 241193 (2019) Kat:3, Licht: 2","241193","3","2","4","05","22","6","0","2","0","1","0","0"
"POINT (7.049334012000031 50.873436336000054)","Unfall 241258 (2019) Kat:3, Licht: 2","241258","3","7","6","05","22","5","0","2","1","0","1","0"
"POINT (7.010729304000051 50.964571259000081)","Unfall 241259 (2019) Kat:3, Licht: 0","241259","3","5","1","05","17","5","1","0","0","1","0","1"
"POINT (6.887052358000062 50.910247696000056)","Unfall 241260 (2019) Kat:2, Licht: 0","241260","2","1","0","05","17","5","0","0","1","0","0","0"
"POINT (6.960719412000060 50.940387664000070)","Unfall 241261 (2019) Kat:3, Licht: 0","241261","3","7","0","05","13","5","0","0","1","0","0","0"
"POINT (6.940697720000060 50.946574258000055)","Unfall 241262 (2019) Kat:3, Licht: 0","241262","3","6","1","05","19","5","0","0","0","1","0","0"
"POINT (7.034276546000058 50.999463149000064)","Unfall 241322 (2019) Kat:3, Licht: 0","241322","3","2","6","06","10","4","0","0","0","1","1","0"
"POINT (7.070952699000031 50.968004948000043)","Unfall 241323 (2019) Kat:3, Licht: 0","241323","3","3","5","06","15","4","0","0","0","1","0","0"
"POINT (6.885329515000024 51.006447186000059)","Unfall 241324 (2019) Kat:3, Licht: 0","241324","3","7","0","06","20","4","0","0","1","0","0","0"
"POINT (6.931988748000038 50.951595077000036)","Unfall 241325 (2019) Kat:3, Licht: 0","241325","3","7","6","06","17","4","0","0","0","1","1","0"
"POINT (6.927997427000037 50.950592082000071)","Unfall 241326 (2019) Kat:3, Licht: 0","241326","3","5","0","06","19","4","0","0","1","1","0","0"
"POINT (6.967037972000071 50.894300511000040)","Unfall 241327 (2019) Kat:3, Licht: 0","241327","3","2","4","06","11","4","0","0","1","1","0","0"
"POINT (6.947313748000056 50.932249102000071)","Unfall 241328 (2019) Kat:3, Licht: 0","241328","3","3","5","06","08","4","0","0","1","1","0","0"
"POINT (6.937932594000074 50.940964307000058)","Unfall 241329 (2019) Kat:3, Licht: 0","241329","3","2","2","06","15","4","0","0","1","1","0","0"
"POINT (6.945028088000072 50.938555619000056)","Unfall 241330 (2019) Kat:3, Licht: 0","241330","3","3","5","06","14","4","0","0","1","1","0","0"
"POINT (7.063073627000051 50.890660409000077)","Unfall 241398 (2019) Kat:1, Licht: 0","241398","1","1","0","06","11","3","0","0","1","0","0","0"
"POINT (6.959119342000065 50.922690291000038)","Unfall 241399 (2019) Kat:3, Licht: 0","241399","3","5","5","06","18","3","0","0","1","1","0","0"
"POINT (7.058841443000063 50.972416379000038)","Unfall 241491 (2019) Kat:3, Licht: 0","241491","3","1","0","06","10","2","0","0","1","0","0","0"
"POINT (7.085186806000024 50.971671058000027)","Unfall 241492 (2019) Kat:3, Licht: 0","241492","3","7","6","06","07","2","1","0","0","1","1","0"
"POINT (6.909781237000061 50.987979041000074)","Unfall 241493 (2019) Kat:2, Licht: 0","241493","2","3","1","06","15","2","0","0","0","1","0","0"
"POINT (6.861281768000026 50.976767133000067)","Unfall 241494 (2019) Kat:3, Licht: 0","241494","3","1","0","06","20","2","0","0","0","0","0","1"
"POINT (6.909931863000054 50.945189309000057)","Unfall 241495 (2019) Kat:3, Licht: 0","241495","3","3","5","06","18","2","0","0","1","1","0","0"
"POINT (6.977091168000072 50.907386620000068)","Unfall 241496 (2019) Kat:3, Licht: 0","241496","3","6","2","06","07","2","1","0","0","1","0","1"
"POINT (6.951052739000033 50.938991595000061)","Unfall 241497 (2019) Kat:3, Licht: 0","241497","3","4","6","06","07","2","1","0","1","0","1","0"
"POINT (6.886461649000069 50.964587743000038)","Unfall 241549 (2019) Kat:3, Licht: 0","241549","3","1","0","06","12","1","0","0","1","0","0","0"
"POINT (6.964712776000056 50.902593427000056)","Unfall 241561 (2019) Kat:3, Licht: 0","241561","3","6","3","06","09","1","0","0","1","1","0","0"
"POINT (6.965888755000037 50.917008043000067)","Unfall 241573 (2019) Kat:3, Licht: 0","241573","3","7","0","06","19","1","0","0","1","0","0","0"
"POINT (6.956494673000066 50.940385665000065)","Unfall 241600 (2019) Kat:3, Licht: 0","241600","3","6","0","06","17","1","0","0","0","0","1","0"
"POINT (6.958587061000060 50.945097423000050)","Unfall 241612 (2019) Kat:3, Licht: 2","241612","3","7","0","06","03","1","0","2","0","1","1","0"
"POINT (7.080346647000056 50.882652693000068)","Unfall 241638 (2019) Kat:3, Licht: 0","241638","3","2","6","06","09","6","0","0","0","1","1","0"
"POINT (6.926053476000050 50.951300864000075)","Unfall 241639 (2019) Kat:3, Licht: 0","241639","3","7","0","06","20","6","0","0","1","1","0","0"
"POINT (6.885707955000044 50.983712592000074)","Unfall 241640 (2019) Kat:3, Licht: 0","241640","3","1","0","06","17","6","1","0","0","0","0","1"
"POINT (6.916008638000051 50.943705401000045)","Unfall 241641 (2019) Kat:3, Licht: 0","241641","3","2","5","06","16","6","0","0","0","1","0","1"
"POINT (6.902965739000024 50.967287824000039)","Unfall 241642 (2019) Kat:3, Licht: 0","241642","3","7","0","06","16","6","0","0","1","0","0","0"
"POINT (6.994724467000026 50.893310532000044)","Unfall 241643 (2019) Kat:2, Licht: 0","241643","2","3","1","06","15","6","0","0","1","1","0","0"
"POINT (6.974055760000056 50.910887834000050)","Unfall 241644 (2019) Kat:3, Licht: 0","241644","3","6","2","06","12","6","0","0","0","1","0","0"
"POINT (6.945189083000059 50.933258787000057)","Unfall 241645 (2019) Kat:3, Licht: 0","241645","3","4","6","06","09","6","0","0","0","1","1","0"
"POINT (6.930307506000077 50.939232846000039)","Unfall 241646 (2019) Kat:3, Licht: 0","241646","3","6","2","06","18","6","1","0","0","1","0","1"
"POINT (6.960505479000062 50.918399409000074)","Unfall 241647 (2019) Kat:3, Licht: 0","241647","3","3","5","06","18","6","1","0","0","1","0","1"
"POINT (7.076154801000030 50.947490652000056)","Unfall 241752 (2019) Kat:3, Licht: 0","241752","3","5","1","06","16","5","0","0","1","1","0","0"
"POINT (7.019194040000059 50.936164882000071)","Unfall 241753 (2019) Kat:3, Licht: 0","241753","3","3","5","06","20","1","0","0","1","1","0","0"
"POINT (7.001610642000060 50.936755552000079)","Unfall 241754 (2019) Kat:3, Licht: 0","241754","3","7","0","06","11","5","0","0","0","1","0","0"
"POINT (6.920768873000043 50.953574165000077)","Unfall 241755 (2019) Kat:3, Licht: 0","241755","3","1","0","06","20","5","0","0","0","0","0","1"
"POINT (6.918501634000052 50.951476212000046)","Unfall 241756 (2019) Kat:3, Licht: 0","241756","3","5","0","06","16","5","0","0","0","1","0","0"
"POINT (6.991879792000020 50.987886070000059)","Unfall 241757 (2019) Kat:3, Licht: 0","241757","3","7","0","06","16","1","0","0","0","0","0","0"
"POINT (6.939024501000063 50.911519521000059)","Unfall 241758 (2019) Kat:3, Licht: 0","241758","3","2","5","06","19","5","0","0","1","1","0","0"
"POINT (6.921460869000043 50.922170562000076)","Unfall 241759 (2019) Kat:3, Licht: 0","241759","3","1","0","06","09","5","0","0","1","0","0","0"
"POINT (7.039884215000029 50.968488387000036)","Unfall 241760 (2019) Kat:3, Licht: 0","241760","3","4","6","06","14","1","0","0","1","0","1","0"
"POINT (6.956627603000072 50.947418386000038)","Unfall 241761 (2019) Kat:3, Licht: 0","241761","3","4","6","06","06","5","1","0","0","0","1","1"
"POINT (6.948601755000027 50.933837500000038)","Unfall 241763 (2019) Kat:2, Licht: 2","241763","2","3","5","06","23","5","0","2","1","1","0","0"
"POINT (6.960257163000051 50.938003400000071)","Unfall 241764 (2019) Kat:2, Licht: 2","241764","2","3","5","06","00","5","1","2","1","1","0","0"
"POINT (6.970748097000069 50.968639495000048)","Unfall 241818 (2019) Kat:3, Licht: 0","241818","3","6","1","06","15","5","0","0","0","1","0","0"
"POINT (6.951675772000044 50.922093924000080)","Unfall 241828 (2019) Kat:3, Licht: 0","241828","3","3","0","06","18","5","0","0","0","1","0","1"
"POINT (7.075216355000066 50.893083862000026)","Unfall 241860 (2019) Kat:3, Licht: 0","241860","3","2","5","06","16","4","0","0","0","1","0","1"
"POINT (6.922171440000057 50.973108118000027)","Unfall 241861 (2019) Kat:2, Licht: 0","241861","2","2","5","06","12","4","1","0","1","0","0","0"
"POINT (6.947698290000062 50.948098166000079)","Unfall 241862 (2019) Kat:3, Licht: 0","241862","3","5","1","06","11","4","1","0","0","0","0","1"
"POINT (6.976037482000038 50.931611438000061)","Unfall 241872 (2019) Kat:3, Licht: 0","241872","3","1","0","06","07","5","0","0","1","0","0","0"
"POINT (6.991272281000022 50.868755745000044)","Unfall 241883 (2019) Kat:3, Licht: 0","241883","3","5","1","06","15","5","0","0","1","1","0","0"
"POINT (6.993061488000024 50.985392401000070)","Unfall 241925 (2019) Kat:3, Licht: 0","241925","3","2","3","06","11","5","0","0","1","1","0","0"
"POINT (6.952839043000040 50.935759831000041)","Unfall 241936 (2019) Kat:3, Licht: 0","241936","3","1","8","06","17","5","0","0","0","0","0","1"
"POINT (7.001040612000054 50.939373204000049)","Unfall 241945 (2019) Kat:3, Licht: 0","241945","3","3","5","06","18","3","0","0","1","1","0","0"
"POINT (6.993567532000043 50.983580031000031)","Unfall 241946 (2019) Kat:3, Licht: 0","241946","3","4","6","06","18","3","0","0","0","1","1","0"
"POINT (6.965442530000075 50.985505862000082)","Unfall 241947 (2019) Kat:2, Licht: 0","241947","2","1","0","06","15","3","0","0","1","0","0","0"
"POINT (6.877333521000026 50.931917958000042)","Unfall 241948 (2019) Kat:3, Licht: 0","241948","3","6","2","06","18","3","0","0","1","1","0","0"
"POINT (6.970188619000055 50.908012117000055)","Unfall 241950 (2019) Kat:3, Licht: 0","241950","3","1","0","06","18","3","0","0","1","0","0","0"
"POINT (6.981051858000058 50.903475452000066)","Unfall 241951 (2019) Kat:3, Licht: 0","241951","3","6","4","06","16","3","0","0","0","1","0","0"
"POINT (6.940771221000034 50.912421176000066)","Unfall 241952 (2019) Kat:3, Licht: 1","241952","3","1","0","06","05","3","1","1","0","0","0","1"
"POINT (6.925900197000033 50.910965798000063)","Unfall 241953 (2019) Kat:3, Licht: 0","241953","3","5","1","06","15","3","0","0","1","1","0","0"
"POINT (6.945083851000049 50.937593483000057)","Unfall 241954 (2019) Kat:3, Licht: 0","241954","3","5","1","06","18","3","0","0","1","1","0","0"
"POINT (6.956028328000059 50.944706329000041)","Unfall 241955 (2019) Kat:3, Licht: 0","241955","3","7","0","06","10","3","0","0","1","0","0","0"
"POINT (6.940947772000072 50.914241708000077)","Unfall 241991 (2019) Kat:3, Licht: 0","241991","3","1","0","06","09","5","0","0","1","0","0","0"
"POINT (6.900445345000037 50.937106344000028)","Unfall 242015 (2019) Kat:3, Licht: 0","242015","3","6","1","06","10","2","0","0","1","1","0","0"
"POINT (6.954849328000023 50.944905611000081)","Unfall 242016 (2019) Kat:3, Licht: 0","242016","3","7","8","06","09","2","0","0","0","1","0","0"
"POINT (6.944601332000048 50.947078378000072)","Unfall 242017 (2019) Kat:2, Licht: 2","242017","2","7","8","06","03","2","0","2","0","1","0","0"
"POINT (7.001646775000040 50.955885791000071)","Unfall 242034 (2019) Kat:3, Licht: 0","242034","3","3","5","06","08","5","0","0","0","1","0","0"
"POINT (6.934897538000030 50.947808649000081)","Unfall 242045 (2019) Kat:3, Licht: 0","242045","3","7","0","06","08","5","0","0","0","1","0","1"
"POINT (7.038736120000067 50.927556198000048)","Unfall 242110 (2019) Kat:3, Licht: 0","242110","3","6","4","06","19","7","0","0","0","1","0","1"
"POINT (7.041265695000050 50.934462549000045)","Unfall 242111 (2019) Kat:3, Licht: 0","242111","3","7","6","06","09","7","0","0","0","0","1","0"
"POINT (6.998446810000075 50.986240751000082)","Unfall 242112 (2019) Kat:3, Licht: 0","242112","3","6","1","06","06","7","1","0","0","1","0","1"
"POINT (6.920230831000026 50.948345119000066)","Unfall 242114 (2019) Kat:3, Licht: 2","242114","3","7","6","06","01","7","0","2","0","0","1","0"
"POINT (6.996350280000058 50.887079841000059)","Unfall 242115 (2019) Kat:3, Licht: 0","242115","3","2","4","06","10","7","0","0","0","1","0","1"
"POINT (6.962356652000040 50.912230188000080)","Unfall 242116 (2019) Kat:2, Licht: 0","242116","2","1","0","06","13","7","0","0","1","0","0","0"
"POINT (6.934620153000026 50.927640873000030)","Unfall 242117 (2019) Kat:2, Licht: 2","242117","2","1","0","06","01","7","1","2","1","0","0","0"