WKT,Name,OBJECTID,UKATEGORIE,UTYP1,UART,UMONAT,USTUNDE,UWOCHENTAG,STRZUSTAND,ULICHTVERH,ISTRAD,ISTPKW,ISTFUSS,ISTKRAD
"POINT (7.004740447000074 50.962995012000079)","Unfall 244264 (2019) Kat:3, Licht: 0","244264","3","1","0","07","20","2","0","0","1","0","0","0"
"POINT (7.011705912000025 50.957671971000082)","Unfall 244265 (2019) Kat:3, Licht: 0","244265","3","6","2","07","20","2","0","0","1","1","0","0"
"POINT (6.848635560000048 51.054591517000063)","Unfall 244266 (2019) Kat:2, Licht: 0","244266","2","1","0","07","09","2","0","0","1","0","0","0"
"POINT (6.917618406000031 50.965687511000056)","Unfall 244267 (2019) Kat:3, Licht: 0","244267","3","6","0","07","08","2","0","0","0","1","1","0"
"POINT (6.947812939000073 50.940912827000034)","Unfall 244269 (2019) Kat:2, Licht: 0","244269","2","3","5","07","16","2","0","0","1","1","0","0"
"POINT (6.959478290000050 50.944033451000053)","Unfall 244270 (2019) Kat:3, Licht: 0","244270","3","1","0","07","07","2","0","0","1","0","0","0"
"POINT (6.947234288000061 50.926287827000067)","Unfall 244271 (2019) Kat:3, Licht: 0","244271","3","1","0","07","09","2","1","0","0","0","0","1"
"POINT (7.058623084000033 50.877335526000081)","Unfall 244335 (2019) Kat:3, Licht: 0","244335","3","7","6","07","16","1","0","0","0","0","1","0"
"POINT (6.951954076000050 50.952170301000081)","Unfall 244336 (2019) Kat:2, Licht: 2","244336","2","3","5","07","23","1","0","2","1","0","0","0"
"POINT (6.924452456000040 51.016899838000029)","Unfall 244337 (2019) Kat:3, Licht: 0","244337","3","7","6","07","18","1","0","0","0","1","1","0"
"POINT (6.921950218000063 51.016234429000065)","Unfall 244338 (2019) Kat:3, Licht: 2","244338","3","7","6","07","02","1","0","2","0","1","1","0"
"POINT (6.920854319000057 50.953542806000030)","Unfall 244339 (2019) Kat:3, Licht: 0","244339","3","1","0","07","15","1","0","0","1","0","0","0"
"POINT (6.961760021000032 50.909601039000052)","Unfall 244340 (2019) Kat:3, Licht: 0","244340","3","2","5","07","19","1","0","0","1","1","0","0"
"POINT (6.945583588000034 50.904582029000039)","Unfall 244341 (2019) Kat:3, Licht: 2","244341","3","2","5","07","01","1","0","2","1","1","0","0"
"POINT (6.953032931000053 50.946387745000038)","Unfall 244342 (2019) Kat:3, Licht: 0","244342","3","1","0","07","11","1","0","0","1","0","0","0"
"POINT (6.958629223000060 50.924498503000052)","Unfall 244343 (2019) Kat:3, Licht: 2","244343","3","7","8","07","02","1","0","2","1","0","0","0"
"POINT (7.087641368000050 50.923692320000043)","Unfall 244383 (2019) Kat:3, Licht: 0","244383","3","5","1","07","14","7","0","0","1","1","0","0"
"POINT (6.981297953000023 50.903258924000056)","Unfall 244384 (2019) Kat:3, Licht: 2","244384","3","1","0","07","00","7","1","2","0","0","0","1"
"POINT (6.958867436000048 50.930320481000081)","Unfall 244405 (2019) Kat:3, Licht: 2","244405","3","7","0","07","00","1","0","2","0","0","0","1"
"POINT (6.983619027000032 50.999326729000074)","Unfall 244447 (2019) Kat:3, Licht: 0","244447","3","3","5","07","20","6","0","0","0","1","0","0"
"POINT (6.910828902000048 50.986167730000034)","Unfall 244448 (2019) Kat:3, Licht: 0","244448","3","6","2","07","16","6","0","0","0","1","0","0"
"POINT (6.957691400000044 50.935124144000042)","Unfall 244449 (2019) Kat:3, Licht: 0","244449","3","7","0","07","17","6","0","0","1","0","0","0"
"POINT (6.959077365000042 50.975934249000034)","Unfall 244529 (2019) Kat:3, Licht: 0","244529","3","7","6","07","15","5","0","0","0","1","1","0"
"POINT (6.849835120000023 50.920468542000037)","Unfall 244530 (2019) Kat:2, Licht: 0","244530","2","1","0","07","16","5","0","0","1","0","0","0"
"POINT (6.924201293000067 50.865044719000082)","Unfall 244531 (2019) Kat:3, Licht: 0","244531","3","3","5","07","08","5","0","0","0","1","0","0"
"POINT (6.954657368000028 50.896683971000073)","Unfall 244532 (2019) Kat:2, Licht: 0","244532","2","3","5","07","17","5","0","0","0","1","0","1"
"POINT (6.936468186000070 50.941785730000049)","Unfall 244533 (2019) Kat:3, Licht: 0","244533","3","1","0","07","11","5","0","0","0","0","0","0"
"POINT (6.940215000000023 50.940523294000059)","Unfall 244534 (2019) Kat:3, Licht: 2","244534","3","7","0","07","02","5","0","2","0","0","0","0"
"POINT (7.025999693000074 50.901879210000061)","Unfall 244604 (2019) Kat:3, Licht: 2","244604","3","6","2","07","22","4","0","2","0","1","0","0"
"POINT (7.056283835000045 50.906600807000075)","Unfall 244605 (2019) Kat:3, Licht: 0","244605","3","4","6","07","17","4","0","0","1","0","1","0"
"POINT (6.999623738000025 50.924676448000071)","Unfall 244606 (2019) Kat:3, Licht: 0","244606","3","6","1","07","11","4","0","0","0","1","0","0"
"POINT (7.052650267000047 50.933365386000048)","Unfall 244608 (2019) Kat:3, Licht: 0","244608","3","1","0","07","15","4","0","0","1","0","0","0"
"POINT (6.982875909000029 50.913512414000081)","Unfall 244609 (2019) Kat:3, Licht: 0","244609","3","6","2","07","14","4","0","0","1","0","0","0"
"POINT (6.978115809000030 51.000877529000036)","Unfall 244610 (2019) Kat:2, Licht: 0","244610","2","5","1","07","17","4","0","0","1","1","0","0"
"POINT (6.974583314000029 50.933569700000078)","Unfall 244611 (2019) Kat:3, Licht: 0","244611","3","7","5","07","17","4","0","0","1","1","0","0"
"POINT (6.997651670000039 50.962349054000072)","Unfall 244612 (2019) Kat:3, Licht: 0","244612","3","1","0","07","08","4","0","0","1","0","0","0"
"POINT (6.921121939000045 50.978236398000035)","Unfall 244613 (2019) Kat:2, Licht: 0","244613","2","3","4","07","20","4","0","0","0","1","0","0"
"POINT (6.959291927000038 50.970408834000068)","Unfall 244614 (2019) Kat:3, Licht: 0","244614","3","5","5","07","15","4","0","0","1","1","0","0"
"POINT (6.901406706000046 50.961052523000035)","Unfall 244615 (2019) Kat:2, Licht: 2","244615","2","7","7","07","23","4","0","2","0","0","0","1"
"POINT (6.907853999000054 50.946287561000076)","Unfall 244616 (2019) Kat:3, Licht: 0","244616","3","2","3","07","15","4","0","0","1","0","0","0"
"POINT (6.930919203000030 50.954973148000079)","Unfall 244617 (2019) Kat:3, Licht: 0","244617","3","3","5","07","10","4","0","0","1","0","0","0"
"POINT (6.941814565000072 50.906353618000026)","Unfall 244618 (2019) Kat:3, Licht: 0","244618","3","1","1","07","20","4","0","0","1","0","0","1"
"POINT (6.966073524000024 50.915258830000028)","Unfall 244619 (2019) Kat:3, Licht: 0","244619","3","7","0","07","14","4","0","0","0","1","1","0"
"POINT (6.953236134000065 50.934736332000057)","Unfall 244620 (2019) Kat:3, Licht: 0","244620","3","6","0","07","14","4","0","0","0","0","0","1"
"POINT (6.948991010000043 50.935403303000044)","Unfall 244621 (2019) Kat:3, Licht: 0","244621","3","3","5","07","21","4","0","0","1","1","0","0"
"POINT (7.063299544000074 50.935824812000078)","Unfall 244652 (2019) Kat:3, Licht: 0","244652","3","6","4","07","13","5","0","0","0","1","0","0"
"POINT (7.047870232000037 50.944301101000065)","Unfall 244653 (2019) Kat:2, Licht: 0","244653","2","7","6","07","19","5","0","0","0","1","1","0"
"POINT (6.972650112000054 50.927630768000029)","Unfall 244654 (2019) Kat:3, Licht: 0","244654","3","3","0","07","18","5","0","0","1","1","0","0"
"POINT (6.959993820000022 50.951620751000064)","Unfall 244655 (2019) Kat:3, Licht: 0","244655","3","4","0","07","07","5","0","0","1","0","1","0"
"POINT (6.893260720000058 51.014511963000075)","Unfall 244656 (2019) Kat:3, Licht: 0","244656","3","3","5","07","15","5","0","0","1","1","0","0"
"POINT (6.883888238000054 50.946431193000080)","Unfall 244657 (2019) Kat:3, Licht: 0","244657","3","3","5","07","13","5","0","0","1","1","0","0"
"POINT (6.905459029000042 50.967200633000061)","Unfall 244658 (2019) Kat:3, Licht: 0","244658","3","3","2","07","11","5","0","0","1","1","0","0"
"POINT (6.933912365000026 50.927409870000076)","Unfall 244659 (2019) Kat:3, Licht: 0","244659","3","1","0","07","20","5","0","0","1","0","0","0"
"POINT (7.003846342000031 50.885540449000075)","Unfall 244660 (2019) Kat:3, Licht: 0","244660","3","7","3","07","17","5","0","0","1","1","0","0"
"POINT (6.895708530000036 50.914687900000047)","Unfall 244661 (2019) Kat:3, Licht: 0","244661","3","3","5","07","07","5","0","0","1","0","0","1"
"POINT (6.925594315000069 50.918600986000058)","Unfall 244662 (2019) Kat:3, Licht: 0","244662","3","3","5","07","15","5","0","0","1","1","0","0"
"POINT (6.917653226000027 50.918559137000045)","Unfall 244663 (2019) Kat:3, Licht: 0","244663","3","1","0","07","12","5","0","0","1","0","0","0"
"POINT (6.959114938000028 50.934210897000071)","Unfall 244665 (2019) Kat:2, Licht: 2","244665","2","1","0","07","21","5","1","2","0","0","0","0"
"POINT (7.071937066000032 50.942477751000069)","Unfall 244727 (2019) Kat:2, Licht: 0","244727","2","7","1","07","11","4","0","0","0","1","0","0"
"POINT (7.098506614000030 50.965336830000069)","Unfall 244729 (2019) Kat:2, Licht: 0","244729","2","1","0","07","20","4","0","0","1","0","0","0"
"POINT (7.040260515000057 50.984435117000032)","Unfall 244730 (2019) Kat:3, Licht: 0","244730","3","1","0","07","08","4","0","0","1","0","0","0"
"POINT (6.996508978000065 50.891808359000038)","Unfall 244731 (2019) Kat:3, Licht: 0","244731","3","6","0","07","20","4","0","0","1","1","0","0"
"POINT (6.907367228000055 50.921614047000048)","Unfall 244732 (2019) Kat:3, Licht: 0","244732","3","1","0","07","09","4","0","0","1","0","0","0"
"POINT (6.960243664000075 50.929463060000046)","Unfall 244734 (2019) Kat:3, Licht: 0","244734","3","3","5","07","18","4","0","0","1","0","0","0"
"POINT (6.994341211000062 51.011316262000037)","Unfall 244784 (2019) Kat:3, Licht: 0","244784","3","4","6","07","17","3","0","0","0","1","1","0"
"POINT (6.964684329000022 50.974239408000074)","Unfall 244785 (2019) Kat:3, Licht: 0","244785","3","3","5","07","13","3","0","0","1","1","0","0"
"POINT (6.907723507000071 50.951895820000061)","Unfall 244787 (2019) Kat:3, Licht: 0","244787","3","2","5","07","16","3","0","0","1","0","0","1"
"POINT (6.888131349000048 50.985866451000049)","Unfall 244788 (2019) Kat:2, Licht: 0","244788","2","2","0","07","13","3","0","0","1","1","0","0"
"POINT (6.961159604000045 50.908929146000048)","Unfall 244789 (2019) Kat:3, Licht: 0","244789","3","1","0","07","09","3","0","0","1","0","0","0"
"POINT (7.004345672000056 50.860054104000028)","Unfall 244790 (2019) Kat:3, Licht: 0","244790","3","6","4","07","14","3","0","0","0","1","0","0"
"POINT (6.965975144000026 50.889796591000049)","Unfall 244791 (2019) Kat:1, Licht: 0","244791","1","5","1","07","11","3","0","0","0","1","0","1"
"POINT (6.952711273000034 50.942551898000033)","Unfall 244792 (2019) Kat:3, Licht: 0","244792","3","6","2","07","17","3","0","0","0","1","0","0"
"POINT (6.964236337000045 50.920344640000053)","Unfall 244793 (2019) Kat:3, Licht: 0","244793","3","6","6","07","09","3","0","0","1","0","1","0"
"POINT (6.903797205000046 50.953114807000077)","Unfall 244850 (2019) Kat:3, Licht: 0","244850","3","6","0","07","15","2","0","0","0","0","0","1"
"POINT (6.961088465000046 50.908846876000041)","Unfall 244851 (2019) Kat:3, Licht: 0","244851","3","7","6","07","19","2","0","0","1","0","1","0"
"POINT (6.921652957000049 50.935509657000068)","Unfall 244853 (2019) Kat:3, Licht: 0","244853","3","7","0","07","09","2","0","0","1","0","0","0"
"POINT (7.115516221000064 50.851392350000026)","Unfall 244932 (2019) Kat:3, Licht: 0","244932","3","3","0","07","08","2","0","0","0","1","0","1"
"POINT (7.069157338000025 50.891594938000026)","Unfall 244933 (2019) Kat:3, Licht: 0","244933","3","6","2","07","12","2","0","0","0","1","0","0"
"POINT (7.005435494000039 50.946289888000081)","Unfall 244935 (2019) Kat:3, Licht: 0","244935","3","6","2","07","18","2","0","0","0","1","0","0"
"POINT (7.015506293000044 50.975688234000074)","Unfall 244936 (2019) Kat:3, Licht: 0","244936","3","2","6","07","18","2","0","0","0","1","1","0"
"POINT (7.011468566000076 50.957344505000037)","Unfall 244938 (2019) Kat:3, Licht: 2","244938","3","2","2","07","00","2","0","2","0","1","0","1"
"POINT (6.937814796000055 50.957615814000064)","Unfall 244939 (2019) Kat:3, Licht: 0","244939","3","3","5","07","13","2","0","0","0","1","0","1"
"POINT (6.840498473000025 50.968700542000079)","Unfall 244940 (2019) Kat:3, Licht: 0","244940","3","5","1","07","17","2","0","0","1","0","0","0"
"POINT (6.926171530000033 50.928640062000056)","Unfall 244941 (2019) Kat:2, Licht: 0","244941","2","1","0","07","09","2","0","0","1","0","0","0"
"POINT (6.943095672000027 50.944454099000041)","Unfall 244942 (2019) Kat:3, Licht: 0","244942","3","3","0","07","13","2","0","0","1","1","0","0"
"POINT (6.955978700000060 50.945204098000033)","Unfall 244943 (2019) Kat:3, Licht: 0","244943","3","5","0","07","13","2","0","0","1","0","0","0"
"POINT (6.987076062000028 50.953696848000050)","Unfall 245051 (2019) Kat:3, Licht: 0","245051","3","6","6","07","17","7","0","0","0","0","1","0"
"POINT (6.896602481000059 51.019815012000038)","Unfall 245052 (2019) Kat:3, Licht: 0","245052","3","3","5","07","11","7","0","0","1","1","0","0"
"POINT (6.926175342000022 50.995301398000038)","Unfall 245053 (2019) Kat:2, Licht: 0","245053","2","3","5","07","11","7","0","0","1","1","0","0"
"POINT (6.941593682000075 50.910665197000071)","Unfall 245054 (2019) Kat:3, Licht: 0","245054","3","5","1","07","13","7","0","0","0","1","0","1"
"POINT (6.931838467000034 50.914099508000049)","Unfall 245055 (2019) Kat:3, Licht: 0","245055","3","6","2","07","12","7","0","0","1","1","0","0"
"POINT (6.935414957000035 50.906915800000036)","Unfall 245056 (2019) Kat:3, Licht: 0","245056","3","3","5","07","12","7","0","0","0","1","0","0"
"POINT (6.967336036000063 50.921846298000048)","Unfall 245057 (2019) Kat:3, Licht: 0","245057","3","7","2","07","19","7","1","0","0","1","0","0"
"POINT (6.936312548000046 50.947223880000081)","Unfall 245058 (2019) Kat:3, Licht: 1","245058","3","2","2","07","21","7","1","1","0","1","0","0"
"POINT (6.959114295000063 50.941855221000026)","Unfall 245059 (2019) Kat:3, Licht: 0","245059","3","6","3","07","18","7","0","0","1","0","0","0"
"POINT (7.058969974000036 50.908476993000079)","Unfall 245125 (2019) Kat:3, Licht: 2","245125","3","2","4","07","23","6","0","2","0","1","0","0"
"POINT (7.056641161000073 50.910536245000060)","Unfall 245126 (2019) Kat:3, Licht: 2","245126","3","1","8","07","03","6","1","2","1","0","0","0"
"POINT (6.999910203000070 50.929064591000042)","Unfall 245128 (2019) Kat:3, Licht: 0","245128","3","2","6","07","17","6","0","0","0","1","1","0"
"POINT (6.955036815000028 51.002614426000036)","Unfall 245129 (2019) Kat:3, Licht: 0","245129","3","2","5","07","07","6","1","0","0","1","0","0"
"POINT (6.960258802000055 51.002714414000081)","Unfall 245130 (2019) Kat:3, Licht: 0","245130","3","1","8","07","20","6","0","0","0","0","0","1"
"POINT (6.913738747000025 50.996075021000081)","Unfall 245132 (2019) Kat:3, Licht: 0","245132","3","2","5","07","17","6","0","0","0","1","0","1"
"POINT (6.912299827000027 50.916180043000054)","Unfall 245133 (2019) Kat:2, Licht: 0","245133","2","5","4","07","08","6","1","0","0","1","0","1"
"POINT (6.961048762000075 50.916364584000064)","Unfall 245153 (2019) Kat:3, Licht: 0","245153","3","2","2","07","11","7","0","0","1","1","0","0"
"POINT (6.981417069000031 50.937354746000040)","Unfall 245167 (2019) Kat:3, Licht: 0","245167","3","3","5","07","13","6","0","0","1","0","0","0"
"POINT (7.006494816000043 50.959980501000075)","Unfall 245168 (2019) Kat:3, Licht: 0","245168","3","6","4","07","17","6","0","0","1","0","0","0"
"POINT (6.943284545000040 50.979268435000051)","Unfall 245169 (2019) Kat:3, Licht: 0","245169","3","1","0","07","15","6","0","0","1","0","0","0"
"POINT (6.869031219000021 50.975816856000051)","Unfall 245171 (2019) Kat:3, Licht: 0","245171","3","3","5","07","12","6","0","0","1","0","0","0"
"POINT (6.918621311000038 50.942643915000076)","Unfall 245172 (2019) Kat:2, Licht: 2","245172","2","7","1","07","01","6","0","2","0","1","0","0"
"POINT (6.907781160000070 50.951903736000077)","Unfall 245173 (2019) Kat:3, Licht: 0","245173","3","1","0","07","16","6","0","0","1","1","0","0"
"POINT (6.926077179000060 50.918971919000057)","Unfall 245174 (2019) Kat:3, Licht: 2","245174","3","5","0","07","00","6","0","2","0","1","0","1"
"POINT (6.997880069000075 50.887806957000066)","Unfall 245175 (2019) Kat:2, Licht: 0","245175","2","3","5","07","13","6","0","0","1","1","0","0"
"POINT (6.941605416000073 50.946446387000037)","Unfall 245176 (2019) Kat:3, Licht: 0","245176","3","2","5","07","10","6","0","0","1","1","0","0"
"POINT (6.833307189000038 50.946425229000056)","Unfall 245177 (2019) Kat:2, Licht: 0","245177","2","1","9","07","19","7","1","0","1","0","0","0"
"POINT (6.931318828000030 50.923277598000027)","Unfall 245246 (2019) Kat:3, Licht: 2","245246","3","3","5","07","22","7","1","2","1","1","0","0"
"POINT (6.999833346000060 50.941772794000030)","Unfall 245251 (2019) Kat:3, Licht: 0","245251","3","3","5","07","12","5","0","0","1","1","0","0"
"POINT (6.974996506000025 50.940248919000055)","Unfall 245252 (2019) Kat:3, Licht: 0","245252","3","7","0","07","08","5","0","0","0","1","1","0"
"POINT (6.906068731000062 50.990573184000027)","Unfall 245253 (2019) Kat:3, Licht: 2","245253","3","1","8","07","01","5","0","2","0","1","0","0"
"POINT (6.935660610000070 50.947491572000047)","Unfall 245254 (2019) Kat:3, Licht: 1","245254","3","1","8","07","21","5","0","1","0","1","0","0"
"POINT (6.919858165000051 50.921585469000036)","Unfall 245256 (2019) Kat:3, Licht: 0","245256","3","1","0","07","08","5","0","0","1","0","0","0"
"POINT (6.947957490000022 50.872887914000046)","Unfall 245257 (2019) Kat:3, Licht: 2","245257","3","2","3","07","22","5","0","2","0","1","0","0"
"POINT (6.920579130000022 50.913800000000037)","Unfall 245259 (2019) Kat:3, Licht: 0","245259","3","7","0","07","15","5","0","0","1","1","0","0"
"POINT (6.960067654000056 50.919477062000055)","Unfall 245260 (2019) Kat:2, Licht: 0","245260","2","4","6","07","10","5","0","0","0","1","1","0"
"POINT (6.937008018000029 50.931799132000037)","Unfall 245261 (2019) Kat:3, Licht: 2","245261","3","7","0","07","03","5","0","2","0","0","0","0"
"POINT (6.961336771000049 50.919246244000078)","Unfall 245262 (2019) Kat:3, Licht: 2","245262","3","7","1","07","21","5","0","2","0","1","0","0"
"POINT (6.957608185000026 50.946628525000051)","Unfall 245264 (2019) Kat:3, Licht: 0","245264","3","1","0","07","15","5","0","0","0","0","0","0"
"POINT (6.950039699000058 50.931677225000044)","Unfall 245265 (2019) Kat:3, Licht: 0","245265","3","1","0","07","09","5","0","0","0","0","0","0"
"POINT (6.952775933000055 50.942552618000036)","Unfall 245266 (2019) Kat:3, Licht: 2","245266","3","6","0","07","22","5","0","2","0","1","0","0"
"POINT (6.952472252000064 50.969849796000062)","Unfall 245292 (2019) Kat:2, Licht: 0","245292","2","6","2","07","10","7","0","0","0","1","0","1"
"POINT (6.951461227000038 50.947668178000072)","Unfall 245302 (2019) Kat:3, Licht: 0","245302","3","5","1","07","15","7","0","0","1","1","0","0"
"POINT (7.058060609000052 50.885613304000060)","Unfall 245333 (2019) Kat:3, Licht: 0","245333","3","1","0","07","18","4","0","0","1","0","0","0"
"POINT (6.972378299000070 50.936831720000043)","Unfall 245334 (2019) Kat:3, Licht: 0","245334","3","7","0","07","16","4","0","0","1","0","0","0"
"POINT (6.983325417000060 50.920739102000027)","Unfall 245336 (2019) Kat:2, Licht: 0","245336","2","1","0","07","13","4","0","0","1","0","0","0"
"POINT (6.997625701000061 50.985534417000054)","Unfall 245337 (2019) Kat:3, Licht: 0","245337","3","3","5","07","08","4","0","0","0","1","0","0"
"POINT (6.972790868000061 50.963938644000052)","Unfall 245338 (2019) Kat:3, Licht: 0","245338","3","5","3","07","12","4","0","0","1","1","0","0"
"POINT (6.901219806000029 50.952188814000067)","Unfall 245339 (2019) Kat:3, Licht: 0","245339","3","3","5","07","08","4","0","0","1","1","0","0"
"POINT (6.900621447000049 50.936441972000068)","Unfall 245340 (2019) Kat:3, Licht: 0","245340","3","7","0","07","08","4","0","0","1","0","0","0"
"POINT (7.018445760000077 50.890883359000043)","Unfall 245341 (2019) Kat:3, Licht: 0","245341","3","7","0","07","18","4","0","0","1","0","1","0"
"POINT (6.957239526000024 50.907735456000069)","Unfall 245343 (2019) Kat:2, Licht: 0","245343","2","1","0","07","09","4","0","0","1","0","0","0"
"POINT (6.960425156000042 50.918250171000068)","Unfall 245344 (2019) Kat:3, Licht: 0","245344","3","5","5","07","13","4","0","0","0","1","0","0"
"POINT (6.936244367000029 50.928609398000049)","Unfall 245345 (2019) Kat:3, Licht: 0","245345","3","1","0","07","11","4","0","0","1","0","0","0"
"POINT (6.947634474000040 50.948161180000056)","Unfall 245346 (2019) Kat:3, Licht: 0","245346","3","2","5","07","10","4","0","0","1","1","0","0"
"POINT (6.945222519000026 50.902880647000075)","Unfall 245348 (2019) Kat:2, Licht: 0","245348","2","5","1","07","10","7","1","0","0","1","0","1"
"POINT (7.032166760000052 50.951259105000076)","Unfall 245385 (2019) Kat:2, Licht: 0","245385","2","1","9","07","15","4","0","0","0","0","0","1"
"POINT (6.973043810000036 50.942786778000027)","Unfall 245404 (2019) Kat:3, Licht: 0","245404","3","6","4","07","08","3","0","0","1","0","0","0"
"POINT (7.052121585000066 50.967431323000028)","Unfall 245405 (2019) Kat:3, Licht: 0","245405","3","7","0","07","16","3","0","0","1","1","0","0"
"POINT (6.991633033000028 50.998323658000061)","Unfall 245406 (2019) Kat:3, Licht: 0","245406","3","3","5","07","19","3","0","0","1","1","0","0"
"POINT (7.072521950000066 50.964661797000076)","Unfall 245407 (2019) Kat:3, Licht: 0","245407","3","3","1","07","16","7","1","0","1","1","0","0"
"POINT (7.007084717000055 50.966659713000070)","Unfall 245408 (2019) Kat:3, Licht: 0","245408","3","3","5","07","17","3","0","0","0","1","0","0"
"POINT (6.958492984000031 50.994075302000056)","Unfall 245409 (2019) Kat:3, Licht: 0","245409","3","3","5","07","13","3","0","0","0","0","0","1"
"POINT (6.929685600000028 51.018683930000066)","Unfall 245410 (2019) Kat:2, Licht: 0","245410","2","6","6","07","20","3","0","0","1","0","1","0"
"POINT (6.852015574000063 50.945031742000026)","Unfall 245411 (2019) Kat:2, Licht: 2","245411","2","1","8","07","01","3","0","2","1","0","0","0"
"POINT (6.883382846000075 50.944161862000044)","Unfall 245412 (2019) Kat:3, Licht: 0","245412","3","7","6","07","13","3","0","0","0","0","1","0"
"POINT (6.924176456000055 50.953797507000047)","Unfall 245413 (2019) Kat:3, Licht: 0","245413","3","6","3","07","10","3","0","0","1","1","0","0"
"POINT (6.940834385000073 50.920988047000037)","Unfall 245414 (2019) Kat:3, Licht: 0","245414","3","1","0","07","12","3","0","0","1","0","0","0"
"POINT (6.945636092000029 50.905527838000069)","Unfall 245415 (2019) Kat:3, Licht: 0","245415","3","7","4","07","18","3","0","0","0","1","0","0"
"POINT (6.980102942000031 50.902817879000054)","Unfall 245416 (2019) Kat:3, Licht: 0","245416","3","3","5","07","10","3","0","0","0","1","0","0"
"POINT (6.945823211000061 50.935767027000054)","Unfall 245417 (2019) Kat:3, Licht: 2","245417","3","7","0","07","01","3","0","2","0","0","0","0"
"POINT (6.942065253000067 50.944880067000042)","Unfall 245418 (2019) Kat:3, Licht: 0","245418","3","4","6","07","16","7","1","0","1","0","1","0"
"POINT (7.062424658000055 50.889715451000029)","Unfall 245450 (2019) Kat:3, Licht: 0","245450","3","1","0","07","12","4","0","0","1","0","0","0"
"POINT (7.094083638000029 50.858666728000060)","Unfall 245451 (2019) Kat:3, Licht: 0","245451","3","2","2","07","07","4","0","0","0","1","0","0"
"POINT (6.994918097000038 50.943440935000069)","Unfall 245452 (2019) Kat:3, Licht: 0","245452","3","2","5","07","18","4","0","0","1","1","0","0"
"POINT (6.989843166000071 50.999866828000052)","Unfall 245453 (2019) Kat:3, Licht: 0","245453","3","5","5","07","06","4","0","0","0","1","0","1"
"POINT (6.952470195000046 50.990620724000053)","Unfall 245454 (2019) Kat:3, Licht: 0","245454","3","6","2","07","16","4","0","0","0","1","0","0"
"POINT (6.941623071000038 50.916939578000040)","Unfall 245455 (2019) Kat:3, Licht: 0","245455","3","2","5","07","17","4","0","0","1","1","0","0"
"POINT (6.907100509000031 50.906195193000030)","Unfall 245456 (2019) Kat:3, Licht: 0","245456","3","1","0","07","15","4","0","0","1","0","0","0"
"POINT (6.953467085000057 50.933372780000070)","Unfall 245457 (2019) Kat:3, Licht: 0","245457","3","2","5","07","08","4","0","0","1","1","0","0"
"POINT (7.008145992000038 50.981841986000063)","Unfall 245521 (2019) Kat:2, Licht: 0","245521","2","2","5","07","15","3","0","0","0","1","0","1"
"POINT (6.930130934000033 50.975191579000068)","Unfall 245522 (2019) Kat:3, Licht: 0","245522","3","4","6","07","15","3","0","0","0","1","1","0"
"POINT (6.891668634000041 51.013577384000030)","Unfall 245523 (2019) Kat:3, Licht: 0","245523","3","1","8","07","13","3","0","0","0","1","0","0"
"POINT (6.910511333000045 51.026962522000076)","Unfall 245524 (2019) Kat:3, Licht: 0","245524","3","6","2","07","16","3","0","0","0","1","0","0"
"POINT (6.936370695000051 50.947135047000074)","Unfall 245525 (2019) Kat:3, Licht: 0","245525","3","3","5","07","08","3","0","0","1","0","0","0"
"POINT (6.940918872000054 50.918676531000074)","Unfall 245526 (2019) Kat:2, Licht: 0","245526","2","5","0","07","16","3","0","0","1","1","0","0"
"POINT (6.887052358000062 50.910247696000056)","Unfall 245527 (2019) Kat:2, Licht: 2","245527","2","1","0","07","23","3","0","2","1","0","0","0"
"POINT (7.107537539000020 50.880115572000079)","Unfall 245576 (2019) Kat:2, Licht: 1","245576","2","3","5","07","21","2","0","1","0","1","0","0"
"POINT (6.987061097000037 51.000963838000075)","Unfall 245577 (2019) Kat:2, Licht: 0","245577","2","1","0","07","17","2","0","0","1","0","0","0"
"POINT (6.937639923000063 50.947067885000081)","Unfall 245578 (2019) Kat:2, Licht: 0","245578","2","1","0","07","15","2","0","0","1","0","0","0"
"POINT (6.942072934000066 50.940102722000063)","Unfall 245579 (2019) Kat:3, Licht: 0","245579","3","1","0","07","20","2","0","0","1","1","0","0"
"POINT (6.949944065000068 50.936475208000047)","Unfall 245580 (2019) Kat:3, Licht: 0","245580","3","6","6","07","11","2","0","0","1","0","1","0"
"POINT (6.946322151000061 50.973539540000047)","Unfall 245634 (2019) Kat:3, Licht: 0","245634","3","2","5","07","21","1","1","0","0","1","0","0"
"POINT (6.971938492000049 50.979471216000036)","Unfall 245636 (2019) Kat:3, Licht: 0","245636","3","7","0","07","17","1","1","0","1","0","0","0"
"POINT (6.933504753000022 50.927275495000060)","Unfall 245637 (2019) Kat:3, Licht: 0","245637","3","7","0","07","14","1","1","0","1","0","0","0"
"POINT (6.960262194000052 50.937445408000031)","Unfall 245638 (2019) Kat:3, Licht: 2","245638","3","4","6","07","21","1","1","2","0","1","1","0"
"POINT (6.948601755000027 50.933837500000038)","Unfall 245640 (2019) Kat:3, Licht: 0","245640","3","3","5","07","14","1","1","0","1","1","0","0"