WKT,Name,OBJECTID,UKATEGORIE,UTYP1,UART,UMONAT,USTUNDE,UWOCHENTAG,STRZUSTAND,ULICHTVERH,ISTRAD,ISTPKW,ISTFUSS,ISTKRAD
"POINT (6.920202683000071 51.015638409000076)","Unfall 245713 (2019) Kat:3, Licht: 0","245713","3","3","5","08","14","1","0","0","1","1","0","0"
"POINT (6.927937646000032 50.953761589000067)","Unfall 245714 (2019) Kat:3, Licht: 2","245714","3","7","7","08","01","1","0","2","1","0","0","0"
"POINT (7.104120258000023 50.862025228000050)","Unfall 245749 (2019) Kat:3, Licht: 0","245749","3","5","4","08","17","7","0","0","1","1","0","0"
"POINT (6.974261690000049 50.940268520000075)","Unfall 245750 (2019) Kat:2, Licht: 0","245750","2","1","0","08","17","7","0","0","0","0","0","0"
"POINT (7.015664707000042 50.951693466000052)","Unfall 245751 (2019) Kat:3, Licht: 0","245751","3","3","5","08","12","7","0","0","1","1","0","0"
"POINT (7.008659375000036 50.958813341000052)","Unfall 245752 (2019) Kat:2, Licht: 2","245752","2","1","0","08","04","7","1","2","0","0","0","0"
"POINT (6.914718330000028 51.053154689000053)","Unfall 245753 (2019) Kat:2, Licht: 0","245753","2","7","7","08","10","7","0","0","1","0","0","0"
"POINT (6.855077078000022 51.064715957000033)","Unfall 245754 (2019) Kat:3, Licht: 0","245754","3","3","5","08","06","7","1","0","1","1","0","0"
"POINT (6.936279022000065 50.946991151000077)","Unfall 245755 (2019) Kat:3, Licht: 2","245755","3","7","4","08","03","7","1","2","1","1","0","0"
"POINT (6.905116783000040 50.958727463000059)","Unfall 245756 (2019) Kat:3, Licht: 2","245756","3","3","5","08","01","7","1","2","1","1","0","0"
"POINT (6.914596306000021 50.908234753000045)","Unfall 245757 (2019) Kat:3, Licht: 0","245757","3","7","0","08","15","7","0","0","1","0","0","0"
"POINT (6.951560878000066 50.940260876000082)","Unfall 245758 (2019) Kat:3, Licht: 2","245758","3","7","0","08","22","7","0","2","0","0","0","0"
"POINT (6.965210587000058 50.977260874000081)","Unfall 245810 (2019) Kat:3, Licht: 0","245810","3","3","5","08","18","6","0","0","0","1","0","0"
"POINT (6.902775107000025 50.945745774000045)","Unfall 245811 (2019) Kat:3, Licht: 0","245811","3","3","5","08","13","6","0","0","1","1","0","0"
"POINT (6.940962692000028 50.911954227000081)","Unfall 245812 (2019) Kat:3, Licht: 0","245812","3","1","1","08","19","6","1","0","1","1","0","0"
"POINT (6.933033144000035 50.915840889000037)","Unfall 245813 (2019) Kat:3, Licht: 0","245813","3","6","4","08","13","6","0","0","1","1","0","0"
"POINT (6.919393449000040 50.930907268000055)","Unfall 245814 (2019) Kat:3, Licht: 0","245814","3","6","2","08","17","6","0","0","0","1","0","0"
"POINT (6.961681967000061 50.920784172000026)","Unfall 245815 (2019) Kat:3, Licht: 0","245815","3","4","6","08","14","6","0","0","1","0","1","0"
"POINT (7.075216355000066 50.893083862000026)","Unfall 245891 (2019) Kat:3, Licht: 0","245891","3","3","5","08","15","5","0","0","0","1","0","0"
"POINT (7.023777921000033 50.982065271000067)","Unfall 245893 (2019) Kat:3, Licht: 0","245893","3","7","0","08","12","5","0","0","1","1","0","0"
"POINT (6.958069267000042 51.026082848000044)","Unfall 245894 (2019) Kat:2, Licht: 0","245894","2","1","0","08","17","5","0","0","1","0","0","0"
"POINT (6.941630493000048 50.916969013000028)","Unfall 245895 (2019) Kat:3, Licht: 0","245895","3","2","5","08","16","5","0","0","0","1","0","0"
"POINT (6.933994010000049 50.921710420000068)","Unfall 245897 (2019) Kat:3, Licht: 0","245897","3","2","5","08","13","5","0","0","1","1","0","0"
"POINT (6.936321600000042 50.928591249000078)","Unfall 245898 (2019) Kat:3, Licht: 2","245898","3","1","0","08","00","5","0","2","1","0","0","0"
"POINT (6.944344034000039 50.923749644000054)","Unfall 245900 (2019) Kat:3, Licht: 0","245900","3","3","5","08","08","5","0","0","1","1","0","0"
"POINT (7.060773668000024 50.905682333000073)","Unfall 245968 (2019) Kat:3, Licht: 0","245968","3","7","0","08","11","5","0","0","0","0","0","1"
"POINT (7.056196551000028 50.969062621000035)","Unfall 245969 (2019) Kat:3, Licht: 0","245969","3","2","5","08","06","5","0","0","1","1","0","0"
"POINT (6.980235877000041 50.980815941000060)","Unfall 245970 (2019) Kat:3, Licht: 0","245970","3","5","1","08","13","5","0","0","0","1","0","0"
"POINT (6.968953275000047 50.955879831000061)","Unfall 245971 (2019) Kat:3, Licht: 0","245971","3","6","2","08","16","5","0","0","0","1","0","0"
"POINT (6.968382353000038 50.962418063000030)","Unfall 245972 (2019) Kat:3, Licht: 0","245972","3","4","0","08","13","5","0","0","0","0","1","0"
"POINT (6.964271099000030 50.981024755000078)","Unfall 245973 (2019) Kat:3, Licht: 0","245973","3","5","0","08","17","5","0","0","1","1","0","0"
"POINT (6.923142355000039 51.034924155000056)","Unfall 245974 (2019) Kat:3, Licht: 0","245974","3","1","0","08","08","5","0","0","1","0","0","0"
"POINT (6.860295630000053 51.069657598000049)","Unfall 245975 (2019) Kat:3, Licht: 0","245975","3","2","5","08","16","5","0","0","1","1","0","0"
"POINT (6.916786858000023 50.953136280000081)","Unfall 245976 (2019) Kat:3, Licht: 0","245976","3","5","0","08","17","5","0","0","1","1","0","0"
"POINT (6.869316440000034 50.968851725000036)","Unfall 245977 (2019) Kat:3, Licht: 0","245977","3","2","2","08","18","5","0","0","0","1","0","0"
"POINT (6.957381212000030 50.904512139000076)","Unfall 245978 (2019) Kat:3, Licht: 0","245978","3","2","5","08","08","5","0","0","1","1","0","0"
"POINT (6.929334995000033 50.915016465000065)","Unfall 245979 (2019) Kat:3, Licht: 0","245979","3","1","0","08","14","5","0","0","0","0","0","1"
"POINT (6.907366254000067 50.921614786000077)","Unfall 245980 (2019) Kat:3, Licht: 0","245980","3","1","0","08","18","5","0","0","1","0","0","0"
"POINT (6.915724996000051 50.925804525000046)","Unfall 245981 (2019) Kat:2, Licht: 0","245981","2","7","0","08","12","5","0","0","0","0","0","0"
"POINT (6.999045195000065 50.926002006000033)","Unfall 246041 (2019) Kat:3, Licht: 0","246041","3","6","2","08","12","4","0","0","0","1","0","0"
"POINT (6.894795043000045 51.020566981000059)","Unfall 246042 (2019) Kat:3, Licht: 0","246042","3","6","2","08","12","4","0","0","0","1","0","0"
"POINT (6.886114637000048 51.033859487000029)","Unfall 246043 (2019) Kat:3, Licht: 0","246043","3","5","5","08","18","4","0","0","1","1","0","0"
"POINT (6.969044556000029 50.967555187000073)","Unfall 246044 (2019) Kat:3, Licht: 0","246044","3","2","0","08","19","4","1","0","0","0","0","1"
"POINT (6.901824659000056 50.960338985000078)","Unfall 246045 (2019) Kat:3, Licht: 0","246045","3","5","0","08","15","4","0","0","1","1","0","0"
"POINT (6.904004604000022 50.924148227000046)","Unfall 246046 (2019) Kat:3, Licht: 0","246046","3","3","5","08","10","4","0","0","1","1","0","0"
"POINT (6.963165592000053 50.908810879000043)","Unfall 246047 (2019) Kat:3, Licht: 0","246047","3","6","2","08","16","4","0","0","0","1","0","1"
"POINT (6.949761981000052 50.918981031000044)","Unfall 246048 (2019) Kat:3, Licht: 0","246048","3","2","1","08","20","4","1","0","1","1","0","0"
"POINT (6.954322151000042 50.961818952000044)","Unfall 246049 (2019) Kat:3, Licht: 0","246049","3","2","6","08","12","4","0","0","0","1","1","0"
"POINT (6.960982879000028 50.930918992000045)","Unfall 246050 (2019) Kat:3, Licht: 0","246050","3","3","5","08","18","4","1","0","1","1","0","0"
"POINT (6.944169883000029 50.935997658000076)","Unfall 246051 (2019) Kat:3, Licht: 0","246051","3","1","0","08","16","4","0","0","1","0","0","0"
"POINT (6.953815629000076 50.925829892000081)","Unfall 246052 (2019) Kat:3, Licht: 0","246052","3","6","1","08","11","4","0","0","0","1","0","0"
"POINT (7.031197661000022 50.922645330000080)","Unfall 246103 (2019) Kat:3, Licht: 0","246103","3","3","5","08","08","3","0","0","0","1","0","0"
"POINT (6.917906242000072 50.947042867000050)","Unfall 246104 (2019) Kat:3, Licht: 2","246104","3","7","0","08","03","3","0","2","0","0","0","0"
"POINT (6.932550838000054 50.949757161000036)","Unfall 246105 (2019) Kat:3, Licht: 0","246105","3","7","0","08","17","3","0","0","1","0","0","0"
"POINT (6.947242353000036 50.914910434000035)","Unfall 246106 (2019) Kat:3, Licht: 1","246106","3","1","0","08","21","3","1","1","1","0","0","0"
"POINT (6.940990963000047 50.914607448000027)","Unfall 246107 (2019) Kat:2, Licht: 0","246107","2","1","0","08","18","3","1","0","1","0","0","0"
"POINT (6.942477899000039 50.922365507000052)","Unfall 246108 (2019) Kat:3, Licht: 0","246108","3","1","0","08","09","3","0","0","1","0","0","0"
"POINT (7.055858649000072 50.891329477000056)","Unfall 246152 (2019) Kat:3, Licht: 0","246152","3","2","5","08","12","2","0","0","1","1","0","0"
"POINT (6.899565473000052 50.979519227000026)","Unfall 246153 (2019) Kat:2, Licht: 2","246153","2","1","0","08","01","2","0","2","1","0","0","0"
"POINT (6.852888173000054 50.942212817000041)","Unfall 246154 (2019) Kat:2, Licht: 0","246154","2","2","3","08","06","2","0","0","0","0","0","1"
"POINT (6.961700356000051 50.914467206000040)","Unfall 246155 (2019) Kat:2, Licht: 0","246155","2","1","0","08","08","2","1","0","0","0","0","0"
"POINT (6.899244887000066 50.922056134000059)","Unfall 246156 (2019) Kat:3, Licht: 1","246156","3","3","5","08","06","2","0","1","1","1","0","0"
"POINT (6.955607400000076 50.921392262000040)","Unfall 246157 (2019) Kat:3, Licht: 0","246157","3","2","4","08","15","2","0","0","1","1","0","0"
"POINT (6.846957810000049 51.042258619000052)","Unfall 246195 (2019) Kat:2, Licht: 0","246195","2","7","0","08","16","3","1","0","1","0","0","0"
"POINT (6.885760939000022 50.947059969000065)","Unfall 246196 (2019) Kat:3, Licht: 0","246196","3","7","0","08","09","3","0","0","1","0","0","0"
"POINT (6.969599130000063 50.883063521000054)","Unfall 246197 (2019) Kat:3, Licht: 0","246197","3","2","5","08","18","3","0","0","1","1","0","0"
"POINT (6.917466742000045 50.923001303000035)","Unfall 246198 (2019) Kat:3, Licht: 0","246198","3","5","1","08","12","3","0","0","1","1","0","0"
"POINT (6.956670219000046 50.947864216000028)","Unfall 246199 (2019) Kat:3, Licht: 0","246199","3","5","1","08","13","3","0","0","1","1","0","0"
"POINT (6.958547126000042 50.926637068000048)","Unfall 246200 (2019) Kat:3, Licht: 0","246200","3","5","1","08","10","3","0","0","0","0","0","0"
"POINT (6.960505479000062 50.918399409000074)","Unfall 246201 (2019) Kat:3, Licht: 0","246201","3","1","0","08","09","3","0","0","0","0","0","0"
"POINT (6.962928941000030 50.923562266000033)","Unfall 246202 (2019) Kat:2, Licht: 0","246202","2","1","0","08","18","3","1","0","1","0","0","0"
"POINT (7.100684718000025 50.879533031000051)","Unfall 246258 (2019) Kat:3, Licht: 0","246258","3","7","9","08","12","2","0","0","0","1","0","0"
"POINT (7.091878650000069 50.881854154000052)","Unfall 246259 (2019) Kat:3, Licht: 2","246259","3","5","1","08","23","2","1","2","0","1","0","0"
"POINT (6.939565448000053 50.969241959000044)","Unfall 246260 (2019) Kat:3, Licht: 0","246260","3","1","0","08","15","2","0","0","1","0","0","0"
"POINT (6.840745809000055 50.946800525000072)","Unfall 246261 (2019) Kat:3, Licht: 0","246261","3","3","5","08","19","2","1","0","0","1","0","0"
"POINT (6.973426280000069 50.870115395000028)","Unfall 246262 (2019) Kat:3, Licht: 0","246262","3","7","5","08","14","2","0","0","0","1","0","1"
"POINT (6.948274406000053 50.894087779000074)","Unfall 246263 (2019) Kat:3, Licht: 0","246263","3","2","0","08","14","2","1","0","1","1","0","1"
"POINT (6.961121967000054 50.936356415000034)","Unfall 246264 (2019) Kat:3, Licht: 0","246264","3","1","0","08","15","2","1","0","0","0","0","1"
"POINT (6.952608789000067 50.926582288000077)","Unfall 246265 (2019) Kat:3, Licht: 0","246265","3","1","0","08","14","2","1","0","1","0","0","0"
"POINT (6.967865767000035 50.954201083000044)","Unfall 246266 (2019) Kat:3, Licht: 0","246266","3","5","1","08","10","2","0","0","0","1","0","0"
"POINT (6.952042821000021 50.938370327000030)","Unfall 246267 (2019) Kat:3, Licht: 0","246267","3","5","1","08","16","2","1","0","1","1","0","0"
"POINT (6.985081151000031 50.944485152000027)","Unfall 246312 (2019) Kat:3, Licht: 0","246312","3","6","2","08","16","1","0","0","0","1","0","0"
"POINT (7.021068126000046 50.974403650000056)","Unfall 246313 (2019) Kat:2, Licht: 0","246313","2","3","0","08","15","1","0","0","0","1","0","1"
"POINT (6.977643056000034 50.969344290000038)","Unfall 246314 (2019) Kat:3, Licht: 0","246314","3","1","0","08","13","1","0","0","1","0","0","0"
"POINT (6.916867573000047 51.030488784000056)","Unfall 246315 (2019) Kat:3, Licht: 0","246315","3","1","0","08","14","1","0","0","1","0","0","0"
"POINT (6.965572288000033 50.911949068000069)","Unfall 246316 (2019) Kat:2, Licht: 0","246316","2","7","8","08","16","1","0","0","0","0","0","0"
"POINT (6.950920707000023 50.928595270000073)","Unfall 246317 (2019) Kat:3, Licht: 2","246317","3","7","2","08","00","1","0","2","1","1","0","0"
"POINT (7.069493680000051 50.905305716000044)","Unfall 246356 (2019) Kat:3, Licht: 0","246356","3","3","5","08","13","7","0","0","0","1","0","0"
"POINT (7.001040612000054 50.939373204000049)","Unfall 246357 (2019) Kat:3, Licht: 0","246357","3","3","5","08","12","7","0","0","1","1","0","0"
"POINT (6.971801742000025 50.945002947000035)","Unfall 246358 (2019) Kat:2, Licht: 2","246358","2","1","0","08","21","7","0","2","0","0","0","0"
"POINT (7.040955737000047 50.998452273000055)","Unfall 246359 (2019) Kat:3, Licht: 0","246359","3","7","6","08","14","7","0","0","0","1","1","0"
"POINT (6.969262007000054 50.974376131000042)","Unfall 246360 (2019) Kat:3, Licht: 1","246360","3","2","2","08","21","7","0","1","0","1","0","0"
"POINT (6.878479048000031 51.008796918000030)","Unfall 246423 (2019) Kat:3, Licht: 0","246423","3","1","8","08","15","6","1","0","0","1","0","0"
"POINT (6.932679636000046 50.969104551000044)","Unfall 246425 (2019) Kat:2, Licht: 0","246425","2","1","0","08","13","6","0","0","1","0","0","0"
"POINT (6.866722054000036 50.932169116000068)","Unfall 246426 (2019) Kat:2, Licht: 0","246426","2","3","5","08","09","6","0","0","0","1","0","1"
"POINT (6.905112638000048 50.958723573000043)","Unfall 246427 (2019) Kat:3, Licht: 2","246427","3","3","5","08","05","6","0","2","1","1","0","0"
"POINT (6.932532021000043 50.940010193000035)","Unfall 246428 (2019) Kat:2, Licht: 0","246428","2","1","0","08","15","6","1","0","1","0","0","0"
"POINT (6.951370139000062 50.921640581000077)","Unfall 246429 (2019) Kat:2, Licht: 0","246429","2","1","3","08","16","6","1","0","1","0","0","1"
"POINT (7.009309879000057 50.970848142000079)","Unfall 246438 (2019) Kat:3, Licht: 0","246438","3","4","6","08","14","1","1","0","0","1","1","0"
"POINT (6.853249758000061 50.975305713000068)","Unfall 246439 (2019) Kat:3, Licht: 0","246439","3","6","4","08","10","1","1","0","0","1","0","0"
"POINT (6.951770972000077 50.898004304000040)","Unfall 246440 (2019) Kat:3, Licht: 0","246440","3","6","2","08","16","1","1","0","0","1","0","0"
"POINT (6.967335966000064 50.892929621000064)","Unfall 246441 (2019) Kat:3, Licht: 2","246441","3","7","2","08","00","1","1","2","0","1","0","0"
"POINT (6.944593987000076 50.924283303000038)","Unfall 246442 (2019) Kat:3, Licht: 0","246442","3","1","0","08","15","1","1","0","1","1","0","0"
"POINT (6.959243037000022 50.933160145000045)","Unfall 246443 (2019) Kat:3, Licht: 1","246443","3","6","2","08","20","1","0","1","1","1","0","0"
"POINT (6.960256807000064 50.938023225000052)","Unfall 246444 (2019) Kat:3, Licht: 2","246444","3","7","0","08","02","1","1","2","0","0","0","0"
"POINT (7.109424326000067 50.850638688000060)","Unfall 246469 (2019) Kat:3, Licht: 0","246469","3","2","3","08","15","7","0","0","1","0","0","1"
"POINT (6.969942867000043 50.944695930000080)","Unfall 246471 (2019) Kat:2, Licht: 2","246471","2","1","4","08","00","7","1","2","0","1","0","0"
"POINT (6.988492797000049 50.950853829000039)","Unfall 246472 (2019) Kat:3, Licht: 0","246472","3","5","1","08","11","7","0","0","1","1","0","0"
"POINT (6.890869404000057 50.970555574000059)","Unfall 246473 (2019) Kat:3, Licht: 0","246473","3","1","0","08","18","7","1","0","1","0","0","0"
"POINT (6.955730255000049 50.920320984000057)","Unfall 246474 (2019) Kat:3, Licht: 0","246474","3","5","1","08","11","7","0","0","1","1","0","0"
"POINT (6.942744943000037 50.932220902000040)","Unfall 246475 (2019) Kat:3, Licht: 0","246475","3","1","0","08","13","7","0","0","1","0","0","0"
"POINT (6.952944189000050 50.949503505000052)","Unfall 246476 (2019) Kat:2, Licht: 2","246476","2","7","0","08","04","7","0","2","0","0","0","0"
"POINT (6.916705363000062 50.922926639000082)","Unfall 246527 (2019) Kat:3, Licht: 0","246527","3","2","5","08","12","6","0","0","1","1","0","0"
"POINT (7.073571245000039 50.892686703000038)","Unfall 246586 (2019) Kat:3, Licht: 0","246586","3","6","2","08","13","5","0","0","0","1","0","0"
"POINT (7.075368273000038 50.839811915000041)","Unfall 246587 (2019) Kat:3, Licht: 0","246587","3","2","3","08","07","5","1","0","1","1","0","0"
"POINT (7.066422153000076 50.891115850000062)","Unfall 246588 (2019) Kat:3, Licht: 2","246588","3","3","5","08","22","5","1","2","0","1","0","0"
"POINT (7.020721952000031 50.942530784000041)","Unfall 246589 (2019) Kat:3, Licht: 0","246589","3","6","2","08","19","5","1","0","0","1","0","0"
"POINT (6.947332917000040 51.008154825000076)","Unfall 246590 (2019) Kat:3, Licht: 0","246590","3","6","3","08","15","5","0","0","0","1","0","0"
"POINT (6.964566424000054 50.955191306000074)","Unfall 246591 (2019) Kat:3, Licht: 0","246591","3","6","6","08","19","5","1","0","1","0","1","0"
"POINT (6.890916958000048 50.973260887000038)","Unfall 246592 (2019) Kat:3, Licht: 0","246592","3","6","2","08","08","5","0","0","0","0","0","0"
"POINT (6.922079864000068 50.949833310000031)","Unfall 246593 (2019) Kat:2, Licht: 0","246593","2","5","0","08","08","5","1","0","0","1","0","1"
"POINT (6.970659008000041 50.849040657000046)","Unfall 246594 (2019) Kat:3, Licht: 0","246594","3","2","2","08","19","5","1","0","0","1","0","1"
"POINT (6.913431609000043 50.907382371000040)","Unfall 246595 (2019) Kat:2, Licht: 1","246595","2","5","5","08","06","5","1","1","1","1","0","0"
"POINT (6.943903874000057 50.929707260000043)","Unfall 246596 (2019) Kat:3, Licht: 0","246596","3","6","0","08","09","5","1","0","0","1","0","1"
"POINT (6.996445568000070 51.011408624000069)","Unfall 246658 (2019) Kat:3, Licht: 0","246658","3","1","0","08","19","4","0","0","1","0","0","0"
"POINT (7.054683422000039 50.964185866000037)","Unfall 246659 (2019) Kat:2, Licht: 0","246659","2","2","3","08","17","4","0","0","1","0","0","0"
"POINT (6.880787871000052 50.939466197000058)","Unfall 246660 (2019) Kat:3, Licht: 0","246660","3","6","4","08","18","4","0","0","1","0","0","0"
"POINT (6.862434937000046 50.932570199000054)","Unfall 246661 (2019) Kat:3, Licht: 0","246661","3","5","0","08","12","4","0","0","1","1","0","0"
"POINT (6.993305059000022 50.892121707000058)","Unfall 246662 (2019) Kat:3, Licht: 0","246662","3","5","0","08","11","4","0","0","1","1","0","0"
"POINT (6.954549784000051 50.911385007000035)","Unfall 246663 (2019) Kat:3, Licht: 0","246663","3","6","3","08","16","4","0","0","1","0","0","0"
"POINT (6.961700356000051 50.914467206000040)","Unfall 246664 (2019) Kat:3, Licht: 0","246664","3","3","5","08","09","4","0","0","1","1","0","0"
"POINT (6.962902065000037 50.918076559000042)","Unfall 246665 (2019) Kat:3, Licht: 0","246665","3","3","5","08","09","4","0","0","1","1","0","0"
"POINT (7.009133684000062 50.845371163000038)","Unfall 246738 (2019) Kat:3, Licht: 0","246738","3","6","6","08","18","5","0","0","1","0","1","0"
"POINT (6.999791145000074 50.928126288000044)","Unfall 246739 (2019) Kat:3, Licht: 2","246739","3","6","0","08","21","5","0","2","0","1","0","0"
"POINT (7.011026714000025 50.937494627000035)","Unfall 246740 (2019) Kat:3, Licht: 0","246740","3","3","5","08","19","5","0","0","1","1","0","0"
"POINT (6.989564303000066 50.951679704000071)","Unfall 246741 (2019) Kat:3, Licht: 2","246741","3","1","0","08","23","5","0","2","0","0","0","0"
"POINT (7.059343628000022 50.974876323000046)","Unfall 246742 (2019) Kat:3, Licht: 2","246742","3","7","8","08","22","5","0","2","0","1","0","0"
"POINT (7.006130941000038 50.948497412000052)","Unfall 246743 (2019) Kat:3, Licht: 0","246743","3","5","1","08","18","5","0","0","0","1","0","0"
"POINT (7.001731169000038 50.959732669000061)","Unfall 246744 (2019) Kat:3, Licht: 0","246744","3","5","3","08","18","5","0","0","1","1","0","0"
"POINT (6.943465998000022 50.968492690000062)","Unfall 246745 (2019) Kat:3, Licht: 0","246745","3","3","5","08","12","5","0","0","1","1","0","0"
"POINT (6.932023627000035 50.948912534000044)","Unfall 246746 (2019) Kat:3, Licht: 0","246746","3","7","0","08","12","5","0","0","0","0","0","1"
"POINT (6.901333480000062 50.926057146000062)","Unfall 246747 (2019) Kat:3, Licht: 0","246747","3","5","1","08","13","5","0","0","0","1","0","0"
"POINT (6.945779968000068 50.934441115000027)","Unfall 246748 (2019) Kat:2, Licht: 2","246748","2","2","5","08","02","5","0","2","1","1","0","0"
"POINT (6.958165375000021 50.948467127000072)","Unfall 246749 (2019) Kat:3, Licht: 2","246749","3","4","6","08","22","5","0","2","0","0","1","1"
"POINT (6.953567318000069 50.944568565000054)","Unfall 246750 (2019) Kat:3, Licht: 2","246750","3","1","0","08","21","5","0","2","0","0","0","1"
"POINT (6.941819651000060 50.931740732000037)","Unfall 246751 (2019) Kat:3, Licht: 2","246751","3","7","5","08","00","5","0","2","0","0","0","0"
"POINT (7.056748560000074 50.914579591000063)","Unfall 246817 (2019) Kat:3, Licht: 2","246817","3","7","0","08","00","4","0","2","0","1","0","0"
"POINT (6.994282609000038 50.937107651000076)","Unfall 246818 (2019) Kat:3, Licht: 0","246818","3","7","6","08","16","4","0","0","1","0","1","0"
"POINT (7.004295927000044 50.974097874000051)","Unfall 246819 (2019) Kat:3, Licht: 0","246819","3","7","0","08","17","4","0","0","1","0","0","0"
"POINT (6.988862848000053 50.988809414000059)","Unfall 246820 (2019) Kat:3, Licht: 0","246820","3","7","0","08","20","4","0","0","1","0","0","0"
"POINT (6.969262272000037 50.975868635000040)","Unfall 246821 (2019) Kat:3, Licht: 0","246821","3","6","3","08","14","4","0","0","0","1","0","0"
"POINT (6.926304402000028 50.919152965000080)","Unfall 246822 (2019) Kat:3, Licht: 0","246822","3","5","1","08","18","4","0","0","1","1","0","0"
"POINT (6.938097670000047 50.929618451000067)","Unfall 246823 (2019) Kat:3, Licht: 0","246823","3","1","0","08","11","4","0","0","1","0","0","0"
"POINT (6.943115995000028 50.941757251000070)","Unfall 246824 (2019) Kat:2, Licht: 2","246824","2","1","0","08","23","4","0","2","0","0","0","0"
"POINT (6.994328069000062 50.900822466000079)","Unfall 246887 (2019) Kat:3, Licht: 0","246887","3","7","0","08","15","3","0","0","1","0","0","0"
"POINT (7.002348941000037 50.930231752000054)","Unfall 246888 (2019) Kat:3, Licht: 0","246888","3","7","0","08","16","3","0","0","0","1","0","0"
"POINT (7.001129816000059 50.934625442000026)","Unfall 246889 (2019) Kat:3, Licht: 0","246889","3","4","6","08","11","3","0","0","0","1","1","0"
"POINT (7.000353804000042 50.930714088000059)","Unfall 246890 (2019) Kat:3, Licht: 2","246890","3","4","6","08","22","3","0","2","0","1","1","0"
"POINT (7.021797176000064 50.933221163000042)","Unfall 246892 (2019) Kat:3, Licht: 0","246892","3","2","1","08","18","3","0","0","0","1","0","1"
"POINT (6.973166650000053 50.933114314000079)","Unfall 246893 (2019) Kat:2, Licht: 0","246893","2","5","1","08","08","3","0","0","1","1","0","0"
"POINT (6.949930136000035 50.992130461000045)","Unfall 246894 (2019) Kat:3, Licht: 0","246894","3","6","3","08","16","3","0","0","0","1","0","0"
"POINT (6.966097688000048 50.917191555000045)","Unfall 246895 (2019) Kat:3, Licht: 0","246895","3","2","2","08","18","3","0","0","1","0","1","0"
"POINT (6.933949758000040 50.927421881000043)","Unfall 246896 (2019) Kat:3, Licht: 2","246896","3","4","6","08","22","3","0","2","1","0","1","0"
"POINT (6.944022913000026 50.924190966000026)","Unfall 246897 (2019) Kat:3, Licht: 0","246897","3","2","5","08","19","3","0","0","1","1","0","0"
"POINT (6.912893453000038 51.018752815000028)","Unfall 246944 (2019) Kat:3, Licht: 0","246944","3","2","5","08","15","2","0","0","1","0","0","0"
"POINT (6.845789160000038 50.932033473000047)","Unfall 246946 (2019) Kat:3, Licht: 0","246946","3","1","0","08","15","2","0","0","1","0","0","0"
"POINT (6.951868269000045 50.898110087000077)","Unfall 246947 (2019) Kat:3, Licht: 0","246947","3","3","5","08","15","2","0","0","1","1","0","0"
"POINT (6.934622094000076 50.927641517000040)","Unfall 246948 (2019) Kat:3, Licht: 0","246948","3","7","7","08","07","2","0","0","1","0","0","0"
"POINT (6.961700356000051 50.914467206000040)","Unfall 246949 (2019) Kat:2, Licht: 0","246949","2","2","3","08","08","2","0","0","1","1","0","0"
"POINT (6.998765815000070 50.920051604000037)","Unfall 246977 (2019) Kat:2, Licht: 2","246977","2","6","4","08","05","2","0","2","0","1","0","0"
"POINT (7.036216493000040 50.896238661000041)","Unfall 246978 (2019) Kat:3, Licht: 2","246978","3","7","6","08","00","2","0","2","0","1","1","0"
"POINT (6.993108596000070 50.942260058000045)","Unfall 246979 (2019) Kat:3, Licht: 0","246979","3","6","1","08","16","2","0","0","0","1","0","0"
"POINT (6.998394958000063 50.949045510000076)","Unfall 246980 (2019) Kat:3, Licht: 0","246980","3","1","0","08","08","2","0","0","1","0","0","0"
"POINT (6.977985358000069 50.932558355000026)","Unfall 246981 (2019) Kat:3, Licht: 0","246981","3","1","0","08","16","2","0","0","1","0","0","0"
"POINT (6.963689468000041 50.961089756000035)","Unfall 246982 (2019) Kat:3, Licht: 0","246982","3","2","5","08","08","2","0","0","1","1","0","0"
"POINT (6.949473030000036 50.981070265000028)","Unfall 246984 (2019) Kat:3, Licht: 0","246984","3","5","1","08","14","2","0","0","1","1","0","0"
"POINT (6.935733289000041 51.022075890000053)","Unfall 246985 (2019) Kat:3, Licht: 0","246985","3","1","4","08","14","2","0","0","1","0","0","0"
"POINT (6.899908780000033 50.938164095000047)","Unfall 246986 (2019) Kat:3, Licht: 0","246986","3","7","4","08","15","2","0","0","0","1","0","1"
"POINT (6.915813214000025 50.925950781000040)","Unfall 246987 (2019) Kat:3, Licht: 0","246987","3","3","5","08","19","2","0","0","1","1","0","0"
"POINT (6.951046663000057 50.921084270000051)","Unfall 246988 (2019) Kat:3, Licht: 0","246988","3","7","0","08","14","2","0","0","0","1","0","0"
"POINT (6.832071613000039 50.942031206000081)","Unfall 247068 (2019) Kat:3, Licht: 0","247068","3","6","4","08","19","1","0","0","1","1","0","0"
"POINT (6.884811163000052 50.947547640000039)","Unfall 247069 (2019) Kat:3, Licht: 2","247069","3","1","0","08","22","1","0","2","0","0","0","0"
"POINT (6.957598949000044 50.946629561000066)","Unfall 247070 (2019) Kat:2, Licht: 0","247070","2","4","6","08","16","1","0","0","0","1","1","0"
"POINT (7.027150811000070 50.896741195000061)","Unfall 247119 (2019) Kat:3, Licht: 0","247119","3","7","8","08","11","7","0","0","1","0","0","0"