WKT,Name,OBJECTID,UKATEGORIE,UTYP1,UART,UMONAT,USTUNDE,UWOCHENTAG,STRZUSTAND,ULICHTVERH,ISTRAD,ISTPKW,ISTFUSS,ISTKRAD
"POINT (7.013157263000039 50.939106004000053)","Unfall 247120 (2019) Kat:3, Licht: 0","247120","3","4","6","08","20","7","0","0","0","1","1","0"
"POINT (6.914205593000077 50.956135174000053)","Unfall 247122 (2019) Kat:3, Licht: 2","247122","3","5","1","08","23","7","0","2","1","1","0","0"
"POINT (6.993392097000026 50.892595599000060)","Unfall 247123 (2019) Kat:3, Licht: 0","247123","3","1","0","08","17","7","0","0","1","0","0","0"
"POINT (6.942761668000060 50.939565112000082)","Unfall 247124 (2019) Kat:3, Licht: 2","247124","3","1","0","08","21","7","0","2","0","0","0","0"
"POINT (6.953460895000035 50.944801351000081)","Unfall 247125 (2019) Kat:2, Licht: 2","247125","2","3","5","08","21","7","0","2","0","1","0","0"
"POINT (6.951929632000031 50.935232851000080)","Unfall 247126 (2019) Kat:3, Licht: 0","247126","3","6","2","08","14","7","0","0","0","1","0","0"
"POINT (7.052208975000042 50.903496774000075)","Unfall 247207 (2019) Kat:3, Licht: 0","247207","3","7","0","08","11","6","0","0","1","0","0","0"
"POINT (7.008918350000045 50.978940640000076)","Unfall 247208 (2019) Kat:3, Licht: 0","247208","3","1","8","08","13","6","0","0","0","1","0","0"
"POINT (6.889435846000026 50.934442115000081)","Unfall 247209 (2019) Kat:2, Licht: 2","247209","2","2","5","08","22","6","0","2","1","0","0","1"
"POINT (6.903711912000063 50.945699175000073)","Unfall 247210 (2019) Kat:3, Licht: 0","247210","3","2","4","08","07","6","0","0","1","1","0","0"
"POINT (6.991128002000039 50.887077833000035)","Unfall 247211 (2019) Kat:3, Licht: 0","247211","3","5","4","08","11","6","0","0","0","1","0","1"
"POINT (6.954486832000043 50.899672074000080)","Unfall 247212 (2019) Kat:3, Licht: 0","247212","3","3","5","08","11","6","0","0","0","1","0","1"
"POINT (6.920859645000064 50.923636556000076)","Unfall 247214 (2019) Kat:3, Licht: 0","247214","3","2","5","08","15","6","0","0","1","1","0","0"
"POINT (6.933881623000048 50.964511174000052)","Unfall 247249 (2019) Kat:3, Licht: 0","247249","3","3","2","08","12","6","0","0","1","1","0","0"
"POINT (6.968672869000045 50.966031667000038)","Unfall 247252 (2019) Kat:3, Licht: 0","247252","3","2","5","08","10","6","0","0","0","1","0","1"
"POINT (6.853820740000060 50.942154981000044)","Unfall 247259 (2019) Kat:3, Licht: 2","247259","3","7","0","08","02","6","0","2","1","0","0","0"
"POINT (6.907826627000077 50.944962545000067)","Unfall 247262 (2019) Kat:3, Licht: 0","247262","3","3","5","08","16","6","0","0","0","1","0","1"
"POINT (6.976022524000030 50.866987226000049)","Unfall 247265 (2019) Kat:3, Licht: 2","247265","3","1","0","08","01","6","0","2","1","0","0","0"
"POINT (6.969697900000028 50.847237728000039)","Unfall 247291 (2019) Kat:3, Licht: 1","247291","3","6","2","08","18","6","0","1","0","1","0","0"
"POINT (7.093344081000055 50.876282181000079)","Unfall 247294 (2019) Kat:3, Licht: 0","247294","3","3","5","08","15","5","0","0","1","0","0","1"
"POINT (7.074705445000063 50.894147887000031)","Unfall 247295 (2019) Kat:3, Licht: 0","247295","3","5","1","08","18","5","0","0","0","1","0","0"
"POINT (6.934633817000076 50.927645407000057)","Unfall 247296 (2019) Kat:3, Licht: 0","247296","3","1","0","08","15","6","0","0","1","0","0","0"
"POINT (6.999000154000044 50.921120988000041)","Unfall 247297 (2019) Kat:3, Licht: 0","247297","3","3","5","08","14","5","0","0","1","1","0","0"
"POINT (6.997269091000021 50.918565389000037)","Unfall 247298 (2019) Kat:2, Licht: 0","247298","2","3","5","08","07","5","0","0","1","1","0","0"
"POINT (6.933242970000038 50.956019841000057)","Unfall 247299 (2019) Kat:3, Licht: 0","247299","3","6","2","08","15","5","0","0","0","1","0","0"
"POINT (6.922573972000066 50.950060731000065)","Unfall 247300 (2019) Kat:3, Licht: 0","247300","3","7","6","08","14","5","0","0","0","0","1","1"
"POINT (6.898438204000058 50.943236293000041)","Unfall 247301 (2019) Kat:3, Licht: 0","247301","3","2","0","08","07","5","0","0","1","1","0","0"
"POINT (6.945054614000071 50.924693354000055)","Unfall 247302 (2019) Kat:3, Licht: 0","247302","3","1","0","08","17","5","0","0","1","0","0","0"
"POINT (6.945656815000064 50.938000280000040)","Unfall 247303 (2019) Kat:3, Licht: 0","247303","3","2","6","08","13","5","0","0","0","1","1","0"
"POINT (6.952958938000052 50.924569915000063)","Unfall 247304 (2019) Kat:3, Licht: 0","247304","3","3","5","08","09","5","0","0","0","1","0","0"
"POINT (6.920855148000044 50.923644417000048)","Unfall 247305 (2019) Kat:3, Licht: 0","247305","3","7","1","08","15","6","0","0","1","1","0","0"
"POINT (6.959216887000025 50.932255500000053)","Unfall 247317 (2019) Kat:3, Licht: 0","247317","3","7","0","08","07","6","0","0","1","0","0","0"
"POINT (6.943430173000024 50.923227527000051)","Unfall 247326 (2019) Kat:3, Licht: 0","247326","3","6","2","08","18","6","0","0","0","1","0","1"
"POINT (6.951034386000060 50.921060986000043)","Unfall 247329 (2019) Kat:3, Licht: 0","247329","3","2","5","08","14","6","0","0","0","1","0","1"
"POINT (6.945973711000022 50.958411876000071)","Unfall 247360 (2019) Kat:3, Licht: 0","247360","3","3","5","08","15","6","0","0","1","0","0","0"
"POINT (7.032146369000031 50.989344333000076)","Unfall 247381 (2019) Kat:3, Licht: 0","247381","3","2","2","08","18","4","0","0","0","1","0","1"
"POINT (6.978082184000073 50.970215510000060)","Unfall 247382 (2019) Kat:3, Licht: 2","247382","3","3","5","08","21","4","0","2","0","1","0","0"
"POINT (6.885707955000044 50.983712592000074)","Unfall 247383 (2019) Kat:3, Licht: 0","247383","3","2","5","08","08","4","0","0","1","1","0","0"
"POINT (6.916297062000069 50.955345182000030)","Unfall 247385 (2019) Kat:3, Licht: 0","247385","3","2","3","08","17","4","0","0","1","0","0","0"
"POINT (6.924100001000056 50.887378968000064)","Unfall 247386 (2019) Kat:3, Licht: 2","247386","3","3","5","08","20","4","0","2","1","0","0","0"
"POINT (6.961700356000051 50.914467206000040)","Unfall 247387 (2019) Kat:3, Licht: 0","247387","3","2","5","08","13","4","0","0","1","1","0","0"
"POINT (6.919649566000032 50.921508463000066)","Unfall 247388 (2019) Kat:3, Licht: 0","247388","3","1","0","08","09","4","0","0","1","0","0","0"
"POINT (6.948781007000036 50.933819526000036)","Unfall 247389 (2019) Kat:3, Licht: 0","247389","3","3","0","08","16","4","0","0","1","1","0","0"
"POINT (6.957676866000043 50.957004645000040)","Unfall 247454 (2019) Kat:3, Licht: 0","247454","3","4","6","08","14","6","0","0","1","0","1","0"
"POINT (7.043795283000065 50.963073953000048)","Unfall 247457 (2019) Kat:3, Licht: 0","247457","3","5","1","08","11","3","0","0","0","1","0","0"
"POINT (6.919510554000055 51.032117568000047)","Unfall 247458 (2019) Kat:3, Licht: 0","247458","3","3","5","08","06","3","0","0","0","1","0","1"
"POINT (6.957192345000067 50.942750964000027)","Unfall 247459 (2019) Kat:3, Licht: 2","247459","3","7","6","08","00","3","0","2","1","0","1","0"
"POINT (6.940431636000028 50.946593782000036)","Unfall 247460 (2019) Kat:3, Licht: 2","247460","3","7","0","08","22","3","1","2","1","0","0","0"
"POINT (7.073223527000039 50.899012272000050)","Unfall 247518 (2019) Kat:3, Licht: 0","247518","3","6","2","09","12","2","0","0","0","1","0","0"
"POINT (7.024194955000041 50.945301983000036)","Unfall 247519 (2019) Kat:2, Licht: 0","247519","2","3","5","09","08","2","0","0","1","0","0","0"
"POINT (7.042977175000033 50.964166470000066)","Unfall 247520 (2019) Kat:3, Licht: 0","247520","3","1","0","09","12","2","0","0","1","0","0","0"
"POINT (6.948602739000023 50.958741798000062)","Unfall 247521 (2019) Kat:2, Licht: 0","247521","2","7","6","09","15","2","0","0","0","0","1","0"
"POINT (6.940984710000066 50.911928601000056)","Unfall 247522 (2019) Kat:3, Licht: 0","247522","3","5","0","09","12","2","0","0","1","1","0","0"
"POINT (6.953115019000052 50.931180655000048)","Unfall 247523 (2019) Kat:3, Licht: 0","247523","3","5","1","09","07","2","0","0","1","1","0","0"
"POINT (6.935563988000070 50.942268592000062)","Unfall 247524 (2019) Kat:3, Licht: 0","247524","3","2","5","09","18","2","0","0","1","1","0","0"
"POINT (6.953817897000022 50.939056849000053)","Unfall 247525 (2019) Kat:3, Licht: 0","247525","3","2","3","09","15","2","0","0","1","1","0","0"
"POINT (6.965051937000055 50.977238146000047)","Unfall 247592 (2019) Kat:3, Licht: 0","247592","3","5","4","09","14","1","0","0","0","1","0","1"
"POINT (6.912748041000043 50.949918408000030)","Unfall 247594 (2019) Kat:3, Licht: 2","247594","3","1","0","09","01","1","0","2","1","0","0","0"
"POINT (6.854497027000036 50.942075015000057)","Unfall 247595 (2019) Kat:3, Licht: 2","247595","3","1","0","09","00","1","0","2","1","0","0","0"
"POINT (7.076171013000021 50.901468594000050)","Unfall 247652 (2019) Kat:3, Licht: 0","247652","3","6","2","08","12","7","0","0","0","1","0","0"
"POINT (7.004746141000055 50.942197626000052)","Unfall 247653 (2019) Kat:2, Licht: 0","247653","2","4","6","08","13","7","0","0","0","1","1","0"
"POINT (6.986124052000037 50.916248299000074)","Unfall 247654 (2019) Kat:3, Licht: 2","247654","3","7","1","08","02","7","0","2","1","0","0","0"
"POINT (7.004452181000033 50.945690070000069)","Unfall 247656 (2019) Kat:3, Licht: 2","247656","3","2","5","08","21","7","0","2","1","1","0","0"
"POINT (7.098921235000034 50.971092919000057)","Unfall 247657 (2019) Kat:2, Licht: 0","247657","2","7","0","08","16","7","0","0","0","1","0","0"
"POINT (6.970174287000020 50.944828673000075)","Unfall 247658 (2019) Kat:2, Licht: 0","247658","2","1","0","08","12","7","0","0","0","0","0","0"
"POINT (6.993396723000046 50.958298805000027)","Unfall 247659 (2019) Kat:3, Licht: 0","247659","3","1","0","08","11","7","0","0","1","0","0","0"
"POINT (6.960971279000034 50.984547492000047)","Unfall 247660 (2019) Kat:3, Licht: 0","247660","3","3","5","08","15","7","0","0","1","1","0","0"
"POINT (7.008457732000068 50.891881185000045)","Unfall 247661 (2019) Kat:3, Licht: 0","247661","3","7","0","08","19","7","0","0","1","0","0","0"
"POINT (7.010652340000036 50.876251004000039)","Unfall 247662 (2019) Kat:3, Licht: 0","247662","3","6","3","08","16","7","0","0","1","1","0","0"
"POINT (6.900008897000021 50.917848729000070)","Unfall 247663 (2019) Kat:2, Licht: 2","247663","2","1","0","08","03","7","0","2","1","0","0","0"
"POINT (6.943991016000041 50.935224744000038)","Unfall 247664 (2019) Kat:3, Licht: 0","247664","3","5","1","08","09","7","0","0","1","1","0","0"
"POINT (7.068912266000041 50.912157025000056)","Unfall 247758 (2019) Kat:3, Licht: 0","247758","3","3","5","08","15","6","0","0","0","1","0","0"
"POINT (6.975051897000071 50.945861288000060)","Unfall 247759 (2019) Kat:2, Licht: 2","247759","2","7","8","08","23","6","0","2","1","0","0","0"
"POINT (7.017399861000058 50.969521255000075)","Unfall 247761 (2019) Kat:3, Licht: 0","247761","3","1","0","08","14","6","0","0","1","0","0","0"
"POINT (7.117268958000068 50.877117437000038)","Unfall 247820 (2019) Kat:3, Licht: 1","247820","3","3","5","09","19","5","0","1","0","1","0","0"
"POINT (6.931188313000064 50.966146261000063)","Unfall 247821 (2019) Kat:3, Licht: 0","247821","3","3","0","09","13","5","0","0","1","1","0","0"
"POINT (6.899699870000063 51.016643594000072)","Unfall 247822 (2019) Kat:3, Licht: 0","247822","3","3","5","09","10","5","0","0","1","1","0","0"
"POINT (6.868742230000066 50.926435254000069)","Unfall 247823 (2019) Kat:3, Licht: 0","247823","3","4","6","09","18","5","0","0","0","1","1","0"
"POINT (6.932223823000072 50.952871059000074)","Unfall 247824 (2019) Kat:3, Licht: 0","247824","3","6","0","09","16","5","0","0","1","1","0","0"
"POINT (6.869088221000027 50.924936656000057)","Unfall 247825 (2019) Kat:3, Licht: 0","247825","3","2","4","09","16","5","0","0","0","1","0","0"
"POINT (6.955933679000054 50.902866613000072)","Unfall 247826 (2019) Kat:3, Licht: 0","247826","3","3","5","09","18","5","0","0","0","1","0","0"
"POINT (6.956064461000040 50.910846853000066)","Unfall 247827 (2019) Kat:3, Licht: 2","247827","3","1","9","09","03","5","0","2","0","1","0","0"
"POINT (6.917071528000065 50.920764889000054)","Unfall 247828 (2019) Kat:3, Licht: 0","247828","3","1","0","09","12","5","1","0","0","0","0","1"
"POINT (7.055172792000064 50.969882300000052)","Unfall 247887 (2019) Kat:3, Licht: 0","247887","3","6","3","09","14","4","0","0","1","1","0","0"
"POINT (6.927859213000033 50.948020116000066)","Unfall 247888 (2019) Kat:3, Licht: 0","247888","3","7","0","09","13","4","0","0","1","0","0","0"
"POINT (6.958760447000032 50.910629564000033)","Unfall 247889 (2019) Kat:3, Licht: 0","247889","3","6","2","09","08","4","0","0","0","1","0","0"
"POINT (6.970560270000021 50.913608384000042)","Unfall 247890 (2019) Kat:3, Licht: 0","247890","3","5","1","09","08","4","0","0","1","1","0","0"
"POINT (7.005474278000065 50.884761800000035)","Unfall 247891 (2019) Kat:3, Licht: 2","247891","3","3","5","09","21","4","1","2","0","1","0","0"
"POINT (6.939050084000030 50.935406765000039)","Unfall 247892 (2019) Kat:2, Licht: 0","247892","2","3","5","09","17","4","0","0","1","0","0","0"
"POINT (7.023488416000021 50.982355091000045)","Unfall 247983 (2019) Kat:3, Licht: 1","247983","3","6","2","09","06","3","0","1","0","1","0","1"
"POINT (6.929509737000046 50.941126346000033)","Unfall 247985 (2019) Kat:2, Licht: 0","247985","2","3","5","09","15","3","0","0","1","1","0","0"
"POINT (6.887094234000074 50.948822017000055)","Unfall 247987 (2019) Kat:3, Licht: 0","247987","3","2","3","09","17","3","0","0","1","1","0","0"
"POINT (6.920485601000053 50.958026530000041)","Unfall 247988 (2019) Kat:3, Licht: 1","247988","3","1","0","09","20","3","0","1","1","0","0","0"
"POINT (6.960449915000027 50.918170339000028)","Unfall 247990 (2019) Kat:3, Licht: 0","247990","3","6","4","09","13","3","0","0","1","1","0","0"
"POINT (6.948981614000047 50.935353967000026)","Unfall 247991 (2019) Kat:3, Licht: 2","247991","3","7","0","09","03","3","0","2","0","0","0","0"
"POINT (6.957888946000026 50.927035385000067)","Unfall 247992 (2019) Kat:3, Licht: 0","247992","3","1","0","09","15","3","0","0","0","0","0","0"
"POINT (6.947590722000030 50.942777893000027)","Unfall 247993 (2019) Kat:3, Licht: 0","247993","3","7","0","09","11","3","0","0","1","1","0","0"
"POINT (7.090440321000074 50.862957567000080)","Unfall 248018 (2019) Kat:3, Licht: 0","248018","3","4","6","09","18","3","0","0","0","1","1","0"
"POINT (7.079012703000046 50.859458511000071)","Unfall 248019 (2019) Kat:3, Licht: 0","248019","3","7","0","09","15","3","0","0","0","0","0","0"
"POINT (7.001507651000054 50.940558700000054)","Unfall 248020 (2019) Kat:3, Licht: 0","248020","3","2","3","09","17","3","0","0","1","1","0","0"
"POINT (6.994258069000068 50.937169342000061)","Unfall 248021 (2019) Kat:3, Licht: 0","248021","3","2","3","09","15","3","0","0","1","1","0","0"
"POINT (7.075143095000044 50.974632732000032)","Unfall 248022 (2019) Kat:3, Licht: 0","248022","3","3","5","09","16","3","0","0","1","1","0","0"
"POINT (6.968823196000074 50.978008527000043)","Unfall 248023 (2019) Kat:3, Licht: 0","248023","3","3","5","09","16","3","0","0","1","1","0","0"
"POINT (6.906125766000059 50.990569204000053)","Unfall 248024 (2019) Kat:2, Licht: 1","248024","2","1","0","09","19","3","0","1","0","0","0","1"
"POINT (6.962611662000029 50.910514996000074)","Unfall 248025 (2019) Kat:3, Licht: 0","248025","3","4","6","09","18","3","0","0","0","0","1","0"
"POINT (6.924608428000056 50.930672991000051)","Unfall 248026 (2019) Kat:3, Licht: 0","248026","3","3","5","09","07","3","0","0","1","0","0","0"
"POINT (6.932510766000064 50.933579811000072)","Unfall 248027 (2019) Kat:3, Licht: 1","248027","3","6","2","09","19","3","0","1","0","1","0","0"
"POINT (6.958048798000050 50.926536834000046)","Unfall 248028 (2019) Kat:3, Licht: 0","248028","3","6","2","09","18","3","0","0","0","1","0","0"
"POINT (7.090498466000042 50.970813421000059)","Unfall 248091 (2019) Kat:3, Licht: 0","248091","3","3","5","09","09","2","0","0","0","1","0","1"
"POINT (6.903319043000067 51.022338953000030)","Unfall 248092 (2019) Kat:3, Licht: 0","248092","3","5","6","09","14","2","0","0","0","1","1","0"
"POINT (7.011575922000077 50.984367393000070)","Unfall 248147 (2019) Kat:3, Licht: 0","248147","3","4","0","09","18","1","1","0","0","1","1","0"
"POINT (7.021754374000068 50.943300798000053)","Unfall 248148 (2019) Kat:3, Licht: 0","248148","3","3","0","09","17","1","1","0","1","1","0","0"
"POINT (6.961700356000051 50.914467206000040)","Unfall 248149 (2019) Kat:3, Licht: 0","248149","3","3","5","09","19","1","1","0","1","1","0","0"
"POINT (6.993084816000021 50.892437316000041)","Unfall 248150 (2019) Kat:3, Licht: 0","248150","3","1","0","09","12","1","0","0","0","0","0","1"
"POINT (6.960901259000025 50.987572942000043)","Unfall 248185 (2019) Kat:2, Licht: 0","248185","2","5","1","09","13","7","0","0","0","1","0","0"
"POINT (6.890476395000064 51.025025525000046)","Unfall 248186 (2019) Kat:2, Licht: 2","248186","2","7","0","09","01","7","0","2","1","0","0","0"
"POINT (6.898872000000040 50.952581006000059)","Unfall 248187 (2019) Kat:3, Licht: 0","248187","3","3","5","09","13","7","0","0","1","1","0","0"
"POINT (6.913003992000029 50.956615201000034)","Unfall 248188 (2019) Kat:3, Licht: 0","248188","3","2","2","09","12","7","0","0","0","1","0","0"
"POINT (6.963674696000055 50.880172626000046)","Unfall 248189 (2019) Kat:3, Licht: 0","248189","3","3","5","09","14","7","0","0","0","1","0","1"
"POINT (6.966638129000046 50.887423539000054)","Unfall 248190 (2019) Kat:3, Licht: 0","248190","3","1","4","09","18","7","1","0","0","1","0","0"
"POINT (6.960926794000045 50.936707510000076)","Unfall 248191 (2019) Kat:3, Licht: 0","248191","3","7","0","09","15","7","1","0","0","0","0","0"
"POINT (6.956003812000063 50.944614255000033)","Unfall 248192 (2019) Kat:3, Licht: 2","248192","3","1","0","09","02","7","0","2","1","0","0","0"
"POINT (6.953815629000076 50.925829892000081)","Unfall 248193 (2019) Kat:2, Licht: 2","248193","2","4","0","09","00","7","0","2","0","1","1","0"
"POINT (7.058568301000037 50.897349696000049)","Unfall 248213 (2019) Kat:3, Licht: 0","248213","3","2","6","09","16","6","0","0","0","1","1","0"
"POINT (7.018313631000069 50.965235212000039)","Unfall 248219 (2019) Kat:2, Licht: 2","248219","2","1","1","09","22","6","0","2","0","1","0","0"
"POINT (7.006254660000025 50.959181189000049)","Unfall 248223 (2019) Kat:3, Licht: 0","248223","3","2","4","09","08","6","0","0","1","1","0","0"
"POINT (6.941558763000046 50.910866897000062)","Unfall 248227 (2019) Kat:3, Licht: 0","248227","3","2","5","09","15","6","0","0","1","1","0","0"
"POINT (6.958191454000030 50.926061076000053)","Unfall 248230 (2019) Kat:3, Licht: 0","248230","3","5","0","09","19","6","0","0","1","1","0","0"
"POINT (6.961686250000071 50.941951145000075)","Unfall 248232 (2019) Kat:3, Licht: 0","248232","3","3","5","09","12","6","0","0","1","1","0","0"
"POINT (7.109331572000031 50.876485247000062)","Unfall 248271 (2019) Kat:3, Licht: 0","248271","3","7","0","09","14","6","0","0","0","1","0","0"
"POINT (7.023477052000033 50.968724974000054)","Unfall 248272 (2019) Kat:3, Licht: 2","248272","3","6","6","09","22","6","0","2","0","1","1","0"
"POINT (6.914595061000057 50.996165081000072)","Unfall 248273 (2019) Kat:3, Licht: 2","248273","3","1","0","09","22","6","0","2","1","0","0","0"
"POINT (6.902451959000075 50.960701666000034)","Unfall 248274 (2019) Kat:3, Licht: 0","248274","3","3","5","09","08","6","0","0","0","1","0","0"
"POINT (6.961736514000052 50.914528406000045)","Unfall 248275 (2019) Kat:3, Licht: 0","248275","3","6","3","09","14","6","0","0","1","1","0","0"
"POINT (6.950721050000027 50.920529606000059)","Unfall 248276 (2019) Kat:3, Licht: 0","248276","3","5","5","09","16","6","0","0","1","1","0","0"
"POINT (6.939296822000074 50.930298446000052)","Unfall 248277 (2019) Kat:3, Licht: 0","248277","3","7","5","09","12","6","0","0","0","1","0","0"
"POINT (7.001841730000024 50.940886417000058)","Unfall 248349 (2019) Kat:3, Licht: 2","248349","3","3","0","09","22","5","0","2","1","1","0","0"
"POINT (6.985533035000060 50.937884329000042)","Unfall 248350 (2019) Kat:3, Licht: 0","248350","3","3","0","09","07","5","1","0","0","1","0","1"
"POINT (6.903984561000073 50.924179608000031)","Unfall 248351 (2019) Kat:3, Licht: 0","248351","3","3","5","09","14","5","0","0","1","1","0","0"
"POINT (6.933222630000046 50.913597928000058)","Unfall 248352 (2019) Kat:3, Licht: 0","248352","3","3","5","09","07","5","1","0","1","0","0","0"
"POINT (6.949143465000020 50.918015195000066)","Unfall 248353 (2019) Kat:3, Licht: 0","248353","3","7","5","09","11","5","1","0","0","0","0","1"
"POINT (6.995448343000021 50.935369768000044)","Unfall 248447 (2019) Kat:3, Licht: 0","248447","3","6","3","09","13","4","0","0","1","1","0","0"
"POINT (6.997861128000068 50.948989243000028)","Unfall 248448 (2019) Kat:3, Licht: 0","248448","3","1","8","09","15","4","1","0","0","1","0","0"
"POINT (7.043653642000038 50.992876587000069)","Unfall 248449 (2019) Kat:2, Licht: 0","248449","2","3","5","09","08","4","0","0","0","1","0","1"
"POINT (7.011444626000071 50.968811792000054)","Unfall 248450 (2019) Kat:3, Licht: 0","248450","3","2","4","09","17","4","0","0","1","1","0","0"
"POINT (6.969084374000033 50.972751767000034)","Unfall 248451 (2019) Kat:3, Licht: 0","248451","3","4","6","09","17","4","1","0","0","0","1","0"
"POINT (6.957764781000037 50.966354608000074)","Unfall 248452 (2019) Kat:3, Licht: 0","248452","3","3","5","09","17","4","1","0","0","1","0","0"
"POINT (6.969058035000046 50.976780838000082)","Unfall 248453 (2019) Kat:3, Licht: 0","248453","3","5","1","09","16","4","0","0","1","1","0","0"
"POINT (6.916702214000054 50.960822148000034)","Unfall 248454 (2019) Kat:3, Licht: 0","248454","3","5","1","09","16","4","1","0","0","0","0","1"
"POINT (6.964169499000036 50.919125901000029)","Unfall 248455 (2019) Kat:3, Licht: 1","248455","3","5","0","09","19","4","1","1","1","1","0","0"
"POINT (7.081765946000076 50.875607095000078)","Unfall 248547 (2019) Kat:3, Licht: 0","248547","3","3","5","09","08","3","0","0","1","1","0","0"
"POINT (6.904081601000030 50.991684724000038)","Unfall 248548 (2019) Kat:3, Licht: 0","248548","3","1","0","09","07","3","0","0","0","0","0","1"
"POINT (6.904355620000047 51.016614105000031)","Unfall 248549 (2019) Kat:3, Licht: 0","248549","3","3","5","09","11","3","0","0","1","1","0","0"
"POINT (6.881791658000054 50.938274794000051)","Unfall 248550 (2019) Kat:2, Licht: 0","248550","2","4","6","09","08","3","0","0","0","1","1","0"
"POINT (6.901905681000073 50.941830878000076)","Unfall 248551 (2019) Kat:3, Licht: 0","248551","3","7","1","09","08","3","0","0","0","1","0","1"
"POINT (6.918786739000041 50.954311982000036)","Unfall 248552 (2019) Kat:3, Licht: 0","248552","3","7","5","09","16","3","0","0","1","0","0","0"
"POINT (6.959715800000026 50.920778830000074)","Unfall 248553 (2019) Kat:3, Licht: 0","248553","3","5","1","09","16","3","0","0","1","1","0","0"
"POINT (7.100122295000062 50.856844239000054)","Unfall 248594 (2019) Kat:3, Licht: 0","248594","3","1","0","09","15","2","0","0","1","0","0","0"
"POINT (7.032180481000069 50.970924440000033)","Unfall 248595 (2019) Kat:3, Licht: 0","248595","3","7","0","09","16","2","0","0","0","1","0","1"
"POINT (6.902360109000028 51.017291136000040)","Unfall 248596 (2019) Kat:3, Licht: 0","248596","3","7","0","09","15","2","0","0","0","0","0","0"
"POINT (6.864500393000071 50.952580299000033)","Unfall 248597 (2019) Kat:3, Licht: 0","248597","3","1","0","09","09","2","1","0","1","0","0","0"
"POINT (6.989418915000044 50.897436834000075)","Unfall 248599 (2019) Kat:3, Licht: 0","248599","3","7","5","09","09","2","0","0","1","1","0","0"
"POINT (7.005178858000022 50.870214560000079)","Unfall 248600 (2019) Kat:3, Licht: 0","248600","3","6","5","09","08","2","0","0","0","1","0","0"
"POINT (6.933869768000022 50.927396187000056)","Unfall 248601 (2019) Kat:2, Licht: 1","248601","2","1","0","09","19","2","1","1","1","0","0","0"
"POINT (6.939971669000045 50.940549875000045)","Unfall 248602 (2019) Kat:3, Licht: 0","248602","3","3","5","09","12","2","0","0","1","1","0","0"
"POINT (6.980599985000026 50.950840502000062)","Unfall 248671 (2019) Kat:3, Licht: 0","248671","3","7","6","09","13","1","0","0","0","1","1","0"
"POINT (6.968213287000026 50.966092151000055)","Unfall 248672 (2019) Kat:3, Licht: 0","248672","3","1","0","09","14","1","0","0","1","0","0","0"
"POINT (6.910957298000028 51.013464389000035)","Unfall 248673 (2019) Kat:3, Licht: 0","248673","3","7","0","09","16","1","0","0","0","1","0","1"
"POINT (6.947805876000075 50.964733206000062)","Unfall 248674 (2019) Kat:3, Licht: 0","248674","3","2","3","09","11","1","0","0","0","1","0","1"
"POINT (6.924068140000031 50.885525655000038)","Unfall 248675 (2019) Kat:2, Licht: 1","248675","2","3","0","09","06","1","0","1","1","1","0","0"
"POINT (6.954034267000054 50.931787133000057)","Unfall 248676 (2019) Kat:3, Licht: 2","248676","3","2","5","09","01","1","0","2","0","1","0","0"
"POINT (6.941430183000023 50.929220574000055)","Unfall 248677 (2019) Kat:3, Licht: 0","248677","3","4","6","09","06","1","0","0","0","1","1","0"
"POINT (7.081852981000054 50.882629121000036)","Unfall 248718 (2019) Kat:3, Licht: 0","248718","3","2","5","09","13","7","0","0","1","1","0","0"
"POINT (7.001291825000067 50.952062302000058)","Unfall 248719 (2019) Kat:2, Licht: 0","248719","2","1","0","09","15","7","0","0","1","0","0","0"
"POINT (7.023326660000066 50.982511127000066)","Unfall 248720 (2019) Kat:3, Licht: 0","248720","3","3","5","09","19","7","0","0","1","0","0","0"
"POINT (6.984487568000077 50.942432487000076)","Unfall 248721 (2019) Kat:3, Licht: 0","248721","3","7","0","09","16","7","0","0","0","1","0","0"
"POINT (6.960513420000041 50.976894632000040)","Unfall 248722 (2019) Kat:3, Licht: 2","248722","3","3","5","09","20","7","0","2","1","1","0","0"
"POINT (6.903930725000066 50.960024910000072)","Unfall 248723 (2019) Kat:2, Licht: 0","248723","2","2","5","09","14","7","0","0","0","1","0","1"
"POINT (6.959904743000038 50.934525982000082)","Unfall 248724 (2019) Kat:3, Licht: 2","248724","3","7","0","09","02","7","0","2","0","0","0","0"
"POINT (6.942300914000043 50.940064757000073)","Unfall 248725 (2019) Kat:3, Licht: 0","248725","3","5","7","09","18","7","0","0","1","1","0","0"
"POINT (6.998914781000053 50.922566268000026)","Unfall 248797 (2019) Kat:3, Licht: 2","248797","3","2","8","09","22","6","0","2","0","1","0","0"
"POINT (7.001522128000033 50.940600069000027)","Unfall 248798 (2019) Kat:3, Licht: 0","248798","3","7","0","09","16","6","0","0","0","1","0","1"
"POINT (7.048452470000029 50.943816339000080)","Unfall 248800 (2019) Kat:2, Licht: 0","248800","2","2","0","09","10","6","0","0","0","1","0","0"
"POINT (6.930443716000070 50.949592183000050)","Unfall 248801 (2019) Kat:3, Licht: 0","248801","3","7","0","09","08","6","0","0","0","0","0","0"