WKT,Name,OBJECTID,UKATEGORIE,UTYP1,UART,UMONAT,USTUNDE,UWOCHENTAG,STRZUSTAND,ULICHTVERH,ISTRAD,ISTPKW,ISTFUSS,ISTKRAD
"POINT (6.928489406000040 50.950394939000034)","Unfall 248802 (2019) Kat:3, Licht: 0","248802","3","7","0","09","15","6","0","0","1","0","0","0"
"POINT (6.932051915000045 50.953180431000078)","Unfall 248803 (2019) Kat:2, Licht: 2","248803","2","6","2","09","14","6","0","2","0","1","0","1"
"POINT (6.948605328000042 50.933850121000035)","Unfall 248804 (2019) Kat:3, Licht: 0","248804","3","3","2","09","18","6","0","0","1","1","0","0"
"POINT (6.935714882000070 50.940239777000045)","Unfall 248805 (2019) Kat:3, Licht: 0","248805","3","1","0","09","15","6","0","0","0","0","0","0"
"POINT (7.021797176000064 50.933221163000042)","Unfall 248909 (2019) Kat:3, Licht: 0","248909","3","2","6","09","14","5","0","0","0","1","1","0"
"POINT (6.968969528000059 50.939976704000060)","Unfall 248910 (2019) Kat:3, Licht: 0","248910","3","3","5","09","15","5","0","0","0","1","0","0"
"POINT (7.093012370000054 50.965678685000057)","Unfall 248911 (2019) Kat:3, Licht: 0","248911","3","2","5","09","16","5","0","0","1","1","0","0"
"POINT (6.871288362000030 50.932186595000076)","Unfall 248912 (2019) Kat:3, Licht: 0","248912","3","7","0","09","15","5","0","0","0","1","0","0"
"POINT (6.941623071000038 50.916939578000040)","Unfall 248913 (2019) Kat:3, Licht: 0","248913","3","3","5","09","15","5","0","0","1","0","0","0"
"POINT (6.919646192000073 50.921507219000034)","Unfall 248914 (2019) Kat:3, Licht: 0","248914","3","6","0","09","16","5","0","0","1","1","0","0"
"POINT (6.960964687000057 50.936020970000072)","Unfall 248915 (2019) Kat:3, Licht: 2","248915","3","2","6","09","23","5","0","2","0","1","1","0"
"POINT (6.961864175000073 50.920930977000069)","Unfall 248917 (2019) Kat:3, Licht: 0","248917","3","7","0","09","16","5","0","0","1","1","0","0"
"POINT (6.944444787000066 50.937785135000070)","Unfall 248918 (2019) Kat:3, Licht: 0","248918","3","7","6","09","14","5","0","0","0","1","1","0"
"POINT (6.946077316000071 50.925601860000029)","Unfall 248919 (2019) Kat:3, Licht: 0","248919","3","1","0","09","10","5","0","0","1","0","0","0"
"POINT (7.067944911000041 50.913534762000040)","Unfall 249003 (2019) Kat:3, Licht: 2","249003","3","7","6","09","06","4","0","2","0","1","1","0"
"POINT (7.011595209000063 50.926567333000037)","Unfall 249004 (2019) Kat:1, Licht: 0","249004","1","7","0","09","15","4","0","0","1","0","0","0"
"POINT (6.957659704000037 50.974922035000077)","Unfall 249006 (2019) Kat:2, Licht: 0","249006","2","5","1","09","11","4","0","0","1","1","0","0"
"POINT (6.916912438000054 50.947634067000081)","Unfall 249007 (2019) Kat:3, Licht: 0","249007","3","7","0","09","16","4","0","0","0","1","0","1"
"POINT (6.923055341000065 50.930550725000046)","Unfall 249008 (2019) Kat:3, Licht: 0","249008","3","2","2","09","12","4","0","0","0","1","0","1"
"POINT (6.951941879000060 50.945094925000035)","Unfall 249009 (2019) Kat:3, Licht: 0","249009","3","2","4","09","14","4","0","0","0","1","0","1"
"POINT (7.068632461000050 50.981439862000059)","Unfall 249102 (2019) Kat:3, Licht: 0","249102","3","1","8","09","08","2","1","0","0","1","0","0"
"POINT (6.978328965000060 50.938674831000071)","Unfall 249103 (2019) Kat:3, Licht: 0","249103","3","5","1","09","11","2","1","0","0","1","0","1"
"POINT (6.921370712000055 50.956549938000080)","Unfall 249104 (2019) Kat:3, Licht: 0","249104","3","1","4","09","15","2","0","0","1","0","0","0"
"POINT (6.917684204000068 50.910800037000058)","Unfall 249105 (2019) Kat:3, Licht: 0","249105","3","2","5","09","10","2","1","0","0","1","0","0"
"POINT (6.923327686000050 50.928720745000078)","Unfall 249106 (2019) Kat:3, Licht: 0","249106","3","1","3","09","18","2","0","0","1","0","0","0"
"POINT (6.923559036000029 50.921878438000078)","Unfall 249107 (2019) Kat:3, Licht: 0","249107","3","3","5","09","12","2","0","0","1","1","0","0"
"POINT (6.949918271000058 50.919219469000041)","Unfall 249108 (2019) Kat:3, Licht: 0","249108","3","2","3","09","09","2","1","0","1","0","0","0"
"POINT (6.942295040000033 50.925636508000082)","Unfall 249109 (2019) Kat:3, Licht: 1","249109","3","3","5","09","07","2","1","1","1","1","0","0"
"POINT (6.948997506000069 50.935437414000035)","Unfall 249110 (2019) Kat:3, Licht: 2","249110","3","3","5","09","21","2","0","2","1","1","0","0"
"POINT (6.938080039000056 50.944093178000060)","Unfall 249112 (2019) Kat:3, Licht: 0","249112","3","3","5","09","18","2","0","0","1","1","0","0"
"POINT (6.946653722000065 50.941068088000065)","Unfall 249113 (2019) Kat:3, Licht: 0","249113","3","7","1","09","12","2","1","0","0","1","0","0"
"POINT (6.833253890000037 50.936720665000053)","Unfall 249165 (2019) Kat:3, Licht: 1","249165","3","2","5","09","07","3","0","1","1","1","0","0"
"POINT (6.845695537000040 50.924179075000040)","Unfall 249170 (2019) Kat:3, Licht: 0","249170","3","6","2","09","15","2","0","0","0","1","0","0"
"POINT (6.832304928000042 50.943950447000077)","Unfall 249175 (2019) Kat:2, Licht: 0","249175","2","4","6","09","14","3","0","0","0","1","1","0"
"POINT (7.050494086000072 50.902389355000082)","Unfall 249185 (2019) Kat:3, Licht: 0","249185","3","1","0","09","19","1","0","0","1","0","0","0"
"POINT (6.833252855000069 50.936716782000076)","Unfall 249186 (2019) Kat:3, Licht: 1","249186","3","5","0","09","17","1","0","1","0","1","0","0"
"POINT (6.899667852000050 50.938646134000066)","Unfall 249187 (2019) Kat:3, Licht: 0","249187","3","3","5","09","19","1","0","0","0","1","0","0"
"POINT (6.941505269000061 50.941669268000055)","Unfall 249188 (2019) Kat:3, Licht: 2","249188","3","6","0","09","01","1","0","2","1","1","0","0"
"POINT (6.936196197000072 50.928514519000032)","Unfall 249189 (2019) Kat:3, Licht: 2","249189","3","5","1","09","19","3","1","2","1","1","0","0"
"POINT (6.959910694000030 50.934532629000046)","Unfall 249190 (2019) Kat:3, Licht: 0","249190","3","6","4","09","17","1","0","0","0","1","0","0"
"POINT (6.957900013000028 50.920429296000066)","Unfall 249191 (2019) Kat:3, Licht: 0","249191","3","7","0","09","12","1","0","0","0","1","0","0"
"POINT (6.939080684000032 50.923929806000046)","Unfall 249217 (2019) Kat:2, Licht: 0","249217","2","1","0","09","14","3","0","0","1","0","0","0"
"POINT (6.938242169000034 50.928721468000049)","Unfall 249221 (2019) Kat:3, Licht: 0","249221","3","2","3","09","10","3","0","0","1","1","0","0"
"POINT (7.073431560000074 50.899156036000079)","Unfall 249252 (2019) Kat:2, Licht: 0","249252","2","7","1","09","13","7","0","0","1","1","0","0"
"POINT (7.032171284000071 50.970938273000058)","Unfall 249254 (2019) Kat:3, Licht: 2","249254","3","4","0","09","19","7","0","2","0","1","1","0"
"POINT (6.977750869000033 51.001134406000062)","Unfall 249255 (2019) Kat:3, Licht: 0","249255","3","4","6","09","16","7","0","0","0","1","1","0"
"POINT (6.925207013000033 50.859546059000081)","Unfall 249256 (2019) Kat:3, Licht: 1","249256","3","3","5","09","19","7","0","1","1","1","0","0"
"POINT (6.960279864000029 50.936660159000041)","Unfall 249257 (2019) Kat:3, Licht: 0","249257","3","7","0","09","18","7","0","0","0","1","1","0"
"POINT (7.034572717000060 50.939344097000060)","Unfall 249308 (2019) Kat:3, Licht: 0","249308","3","6","2","09","07","6","1","0","0","1","0","0"
"POINT (6.971015509000040 50.945046280000042)","Unfall 249309 (2019) Kat:3, Licht: 2","249309","3","7","0","09","22","6","0","2","0","1","1","0"
"POINT (6.981201869000074 50.937186615000030)","Unfall 249310 (2019) Kat:3, Licht: 1","249310","3","6","2","09","18","6","1","1","0","1","0","0"
"POINT (6.838023307000071 50.946822920000045)","Unfall 249311 (2019) Kat:3, Licht: 0","249311","3","5","1","09","14","6","0","0","1","1","0","0"
"POINT (6.960570648000044 50.907540473000040)","Unfall 249312 (2019) Kat:3, Licht: 0","249312","3","5","0","09","13","6","0","0","1","1","0","0"
"POINT (6.961431040000036 50.910776526000063)","Unfall 249313 (2019) Kat:3, Licht: 0","249313","3","7","5","09","13","6","0","0","0","1","0","0"
"POINT (6.940773121000063 50.931159965000063)","Unfall 249314 (2019) Kat:3, Licht: 2","249314","3","1","0","09","01","6","1","2","0","0","0","0"
"POINT (7.028322651000053 50.903347966000069)","Unfall 249408 (2019) Kat:3, Licht: 0","249408","3","7","6","09","13","5","1","0","0","1","1","0"
"POINT (6.994269230000043 50.937142039000037)","Unfall 249409 (2019) Kat:3, Licht: 0","249409","3","2","2","09","11","5","1","0","0","1","0","0"
"POINT (7.001321460000042 50.950190357000054)","Unfall 249410 (2019) Kat:3, Licht: 0","249410","3","2","0","09","08","5","1","0","0","1","0","1"
"POINT (7.021094769000058 50.974400404000050)","Unfall 249411 (2019) Kat:3, Licht: 0","249411","3","3","0","09","16","5","1","0","1","1","0","0"
"POINT (6.895901956000046 51.025627426000028)","Unfall 249412 (2019) Kat:3, Licht: 0","249412","3","2","1","09","12","5","1","0","0","1","0","0"
"POINT (6.918930848000059 50.957593356000075)","Unfall 249413 (2019) Kat:3, Licht: 0","249413","3","2","0","09","11","5","1","0","0","1","0","1"
"POINT (6.913222181000037 50.953777783000078)","Unfall 249414 (2019) Kat:3, Licht: 0","249414","3","1","0","09","08","5","1","0","1","0","0","0"
"POINT (6.962596473000076 50.910563534000062)","Unfall 249415 (2019) Kat:3, Licht: 1","249415","3","2","5","09","18","5","1","1","0","1","0","0"
"POINT (6.918513224000037 50.928017853000028)","Unfall 249416 (2019) Kat:3, Licht: 0","249416","3","2","4","09","18","5","1","0","1","0","0","0"
"POINT (6.993400790000067 50.892600077000054)","Unfall 249417 (2019) Kat:3, Licht: 0","249417","3","7","0","09","17","5","1","0","0","0","0","1"
"POINT (6.957266167000057 50.929055361000053)","Unfall 249418 (2019) Kat:2, Licht: 0","249418","2","1","3","09","15","5","1","0","0","1","0","0"
"POINT (6.952861727000027 50.941494539000075)","Unfall 249419 (2019) Kat:3, Licht: 1","249419","3","2","5","09","19","5","1","1","0","1","0","1"
"POINT (7.052997871000059 50.910717191000060)","Unfall 249499 (2019) Kat:3, Licht: 0","249499","3","3","5","09","08","4","1","0","1","1","0","0"
"POINT (7.031197661000022 50.922645330000080)","Unfall 249500 (2019) Kat:3, Licht: 0","249500","3","3","5","09","08","4","1","0","0","1","0","0"
"POINT (6.952338284000064 50.958965281000076)","Unfall 249501 (2019) Kat:3, Licht: 0","249501","3","7","1","09","10","4","0","0","1","1","0","0"
"POINT (6.952286792000052 50.962693550000040)","Unfall 249502 (2019) Kat:3, Licht: 2","249502","3","1","0","09","20","4","1","2","1","0","0","0"
"POINT (6.889221361000068 50.986802974000057)","Unfall 249503 (2019) Kat:2, Licht: 0","249503","2","1","0","09","16","4","0","0","1","0","0","0"
"POINT (6.919212409000068 50.912332113000048)","Unfall 249504 (2019) Kat:3, Licht: 2","249504","3","1","1","09","19","4","1","2","0","1","0","1"
"POINT (6.915926317000071 50.926093966000053)","Unfall 249505 (2019) Kat:3, Licht: 0","249505","3","3","5","09","12","4","0","0","1","1","0","0"
"POINT (6.939281690000030 50.946732553000061)","Unfall 249506 (2019) Kat:3, Licht: 2","249506","3","1","3","09","20","4","1","2","0","1","0","0"
"POINT (6.941347200000053 50.938309799000081)","Unfall 249508 (2019) Kat:3, Licht: 0","249508","3","7","6","09","08","4","0","0","0","1","1","0"
"POINT (6.934435373000042 50.933034487000043)","Unfall 249509 (2019) Kat:3, Licht: 2","249509","3","1","0","09","22","4","1","2","0","0","0","1"
"POINT (6.959153826000033 50.944173005000039)","Unfall 249510 (2019) Kat:3, Licht: 0","249510","3","4","6","09","17","4","1","0","0","1","1","0"
"POINT (7.074104654000053 50.903022526000029)","Unfall 249633 (2019) Kat:3, Licht: 0","249633","3","1","0","10","12","3","1","0","0","0","0","1"
"POINT (6.996510676000071 50.949148604000072)","Unfall 249634 (2019) Kat:3, Licht: 0","249634","3","1","0","10","17","3","1","0","0","0","0","1"
"POINT (7.007140419000052 50.966636260000030)","Unfall 249635 (2019) Kat:3, Licht: 0","249635","3","3","5","10","13","3","1","0","1","0","0","0"
"POINT (6.960235395000041 51.002630144000079)","Unfall 249636 (2019) Kat:3, Licht: 0","249636","3","1","0","10","08","3","1","0","0","0","0","1"
"POINT (6.927772417000028 50.950729185000057)","Unfall 249637 (2019) Kat:3, Licht: 0","249637","3","3","5","10","15","3","1","0","1","1","0","0"
"POINT (7.061975464000057 50.897295390000068)","Unfall 249638 (2019) Kat:3, Licht: 0","249638","3","3","5","10","09","4","1","0","0","1","0","0"
"POINT (6.898180557000046 50.934454217000052)","Unfall 249639 (2019) Kat:3, Licht: 0","249639","3","7","3","10","17","3","1","0","1","1","0","0"
"POINT (6.924561099000073 50.923259190000067)","Unfall 249640 (2019) Kat:3, Licht: 0","249640","3","1","0","10","17","3","1","0","1","0","0","0"
"POINT (6.935501560000034 50.926514802000042)","Unfall 249641 (2019) Kat:3, Licht: 0","249641","3","1","9","10","17","3","1","0","0","0","0","0"
"POINT (6.954210429000057 50.919979796000064)","Unfall 249642 (2019) Kat:2, Licht: 0","249642","2","5","5","10","15","3","1","0","1","1","0","0"
"POINT (6.944042244000059 50.923782974000062)","Unfall 249643 (2019) Kat:3, Licht: 0","249643","3","3","5","10","17","3","0","0","0","1","0","0"
"POINT (7.024341670000069 50.981705544000079)","Unfall 249644 (2019) Kat:3, Licht: 0","249644","3","2","5","10","11","4","0","0","1","1","0","0"
"POINT (6.969400480000047 50.974393855000073)","Unfall 249647 (2019) Kat:3, Licht: 0","249647","3","3","5","10","18","4","0","0","1","1","0","0"
"POINT (6.939264168000022 50.969502483000042)","Unfall 249651 (2019) Kat:3, Licht: 0","249651","3","3","5","10","14","4","0","0","0","1","0","0"
"POINT (6.966684532000045 50.966421141000069)","Unfall 249670 (2019) Kat:3, Licht: 0","249670","3","4","6","10","11","4","1","0","1","0","1","0"
"POINT (6.830961518000038 50.940661286000079)","Unfall 249685 (2019) Kat:3, Licht: 2","249685","3","7","1","10","20","4","0","2","0","1","0","0"
"POINT (6.905164894000052 50.962857712000073)","Unfall 249693 (2019) Kat:2, Licht: 0","249693","2","1","5","10","09","4","1","0","1","1","0","0"
"POINT (6.947385389000033 50.914805490000049)","Unfall 249703 (2019) Kat:3, Licht: 2","249703","3","3","5","10","06","4","1","2","1","1","0","0"
"POINT (6.935021081000059 50.915713018000076)","Unfall 249710 (2019) Kat:3, Licht: 0","249710","3","3","5","10","15","4","0","0","0","1","0","0"
"POINT (6.951603989000034 50.937103759000081)","Unfall 249714 (2019) Kat:3, Licht: 0","249714","3","3","0","10","11","4","0","0","1","1","0","0"
"POINT (6.944152970000062 50.940335355000059)","Unfall 249718 (2019) Kat:3, Licht: 0","249718","3","6","6","10","18","4","0","0","0","0","1","0"
"POINT (6.955227030000060 50.941675097000029)","Unfall 249725 (2019) Kat:3, Licht: 0","249725","3","7","0","10","17","4","0","0","0","0","0","0"
"POINT (6.997984604000067 50.989210622000030)","Unfall 249727 (2019) Kat:3, Licht: 0","249727","3","4","6","09","15","2","0","0","0","1","1","0"
"POINT (7.032336599000075 50.975944261000052)","Unfall 249728 (2019) Kat:3, Licht: 2","249728","3","2","4","09","05","2","1","2","0","1","0","0"
"POINT (7.032351849000065 50.976088017000052)","Unfall 249729 (2019) Kat:3, Licht: 1","249729","3","6","2","09","07","2","1","1","0","1","0","0"
"POINT (7.047196373000077 50.976350283000045)","Unfall 249730 (2019) Kat:3, Licht: 2","249730","3","2","0","09","22","2","0","2","0","1","0","0"
"POINT (6.970505578000029 50.974544347000062)","Unfall 249731 (2019) Kat:2, Licht: 2","249731","2","7","5","09","21","2","0","2","0","1","0","0"
"POINT (6.926152137000031 50.994727344000069)","Unfall 249732 (2019) Kat:3, Licht: 0","249732","3","2","0","09","08","2","1","0","0","1","0","0"
"POINT (6.928150603000063 50.950355111000079)","Unfall 249733 (2019) Kat:3, Licht: 0","249733","3","3","5","09","18","2","0","0","1","1","0","0"
"POINT (6.937480478000055 50.957490790000065)","Unfall 249734 (2019) Kat:3, Licht: 2","249734","3","5","1","09","00","2","1","2","0","1","0","0"
"POINT (6.897974394000073 50.946026062000044)","Unfall 249735 (2019) Kat:3, Licht: 2","249735","3","2","5","09","20","2","0","2","0","1","0","0"
"POINT (6.970069552000041 50.861292869000067)","Unfall 249736 (2019) Kat:3, Licht: 0","249736","3","7","2","09","12","2","0","0","0","1","0","0"
"POINT (6.953396411000028 50.933316218000073)","Unfall 249737 (2019) Kat:3, Licht: 0","249737","3","6","3","09","14","2","0","0","0","1","0","1"
"POINT (6.913255452000044 50.996371588000045)","Unfall 249776 (2019) Kat:2, Licht: 2","249776","2","4","0","09","22","1","1","2","0","0","1","0"
"POINT (6.907439069000077 50.948785038000040)","Unfall 249777 (2019) Kat:2, Licht: 2","249777","2","4","6","09","05","1","0","2","1","0","1","0"
"POINT (6.929051678000064 50.949994915000048)","Unfall 249778 (2019) Kat:2, Licht: 2","249778","2","1","8","09","01","1","0","2","0","0","0","0"
"POINT (6.993283028000064 50.917170013000032)","Unfall 249810 (2019) Kat:3, Licht: 0","249810","3","6","1","09","12","7","0","0","0","1","0","0"
"POINT (6.891217382000036 50.954016005000028)","Unfall 249812 (2019) Kat:3, Licht: 2","249812","3","7","0","09","06","7","0","2","0","0","0","1"
"POINT (6.940591436000034 50.906949816000065)","Unfall 249813 (2019) Kat:3, Licht: 0","249813","3","4","6","09","08","7","0","0","0","1","1","0"
"POINT (6.938534286000049 50.943880200000081)","Unfall 249814 (2019) Kat:3, Licht: 0","249814","3","3","5","09","17","7","0","0","1","1","0","0"
"POINT (6.987676150000027 50.914675574000057)","Unfall 249886 (2019) Kat:3, Licht: 2","249886","3","7","6","10","19","1","1","2","0","1","1","0"
"POINT (7.043396147000067 50.959271341000033)","Unfall 249887 (2019) Kat:2, Licht: 2","249887","2","4","6","10","00","1","0","2","0","0","1","0"
"POINT (7.010158640000043 50.966892757000039)","Unfall 249888 (2019) Kat:3, Licht: 0","249888","3","7","0","10","13","1","1","0","0","1","0","1"
"POINT (6.940047926000034 50.930734202000053)","Unfall 249889 (2019) Kat:3, Licht: 2","249889","3","7","0","10","03","1","0","2","1","0","0","0"
"POINT (7.032178057000067 50.970928086000072)","Unfall 249920 (2019) Kat:2, Licht: 0","249920","2","3","5","10","14","7","0","0","1","1","0","0"
"POINT (6.948874040000021 50.964008074000049)","Unfall 249921 (2019) Kat:2, Licht: 2","249921","2","1","0","10","00","7","1","2","1","0","0","0"
"POINT (6.883980398000063 51.035403829000074)","Unfall 249922 (2019) Kat:2, Licht: 2","249922","2","1","0","10","01","7","1","2","1","0","0","0"
"POINT (6.934029449000036 50.948142377000067)","Unfall 249923 (2019) Kat:3, Licht: 0","249923","3","7","3","10","20","7","0","0","0","1","0","0"
"POINT (6.930732886000044 50.956049158000042)","Unfall 249924 (2019) Kat:3, Licht: 0","249924","3","3","0","10","14","7","0","0","1","1","0","0"
"POINT (6.905181159000051 50.953634678000071)","Unfall 249925 (2019) Kat:1, Licht: 1","249925","1","3","5","10","19","7","0","1","0","1","0","1"
"POINT (6.921255699000028 50.910876347000055)","Unfall 249926 (2019) Kat:3, Licht: 2","249926","3","1","0","10","19","7","0","2","1","0","0","0"
"POINT (6.951913046000072 50.920743582000057)","Unfall 249927 (2019) Kat:3, Licht: 1","249927","3","7","0","10","18","7","0","1","1","0","0","0"
"POINT (6.957341244000077 50.928830668000046)","Unfall 249928 (2019) Kat:3, Licht: 0","249928","3","5","3","10","11","7","0","0","0","1","0","0"
"POINT (7.000997173000030 50.935316298000032)","Unfall 249991 (2019) Kat:3, Licht: 0","249991","3","6","2","10","11","6","1","0","0","1","0","0"
"POINT (6.907348587000058 50.951380845000074)","Unfall 249992 (2019) Kat:3, Licht: 0","249992","3","6","2","10","10","6","1","0","0","1","0","0"
"POINT (6.920600999000044 50.945613351000077)","Unfall 249993 (2019) Kat:3, Licht: 0","249993","3","2","5","10","16","6","1","0","1","1","0","0"
"POINT (6.956446442000072 50.903456517000052)","Unfall 249994 (2019) Kat:3, Licht: 0","249994","3","2","2","10","17","6","1","0","0","1","0","0"
"POINT (6.951041862000068 50.921075165000047)","Unfall 249996 (2019) Kat:3, Licht: 0","249996","3","6","2","10","12","6","1","0","0","1","0","0"
"POINT (6.979949902000044 50.940933870000038)","Unfall 250028 (2019) Kat:3, Licht: 2","250028","3","6","2","10","22","2","0","2","0","1","0","0"
"POINT (6.897974394000073 50.946026062000044)","Unfall 250031 (2019) Kat:3, Licht: 0","250031","3","2","5","10","16","2","0","0","0","1","0","1"
"POINT (6.937221791000070 50.918771995000043)","Unfall 250044 (2019) Kat:3, Licht: 2","250044","3","2","6","10","07","2","1","2","0","1","1","0"
"POINT (6.978452631000039 50.936354118000054)","Unfall 250050 (2019) Kat:3, Licht: 0","250050","3","7","0","10","07","5","0","0","1","0","0","0"
"POINT (6.899848913000028 50.955553728000041)","Unfall 250051 (2019) Kat:3, Licht: 2","250051","3","2","6","10","19","5","1","2","0","1","1","0"
"POINT (6.941283354000063 50.909570280000025)","Unfall 250052 (2019) Kat:3, Licht: 2","250052","3","6","0","10","01","5","0","2","1","1","0","0"
"POINT (6.933553395000047 50.927292471000044)","Unfall 250055 (2019) Kat:3, Licht: 2","250055","3","5","1","10","06","2","1","2","1","1","0","0"
"POINT (6.956630284000028 50.947495304000029)","Unfall 250070 (2019) Kat:3, Licht: 0","250070","3","2","5","10","10","2","0","0","1","1","0","0"
"POINT (6.940751625000075 50.931146723000040)","Unfall 250078 (2019) Kat:2, Licht: 1","250078","2","1","0","10","06","2","1","1","1","0","0","0"
"POINT (6.943439600000033 50.971958080000036)","Unfall 250095 (2019) Kat:3, Licht: 0","250095","3","3","0","10","16","6","0","0","1","0","0","0"
"POINT (6.880124794000039 50.947242599000049)","Unfall 250104 (2019) Kat:3, Licht: 0","250104","3","3","5","10","08","6","0","0","1","1","0","0"
"POINT (6.964099666000038 50.911456462000046)","Unfall 250105 (2019) Kat:3, Licht: 2","250105","3","3","5","10","07","6","0","2","1","1","0","0"
"POINT (6.913232693000055 50.935922950000077)","Unfall 250106 (2019) Kat:2, Licht: 0","250106","2","3","0","10","08","6","0","0","1","1","0","0"
"POINT (6.953266611000061 50.941526185000043)","Unfall 250107 (2019) Kat:3, Licht: 0","250107","3","7","0","10","09","6","0","0","0","1","0","0"
"POINT (6.978366116000075 50.937028578000081)","Unfall 250175 (2019) Kat:3, Licht: 2","250175","3","7","8","10","00","5","0","2","0","1","0","0"
"POINT (6.998536176000073 50.961326826000061)","Unfall 250176 (2019) Kat:3, Licht: 0","250176","3","3","5","10","17","5","0","0","1","1","0","0"
"POINT (6.897052825000060 50.977626367000028)","Unfall 250177 (2019) Kat:2, Licht: 0","250177","2","4","6","10","13","5","0","0","0","1","1","0"
"POINT (6.907619131000047 50.950288387000057)","Unfall 250178 (2019) Kat:2, Licht: 0","250178","2","2","3","10","18","5","0","0","1","0","0","0"
"POINT (6.956527520000066 50.940478983000048)","Unfall 250179 (2019) Kat:3, Licht: 0","250179","3","4","6","10","16","5","0","0","1","0","1","0"
"POINT (6.942753731000039 50.932207226000060)","Unfall 250180 (2019) Kat:3, Licht: 0","250180","3","2","5","10","18","5","0","0","0","1","0","0"
"POINT (7.081345282000029 50.889150960000052)","Unfall 250232 (2019) Kat:3, Licht: 2","250232","3","4","6","10","06","4","1","2","0","1","1","0"
"POINT (6.999546904000056 50.934431796000069)","Unfall 250233 (2019) Kat:3, Licht: 0","250233","3","7","0","10","12","4","0","0","0","0","0","0"
"POINT (7.066161125000065 50.977932150000072)","Unfall 250234 (2019) Kat:3, Licht: 0","250234","3","3","5","10","08","4","1","0","1","1","0","0"
"POINT (6.943233506000070 50.985450103000062)","Unfall 250235 (2019) Kat:3, Licht: 0","250235","3","2","5","10","15","4","1","0","0","1","0","1"
"POINT (6.962356940000063 50.932660872000042)","Unfall 250236 (2019) Kat:3, Licht: 0","250236","3","3","5","10","08","4","0","0","1","1","0","0"
"POINT (6.958147777000022 50.922173276000080)","Unfall 250237 (2019) Kat:3, Licht: 2","250237","3","7","0","10","00","4","1","2","1","0","0","0"
"POINT (7.079343553000058 50.886517242000082)","Unfall 250306 (2019) Kat:3, Licht: 0","250306","3","2","4","10","10","3","1","0","0","1","0","1"
"POINT (7.094083638000029 50.858666728000060)","Unfall 250307 (2019) Kat:3, Licht: 2","250307","3","4","6","10","21","3","1","2","0","1","1","0"
"POINT (7.039730629000076 50.931394714000078)","Unfall 250308 (2019) Kat:3, Licht: 0","250308","3","7","6","10","12","3","1","0","0","1","1","0"
"POINT (6.961167726000042 50.952533145000075)","Unfall 250309 (2019) Kat:3, Licht: 0","250309","3","6","2","10","17","3","1","0","0","1","0","1"
"POINT (6.949143109000033 50.959747512000035)","Unfall 250310 (2019) Kat:3, Licht: 0","250310","3","5","1","10","13","3","1","0","1","1","0","0"
"POINT (6.983910150000042 50.969944186000077)","Unfall 250311 (2019) Kat:3, Licht: 0","250311","3","5","1","10","17","3","1","0","0","0","0","1"
"POINT (6.899953213000060 51.025000907000049)","Unfall 250312 (2019) Kat:2, Licht: 0","250312","2","4","0","10","16","3","1","0","0","1","1","0"
"POINT (6.868199451000066 50.928750839000031)","Unfall 250313 (2019) Kat:3, Licht: 0","250313","3","4","6","10","15","3","1","0","0","1","1","0"
"POINT (6.884915794000051 50.977272307000078)","Unfall 250314 (2019) Kat:3, Licht: 0","250314","3","3","5","10","17","3","1","0","1","1","0","0"
"POINT (6.907779964000042 50.945299374000058)","Unfall 250315 (2019) Kat:2, Licht: 2","250315","2","2","4","10","05","3","1","2","0","1","0","0"
"POINT (6.898237507000033 50.944469620000064)","Unfall 250316 (2019) Kat:3, Licht: 0","250316","3","3","5","10","18","3","1","0","1","1","0","0"
"POINT (6.941579146000038 50.910516565000080)","Unfall 250317 (2019) Kat:3, Licht: 1","250317","3","5","1","10","06","3","1","1","0","1","0","1"
"POINT (6.982524858000033 50.900867109000046)","Unfall 250318 (2019) Kat:3, Licht: 0","250318","3","6","0","10","15","3","1","0","0","1","0","0"
"POINT (6.957399619000057 50.904533645000072)","Unfall 250319 (2019) Kat:3, Licht: 0","250319","3","2","4","10","16","3","1","0","0","1","0","1"
"POINT (6.963026481000043 50.933739462000062)","Unfall 250320 (2019) Kat:3, Licht: 0","250320","3","6","2","10","08","3","1","0","0","1","0","0"
"POINT (6.943420029000038 50.946632982000040)","Unfall 250321 (2019) Kat:3, Licht: 0","250321","3","1","3","10","17","3","1","0","0","1","0","0"
"POINT (6.946619999000063 50.941066375000048)","Unfall 250322 (2019) Kat:3, Licht: 2","250322","3","4","6","10","19","3","0","2","0","1","1","0"
"POINT (7.087838295000040 50.944699335000053)","Unfall 250385 (2019) Kat:2, Licht: 0","250385","2","1","0","10","13","3","0","0","1","0","0","0"
"POINT (6.949836126000037 50.984735536000073)","Unfall 250386 (2019) Kat:3, Licht: 2","250386","3","3","5","10","21","3","1","2","0","1","0","0"
"POINT (6.832690283000034 50.959781594000049)","Unfall 250387 (2019) Kat:3, Licht: 0","250387","3","4","0","10","08","3","1","0","0","1","1","0"
"POINT (6.916274627000064 50.955322524000053)","Unfall 250388 (2019) Kat:3, Licht: 2","250388","3","2","0","10","21","3","1","2","0","1","1","0"