WKT,Name,OBJECTID,UKATEGORIE,UTYP1,UART,UMONAT,USTUNDE,UWOCHENTAG,STRZUSTAND,ULICHTVERH,ISTRAD,ISTPKW,ISTFUSS,ISTKRAD
"POINT (6.934948285000075 50.956530283000063)","Unfall 250389 (2019) Kat:2, Licht: 2","250389","2","4","6","10","19","3","1","2","0","1","1","0"
"POINT (6.896496843000023 50.989559339000039)","Unfall 250390 (2019) Kat:2, Licht: 0","250390","2","7","3","10","10","3","0","0","0","1","0","0"
"POINT (6.878150358000028 50.956727891000071)","Unfall 250391 (2019) Kat:3, Licht: 0","250391","3","2","8","10","12","3","0","0","1","1","0","0"
"POINT (6.943012439000029 50.944488521000039)","Unfall 250392 (2019) Kat:3, Licht: 0","250392","3","1","0","10","09","3","1","0","1","0","0","0"
"POINT (6.959243875000027 50.932669645000033)","Unfall 250393 (2019) Kat:3, Licht: 2","250393","3","4","6","10","00","3","0","2","1","0","1","0"
"POINT (7.075233726000022 50.893088641000077)","Unfall 250457 (2019) Kat:3, Licht: 0","250457","3","3","5","10","11","2","0","0","0","1","0","0"
"POINT (7.011002124000072 50.964363472000059)","Unfall 250458 (2019) Kat:2, Licht: 2","250458","2","5","1","10","20","2","0","2","0","1","0","1"
"POINT (6.929497322000032 50.941131147000078)","Unfall 250459 (2019) Kat:3, Licht: 0","250459","3","3","2","10","11","2","0","0","1","1","0","0"
"POINT (7.004025483000021 50.860049215000060)","Unfall 250460 (2019) Kat:3, Licht: 0","250460","3","3","5","10","14","2","0","0","1","1","0","0"
"POINT (6.952753664000056 50.950133240000071)","Unfall 250461 (2019) Kat:2, Licht: 1","250461","2","1","0","10","19","2","0","1","1","0","0","0"
"POINT (6.940934907000042 50.939362122000034)","Unfall 250462 (2019) Kat:3, Licht: 0","250462","3","5","1","10","17","2","0","0","1","1","0","0"
"POINT (7.018320782000046 50.933413054000027)","Unfall 250517 (2019) Kat:3, Licht: 2","250517","3","5","1","10","22","1","0","2","0","1","0","0"
"POINT (6.857393435000063 51.064859993000027)","Unfall 250518 (2019) Kat:3, Licht: 1","250518","3","4","6","10","19","1","0","1","1","0","1","0"
"POINT (6.939758768000047 50.992471575000081)","Unfall 250519 (2019) Kat:2, Licht: 0","250519","2","3","5","10","11","1","0","0","1","1","0","0"
"POINT (6.940620987000045 50.946503360000065)","Unfall 250520 (2019) Kat:2, Licht: 2","250520","2","1","0","10","00","1","0","2","0","0","0","0"
"POINT (7.013822982000022 50.906427275000055)","Unfall 250552 (2019) Kat:2, Licht: 2","250552","2","7","7","10","01","7","0","2","0","0","0","0"
"POINT (6.928973259000031 50.861234967000030)","Unfall 250553 (2019) Kat:2, Licht: 0","250553","2","7","1","10","10","7","0","0","1","1","0","0"
"POINT (6.967946216000030 50.912216610000030)","Unfall 250554 (2019) Kat:3, Licht: 0","250554","3","6","2","10","13","7","0","0","0","1","0","0"
"POINT (6.959797969000022 50.928574297000068)","Unfall 250555 (2019) Kat:3, Licht: 0","250555","3","5","1","10","17","7","0","0","0","1","0","0"
"POINT (6.998899543000050 50.922558211000080)","Unfall 250596 (2019) Kat:3, Licht: 0","250596","3","2","5","10","11","1","1","0","0","1","0","0"
"POINT (6.996306867000044 50.931435262000036)","Unfall 250597 (2019) Kat:2, Licht: 2","250597","2","7","0","10","01","1","1","2","0","0","0","0"
"POINT (7.001321460000042 50.950190357000054)","Unfall 250598 (2019) Kat:3, Licht: 2","250598","3","3","5","10","22","1","1","2","0","1","0","0"
"POINT (6.920974631000036 50.978515671000082)","Unfall 250599 (2019) Kat:3, Licht: 2","250599","3","3","5","10","21","1","1","2","0","1","0","0"
"POINT (6.937818897000057 50.934288063000054)","Unfall 250600 (2019) Kat:3, Licht: 2","250600","3","1","9","10","19","1","1","2","0","1","0","0"
"POINT (6.953364320000048 50.939012044000037)","Unfall 250601 (2019) Kat:3, Licht: 0","250601","3","1","0","10","12","1","1","0","0","0","0","1"
"POINT (6.986756713000034 50.948815493000041)","Unfall 250627 (2019) Kat:3, Licht: 0","250627","3","3","5","10","16","7","1","0","0","1","0","0"
"POINT (6.913661778000062 50.956352590000051)","Unfall 250629 (2019) Kat:3, Licht: 0","250629","3","2","5","10","17","7","1","0","0","1","0","0"
"POINT (6.964153033000059 50.905082466000067)","Unfall 250630 (2019) Kat:2, Licht: 0","250630","2","7","0","10","11","7","0","0","1","0","0","0"
"POINT (6.961108356000068 50.933695354000065)","Unfall 250631 (2019) Kat:2, Licht: 0","250631","2","1","0","10","12","7","1","0","1","0","0","0"
"POINT (7.056037758000059 50.888339588000065)","Unfall 250683 (2019) Kat:3, Licht: 0","250683","3","5","1","10","16","6","0","0","0","1","0","0"
"POINT (6.985861716000045 50.910700724000037)","Unfall 250684 (2019) Kat:3, Licht: 0","250684","3","7","0","10","16","6","1","0","1","0","1","0"
"POINT (6.906865480000022 51.037128448000033)","Unfall 250685 (2019) Kat:3, Licht: 0","250685","3","6","4","10","11","6","1","0","1","1","0","0"
"POINT (6.888449593000075 51.027006932000063)","Unfall 250686 (2019) Kat:2, Licht: 0","250686","2","5","1","10","15","6","1","0","0","1","0","0"
"POINT (6.904347668000071 50.959846669000058)","Unfall 250687 (2019) Kat:3, Licht: 2","250687","3","5","3","10","23","6","0","2","1","1","0","0"
"POINT (6.972026090000043 50.895947896000052)","Unfall 250688 (2019) Kat:3, Licht: 0","250688","3","1","0","10","17","6","1","0","1","0","0","0"
"POINT (6.973840983000059 50.898265195000079)","Unfall 250689 (2019) Kat:3, Licht: 0","250689","3","5","1","10","15","6","0","0","0","1","0","0"
"POINT (6.948283397000068 50.943059871000060)","Unfall 250690 (2019) Kat:3, Licht: 0","250690","3","5","1","10","08","6","0","0","1","1","0","0"
"POINT (7.077911149000045 50.893652294000049)","Unfall 250749 (2019) Kat:3, Licht: 2","250749","3","4","6","10","04","5","1","2","0","1","1","0"
"POINT (7.085860490000073 50.876366249000057)","Unfall 250750 (2019) Kat:3, Licht: 0","250750","3","3","5","10","14","5","1","0","1","1","0","0"
"POINT (7.135823589000040 50.882397156000081)","Unfall 250751 (2019) Kat:2, Licht: 0","250751","2","6","3","10","12","5","1","0","1","0","0","1"
"POINT (6.960970519000057 50.984541054000033)","Unfall 250752 (2019) Kat:3, Licht: 0","250752","3","3","5","10","14","5","1","0","1","1","0","0"
"POINT (6.960695452000039 51.022666053000080)","Unfall 250753 (2019) Kat:2, Licht: 2","250753","2","1","0","10","21","5","1","2","0","1","0","1"
"POINT (6.905616525000028 50.964150207000046)","Unfall 250754 (2019) Kat:3, Licht: 0","250754","3","3","5","10","17","5","1","0","1","1","0","0"
"POINT (6.964571462000038 50.903696795000030)","Unfall 250755 (2019) Kat:3, Licht: 0","250755","3","3","5","10","15","5","0","0","0","1","0","0"
"POINT (6.921356025000023 50.922133325000061)","Unfall 250756 (2019) Kat:3, Licht: 2","250756","3","1","1","10","19","5","1","2","1","1","0","0"
"POINT (6.963032034000037 50.947954949000064)","Unfall 250757 (2019) Kat:3, Licht: 0","250757","3","3","5","10","09","5","1","0","1","1","0","0"
"POINT (7.075231759000076 50.893088100000057)","Unfall 250821 (2019) Kat:2, Licht: 2","250821","2","2","6","10","19","4","1","2","0","1","1","0"
"POINT (6.939190977000067 50.958165629000064)","Unfall 250822 (2019) Kat:3, Licht: 2","250822","3","2","6","10","19","4","1","2","0","1","1","0"
"POINT (6.953723754000066 50.952548064000041)","Unfall 250823 (2019) Kat:3, Licht: 2","250823","3","5","1","10","18","4","1","2","1","1","0","0"
"POINT (6.931178657000032 50.940621482000040)","Unfall 250824 (2019) Kat:3, Licht: 2","250824","3","1","0","10","18","4","1","2","0","0","0","0"
"POINT (6.856428416000028 50.943545690000064)","Unfall 250825 (2019) Kat:3, Licht: 0","250825","3","6","1","10","12","4","1","0","1","1","0","0"
"POINT (6.912801236000064 50.967309813000043)","Unfall 250863 (2019) Kat:3, Licht: 0","250863","3","5","1","10","14","6","0","0","1","1","0","0"
"POINT (6.990643660000046 50.938811789000056)","Unfall 250899 (2019) Kat:3, Licht: 0","250899","3","1","0","10","12","5","0","0","0","0","0","0"
"POINT (7.043647554000074 50.992879158000051)","Unfall 250900 (2019) Kat:3, Licht: 0","250900","3","3","5","10","09","5","0","0","0","1","0","1"
"POINT (6.914458076000074 50.951656062000040)","Unfall 250901 (2019) Kat:3, Licht: 1","250901","3","2","5","10","19","5","0","1","1","1","0","0"
"POINT (6.972168801000066 50.872409705000052)","Unfall 250902 (2019) Kat:3, Licht: 0","250902","3","2","2","10","17","5","0","0","0","1","0","0"
"POINT (6.948404392000043 50.962002453000082)","Unfall 250918 (2019) Kat:3, Licht: 0","250918","3","7","0","10","16","6","0","0","0","0","1","1"
"POINT (6.933199943000034 50.913605983000082)","Unfall 250931 (2019) Kat:3, Licht: 0","250931","3","2","3","10","16","6","0","0","1","1","0","0"
"POINT (7.065213309000058 50.890965368000082)","Unfall 250959 (2019) Kat:3, Licht: 0","250959","3","2","5","10","16","4","0","0","1","1","0","0"
"POINT (6.941824860000054 50.958477656000071)","Unfall 250960 (2019) Kat:3, Licht: 0","250960","3","7","6","10","12","4","0","0","0","0","1","0"
"POINT (6.991173370000070 50.887212786000077)","Unfall 250961 (2019) Kat:3, Licht: 0","250961","3","7","1","10","08","4","0","0","0","1","0","0"
"POINT (6.890397276000044 50.980256216000043)","Unfall 250970 (2019) Kat:3, Licht: 0","250970","3","3","5","10","09","6","0","0","0","0","0","1"
"POINT (6.943319776000067 50.924756743000046)","Unfall 250983 (2019) Kat:3, Licht: 0","250983","3","4","6","10","14","6","0","0","1","0","1","0"
"POINT (7.117265759000077 50.877066086000070)","Unfall 251020 (2019) Kat:3, Licht: 2","251020","3","6","2","10","03","3","0","2","0","1","0","0"
"POINT (7.113557169000046 50.882022245000030)","Unfall 251021 (2019) Kat:3, Licht: 0","251021","3","7","0","10","14","3","0","0","0","1","0","0"
"POINT (6.998957975000053 50.946954062000032)","Unfall 251022 (2019) Kat:3, Licht: 2","251022","3","6","2","10","23","3","0","2","0","1","0","0"
"POINT (6.939790131000052 50.978238313000077)","Unfall 251023 (2019) Kat:3, Licht: 0","251023","3","3","5","10","09","3","0","0","1","1","0","0"
"POINT (7.019961035000051 50.900219855000046)","Unfall 251024 (2019) Kat:3, Licht: 0","251024","3","6","0","10","08","6","0","0","1","0","0","0"
"POINT (6.962860660000047 50.953536893000035)","Unfall 251025 (2019) Kat:3, Licht: 0","251025","3","6","3","10","12","3","0","0","1","1","0","0"
"POINT (6.831494627000041 50.940144681000049)","Unfall 251026 (2019) Kat:3, Licht: 0","251026","3","6","3","10","14","3","0","0","1","1","0","0"
"POINT (6.961880494000070 50.913722559000064)","Unfall 251036 (2019) Kat:3, Licht: 2","251036","3","4","6","10","21","6","0","2","0","1","1","0"
"POINT (7.064445137000064 50.882163905000027)","Unfall 251070 (2019) Kat:3, Licht: 0","251070","3","1","1","10","17","2","1","0","0","1","0","0"
"POINT (7.081344321000074 50.896106584000051)","Unfall 251071 (2019) Kat:3, Licht: 0","251071","3","7","2","10","10","2","0","0","0","1","0","0"
"POINT (7.024945803000037 50.958072059000074)","Unfall 251072 (2019) Kat:2, Licht: 0","251072","2","6","3","10","17","2","1","0","1","0","1","0"
"POINT (6.884840248000046 50.977417236000065)","Unfall 251073 (2019) Kat:3, Licht: 0","251073","3","2","2","10","16","2","0","0","0","1","0","0"
"POINT (6.950187599000060 50.936486040000034)","Unfall 251074 (2019) Kat:2, Licht: 0","251074","2","5","4","10","08","2","0","0","1","0","0","0"
"POINT (6.954786543000068 50.972657186000049)","Unfall 251075 (2019) Kat:3, Licht: 1","251075","3","4","0","10","07","6","0","1","0","1","1","0"
"POINT (6.953571022000062 50.941549955000028)","Unfall 251076 (2019) Kat:3, Licht: 2","251076","3","5","1","10","18","2","0","2","1","1","0","0"
"POINT (6.948594555000057 50.933812072000080)","Unfall 251088 (2019) Kat:3, Licht: 0","251088","3","7","5","10","18","6","0","0","1","1","0","0"
"POINT (6.951375362000022 50.964193039000065)","Unfall 251137 (2019) Kat:3, Licht: 0","251137","3","7","6","10","12","3","0","0","0","1","1","0"
"POINT (6.961700356000051 50.914467206000040)","Unfall 251138 (2019) Kat:3, Licht: 0","251138","3","3","5","10","13","3","0","0","1","1","0","0"
"POINT (6.934642836000023 50.927696334000075)","Unfall 251139 (2019) Kat:3, Licht: 1","251139","3","4","6","10","18","3","0","1","1","0","1","0"
"POINT (6.941836038000076 50.921804131000044)","Unfall 251140 (2019) Kat:3, Licht: 0","251140","3","5","0","10","07","3","0","0","1","1","0","0"
"POINT (6.946788616000049 50.935010216000080)","Unfall 251222 (2019) Kat:3, Licht: 0","251222","3","7","1","10","12","2","0","0","1","1","0","0"
"POINT (6.994195288000071 50.893009277000033)","Unfall 251264 (2019) Kat:3, Licht: 2","251264","3","1","0","10","00","1","0","2","1","0","0","0"
"POINT (6.960492525000063 50.943866983000078)","Unfall 251265 (2019) Kat:3, Licht: 0","251265","3","7","6","10","12","1","0","0","0","1","1","0"
"POINT (7.066351981000025 50.897054297000068)","Unfall 251304 (2019) Kat:3, Licht: 0","251304","3","2","5","10","13","7","0","0","1","1","0","0"
"POINT (6.915394561000028 50.917394579000074)","Unfall 251305 (2019) Kat:2, Licht: 0","251305","2","3","5","10","14","7","0","0","1","0","0","1"
"POINT (6.958010900000033 50.950847676000080)","Unfall 251306 (2019) Kat:2, Licht: 0","251306","2","7","0","10","11","7","0","0","0","0","0","0"
"POINT (6.958048798000050 50.926536834000046)","Unfall 251307 (2019) Kat:3, Licht: 0","251307","3","2","6","10","13","7","0","0","0","1","1","0"
"POINT (6.936312569000052 50.928586026000062)","Unfall 251308 (2019) Kat:3, Licht: 2","251308","3","3","5","10","23","7","0","2","0","1","0","0"
"POINT (6.954100947000029 50.948399786000039)","Unfall 251309 (2019) Kat:3, Licht: 2","251309","3","4","6","10","18","7","0","2","0","1","1","0"
"POINT (6.941572166000071 50.910488178000037)","Unfall 251385 (2019) Kat:2, Licht: 0","251385","2","5","1","11","09","1","1","0","0","1","0","1"
"POINT (6.948124350000057 50.993510157000060)","Unfall 251413 (2019) Kat:3, Licht: 0","251413","3","1","9","11","14","7","1","0","0","1","0","0"
"POINT (6.918332807000070 50.958686095000076)","Unfall 251414 (2019) Kat:3, Licht: 0","251414","3","1","0","11","12","7","0","0","1","0","0","0"
"POINT (6.897028210000030 50.977708126000039)","Unfall 251415 (2019) Kat:3, Licht: 0","251415","3","1","0","11","13","7","1","0","1","0","0","0"
"POINT (6.964533913000025 50.903788714000029)","Unfall 251416 (2019) Kat:3, Licht: 0","251416","3","6","2","11","11","7","1","0","0","1","0","0"
"POINT (7.120920442000056 50.879438478000054)","Unfall 251461 (2019) Kat:3, Licht: 1","251461","3","6","2","11","17","6","0","1","0","1","0","0"
"POINT (6.909980562000044 50.967367271000057)","Unfall 251462 (2019) Kat:3, Licht: 2","251462","3","7","2","11","17","6","1","2","1","1","0","0"
"POINT (6.933869273000028 50.927396028000032)","Unfall 251463 (2019) Kat:3, Licht: 2","251463","3","1","0","11","20","6","0","2","1","0","0","0"
"POINT (7.057514801000025 50.907986670000071)","Unfall 251508 (2019) Kat:3, Licht: 0","251508","3","2","2","10","15","5","0","0","0","1","0","1"
"POINT (6.998848854000073 50.938566403000038)","Unfall 251510 (2019) Kat:3, Licht: 2","251510","3","3","5","10","19","5","0","2","1","1","0","0"
"POINT (6.934797999000068 51.025764111000058)","Unfall 251511 (2019) Kat:3, Licht: 2","251511","3","1","8","10","17","5","0","2","0","1","0","0"
"POINT (6.902391639000030 50.998622176000026)","Unfall 251512 (2019) Kat:2, Licht: 2","251512","2","2","5","10","19","5","0","2","0","1","0","0"
"POINT (6.968915958000025 50.963679875000082)","Unfall 251513 (2019) Kat:3, Licht: 2","251513","3","6","4","10","18","5","0","2","1","1","0","0"
"POINT (6.854283167000062 50.921357948000036)","Unfall 251514 (2019) Kat:2, Licht: 0","251514","2","2","5","10","13","5","0","0","0","1","0","1"
"POINT (6.878880094000067 50.976567282000076)","Unfall 251515 (2019) Kat:2, Licht: 0","251515","2","3","5","10","16","5","0","0","1","1","0","0"
"POINT (6.936781787000030 50.962412312000026)","Unfall 251516 (2019) Kat:2, Licht: 2","251516","2","2","6","10","17","5","0","2","0","1","1","0"
"POINT (6.898057808000033 50.957380551000028)","Unfall 251517 (2019) Kat:3, Licht: 0","251517","3","3","5","10","12","5","0","0","1","0","0","0"
"POINT (7.029676486000028 50.875873725000076)","Unfall 251518 (2019) Kat:3, Licht: 2","251518","3","7","0","10","19","5","0","2","0","1","0","0"
"POINT (7.057840214000066 50.908670440000037)","Unfall 251599 (2019) Kat:3, Licht: 2","251599","3","4","6","10","20","4","0","2","0","1","1","0"
"POINT (7.036629633000075 50.933582038000054)","Unfall 251600 (2019) Kat:3, Licht: 2","251600","3","4","6","10","22","4","0","2","0","1","1","0"
"POINT (7.011333728000068 50.943374689000052)","Unfall 251602 (2019) Kat:3, Licht: 0","251602","3","7","0","10","13","4","0","0","1","0","0","0"
"POINT (6.888423290000048 50.971524552000062)","Unfall 251603 (2019) Kat:3, Licht: 0","251603","3","6","2","10","07","4","0","0","0","1","0","0"
"POINT (6.925254297000038 50.946031992000030)","Unfall 251604 (2019) Kat:3, Licht: 0","251604","3","1","0","10","17","4","0","0","0","0","0","0"
"POINT (6.907716303000029 50.925190530000066)","Unfall 251605 (2019) Kat:3, Licht: 0","251605","3","6","2","10","17","4","0","0","1","1","0","0"
"POINT (6.924055255000042 50.935509535000051)","Unfall 251606 (2019) Kat:3, Licht: 2","251606","3","3","5","10","17","4","0","2","1","1","0","0"
"POINT (6.961780027000032 50.943324319000055)","Unfall 251607 (2019) Kat:3, Licht: 1","251607","3","7","6","10","18","4","0","1","0","1","1","0"
"POINT (6.966669385000046 50.950389026000039)","Unfall 251609 (2019) Kat:3, Licht: 0","251609","3","1","4","10","08","4","0","0","1","1","0","0"
"POINT (7.061981651000053 50.896979180000073)","Unfall 251661 (2019) Kat:3, Licht: 1","251661","3","2","6","11","16","4","1","1","0","1","1","0"
"POINT (7.059470238000074 50.974724821000052)","Unfall 251662 (2019) Kat:3, Licht: 0","251662","3","2","5","11","10","4","1","0","1","1","0","0"
"POINT (7.009915593000073 50.952213091000033)","Unfall 251664 (2019) Kat:3, Licht: 2","251664","3","6","1","11","21","4","1","2","0","1","0","0"
"POINT (6.846436712000070 50.947570378000080)","Unfall 251665 (2019) Kat:3, Licht: 2","251665","3","3","5","11","05","4","1","2","1","1","0","0"
"POINT (6.958402375000048 50.905704403000072)","Unfall 251666 (2019) Kat:3, Licht: 2","251666","3","1","0","11","22","4","1","2","0","0","0","1"
"POINT (6.933555009000031 50.927293034000058)","Unfall 251667 (2019) Kat:3, Licht: 2","251667","3","1","0","11","17","4","1","2","1","0","0","0"
"POINT (6.955674396000063 50.927430852000043)","Unfall 251668 (2019) Kat:3, Licht: 0","251668","3","2","6","11","16","4","1","0","0","1","1","0"
"POINT (6.953325732000053 50.944756179000080)","Unfall 251669 (2019) Kat:3, Licht: 0","251669","3","1","9","11","11","4","1","0","0","1","0","0"
"POINT (6.950405409000041 50.940525833000038)","Unfall 251670 (2019) Kat:3, Licht: 2","251670","3","4","6","11","06","4","1","2","0","1","1","0"
"POINT (6.941505269000061 50.941669268000055)","Unfall 251671 (2019) Kat:3, Licht: 0","251671","3","2","6","11","11","4","1","0","0","1","1","0"
"POINT (6.939971669000045 50.940549875000045)","Unfall 251672 (2019) Kat:3, Licht: 2","251672","3","3","5","11","19","4","1","2","1","1","0","0"
"POINT (6.959738704000074 50.940521421000028)","Unfall 251754 (2019) Kat:3, Licht: 0","251754","3","6","2","11","08","3","0","0","0","1","0","0"
"POINT (6.953464671000063 50.974016308000046)","Unfall 251755 (2019) Kat:3, Licht: 0","251755","3","1","7","11","07","3","1","0","1","0","0","0"
"POINT (6.909676727000033 50.954158112000073)","Unfall 251756 (2019) Kat:3, Licht: 2","251756","3","1","0","11","19","3","1","2","0","0","0","1"
"POINT (6.882305325000061 50.932682139000065)","Unfall 251757 (2019) Kat:2, Licht: 0","251757","2","7","0","11","16","3","1","0","1","0","0","0"
"POINT (6.905539993000048 50.966173640000079)","Unfall 251758 (2019) Kat:3, Licht: 0","251758","3","5","1","11","11","3","0","0","1","1","0","0"
"POINT (6.919229075000033 50.954143676000058)","Unfall 251759 (2019) Kat:3, Licht: 1","251759","3","6","2","11","17","3","1","1","0","1","0","0"
"POINT (6.937045420000061 50.918863287000079)","Unfall 251760 (2019) Kat:3, Licht: 2","251760","3","6","2","11","18","3","0","2","0","1","0","0"
"POINT (6.953361175000055 50.939747387000068)","Unfall 251761 (2019) Kat:3, Licht: 0","251761","3","6","1","11","08","3","1","0","0","1","0","0"
"POINT (6.953476127000045 50.945446066000045)","Unfall 251762 (2019) Kat:3, Licht: 2","251762","3","3","5","11","21","3","1","2","1","1","0","0"
"POINT (6.947562289000075 50.936401595000063)","Unfall 251763 (2019) Kat:3, Licht: 0","251763","3","2","2","11","16","3","1","0","0","1","0","0"
"POINT (7.086153671000034 50.857385472000033)","Unfall 251865 (2019) Kat:3, Licht: 1","251865","3","3","5","11","19","2","1","1","0","1","0","0"
"POINT (7.067134184000054 50.871394420000058)","Unfall 251866 (2019) Kat:2, Licht: 0","251866","2","6","4","11","15","2","1","0","0","1","0","0"
"POINT (6.985867851000023 50.910695272000055)","Unfall 251868 (2019) Kat:3, Licht: 2","251868","3","7","7","11","17","2","1","2","1","0","0","0"
"POINT (7.055091487000027 50.964396012000066)","Unfall 251869 (2019) Kat:3, Licht: 0","251869","3","1","0","11","08","2","1","0","0","0","0","1"
"POINT (6.888261831000023 51.013473199000032)","Unfall 251870 (2019) Kat:3, Licht: 0","251870","3","3","5","11","07","2","1","0","1","1","0","0"
"POINT (6.912879658000065 50.953919496000026)","Unfall 251871 (2019) Kat:3, Licht: 1","251871","3","1","0","11","07","2","1","1","1","0","0","0"
"POINT (6.993691178000063 50.873186295000039)","Unfall 251872 (2019) Kat:3, Licht: 2","251872","3","2","5","11","18","2","1","2","0","1","0","1"
"POINT (6.962989371000049 50.911087697000028)","Unfall 251873 (2019) Kat:3, Licht: 0","251873","3","7","6","11","15","2","1","0","0","1","1","0"
"POINT (6.939698134000025 50.911286582000059)","Unfall 251875 (2019) Kat:2, Licht: 0","251875","2","1","0","11","10","2","0","0","1","0","0","0"
"POINT (6.936648098000035 50.928780087000064)","Unfall 251876 (2019) Kat:3, Licht: 0","251876","3","1","0","11","15","2","1","0","1","0","0","0"
"POINT (6.986578518000044 50.938076188000082)","Unfall 251893 (2019) Kat:3, Licht: 2","251893","3","7","3","11","17","2","1","2","0","1","0","0"
"POINT (6.957697344000053 50.904881422000074)","Unfall 251903 (2019) Kat:3, Licht: 1","251903","3","2","5","11","15","2","0","1","0","1","0","0"
"POINT (6.908113218000040 50.931214829000055)","Unfall 251906 (2019) Kat:3, Licht: 0","251906","3","6","3","11","12","2","0","0","0","1","0","0"
"POINT (6.951885104000041 50.898128390000068)","Unfall 251911 (2019) Kat:2, Licht: 2","251911","2","1","6","11","18","2","1","2","0","1","1","0"
"POINT (6.938020964000032 50.937088769000070)","Unfall 251920 (2019) Kat:3, Licht: 2","251920","3","7","0","11","16","2","1","2","0","0","0","0"
"POINT (6.939568788000031 50.938986282000030)","Unfall 251929 (2019) Kat:3, Licht: 2","251929","3","1","0","11","23","2","1","2","0","0","0","0"
"POINT (6.954149240000049 50.931705290000082)","Unfall 251942 (2019) Kat:2, Licht: 2","251942","2","4","6","11","19","2","1","2","0","1","1","0"
"POINT (7.003118640000025 50.961515123000027)","Unfall 251943 (2019) Kat:3, Licht: 0","251943","3","4","6","11","16","1","0","0","0","1","1","0"
"POINT (6.967319718000056 50.893081010000060)","Unfall 251944 (2019) Kat:3, Licht: 2","251944","3","1","9","11","01","1","0","2","0","1","0","0"
"POINT (6.951673369000048 50.942468639000026)","Unfall 251945 (2019) Kat:3, Licht: 2","251945","3","7","0","11","03","1","0","2","0","0","0","0"
"POINT (6.857178355000031 51.060183931000040)","Unfall 251949 (2019) Kat:2, Licht: 2","251949","2","4","6","11","17","2","1","2","0","1","1","0"
"POINT (6.942728378000027 50.925602938000054)","Unfall 251952 (2019) Kat:3, Licht: 0","251952","3","3","5","11","15","2","0","0","1","1","0","0"
"POINT (7.001779002000035 50.841208481000081)","Unfall 251991 (2019) Kat:3, Licht: 2","251991","3","4","6","11","18","7","0","2","0","1","1","0"
"POINT (7.028130446000034 50.936548829000060)","Unfall 251992 (2019) Kat:3, Licht: 0","251992","3","7","5","11","11","7","0","0","0","1","0","0"
"POINT (6.996959017000052 50.937329851000072)","Unfall 251993 (2019) Kat:2, Licht: 0","251993","2","3","5","11","10","7","1","0","1","1","0","0"
"POINT (7.020180472000050 50.937940759000071)","Unfall 251994 (2019) Kat:3, Licht: 0","251994","3","4","6","11","15","7","1","0","0","1","1","0"
"POINT (7.037935214000072 50.969400523000047)","Unfall 251995 (2019) Kat:3, Licht: 0","251995","3","2","5","11","12","7","0","0","0","1","0","0"
"POINT (6.900708919000067 51.017997129000037)","Unfall 252053 (2019) Kat:2, Licht: 2","252053","2","4","6","11","06","6","1","2","0","1","1","0"
"POINT (6.923816332000058 50.944287554000027)","Unfall 252054 (2019) Kat:3, Licht: 0","252054","3","4","6","11","15","6","0","0","0","1","1","0"
"POINT (6.832300555000074 50.960009221000064)","Unfall 252055 (2019) Kat:2, Licht: 0","252055","2","5","1","11","14","6","0","0","1","1","0","0"
"POINT (7.027989060000039 50.875467377000064)","Unfall 252056 (2019) Kat:3, Licht: 2","252056","3","7","6","11","05","6","0","2","0","0","1","0"
"POINT (6.961439561000020 50.916338859000064)","Unfall 252057 (2019) Kat:3, Licht: 0","252057","3","5","1","11","13","6","0","0","1","1","0","0"
"POINT (6.909299517000022 50.988332153000044)","Unfall 252062 (2019) Kat:3, Licht: 0","252062","3","4","6","11","08","2","0","0","0","1","1","0"
"POINT (7.069154196000056 50.883711274000063)","Unfall 252148 (2019) Kat:3, Licht: 2","252148","3","7","7","11","18","5","0","2","1","0","0","0"
"POINT (6.985869175000062 50.910694095000053)","Unfall 252149 (2019) Kat:3, Licht: 0","252149","3","4","6","11","08","5","0","0","0","1","1","0"
"POINT (7.012783255000045 50.959154973000068)","Unfall 252150 (2019) Kat:2, Licht: 2","252150","2","7","0","11","23","5","1","2","1","1","0","0"
"POINT (6.902387974000021 50.977522471000043)","Unfall 252151 (2019) Kat:3, Licht: 0","252151","3","2","5","11","07","5","0","0","0","1","0","1"
"POINT (6.885957842000039 50.947349264000081)","Unfall 252152 (2019) Kat:2, Licht: 2","252152","2","2","6","11","17","5","1","2","0","1","1","0"
"POINT (6.980510555000024 50.903951708000079)","Unfall 252154 (2019) Kat:3, Licht: 2","252154","3","6","1","11","17","5","1","2","0","1","0","0"
"POINT (6.993104235000033 50.892447321000077)","Unfall 252155 (2019) Kat:3, Licht: 0","252155","3","6","2","11","13","5","1","0","0","1","0","0"
"POINT (6.950249924000048 50.938005556000064)","Unfall 252156 (2019) Kat:3, Licht: 0","252156","3","6","6","11","10","5","1","0","0","0","1","0"
"POINT (6.950203133000059 50.919671822000055)","Unfall 252157 (2019) Kat:3, Licht: 2","252157","3","7","0","11","20","5","1","2","1","0","0","0"
"POINT (7.056323484000075 50.874870383000030)","Unfall 252187 (2019) Kat:3, Licht: 0","252187","3","6","2","11","14","5","0","0","0","1","0","1"
"POINT (6.886739247000037 50.947247042000072)","Unfall 252188 (2019) Kat:3, Licht: 0","252188","3","1","0","11","15","5","0","0","0","0","0","1"