WKT,Name,OBJECTID,UKATEGORIE,UTYP1,UART,UMONAT,USTUNDE,UWOCHENTAG,STRZUSTAND,ULICHTVERH,ISTRAD,ISTPKW,ISTFUSS,ISTKRAD
"POINT (6.897157340000035 50.975140458000055)","Unfall 252189 (2019) Kat:3, Licht: 0","252189","3","7","6","11","11","5","0","0","0","0","1","0"
"POINT (6.964689823000072 50.903369328000053)","Unfall 252190 (2019) Kat:3, Licht: 0","252190","3","2","5","11","11","5","0","0","1","1","0","0"
"POINT (6.948252188000026 50.909802343000081)","Unfall 252191 (2019) Kat:3, Licht: 0","252191","3","7","1","11","07","5","1","0","1","1","0","0"
"POINT (6.923289372000056 50.918270570000061)","Unfall 252192 (2019) Kat:3, Licht: 0","252192","3","3","4","11","10","5","0","0","1","0","0","0"
"POINT (6.907344937000062 50.921591371000034)","Unfall 252193 (2019) Kat:3, Licht: 0","252193","3","2","5","11","12","5","0","0","1","1","0","0"
"POINT (6.957896169000037 50.925629736000076)","Unfall 252194 (2019) Kat:2, Licht: 0","252194","2","5","1","11","13","5","0","0","1","1","0","0"
"POINT (6.970715905000077 50.957960652000054)","Unfall 252260 (2019) Kat:3, Licht: 1","252260","3","4","6","11","17","4","0","1","0","1","1","0"
"POINT (6.926256206000062 51.045621065000034)","Unfall 252261 (2019) Kat:2, Licht: 1","252261","2","1","8","11","18","4","0","1","0","1","0","0"
"POINT (6.902387974000021 50.977522471000043)","Unfall 252262 (2019) Kat:3, Licht: 2","252262","3","3","5","11","06","4","1","2","0","1","0","0"
"POINT (6.911919458000057 50.945072425000035)","Unfall 252263 (2019) Kat:2, Licht: 0","252263","2","4","6","11","16","4","0","0","1","0","1","0"
"POINT (6.897637125000074 50.952743636000037)","Unfall 252264 (2019) Kat:3, Licht: 2","252264","3","2","5","11","17","4","0","2","0","1","0","0"
"POINT (6.876003233000063 50.949894735000044)","Unfall 252265 (2019) Kat:3, Licht: 0","252265","3","1","6","11","15","4","0","0","0","0","1","0"
"POINT (6.937102934000052 50.918833518000042)","Unfall 252267 (2019) Kat:2, Licht: 0","252267","2","5","0","11","09","4","1","0","1","1","0","0"
"POINT (6.933207901000060 50.913603158000058)","Unfall 252268 (2019) Kat:3, Licht: 0","252268","3","2","5","11","13","4","0","0","1","0","0","1"
"POINT (6.960581546000071 50.981373534000056)","Unfall 252343 (2019) Kat:2, Licht: 0","252343","2","1","0","11","11","3","1","0","0","0","0","1"
"POINT (6.933744625000031 50.964591984000037)","Unfall 252344 (2019) Kat:2, Licht: 2","252344","2","3","5","11","18","3","1","2","1","1","0","0"
"POINT (6.913916201000063 50.996279640000068)","Unfall 252345 (2019) Kat:3, Licht: 2","252345","3","2","2","11","18","3","1","2","0","1","0","0"
"POINT (6.910355031000051 50.963689104000082)","Unfall 252346 (2019) Kat:3, Licht: 2","252346","3","1","7","11","03","3","0","2","0","1","0","0"
"POINT (6.945542867000029 50.910384691000047)","Unfall 252347 (2019) Kat:3, Licht: 0","252347","3","6","2","11","16","3","1","0","1","1","0","0"
"POINT (6.943582130000038 50.940778664000050)","Unfall 252348 (2019) Kat:3, Licht: 2","252348","3","7","0","11","02","3","1","2","0","0","0","0"
"POINT (7.017005412000060 50.928250528000035)","Unfall 252425 (2019) Kat:3, Licht: 2","252425","3","7","0","11","22","6","0","2","1","0","0","0"
"POINT (6.956296049000059 50.932794214000069)","Unfall 252426 (2019) Kat:3, Licht: 2","252426","3","6","0","11","21","6","0","2","0","1","0","0"
"POINT (7.061944926000024 50.896955437000031)","Unfall 252443 (2019) Kat:3, Licht: 2","252443","3","2","5","11","20","3","1","2","1","1","0","0"
"POINT (7.005969683000046 50.923053240000058)","Unfall 252444 (2019) Kat:3, Licht: 1","252444","3","1","7","11","16","3","1","1","1","0","0","0"
"POINT (7.003469216000042 50.962513752000064)","Unfall 252445 (2019) Kat:3, Licht: 0","252445","3","7","6","11","14","3","1","0","0","1","1","0"
"POINT (6.920248523000055 50.924705047000032)","Unfall 252446 (2019) Kat:3, Licht: 2","252446","3","1","0","11","19","3","1","2","0","0","0","1"
"POINT (6.935433628000055 50.919659922000051)","Unfall 252447 (2019) Kat:2, Licht: 2","252447","2","7","5","11","19","3","0","2","1","1","0","0"
"POINT (6.918980448000070 50.912062319000029)","Unfall 252448 (2019) Kat:3, Licht: 0","252448","3","1","0","11","15","3","1","0","1","0","0","0"
"POINT (6.945836200000031 50.946499261000042)","Unfall 252449 (2019) Kat:2, Licht: 0","252449","2","2","5","11","11","3","1","0","1","1","0","0"
"POINT (7.055552848000048 50.912533200000041)","Unfall 252512 (2019) Kat:3, Licht: 2","252512","3","3","5","11","06","2","1","2","1","1","0","0"
"POINT (7.021452906000036 50.928444021000075)","Unfall 252513 (2019) Kat:3, Licht: 2","252513","3","5","1","11","06","2","1","2","0","1","0","0"
"POINT (7.009786095000038 50.950519889000077)","Unfall 252514 (2019) Kat:3, Licht: 2","252514","3","2","6","11","21","2","1","2","0","1","1","0"
"POINT (6.918049761000020 50.988663054000028)","Unfall 252515 (2019) Kat:2, Licht: 1","252515","2","2","5","11","17","2","1","1","0","1","0","1"
"POINT (6.936744952000026 51.024850738000055)","Unfall 252516 (2019) Kat:2, Licht: 2","252516","2","2","5","11","16","2","1","2","0","1","0","1"
"POINT (6.960123087000056 50.977305804000082)","Unfall 252517 (2019) Kat:3, Licht: 1","252517","3","6","2","11","15","2","1","1","0","1","0","0"
"POINT (6.898631829000067 50.942148418000045)","Unfall 252518 (2019) Kat:3, Licht: 2","252518","3","2","3","11","19","2","1","2","1","1","0","0"
"POINT (6.953778374000024 50.900333107000051)","Unfall 252519 (2019) Kat:3, Licht: 2","252519","3","2","6","11","17","2","1","2","0","1","1","0"
"POINT (6.945750652000072 50.909957504000033)","Unfall 252520 (2019) Kat:3, Licht: 1","252520","3","2","6","11","08","2","1","1","0","1","1","0"
"POINT (6.937223182000025 50.918771275000040)","Unfall 252521 (2019) Kat:2, Licht: 2","252521","2","2","4","11","07","2","1","2","0","1","0","1"
"POINT (6.927618267000071 50.895863428000041)","Unfall 252522 (2019) Kat:3, Licht: 2","252522","3","2","5","11","17","2","1","2","0","1","0","0"
"POINT (6.971222520000026 50.941880991000062)","Unfall 252588 (2019) Kat:3, Licht: 2","252588","3","7","6","11","19","1","1","2","0","1","1","0"
"POINT (6.947034605000056 51.002886980000028)","Unfall 252589 (2019) Kat:3, Licht: 2","252589","3","1","0","11","20","1","1","2","0","1","0","0"
"POINT (6.911164882000037 50.950260785000069)","Unfall 252590 (2019) Kat:3, Licht: 2","252590","3","7","8","11","04","1","0","2","1","0","0","0"
"POINT (6.962484227000061 50.910948023000060)","Unfall 252591 (2019) Kat:3, Licht: 2","252591","3","2","4","11","21","1","1","2","1","1","0","0"
"POINT (6.918552695000074 50.923137695000037)","Unfall 252592 (2019) Kat:2, Licht: 2","252592","2","3","5","11","16","1","1","2","1","0","0","0"
"POINT (6.886753951000060 50.969225118000054)","Unfall 252622 (2019) Kat:3, Licht: 0","252622","3","5","1","11","13","7","0","0","1","1","0","0"
"POINT (6.995034482000051 50.883955559000071)","Unfall 252623 (2019) Kat:2, Licht: 2","252623","2","7","6","11","23","7","0","2","0","0","1","0"
"POINT (6.914503060000072 50.908163489000060)","Unfall 252624 (2019) Kat:2, Licht: 2","252624","2","4","6","11","02","7","0","2","0","0","1","0"
"POINT (6.950458243000071 50.918616697000061)","Unfall 252625 (2019) Kat:3, Licht: 0","252625","3","7","6","11","08","7","0","0","1","0","1","0"
"POINT (6.950266348000071 50.938061497000035)","Unfall 252626 (2019) Kat:3, Licht: 0","252626","3","7","1","11","14","7","0","0","0","1","0","1"
"POINT (6.950971193000044 50.942561321000028)","Unfall 252627 (2019) Kat:3, Licht: 0","252627","3","2","5","11","12","7","0","0","0","1","0","1"
"POINT (7.071373235000067 50.892165037000041)","Unfall 252666 (2019) Kat:3, Licht: 0","252666","3","6","3","11","07","6","0","0","1","0","0","0"
"POINT (6.967334301000051 50.892945139000062)","Unfall 252667 (2019) Kat:2, Licht: 0","252667","2","6","2","11","10","6","0","0","0","1","0","0"
"POINT (6.939426581000021 50.917825992000076)","Unfall 252668 (2019) Kat:3, Licht: 0","252668","3","1","0","11","14","6","0","0","0","0","0","1"
"POINT (6.935576267000045 50.942277894000028)","Unfall 252669 (2019) Kat:3, Licht: 1","252669","3","2","5","11","16","6","0","1","1","1","0","0"
"POINT (6.973406763000071 50.905048300000033)","Unfall 252671 (2019) Kat:3, Licht: 0","252671","3","3","5","11","11","6","0","0","0","1","0","0"
"POINT (6.944182136000052 50.935939427000051)","Unfall 252672 (2019) Kat:3, Licht: 0","252672","3","3","5","11","13","6","0","0","0","1","0","0"
"POINT (6.890666165000027 50.946777242000053)","Unfall 252673 (2019) Kat:3, Licht: 0","252673","3","2","5","11","11","6","0","0","1","1","0","0"
"POINT (7.002596638000057 50.869597981000027)","Unfall 252675 (2019) Kat:3, Licht: 0","252675","3","2","5","11","16","6","0","0","1","1","0","0"
"POINT (6.992867590000060 50.936775844000067)","Unfall 252680 (2019) Kat:3, Licht: 0","252680","3","2","5","11","13","7","0","0","1","1","0","0"
"POINT (6.893890998000074 50.990789308000046)","Unfall 252681 (2019) Kat:2, Licht: 0","252681","2","2","5","11","10","7","0","0","0","1","0","0"
"POINT (6.953242429000056 50.938368337000043)","Unfall 252682 (2019) Kat:3, Licht: 0","252682","3","4","6","11","19","7","1","0","1","1","1","0"
"POINT (6.950480801000026 50.939455805000080)","Unfall 252683 (2019) Kat:3, Licht: 0","252683","3","4","6","11","20","7","0","0","0","1","1","0"
"POINT (6.953500852000047 50.940956058000040)","Unfall 252684 (2019) Kat:3, Licht: 0","252684","3","1","1","11","12","7","0","0","0","1","0","0"
"POINT (7.044808429000057 50.866043889000082)","Unfall 252728 (2019) Kat:3, Licht: 0","252728","3","2","3","11","12","6","1","0","1","1","0","0"
"POINT (6.970152806000044 50.967146725000077)","Unfall 252729 (2019) Kat:3, Licht: 0","252729","3","5","0","11","14","6","0","0","1","1","0","0"
"POINT (6.968841950000069 50.976565616000073)","Unfall 252730 (2019) Kat:3, Licht: 0","252730","3","3","5","11","07","6","1","0","1","1","0","0"
"POINT (6.914308202000029 50.996769370000038)","Unfall 252731 (2019) Kat:3, Licht: 2","252731","3","4","0","11","17","6","1","2","0","1","1","0"
"POINT (6.900734724000074 50.934388833000071)","Unfall 252732 (2019) Kat:2, Licht: 0","252732","2","1","0","11","07","6","1","0","0","0","0","1"
"POINT (6.995602889000054 50.892554287000053)","Unfall 252733 (2019) Kat:3, Licht: 0","252733","3","3","5","11","11","6","0","0","0","1","0","0"
"POINT (7.015014947000054 50.870749710000041)","Unfall 252734 (2019) Kat:2, Licht: 0","252734","2","7","0","11","10","6","1","0","1","0","0","0"
"POINT (6.952276220000044 50.923169971000050)","Unfall 252735 (2019) Kat:3, Licht: 0","252735","3","6","2","11","10","6","0","0","0","1","0","0"
"POINT (7.001473359000045 50.942731389000073)","Unfall 252801 (2019) Kat:3, Licht: 2","252801","3","5","3","11","20","5","1","2","0","1","0","1"
"POINT (7.010582949000025 50.974082068000030)","Unfall 252802 (2019) Kat:3, Licht: 2","252802","3","4","6","11","18","5","0","2","0","1","1","0"
"POINT (7.006779422000022 50.970975853000027)","Unfall 252803 (2019) Kat:3, Licht: 0","252803","3","3","5","11","08","5","0","0","0","1","0","0"
"POINT (6.853224976000035 50.935494700000049)","Unfall 252804 (2019) Kat:3, Licht: 0","252804","3","2","5","11","08","5","1","0","1","1","0","0"
"POINT (6.972990292000077 50.870068926000044)","Unfall 252805 (2019) Kat:3, Licht: 0","252805","3","6","2","11","15","5","0","0","0","1","0","1"
"POINT (6.969783703000076 50.913363993000075)","Unfall 252806 (2019) Kat:2, Licht: 2","252806","2","3","0","11","18","5","1","2","1","1","0","0"
"POINT (6.929046418000041 50.924719669000069)","Unfall 252807 (2019) Kat:3, Licht: 0","252807","3","6","6","11","08","5","0","0","1","0","1","0"
"POINT (6.920174054000029 50.921703129000036)","Unfall 252808 (2019) Kat:2, Licht: 0","252808","2","5","1","11","16","5","0","0","1","1","0","0"
"POINT (6.941305275000048 50.909534762000078)","Unfall 252809 (2019) Kat:3, Licht: 0","252809","3","2","2","11","15","5","0","0","1","1","0","0"
"POINT (6.950464179000051 50.918613656000048)","Unfall 252810 (2019) Kat:3, Licht: 1","252810","3","1","0","11","08","5","2","1","1","0","0","0"
"POINT (6.937821018000022 50.935348883000074)","Unfall 252811 (2019) Kat:3, Licht: 0","252811","3","3","5","11","14","5","0","0","1","1","0","0"
"POINT (7.101362927000025 50.872640620000027)","Unfall 252872 (2019) Kat:3, Licht: 0","252872","3","5","0","11","08","4","0","0","0","1","0","0"
"POINT (6.975583593000067 50.931961346000037)","Unfall 252873 (2019) Kat:3, Licht: 0","252873","3","6","0","11","12","4","0","0","1","0","0","0"
"POINT (7.007878601000073 50.959838786000034)","Unfall 252874 (2019) Kat:3, Licht: 0","252874","3","6","2","11","14","4","0","0","0","1","0","0"
"POINT (6.946699680000052 50.969614744000069)","Unfall 252875 (2019) Kat:3, Licht: 0","252875","3","5","3","11","13","4","1","0","1","1","0","0"
"POINT (6.918143137000072 51.031209904000036)","Unfall 252876 (2019) Kat:3, Licht: 1","252876","3","3","5","11","07","4","0","1","0","1","0","0"
"POINT (6.907862380000040 50.943199162000042)","Unfall 252877 (2019) Kat:3, Licht: 2","252877","3","2","4","11","18","4","0","2","1","1","0","0"
"POINT (6.911353531000032 50.933027359000050)","Unfall 252878 (2019) Kat:3, Licht: 2","252878","3","7","0","11","17","4","0","2","1","0","1","0"
"POINT (7.047588055000063 50.931500347000053)","Unfall 252969 (2019) Kat:3, Licht: 2","252969","3","2","5","11","17","1","0","2","1","1","0","0"
"POINT (6.977920691000065 50.936360716000081)","Unfall 252978 (2019) Kat:3, Licht: 0","252978","3","2","5","11","08","4","0","0","1","1","0","0"
"POINT (6.949729138000066 50.985071229000027)","Unfall 252979 (2019) Kat:3, Licht: 0","252979","3","5","1","11","08","4","0","0","1","0","0","0"
"POINT (6.936964361000037 50.971181487000081)","Unfall 252980 (2019) Kat:3, Licht: 0","252980","3","1","0","11","09","4","1","0","1","0","0","0"
"POINT (6.959581628000024 50.976291618000062)","Unfall 252981 (2019) Kat:3, Licht: 0","252981","3","6","2","11","07","4","1","0","1","1","0","0"
"POINT (6.968701423000027 50.977296307000074)","Unfall 252982 (2019) Kat:2, Licht: 2","252982","2","4","6","11","17","4","1","2","0","1","1","0"
"POINT (6.890634724000051 50.979850668000040)","Unfall 252983 (2019) Kat:3, Licht: 0","252983","3","2","2","11","15","4","1","0","0","1","0","0"
"POINT (6.933925972000054 50.927414241000065)","Unfall 252984 (2019) Kat:3, Licht: 0","252984","3","1","0","11","09","4","1","0","1","0","0","0"
"POINT (6.875253253000039 51.002747166000063)","Unfall 252996 (2019) Kat:3, Licht: 0","252996","3","2","2","11","14","1","0","0","0","1","0","0"
"POINT (6.884645239000065 50.982102447000045)","Unfall 253008 (2019) Kat:3, Licht: 0","253008","3","5","8","11","16","1","0","0","0","1","0","0"
"POINT (7.055638494000050 50.882826817000080)","Unfall 253040 (2019) Kat:3, Licht: 2","253040","3","2","2","11","17","3","1","2","0","1","0","1"
"POINT (6.904104423000035 50.957716331000029)","Unfall 253041 (2019) Kat:3, Licht: 2","253041","3","3","5","11","07","3","1","2","0","1","0","0"
"POINT (6.842524090000040 50.965035396000076)","Unfall 253042 (2019) Kat:3, Licht: 0","253042","3","7","0","11","07","3","0","0","0","0","1","0"
"POINT (6.885707955000044 50.983712592000074)","Unfall 253043 (2019) Kat:2, Licht: 2","253043","2","4","6","11","17","3","0","2","0","1","1","0"
"POINT (6.959905448000029 50.920069805000026)","Unfall 253044 (2019) Kat:3, Licht: 0","253044","3","6","3","11","16","3","0","0","1","1","0","0"
"POINT (6.956923893000067 50.950830898000049)","Unfall 253045 (2019) Kat:2, Licht: 2","253045","2","4","6","11","19","3","1","2","0","0","1","1"
"POINT (6.958303166000064 50.928601390000040)","Unfall 253046 (2019) Kat:3, Licht: 2","253046","3","7","6","11","16","3","0","2","0","1","1","0"
"POINT (6.960173120000036 50.919125561000044)","Unfall 253047 (2019) Kat:3, Licht: 0","253047","3","5","3","11","12","3","0","0","1","1","0","0"
"POINT (6.964570428000059 50.903699326000037)","Unfall 253050 (2019) Kat:3, Licht: 2","253050","3","2","5","11","05","1","0","2","0","1","0","0"
"POINT (6.901175089000049 50.930084051000051)","Unfall 253059 (2019) Kat:3, Licht: 0","253059","3","1","0","11","13","1","0","0","1","0","0","0"
"POINT (6.945781167000064 50.935194409000076)","Unfall 253062 (2019) Kat:3, Licht: 0","253062","3","2","6","11","13","1","0","0","0","1","1","0"
"POINT (7.049901906000059 50.893822553000064)","Unfall 253114 (2019) Kat:3, Licht: 2","253114","3","7","1","11","17","2","0","2","0","1","0","0"
"POINT (7.000139128000058 50.986135944000068)","Unfall 253115 (2019) Kat:3, Licht: 0","253115","3","7","6","11","16","2","0","0","0","1","1","0"
"POINT (6.974614436000024 50.931291746000056)","Unfall 253116 (2019) Kat:3, Licht: 0","253116","3","1","0","11","14","2","0","0","1","0","0","0"
"POINT (6.905761940000048 50.959332925000069)","Unfall 253117 (2019) Kat:3, Licht: 0","253117","3","7","0","11","12","2","0","0","0","0","0","0"
"POINT (6.965662290000068 50.892310359000078)","Unfall 253118 (2019) Kat:3, Licht: 0","253118","3","7","0","11","13","2","0","0","0","1","0","1"
"POINT (6.921631119000040 50.920773089000079)","Unfall 253119 (2019) Kat:3, Licht: 0","253119","3","5","4","11","11","2","0","0","1","0","0","0"
"POINT (6.921118200000024 50.923687798000060)","Unfall 253120 (2019) Kat:3, Licht: 0","253120","3","4","6","11","15","2","0","0","1","0","1","0"
"POINT (6.929883104000055 50.925738107000029)","Unfall 253121 (2019) Kat:3, Licht: 1","253121","3","6","0","11","16","2","0","1","0","1","0","0"
"POINT (6.947621837000042 50.937463683000033)","Unfall 253123 (2019) Kat:3, Licht: 0","253123","3","7","0","11","13","2","0","0","1","1","1","0"
"POINT (7.003343948000065 50.946950525000034)","Unfall 253207 (2019) Kat:3, Licht: 0","253207","3","7","2","12","11","1","0","0","0","1","0","0"
"POINT (7.042597806000060 50.867048924000073)","Unfall 253243 (2019) Kat:2, Licht: 2","253243","2","4","6","11","18","7","0","2","0","1","1","0"
"POINT (7.018092576000072 50.948374126000033)","Unfall 253244 (2019) Kat:3, Licht: 2","253244","3","6","2","11","18","7","0","2","0","1","0","0"
"POINT (6.998298472000045 50.941319962000080)","Unfall 253245 (2019) Kat:3, Licht: 0","253245","3","3","0","11","13","7","0","0","0","1","1","0"
"POINT (6.897969204000049 51.013451139000040)","Unfall 253246 (2019) Kat:2, Licht: 2","253246","2","1","1","11","22","7","0","2","0","1","0","0"
"POINT (6.868915392000076 50.932227583000042)","Unfall 253247 (2019) Kat:3, Licht: 2","253247","3","7","0","11","18","7","0","2","0","1","0","1"
"POINT (6.907746070000030 50.951888523000036)","Unfall 253248 (2019) Kat:3, Licht: 0","253248","3","3","5","11","12","7","0","0","0","0","0","0"
"POINT (6.895353910000040 50.959960396000042)","Unfall 253249 (2019) Kat:3, Licht: 0","253249","3","3","5","11","10","7","0","0","1","1","0","0"
"POINT (6.906557940000027 50.916889783000045)","Unfall 253250 (2019) Kat:3, Licht: 0","253250","3","5","1","11","11","7","0","0","1","1","0","0"
"POINT (6.935604808000051 50.933672355000056)","Unfall 253251 (2019) Kat:3, Licht: 0","253251","3","7","5","11","16","7","0","0","1","1","0","0"
"POINT (7.000709481000058 50.936644998000077)","Unfall 253316 (2019) Kat:3, Licht: 0","253316","3","4","6","11","12","6","0","0","0","1","1","0"
"POINT (7.005145245000051 50.951068094000050)","Unfall 253317 (2019) Kat:3, Licht: 2","253317","3","4","6","11","23","6","0","2","0","0","1","1"
"POINT (6.935972656000047 50.977166644000079)","Unfall 253318 (2019) Kat:3, Licht: 2","253318","3","3","0","11","16","6","0","2","0","1","0","0"
"POINT (6.936368830000049 50.947206334000043)","Unfall 253320 (2019) Kat:3, Licht: 2","253320","3","2","5","11","17","6","0","2","1","1","0","0"
"POINT (7.005509982000035 50.884787869000036)","Unfall 253321 (2019) Kat:3, Licht: 0","253321","3","1","0","11","13","6","1","0","1","0","0","0"
"POINT (6.961838208000074 50.910807754000075)","Unfall 253323 (2019) Kat:3, Licht: 1","253323","3","6","2","11","17","6","1","1","0","1","0","0"
"POINT (6.940505535000057 50.934786119000080)","Unfall 253324 (2019) Kat:3, Licht: 2","253324","3","2","6","11","20","6","0","2","0","1","1","0"
"POINT (6.994269604000067 50.937141125000039)","Unfall 253395 (2019) Kat:3, Licht: 2","253395","3","4","6","11","21","5","1","2","0","1","1","0"
"POINT (7.017565034000029 50.930379054000070)","Unfall 253396 (2019) Kat:3, Licht: 0","253396","3","1","0","11","13","5","1","0","1","0","0","0"
"POINT (6.897709840000061 51.016677558000026)","Unfall 253397 (2019) Kat:2, Licht: 0","253397","2","3","5","11","14","5","1","0","1","1","0","0"
"POINT (6.903939832000049 51.023660443000040)","Unfall 253399 (2019) Kat:3, Licht: 2","253399","3","3","5","11","07","5","1","2","1","1","0","0"
"POINT (6.907652963000032 50.947982768000031)","Unfall 253400 (2019) Kat:3, Licht: 1","253400","3","2","5","11","07","5","1","1","0","1","0","1"
"POINT (6.887724759000037 50.948953239000048)","Unfall 253401 (2019) Kat:3, Licht: 2","253401","3","2","5","11","18","5","1","2","0","1","0","0"
"POINT (6.946872826000060 50.910092473000077)","Unfall 253402 (2019) Kat:2, Licht: 0","253402","2","3","5","11","11","5","1","0","1","1","0","0"
"POINT (6.896700072000044 50.921251955000059)","Unfall 253403 (2019) Kat:3, Licht: 0","253403","3","7","0","11","09","5","1","0","1","0","0","0"
"POINT (6.945120472000042 50.909870412000032)","Unfall 253404 (2019) Kat:3, Licht: 2","253404","3","4","6","11","19","5","1","2","0","1","1","0"
"POINT (6.959738059000074 50.940524956000047)","Unfall 253406 (2019) Kat:3, Licht: 2","253406","3","7","0","11","00","5","1","2","0","0","0","0"
"POINT (6.944190052000067 50.933661467000036)","Unfall 253407 (2019) Kat:3, Licht: 0","253407","3","1","0","11","13","5","1","0","1","0","0","0"
"POINT (6.933733675000042 50.927352472000052)","Unfall 253408 (2019) Kat:3, Licht: 0","253408","3","1","0","11","08","5","1","0","1","0","0","0"
"POINT (7.073189142000047 50.976112030000081)","Unfall 253501 (2019) Kat:2, Licht: 2","253501","2","5","0","12","17","4","0","2","0","1","0","0"
"POINT (6.941000488000043 50.958421564000048)","Unfall 253502 (2019) Kat:3, Licht: 0","253502","3","3","5","12","09","4","0","0","1","1","0","0"
"POINT (6.953193394000039 50.935220845000060)","Unfall 253503 (2019) Kat:3, Licht: 2","253503","3","4","6","12","17","4","0","2","0","1","1","0"
"POINT (6.957060932000047 50.930033697000056)","Unfall 253504 (2019) Kat:3, Licht: 2","253504","3","2","5","12","19","4","0","2","1","1","0","0"
"POINT (7.081961297000021 50.920707537000055)","Unfall 253608 (2019) Kat:3, Licht: 0","253608","3","3","5","12","14","3","1","0","1","1","0","0"
"POINT (7.036001992000024 50.990346920000036)","Unfall 253609 (2019) Kat:3, Licht: 0","253609","3","2","3","12","08","3","1","0","1","1","0","0"
"POINT (6.974218070000063 50.964723637000077)","Unfall 253610 (2019) Kat:3, Licht: 0","253610","3","4","6","12","16","3","0","0","1","0","1","0"
"POINT (6.921951956000044 50.935696728000039)","Unfall 253611 (2019) Kat:3, Licht: 0","253611","3","7","1","12","14","3","0","0","1","1","0","0"
"POINT (7.067217928000048 50.887981708000041)","Unfall 253677 (2019) Kat:3, Licht: 2","253677","3","3","5","12","07","2","1","2","1","1","0","0"
"POINT (7.055684048000046 50.883961776000035)","Unfall 253679 (2019) Kat:3, Licht: 0","253679","3","2","6","12","14","2","1","0","0","1","1","0"
"POINT (7.065023561000032 50.896945924000079)","Unfall 253680 (2019) Kat:3, Licht: 0","253680","3","4","6","12","08","2","0","0","0","1","1","0"
"POINT (6.949842897000053 50.984714291000046)","Unfall 253681 (2019) Kat:2, Licht: 2","253681","2","3","5","12","17","2","1","2","1","1","0","0"
"POINT (6.909804515000076 50.945196542000076)","Unfall 253682 (2019) Kat:3, Licht: 1","253682","3","2","1","12","16","2","1","1","0","1","0","0"
"POINT (6.933889094000051 50.918367233000026)","Unfall 253683 (2019) Kat:3, Licht: 0","253683","3","1","0","12","09","2","1","0","1","0","0","0"
"POINT (6.945534697000028 50.903184973000066)","Unfall 253684 (2019) Kat:3, Licht: 1","253684","3","3","5","12","16","2","1","1","1","1","0","0"
"POINT (6.928493135000053 50.924554286000046)","Unfall 253685 (2019) Kat:3, Licht: 2","253685","3","3","5","12","19","2","1","2","0","1","0","1"
"POINT (6.939832086000024 50.921875379000028)","Unfall 253686 (2019) Kat:3, Licht: 0","253686","3","2","5","12","15","2","1","0","1","1","0","0"
"POINT (6.952786501000048 50.924641907000080)","Unfall 253688 (2019) Kat:3, Licht: 2","253688","3","6","2","12","19","2","1","2","0","1","0","0"
"POINT (6.962920936000046 50.935240658000055)","Unfall 253689 (2019) Kat:3, Licht: 0","253689","3","2","0","12","12","2","0","0","0","1","0","0"
"POINT (7.032338467000045 50.975961876000042)","Unfall 253738 (2019) Kat:3, Licht: 2","253738","3","2","5","12","16","1","1","2","0","1","0","0"
"POINT (6.936306872000046 50.928582731000063)","Unfall 253739 (2019) Kat:3, Licht: 0","253739","3","1","0","12","16","1","1","0","0","0","0","0"
"POINT (6.956286329000022 50.932791916000042)","Unfall 253740 (2019) Kat:3, Licht: 2","253740","3","7","6","12","17","2","1","2","0","1","1","0"
"POINT (7.007951373000026 50.965479575000074)","Unfall 253766 (2019) Kat:3, Licht: 2","253766","3","7","0","12","17","7","0","2","0","1","1","0"
"POINT (6.929429755000058 50.908160700000053)","Unfall 253767 (2019) Kat:2, Licht: 0","253767","2","3","5","12","11","7","1","0","1","1","0","0"
"POINT (6.945805337000024 50.933615330000066)","Unfall 253768 (2019) Kat:3, Licht: 0","253768","3","1","0","12","14","7","0","0","1","1","0","0"
"POINT (6.936855425000033 50.935405119000052)","Unfall 253769 (2019) Kat:3, Licht: 2","253769","3","2","3","12","21","7","0","2","1","1","0","0"
"POINT (6.953171472000065 50.938340655000047)","Unfall 253770 (2019) Kat:3, Licht: 2","253770","3","7","6","12","22","7","0","2","0","1","1","0"
"POINT (6.947006343000055 50.941003063000039)","Unfall 253771 (2019) Kat:3, Licht: 0","253771","3","2","5","12","14","7","0","0","1","1","0","0"
"POINT (6.947437461000050 50.945896153000035)","Unfall 253772 (2019) Kat:3, Licht: 0","253772","3","3","5","12","14","7","0","0","0","1","0","1"
"POINT (6.959328485000071 50.939869958000031)","Unfall 253773 (2019) Kat:3, Licht: 0","253773","3","4","6","12","12","7","0","0","1","0","1","0"
"POINT (6.958881895000047 50.939146650000055)","Unfall 253774 (2019) Kat:3, Licht: 2","253774","3","7","0","12","01","7","1","2","0","0","0","0"
"POINT (7.011222714000041 50.866271975000075)","Unfall 253797 (2019) Kat:3, Licht: 2","253797","3","6","0","12","06","2","0","2","0","0","0","1"
"POINT (6.992357409000022 50.901865153000074)","Unfall 253836 (2019) Kat:3, Licht: 2","253836","3","1","0","12","06","6","2","2","1","0","0","0"
"POINT (7.018092576000072 50.948374126000033)","Unfall 253837 (2019) Kat:3, Licht: 2","253837","3","6","2","12","17","6","1","2","0","1","0","0"
"POINT (7.072745975000032 50.976558444000034)","Unfall 253838 (2019) Kat:3, Licht: 0","253838","3","4","6","12","12","6","1","0","0","0","1","0"