WKT,Name,OBJECTID,UKATEGORIE,UTYP1,UART,UMONAT,USTUNDE,UWOCHENTAG,STRZUSTAND,ULICHTVERH,ISTRAD,ISTPKW,ISTFUSS,ISTKRAD
"POINT (6.992015699000035 50.995017786000062)","Unfall 253839 (2019) Kat:3, Licht: 2","253839","3","1","0","12","06","6","1","2","1","0","0","0"
"POINT (6.888210341000047 51.013089601000047)","Unfall 253840 (2019) Kat:3, Licht: 2","253840","3","1","8","12","05","6","0","2","0","1","0","0"
"POINT (6.954841200000033 51.007194725000033)","Unfall 253841 (2019) Kat:3, Licht: 0","253841","3","3","5","12","09","6","1","0","0","1","0","0"
"POINT (6.922698285000024 50.957802924000077)","Unfall 253842 (2019) Kat:3, Licht: 1","253842","3","1","0","12","08","6","1","1","1","0","0","0"
"POINT (7.020079076000059 50.870486065000080)","Unfall 253843 (2019) Kat:2, Licht: 0","253843","2","4","6","12","10","6","1","0","0","1","1","0"
"POINT (7.005560089000028 50.891172439000059)","Unfall 253845 (2019) Kat:3, Licht: 2","253845","3","1","0","12","07","6","2","2","1","0","0","0"
"POINT (7.006380810000053 50.885406901000067)","Unfall 253846 (2019) Kat:2, Licht: 2","253846","2","1","0","12","06","6","2","2","1","0","0","0"
"POINT (6.968015807000029 50.912619505000066)","Unfall 253847 (2019) Kat:3, Licht: 1","253847","3","5","1","12","16","6","1","1","0","0","0","0"
"POINT (6.918923692000021 50.921274820000065)","Unfall 253848 (2019) Kat:3, Licht: 0","253848","3","1","0","12","15","6","1","0","1","0","0","0"
"POINT (6.949312476000046 50.942905210000049)","Unfall 253849 (2019) Kat:3, Licht: 1","253849","3","7","5","12","16","6","1","1","0","1","0","0"
"POINT (6.934558303000074 50.935970408000060)","Unfall 253850 (2019) Kat:3, Licht: 1","253850","3","5","0","12","16","2","1","1","1","1","0","0"
"POINT (6.962581218000025 50.918731603000026)","Unfall 253851 (2019) Kat:3, Licht: 0","253851","3","3","5","12","08","6","1","0","1","1","0","0"
"POINT (6.956972376000067 50.930344371000047)","Unfall 253852 (2019) Kat:3, Licht: 2","253852","3","1","0","12","06","6","1","2","1","0","0","0"
"POINT (6.956822583000076 50.930848667000078)","Unfall 253853 (2019) Kat:3, Licht: 2","253853","3","1","0","12","06","6","2","2","1","0","0","0"
"POINT (6.956883794000021 50.930655143000081)","Unfall 253854 (2019) Kat:3, Licht: 2","253854","3","1","0","12","07","6","2","2","1","0","0","0"
"POINT (6.961685996000028 50.941930147000051)","Unfall 253903 (2019) Kat:3, Licht: 0","253903","3","3","5","12","09","2","1","0","1","1","0","0"
"POINT (6.993468335000046 50.939210757000069)","Unfall 253931 (2019) Kat:3, Licht: 0","253931","3","6","1","12","08","5","0","0","0","1","0","0"
"POINT (6.968574805000060 50.964889751000044)","Unfall 253932 (2019) Kat:3, Licht: 2","253932","3","3","5","12","17","5","0","2","1","1","0","0"
"POINT (6.945400362000044 50.961621875000048)","Unfall 253933 (2019) Kat:3, Licht: 0","253933","3","1","0","12","08","5","1","0","1","0","0","0"
"POINT (6.950865606000036 50.973504455000068)","Unfall 253934 (2019) Kat:3, Licht: 0","253934","3","3","5","12","08","5","0","0","1","1","0","0"
"POINT (6.950003235000054 50.955599436000057)","Unfall 253935 (2019) Kat:3, Licht: 2","253935","3","6","3","12","07","5","0","2","1","1","0","0"
"POINT (6.884820957000045 51.011108649000050)","Unfall 253936 (2019) Kat:3, Licht: 0","253936","3","6","2","12","16","5","0","0","0","1","0","0"
"POINT (6.943290111000067 50.975333740000053)","Unfall 253937 (2019) Kat:3, Licht: 0","253937","3","7","0","12","15","5","0","0","0","0","1","0"
"POINT (6.937763429000029 50.957577601000025)","Unfall 253938 (2019) Kat:3, Licht: 0","253938","3","2","5","12","15","5","0","0","1","1","0","0"
"POINT (6.893937858000072 50.956615945000067)","Unfall 253939 (2019) Kat:3, Licht: 2","253939","3","3","1","12","17","5","0","2","0","1","1","0"
"POINT (6.924201293000067 50.865044719000082)","Unfall 253940 (2019) Kat:3, Licht: 2","253940","3","2","6","12","07","5","0","2","0","1","1","0"
"POINT (6.951121231000059 50.920903631000044)","Unfall 253941 (2019) Kat:2, Licht: 2","253941","2","7","0","12","22","5","0","2","1","0","0","0"
"POINT (6.956466135000028 50.946563624000078)","Unfall 253943 (2019) Kat:3, Licht: 2","253943","3","6","6","12","18","5","0","2","1","0","1","0"
"POINT (7.021637971000075 50.871277374000044)","Unfall 253960 (2019) Kat:3, Licht: 1","253960","3","3","5","12","15","2","1","1","1","0","0","1"
"POINT (7.055867592000027 50.880091278000066)","Unfall 253989 (2019) Kat:3, Licht: 2","253989","3","4","6","12","20","4","1","2","0","0","1","1"
"POINT (7.076404023000066 50.881102531000067)","Unfall 253990 (2019) Kat:3, Licht: 0","253990","3","6","2","12","13","4","1","0","0","1","0","0"
"POINT (7.040772277000031 50.958335941000030)","Unfall 253991 (2019) Kat:3, Licht: 0","253991","3","4","6","12","09","4","1","0","0","1","1","0"
"POINT (6.895730274000073 51.010864949000052)","Unfall 253992 (2019) Kat:3, Licht: 0","253992","3","2","6","12","15","4","1","0","0","1","1","0"
"POINT (6.941466214000059 50.927587832000029)","Unfall 253993 (2019) Kat:2, Licht: 2","253993","2","1","7","12","22","4","1","2","1","0","0","0"
"POINT (7.039136083000074 50.967603075000056)","Unfall 254096 (2019) Kat:3, Licht: 0","254096","3","4","6","12","12","3","0","0","0","1","1","0"
"POINT (6.980524610000032 50.941449028000079)","Unfall 254097 (2019) Kat:3, Licht: 0","254097","3","6","2","12","08","3","1","0","0","1","0","0"
"POINT (6.938230501000021 50.960730299000033)","Unfall 254098 (2019) Kat:3, Licht: 1","254098","3","5","1","12","16","3","0","1","1","1","0","0"
"POINT (6.957996945000048 50.959741419000068)","Unfall 254099 (2019) Kat:3, Licht: 2","254099","3","7","0","12","19","3","0","2","1","0","0","0"
"POINT (6.913157316000024 51.014534696000055)","Unfall 254100 (2019) Kat:3, Licht: 0","254100","3","3","5","12","16","3","0","0","1","1","0","0"
"POINT (6.969824510000024 50.913376831000051)","Unfall 254101 (2019) Kat:3, Licht: 1","254101","3","2","2","12","16","3","1","1","1","1","0","0"
"POINT (6.956663451000054 50.903697110000053)","Unfall 254102 (2019) Kat:3, Licht: 0","254102","3","7","0","12","12","3","0","0","0","0","0","0"
"POINT (6.998994884000069 50.938874613000053)","Unfall 254218 (2019) Kat:3, Licht: 0","254218","3","5","1","12","14","2","0","0","0","1","0","0"
"POINT (7.049900199000035 50.942029948000027)","Unfall 254219 (2019) Kat:2, Licht: 2","254219","2","4","6","12","18","2","1","2","0","1","1","0"
"POINT (6.967974069000036 50.981088340000042)","Unfall 254220 (2019) Kat:3, Licht: 0","254220","3","6","3","12","15","2","1","0","0","1","0","0"
"POINT (6.939239135000037 50.969523367000079)","Unfall 254221 (2019) Kat:3, Licht: 0","254221","3","6","1","12","08","2","0","0","0","1","0","0"
"POINT (6.884970998000028 50.983978086000036)","Unfall 254223 (2019) Kat:3, Licht: 2","254223","3","3","5","12","17","2","1","2","1","1","0","0"
"POINT (6.923860994000052 50.952491248000058)","Unfall 254224 (2019) Kat:3, Licht: 2","254224","3","1","0","12","19","2","1","2","0","0","0","1"
"POINT (6.936195930000054 50.957008904000077)","Unfall 254225 (2019) Kat:3, Licht: 0","254225","3","4","6","12","12","2","1","0","0","1","1","0"
"POINT (7.061684541000034 50.885550990000070)","Unfall 254231 (2019) Kat:3, Licht: 0","254231","3","7","0","12","11","2","1","0","1","1","0","0"
"POINT (7.035225192000041 50.981948129000045)","Unfall 254232 (2019) Kat:2, Licht: 2","254232","2","4","6","12","17","2","1","2","0","1","1","0"
"POINT (6.940255932000071 50.967427383000029)","Unfall 254234 (2019) Kat:3, Licht: 0","254234","3","6","3","12","12","2","1","0","1","0","0","0"
"POINT (6.964418582000064 50.974237659000039)","Unfall 254235 (2019) Kat:3, Licht: 2","254235","3","2","5","12","18","2","1","2","1","1","0","0"
"POINT (6.930209146000038 50.968888647000028)","Unfall 254236 (2019) Kat:2, Licht: 1","254236","2","4","0","12","08","2","0","1","0","1","1","0"
"POINT (6.916270291000046 50.968691893000027)","Unfall 254237 (2019) Kat:2, Licht: 0","254237","2","6","1","12","08","2","1","0","0","1","0","1"
"POINT (6.911632649000069 50.924616429000082)","Unfall 254286 (2019) Kat:3, Licht: 2","254286","3","6","1","12","16","1","0","2","0","1","0","0"
"POINT (6.941019028000028 50.911888660000045)","Unfall 254287 (2019) Kat:2, Licht: 0","254287","2","1","4","12","16","1","1","0","1","1","0","0"
"POINT (6.937503030000073 50.938352075000068)","Unfall 254288 (2019) Kat:3, Licht: 2","254288","3","7","5","12","04","1","1","2","1","1","0","0"
"POINT (6.956745679000051 50.903800845000035)","Unfall 254324 (2019) Kat:3, Licht: 2","254324","3","2","5","12","17","7","1","2","0","1","0","0"
"POINT (6.902621596000074 50.921630113000049)","Unfall 254325 (2019) Kat:3, Licht: 0","254325","3","6","4","12","15","7","0","0","1","1","0","0"
"POINT (6.992794817000060 50.941074476000040)","Unfall 254374 (2019) Kat:2, Licht: 2","254374","2","2","6","12","18","6","1","2","0","1","1","0"
"POINT (6.972625934000064 50.930395818000079)","Unfall 254375 (2019) Kat:3, Licht: 2","254375","3","6","2","12","18","6","1","2","0","1","0","0"
"POINT (7.011955258000057 50.958015142000079)","Unfall 254377 (2019) Kat:3, Licht: 2","254377","3","4","6","12","17","6","1","2","0","1","1","0"
"POINT (6.968309563000048 50.982249638000042)","Unfall 254378 (2019) Kat:3, Licht: 0","254378","3","3","5","12","14","6","1","0","0","1","0","0"
"POINT (6.981297953000023 50.903258924000056)","Unfall 254379 (2019) Kat:2, Licht: 0","254379","2","4","6","12","08","6","1","0","0","0","1","0"
"POINT (7.004514361000076 50.864903029000061)","Unfall 254380 (2019) Kat:3, Licht: 1","254380","3","3","5","12","08","6","1","1","1","1","0","0"
"POINT (6.927876890000050 50.920575423000059)","Unfall 254381 (2019) Kat:3, Licht: 2","254381","3","2","5","12","22","6","1","2","0","1","1","0"
"POINT (7.051395308000053 50.893179306000036)","Unfall 254469 (2019) Kat:3, Licht: 0","254469","3","7","5","12","09","5","1","0","0","1","0","0"
"POINT (6.981417069000031 50.937354746000040)","Unfall 254470 (2019) Kat:3, Licht: 2","254470","3","4","6","12","18","5","1","2","0","1","1","0"
"POINT (6.869315268000037 50.932236918000058)","Unfall 254472 (2019) Kat:2, Licht: 0","254472","2","3","5","12","14","5","0","0","1","0","0","0"
"POINT (6.897875318000047 50.947775526000044)","Unfall 254473 (2019) Kat:2, Licht: 2","254473","2","7","0","12","22","5","0","2","1","0","0","0"
"POINT (6.934014668000032 50.956169347000071)","Unfall 254474 (2019) Kat:3, Licht: 0","254474","3","6","1","12","15","5","0","0","0","1","0","0"
"POINT (6.924063663000027 50.887477884000077)","Unfall 254475 (2019) Kat:3, Licht: 0","254475","3","7","0","12","12","5","0","0","0","0","0","0"
"POINT (6.905063186000064 50.923302586000034)","Unfall 254476 (2019) Kat:2, Licht: 0","254476","2","1","0","12","12","5","1","0","1","0","0","0"
"POINT (7.001339173000076 50.933111410000038)","Unfall 254537 (2019) Kat:3, Licht: 0","254537","3","6","3","12","11","5","0","0","1","1","0","0"
"POINT (6.934818867000047 51.025762496000027)","Unfall 254538 (2019) Kat:3, Licht: 2","254538","3","1","9","12","06","5","0","2","0","1","0","0"
"POINT (6.913567276000038 51.052399315000059)","Unfall 254539 (2019) Kat:3, Licht: 0","254539","3","3","0","12","15","5","1","0","0","1","0","1"
"POINT (6.839051563000055 50.962349546000041)","Unfall 254540 (2019) Kat:3, Licht: 0","254540","3","3","5","12","12","5","1","0","0","1","0","1"
"POINT (6.996350280000058 50.887079841000059)","Unfall 254541 (2019) Kat:3, Licht: 0","254541","3","2","6","12","13","5","0","0","0","1","1","0"
"POINT (6.960695379000072 50.928230552000059)","Unfall 254542 (2019) Kat:3, Licht: 0","254542","3","7","1","12","09","5","0","0","1","1","0","0"
"POINT (6.965569181000035 50.967042611000068)","Unfall 254543 (2019) Kat:3, Licht: 0","254543","3","4","6","12","16","6","0","0","0","1","1","0"
"POINT (6.954034267000054 50.931787133000057)","Unfall 254544 (2019) Kat:3, Licht: 2","254544","3","3","5","12","20","5","0","2","1","1","0","0"
"POINT (6.952067161000059 50.922885684000050)","Unfall 254545 (2019) Kat:3, Licht: 2","254545","3","2","3","12","18","5","0","2","0","1","0","1"
"POINT (6.946440202000076 50.933635890000062)","Unfall 254546 (2019) Kat:3, Licht: 2","254546","3","4","6","12","04","5","1","2","0","1","1","0"
"POINT (6.961596476000068 50.918692579000037)","Unfall 254547 (2019) Kat:3, Licht: 2","254547","3","5","1","12","15","5","0","2","0","1","1","0"
"POINT (6.870280333000039 50.935262856000065)","Unfall 254562 (2019) Kat:3, Licht: 0","254562","3","2","5","12","12","6","0","0","1","1","0","0"
"POINT (6.971872189000067 50.859379531000059)","Unfall 254565 (2019) Kat:1, Licht: 0","254565","1","1","1","12","12","6","0","0","0","1","0","0"
"POINT (6.927546758000062 50.928856669000027)","Unfall 254569 (2019) Kat:2, Licht: 0","254569","2","3","5","12","09","6","0","0","1","1","0","0"
"POINT (6.960259017000055 50.937900189000061)","Unfall 254578 (2019) Kat:3, Licht: 2","254578","3","4","6","12","03","6","0","2","0","1","1","0"
"POINT (6.962481132000050 50.936727225000027)","Unfall 254587 (2019) Kat:3, Licht: 2","254587","3","7","0","12","23","6","0","2","0","1","1","0"
"POINT (7.078252712000051 50.925292798000044)","Unfall 254630 (2019) Kat:3, Licht: 0","254630","3","1","8","12","15","4","0","0","0","1","0","0"
"POINT (7.005145245000051 50.951068094000050)","Unfall 254631 (2019) Kat:3, Licht: 0","254631","3","4","6","12","14","4","1","0","0","1","1","0"
"POINT (7.016848796000033 50.867342373000042)","Unfall 254633 (2019) Kat:3, Licht: 0","254633","3","6","2","12","12","4","0","0","1","1","0","0"
"POINT (6.945411830000069 50.905641400000036)","Unfall 254634 (2019) Kat:3, Licht: 0","254634","3","2","6","12","15","4","0","0","0","1","1","0"
"POINT (6.940972207000073 50.914221361000045)","Unfall 254636 (2019) Kat:3, Licht: 2","254636","3","1","0","12","20","4","0","2","1","0","0","0"
"POINT (6.942401839000070 50.932088922000048)","Unfall 254637 (2019) Kat:3, Licht: 2","254637","3","1","0","12","06","4","1","2","1","0","0","0"
"POINT (6.957064257000070 50.930017343000031)","Unfall 254638 (2019) Kat:3, Licht: 0","254638","3","2","3","12","13","4","0","0","1","1","0","0"
"POINT (7.039572365000026 50.934183815000040)","Unfall 254704 (2019) Kat:3, Licht: 2","254704","3","2","6","12","22","3","1","2","0","1","1","0"
"POINT (7.023457934000021 50.943447978000052)","Unfall 254705 (2019) Kat:2, Licht: 2","254705","2","4","6","12","19","3","0","2","0","0","1","0"
"POINT (7.052367639000067 50.919524276000061)","Unfall 254706 (2019) Kat:3, Licht: 0","254706","3","6","9","12","13","3","0","0","0","1","0","0"
"POINT (7.042070743000068 50.971797974000026)","Unfall 254707 (2019) Kat:3, Licht: 0","254707","3","6","2","12","09","3","0","0","0","1","0","0"
"POINT (7.021226748000061 50.965133831000060)","Unfall 254708 (2019) Kat:3, Licht: 0","254708","3","1","0","12","16","3","0","0","1","0","0","0"
"POINT (7.013887959000044 50.968572980000033)","Unfall 254710 (2019) Kat:3, Licht: 0","254710","3","1","0","12","14","3","0","0","0","0","0","1"
"POINT (6.954461642000069 50.959843690000071)","Unfall 254711 (2019) Kat:3, Licht: 2","254711","3","3","5","12","21","3","1","2","1","1","0","0"
"POINT (6.946225348000041 50.972205951000035)","Unfall 254712 (2019) Kat:3, Licht: 0","254712","3","2","5","12","15","3","0","0","1","1","0","0"
"POINT (6.834652281000047 50.961434303000033)","Unfall 254713 (2019) Kat:3, Licht: 0","254713","3","4","6","12","15","3","0","0","0","1","1","0"
"POINT (6.921604692000074 50.936586689000080)","Unfall 254714 (2019) Kat:3, Licht: 0","254714","3","4","6","12","09","3","0","0","0","1","1","0"
"POINT (6.907779964000042 50.945299374000058)","Unfall 254715 (2019) Kat:2, Licht: 2","254715","2","2","5","12","23","3","1","2","0","1","0","0"
"POINT (6.956788095000036 50.948801970000034)","Unfall 254716 (2019) Kat:3, Licht: 0","254716","3","6","0","12","13","3","0","0","1","1","0","0"
"POINT (6.965445768000052 50.925248323000062)","Unfall 254718 (2019) Kat:3, Licht: 2","254718","3","7","9","12","01","3","1","2","0","0","0","0"
"POINT (6.957461947000070 50.941784616000064)","Unfall 254719 (2019) Kat:2, Licht: 0","254719","2","7","5","12","11","3","0","0","0","0","0","1"
"POINT (7.104651503000071 50.884535260000064)","Unfall 254775 (2019) Kat:3, Licht: 0","254775","3","6","2","12","10","6","1","0","0","1","0","0"
"POINT (6.909414410000068 50.941465521000055)","Unfall 254776 (2019) Kat:3, Licht: 2","254776","3","7","8","12","21","6","0","2","0","1","0","0"
"POINT (6.959923163000042 50.904815679000080)","Unfall 254777 (2019) Kat:3, Licht: 0","254777","3","7","0","12","11","6","0","0","1","0","0","0"
"POINT (6.951651918000039 50.922122890000026)","Unfall 254778 (2019) Kat:3, Licht: 0","254778","3","1","0","12","11","6","1","0","0","0","0","1"
"POINT (7.103670753000074 50.853365869000072)","Unfall 254844 (2019) Kat:3, Licht: 2","254844","3","3","5","12","23","3","1","2","0","1","0","0"
"POINT (6.949448207000046 50.963382932000059)","Unfall 254845 (2019) Kat:2, Licht: 0","254845","2","7","0","12","11","3","1","0","0","0","0","1"
"POINT (6.920657610000035 50.921883236000042)","Unfall 254846 (2019) Kat:3, Licht: 0","254846","3","1","0","12","09","3","1","0","1","0","0","0"
"POINT (7.006080687000065 50.927296586000068)","Unfall 254887 (2019) Kat:3, Licht: 0","254887","3","3","0","12","11","2","0","0","0","1","0","1"
"POINT (7.030546624000067 50.899119299000063)","Unfall 254889 (2019) Kat:3, Licht: 0","254889","3","4","6","12","14","2","1","0","0","1","1","0"
"POINT (6.953885437000054 50.963708475000033)","Unfall 254890 (2019) Kat:3, Licht: 2","254890","3","3","5","12","18","2","1","2","1","1","0","0"
"POINT (6.917560944000059 50.959921059000067)","Unfall 254891 (2019) Kat:3, Licht: 0","254891","3","1","0","12","09","2","0","0","1","0","0","0"
"POINT (6.870425056000045 50.976407073000075)","Unfall 254892 (2019) Kat:3, Licht: 2","254892","3","7","6","12","22","2","1","2","0","1","1","0"
"POINT (6.954686152000022 50.910814860000073)","Unfall 254893 (2019) Kat:2, Licht: 0","254893","2","7","6","12","16","2","1","0","1","0","1","0"
"POINT (6.916818144000047 50.920694977000039)","Unfall 254894 (2019) Kat:3, Licht: 2","254894","3","1","0","12","19","2","0","2","1","0","0","0"
"POINT (6.956252313000050 50.933784844000058)","Unfall 254895 (2019) Kat:3, Licht: 2","254895","3","4","6","12","16","2","1","2","0","0","1","1"
"POINT (7.100088282000058 50.858878837000077)","Unfall 254943 (2019) Kat:3, Licht: 2","254943","3","2","6","12","20","1","1","2","0","1","1","0"
"POINT (7.019832100000031 50.938508039000055)","Unfall 254944 (2019) Kat:3, Licht: 2","254944","3","4","6","12","16","1","1","2","0","1","1","0"
"POINT (7.001224315000059 50.934087605000059)","Unfall 254945 (2019) Kat:2, Licht: 0","254945","2","4","6","12","14","1","0","0","0","1","1","0"
"POINT (6.929812154000047 50.931110323000041)","Unfall 254946 (2019) Kat:2, Licht: 2","254946","2","4","6","12","03","1","1","2","0","1","1","0"
"POINT (6.993872568000029 50.938166009000042)","Unfall 254968 (2019) Kat:3, Licht: 2","254968","3","6","2","12","18","7","0","2","0","1","0","0"
"POINT (6.861281768000026 50.976767133000067)","Unfall 254969 (2019) Kat:3, Licht: 2","254969","3","7","6","12","16","7","0","2","0","1","1","0"
"POINT (6.910217845000034 50.899179448000041)","Unfall 254970 (2019) Kat:2, Licht: 0","254970","2","2","3","12","11","7","0","0","0","0","0","1"
"POINT (6.947142413000051 50.934983813000031)","Unfall 254971 (2019) Kat:3, Licht: 0","254971","3","7","2","12","13","7","0","0","0","1","0","0"
"POINT (6.962240927000039 50.941966322000042)","Unfall 254972 (2019) Kat:3, Licht: 1","254972","3","3","1","12","16","7","0","1","0","1","0","0"
"POINT (6.950415200000066 50.945239517000061)","Unfall 254973 (2019) Kat:3, Licht: 2","254973","3","2","5","12","23","7","1","2","0","1","0","0"
"POINT (7.049007965000044 50.867583848000038)","Unfall 255137 (2019) Kat:3, Licht: 1","255137","3","3","5","12","16","3","0","1","0","1","0","0"
"POINT (6.865173006000021 50.983571988000051)","Unfall 255138 (2019) Kat:3, Licht: 2","255138","3","4","6","12","22","3","0","2","0","0","1","0"
"POINT (6.953815169000052 50.948609216000079)","Unfall 255139 (2019) Kat:3, Licht: 2","255139","3","2","6","12","17","3","0","2","0","1","1","0"
"POINT (7.009123548000048 50.958039353000061)","Unfall 255169 (2019) Kat:3, Licht: 2","255169","3","4","6","12","18","2","0","2","0","1","1","0"
"POINT (6.960518728000068 50.976898002000041)","Unfall 255170 (2019) Kat:3, Licht: 0","255170","3","3","5","12","15","2","0","0","0","1","0","0"
"POINT (7.017272139000056 50.876628807000031)","Unfall 255171 (2019) Kat:3, Licht: 0","255171","3","3","0","12","15","2","0","0","0","1","0","1"
"POINT (6.936464387000058 50.941784738000081)","Unfall 255172 (2019) Kat:3, Licht: 1","255172","3","6","2","12","16","2","0","1","0","1","0","0"
"POINT (6.954419253000026 50.935401755000044)","Unfall 255173 (2019) Kat:3, Licht: 0","255173","3","5","0","12","13","2","0","0","0","1","0","0"
"POINT (6.959956901000055 50.934604508000064)","Unfall 255174 (2019) Kat:3, Licht: 0","255174","3","2","0","12","10","2","0","0","0","1","0","0"
"POINT (6.958600101000059 50.962751625000067)","Unfall 255204 (2019) Kat:3, Licht: 0","255204","3","1","0","12","15","1","0","0","0","0","0","1"
"POINT (6.975785970000061 50.935995275000039)","Unfall 255233 (2019) Kat:3, Licht: 2","255233","3","1","0","12","03","7","0","2","0","0","0","0"
"POINT (6.965255188000072 50.972299844000077)","Unfall 255235 (2019) Kat:3, Licht: 0","255235","3","5","3","12","08","7","1","0","1","1","0","0"
"POINT (6.852888173000054 50.942212817000041)","Unfall 255237 (2019) Kat:3, Licht: 0","255237","3","2","4","12","11","7","0","0","1","1","0","0"
"POINT (6.900020572000074 50.926235688000077)","Unfall 255238 (2019) Kat:2, Licht: 0","255238","2","3","5","12","16","7","0","0","1","1","0","0"
"POINT (6.936320403000025 50.928590557000064)","Unfall 255240 (2019) Kat:3, Licht: 2","255240","3","1","0","12","02","7","0","2","1","0","0","0"
"POINT (6.945263710000063 50.938800493000031)","Unfall 255241 (2019) Kat:3, Licht: 2","255241","3","4","6","12","19","7","0","2","0","1","1","0"
"POINT (7.007810686000028 50.938762462000057)","Unfall 73549 (2020) Kat:3, Licht: 1","73549","3","5","1","01","16","5","0","1","1","1","0","0"
"POINT (6.931125652000048 50.923170217000063)","Unfall 73550 (2020) Kat:3, Licht: 1","73550","3","1","0","01","07","5","2","1","1","0","0","0"
"POINT (6.960011415000054 50.921239463000063)","Unfall 73551 (2020) Kat:3, Licht: 0","73551","3","4","6","01","10","5","1","0","0","1","1","0"
"POINT (6.849731098000063 50.947778207000056)","Unfall 73581 (2020) Kat:3, Licht: 2","73581","3","6","9","01","21","5","0","2","0","1","0","0"
"POINT (7.091391315000067 50.858298111000067)","Unfall 73607 (2020) Kat:3, Licht: 2","73607","3","7","7","01","03","4","2","2","0","1","0","0"
"POINT (6.939363098000058 50.927043792000063)","Unfall 73608 (2020) Kat:3, Licht: 1","73608","3","6","3","01","17","4","0","1","0","1","0","0"
"POINT (6.960729799000035 50.935545210000043)","Unfall 73609 (2020) Kat:2, Licht: 2","73609","2","4","6","01","05","4","0","2","0","1","1","0"
"POINT (7.057311775000073 50.948991771000067)","Unfall 73625 (2020) Kat:3, Licht: 2","73625","3","1","8","01","04","4","2","2","0","1","0","0"
"POINT (7.028872088000071 50.917705830000045)","Unfall 73784 (2020) Kat:3, Licht: 1","73784","3","6","1","01","16","3","0","1","0","1","0","0"
"POINT (6.877604185000052 50.992866969000033)","Unfall 73787 (2020) Kat:3, Licht: 2","73787","3","6","2","01","06","2","0","2","0","1","0","0"
"POINT (6.940619907000041 50.992698197000038)","Unfall 73822 (2020) Kat:3, Licht: 2","73822","3","2","5","01","17","1","0","2","0","1","0","0"
"POINT (6.904915799000037 50.936992585000041)","Unfall 73828 (2020) Kat:3, Licht: 0","73828","3","5","0","01","10","3","1","0","1","1","0","0"
"POINT (6.977249171000040 50.953479854000079)","Unfall 73840 (2020) Kat:3, Licht: 2","73840","3","6","2","01","06","2","0","2","0","1","0","0"
"POINT (6.966352809000057 50.936368554000069)","Unfall 73903 (2020) Kat:2, Licht: 0","73903","2","7","0","01","14","7","0","0","1","0","0","0"
"POINT (6.925393649000057 50.946197505000043)","Unfall 73915 (2020) Kat:3, Licht: 0","73915","3","1","0","01","15","7","0","0","1","0","0","0"
"POINT (6.898553338000056 50.991439644000081)","Unfall 73921 (2020) Kat:3, Licht: 2","73921","3","6","1","01","07","4","1","2","0","1","0","0"
"POINT (7.055149716000074 50.880235401000050)","Unfall 73922 (2020) Kat:2, Licht: 2","73922","2","4","6","01","18","6","1","2","0","1","1","0"
"POINT (7.080441898000061 50.854608198000051)","Unfall 73924 (2020) Kat:3, Licht: 2","73924","3","3","5","01","07","3","1","2","0","1","0","0"
"POINT (6.949967249000054 50.975605196000060)","Unfall 73926 (2020) Kat:3, Licht: 2","73926","3","6","2","01","22","6","1","2","0","1","0","0"
"POINT (6.968133148000050 50.892320590000054)","Unfall 73932 (2020) Kat:3, Licht: 0","73932","3","6","0","01","15","6","1","0","0","1","0","0"
"POINT (6.916221370000073 50.930721621000032)","Unfall 73936 (2020) Kat:3, Licht: 2","73936","3","1","0","01","18","7","1","2","1","0","0","0"
"POINT (7.055032401000062 50.890678613000034)","Unfall 73937 (2020) Kat:2, Licht: 2","73937","2","1","9","01","02","1","1","2","0","1","0","0"
"POINT (6.939479148000032 50.935411645000045)","Unfall 73940 (2020) Kat:3, Licht: 2","73940","3","4","0","01","21","7","0","2","0","1","1","0"
"POINT (6.998992948000023 50.990581777000045)","Unfall 73954 (2020) Kat:3, Licht: 2","73954","3","6","2","01","17","2","0","2","0","1","0","0"
"POINT (6.932621428000061 50.936560968000038)","Unfall 73959 (2020) Kat:3, Licht: 0","73959","3","2","0","01","12","7","0","0","0","1","0","0"
"POINT (6.962523659000055 50.941979358000026)","Unfall 73983 (2020) Kat:3, Licht: 0","73983","3","3","5","01","15","7","0","0","0","1","0","0"
"POINT (6.937327558000050 50.925112236000075)","Unfall 73990 (2020) Kat:3, Licht: 0","73990","3","1","1","01","10","1","1","0","1","1","0","0"
"POINT (6.933514547000073 50.949475985000049)","Unfall 73996 (2020) Kat:3, Licht: 2","73996","3","1","7","01","20","3","0","2","1","0","0","0"
"POINT (6.939780672000040 50.939808903000028)","Unfall 74055 (2020) Kat:3, Licht: 0","74055","3","5","1","01","12","4","1","0","0","1","0","1"
"POINT (7.029341093000028 50.966969454000036)","Unfall 74094 (2020) Kat:3, Licht: 1","74094","3","6","0","01","05","5","1","1","0","1","0","0"
"POINT (6.828388586000074 50.964464468000074)","Unfall 74113 (2020) Kat:2, Licht: 2","74113","2","3","5","01","07","5","1","2","0","1","0","0"
"POINT (6.850673499000038 50.957555756000033)","Unfall 74129 (2020) Kat:3, Licht: 2","74129","3","6","2","01","02","7","0","2","0","1","0","0"
"POINT (6.895733068000027 50.993084402000079)","Unfall 74154 (2020) Kat:2, Licht: 2","74154","2","6","2","01","17","5","1","2","0","1","0","0"