WKT,Name,OBJECTID,UKATEGORIE,UTYP1,UART,UMONAT,USTUNDE,UWOCHENTAG,STRZUSTAND,ULICHTVERH,ISTRAD,ISTPKW,ISTFUSS,ISTKRAD
"POINT (6.915758653000069 50.950815560000080)","Unfall 74160 (2020) Kat:3, Licht: 0","74160","3","6","2","01","11","6","1","0","0","1","0","1"
"POINT (6.918959928000049 50.952306771000053)","Unfall 74173 (2020) Kat:3, Licht: 1","74173","3","2","5","01","07","5","1","1","1","1","0","0"
"POINT (6.854465408000067 50.919831028000033)","Unfall 74223 (2020) Kat:3, Licht: 0","74223","3","2","3","01","12","5","1","0","0","1","0","0"
"POINT (6.963026445000025 50.933832981000080)","Unfall 74239 (2020) Kat:3, Licht: 2","74239","3","6","3","01","16","5","1","2","0","1","0","0"
"POINT (6.939188231000060 50.937571508000076)","Unfall 74242 (2020) Kat:3, Licht: 2","74242","3","1","0","01","00","6","1","2","0","0","0","0"
"POINT (6.961917395000057 50.884123240000065)","Unfall 74285 (2020) Kat:2, Licht: 0","74285","2","6","2","01","16","5","0","0","0","1","0","0"
"POINT (7.029651618000059 50.970103046000077)","Unfall 74291 (2020) Kat:3, Licht: 2","74291","3","1","4","01","06","5","1","2","0","1","0","0"
"POINT (6.852415527000062 50.938107653000031)","Unfall 74305 (2020) Kat:2, Licht: 2","74305","2","4","6","01","17","5","0","2","0","0","1","0"
"POINT (6.921448476000023 50.955064547000063)","Unfall 74340 (2020) Kat:3, Licht: 2","74340","3","3","5","01","18","4","0","2","1","1","0","0"
"POINT (6.921769275000031 50.947716903000071)","Unfall 74350 (2020) Kat:3, Licht: 1","74350","3","5","1","01","18","4","1","1","1","1","0","0"
"POINT (7.081016765000072 50.885678256000062)","Unfall 74351 (2020) Kat:3, Licht: 0","74351","3","6","2","01","11","5","1","0","0","1","0","0"
"POINT (6.973839610000027 50.864832807000028)","Unfall 74352 (2020) Kat:3, Licht: 0","74352","3","6","5","01","15","6","1","0","0","1","0","0"
"POINT (6.927547326000024 50.895848894000039)","Unfall 74359 (2020) Kat:3, Licht: 2","74359","3","3","5","01","04","4","1","2","1","0","0","0"
"POINT (6.937158451000073 50.848620833000041)","Unfall 74363 (2020) Kat:3, Licht: 0","74363","3","6","2","01","15","4","0","0","0","1","0","0"
"POINT (6.939378022000028 50.927057557000069)","Unfall 74365 (2020) Kat:3, Licht: 2","74365","3","6","6","01","20","5","1","2","1","0","1","0"
"POINT (7.038995543000056 50.918875618000072)","Unfall 74384 (2020) Kat:3, Licht: 1","74384","3","6","2","01","08","4","0","1","0","1","0","0"
"POINT (7.000541938000026 50.956229435000068)","Unfall 74402 (2020) Kat:2, Licht: 2","74402","2","2","6","01","18","3","0","2","0","1","1","0"
"POINT (6.832761376000065 51.062137127000028)","Unfall 74404 (2020) Kat:2, Licht: 0","74404","2","7","8","01","11","2","0","0","0","1","0","0"
"POINT (6.919002467000041 50.952660399000081)","Unfall 74410 (2020) Kat:3, Licht: 1","74410","3","6","2","01","08","2","0","1","0","1","0","0"
"POINT (6.927547326000024 50.895848894000039)","Unfall 74469 (2020) Kat:3, Licht: 0","74469","3","3","5","01","12","3","0","0","0","1","0","0"
"POINT (6.954353414000025 50.961669615000062)","Unfall 74481 (2020) Kat:3, Licht: 1","74481","3","7","3","01","07","2","0","1","1","1","0","0"
"POINT (6.947443586000077 50.984031728000048)","Unfall 74495 (2020) Kat:3, Licht: 2","74495","3","2","5","01","18","1","1","2","1","1","0","0"
"POINT (6.936203973000033 50.941890361000048)","Unfall 74496 (2020) Kat:2, Licht: 1","74496","2","7","0","01","08","2","0","1","1","0","0","0"
"POINT (6.915532162000034 50.950961935000066)","Unfall 74507 (2020) Kat:3, Licht: 2","74507","3","1","0","01","02","1","0","2","0","1","0","0"
"POINT (6.996936026000071 50.946631379000053)","Unfall 74542 (2020) Kat:3, Licht: 1","74542","3","6","2","01","07","3","0","1","0","1","0","0"
"POINT (6.991969224000059 50.900738107000052)","Unfall 74545 (2020) Kat:3, Licht: 0","74545","3","6","2","01","13","2","0","0","0","1","0","0"
"POINT (6.862695913000039 50.909054905000062)","Unfall 74551 (2020) Kat:3, Licht: 0","74551","3","1","0","01","15","2","0","0","0","0","0","1"
"POINT (7.091094376000058 50.892494864000071)","Unfall 74573 (2020) Kat:3, Licht: 1","74573","3","6","3","01","17","3","0","1","0","1","0","0"
"POINT (6.955742327000053 50.957124649000036)","Unfall 74608 (2020) Kat:3, Licht: 2","74608","3","2","5","01","18","7","0","2","1","1","0","0"
"POINT (6.910634517000062 50.939735740000060)","Unfall 74610 (2020) Kat:3, Licht: 2","74610","3","6","0","01","19","3","0","2","1","1","0","0"
"POINT (6.958690557000068 50.849236767000036)","Unfall 74616 (2020) Kat:2, Licht: 2","74616","2","1","2","01","21","7","0","2","0","1","0","0"
"POINT (6.973450594000042 50.905066253000030)","Unfall 74621 (2020) Kat:3, Licht: 2","74621","3","3","5","01","20","7","0","2","1","1","0","0"
"POINT (7.046052157000077 50.867093503000035)","Unfall 74622 (2020) Kat:3, Licht: 0","74622","3","6","2","01","08","2","0","0","0","1","0","0"
"POINT (6.932753452000043 50.948554089000027)","Unfall 74638 (2020) Kat:3, Licht: 0","74638","3","3","5","01","15","2","0","0","0","1","0","0"
"POINT (6.968824792000021 50.856167277000054)","Unfall 74662 (2020) Kat:3, Licht: 2","74662","3","6","2","01","06","4","0","2","0","1","0","0"
"POINT (6.839063482000029 51.041249891000064)","Unfall 74686 (2020) Kat:2, Licht: 0","74686","2","2","5","01","12","2","1","0","1","0","0","0"
"POINT (6.908047887000066 50.934369908000065)","Unfall 74693 (2020) Kat:2, Licht: 0","74693","2","3","5","01","11","3","0","0","1","0","0","0"
"POINT (6.939514678000023 50.938804329000050)","Unfall 74701 (2020) Kat:3, Licht: 2","74701","3","3","5","01","17","2","0","2","1","1","0","0"
"POINT (6.916565959000025 50.950293800000054)","Unfall 74748 (2020) Kat:3, Licht: 2","74748","3","2","0","01","18","7","0","2","1","1","0","0"
"POINT (6.977214100000026 50.953502194000066)","Unfall 74749 (2020) Kat:2, Licht: 2","74749","2","4","6","01","22","6","0","2","0","1","1","0"
"POINT (6.916573450000044 50.949882358000082)","Unfall 74769 (2020) Kat:3, Licht: 0","74769","3","3","5","01","08","6","0","0","1","1","0","0"
"POINT (6.935790227000041 50.878122728000051)","Unfall 74784 (2020) Kat:3, Licht: 2","74784","3","6","2","01","18","6","1","2","0","1","0","0"
"POINT (6.876396355000054 50.946223359000044)","Unfall 74786 (2020) Kat:2, Licht: 0","74786","2","1","9","01","14","1","1","0","0","1","0","0"
"POINT (6.848931290000053 50.935516972000073)","Unfall 74795 (2020) Kat:3, Licht: 0","74795","3","6","2","01","15","5","0","0","0","1","0","0"
"POINT (7.091499553000062 50.891637251000077)","Unfall 74810 (2020) Kat:3, Licht: 2","74810","3","6","2","01","18","6","1","2","0","1","0","0"
"POINT (6.932856289000029 50.921035047000032)","Unfall 74836 (2020) Kat:2, Licht: 2","74836","2","2","5","01","22","6","0","2","0","1","0","0"
"POINT (6.939364056000045 50.927044676000037)","Unfall 74839 (2020) Kat:3, Licht: 2","74839","3","2","6","01","17","7","0","2","0","1","1","0"
"POINT (6.859348085000022 50.937806405000060)","Unfall 74897 (2020) Kat:3, Licht: 0","74897","3","5","5","01","16","7","0","0","0","1","0","0"
"POINT (7.039677882000035 50.929730430000063)","Unfall 74904 (2020) Kat:3, Licht: 0","74904","3","2","2","01","09","5","0","0","0","1","0","0"
"POINT (7.069821258000047 50.925373964000073)","Unfall 74907 (2020) Kat:3, Licht: 2","74907","3","6","4","01","05","5","0","2","0","1","0","0"
"POINT (6.930690977000040 50.918934596000042)","Unfall 74908 (2020) Kat:3, Licht: 0","74908","3","2","2","01","14","5","0","0","1","1","0","0"
"POINT (7.026298845000042 50.916415007000069)","Unfall 74915 (2020) Kat:3, Licht: 1","74915","3","7","9","01","16","2","0","1","0","1","0","0"
"POINT (6.897759121000036 50.958805431000030)","Unfall 74967 (2020) Kat:3, Licht: 0","74967","3","6","2","01","13","7","0","0","0","1","0","0"
"POINT (6.958279998000023 50.921482660000038)","Unfall 75003 (2020) Kat:3, Licht: 0","75003","3","5","1","01","15","1","0","0","0","1","0","0"
"POINT (6.955765259000032 50.957092259000035)","Unfall 75040 (2020) Kat:2, Licht: 0","75040","2","2","5","01","14","7","0","0","1","1","0","0"
"POINT (6.955784561000030 50.957097690000069)","Unfall 75044 (2020) Kat:3, Licht: 0","75044","3","1","0","01","12","4","0","0","1","0","0","0"
"POINT (6.844576716000063 50.917954568000027)","Unfall 75045 (2020) Kat:3, Licht: 0","75045","3","6","2","01","14","7","0","0","0","1","0","0"
"POINT (6.953166810000028 50.935258371000032)","Unfall 75053 (2020) Kat:3, Licht: 0","75053","3","3","5","01","14","4","0","0","0","1","0","0"
"POINT (6.939358944000048 50.927039961000048)","Unfall 75054 (2020) Kat:3, Licht: 0","75054","3","2","4","01","14","7","0","0","1","1","0","0"
"POINT (6.969284381000023 50.930923316000076)","Unfall 75076 (2020) Kat:3, Licht: 0","75076","3","6","0","01","09","5","1","0","1","0","0","0"
"POINT (6.922746829000062 50.912850529000082)","Unfall 75080 (2020) Kat:2, Licht: 0","75080","2","4","6","01","16","4","1","0","1","0","1","0"
"POINT (6.986779114000058 50.919521920000079)","Unfall 75140 (2020) Kat:3, Licht: 0","75140","3","7","0","01","13","4","1","0","0","1","1","0"
"POINT (7.044722657000023 50.895629878000079)","Unfall 75177 (2020) Kat:3, Licht: 2","75177","3","2","2","01","18","2","0","2","0","1","0","0"
"POINT (7.012770093000029 50.973974183000053)","Unfall 75185 (2020) Kat:3, Licht: 0","75185","3","2","3","01","10","2","1","0","1","1","0","0"
"POINT (7.032874849000052 50.967058273000077)","Unfall 75192 (2020) Kat:2, Licht: 2","75192","2","2","5","01","23","2","0","2","0","1","0","0"
"POINT (6.878909457000020 51.059231432000047)","Unfall 75194 (2020) Kat:3, Licht: 1","75194","3","6","2","01","08","2","1","1","0","1","0","0"
"POINT (6.928469320000033 50.998412222000070)","Unfall 75212 (2020) Kat:3, Licht: 2","75212","3","6","2","01","17","2","1","2","0","1","0","0"
"POINT (6.952953225000044 50.956337800000028)","Unfall 75214 (2020) Kat:3, Licht: 0","75214","3","6","2","01","16","2","0","0","0","1","0","0"
"POINT (7.026360883000052 50.976736241000026)","Unfall 75220 (2020) Kat:3, Licht: 2","75220","3","6","3","01","07","4","0","2","0","1","0","0"
"POINT (6.904506954000055 50.937000015000081)","Unfall 75227 (2020) Kat:3, Licht: 2","75227","3","5","5","01","18","2","0","2","1","1","0","0"
"POINT (6.985824103000027 50.930312307000065)","Unfall 75232 (2020) Kat:3, Licht: 0","75232","3","6","2","01","16","5","0","0","0","1","0","0"
"POINT (6.932414616000074 50.920598327000050)","Unfall 75237 (2020) Kat:2, Licht: 2","75237","2","6","3","01","17","4","1","2","1","0","0","0"
"POINT (6.841703393000046 50.926134007000030)","Unfall 75298 (2020) Kat:3, Licht: 0","75298","3","6","3","01","09","5","0","0","0","1","0","0"
"POINT (6.878749946000028 50.987624455000059)","Unfall 75302 (2020) Kat:3, Licht: 2","75302","3","6","2","01","07","3","1","2","0","1","0","0"
"POINT (7.056258059000072 50.891802859000052)","Unfall 75303 (2020) Kat:3, Licht: 2","75303","3","4","6","01","17","4","1","2","0","1","1","0"
"POINT (6.908093049000058 50.931212515000027)","Unfall 75313 (2020) Kat:3, Licht: 0","75313","3","3","5","01","12","5","0","0","0","1","0","0"
"POINT (6.922704172000067 50.866692763000060)","Unfall 75328 (2020) Kat:3, Licht: 2","75328","3","1","4","01","06","3","1","2","0","1","0","0"
"POINT (6.979058522000059 50.849192918000028)","Unfall 75364 (2020) Kat:3, Licht: 2","75364","3","2","5","01","17","3","1","2","0","1","0","0"
"POINT (6.999689523000029 50.954875580000078)","Unfall 75373 (2020) Kat:3, Licht: 2","75373","3","2","6","01","19","5","1","2","0","1","1","0"
"POINT (6.948024746000044 50.954845487000057)","Unfall 75398 (2020) Kat:3, Licht: 0","75398","3","6","2","01","13","4","0","0","0","1","0","0"
"POINT (7.092585232000033 50.890020156000048)","Unfall 75437 (2020) Kat:3, Licht: 0","75437","3","6","2","01","08","3","0","0","0","1","0","0"
"POINT (6.850391203000072 50.975332843000047)","Unfall 75449 (2020) Kat:3, Licht: 0","75449","3","7","1","01","10","3","0","0","0","1","0","0"
"POINT (6.912526182000022 50.952910295000038)","Unfall 75481 (2020) Kat:3, Licht: 2","75481","3","7","6","01","02","7","0","2","0","0","1","0"
"POINT (7.074697580000077 50.900120191000042)","Unfall 75506 (2020) Kat:3, Licht: 0","75506","3","2","6","01","12","1","0","0","0","1","1","0"
"POINT (6.849736927000038 50.978319391000070)","Unfall 75527 (2020) Kat:3, Licht: 0","75527","3","2","5","01","21","3","0","0","0","1","0","0"
"POINT (6.927604592000023 50.928997798000069)","Unfall 75538 (2020) Kat:3, Licht: 2","75538","3","3","5","01","19","2","0","2","1","1","0","0"
"POINT (6.881229929000028 50.966453996000041)","Unfall 75586 (2020) Kat:3, Licht: 2","75586","3","2","5","01","19","1","0","2","0","1","0","0"
"POINT (7.039833773000055 50.945146771000054)","Unfall 75619 (2020) Kat:3, Licht: 2","75619","3","6","2","01","17","3","1","2","0","1","0","0"
"POINT (6.915984970000068 50.919247912000060)","Unfall 75628 (2020) Kat:2, Licht: 2","75628","2","4","6","01","21","4","0","2","0","0","1","0"
"POINT (6.879291257000034 51.000146298000061)","Unfall 75646 (2020) Kat:2, Licht: 2","75646","2","6","2","01","18","7","0","2","0","1","0","0"
"POINT (6.973449226000071 50.866742281000029)","Unfall 75664 (2020) Kat:3, Licht: 0","75664","3","6","2","01","08","6","1","0","0","1","0","0"
"POINT (6.996697247000043 50.963951404000056)","Unfall 75682 (2020) Kat:2, Licht: 0","75682","2","7","0","01","10","6","0","0","0","0","0","0"
"POINT (7.042070374000048 51.002282960000059)","Unfall 75687 (2020) Kat:3, Licht: 0","75687","3","2","5","01","16","6","0","0","0","1","0","0"
"POINT (7.013823356000046 50.955157602000043)","Unfall 75694 (2020) Kat:3, Licht: 0","75694","3","6","1","01","15","3","1","0","0","1","0","0"
"POINT (6.954087082000058 50.962813293000067)","Unfall 75696 (2020) Kat:3, Licht: 2","75696","3","5","3","01","18","6","0","2","1","1","0","0"
"POINT (6.973416394000026 50.867274161000068)","Unfall 75702 (2020) Kat:3, Licht: 0","75702","3","2","3","01","13","3","0","0","0","0","0","0"
"POINT (6.937339933000033 50.925116145000061)","Unfall 75706 (2020) Kat:3, Licht: 0","75706","3","6","2","01","08","2","0","0","0","1","0","0"
"POINT (6.900558617000058 50.957573536000041)","Unfall 75714 (2020) Kat:3, Licht: 0","75714","3","7","4","01","12","6","0","0","1","0","0","0"
"POINT (6.965133776000073 50.824071939000078)","Unfall 75715 (2020) Kat:2, Licht: 2","75715","2","1","9","01","01","7","0","2","0","1","0","0"
"POINT (6.920828753000023 50.914100597000072)","Unfall 75720 (2020) Kat:3, Licht: 2","75720","3","4","6","01","08","6","0","2","1","0","1","0"
"POINT (6.949110681000036 50.936069003000057)","Unfall 75724 (2020) Kat:3, Licht: 2","75724","3","1","0","01","22","6","0","2","0","0","0","0"
"POINT (6.959197552000035 50.950978351000060)","Unfall 75727 (2020) Kat:2, Licht: 2","75727","2","1","0","01","02","7","0","2","0","0","0","0"
"POINT (6.937480491000031 50.936489613000049)","Unfall 75728 (2020) Kat:3, Licht: 0","75728","3","2","5","01","11","6","0","0","1","1","0","0"
"POINT (6.896466428000053 50.994686311000066)","Unfall 75753 (2020) Kat:2, Licht: 0","75753","2","2","4","01","15","1","0","0","0","1","0","0"
"POINT (6.960375571000043 50.935408952000046)","Unfall 75773 (2020) Kat:3, Licht: 0","75773","3","3","5","01","09","3","1","0","1","0","0","0"
"POINT (6.947069195000040 50.926298383000073)","Unfall 75807 (2020) Kat:3, Licht: 0","75807","3","7","0","01","12","2","1","0","1","0","0","0"
"POINT (6.856104187000028 50.984389517000068)","Unfall 75812 (2020) Kat:3, Licht: 2","75812","3","1","9","01","01","7","0","2","0","1","0","0"
"POINT (6.849598727000057 50.941556182000056)","Unfall 75864 (2020) Kat:3, Licht: 0","75864","3","7","8","01","11","3","0","0","0","0","0","0"
"POINT (7.024090102000059 50.923277571000028)","Unfall 75868 (2020) Kat:3, Licht: 2","75868","3","2","4","01","07","2","1","2","0","1","0","0"
"POINT (6.928541174000031 50.916911933000051)","Unfall 75873 (2020) Kat:3, Licht: 0","75873","3","6","3","01","09","4","1","0","1","1","0","0"
"POINT (6.856446495000057 50.984415740000031)","Unfall 75902 (2020) Kat:3, Licht: 2","75902","3","1","9","02","23","2","1","2","0","1","0","0"
"POINT (6.918484157000023 50.916043151000054)","Unfall 75915 (2020) Kat:3, Licht: 2","75915","3","2","5","02","18","2","1","2","0","1","0","0"
"POINT (7.019976145000044 50.933364752000045)","Unfall 75946 (2020) Kat:3, Licht: 0","75946","3","5","1","01","11","6","1","0","1","1","0","0"
"POINT (6.982070008000051 50.943224012000030)","Unfall 75985 (2020) Kat:2, Licht: 2","75985","2","3","5","02","22","2","1","2","1","1","0","0"
"POINT (6.939387110000041 50.883659560000069)","Unfall 76050 (2020) Kat:3, Licht: 0","76050","3","1","8","02","08","7","1","0","0","1","0","0"
"POINT (6.867861701000038 50.989876009000056)","Unfall 76095 (2020) Kat:2, Licht: 2","76095","2","1","8","02","21","2","1","2","0","1","0","0"
"POINT (6.938644307000061 50.905964780000033)","Unfall 76107 (2020) Kat:2, Licht: 2","76107","2","6","3","02","18","2","1","2","1","0","0","0"
"POINT (6.958867480000038 50.883946629000036)","Unfall 76110 (2020) Kat:3, Licht: 0","76110","3","6","3","01","15","6","0","0","0","1","0","0"
"POINT (6.945740981000029 50.946575543000051)","Unfall 76201 (2020) Kat:3, Licht: 2","76201","3","7","0","02","19","2","1","2","0","1","0","1"
"POINT (6.953692508000074 50.964653833000057)","Unfall 76241 (2020) Kat:2, Licht: 2","76241","2","4","6","01","20","5","1","2","0","1","1","0"
"POINT (6.953795162000063 50.964146369000048)","Unfall 76243 (2020) Kat:2, Licht: 0","76243","2","7","0","01","11","5","0","0","0","1","0","0"
"POINT (6.974911568000039 50.928433701000074)","Unfall 76244 (2020) Kat:3, Licht: 2","76244","3","2","0","02","05","7","1","2","1","1","0","0"
"POINT (6.922236192000071 50.932736649000049)","Unfall 76246 (2020) Kat:3, Licht: 0","76246","3","1","0","01","09","5","0","0","0","0","0","0"
"POINT (6.928208077000022 50.928283369000042)","Unfall 76249 (2020) Kat:3, Licht: 0","76249","3","7","2","01","10","5","0","0","0","1","0","0"
"POINT (7.014271904000054 51.010538996000037)","Unfall 76293 (2020) Kat:3, Licht: 2","76293","3","6","2","01","20","4","0","2","0","1","0","0"
"POINT (6.883600158000036 50.937752182000054)","Unfall 76297 (2020) Kat:3, Licht: 2","76297","3","3","5","02","19","2","1","2","1","1","0","0"
"POINT (6.874285815000064 51.003390662000072)","Unfall 76299 (2020) Kat:2, Licht: 0","76299","2","4","6","01","07","4","0","0","0","0","1","0"
"POINT (6.933881623000048 50.964511174000052)","Unfall 76310 (2020) Kat:3, Licht: 2","76310","3","2","6","01","22","4","0","2","0","1","1","0"
"POINT (6.883285995000051 50.939530141000034)","Unfall 76313 (2020) Kat:3, Licht: 2","76313","3","2","5","01","06","4","0","2","0","0","0","0"
"POINT (6.923684481000066 50.957359425000050)","Unfall 76330 (2020) Kat:3, Licht: 2","76330","3","4","0","01","00","4","1","2","0","1","1","0"
"POINT (6.940843824000069 50.931175193000058)","Unfall 76333 (2020) Kat:3, Licht: 1","76333","3","1","0","02","18","7","0","1","0","0","0","0"
"POINT (7.011961977000055 50.992764021000028)","Unfall 76339 (2020) Kat:3, Licht: 0","76339","3","6","3","02","10","7","1","0","0","1","0","0"
"POINT (6.871675405000076 50.976359967000064)","Unfall 76346 (2020) Kat:2, Licht: 0","76346","2","3","5","01","15","4","1","0","0","1","0","0"
"POINT (6.968954164000024 50.857652957000028)","Unfall 76349 (2020) Kat:3, Licht: 0","76349","3","6","2","02","16","4","0","0","0","1","0","0"
"POINT (7.041466133000029 50.929021237000029)","Unfall 76357 (2020) Kat:3, Licht: 0","76357","3","7","0","02","15","4","0","0","0","0","0","0"
"POINT (7.038952710000046 50.940862362000075)","Unfall 76361 (2020) Kat:3, Licht: 1","76361","3","3","5","02","07","4","1","1","0","1","0","1"
"POINT (7.005891792000057 50.962496226000042)","Unfall 76365 (2020) Kat:2, Licht: 0","76365","2","4","6","02","11","4","0","0","0","1","1","0"
"POINT (6.911044236000066 50.925205360000064)","Unfall 76369 (2020) Kat:2, Licht: 0","76369","2","7","6","02","09","4","0","0","0","1","1","0"
"POINT (6.964669662000063 50.903660420000051)","Unfall 76376 (2020) Kat:3, Licht: 0","76376","3","3","5","02","10","2","1","0","0","1","0","0"
"POINT (7.030929298000046 50.968280141000037)","Unfall 76420 (2020) Kat:3, Licht: 2","76420","3","6","2","02","18","5","0","2","0","1","0","0"
"POINT (6.953334083000073 50.966629282000042)","Unfall 76423 (2020) Kat:2, Licht: 0","76423","2","4","0","02","15","5","0","0","0","1","1","0"
"POINT (6.885136137000075 50.999792597000067)","Unfall 76427 (2020) Kat:2, Licht: 1","76427","2","4","6","02","07","6","0","1","0","1","1","0"
"POINT (6.948460784000076 50.894075375000057)","Unfall 76445 (2020) Kat:3, Licht: 0","76445","3","6","2","02","15","7","0","0","0","1","0","0"
"POINT (7.100119199000062 50.947189466000054)","Unfall 76452 (2020) Kat:3, Licht: 0","76452","3","1","8","02","08","2","1","0","0","1","0","0"
"POINT (7.049110740000060 50.934438641000042)","Unfall 76475 (2020) Kat:3, Licht: 0","76475","3","6","2","02","13","7","0","0","0","1","0","0"
"POINT (6.826738702000057 50.938527576000070)","Unfall 76488 (2020) Kat:3, Licht: 0","76488","3","6","2","02","12","2","0","0","0","1","0","0"
"POINT (6.966723062000028 50.923119430000042)","Unfall 76529 (2020) Kat:3, Licht: 0","76529","3","4","6","02","07","5","0","0","1","0","1","0"
"POINT (6.933820174000061 50.921550452000076)","Unfall 76533 (2020) Kat:3, Licht: 0","76533","3","1","0","02","08","6","0","0","0","0","0","0"
"POINT (6.937592075000055 50.931234160000031)","Unfall 76552 (2020) Kat:3, Licht: 2","76552","3","5","9","02","05","7","0","2","1","1","0","0"
"POINT (6.908505635000040 50.936526669000045)","Unfall 76598 (2020) Kat:3, Licht: 0","76598","3","6","2","02","12","2","0","0","0","1","0","0"
"POINT (7.044134187000054 50.895859350000080)","Unfall 76639 (2020) Kat:3, Licht: 0","76639","3","3","5","02","15","7","0","0","1","1","0","0"
"POINT (7.080835597000032 50.881432210000071)","Unfall 76649 (2020) Kat:2, Licht: 2","76649","2","4","6","02","18","5","0","2","0","1","1","0"
"POINT (7.060901950000073 50.906351571000073)","Unfall 76653 (2020) Kat:3, Licht: 2","76653","3","6","2","02","22","6","0","2","0","1","0","0"
"POINT (6.916568124000037 50.930859873000031)","Unfall 76748 (2020) Kat:2, Licht: 2","76748","2","1","0","02","04","1","0","2","0","0","0","0"
"POINT (6.916725443000075 50.950194230000079)","Unfall 76755 (2020) Kat:3, Licht: 0","76755","3","2","0","02","11","5","0","0","0","1","0","0"
"POINT (6.928338091000057 50.945072929000048)","Unfall 76760 (2020) Kat:3, Licht: 0","76760","3","6","2","02","14","6","0","0","0","1","0","1"
"POINT (6.958124051000027 50.935446055000057)","Unfall 76780 (2020) Kat:3, Licht: 0","76780","3","2","5","02","09","7","0","0","0","1","0","0"
"POINT (7.085475055000075 50.922172186000068)","Unfall 76810 (2020) Kat:3, Licht: 0","76810","3","6","3","02","08","3","0","0","1","1","0","0"
"POINT (7.021780582000076 50.933233726000026)","Unfall 76814 (2020) Kat:3, Licht: 2","76814","3","6","3","02","07","3","1","2","0","1","0","1"
"POINT (6.989035081000054 50.946199168000078)","Unfall 76820 (2020) Kat:3, Licht: 0","76820","3","6","2","02","12","3","1","0","0","1","0","0"
"POINT (6.923002092000047 50.936766337000051)","Unfall 76821 (2020) Kat:3, Licht: 2","76821","3","7","5","02","18","2","0","2","0","1","0","0"
"POINT (6.912463788000025 51.000034327000037)","Unfall 76822 (2020) Kat:3, Licht: 0","76822","3","2","5","02","14","3","1","0","0","1","0","0"
"POINT (6.990747075000058 50.867313455000044)","Unfall 76825 (2020) Kat:3, Licht: 2","76825","3","2","4","02","06","3","1","2","0","1","0","1"
"POINT (6.926594452000074 50.931002649000050)","Unfall 76828 (2020) Kat:2, Licht: 2","76828","2","7","1","02","20","3","1","2","0","1","0","0"
"POINT (6.924696014000062 50.933519467000053)","Unfall 76833 (2020) Kat:3, Licht: 2","76833","3","7","1","02","20","3","1","2","0","1","0","0"
"POINT (7.081017352000060 50.885676672000045)","Unfall 76837 (2020) Kat:3, Licht: 2","76837","3","4","0","02","20","5","0","2","0","0","1","0"
"POINT (6.905083473000047 50.986046586000043)","Unfall 76856 (2020) Kat:3, Licht: 0","76856","3","6","2","02","13","6","0","0","0","1","0","0"
"POINT (6.937954027000046 50.940947365000056)","Unfall 76866 (2020) Kat:3, Licht: 0","76866","3","6","6","02","12","6","0","0","1","0","1","0"
"POINT (7.108981149000044 50.853566300000068)","Unfall 76872 (2020) Kat:3, Licht: 2","76872","3","3","5","02","06","6","0","2","0","1","0","1"
"POINT (6.995950080000057 50.904080002000057)","Unfall 76877 (2020) Kat:3, Licht: 0","76877","3","6","2","02","13","4","0","0","0","1","0","0"
"POINT (6.911137186000076 50.928708620000066)","Unfall 76908 (2020) Kat:3, Licht: 0","76908","3","6","2","02","15","5","0","0","1","1","0","0"
"POINT (7.076948938000044 50.923627462000070)","Unfall 76946 (2020) Kat:3, Licht: 2","76946","3","4","6","02","19","5","1","2","0","1","1","0"
"POINT (7.042925388000072 50.940962706000050)","Unfall 76984 (2020) Kat:3, Licht: 2","76984","3","6","2","02","18","4","0","2","0","1","0","0"
"POINT (7.078316840000070 50.891650662000075)","Unfall 76986 (2020) Kat:3, Licht: 2","76986","3","2","5","02","20","4","0","2","0","1","0","0"
"POINT (6.970728912000027 50.935393706000070)","Unfall 76987 (2020) Kat:3, Licht: 0","76987","3","2","5","02","08","4","0","0","1","1","0","0"
"POINT (7.016393237000045 50.983439799000053)","Unfall 76988 (2020) Kat:3, Licht: 0","76988","3","6","2","02","13","6","0","0","0","1","0","0"
"POINT (6.938797468000075 50.994542765000062)","Unfall 76989 (2020) Kat:3, Licht: 2","76989","3","3","5","02","18","4","0","2","1","1","0","0"
"POINT (6.962474245000067 50.941039460000070)","Unfall 76990 (2020) Kat:3, Licht: 0","76990","3","6","2","02","11","4","0","0","0","1","0","0"
"POINT (7.021963365000033 50.915769873000045)","Unfall 76999 (2020) Kat:2, Licht: 0","76999","2","6","3","02","09","6","0","0","0","1","0","0"
"POINT (6.947233003000065 51.026577856000074)","Unfall 77002 (2020) Kat:3, Licht: 1","77002","3","6","2","02","16","5","1","1","0","1","0","0"
"POINT (6.932817132000025 50.948606344000041)","Unfall 77015 (2020) Kat:3, Licht: 0","77015","3","6","2","02","15","5","1","0","0","1","0","0"
"POINT (7.012448510000070 50.995289690000050)","Unfall 77054 (2020) Kat:3, Licht: 2","77054","3","6","2","02","18","5","1","2","0","1","0","0"
"POINT (6.861655712000072 50.987577233000081)","Unfall 77058 (2020) Kat:2, Licht: 0","77058","2","6","2","02","14","4","0","0","0","1","0","0"
"POINT (6.912795877000065 50.929363128000034)","Unfall 77066 (2020) Kat:3, Licht: 0","77066","3","1","0","02","10","5","1","0","1","0","0","0"
"POINT (6.863832922000029 50.988503800000046)","Unfall 77112 (2020) Kat:3, Licht: 2","77112","3","6","2","02","07","3","1","2","0","1","0","0"
"POINT (7.012733521000030 50.947871632000044)","Unfall 77117 (2020) Kat:3, Licht: 1","77117","3","6","2","02","17","3","0","1","0","1","0","0"