WKT,Name,OBJECTID,UKATEGORIE,UTYP1,UART,UMONAT,USTUNDE,UWOCHENTAG,STRZUSTAND,ULICHTVERH,ISTRAD,ISTPKW,ISTFUSS,ISTKRAD
"POINT (7.075091872000030 50.980333368000061)","Unfall 77119 (2020) Kat:3, Licht: 2","77119","3","6","2","02","21","3","1","2","0","1","0","0"
"POINT (7.034607722000033 50.967411935000030)","Unfall 77120 (2020) Kat:2, Licht: 2","77120","2","6","2","02","20","3","1","2","0","1","0","0"
"POINT (7.053482094000060 50.943662856000060)","Unfall 77121 (2020) Kat:3, Licht: 0","77121","3","1","0","02","10","5","1","0","0","0","0","1"
"POINT (6.902037384000039 50.937055957000041)","Unfall 77122 (2020) Kat:3, Licht: 0","77122","3","1","0","02","17","3","0","0","1","0","0","0"
"POINT (7.076995224000029 50.919045886000049)","Unfall 77146 (2020) Kat:3, Licht: 2","77146","3","6","2","02","18","6","0","2","0","1","0","0"
"POINT (6.894390828000041 50.998432841000067)","Unfall 77157 (2020) Kat:3, Licht: 2","77157","3","6","2","02","17","6","0","2","0","1","0","0"
"POINT (6.954052432000026 50.962966387000051)","Unfall 77176 (2020) Kat:3, Licht: 0","77176","3","2","5","02","11","2","0","0","1","1","0","0"
"POINT (7.027669620000040 50.942804076000073)","Unfall 77193 (2020) Kat:3, Licht: 2","77193","3","6","2","02","02","1","0","2","0","0","0","1"
"POINT (7.050943750000045 50.874804797000081)","Unfall 77222 (2020) Kat:3, Licht: 2","77222","3","6","2","02","18","7","0","2","0","1","0","0"
"POINT (7.075036450000027 50.919345435000082)","Unfall 77232 (2020) Kat:3, Licht: 0","77232","3","6","3","02","15","6","0","0","0","1","0","0"
"POINT (6.864925396000047 50.971489419000079)","Unfall 77233 (2020) Kat:3, Licht: 2","77233","3","6","1","02","18","2","1","2","0","1","0","0"
"POINT (6.945342686000060 50.904496932000029)","Unfall 77238 (2020) Kat:3, Licht: 2","77238","3","3","5","02","18","6","0","2","1","1","0","0"
"POINT (6.865437085000053 51.065055861000076)","Unfall 77282 (2020) Kat:3, Licht: 0","77282","3","6","1","02","14","7","0","0","0","1","0","0"
"POINT (6.962153596000064 50.936249485000076)","Unfall 77311 (2020) Kat:3, Licht: 0","77311","3","1","1","02","10","2","0","0","0","1","0","0"
"POINT (7.087604921000036 50.857624413000053)","Unfall 77316 (2020) Kat:3, Licht: 2","77316","3","3","5","02","21","1","1","2","0","1","0","0"
"POINT (6.965159161000031 50.833064456000045)","Unfall 77339 (2020) Kat:3, Licht: 0","77339","3","6","3","02","11","2","0","0","0","1","0","0"
"POINT (6.962512863000029 50.943104159000029)","Unfall 77344 (2020) Kat:3, Licht: 0","77344","3","6","2","02","17","7","0","0","0","1","0","0"
"POINT (6.944438881000053 50.988347861000079)","Unfall 77356 (2020) Kat:3, Licht: 0","77356","3","1","0","02","16","2","1","0","0","0","0","1"
"POINT (7.012384810000071 50.962863060000075)","Unfall 77404 (2020) Kat:3, Licht: 2","77404","3","5","1","02","19","7","0","2","0","1","1","0"
"POINT (6.945687290000024 50.946551683000052)","Unfall 77413 (2020) Kat:3, Licht: 0","77413","3","2","2","02","17","2","1","0","1","1","0","0"
"POINT (7.097537616000068 50.853834285000062)","Unfall 77445 (2020) Kat:3, Licht: 0","77445","3","6","2","02","09","3","0","0","0","1","0","0"
"POINT (6.938758975000042 50.953366716000062)","Unfall 77460 (2020) Kat:3, Licht: 0","77460","3","6","1","02","11","7","0","0","0","1","0","0"
"POINT (6.842119435000029 50.919356905000029)","Unfall 77493 (2020) Kat:3, Licht: 0","77493","3","6","3","02","07","5","0","0","0","1","0","0"
"POINT (6.877714274000027 51.007400670000038)","Unfall 77498 (2020) Kat:3, Licht: 0","77498","3","6","2","02","10","6","0","0","0","1","0","0"
"POINT (6.926594452000074 50.931002649000050)","Unfall 77499 (2020) Kat:3, Licht: 2","77499","3","4","0","02","18","5","0","2","0","0","1","0"
"POINT (6.865270892000069 50.989029379000044)","Unfall 77510 (2020) Kat:3, Licht: 2","77510","3","6","2","02","18","7","1","2","0","1","0","0"
"POINT (6.974546940000039 50.887566604000028)","Unfall 77513 (2020) Kat:2, Licht: 0","77513","2","1","0","02","10","4","0","0","0","0","0","1"
"POINT (7.092585354000050 50.950616461000038)","Unfall 77516 (2020) Kat:3, Licht: 0","77516","3","7","0","02","08","4","1","0","0","0","0","1"
"POINT (7.023766642000055 50.949844564000045)","Unfall 77530 (2020) Kat:3, Licht: 2","77530","3","6","2","02","18","4","0","2","0","1","0","0"
"POINT (6.983366942000032 50.944400661000032)","Unfall 77537 (2020) Kat:3, Licht: 0","77537","3","6","3","02","08","4","1","0","0","1","0","0"
"POINT (6.837296507000076 50.967258669000046)","Unfall 77542 (2020) Kat:2, Licht: 2","77542","2","7","0","02","06","4","1","2","0","1","0","0"
"POINT (6.908330619000026 50.935851446000072)","Unfall 77545 (2020) Kat:2, Licht: 0","77545","2","6","1","02","13","4","0","0","0","1","0","0"
"POINT (6.945033141000067 50.935954161000041)","Unfall 77549 (2020) Kat:3, Licht: 2","77549","3","6","3","02","20","4","0","2","0","1","0","0"
"POINT (6.951284890000068 50.935404296000058)","Unfall 77552 (2020) Kat:3, Licht: 0","77552","3","2","0","02","15","4","0","0","1","1","0","0"
"POINT (6.955062053000063 50.958548924000070)","Unfall 77563 (2020) Kat:2, Licht: 2","77563","2","6","3","02","20","5","1","2","1","1","0","0"
"POINT (6.987733469000034 50.897118571000078)","Unfall 77570 (2020) Kat:3, Licht: 0","77570","3","6","2","02","16","4","0","0","0","1","0","0"
"POINT (7.051548958000069 50.932362603000058)","Unfall 77579 (2020) Kat:3, Licht: 0","77579","3","6","2","02","11","6","0","0","0","1","0","0"
"POINT (6.929425546000061 50.944707484000048)","Unfall 77580 (2020) Kat:2, Licht: 2","77580","2","7","3","02","22","5","1","2","0","1","0","0"
"POINT (7.092710999000076 50.889191838000045)","Unfall 77584 (2020) Kat:2, Licht: 0","77584","2","6","2","02","11","6","0","0","0","1","0","0"
"POINT (7.097612291000075 50.858801482000047)","Unfall 77592 (2020) Kat:3, Licht: 1","77592","3","3","5","02","06","6","0","1","1","1","0","0"
"POINT (6.911053977000051 50.940218863000041)","Unfall 77631 (2020) Kat:3, Licht: 2","77631","3","1","9","02","21","5","1","2","1","0","0","0"
"POINT (6.962191510000025 50.931110763000049)","Unfall 77647 (2020) Kat:3, Licht: 0","77647","3","7","0","02","13","5","0","0","1","0","0","0"
"POINT (7.072122913000044 50.881453931000067)","Unfall 77697 (2020) Kat:3, Licht: 2","77697","3","7","9","02","22","5","1","2","0","1","0","0"
"POINT (6.866562291000037 50.989464418000068)","Unfall 77704 (2020) Kat:3, Licht: 2","77704","3","6","2","02","18","7","1","2","0","1","0","0"
"POINT (6.908865486000025 50.927857984000070)","Unfall 77715 (2020) Kat:3, Licht: 0","77715","3","3","5","02","14","5","0","0","0","0","0","1"
"POINT (6.924213113000064 51.015846810000028)","Unfall 77732 (2020) Kat:3, Licht: 0","77732","3","6","2","02","16","3","0","0","0","1","0","0"
"POINT (7.082035223000048 50.918652785000063)","Unfall 77735 (2020) Kat:3, Licht: 0","77735","3","4","6","02","10","3","0","0","1","0","1","0"
"POINT (7.021238418000053 50.947506516000033)","Unfall 77742 (2020) Kat:3, Licht: 2","77742","3","6","2","02","20","3","0","2","0","1","0","0"
"POINT (6.919201231000045 50.952859485000033)","Unfall 77759 (2020) Kat:3, Licht: 2","77759","3","6","6","02","22","5","1","2","0","0","1","0"
"POINT (7.091020586000070 50.947749474000034)","Unfall 77772 (2020) Kat:3, Licht: 0","77772","3","3","5","02","11","6","0","0","0","1","0","0"
"POINT (6.928363397000055 50.945042788000080)","Unfall 77773 (2020) Kat:3, Licht: 2","77773","3","1","8","02","20","5","1","2","0","1","0","0"
"POINT (6.938773323000021 50.953375731000051)","Unfall 77821 (2020) Kat:3, Licht: 0","77821","3","1","0","02","10","2","1","0","0","0","0","1"
"POINT (6.932343381000067 50.921409457000038)","Unfall 77822 (2020) Kat:3, Licht: 2","77822","3","1","0","02","02","2","1","2","0","0","0","0"
"POINT (6.851227314000028 51.054534394000029)","Unfall 77824 (2020) Kat:3, Licht: 0","77824","3","2","4","02","14","3","0","0","0","1","0","0"
"POINT (6.955843009000034 50.956927119000056)","Unfall 77825 (2020) Kat:3, Licht: 0","77825","3","2","5","02","16","3","0","0","0","1","0","0"
"POINT (6.942780349000032 50.928624005000074)","Unfall 77826 (2020) Kat:1, Licht: 0","77826","1","7","6","02","16","2","0","0","0","0","1","0"
"POINT (6.849469949000024 50.945115085000054)","Unfall 77915 (2020) Kat:2, Licht: 2","77915","2","1","3","02","23","4","0","2","0","1","0","0"
"POINT (7.013622646000044 50.991642980000051)","Unfall 77917 (2020) Kat:3, Licht: 0","77917","3","3","5","02","07","4","1","0","0","1","0","0"
"POINT (6.928154704000065 50.916541083000027)","Unfall 77990 (2020) Kat:3, Licht: 0","77990","3","6","2","02","11","4","1","0","0","1","0","0"
"POINT (7.033165001000043 50.961324390000073)","Unfall 77992 (2020) Kat:3, Licht: 0","77992","3","6","2","02","17","4","0","0","0","1","0","0"
"POINT (6.999410392000073 50.989452512000071)","Unfall 78059 (2020) Kat:3, Licht: 2","78059","3","2","4","02","18","4","1","2","0","1","0","0"
"POINT (6.909171953000055 50.938394148000043)","Unfall 78096 (2020) Kat:3, Licht: 2","78096","3","1","0","02","22","7","1","2","0","0","0","0"
"POINT (6.911753605000058 50.906793799000070)","Unfall 78124 (2020) Kat:3, Licht: 0","78124","3","7","5","02","12","4","1","0","0","1","0","0"
"POINT (7.062879363000036 50.905210892000071)","Unfall 78138 (2020) Kat:3, Licht: 2","78138","3","2","4","03","18","1","1","2","0","1","0","0"
"POINT (6.925631056000043 50.939779681000061)","Unfall 78173 (2020) Kat:3, Licht: 0","78173","3","7","8","02","16","7","0","0","0","1","0","0"
"POINT (6.963026453000055 50.933812993000060)","Unfall 78195 (2020) Kat:3, Licht: 0","78195","3","6","3","03","09","2","0","0","0","1","0","1"
"POINT (6.992662806000055 50.948241878000033)","Unfall 78254 (2020) Kat:3, Licht: 0","78254","3","6","3","02","09","6","0","0","0","1","0","0"
"POINT (6.933586671000057 50.964659469000026)","Unfall 78268 (2020) Kat:3, Licht: 2","78268","3","4","6","02","05","5","0","2","0","1","1","0"
"POINT (6.920226742000068 50.953797119000058)","Unfall 78276 (2020) Kat:3, Licht: 0","78276","3","1","0","02","15","7","1","0","1","0","0","0"
"POINT (6.906651121000039 50.955536406000078)","Unfall 78277 (2020) Kat:3, Licht: 2","78277","3","4","6","02","19","5","1","2","1","0","1","0"
"POINT (6.952374398000075 50.935398771000052)","Unfall 78281 (2020) Kat:3, Licht: 0","78281","3","3","0","02","09","5","1","0","0","1","0","0"
"POINT (6.883290160000058 50.939513516000034)","Unfall 78282 (2020) Kat:3, Licht: 0","78282","3","7","2","02","10","6","0","0","0","1","0","0"
"POINT (6.858539264000058 50.921903045000079)","Unfall 78293 (2020) Kat:3, Licht: 1","78293","3","6","4","02","07","6","2","1","0","1","0","0"
"POINT (6.908858605000035 50.927844065000045)","Unfall 78299 (2020) Kat:2, Licht: 0","78299","2","1","0","02","07","6","2","0","1","0","0","0"
"POINT (7.066472112000042 50.860299016000056)","Unfall 78302 (2020) Kat:3, Licht: 0","78302","3","1","8","03","16","1","0","0","0","0","0","1"
"POINT (6.957474616000070 50.849453612000048)","Unfall 78315 (2020) Kat:3, Licht: 0","78315","3","6","3","02","12","6","0","0","0","1","0","0"
"POINT (6.916592388000026 50.950276719000044)","Unfall 78362 (2020) Kat:3, Licht: 2","78362","3","3","5","03","22","2","1","2","0","1","0","0"
"POINT (6.934538130000021 50.935445337000033)","Unfall 78383 (2020) Kat:2, Licht: 2","78383","2","3","5","03","21","1","1","2","0","1","0","0"
"POINT (7.036949624000044 50.996522481000056)","Unfall 78420 (2020) Kat:3, Licht: 2","78420","3","2","4","02","18","6","1","2","0","1","0","0"
"POINT (6.926593821000040 50.942678391000072)","Unfall 78443 (2020) Kat:3, Licht: 0","78443","3","3","5","02","17","7","1","0","1","1","0","0"
"POINT (6.947419847000049 50.984067047000053)","Unfall 78499 (2020) Kat:3, Licht: 2","78499","3","2","6","02","19","6","1","2","0","1","1","0"
"POINT (6.919398129000058 50.915410942000051)","Unfall 78520 (2020) Kat:2, Licht: 0","78520","2","5","0","02","12","7","0","0","1","1","0","0"
"POINT (6.931274116000054 50.947340100000076)","Unfall 78524 (2020) Kat:3, Licht: 2","78524","3","6","2","03","22","2","1","2","0","1","0","0"
"POINT (6.864962582000032 51.064732729000070)","Unfall 78537 (2020) Kat:3, Licht: 0","78537","3","3","5","03","16","3","0","0","1","1","0","0"
"POINT (6.894318539000039 50.990877054000066)","Unfall 78545 (2020) Kat:3, Licht: 0","78545","3","6","2","03","15","5","1","0","0","1","0","0"
"POINT (6.896627313000067 50.937177480000059)","Unfall 78546 (2020) Kat:3, Licht: 0","78546","3","2","3","03","10","3","1","0","1","0","0","0"
"POINT (6.912746137000056 50.936956337000026)","Unfall 78549 (2020) Kat:2, Licht: 0","78549","2","1","1","03","11","3","0","0","0","1","0","0"
"POINT (6.963399060000029 50.936328386000071)","Unfall 78553 (2020) Kat:3, Licht: 2","78553","3","1","0","03","02","1","0","2","0","0","0","0"
"POINT (6.918924630000049 50.952273794000064)","Unfall 78554 (2020) Kat:3, Licht: 0","78554","3","6","3","03","16","3","1","0","0","1","0","0"
"POINT (6.956762039000068 50.921963404000053)","Unfall 78558 (2020) Kat:3, Licht: 1","78558","3","5","3","03","17","4","1","1","1","1","0","0"
"POINT (7.025012934000074 50.944730371000048)","Unfall 78559 (2020) Kat:3, Licht: 0","78559","3","2","0","03","13","6","0","0","1","1","0","0"
"POINT (6.900327789000073 50.937277984000048)","Unfall 78560 (2020) Kat:3, Licht: 2","78560","3","2","2","03","00","5","1","2","0","1","0","0"
"POINT (6.943450163000023 50.989733176000072)","Unfall 78566 (2020) Kat:3, Licht: 2","78566","3","5","0","03","20","5","1","2","1","1","0","0"
"POINT (6.924782133000065 50.936876666000046)","Unfall 78569 (2020) Kat:3, Licht: 2","78569","3","1","0","03","19","3","1","2","1","0","0","0"
"POINT (6.985554174000072 50.892417148000050)","Unfall 78574 (2020) Kat:2, Licht: 2","78574","2","7","9","03","20","3","1","2","0","1","0","0"
"POINT (6.936721854000041 50.936500644000034)","Unfall 78583 (2020) Kat:3, Licht: 0","78583","3","5","0","03","11","3","0","0","0","1","0","0"
"POINT (6.956531195000025 50.922178801000030)","Unfall 78589 (2020) Kat:3, Licht: 2","78589","3","3","5","03","18","3","1","2","1","1","0","0"
"POINT (7.039978937000058 50.909990381000057)","Unfall 78617 (2020) Kat:2, Licht: 2","78617","2","1","2","03","20","7","0","2","0","1","0","0"
"POINT (6.917009231000066 50.950005160000046)","Unfall 78653 (2020) Kat:3, Licht: 2","78653","3","1","0","03","22","5","1","2","1","0","0","0"
"POINT (6.927777069000058 50.916177610000034)","Unfall 78671 (2020) Kat:3, Licht: 0","78671","3","6","1","03","15","5","1","0","0","1","0","0"
"POINT (6.843375058000049 50.980761930000028)","Unfall 78703 (2020) Kat:3, Licht: 0","78703","3","6","2","03","14","7","0","0","0","1","0","0"
"POINT (7.011750095000025 50.936921030000065)","Unfall 78717 (2020) Kat:3, Licht: 0","78717","3","7","0","03","14","5","1","0","1","0","0","0"
"POINT (6.878707957000074 51.006440086000055)","Unfall 78729 (2020) Kat:3, Licht: 0","78729","3","6","2","03","12","6","0","0","0","1","0","0"
"POINT (7.059686945000067 50.922462452000048)","Unfall 78732 (2020) Kat:3, Licht: 0","78732","3","6","3","03","10","5","0","0","0","1","0","0"
"POINT (6.948385132000055 50.894080579000047)","Unfall 78735 (2020) Kat:3, Licht: 0","78735","3","3","5","03","16","4","1","0","1","1","0","0"
"POINT (7.063491462000059 50.945387460000063)","Unfall 78736 (2020) Kat:3, Licht: 0","78736","3","3","5","03","10","6","1","0","0","1","0","0"
"POINT (6.925487016000034 50.939842751000072)","Unfall 78738 (2020) Kat:3, Licht: 0","78738","3","3","5","03","16","5","1","0","1","1","0","0"
"POINT (7.054805833000046 50.907469415000037)","Unfall 78809 (2020) Kat:3, Licht: 0","78809","3","6","2","03","15","5","1","0","0","1","0","0"
"POINT (6.963371074000065 50.945384982000064)","Unfall 78822 (2020) Kat:3, Licht: 0","78822","3","3","5","03","07","4","1","0","0","1","0","0"
"POINT (6.917934430000059 50.916113964000033)","Unfall 78823 (2020) Kat:3, Licht: 0","78823","3","6","1","03","09","6","1","0","0","1","0","0"
"POINT (6.912428723000062 51.000035514000047)","Unfall 78831 (2020) Kat:3, Licht: 0","78831","3","2","2","03","11","5","1","0","0","1","0","0"
"POINT (6.895695252000053 50.914694943000029)","Unfall 78851 (2020) Kat:3, Licht: 0","78851","3","2","4","03","15","5","1","0","0","1","0","0"
"POINT (7.053606449000029 50.930355927000051)","Unfall 78869 (2020) Kat:3, Licht: 0","78869","3","6","2","03","17","3","1","0","0","1","0","0"
"POINT (7.058612453000023 50.944526067000027)","Unfall 78877 (2020) Kat:3, Licht: 0","78877","3","6","2","03","07","3","1","0","0","1","0","0"
"POINT (6.908562170000039 51.005968520000067)","Unfall 78888 (2020) Kat:2, Licht: 2","78888","2","7","3","03","19","3","0","2","0","1","0","0"
"POINT (7.011613809000039 50.906962512000064)","Unfall 78891 (2020) Kat:3, Licht: 0","78891","3","2","3","03","13","3","0","0","1","1","0","0"
"POINT (7.088966549000077 50.857859553000026)","Unfall 78895 (2020) Kat:3, Licht: 0","78895","3","3","5","03","11","5","1","0","0","1","0","0"
"POINT (6.996901663000074 50.998572229000047)","Unfall 78913 (2020) Kat:2, Licht: 0","78913","2","7","0","03","11","4","0","0","0","0","0","1"
"POINT (7.003820478000023 50.938086277000082)","Unfall 78914 (2020) Kat:3, Licht: 0","78914","3","5","0","03","15","6","1","0","1","1","0","0"
"POINT (6.871676500000035 50.976363514000070)","Unfall 78915 (2020) Kat:3, Licht: 2","78915","3","3","5","03","22","5","1","2","0","1","0","0"
"POINT (6.877792152000041 51.007133085000078)","Unfall 78949 (2020) Kat:3, Licht: 0","78949","3","6","2","03","10","4","0","0","0","0","0","0"
"POINT (6.971690246000037 50.938503551000053)","Unfall 78960 (2020) Kat:3, Licht: 0","78960","3","3","5","03","17","3","1","0","1","1","0","0"
"POINT (6.850136744000054 50.978483618000041)","Unfall 78973 (2020) Kat:3, Licht: 2","78973","3","6","2","03","21","7","0","2","0","1","0","0"
"POINT (6.982591650000074 50.935429047000071)","Unfall 78977 (2020) Kat:2, Licht: 0","78977","2","6","2","03","09","5","0","0","0","1","0","0"
"POINT (7.006699814000058 50.969440971000040)","Unfall 79017 (2020) Kat:3, Licht: 0","79017","3","2","6","03","11","4","1","0","0","1","1","0"
"POINT (6.997867634000045 50.885696423000070)","Unfall 79039 (2020) Kat:3, Licht: 2","79039","3","4","6","03","18","4","1","2","0","1","1","0"
"POINT (6.922715539000024 50.932894928000053)","Unfall 79052 (2020) Kat:3, Licht: 0","79052","3","6","3","03","10","5","0","0","1","0","0","0"
"POINT (7.027842231000022 50.942679438000027)","Unfall 79059 (2020) Kat:3, Licht: 0","79059","3","6","3","03","13","5","0","0","0","1","0","1"
"POINT (7.011906828000065 50.850159963000067)","Unfall 79064 (2020) Kat:3, Licht: 0","79064","3","7","7","03","17","3","0","0","0","1","0","0"
"POINT (7.002533422000056 50.959853927000040)","Unfall 79066 (2020) Kat:3, Licht: 0","79066","3","6","3","03","13","3","1","0","0","1","0","0"
"POINT (6.893926995000072 50.995215424000037)","Unfall 79068 (2020) Kat:3, Licht: 0","79068","3","6","3","03","16","5","0","0","0","1","0","0"
"POINT (6.871672830000023 50.976351614000066)","Unfall 79069 (2020) Kat:3, Licht: 2","79069","3","4","6","03","23","3","1","2","0","0","1","1"
"POINT (6.955743101000053 50.957123556000056)","Unfall 79108 (2020) Kat:3, Licht: 0","79108","3","6","2","03","10","4","1","0","0","1","0","0"
"POINT (7.042522372000065 50.929702873000053)","Unfall 79112 (2020) Kat:2, Licht: 2","79112","2","1","8","03","00","4","1","2","0","1","0","0"
"POINT (7.021950987000025 50.915981957000042)","Unfall 79134 (2020) Kat:2, Licht: 0","79134","2","6","3","03","14","5","0","0","0","1","0","0"
"POINT (6.879792319000046 50.937781487000052)","Unfall 79148 (2020) Kat:3, Licht: 0","79148","3","2","5","03","13","5","0","0","1","1","0","0"
"POINT (7.070345962000033 50.978628863000040)","Unfall 79205 (2020) Kat:3, Licht: 1","79205","3","2","5","03","18","4","1","1","1","1","0","0"
"POINT (6.958861551000041 50.903673151000078)","Unfall 79214 (2020) Kat:3, Licht: 0","79214","3","3","1","03","15","6","0","0","0","1","0","0"
"POINT (7.031173651000074 50.936939390000077)","Unfall 79219 (2020) Kat:3, Licht: 0","79219","3","1","4","03","07","5","1","0","0","1","0","0"
"POINT (6.910667059000048 50.939766452000072)","Unfall 79227 (2020) Kat:3, Licht: 0","79227","3","2","5","03","13","4","1","0","0","1","0","0"
"POINT (6.890398737000055 50.924677819000067)","Unfall 79241 (2020) Kat:3, Licht: 0","79241","3","6","3","03","16","5","0","0","0","1","0","0"
"POINT (7.016675785000075 50.982913217000032)","Unfall 79254 (2020) Kat:3, Licht: 2","79254","3","1","0","03","21","4","1","2","0","1","0","0"
"POINT (11.579075694000039 50.871416973000066)","Unfall 79255 (2020) Kat:3, Licht: 1","79255","3","6","2","03","06","5","0","1","0","1","0","0"
"POINT (7.081017704000033 50.885675724000066)","Unfall 79275 (2020) Kat:3, Licht: 0","79275","3","6","1","03","16","4","1","0","0","1","0","0"
"POINT (6.940600812000071 50.992717442000071)","Unfall 79295 (2020) Kat:3, Licht: 0","79295","3","6","2","03","14","4","1","0","0","1","0","0"
"POINT (6.896653753000066 50.925593237000044)","Unfall 79316 (2020) Kat:3, Licht: 0","79316","3","2","5","03","15","4","0","0","1","1","0","0"
"POINT (6.968589984000062 50.886552408000057)","Unfall 79322 (2020) Kat:3, Licht: 2","79322","3","1","9","03","23","4","1","2","0","1","0","0"
"POINT (7.032528974000059 50.917740241000047)","Unfall 79323 (2020) Kat:2, Licht: 0","79323","2","6","2","03","16","5","0","0","0","1","0","0"
"POINT (7.013716253000041 50.954188726000041)","Unfall 79336 (2020) Kat:3, Licht: 0","79336","3","1","2","03","13","5","0","0","0","1","0","0"
"POINT (7.005632702000071 50.964434662000031)","Unfall 79388 (2020) Kat:3, Licht: 0","79388","3","3","5","03","17","2","0","0","0","1","0","0"
"POINT (7.092962960000023 50.929659133000030)","Unfall 79389 (2020) Kat:3, Licht: 0","79389","3","6","2","03","05","4","1","0","1","1","0","0"
"POINT (6.874814246000028 50.968533807000028)","Unfall 79392 (2020) Kat:3, Licht: 0","79392","3","6","2","03","13","2","1","0","0","1","0","0"
"POINT (6.962393667000072 50.936267448000081)","Unfall 79395 (2020) Kat:3, Licht: 0","79395","3","3","6","03","08","2","1","0","0","1","1","1"
"POINT (7.093002122000030 50.929696638000053)","Unfall 79402 (2020) Kat:3, Licht: 0","79402","3","2","4","03","07","5","0","0","0","1","0","0"
"POINT (6.864554993000070 50.952578894000055)","Unfall 79410 (2020) Kat:3, Licht: 2","79410","3","1","8","03","03","4","1","2","0","1","0","0"
"POINT (6.915514372000075 50.949311087000069)","Unfall 79424 (2020) Kat:3, Licht: 0","79424","3","3","1","03","10","5","0","0","1","1","0","0"
"POINT (7.067242551000049 50.908886779000056)","Unfall 79441 (2020) Kat:3, Licht: 0","79441","3","6","2","03","17","4","0","0","0","1","0","0"
"POINT (7.085267395000074 50.881338424000035)","Unfall 79474 (2020) Kat:3, Licht: 0","79474","3","3","5","03","11","4","0","0","0","1","0","0"
"POINT (6.920030413000063 50.931999463000068)","Unfall 79479 (2020) Kat:3, Licht: 0","79479","3","1","0","03","16","7","0","0","1","0","0","0"
"POINT (6.911112954000032 50.940287822000073)","Unfall 79497 (2020) Kat:3, Licht: 0","79497","3","6","1","03","16","4","0","0","0","0","0","1"
"POINT (6.881645175000074 51.033954846000029)","Unfall 79504 (2020) Kat:3, Licht: 0","79504","3","6","1","03","18","3","0","0","0","1","0","1"
"POINT (6.924787849000040 50.936754552000082)","Unfall 79505 (2020) Kat:3, Licht: 2","79505","3","3","5","03","21","6","1","2","1","1","0","0"
"POINT (7.041021491000038 50.943032365000079)","Unfall 79534 (2020) Kat:3, Licht: 0","79534","3","6","2","03","12","7","0","0","0","1","0","0"
"POINT (7.083450276000065 50.870281099000067)","Unfall 79545 (2020) Kat:3, Licht: 2","79545","3","7","0","03","23","2","0","2","0","0","0","1"
"POINT (6.973880008000037 50.864638170000035)","Unfall 79547 (2020) Kat:3, Licht: 0","79547","3","6","2","03","09","5","0","0","0","0","0","1"
"POINT (7.108981626000059 50.853556753000078)","Unfall 79568 (2020) Kat:3, Licht: 0","79568","3","2","4","03","14","4","0","0","0","1","0","1"
"POINT (6.912877271000070 50.936784997000075)","Unfall 79596 (2020) Kat:3, Licht: 0","79596","3","2","5","03","08","3","0","0","1","1","0","0"
"POINT (6.950579857000037 50.935427022000056)","Unfall 79597 (2020) Kat:2, Licht: 0","79597","2","6","3","03","11","6","0","0","0","1","0","1"
"POINT (7.107190641000045 50.915630285000077)","Unfall 79606 (2020) Kat:3, Licht: 0","79606","3","2","4","03","16","7","0","0","0","1","0","0"
"POINT (6.957194554000068 50.953271701000062)","Unfall 79613 (2020) Kat:3, Licht: 0","79613","3","7","6","03","14","7","0","0","0","1","1","0"
"POINT (6.898302925000053 50.996119105000048)","Unfall 79627 (2020) Kat:3, Licht: 0","79627","3","6","1","03","19","7","0","0","0","1","0","0"
"POINT (7.057230830000037 50.974348441000075)","Unfall 79662 (2020) Kat:3, Licht: 0","79662","3","2","5","03","11","4","0","0","0","1","0","1"
"POINT (6.985601722000070 50.886799893000045)","Unfall 79668 (2020) Kat:3, Licht: 0","79668","3","6","2","03","12","2","0","0","0","1","0","0"
"POINT (6.917466990000037 50.949709182000049)","Unfall 79674 (2020) Kat:3, Licht: 0","79674","3","7","0","03","11","7","0","0","1","1","0","0"
"POINT (6.958892631000026 50.921229322000045)","Unfall 79693 (2020) Kat:3, Licht: 0","79693","3","7","6","03","17","3","0","0","1","0","1","0"
"POINT (7.004211779000059 50.938150883000048)","Unfall 79700 (2020) Kat:3, Licht: 0","79700","3","5","3","03","13","6","0","0","1","1","0","0"
"POINT (6.997827192000045 50.905859278000037)","Unfall 79703 (2020) Kat:3, Licht: 0","79703","3","6","3","03","17","1","0","0","0","1","0","0"
"POINT (7.062876699000071 50.905212330000040)","Unfall 79743 (2020) Kat:3, Licht: 0","79743","3","3","5","03","07","5","0","0","0","1","0","0"
"POINT (7.096866162000026 50.858777060000079)","Unfall 79764 (2020) Kat:3, Licht: 0","79764","3","2","1","03","14","4","0","0","0","1","0","0"
"POINT (6.831711552000058 50.964955997000061)","Unfall 79795 (2020) Kat:3, Licht: 0","79795","3","1","0","03","17","3","0","0","1","0","0","0"
"POINT (6.957988223000029 50.950952000000029)","Unfall 79797 (2020) Kat:3, Licht: 0","79797","3","7","0","03","10","6","0","0","1","0","0","0"
"POINT (7.032561331000068 50.967643429000077)","Unfall 79835 (2020) Kat:3, Licht: 0","79835","3","6","3","03","16","2","0","0","0","1","0","0"
"POINT (6.931147132000035 50.954265955000039)","Unfall 79846 (2020) Kat:3, Licht: 0","79846","3","6","3","03","13","5","0","0","0","1","0","0"
"POINT (7.073429415000021 50.979733974000055)","Unfall 79860 (2020) Kat:3, Licht: 0","79860","3","6","2","03","16","4","0","0","0","1","0","0"
"POINT (6.830656297000076 50.945614020000050)","Unfall 79870 (2020) Kat:3, Licht: 0","79870","3","2","0","03","17","7","0","0","1","1","0","0"
"POINT (6.966333681000037 50.847826472000065)","Unfall 79887 (2020) Kat:3, Licht: 0","79887","3","7","4","03","11","3","0","0","0","1","0","0"