WKT,Name,OBJECTID,UKATEGORIE,UTYP1,UART,UMONAT,USTUNDE,UWOCHENTAG,STRZUSTAND,ULICHTVERH,ISTRAD,ISTPKW,ISTFUSS,ISTKRAD
"POINT (6.960540160000051 50.935472263000065)","Unfall 79888 (2020) Kat:3, Licht: 0","79888","3","1","0","03","16","6","0","0","0","0","0","0"
"POINT (6.947198473000071 51.026689387000033)","Unfall 79916 (2020) Kat:3, Licht: 2","79916","3","6","2","03","20","6","0","2","0","1","0","0"
"POINT (6.928280641000072 50.863598817000081)","Unfall 79942 (2020) Kat:3, Licht: 0","79942","3","2","4","03","15","3","0","0","0","1","0","0"
"POINT (6.931524793000051 50.919732678000059)","Unfall 79968 (2020) Kat:3, Licht: 0","79968","3","7","1","03","16","2","0","0","0","1","0","0"
"POINT (6.893514919000040 50.999907685000039)","Unfall 79980 (2020) Kat:3, Licht: 0","79980","3","6","0","03","11","7","0","0","1","1","0","0"
"POINT (6.953686528000048 50.964684418000047)","Unfall 80019 (2020) Kat:3, Licht: 0","80019","3","6","3","03","12","6","0","0","1","1","0","0"
"POINT (6.968900612000027 50.878350986000044)","Unfall 80072 (2020) Kat:3, Licht: 0","80072","3","6","3","03","08","4","0","0","0","1","0","0"
"POINT (7.080588828000032 50.946350477000067)","Unfall 80075 (2020) Kat:3, Licht: 2","80075","3","7","0","03","19","4","0","2","1","0","0","0"
"POINT (6.915735058000053 50.950830809000081)","Unfall 80076 (2020) Kat:3, Licht: 0","80076","3","1","0","03","12","2","0","0","1","0","0","0"
"POINT (6.928424024000037 50.889732228000071)","Unfall 80085 (2020) Kat:2, Licht: 0","80085","2","6","2","04","10","4","0","0","0","1","0","0"
"POINT (6.969279631000063 50.930922725000073)","Unfall 80097 (2020) Kat:3, Licht: 0","80097","3","6","2","04","14","4","0","0","0","1","0","0"
"POINT (6.830684728000051 50.945590903000038)","Unfall 80122 (2020) Kat:3, Licht: 0","80122","3","3","4","03","13","6","0","0","0","1","0","1"
"POINT (6.984245577000024 50.894267129000070)","Unfall 80139 (2020) Kat:2, Licht: 0","80139","2","6","3","03","07","2","0","0","0","1","0","0"
"POINT (6.851219872000058 51.054533302000038)","Unfall 80152 (2020) Kat:3, Licht: 2","80152","3","3","5","03","05","3","1","2","0","1","0","1"
"POINT (6.869409142000052 51.013189394000051)","Unfall 80170 (2020) Kat:2, Licht: 2","80170","2","7","9","03","02","2","0","2","0","1","0","0"
"POINT (6.997220820000052 50.865495024000040)","Unfall 80181 (2020) Kat:3, Licht: 0","80181","3","2","5","03","15","2","0","0","0","1","0","0"
"POINT (6.958069267000042 51.026082848000044)","Unfall 80193 (2020) Kat:3, Licht: 0","80193","3","2","5","03","12","7","0","0","1","1","0","0"
"POINT (6.886533170000064 50.908918149000044)","Unfall 80197 (2020) Kat:3, Licht: 0","80197","3","6","3","03","12","4","0","0","0","1","0","0"
"POINT (6.939656623000076 50.933667061000051)","Unfall 80226 (2020) Kat:3, Licht: 0","80226","3","2","5","03","09","6","0","0","1","1","0","0"
"POINT (6.954724031000069 50.995937873000059)","Unfall 80230 (2020) Kat:3, Licht: 0","80230","3","1","0","03","16","6","0","0","1","0","0","0"
"POINT (7.106214858000044 50.880195856000057)","Unfall 80257 (2020) Kat:2, Licht: 0","80257","2","1","7","03","16","3","0","0","1","0","0","0"
"POINT (6.928394210000022 50.945032931000071)","Unfall 80261 (2020) Kat:3, Licht: 0","80261","3","6","2","03","09","3","0","0","1","1","0","0"
"POINT (6.908325080000054 50.935829704000071)","Unfall 80264 (2020) Kat:3, Licht: 0","80264","3","1","2","03","13","3","0","0","0","1","0","0"
"POINT (6.934646698000051 50.936529099000040)","Unfall 80266 (2020) Kat:3, Licht: 0","80266","3","3","5","03","09","3","0","0","1","0","0","0"
"POINT (6.932080176000056 50.921409539000081)","Unfall 80281 (2020) Kat:3, Licht: 0","80281","3","2","6","03","15","2","0","0","0","1","1","0"
"POINT (7.042876920000026 50.864725343000032)","Unfall 80289 (2020) Kat:3, Licht: 0","80289","3","1","7","03","16","2","0","0","1","0","0","0"
"POINT (7.053663233000066 50.914702193000039)","Unfall 80295 (2020) Kat:3, Licht: 2","80295","3","1","0","03","00","1","0","2","0","0","0","1"
"POINT (7.024301639000044 50.855614223000032)","Unfall 80311 (2020) Kat:3, Licht: 2","80311","3","1","0","04","20","4","0","2","0","0","0","1"
"POINT (6.924545516000023 50.936147678000054)","Unfall 80321 (2020) Kat:3, Licht: 0","80321","3","6","1","03","14","5","0","0","0","1","0","0"
"POINT (6.912395530000026 51.000036637000051)","Unfall 80332 (2020) Kat:2, Licht: 0","80332","2","1","7","03","14","6","0","0","1","0","0","0"
"POINT (6.954052432000026 50.962966387000051)","Unfall 80364 (2020) Kat:3, Licht: 0","80364","3","2","5","03","11","3","0","0","1","1","0","0"
"POINT (6.953417228000035 50.850171406000072)","Unfall 80389 (2020) Kat:2, Licht: 0","80389","2","7","1","03","17","2","0","0","0","1","0","0"
"POINT (6.948625979000042 50.978654748000054)","Unfall 80400 (2020) Kat:3, Licht: 0","80400","3","2","5","03","17","7","0","0","0","1","0","0"
"POINT (7.002549206000026 50.959878208000077)","Unfall 80408 (2020) Kat:3, Licht: 0","80408","3","6","2","03","15","6","0","0","0","1","0","0"
"POINT (6.979006888000072 50.849144668000065)","Unfall 80410 (2020) Kat:3, Licht: 0","80410","3","1","9","04","13","4","0","0","0","1","0","1"
"POINT (6.830745494000041 50.961599480000075)","Unfall 80414 (2020) Kat:3, Licht: 0","80414","3","3","2","03","07","2","0","0","1","1","0","0"
"POINT (6.936522497000055 50.936503380000033)","Unfall 80416 (2020) Kat:2, Licht: 0","80416","2","5","0","03","16","2","0","0","1","1","0","0"
"POINT (6.933351479000066 50.921542323000040)","Unfall 80420 (2020) Kat:3, Licht: 0","80420","3","6","3","03","11","2","0","0","0","1","0","0"
"POINT (6.928338091000057 50.945072929000048)","Unfall 80434 (2020) Kat:3, Licht: 0","80434","3","1","9","03","18","6","0","0","0","0","1","0"
"POINT (6.977853718000063 50.936251430000027)","Unfall 80436 (2020) Kat:3, Licht: 0","80436","3","6","3","03","18","7","0","0","1","1","0","0"
"POINT (6.875952907000055 50.937756478000040)","Unfall 80455 (2020) Kat:3, Licht: 0","80455","3","3","5","04","16","1","0","0","1","1","0","0"
"POINT (6.976281563000043 50.894795240000064)","Unfall 80487 (2020) Kat:3, Licht: 2","80487","3","1","0","04","05","2","0","2","0","0","0","1"
"POINT (7.130084697000029 50.886339980000059)","Unfall 80490 (2020) Kat:2, Licht: 0","80490","2","2","4","04","17","2","0","0","0","1","0","1"
"POINT (6.937182619000055 50.996904819000065)","Unfall 80541 (2020) Kat:3, Licht: 0","80541","3","6","2","04","17","2","0","0","1","0","0","0"
"POINT (7.011654913000029 50.907022382000036)","Unfall 80553 (2020) Kat:3, Licht: 0","80553","3","1","0","04","14","7","0","0","1","0","0","0"
"POINT (6.826377637000064 50.933984152000050)","Unfall 80563 (2020) Kat:2, Licht: 0","80563","2","1","0","04","14","7","0","0","1","0","0","0"
"POINT (6.981572531000040 50.939262456000051)","Unfall 80564 (2020) Kat:3, Licht: 0","80564","3","1","3","04","16","1","0","0","0","1","0","1"
"POINT (6.937457616000074 50.936490167000045)","Unfall 80567 (2020) Kat:2, Licht: 2","80567","2","7","0","04","01","6","0","2","0","0","0","0"
"POINT (6.960962692000067 50.950060342000029)","Unfall 80577 (2020) Kat:3, Licht: 0","80577","3","1","9","04","15","7","0","0","0","1","0","1"
"POINT (6.932602993000046 50.934796041000027)","Unfall 80595 (2020) Kat:3, Licht: 0","80595","3","6","2","04","18","7","0","0","1","1","0","0"
"POINT (6.929433978000077 50.944704822000062)","Unfall 80596 (2020) Kat:3, Licht: 0","80596","3","1","0","04","17","2","0","0","1","0","0","0"
"POINT (7.041331656000068 50.929189389000044)","Unfall 80650 (2020) Kat:3, Licht: 0","80650","3","6","2","04","14","2","0","0","0","1","0","0"
"POINT (7.026631829000053 50.940192182000033)","Unfall 80671 (2020) Kat:3, Licht: 0","80671","3","3","5","04","12","1","0","0","1","1","0","0"
"POINT (6.932774970000025 50.952824360000079)","Unfall 80674 (2020) Kat:3, Licht: 0","80674","3","3","0","04","15","5","0","0","1","0","0","1"
"POINT (6.944279015000063 50.889288904000068)","Unfall 80677 (2020) Kat:3, Licht: 0","80677","3","6","2","04","17","5","0","0","0","1","0","0"
"POINT (6.920884812000054 50.909563417000072)","Unfall 80680 (2020) Kat:3, Licht: 2","80680","3","4","6","04","04","5","0","2","0","1","1","0"
"POINT (6.879513420000023 51.000004898000043)","Unfall 80699 (2020) Kat:3, Licht: 0","80699","3","2","3","04","17","2","0","0","1","0","0","0"
"POINT (7.097543539000071 50.853764780000063)","Unfall 80722 (2020) Kat:3, Licht: 0","80722","3","6","2","04","14","4","0","0","0","1","0","0"
"POINT (6.935755242000028 50.878054903000077)","Unfall 80734 (2020) Kat:2, Licht: 0","80734","2","1","8","04","16","4","0","0","0","1","0","0"
"POINT (7.077806524000039 50.892691561000049)","Unfall 80741 (2020) Kat:3, Licht: 0","80741","3","2","2","04","16","4","0","0","0","1","0","1"
"POINT (6.940245572000038 50.993073549000030)","Unfall 80742 (2020) Kat:3, Licht: 0","80742","3","1","9","04","11","5","0","0","1","0","0","0"
"POINT (6.966475910000042 50.950360947000036)","Unfall 80793 (2020) Kat:3, Licht: 0","80793","3","6","1","04","20","4","0","0","0","1","0","0"
"POINT (6.964765564000061 50.948169987000028)","Unfall 80794 (2020) Kat:2, Licht: 0","80794","2","1","0","04","18","5","0","0","1","0","0","0"
"POINT (6.928306123000027 51.008915276000039)","Unfall 80853 (2020) Kat:2, Licht: 0","80853","2","3","2","04","16","4","0","0","1","1","0","0"
"POINT (6.973352354000042 50.939887672000054)","Unfall 80854 (2020) Kat:3, Licht: 2","80854","3","6","2","04","22","3","0","2","0","1","0","0"
"POINT (7.038476202000027 50.968192431000034)","Unfall 80860 (2020) Kat:3, Licht: 0","80860","3","6","3","04","08","5","0","0","0","1","0","0"
"POINT (6.851151698000024 50.978012196000066)","Unfall 80869 (2020) Kat:3, Licht: 2","80869","3","3","5","04","21","3","0","2","0","1","0","0"
"POINT (6.935824237000077 50.923449582000046)","Unfall 80880 (2020) Kat:2, Licht: 0","80880","2","3","5","04","08","3","0","0","1","1","0","0"
"POINT (6.895448516000045 50.998882702000060)","Unfall 80894 (2020) Kat:3, Licht: 0","80894","3","6","3","04","15","6","0","0","0","1","0","0"
"POINT (7.006994876000022 50.970987871000034)","Unfall 80913 (2020) Kat:2, Licht: 0","80913","2","2","5","04","12","4","0","0","1","1","0","0"
"POINT (6.892982722000056 50.961201466000034)","Unfall 80914 (2020) Kat:3, Licht: 0","80914","3","7","0","04","10","5","0","0","1","0","0","0"
"POINT (6.890417554000067 50.924678670000048)","Unfall 80924 (2020) Kat:3, Licht: 0","80924","3","3","5","04","06","3","0","0","0","1","0","0"
"POINT (6.918544628000063 50.915685070000052)","Unfall 80927 (2020) Kat:3, Licht: 0","80927","3","7","0","04","13","4","0","0","0","0","0","1"
"POINT (6.940791021000052 50.928401670000028)","Unfall 80928 (2020) Kat:3, Licht: 0","80928","3","7","6","04","15","3","0","0","0","0","1","0"
"POINT (6.887142663000020 50.932257192000066)","Unfall 80968 (2020) Kat:3, Licht: 0","80968","3","7","0","04","18","4","0","0","1","0","0","0"
"POINT (6.934852562000060 50.942631413000072)","Unfall 80969 (2020) Kat:3, Licht: 0","80969","3","3","5","04","12","5","0","0","0","1","0","0"
"POINT (6.938888412000040 50.953305975000035)","Unfall 81029 (2020) Kat:3, Licht: 0","81029","3","6","2","04","17","3","0","0","0","1","0","0"
"POINT (6.985052361000044 50.930855340000051)","Unfall 81050 (2020) Kat:3, Licht: 2","81050","3","1","9","04","02","2","0","2","0","1","0","0"
"POINT (6.857411198000023 50.932058823000034)","Unfall 81056 (2020) Kat:3, Licht: 0","81056","3","3","5","04","11","2","1","0","0","1","0","0"
"POINT (7.052782541000056 50.915728442000045)","Unfall 81116 (2020) Kat:1, Licht: 0","81116","1","7","4","04","17","7","0","0","0","0","0","1"
"POINT (7.001620781000042 50.937777784000048)","Unfall 81118 (2020) Kat:3, Licht: 0","81118","3","6","2","04","18","7","0","0","1","1","0","0"
"POINT (6.979231117000040 50.939902798000048)","Unfall 81119 (2020) Kat:2, Licht: 2","81119","2","7","5","04","21","7","0","2","0","1","0","0"
"POINT (6.953677385000049 50.964731171000039)","Unfall 81123 (2020) Kat:3, Licht: 0","81123","3","2","0","04","18","7","0","0","0","1","0","1"
"POINT (6.837822446000075 51.039983184000050)","Unfall 81126 (2020) Kat:3, Licht: 0","81126","3","1","8","04","12","7","0","0","0","1","0","0"
"POINT (6.952785139000071 50.968865294000068)","Unfall 81134 (2020) Kat:3, Licht: 0","81134","3","2","5","04","17","3","0","0","1","1","0","0"
"POINT (6.915150187000052 50.920629704000078)","Unfall 81169 (2020) Kat:3, Licht: 0","81169","3","4","0","04","19","4","0","0","1","1","1","0"
"POINT (6.922177718000057 50.965494617000047)","Unfall 81210 (2020) Kat:3, Licht: 2","81210","3","7","6","04","04","7","0","2","0","0","1","0"
"POINT (6.972745955000050 50.849173134000068)","Unfall 81211 (2020) Kat:3, Licht: 0","81211","3","7","1","04","09","3","0","0","0","1","0","1"
"POINT (6.949737846000062 50.976383885000075)","Unfall 81254 (2020) Kat:3, Licht: 0","81254","3","5","1","04","10","1","0","0","1","1","0","0"
"POINT (6.926622220000070 50.942741904000059)","Unfall 81257 (2020) Kat:3, Licht: 0","81257","3","6","2","04","15","1","0","0","0","1","0","0"
"POINT (6.924787849000040 50.936754552000082)","Unfall 81260 (2020) Kat:3, Licht: 2","81260","3","2","5","04","21","1","0","2","1","1","0","0"
"POINT (7.079804609000064 50.888851483000053)","Unfall 81265 (2020) Kat:3, Licht: 0","81265","3","4","6","04","14","6","0","0","1","0","1","0"
"POINT (6.844872522000060 50.968655124000065)","Unfall 81267 (2020) Kat:3, Licht: 0","81267","3","3","0","04","16","1","0","0","1","1","0","0"
"POINT (6.977563585000041 50.958136015000036)","Unfall 81268 (2020) Kat:3, Licht: 0","81268","3","7","0","04","13","6","0","0","1","0","0","0"
"POINT (6.966327433000060 50.950188103000073)","Unfall 81270 (2020) Kat:3, Licht: 0","81270","3","2","5","04","19","1","0","0","1","1","0","0"
"POINT (7.049898199000040 50.929644596000060)","Unfall 81287 (2020) Kat:3, Licht: 0","81287","3","6","2","04","18","4","0","0","0","1","0","0"
"POINT (7.013684783000031 50.974754796000070)","Unfall 81294 (2020) Kat:3, Licht: 0","81294","3","2","5","04","16","5","0","0","1","1","0","0"
"POINT (6.885439896000037 51.029928905000077)","Unfall 81299 (2020) Kat:3, Licht: 0","81299","3","1","0","04","11","5","0","0","1","0","0","1"
"POINT (6.977033640000059 50.845584435000035)","Unfall 81302 (2020) Kat:2, Licht: 0","81302","2","6","4","04","19","5","0","0","1","0","0","0"
"POINT (6.924330208000072 50.957594481000058)","Unfall 81303 (2020) Kat:3, Licht: 0","81303","3","3","5","04","17","6","0","0","0","1","0","1"
"POINT (6.935519631000034 50.907101931000057)","Unfall 81305 (2020) Kat:3, Licht: 0","81305","3","6","2","04","17","5","0","0","0","1","0","0"
"POINT (6.959867116000055 50.921143013000062)","Unfall 81328 (2020) Kat:3, Licht: 0","81328","3","3","5","04","15","1","0","0","0","1","0","0"
"POINT (6.996621419000064 50.963974639000071)","Unfall 81347 (2020) Kat:2, Licht: 0","81347","2","1","0","04","13","7","0","0","1","0","0","0"
"POINT (6.969874475000040 50.871722478000038)","Unfall 81351 (2020) Kat:3, Licht: 0","81351","3","6","2","04","14","2","0","0","0","1","0","0"
"POINT (6.932599958000026 50.935488716000066)","Unfall 81365 (2020) Kat:3, Licht: 0","81365","3","3","5","04","13","6","0","0","0","1","0","1"
"POINT (6.944714708000049 50.987960484000041)","Unfall 81426 (2020) Kat:3, Licht: 0","81426","3","1","0","04","14","7","0","0","1","0","0","0"
"POINT (7.061635058000036 50.927392133000069)","Unfall 81432 (2020) Kat:2, Licht: 0","81432","2","1","0","04","16","6","0","0","1","0","0","0"
"POINT (6.908054234000076 50.936181873000066)","Unfall 81497 (2020) Kat:3, Licht: 0","81497","3","1","3","04","14","6","0","0","1","1","0","0"
"POINT (6.912807479000037 50.999865580000062)","Unfall 81541 (2020) Kat:3, Licht: 2","81541","3","1","0","04","05","7","0","2","0","0","0","1"
"POINT (7.100390383000047 50.858891865000032)","Unfall 81563 (2020) Kat:2, Licht: 0","81563","2","4","6","04","16","6","0","0","0","1","1","0"
"POINT (6.887918149000029 50.995631194000055)","Unfall 81605 (2020) Kat:3, Licht: 0","81605","3","1","9","04","17","7","0","0","0","1","0","0"
"POINT (7.010602733000042 50.957927471000062)","Unfall 81650 (2020) Kat:2, Licht: 0","81650","2","4","6","04","17","5","0","0","0","1","1","0"
"POINT (6.991983696000034 50.915774206000037)","Unfall 81663 (2020) Kat:3, Licht: 0","81663","3","3","0","04","18","4","0","0","1","1","0","0"
"POINT (6.930174169000054 51.006481425000061)","Unfall 81665 (2020) Kat:3, Licht: 0","81665","3","7","0","04","15","4","0","0","1","0","0","0"
"POINT (6.879245250000054 50.967109020000066)","Unfall 81669 (2020) Kat:2, Licht: 0","81669","2","3","5","04","18","4","0","0","0","1","0","1"
"POINT (6.979718290000051 50.904695242000059)","Unfall 81670 (2020) Kat:3, Licht: 0","81670","3","6","2","04","10","4","0","0","0","1","0","0"
"POINT (6.909612701000071 50.898615915000050)","Unfall 81672 (2020) Kat:2, Licht: 0","81672","2","1","8","04","14","4","0","0","1","0","0","0"
"POINT (6.957781996000051 50.957782111000029)","Unfall 81740 (2020) Kat:3, Licht: 0","81740","3","2","4","04","11","5","0","0","1","1","0","0"
"POINT (6.971578342000043 50.937557871000081)","Unfall 81795 (2020) Kat:2, Licht: 0","81795","2","6","0","04","07","5","0","0","1","0","0","0"
"POINT (6.927597708000064 50.915672963000077)","Unfall 81813 (2020) Kat:2, Licht: 0","81813","2","6","3","04","19","5","0","0","1","0","0","0"
"POINT (7.083595374000026 50.867801539000027)","Unfall 81880 (2020) Kat:3, Licht: 0","81880","3","6","9","04","18","2","0","0","0","0","0","0"
"POINT (7.000973388000034 50.957104338000079)","Unfall 81887 (2020) Kat:2, Licht: 0","81887","2","7","0","04","14","5","0","0","0","1","0","0"
"POINT (7.053415857000061 50.972564605000059)","Unfall 81897 (2020) Kat:3, Licht: 0","81897","3","7","4","04","11","2","0","0","0","1","0","0"
"POINT (6.888196845000039 51.057789135000064)","Unfall 81905 (2020) Kat:3, Licht: 0","81905","3","1","8","04","18","2","0","0","0","0","0","1"
"POINT (6.925475351000046 50.939812867000057)","Unfall 81908 (2020) Kat:3, Licht: 0","81908","3","6","2","04","13","2","0","0","0","1","0","0"
"POINT (6.909374261000039 50.905003483000030)","Unfall 81910 (2020) Kat:3, Licht: 0","81910","3","1","0","04","15","2","0","0","1","0","0","0"
"POINT (7.091360794000025 50.932719970000051)","Unfall 81920 (2020) Kat:3, Licht: 0","81920","3","3","5","04","12","3","0","0","1","1","0","0"
"POINT (6.981315650000056 50.903243823000082)","Unfall 81923 (2020) Kat:3, Licht: 0","81923","3","6","1","04","08","3","0","0","1","0","0","0"
"POINT (6.999089140000024 50.867691849000039)","Unfall 81925 (2020) Kat:3, Licht: 0","81925","3","7","0","04","18","3","0","0","1","0","0","0"
"POINT (6.936896481000076 50.935368927000070)","Unfall 81927 (2020) Kat:3, Licht: 0","81927","3","1","0","04","11","3","0","0","0","0","0","1"
"POINT (7.041743932000031 50.896650645000079)","Unfall 81938 (2020) Kat:3, Licht: 0","81938","3","2","5","04","09","5","0","0","0","1","0","1"
"POINT (6.927866619000042 50.944498064000072)","Unfall 81953 (2020) Kat:2, Licht: 2","81953","2","6","0","04","22","5","0","2","0","1","1","0"
"POINT (6.829178340000055 50.943002370000045)","Unfall 81975 (2020) Kat:3, Licht: 0","81975","3","3","5","04","12","7","0","0","1","1","0","0"
"POINT (7.003806003000022 50.961959383000078)","Unfall 81995 (2020) Kat:3, Licht: 0","81995","3","3","0","04","19","1","0","0","1","1","0","0"
"POINT (6.920828753000023 50.914100597000072)","Unfall 82014 (2020) Kat:3, Licht: 0","82014","3","3","5","04","07","3","0","0","0","1","0","0"
"POINT (6.982710661000056 50.902077125000062)","Unfall 82018 (2020) Kat:2, Licht: 0","82018","2","6","0","04","19","2","0","0","1","0","0","0"
"POINT (7.080819314000053 50.946043855000028)","Unfall 82021 (2020) Kat:3, Licht: 0","82021","3","2","3","04","12","3","0","0","1","1","0","0"
"POINT (6.992492789000039 50.935722389000034)","Unfall 82077 (2020) Kat:3, Licht: 0","82077","3","3","5","04","17","2","0","0","0","1","0","0"
"POINT (6.953685694000058 50.964688678000073)","Unfall 82095 (2020) Kat:2, Licht: 0","82095","2","2","3","04","10","3","0","0","1","1","0","0"
"POINT (7.080098248000070 50.947228998000071)","Unfall 82114 (2020) Kat:3, Licht: 0","82114","3","6","2","04","16","3","1","0","0","1","0","0"
"POINT (7.044892937000043 50.941800069000067)","Unfall 82132 (2020) Kat:3, Licht: 0","82132","3","6","4","04","12","7","0","0","1","1","0","0"
"POINT (6.829631557000027 50.946482957000057)","Unfall 82152 (2020) Kat:3, Licht: 0","82152","3","6","1","04","17","2","0","0","0","1","0","0"
"POINT (7.108337912000025 50.917125490000046)","Unfall 82155 (2020) Kat:3, Licht: 0","82155","3","1","0","04","12","1","0","0","1","0","0","0"
"POINT (6.896587657000055 50.925575854000044)","Unfall 82160 (2020) Kat:3, Licht: 0","82160","3","2","5","04","11","4","0","0","1","1","0","0"
"POINT (7.003909975000056 50.977120765000052)","Unfall 82175 (2020) Kat:3, Licht: 0","82175","3","3","5","04","08","6","0","0","1","1","0","0"
"POINT (6.910807507000072 50.928579009000032)","Unfall 82176 (2020) Kat:3, Licht: 0","82176","3","4","5","04","16","3","1","0","0","1","1","0"
"POINT (6.981700443000023 50.960688432000040)","Unfall 82181 (2020) Kat:3, Licht: 0","82181","3","1","0","04","20","6","0","0","1","0","0","0"
"POINT (6.911359283000024 50.953661996000051)","Unfall 82189 (2020) Kat:2, Licht: 2","82189","2","1","0","04","02","6","0","2","0","0","0","0"
"POINT (6.913779535000060 50.936755344000062)","Unfall 82206 (2020) Kat:3, Licht: 0","82206","3","5","0","04","12","6","0","0","0","0","0","1"
"POINT (6.907621187000075 50.933059372000059)","Unfall 82213 (2020) Kat:2, Licht: 0","82213","2","3","5","04","18","7","0","0","1","0","0","0"
"POINT (6.974696194000046 50.893665090000070)","Unfall 82214 (2020) Kat:3, Licht: 0","82214","3","6","2","04","08","6","0","0","0","1","0","0"
"POINT (7.081018185000062 50.885674427000026)","Unfall 82239 (2020) Kat:3, Licht: 0","82239","3","6","1","04","14","2","0","0","0","1","0","0"
"POINT (6.928309649000028 50.863654738000037)","Unfall 82255 (2020) Kat:3, Licht: 0","82255","3","2","4","04","08","2","0","0","0","1","0","0"
"POINT (7.018715896000060 50.964185413000052)","Unfall 82258 (2020) Kat:3, Licht: 0","82258","3","2","5","04","12","3","0","0","1","0","0","0"
"POINT (7.084827258000075 50.946912436000048)","Unfall 82273 (2020) Kat:3, Licht: 0","82273","3","7","6","04","11","7","0","0","1","0","1","0"
"POINT (6.940333102000068 50.942921858000034)","Unfall 82277 (2020) Kat:3, Licht: 0","82277","3","2","5","04","15","3","1","0","1","1","0","0"
"POINT (7.030302561000042 50.969935641000063)","Unfall 82290 (2020) Kat:3, Licht: 0","82290","3","6","2","04","16","3","1","0","0","1","0","0"
"POINT (7.106862704000037 50.886658981000039)","Unfall 82291 (2020) Kat:3, Licht: 0","82291","3","2","3","04","14","1","0","0","1","0","0","1"
"POINT (6.974187972000038 50.939874920000079)","Unfall 82312 (2020) Kat:3, Licht: 0","82312","3","6","2","04","14","2","0","0","0","1","0","0"
"POINT (6.980152647000068 50.930152072000055)","Unfall 82320 (2020) Kat:3, Licht: 0","82320","3","6","2","04","14","4","0","0","0","1","0","0"
"POINT (6.935411004000059 50.877390212000080)","Unfall 82334 (2020) Kat:3, Licht: 0","82334","3","2","5","04","07","3","0","0","0","1","0","1"
"POINT (6.909008004000043 50.904772464000075)","Unfall 82365 (2020) Kat:3, Licht: 0","82365","3","3","5","05","11","1","0","0","1","0","0","1"
"POINT (7.071004528000060 50.881978831000026)","Unfall 82367 (2020) Kat:3, Licht: 0","82367","3","6","2","05","12","4","0","0","1","1","0","0"
"POINT (6.931012126000042 50.947125096000036)","Unfall 82368 (2020) Kat:2, Licht: 2","82368","2","6","8","05","01","1","0","2","0","0","0","0"
"POINT (7.062884452000048 50.905208147000053)","Unfall 82424 (2020) Kat:3, Licht: 2","82424","3","4","0","05","22","3","0","2","0","1","1","1"
"POINT (6.933471121000025 50.949368713000069)","Unfall 82453 (2020) Kat:3, Licht: 0","82453","3","5","1","05","15","4","0","0","1","1","0","0"
"POINT (7.002533773000039 50.959854468000060)","Unfall 82471 (2020) Kat:3, Licht: 0","82471","3","3","5","05","12","2","0","0","1","1","0","0"
"POINT (6.992874368000059 50.936784821000060)","Unfall 82499 (2020) Kat:2, Licht: 2","82499","2","1","9","05","02","7","1","2","0","1","0","0"
"POINT (6.881220225000050 50.966457065000043)","Unfall 82503 (2020) Kat:3, Licht: 0","82503","3","3","5","05","11","7","1","0","0","1","0","0"
"POINT (6.850212482000075 50.918872839000073)","Unfall 82505 (2020) Kat:3, Licht: 0","82505","3","3","5","05","10","7","1","0","0","1","0","0"
"POINT (7.024548254000024 50.940264962000072)","Unfall 82506 (2020) Kat:2, Licht: 0","82506","2","6","2","05","17","3","0","0","1","0","0","0"
"POINT (7.000385320000021 50.908262887000035)","Unfall 82521 (2020) Kat:2, Licht: 2","82521","2","1","9","05","22","4","0","2","0","1","0","0"
"POINT (6.962503915000070 50.943081385000028)","Unfall 82555 (2020) Kat:2, Licht: 0","82555","2","6","9","05","15","2","0","0","1","0","0","0"
"POINT (7.047844582000039 50.970563062000053)","Unfall 82593 (2020) Kat:2, Licht: 0","82593","2","7","0","05","19","3","0","0","1","0","0","0"
"POINT (7.060699290000059 50.903454025000030)","Unfall 82619 (2020) Kat:3, Licht: 0","82619","3","7","7","05","18","6","1","0","0","1","0","0"
"POINT (6.955449136000027 50.849725963000026)","Unfall 82629 (2020) Kat:3, Licht: 0","82629","3","6","2","05","17","4","0","0","0","1","0","0"
"POINT (6.876086422000071 50.913641079000058)","Unfall 82639 (2020) Kat:3, Licht: 0","82639","3","6","3","04","16","5","0","0","0","1","0","0"
"POINT (7.130102604000058 50.886327682000058)","Unfall 82685 (2020) Kat:3, Licht: 0","82685","3","2","2","05","18","3","0","0","0","1","0","1"
"POINT (7.041674397000065 50.942560371000070)","Unfall 82687 (2020) Kat:3, Licht: 0","82687","3","6","3","05","09","2","0","0","0","1","0","0"
"POINT (6.844980205000070 50.924897285000043)","Unfall 82703 (2020) Kat:3, Licht: 0","82703","3","6","2","05","11","4","0","0","0","1","0","0"
"POINT (6.945740981000029 50.946575543000051)","Unfall 82732 (2020) Kat:2, Licht: 0","82732","2","2","3","05","07","2","1","0","0","1","0","1"
"POINT (6.928424024000037 50.889732228000071)","Unfall 82762 (2020) Kat:3, Licht: 0","82762","3","6","3","05","16","3","0","0","0","1","0","0"
"POINT (6.991711248000058 50.915975382000056)","Unfall 82763 (2020) Kat:2, Licht: 0","82763","2","1","0","04","06","5","1","0","0","0","0","1"
"POINT (7.089245832000074 50.927167092000047)","Unfall 82767 (2020) Kat:2, Licht: 0","82767","2","6","3","04","16","5","0","0","1","0","0","0"
"POINT (6.970921121000060 50.933433749000073)","Unfall 82769 (2020) Kat:3, Licht: 0","82769","3","3","5","04","11","5","1","0","0","1","0","0"
"POINT (6.981528878000063 50.937351838000041)","Unfall 82770 (2020) Kat:2, Licht: 0","82770","2","2","5","05","10","3","0","0","1","1","0","0"