WKT,Name,OBJECTID,UKATEGORIE,UTYP1,UART,UMONAT,USTUNDE,UWOCHENTAG,STRZUSTAND,ULICHTVERH,ISTRAD,ISTPKW,ISTFUSS,ISTKRAD
"POINT (6.870783125000060 50.937789404000057)","Unfall 85666 (2020) Kat:3, Licht: 0","85666","3","6","2","06","17","6","1","0","0","1","0","0"
"POINT (7.006274668000060 50.963295103000064)","Unfall 85668 (2020) Kat:3, Licht: 0","85668","3","7","0","06","09","7","1","0","0","1","0","1"
"POINT (6.898287379000067 50.996108992000075)","Unfall 85671 (2020) Kat:3, Licht: 0","85671","3","7","9","06","16","7","0","0","0","1","0","0"
"POINT (6.837638570000024 51.039828851000038)","Unfall 85676 (2020) Kat:3, Licht: 0","85676","3","3","5","06","16","3","0","0","1","1","0","0"
"POINT (6.983401452000067 50.893511854000053)","Unfall 85714 (2020) Kat:2, Licht: 0","85714","2","6","2","06","19","3","0","0","0","1","0","1"
"POINT (7.086182155000074 50.857376275000036)","Unfall 85720 (2020) Kat:3, Licht: 0","85720","3","2","6","06","13","4","1","0","0","1","1","0"
"POINT (6.942314778000025 50.945031897000035)","Unfall 85737 (2020) Kat:3, Licht: 0","85737","3","6","4","06","13","4","0","0","1","0","0","0"
"POINT (7.093302867000034 50.888156934000051)","Unfall 85761 (2020) Kat:2, Licht: 2","85761","2","1","9","06","02","7","0","2","0","1","0","0"
"POINT (6.844739635000053 50.926857177000045)","Unfall 85762 (2020) Kat:3, Licht: 0","85762","3","7","9","06","05","7","0","0","0","1","0","0"
"POINT (6.947936097000024 50.981237367000062)","Unfall 85772 (2020) Kat:2, Licht: 0","85772","2","1","0","06","18","6","0","0","1","0","0","0"
"POINT (7.012917797000057 51.018553591000057)","Unfall 85778 (2020) Kat:3, Licht: 0","85778","3","6","3","06","21","6","0","0","0","1","0","0"
"POINT (6.943465083000035 50.989712283000074)","Unfall 85801 (2020) Kat:3, Licht: 0","85801","3","1","0","06","15","2","0","0","1","0","0","0"
"POINT (7.046087045000036 50.999397109000029)","Unfall 85806 (2020) Kat:3, Licht: 0","85806","3","3","5","06","10","7","0","0","1","1","0","0"
"POINT (6.869349691000025 51.000782188000073)","Unfall 85820 (2020) Kat:3, Licht: 0","85820","3","3","5","06","17","6","0","0","1","1","0","0"
"POINT (6.962652662000039 50.930185331000075)","Unfall 85841 (2020) Kat:3, Licht: 0","85841","3","1","8","06","19","3","1","0","0","1","0","0"
"POINT (6.932781805000047 50.943594584000039)","Unfall 85842 (2020) Kat:3, Licht: 0","85842","3","5","2","06","13","6","0","0","1","1","0","0"
"POINT (6.890417554000067 50.924678670000048)","Unfall 85861 (2020) Kat:2, Licht: 0","85861","2","7","0","06","08","6","0","0","1","1","0","0"
"POINT (7.030880211000067 50.968397419000041)","Unfall 85869 (2020) Kat:2, Licht: 0","85869","2","6","2","06","17","2","0","0","0","1","0","0"
"POINT (7.094086336000032 50.858653479000054)","Unfall 85874 (2020) Kat:3, Licht: 0","85874","3","6","0","06","14","7","0","0","0","1","0","0"
"POINT (6.845129627000063 50.925809238000056)","Unfall 85887 (2020) Kat:3, Licht: 0","85887","3","6","3","06","17","3","0","0","0","1","0","0"
"POINT (6.940835126000025 50.930607958000053)","Unfall 85888 (2020) Kat:3, Licht: 0","85888","3","6","2","06","20","1","0","0","1","1","0","0"
"POINT (6.962738346000037 50.930248782000035)","Unfall 85891 (2020) Kat:3, Licht: 0","85891","3","1","4","06","17","2","0","0","1","1","1","0"
"POINT (6.933412619000023 51.002592437000033)","Unfall 85896 (2020) Kat:3, Licht: 0","85896","3","6","2","06","09","7","0","0","0","1","0","0"
"POINT (6.929721980000068 50.918013803000065)","Unfall 85930 (2020) Kat:3, Licht: 0","85930","3","4","6","06","13","6","0","0","1","0","1","0"
"POINT (6.939562139000032 50.905652303000068)","Unfall 85935 (2020) Kat:3, Licht: 0","85935","3","2","3","06","10","3","1","0","1","0","0","0"
"POINT (7.038145341000075 50.897294979000037)","Unfall 85953 (2020) Kat:3, Licht: 0","85953","3","2","5","06","17","5","0","0","0","1","0","1"
"POINT (6.988335753000058 50.918489189000070)","Unfall 85957 (2020) Kat:2, Licht: 0","85957","2","1","0","06","07","5","1","0","0","0","0","1"
"POINT (6.910210409000058 50.939335486000061)","Unfall 85959 (2020) Kat:3, Licht: 0","85959","3","5","3","06","15","5","0","0","1","0","0","0"
"POINT (6.929039424000052 50.936696348000055)","Unfall 85963 (2020) Kat:3, Licht: 0","85963","3","6","2","06","17","5","0","0","1","0","0","0"
"POINT (6.908880448000048 50.927887407000071)","Unfall 85971 (2020) Kat:3, Licht: 2","85971","3","1","0","06","23","5","0","2","1","0","0","0"
"POINT (6.946403332000045 50.935739342000034)","Unfall 85975 (2020) Kat:3, Licht: 1","85975","3","7","0","06","22","5","0","1","0","0","0","0"
"POINT (7.052233348000073 50.978277122000065)","Unfall 85992 (2020) Kat:3, Licht: 0","85992","3","1","8","06","10","7","0","0","0","1","0","0"
"POINT (6.915345482000021 50.920398232000082)","Unfall 86027 (2020) Kat:3, Licht: 0","86027","3","1","0","06","08","3","1","0","1","0","0","0"
"POINT (7.020100582000055 50.948337089000063)","Unfall 86033 (2020) Kat:3, Licht: 0","86033","3","6","2","06","12","6","0","0","0","1","0","0"
"POINT (7.063910796000073 50.926827866000053)","Unfall 86037 (2020) Kat:1, Licht: 0","86037","1","7","8","06","08","6","0","0","0","0","0","1"
"POINT (7.040327095000066 50.896910563000063)","Unfall 86061 (2020) Kat:3, Licht: 0","86061","3","4","6","06","12","7","0","0","0","1","1","0"
"POINT (7.027574597000069 50.942994330000033)","Unfall 86069 (2020) Kat:3, Licht: 0","86069","3","6","2","06","15","6","0","0","0","1","0","0"
"POINT (6.895226370000046 50.993844375000037)","Unfall 86076 (2020) Kat:3, Licht: 0","86076","3","6","2","06","17","3","1","0","0","1","0","0"
"POINT (6.894543625000040 50.925134617000026)","Unfall 86077 (2020) Kat:3, Licht: 0","86077","3","5","9","06","19","1","0","0","1","1","0","0"
"POINT (6.927263354000047 50.861639577000062)","Unfall 86080 (2020) Kat:3, Licht: 0","86080","3","7","5","06","17","2","0","0","1","1","0","0"
"POINT (7.040579083000068 50.968630894000057)","Unfall 86085 (2020) Kat:3, Licht: 0","86085","3","5","3","06","19","7","0","0","1","1","0","0"
"POINT (6.898385339000072 50.996018344000049)","Unfall 86098 (2020) Kat:3, Licht: 0","86098","3","2","5","06","21","3","0","0","0","1","0","0"
"POINT (7.044756087000053 50.929789517000074)","Unfall 86112 (2020) Kat:3, Licht: 0","86112","3","6","1","06","17","6","0","0","0","1","0","0"
"POINT (7.031414539000025 50.917542906000051)","Unfall 86124 (2020) Kat:2, Licht: 0","86124","2","6","2","06","08","2","0","0","0","1","0","0"
"POINT (7.038713967000035 50.947628226000063)","Unfall 86128 (2020) Kat:3, Licht: 0","86128","3","6","3","06","16","7","0","0","0","1","0","0"
"POINT (7.076160442000059 50.945104109000056)","Unfall 86175 (2020) Kat:3, Licht: 0","86175","3","6","3","06","11","7","0","0","1","0","0","0"
"POINT (6.916751728000065 50.917817997000043)","Unfall 86207 (2020) Kat:3, Licht: 0","86207","3","6","2","06","08","3","1","0","0","1","0","0"
"POINT (7.002291848000027 50.980096428000081)","Unfall 86213 (2020) Kat:3, Licht: 0","86213","3","5","1","06","11","6","0","0","1","1","0","0"
"POINT (7.009943731000021 50.958398359000057)","Unfall 86217 (2020) Kat:3, Licht: 0","86217","3","2","5","06","17","6","0","0","0","1","0","1"
"POINT (6.924678439000047 50.937733220000041)","Unfall 86227 (2020) Kat:3, Licht: 0","86227","3","2","5","06","18","5","0","0","1","1","0","0"
"POINT (6.949492509000038 50.904210582000076)","Unfall 86228 (2020) Kat:3, Licht: 0","86228","3","7","0","06","08","6","0","0","1","0","0","0"
"POINT (6.934418634000053 50.933002282000075)","Unfall 86233 (2020) Kat:3, Licht: 0","86233","3","2","5","06","18","5","0","0","1","1","0","0"
"POINT (6.841408132000026 50.981596988000035)","Unfall 86284 (2020) Kat:3, Licht: 0","86284","3","6","3","06","14","7","0","0","0","1","0","1"
"POINT (6.953334794000057 50.966626323000071)","Unfall 86295 (2020) Kat:3, Licht: 0","86295","3","2","6","06","12","6","0","0","0","1","1","0"
"POINT (7.094943795000063 50.846082110000054)","Unfall 86348 (2020) Kat:3, Licht: 0","86348","3","3","5","06","13","1","0","0","1","1","0","0"
"POINT (6.967674377000037 50.846489492000046)","Unfall 86355 (2020) Kat:3, Licht: 0","86355","3","6","2","06","16","5","0","0","0","1","0","0"
"POINT (7.094781164000040 50.875980472000037)","Unfall 86357 (2020) Kat:3, Licht: 0","86357","3","6","2","06","16","5","0","0","0","1","0","0"
"POINT (6.966240743000071 50.949894567000058)","Unfall 86371 (2020) Kat:2, Licht: 2","86371","2","3","5","06","23","7","0","2","1","1","0","0"
"POINT (6.921459490000075 50.947845670000049)","Unfall 86381 (2020) Kat:3, Licht: 0","86381","3","6","2","06","13","6","0","0","1","1","0","0"
"POINT (6.943427896000060 50.989764357000070)","Unfall 86437 (2020) Kat:3, Licht: 0","86437","3","1","0","06","20","1","0","0","1","0","0","0"
"POINT (6.872664447000034 50.991351556000041)","Unfall 86457 (2020) Kat:3, Licht: 0","86457","3","6","2","06","15","6","0","0","0","1","0","0"
"POINT (7.043481011000040 50.969225920000042)","Unfall 86472 (2020) Kat:3, Licht: 0","86472","3","6","2","06","16","4","0","0","0","1","0","0"
"POINT (7.047280343000068 50.970358425000029)","Unfall 86473 (2020) Kat:2, Licht: 0","86473","2","7","6","06","10","4","0","0","0","1","1","0"
"POINT (6.953723474000071 50.964495478000060)","Unfall 86475 (2020) Kat:3, Licht: 0","86475","3","2","5","06","10","4","0","0","0","1","0","1"
"POINT (6.870797423000056 50.923127906000047)","Unfall 86476 (2020) Kat:2, Licht: 0","86476","2","6","4","06","16","4","0","0","0","1","0","0"
"POINT (7.006131396000058 50.976885647000074)","Unfall 86477 (2020) Kat:2, Licht: 0","86477","2","1","9","06","17","6","0","0","0","0","0","0"
"POINT (6.845637454000041 50.938222785000050)","Unfall 86482 (2020) Kat:3, Licht: 2","86482","3","2","3","06","23","4","1","2","0","1","0","0"
"POINT (6.907641287000047 50.933705768000038)","Unfall 86486 (2020) Kat:3, Licht: 0","86486","3","3","1","06","09","4","0","0","1","0","0","0"
"POINT (6.963415280000049 50.921844444000044)","Unfall 86488 (2020) Kat:3, Licht: 0","86488","3","3","1","06","19","4","1","0","0","1","0","0"
"POINT (7.013524244000053 51.015867634000074)","Unfall 86545 (2020) Kat:3, Licht: 0","86545","3","6","2","06","13","6","0","0","0","1","0","0"
"POINT (6.930847834000076 50.946990266000057)","Unfall 86553 (2020) Kat:3, Licht: 0","86553","3","6","2","06","15","7","0","0","0","1","0","0"
"POINT (6.906049790000054 50.955728279000027)","Unfall 86564 (2020) Kat:3, Licht: 0","86564","3","4","6","06","19","6","0","0","0","1","1","0"
"POINT (6.944008688000054 50.988951049000036)","Unfall 86616 (2020) Kat:3, Licht: 0","86616","3","1","1","06","15","1","0","0","1","1","0","0"
"POINT (7.041485835000060 50.941288592000035)","Unfall 86620 (2020) Kat:3, Licht: 0","86620","3","3","5","06","11","5","0","0","1","1","0","0"
"POINT (6.983301676000053 50.944387004000077)","Unfall 86627 (2020) Kat:2, Licht: 0","86627","2","1","9","06","08","5","0","0","0","1","0","0"
"POINT (6.943349559000069 50.989858848000040)","Unfall 86638 (2020) Kat:2, Licht: 1","86638","2","1","0","06","21","5","1","1","1","0","0","0"
"POINT (6.917644471000074 50.969808461000071)","Unfall 86643 (2020) Kat:3, Licht: 1","86643","3","6","2","06","21","5","1","1","0","1","0","0"
"POINT (6.847597568000026 50.929110877000028)","Unfall 86646 (2020) Kat:3, Licht: 1","86646","3","6","3","06","20","4","0","1","0","1","0","0"
"POINT (7.027606399000035 50.942849727000066)","Unfall 86654 (2020) Kat:3, Licht: 0","86654","3","7","6","06","18","6","0","0","0","1","1","0"
"POINT (6.915602442000022 50.950916515000074)","Unfall 86655 (2020) Kat:3, Licht: 0","86655","3","2","5","06","14","5","0","0","1","1","0","0"
"POINT (6.929751547000024 50.944604560000073)","Unfall 86671 (2020) Kat:3, Licht: 0","86671","3","7","0","06","17","5","0","0","1","0","0","0"
"POINT (6.966839451000055 50.922854664000056)","Unfall 86711 (2020) Kat:3, Licht: 0","86711","3","3","5","06","17","3","0","0","1","0","1","0"
"POINT (6.947651743000051 50.947375680000050)","Unfall 86757 (2020) Kat:3, Licht: 0","86757","3","5","2","06","12","5","0","0","1","1","0","0"
"POINT (6.949876655000026 50.955651571000033)","Unfall 86766 (2020) Kat:3, Licht: 0","86766","3","7","0","06","11","5","0","0","1","0","0","0"
"POINT (6.924697059000039 50.936754952000058)","Unfall 86773 (2020) Kat:3, Licht: 0","86773","3","2","0","06","15","2","0","0","1","1","0","0"
"POINT (6.994258069000068 50.937169342000061)","Unfall 86777 (2020) Kat:2, Licht: 0","86777","2","2","5","06","19","4","0","0","1","1","0","0"
"POINT (7.013900747000037 50.955521723000061)","Unfall 86788 (2020) Kat:3, Licht: 0","86788","3","3","5","06","08","3","0","0","1","1","0","0"
"POINT (7.032464790000063 50.963146397000060)","Unfall 86816 (2020) Kat:3, Licht: 0","86816","3","6","2","06","17","2","0","0","0","1","0","0"
"POINT (7.080441898000061 50.854608198000051)","Unfall 86841 (2020) Kat:3, Licht: 0","86841","3","6","4","06","10","5","0","0","1","0","0","0"
"POINT (7.028224793000049 50.984870110000031)","Unfall 86847 (2020) Kat:3, Licht: 0","86847","3","3","5","06","13","2","0","0","0","1","0","0"
"POINT (6.943442202000028 50.989744324000071)","Unfall 86864 (2020) Kat:3, Licht: 0","86864","3","1","0","06","16","5","0","0","1","0","0","0"
"POINT (6.900232930000072 50.937280069000053)","Unfall 86872 (2020) Kat:3, Licht: 0","86872","3","3","0","06","16","2","0","0","1","0","0","0"
"POINT (6.954052432000026 50.962966387000051)","Unfall 86876 (2020) Kat:3, Licht: 0","86876","3","2","3","06","13","4","0","0","1","1","0","0"
"POINT (6.932527902000061 50.935488545000055)","Unfall 86919 (2020) Kat:3, Licht: 0","86919","3","7","0","06","17","3","0","0","1","0","0","0"
"POINT (6.947814786000038 50.982329937000031)","Unfall 86944 (2020) Kat:2, Licht: 2","86944","2","1","0","06","22","5","0","2","1","0","0","0"
"POINT (6.948385132000055 50.894080579000047)","Unfall 86967 (2020) Kat:3, Licht: 0","86967","3","3","5","06","07","5","0","0","1","1","0","0"
"POINT (6.919065082000032 50.907506005000073)","Unfall 86978 (2020) Kat:2, Licht: 0","86978","2","4","6","06","08","4","0","0","0","0","1","0"
"POINT (6.914637530000050 50.948519753000028)","Unfall 86981 (2020) Kat:3, Licht: 0","86981","3","7","6","06","13","2","0","0","0","1","1","0"
"POINT (7.059843640000054 50.927839281000047)","Unfall 87057 (2020) Kat:3, Licht: 0","87057","3","3","5","06","15","2","0","0","0","1","0","0"
"POINT (6.908156309000049 51.029188112000043)","Unfall 87074 (2020) Kat:2, Licht: 0","87074","2","6","2","06","11","5","0","0","0","1","0","1"
"POINT (6.882104432000062 50.966154399000061)","Unfall 87081 (2020) Kat:3, Licht: 0","87081","3","1","0","06","18","2","0","0","1","0","0","0"
"POINT (7.010858660000054 50.957744841000078)","Unfall 87085 (2020) Kat:3, Licht: 0","87085","3","6","0","06","16","4","0","0","1","1","0","0"
"POINT (6.999911006000048 50.983941504000029)","Unfall 87095 (2020) Kat:3, Licht: 0","87095","3","7","5","06","05","3","0","0","1","0","0","0"
"POINT (6.977704485000061 50.935211824000078)","Unfall 87148 (2020) Kat:3, Licht: 0","87148","3","7","0","06","15","5","0","0","0","1","0","0"
"POINT (6.932654475000049 50.948660297000060)","Unfall 87154 (2020) Kat:3, Licht: 0","87154","3","3","1","06","08","2","0","0","1","1","0","0"
"POINT (6.923203769000054 51.014231129000052)","Unfall 87173 (2020) Kat:3, Licht: 0","87173","3","3","5","06","18","5","0","0","1","0","0","1"
"POINT (6.934579804000066 50.936530016000063)","Unfall 87181 (2020) Kat:3, Licht: 0","87181","3","6","0","06","18","2","0","0","1","1","0","0"
"POINT (6.924695070000041 50.936754960000030)","Unfall 87185 (2020) Kat:3, Licht: 0","87185","3","2","5","06","11","4","0","0","1","1","0","0"
"POINT (6.907334937000030 50.899312781000049)","Unfall 87186 (2020) Kat:3, Licht: 2","87186","3","1","9","06","02","1","0","2","0","1","0","0"
"POINT (7.023658674000046 50.916267236000067)","Unfall 87209 (2020) Kat:2, Licht: 2","87209","2","1","9","06","23","2","0","2","0","0","0","1"
"POINT (7.094934400000057 50.846093636000035)","Unfall 87224 (2020) Kat:3, Licht: 0","87224","3","2","5","06","09","6","0","0","1","1","0","0"
"POINT (7.038483371000041 50.968193824000082)","Unfall 87230 (2020) Kat:3, Licht: 0","87230","3","4","6","06","13","6","0","0","0","1","1","0"
"POINT (6.943430238000076 50.989761077000026)","Unfall 87236 (2020) Kat:3, Licht: 0","87236","3","1","0","06","18","6","0","0","1","0","0","0"
"POINT (6.935411004000059 50.877390212000080)","Unfall 87242 (2020) Kat:3, Licht: 0","87242","3","1","0","06","17","1","0","0","0","0","0","1"
"POINT (6.943450332000055 50.989732939000078)","Unfall 87243 (2020) Kat:3, Licht: 0","87243","3","1","0","06","19","6","0","0","1","0","0","0"
"POINT (6.907541253000034 50.927276496000047)","Unfall 87246 (2020) Kat:3, Licht: 0","87246","3","3","5","06","12","2","0","0","1","1","0","0"
"POINT (6.912504630000058 50.945037792000051)","Unfall 87249 (2020) Kat:3, Licht: 0","87249","3","4","6","06","16","6","0","0","0","1","1","0"
"POINT (6.942409275000046 50.953878825000061)","Unfall 87251 (2020) Kat:3, Licht: 0","87251","3","6","2","06","13","6","0","0","0","1","0","1"
"POINT (6.957669438000039 50.935325760000069)","Unfall 87296 (2020) Kat:3, Licht: 0","87296","3","6","3","06","10","2","0","0","0","1","0","0"
"POINT (6.966338342000029 50.936367695000058)","Unfall 87319 (2020) Kat:3, Licht: 1","87319","3","1","0","06","04","7","0","1","0","0","0","0"
"POINT (6.981699961000061 50.960687199000063)","Unfall 87321 (2020) Kat:2, Licht: 0","87321","2","1","9","06","13","7","0","0","1","0","0","0"
"POINT (6.879491984000026 50.999488107000047)","Unfall 87324 (2020) Kat:3, Licht: 0","87324","3","1","9","06","13","7","0","0","0","1","0","0"
"POINT (6.917271230000040 50.950816210000028)","Unfall 87325 (2020) Kat:3, Licht: 0","87325","3","1","0","06","07","7","0","0","1","0","0","0"
"POINT (6.924533214000064 50.936755673000050)","Unfall 87326 (2020) Kat:3, Licht: 0","87326","3","7","0","06","17","7","0","0","1","0","0","0"
"POINT (7.044415460000039 50.941709617000072)","Unfall 87353 (2020) Kat:3, Licht: 0","87353","3","2","5","06","17","2","0","0","1","1","0","0"
"POINT (6.974298495000028 50.861649784000065)","Unfall 87404 (2020) Kat:3, Licht: 0","87404","3","1","0","06","13","2","1","0","1","0","0","0"
"POINT (6.948226362000071 50.925488830000063)","Unfall 87452 (2020) Kat:3, Licht: 2","87452","3","1","0","06","22","3","0","2","0","0","0","0"
"POINT (6.965322399000058 50.925269323000066)","Unfall 87459 (2020) Kat:3, Licht: 0","87459","3","2","5","06","09","3","0","0","1","0","0","0"
"POINT (6.991627306000055 50.916037572000050)","Unfall 87493 (2020) Kat:3, Licht: 0","87493","3","1","0","07","17","5","1","0","0","0","0","1"
"POINT (6.849966729000073 50.978238352000062)","Unfall 87505 (2020) Kat:3, Licht: 2","87505","3","2","5","07","04","5","1","2","0","1","0","0"
"POINT (6.866551424000022 51.015112380000062)","Unfall 87512 (2020) Kat:3, Licht: 0","87512","3","6","2","07","13","4","1","0","0","0","0","0"
"POINT (6.954156076000061 50.922953243000052)","Unfall 87521 (2020) Kat:3, Licht: 1","87521","3","1","0","07","21","4","1","1","1","0","0","0"
"POINT (7.072184394000033 50.842344634000028)","Unfall 87535 (2020) Kat:2, Licht: 0","87535","2","1","4","07","05","5","0","0","0","1","0","0"
"POINT (7.064878852000049 50.906596327000045)","Unfall 87547 (2020) Kat:3, Licht: 0","87547","3","2","9","07","16","5","1","0","0","1","0","0"
"POINT (6.924543852000056 50.936251928000047)","Unfall 87561 (2020) Kat:3, Licht: 2","87561","3","1","0","07","22","5","1","2","1","0","0","0"
"POINT (6.993587820000073 50.914879199000040)","Unfall 87562 (2020) Kat:3, Licht: 0","87562","3","7","0","07","14","4","1","0","0","0","0","0"
"POINT (6.957039967000071 50.951239379000071)","Unfall 87608 (2020) Kat:3, Licht: 0","87608","3","1","0","07","10","5","1","0","1","0","0","0"
"POINT (6.927597708000064 50.915672963000077)","Unfall 87609 (2020) Kat:3, Licht: 0","87609","3","1","0","07","14","5","0","0","1","0","0","0"
"POINT (7.025777063000021 50.940238888000067)","Unfall 87614 (2020) Kat:3, Licht: 0","87614","3","2","0","07","15","5","1","0","0","0","0","1"
"POINT (6.912439339000059 50.929220671000053)","Unfall 87625 (2020) Kat:3, Licht: 0","87625","3","5","3","07","18","4","1","0","1","1","0","0"
"POINT (7.095217292000029 50.917642567000030)","Unfall 87629 (2020) Kat:2, Licht: 2","87629","2","5","1","06","22","3","0","2","0","1","0","0"
"POINT (6.866934870000023 50.917777700000045)","Unfall 87632 (2020) Kat:3, Licht: 0","87632","3","6","2","07","20","4","1","0","0","1","0","0"
"POINT (6.896696172000077 50.904325042000039)","Unfall 87659 (2020) Kat:2, Licht: 0","87659","2","6","3","06","12","3","0","0","0","1","0","0"
"POINT (7.020106128000066 50.948333015000060)","Unfall 87669 (2020) Kat:3, Licht: 2","87669","3","2","5","07","23","5","1","2","0","1","0","0"
"POINT (6.943400545000031 50.970106353000062)","Unfall 87678 (2020) Kat:2, Licht: 2","87678","2","6","4","06","00","3","0","2","1","0","0","0"
"POINT (6.909930672000030 50.954446549000068)","Unfall 87683 (2020) Kat:3, Licht: 0","87683","3","2","5","07","18","5","1","0","1","1","0","0"
"POINT (6.956664106000062 50.955246331000069)","Unfall 87687 (2020) Kat:3, Licht: 0","87687","3","1","0","06","16","3","0","0","0","0","0","1"
"POINT (6.945250011000042 50.987208676000080)","Unfall 87724 (2020) Kat:3, Licht: 0","87724","3","5","1","07","20","5","1","0","0","1","0","1"
"POINT (7.047331214000053 50.942377033000071)","Unfall 87727 (2020) Kat:3, Licht: 0","87727","3","7","6","07","18","5","1","0","1","0","1","0"
"POINT (6.854537465000021 50.976800519000051)","Unfall 87731 (2020) Kat:3, Licht: 0","87731","3","3","5","06","18","3","0","0","0","1","0","0"
"POINT (6.892765813000040 51.021118124000054)","Unfall 87738 (2020) Kat:3, Licht: 0","87738","3","1","9","07","11","4","1","0","0","1","0","0"
"POINT (6.971284191000052 50.932160853000028)","Unfall 87752 (2020) Kat:3, Licht: 0","87752","3","7","5","07","14","2","0","0","0","1","0","0"
"POINT (6.932431003000033 50.962965320000080)","Unfall 87776 (2020) Kat:3, Licht: 0","87776","3","6","2","07","16","3","0","0","0","1","0","1"
"POINT (7.046071080000047 50.953018643000064)","Unfall 87794 (2020) Kat:3, Licht: 0","87794","3","6","2","07","16","3","0","0","0","1","0","0"
"POINT (6.949229919000061 50.955353294000076)","Unfall 87821 (2020) Kat:3, Licht: 0","87821","3","1","0","07","17","7","0","0","1","0","0","0"
"POINT (6.959174711000060 50.950977308000063)","Unfall 87822 (2020) Kat:3, Licht: 2","87822","3","2","0","07","02","7","0","2","0","1","0","0"
"POINT (6.925746939000021 51.011623034000081)","Unfall 87855 (2020) Kat:3, Licht: 0","87855","3","6","4","07","13","3","0","0","1","0","0","0"
"POINT (6.910594840000044 51.026933958000029)","Unfall 87860 (2020) Kat:3, Licht: 0","87860","3","6","2","07","06","2","0","0","0","1","0","0"
"POINT (6.908858138000028 50.927843120000034)","Unfall 87868 (2020) Kat:3, Licht: 0","87868","3","2","5","07","16","2","0","0","1","1","0","0"
"POINT (6.939321088000042 50.938153041000078)","Unfall 87873 (2020) Kat:3, Licht: 0","87873","3","1","6","07","13","2","0","0","1","0","1","0"
"POINT (7.032194413000070 50.964708342000051)","Unfall 87904 (2020) Kat:3, Licht: 0","87904","3","6","1","07","15","3","0","0","0","1","0","0"
"POINT (7.046647224000026 50.920206514000029)","Unfall 87907 (2020) Kat:2, Licht: 0","87907","2","6","3","07","09","7","0","0","0","1","0","0"
"POINT (6.970648388000029 50.915856322000081)","Unfall 87920 (2020) Kat:3, Licht: 0","87920","3","1","0","07","11","3","0","0","1","0","0","0"
"POINT (6.901517534000050 50.988952950000055)","Unfall 87969 (2020) Kat:3, Licht: 0","87969","3","6","1","07","15","6","0","0","0","1","0","0"
"POINT (7.037533892000056 50.933613153000067)","Unfall 87976 (2020) Kat:3, Licht: 0","87976","3","6","2","07","12","6","0","0","0","1","0","0"
"POINT (6.985489366000024 50.930341221000049)","Unfall 87978 (2020) Kat:3, Licht: 0","87978","3","6","3","07","13","6","0","0","0","1","0","1"
"POINT (7.022990740000068 50.980625862000068)","Unfall 87981 (2020) Kat:3, Licht: 0","87981","3","3","5","07","11","6","0","0","1","1","0","0"
"POINT (6.935542025000075 50.950552461000029)","Unfall 87982 (2020) Kat:3, Licht: 0","87982","3","3","5","07","10","6","0","0","0","1","0","0"
"POINT (6.924461925000060 51.015962645000059)","Unfall 87983 (2020) Kat:3, Licht: 0","87983","3","6","2","07","16","3","0","0","0","1","0","0"
"POINT (6.952646460000040 50.924078604000044)","Unfall 87984 (2020) Kat:3, Licht: 1","87984","3","2","5","07","22","6","0","1","1","1","0","0"
"POINT (6.956081656000038 50.956441828000038)","Unfall 87986 (2020) Kat:3, Licht: 0","87986","3","6","0","07","13","3","0","0","1","1","0","0"
"POINT (6.965810992000058 50.924535068000068)","Unfall 87987 (2020) Kat:3, Licht: 0","87987","3","1","0","07","20","6","0","0","0","0","0","0"
"POINT (7.071310743000026 50.881885662000059)","Unfall 88006 (2020) Kat:3, Licht: 0","88006","3","4","6","07","06","1","0","0","0","0","1","0"
"POINT (6.939896627000053 50.936294428000053)","Unfall 88008 (2020) Kat:3, Licht: 2","88008","3","4","0","07","03","1","1","2","0","1","1","0"
"POINT (6.938759311000069 50.952474497000026)","Unfall 88015 (2020) Kat:3, Licht: 0","88015","3","1","0","07","17","1","1","0","1","0","0","0"
"POINT (6.930148379000059 50.924971706000065)","Unfall 88017 (2020) Kat:2, Licht: 1","88017","2","1","7","07","04","1","1","1","0","0","0","0"
"POINT (6.832389292000073 50.965214553000067)","Unfall 88043 (2020) Kat:3, Licht: 0","88043","3","5","5","07","20","3","0","0","1","1","0","0"
"POINT (7.026943137000046 50.965838309000048)","Unfall 88055 (2020) Kat:3, Licht: 0","88055","3","6","2","07","09","2","0","0","0","1","0","0"
"POINT (6.961799748000033 50.921385091000047)","Unfall 88056 (2020) Kat:3, Licht: 0","88056","3","3","5","07","15","4","1","0","1","1","0","0"
"POINT (6.940390621000063 50.942332448000059)","Unfall 88063 (2020) Kat:3, Licht: 1","88063","3","1","0","07","21","4","1","1","1","0","0","0"
"POINT (6.974654861000033 50.932051804000082)","Unfall 88083 (2020) Kat:3, Licht: 0","88083","3","6","2","07","11","7","0","0","0","0","0","1"
"POINT (6.963899207000054 50.946797291000053)","Unfall 88099 (2020) Kat:3, Licht: 0","88099","3","6","2","07","16","7","0","0","0","1","0","0"
"POINT (6.890417554000067 50.924678670000048)","Unfall 88111 (2020) Kat:2, Licht: 0","88111","2","3","5","07","13","5","0","0","0","1","0","0"
"POINT (6.914625776000037 50.930098271000077)","Unfall 88148 (2020) Kat:3, Licht: 0","88148","3","4","6","07","14","7","0","0","1","0","1","0"
"POINT (6.897112135000043 50.995133074000080)","Unfall 88179 (2020) Kat:3, Licht: 0","88179","3","3","5","07","12","5","0","0","0","1","0","0"
"POINT (6.962773587000072 50.928988068000081)","Unfall 88193 (2020) Kat:3, Licht: 0","88193","3","7","2","07","14","5","0","0","0","1","0","0"
"POINT (7.057820565000043 50.944386713000029)","Unfall 88196 (2020) Kat:2, Licht: 0","88196","2","1","0","07","13","6","1","0","0","0","0","1"