WKT,Name,OBJECTID,UKATEGORIE,UTYP1,UART,UMONAT,USTUNDE,UWOCHENTAG,STRZUSTAND,ULICHTVERH,ISTRAD,ISTPKW,ISTFUSS,ISTKRAD
"POINT (6.963904197000034 50.946806291000030)","Unfall 88213 (2020) Kat:3, Licht: 0","88213","3","6","2","07","16","7","0","0","0","1","0","1"
"POINT (7.008513357000027 50.938932184000066)","Unfall 88217 (2020) Kat:3, Licht: 0","88217","3","3","5","07","12","7","0","0","1","1","0","0"
"POINT (6.922981121000021 50.936766456000043)","Unfall 88246 (2020) Kat:3, Licht: 0","88246","3","2","5","07","14","5","0","0","0","1","0","0"
"POINT (7.029648994000070 50.969944846000033)","Unfall 88265 (2020) Kat:3, Licht: 0","88265","3","1","9","07","11","4","1","0","0","1","0","0"
"POINT (6.928995066000027 50.861402423000072)","Unfall 88284 (2020) Kat:3, Licht: 0","88284","3","3","5","07","20","7","0","0","0","1","0","0"
"POINT (7.047463517000040 50.935987221000062)","Unfall 88307 (2020) Kat:3, Licht: 0","88307","3","6","2","07","09","5","0","0","0","1","0","0"
"POINT (6.940115711000033 50.941233394000051)","Unfall 88312 (2020) Kat:3, Licht: 0","88312","3","2","5","07","09","5","0","0","1","1","0","0"
"POINT (7.005546916000071 50.964292729000078)","Unfall 88316 (2020) Kat:3, Licht: 0","88316","3","6","2","07","09","5","1","0","0","1","0","0"
"POINT (6.991646846000037 50.947584001000052)","Unfall 88324 (2020) Kat:3, Licht: 0","88324","3","6","2","07","18","4","1","0","0","1","0","0"
"POINT (6.907905237000023 50.930187396000065)","Unfall 88349 (2020) Kat:2, Licht: 0","88349","2","1","0","07","17","7","0","0","1","0","0","0"
"POINT (7.004763889000060 50.976607752000064)","Unfall 88377 (2020) Kat:3, Licht: 0","88377","3","6","2","07","13","4","1","0","0","1","0","0"
"POINT (6.900273669000058 50.937279174000082)","Unfall 88379 (2020) Kat:2, Licht: 2","88379","2","3","5","07","00","5","1","2","0","1","0","0"
"POINT (6.918942063000031 51.013036700000043)","Unfall 88412 (2020) Kat:3, Licht: 0","88412","3","6","2","07","15","2","0","0","0","1","0","0"
"POINT (6.997494833000076 50.946587413000032)","Unfall 88420 (2020) Kat:3, Licht: 0","88420","3","6","2","07","08","2","0","0","0","1","0","0"
"POINT (7.052899044000071 50.915592702000026)","Unfall 88424 (2020) Kat:3, Licht: 0","88424","3","1","0","07","16","2","0","0","1","0","0","0"
"POINT (6.975016672000038 50.928528211000071)","Unfall 88428 (2020) Kat:3, Licht: 0","88428","3","2","5","07","20","2","0","0","1","1","0","0"
"POINT (6.995157876000064 50.964330696000047)","Unfall 88430 (2020) Kat:3, Licht: 2","88430","3","7","0","07","23","1","0","2","1","0","0","0"
"POINT (7.005879250000021 50.964861967000047)","Unfall 88432 (2020) Kat:3, Licht: 0","88432","3","6","2","07","09","2","0","0","0","1","0","0"
"POINT (7.043507867000074 50.969231427000068)","Unfall 88433 (2020) Kat:3, Licht: 0","88433","3","6","2","07","19","1","0","0","0","1","0","0"
"POINT (6.940264096000021 50.968244285000026)","Unfall 88435 (2020) Kat:3, Licht: 0","88435","3","6","1","07","15","2","0","0","0","1","0","0"
"POINT (6.953010132000031 50.956353069000045)","Unfall 88439 (2020) Kat:3, Licht: 0","88439","3","6","1","07","07","2","0","0","0","1","0","0"
"POINT (6.939694282000062 50.939473503000045)","Unfall 88440 (2020) Kat:3, Licht: 0","88440","3","7","3","07","19","1","0","0","0","1","0","1"
"POINT (6.848430960000030 50.978898652000055)","Unfall 88443 (2020) Kat:2, Licht: 0","88443","2","6","2","07","15","2","0","0","1","0","0","0"
"POINT (6.928491659000031 50.945030577000068)","Unfall 88445 (2020) Kat:3, Licht: 0","88445","3","4","6","07","14","2","0","0","1","0","1","0"
"POINT (6.890417554000067 50.924678670000048)","Unfall 88450 (2020) Kat:2, Licht: 0","88450","2","3","5","07","07","2","0","0","0","1","0","0"
"POINT (7.039677882000035 50.929730430000063)","Unfall 88453 (2020) Kat:2, Licht: 0","88453","2","3","5","07","17","4","0","0","1","1","0","0"
"POINT (7.014111690000050 50.974983691000034)","Unfall 88522 (2020) Kat:3, Licht: 0","88522","3","1","0","07","19","3","1","0","1","0","0","0"
"POINT (6.907842873000050 50.955142464000062)","Unfall 88530 (2020) Kat:3, Licht: 0","88530","3","4","6","07","10","3","0","0","1","0","1","0"
"POINT (7.012392366000029 50.990092535000031)","Unfall 88594 (2020) Kat:3, Licht: 0","88594","3","6","3","07","11","5","1","0","0","1","0","0"
"POINT (7.085009193000076 50.856356061000042)","Unfall 88742 (2020) Kat:3, Licht: 0","88742","3","1","0","07","21","3","1","0","0","0","0","1"
"POINT (6.940717268000071 50.885179882000045)","Unfall 88770 (2020) Kat:3, Licht: 0","88770","3","2","5","07","19","2","0","0","0","1","0","0"
"POINT (6.838864650000062 51.037133672000039)","Unfall 88772 (2020) Kat:3, Licht: 2","88772","3","6","9","07","00","1","0","2","0","1","0","0"
"POINT (7.106036892000077 50.859121336000044)","Unfall 88788 (2020) Kat:2, Licht: 0","88788","2","7","1","07","07","6","0","0","0","1","0","1"
"POINT (7.083916650000049 50.942579981000051)","Unfall 88791 (2020) Kat:2, Licht: 0","88791","2","1","7","07","15","2","0","0","1","0","0","0"
"POINT (7.057467460000055 50.893947502000060)","Unfall 88793 (2020) Kat:3, Licht: 0","88793","3","7","0","07","17","6","0","0","1","0","0","0"
"POINT (7.022647646000053 50.980371283000068)","Unfall 88794 (2020) Kat:3, Licht: 0","88794","3","6","0","07","15","1","0","0","1","0","0","0"
"POINT (6.848757019000061 50.978757936000079)","Unfall 88798 (2020) Kat:3, Licht: 0","88798","3","3","5","07","17","6","0","0","0","1","0","0"
"POINT (6.912233394000054 50.906543177000060)","Unfall 88801 (2020) Kat:3, Licht: 0","88801","3","6","0","07","14","6","0","0","0","1","0","0"
"POINT (6.896642400000076 50.925590237000051)","Unfall 88803 (2020) Kat:2, Licht: 0","88803","2","3","5","07","16","6","0","0","0","1","0","1"
"POINT (6.945761069000071 50.946584040000062)","Unfall 88807 (2020) Kat:3, Licht: 0","88807","3","2","5","07","09","6","0","0","1","1","0","0"
"POINT (6.957684202000053 50.935327524000058)","Unfall 88850 (2020) Kat:3, Licht: 2","88850","3","6","0","07","21","2","0","2","1","1","0","0"
"POINT (6.848914491000073 50.932591916000035)","Unfall 88888 (2020) Kat:3, Licht: 0","88888","3","6","3","07","16","3","0","0","0","1","0","0"
"POINT (7.002518155000075 50.959830442000055)","Unfall 88897 (2020) Kat:3, Licht: 0","88897","3","6","2","07","17","2","0","0","0","1","0","0"
"POINT (6.843173487000058 50.938117803000068)","Unfall 88900 (2020) Kat:3, Licht: 0","88900","3","7","0","07","18","1","0","0","1","0","0","0"
"POINT (6.850801363000073 50.959328249000066)","Unfall 88916 (2020) Kat:2, Licht: 0","88916","2","6","0","07","16","1","0","0","0","1","0","0"
"POINT (7.083830548000037 50.863964810000027)","Unfall 88965 (2020) Kat:3, Licht: 0","88965","3","5","0","07","18","2","0","0","1","1","0","0"
"POINT (7.021683755000026 50.940304463000075)","Unfall 88966 (2020) Kat:2, Licht: 0","88966","2","2","4","07","13","7","0","0","0","1","0","1"
"POINT (7.107541392000030 50.874435968000057)","Unfall 88968 (2020) Kat:3, Licht: 2","88968","3","5","1","07","00","1","0","2","0","1","0","0"
"POINT (6.954828546000044 50.998586677000048)","Unfall 88983 (2020) Kat:3, Licht: 0","88983","3","1","0","07","09","2","0","0","1","0","0","0"
"POINT (6.852443165000068 50.937940410000067)","Unfall 88984 (2020) Kat:3, Licht: 0","88984","3","2","5","07","10","7","0","0","0","1","0","0"
"POINT (6.917302669000037 50.949815430000058)","Unfall 89001 (2020) Kat:3, Licht: 1","89001","3","6","2","07","22","7","0","1","0","1","0","0"
"POINT (6.927032375000067 50.861183759000028)","Unfall 89028 (2020) Kat:3, Licht: 0","89028","3","6","2","07","12","2","0","0","0","1","0","0"
"POINT (7.099793411000064 50.909413607000033)","Unfall 89036 (2020) Kat:3, Licht: 0","89036","3","7","5","07","19","5","1","0","0","1","0","0"
"POINT (7.022541853000064 50.980292783000039)","Unfall 89039 (2020) Kat:3, Licht: 0","89039","3","6","2","07","12","5","1","0","0","1","0","0"
"POINT (6.839829752000071 50.967850121000026)","Unfall 89040 (2020) Kat:3, Licht: 0","89040","3","4","1","07","07","5","0","0","0","1","1","0"
"POINT (6.921081377000064 50.914247078000074)","Unfall 89042 (2020) Kat:3, Licht: 2","89042","3","3","5","07","21","5","1","2","0","1","0","0"
"POINT (6.974698254000032 50.858182816000067)","Unfall 89047 (2020) Kat:3, Licht: 0","89047","3","1","0","07","15","5","1","0","0","0","0","1"
"POINT (6.975030519000029 50.928521246000059)","Unfall 89050 (2020) Kat:2, Licht: 0","89050","2","1","0","07","14","2","0","0","1","0","0","0"
"POINT (6.931145173000061 50.923130332000028)","Unfall 89053 (2020) Kat:3, Licht: 0","89053","3","2","5","07","12","5","1","0","1","1","0","0"
"POINT (6.947071969000035 50.935672310000029)","Unfall 89057 (2020) Kat:3, Licht: 0","89057","3","7","0","07","10","5","1","0","0","0","0","0"
"POINT (7.014344371000050 51.009644394000077)","Unfall 89065 (2020) Kat:3, Licht: 0","89065","3","6","0","07","19","3","0","0","0","0","0","0"
"POINT (6.916258539000069 50.930736440000032)","Unfall 89069 (2020) Kat:3, Licht: 0","89069","3","1","0","07","12","7","0","0","1","0","0","0"
"POINT (6.974077298000054 50.956248242000072)","Unfall 89075 (2020) Kat:3, Licht: 0","89075","3","3","5","07","17","1","0","0","1","1","0","0"
"POINT (6.903304770000034 50.987520839000069)","Unfall 89135 (2020) Kat:2, Licht: 0","89135","2","6","3","07","05","2","0","0","0","1","0","0"
"POINT (6.995159218000026 50.964330281000059)","Unfall 89153 (2020) Kat:3, Licht: 1","89153","3","6","0","07","20","2","0","1","1","0","0","0"
"POINT (6.925610645000063 50.939726307000058)","Unfall 89156 (2020) Kat:2, Licht: 2","89156","2","1","0","07","00","1","0","2","0","0","0","0"
"POINT (6.991800893000061 50.936892118000060)","Unfall 89171 (2020) Kat:3, Licht: 0","89171","3","2","3","07","18","4","0","0","1","1","0","0"
"POINT (6.856785801000058 50.920301695000035)","Unfall 89175 (2020) Kat:3, Licht: 0","89175","3","2","2","07","08","4","0","0","0","1","0","0"
"POINT (6.910667059000048 50.939766452000072)","Unfall 89177 (2020) Kat:3, Licht: 0","89177","3","7","5","07","19","4","0","0","0","1","0","0"
"POINT (6.912717571000030 50.952783089000036)","Unfall 89180 (2020) Kat:3, Licht: 0","89180","3","2","5","07","17","4","0","0","1","1","0","0"
"POINT (6.870822083000064 50.973417498000060)","Unfall 89185 (2020) Kat:3, Licht: 0","89185","3","1","0","07","07","4","0","0","1","0","0","0"
"POINT (6.835587111000052 50.938102417000039)","Unfall 89188 (2020) Kat:3, Licht: 2","89188","3","4","6","07","01","4","0","2","0","0","1","0"
"POINT (6.881231418000027 50.966453526000066)","Unfall 89189 (2020) Kat:3, Licht: 0","89189","3","2","5","07","15","4","0","0","1","1","0","0"
"POINT (7.078786082000022 50.950782110000034)","Unfall 89195 (2020) Kat:3, Licht: 0","89195","3","7","0","07","20","6","0","0","1","0","0","0"
"POINT (6.953785219000054 50.964194594000048)","Unfall 89234 (2020) Kat:3, Licht: 0","89234","3","5","0","07","10","5","0","0","1","1","0","0"
"POINT (7.096289681000030 50.864024127000050)","Unfall 89236 (2020) Kat:3, Licht: 0","89236","3","7","2","07","13","7","0","0","0","1","0","0"
"POINT (6.940834266000024 50.931197630000042)","Unfall 89306 (2020) Kat:3, Licht: 2","89306","3","1","0","07","01","6","0","2","1","0","0","0"
"POINT (6.908517023000059 50.937113815000032)","Unfall 89317 (2020) Kat:3, Licht: 0","89317","3","3","5","07","09","5","0","0","0","1","0","0"
"POINT (7.100546238000050 50.839666565000073)","Unfall 89370 (2020) Kat:3, Licht: 0","89370","3","7","4","07","16","6","0","0","0","1","0","0"
"POINT (6.969653195000035 50.873900599000081)","Unfall 89409 (2020) Kat:2, Licht: 0","89409","2","1","9","07","13","5","0","0","0","1","0","0"
"POINT (6.992222443000060 50.889849610000056)","Unfall 89429 (2020) Kat:3, Licht: 0","89429","3","2","5","07","09","5","0","0","1","1","0","0"
"POINT (7.022597651000069 50.980334187000039)","Unfall 89470 (2020) Kat:3, Licht: 2","89470","3","7","0","07","22","3","0","2","1","0","0","0"
"POINT (7.029483062000054 50.988404775000049)","Unfall 89471 (2020) Kat:2, Licht: 0","89471","2","7","0","07","17","3","0","0","1","0","0","0"
"POINT (6.973862412000074 50.864716017000035)","Unfall 89473 (2020) Kat:3, Licht: 0","89473","3","6","2","07","13","3","0","0","0","1","0","0"
"POINT (6.933336378000035 50.943347564000078)","Unfall 89475 (2020) Kat:2, Licht: 2","89475","2","1","0","07","03","3","0","2","0","0","0","0"
"POINT (6.926355819000037 50.930978683000035)","Unfall 89478 (2020) Kat:3, Licht: 0","89478","3","2","5","07","17","3","0","0","1","1","0","0"
"POINT (6.910168266000028 50.954365496000037)","Unfall 89483 (2020) Kat:3, Licht: 0","89483","3","4","6","07","14","6","0","0","0","1","1","0"
"POINT (6.818225158000075 50.938620543000070)","Unfall 89495 (2020) Kat:3, Licht: 0","89495","3","6","2","07","14","5","0","0","0","1","0","0"
"POINT (6.850699641000063 50.977987106000057)","Unfall 89496 (2020) Kat:3, Licht: 0","89496","3","1","9","07","15","7","0","0","0","1","0","0"
"POINT (6.946133498000052 50.875139798000077)","Unfall 89576 (2020) Kat:3, Licht: 0","89576","3","3","5","07","08","5","0","0","0","1","0","0"
"POINT (7.033988530000045 50.967285447000052)","Unfall 89626 (2020) Kat:3, Licht: 0","89626","3","3","0","07","14","2","0","0","1","1","0","0"
"POINT (7.027849894000042 50.998684939000043)","Unfall 89662 (2020) Kat:3, Licht: 0","89662","3","4","6","07","19","3","0","0","1","0","1","0"
"POINT (6.972871725000061 50.932406558000082)","Unfall 89667 (2020) Kat:3, Licht: 0","89667","3","6","5","07","17","4","0","0","0","1","0","0"
"POINT (6.962828937000040 50.928515598000047)","Unfall 89684 (2020) Kat:2, Licht: 0","89684","2","1","0","07","16","5","0","0","0","0","0","0"
"POINT (6.931463486000041 50.947495509000078)","Unfall 89689 (2020) Kat:3, Licht: 0","89689","3","1","0","07","08","5","0","0","0","0","0","1"
"POINT (6.968156227000065 50.845569228000045)","Unfall 89692 (2020) Kat:3, Licht: 0","89692","3","1","9","07","18","2","0","0","0","0","0","1"
"POINT (6.916500455000062 50.970646796000040)","Unfall 89741 (2020) Kat:3, Licht: 0","89741","3","1","0","07","08","2","0","0","0","0","0","1"
"POINT (6.936086597000042 50.935394687000041)","Unfall 89748 (2020) Kat:2, Licht: 0","89748","2","6","0","07","18","3","0","0","1","0","0","0"
"POINT (6.969609046000073 50.874333716000081)","Unfall 89750 (2020) Kat:3, Licht: 0","89750","3","6","2","07","17","5","0","0","0","1","0","0"
"POINT (6.916850047000025 50.950132860000053)","Unfall 89753 (2020) Kat:3, Licht: 0","89753","3","3","5","07","12","4","0","0","1","1","0","0"
"POINT (6.903257371000052 50.987560347000056)","Unfall 89755 (2020) Kat:3, Licht: 0","89755","3","6","3","07","15","5","0","0","0","1","0","0"
"POINT (6.977022576000024 50.845571570000061)","Unfall 89775 (2020) Kat:3, Licht: 0","89775","3","1","0","07","12","5","0","0","1","0","0","0"
"POINT (6.999310139000045 50.989422518000026)","Unfall 89807 (2020) Kat:3, Licht: 0","89807","3","3","5","07","15","2","0","0","1","1","0","0"
"POINT (7.058935101000031 50.908537122000041)","Unfall 89814 (2020) Kat:3, Licht: 0","89814","3","3","0","07","17","3","0","0","1","1","0","0"
"POINT (6.957052422000061 50.903696757000034)","Unfall 89829 (2020) Kat:3, Licht: 0","89829","3","3","5","07","18","2","0","0","1","1","0","0"
"POINT (6.971516249000047 50.936939756000072)","Unfall 89843 (2020) Kat:2, Licht: 0","89843","2","6","9","07","16","1","0","0","1","0","0","0"
"POINT (7.048489177000022 50.920420357000069)","Unfall 89847 (2020) Kat:3, Licht: 1","89847","3","6","4","07","05","4","0","1","1","0","0","0"
"POINT (7.058760880000023 50.952441321000038)","Unfall 89862 (2020) Kat:2, Licht: 1","89862","2","1","9","07","21","3","0","1","0","1","0","0"
"POINT (6.928680830000076 50.916773833000036)","Unfall 89866 (2020) Kat:3, Licht: 0","89866","3","7","3","07","08","5","0","0","0","1","0","0"
"POINT (6.875867755000058 50.924161345000073)","Unfall 89870 (2020) Kat:3, Licht: 0","89870","3","2","0","07","10","5","0","0","1","0","0","0"
"POINT (6.923499908000053 50.956757828000036)","Unfall 89924 (2020) Kat:3, Licht: 0","89924","3","4","6","07","16","2","0","0","1","0","1","0"
"POINT (7.019612376000055 50.964365457000042)","Unfall 89931 (2020) Kat:3, Licht: 0","89931","3","3","0","07","19","3","0","0","1","0","0","0"
"POINT (6.917714005000050 50.949549466000065)","Unfall 89937 (2020) Kat:2, Licht: 0","89937","2","2","5","07","07","4","0","0","1","1","0","0"
"POINT (6.849913608000065 50.978257084000063)","Unfall 89956 (2020) Kat:3, Licht: 0","89956","3","2","5","07","19","5","0","0","0","1","0","0"
"POINT (6.958070911000050 50.935424311000077)","Unfall 89975 (2020) Kat:3, Licht: 0","89975","3","3","5","07","13","5","0","0","1","1","0","0"
"POINT (6.916111831000023 51.011214694000046)","Unfall 90001 (2020) Kat:3, Licht: 0","90001","3","7","2","07","17","6","0","0","0","1","0","0"
"POINT (6.916151074000027 50.950561942000036)","Unfall 90007 (2020) Kat:3, Licht: 0","90007","3","1","0","07","06","2","0","0","1","0","0","0"
"POINT (6.925223051000046 50.859544970000059)","Unfall 90019 (2020) Kat:3, Licht: 0","90019","3","3","5","07","06","4","0","0","1","1","0","0"
"POINT (6.853892849000033 51.014051864000066)","Unfall 90021 (2020) Kat:2, Licht: 0","90021","2","2","3","07","18","5","0","0","1","1","0","0"
"POINT (6.843019323000021 50.921288331000028)","Unfall 90031 (2020) Kat:2, Licht: 0","90031","2","1","9","07","06","1","1","0","0","1","0","0"
"POINT (6.907766384000070 50.927369056000032)","Unfall 90043 (2020) Kat:3, Licht: 0","90043","3","1","0","07","14","5","0","0","0","0","0","0"
"POINT (6.920066295000027 50.948430648000055)","Unfall 90077 (2020) Kat:3, Licht: 0","90077","3","6","3","08","13","3","0","0","1","0","0","0"
"POINT (6.915225026000030 50.951160425000069)","Unfall 90095 (2020) Kat:3, Licht: 0","90095","3","2","5","08","15","4","0","0","1","1","0","0"
"POINT (6.949801459000071 50.935299072000078)","Unfall 90122 (2020) Kat:3, Licht: 0","90122","3","1","0","08","16","4","0","0","1","0","0","0"
"POINT (6.859148995000055 50.915421016000039)","Unfall 90148 (2020) Kat:3, Licht: 0","90148","3","2","5","08","14","2","0","0","1","0","0","0"
"POINT (7.014677832000075 51.006951649000030)","Unfall 90150 (2020) Kat:3, Licht: 0","90150","3","6","2","08","12","5","0","0","0","1","0","0"
"POINT (7.022983360000069 50.946235542000068)","Unfall 90184 (2020) Kat:3, Licht: 0","90184","3","7","8","08","14","1","0","0","0","1","0","0"
"POINT (7.066672724000057 50.977308612000058)","Unfall 90185 (2020) Kat:3, Licht: 0","90185","3","6","2","08","13","1","0","0","0","1","0","0"
"POINT (7.013669109000034 50.974743036000064)","Unfall 90188 (2020) Kat:3, Licht: 0","90188","3","6","3","08","14","1","0","0","0","1","0","1"
"POINT (6.917743706000067 51.019389778000061)","Unfall 90189 (2020) Kat:3, Licht: 0","90189","3","2","5","08","13","1","0","0","0","1","0","0"
"POINT (6.861553927000045 50.987529051000081)","Unfall 90190 (2020) Kat:3, Licht: 0","90190","3","6","2","08","14","3","0","0","0","1","0","0"
"POINT (6.939063316000045 50.937005267000075)","Unfall 90193 (2020) Kat:3, Licht: 0","90193","3","6","2","08","19","1","0","0","0","1","0","0"
"POINT (6.935270851000041 50.923273782000081)","Unfall 90200 (2020) Kat:2, Licht: 2","90200","2","7","6","08","01","4","0","2","1","0","1","0"
"POINT (7.096659561000024 50.843833725000081)","Unfall 90201 (2020) Kat:3, Licht: 0","90201","3","6","2","08","16","3","0","0","0","1","0","0"
"POINT (6.927276432000042 50.929529140000056)","Unfall 90215 (2020) Kat:3, Licht: 0","90215","3","7","2","08","12","3","0","0","0","1","0","0"
"POINT (6.969136074000062 50.918520574000070)","Unfall 90225 (2020) Kat:3, Licht: 0","90225","3","6","2","08","13","4","0","0","0","1","0","0"
"POINT (6.952517218000025 50.924136146000080)","Unfall 90253 (2020) Kat:2, Licht: 2","90253","2","4","6","08","23","2","0","2","0","0","1","0"
"POINT (7.023834322000027 50.902667436000058)","Unfall 90280 (2020) Kat:3, Licht: 0","90280","3","6","4","07","19","6","0","0","1","0","0","0"
"POINT (7.050798339000039 50.929507665000074)","Unfall 90285 (2020) Kat:3, Licht: 0","90285","3","1","0","07","10","6","0","0","1","0","0","0"
"POINT (6.954248379000035 50.962127605000035)","Unfall 90295 (2020) Kat:3, Licht: 0","90295","3","5","4","08","09","3","0","0","0","1","0","1"
"POINT (6.969971349000048 50.886194352000075)","Unfall 90298 (2020) Kat:2, Licht: 0","90298","2","6","2","08","13","1","0","0","0","1","0","1"
"POINT (7.031225108000058 50.940292332000070)","Unfall 90299 (2020) Kat:3, Licht: 0","90299","3","2","3","07","07","6","0","0","1","0","0","1"
"POINT (7.057600239000067 50.974052857000061)","Unfall 90307 (2020) Kat:3, Licht: 0","90307","3","2","5","07","12","6","0","0","1","1","0","0"
"POINT (6.910895960000062 50.953958358000079)","Unfall 90312 (2020) Kat:3, Licht: 0","90312","3","2","5","07","18","6","0","0","1","1","0","0"
"POINT (6.887102056000060 50.963834727000062)","Unfall 90313 (2020) Kat:3, Licht: 0","90313","3","6","2","08","16","4","0","0","0","1","0","0"
"POINT (6.837278311000034 50.938313415000039)","Unfall 90326 (2020) Kat:3, Licht: 0","90326","3","6","2","07","15","6","0","0","0","1","0","0"
"POINT (6.892230515000051 50.992021789000034)","Unfall 90332 (2020) Kat:3, Licht: 0","90332","3","2","2","07","07","6","0","0","0","1","0","0"
"POINT (6.925330989000031 50.939445507000073)","Unfall 90338 (2020) Kat:3, Licht: 0","90338","3","1","0","07","13","6","0","0","1","0","0","0"
"POINT (6.948368904000063 50.947406833000059)","Unfall 90339 (2020) Kat:3, Licht: 0","90339","3","2","5","08","18","4","0","0","1","1","0","0"
"POINT (6.911759351000057 50.928951142000074)","Unfall 90351 (2020) Kat:3, Licht: 0","90351","3","4","0","07","16","6","0","0","1","0","1","0"
"POINT (7.047084017000032 50.942304164000063)","Unfall 90363 (2020) Kat:3, Licht: 0","90363","3","3","5","08","09","7","1","0","1","0","0","1"
"POINT (6.981534126000042 50.939056237000045)","Unfall 90367 (2020) Kat:3, Licht: 2","90367","3","1","9","08","00","7","0","2","0","0","0","1"
"POINT (6.924770699000021 50.936754627000028)","Unfall 90368 (2020) Kat:3, Licht: 0","90368","3","6","3","08","17","7","0","0","1","1","0","0"
"POINT (6.964103187000035 50.879953978000060)","Unfall 90373 (2020) Kat:3, Licht: 0","90373","3","2","1","08","15","7","0","0","0","1","0","0"
"POINT (6.934934422000026 50.922604331000059)","Unfall 90374 (2020) Kat:3, Licht: 0","90374","3","3","3","07","13","6","0","0","1","1","0","0"
"POINT (6.920828968000024 50.914100449000046)","Unfall 90378 (2020) Kat:3, Licht: 2","90378","3","3","5","08","23","7","1","2","1","1","0","0"
"POINT (6.963197332000050 50.936083015000065)","Unfall 90381 (2020) Kat:3, Licht: 0","90381","3","1","0","08","19","7","0","0","0","0","0","1"
"POINT (6.918506034000075 50.915712003000067)","Unfall 90383 (2020) Kat:3, Licht: 2","90383","3","1","0","07","23","6","0","2","1","0","0","0"
"POINT (6.936864373000049 50.935369614000081)","Unfall 90387 (2020) Kat:3, Licht: 0","90387","3","2","5","07","12","6","0","0","1","1","0","0"
"POINT (6.971683076000034 50.846679493000067)","Unfall 90420 (2020) Kat:3, Licht: 0","90420","3","7","0","08","07","4","0","0","0","1","0","0"
"POINT (6.950233349000030 50.850464412000065)","Unfall 90436 (2020) Kat:3, Licht: 0","90436","3","1","8","08","10","3","0","0","0","0","0","0"
"POINT (6.953968818000021 50.929568840000059)","Unfall 90446 (2020) Kat:3, Licht: 0","90446","3","6","3","08","11","4","0","0","0","1","0","1"
"POINT (6.986584984000047 50.899150062000047)","Unfall 90472 (2020) Kat:3, Licht: 0","90472","3","6","3","08","16","2","0","0","1","0","0","0"
"POINT (6.850583984000025 50.963782785000035)","Unfall 90474 (2020) Kat:3, Licht: 0","90474","3","6","2","08","15","5","0","0","0","1","0","0"
"POINT (7.013858079000045 50.851283216000070)","Unfall 90514 (2020) Kat:3, Licht: 0","90514","3","5","1","08","12","3","0","0","0","0","0","1"
"POINT (6.952202958000044 50.935414117000050)","Unfall 90524 (2020) Kat:3, Licht: 0","90524","3","4","0","08","11","4","0","0","0","0","1","0"
"POINT (7.039581531000067 50.945056109000063)","Unfall 90528 (2020) Kat:3, Licht: 0","90528","3","6","2","08","12","7","1","0","0","1","0","0"
"POINT (6.984139099000061 50.921216803000050)","Unfall 90604 (2020) Kat:3, Licht: 0","90604","3","6","1","08","12","6","0","0","0","1","0","0"
"POINT (6.934550354000066 50.936530507000043)","Unfall 90614 (2020) Kat:3, Licht: 0","90614","3","3","5","08","07","6","0","0","0","1","0","0"
"POINT (6.852446207000071 50.977588670000046)","Unfall 90641 (2020) Kat:3, Licht: 0","90641","3","6","2","08","16","5","0","0","0","1","0","0"
"POINT (6.953337159000057 50.966616487000067)","Unfall 90669 (2020) Kat:3, Licht: 0","90669","3","2","0","08","16","6","0","0","0","1","0","1"
"POINT (6.918516735000026 50.949100323000039)","Unfall 90678 (2020) Kat:3, Licht: 0","90678","3","3","5","08","13","5","0","0","0","1","0","1"
"POINT (6.958319394000057 50.849302938000051)","Unfall 90682 (2020) Kat:3, Licht: 0","90682","3","7","3","08","10","5","0","0","0","1","0","0"
"POINT (6.935361701000034 50.936519299000054)","Unfall 90691 (2020) Kat:2, Licht: 0","90691","2","4","6","08","18","5","0","0","0","0","1","0"
"POINT (7.057821507000028 50.949582253000074)","Unfall 90698 (2020) Kat:3, Licht: 0","90698","3","7","9","08","13","7","0","0","0","1","0","0"
"POINT (7.024909571000023 50.950156607000054)","Unfall 90712 (2020) Kat:2, Licht: 0","90712","2","6","0","08","16","6","0","0","0","1","0","1"
"POINT (6.924668994000058 50.936755075000065)","Unfall 90723 (2020) Kat:3, Licht: 0","90723","3","3","5","08","12","6","0","0","0","1","0","1"
"POINT (6.960979161000068 51.021998054000051)","Unfall 90779 (2020) Kat:3, Licht: 0","90779","3","7","1","08","17","6","0","0","0","1","0","0"
"POINT (6.844591004000051 50.917892600000073)","Unfall 90829 (2020) Kat:3, Licht: 0","90829","3","4","6","08","17","6","0","0","0","1","1","0"
"POINT (6.918918874000042 50.907720170000061)","Unfall 90856 (2020) Kat:3, Licht: 0","90856","3","7","0","08","11","3","0","0","1","0","0","0"
"POINT (7.058934608000072 50.908537688000081)","Unfall 90898 (2020) Kat:3, Licht: 0","90898","3","3","5","08","14","3","0","0","1","1","0","0"
"POINT (6.961801199000036 50.935992409000050)","Unfall 90911 (2020) Kat:3, Licht: 0","90911","3","6","4","08","17","3","0","0","1","0","0","0"
"POINT (7.002918442000066 50.960444482000071)","Unfall 90952 (2020) Kat:3, Licht: 0","90952","3","5","1","08","16","3","0","0","1","1","0","0"
"POINT (6.830460059000075 51.067409600000076)","Unfall 90981 (2020) Kat:3, Licht: 2","90981","3","6","8","08","03","2","0","2","0","1","0","0"
"POINT (7.012423841000043 50.939593972000068)","Unfall 91001 (2020) Kat:3, Licht: 0","91001","3","2","5","08","11","2","0","0","1","1","0","0"
"POINT (6.867535580000038 50.937907085000063)","Unfall 91003 (2020) Kat:3, Licht: 0","91003","3","3","5","08","16","1","0","0","1","1","0","0"