WKT,Name,OBJECTID,UKATEGORIE,UTYP1,UART,UMONAT,USTUNDE,UWOCHENTAG,STRZUSTAND,ULICHTVERH,ISTRAD,ISTPKW,ISTFUSS,ISTKRAD
"POINT (6.965195161000054 50.925188261000073)","Unfall 91004 (2020) Kat:3, Licht: 1","91004","3","2","0","08","20","1","1","1","1","1","0","0"
"POINT (6.953497278000043 50.965683870000078)","Unfall 91005 (2020) Kat:2, Licht: 0","91005","2","4","6","08","10","2","0","0","1","0","1","0"
"POINT (6.959877007000046 50.921131348000074)","Unfall 91006 (2020) Kat:3, Licht: 0","91006","3","6","3","08","15","1","0","0","1","1","0","0"
"POINT (6.957105967000075 51.027307260000043)","Unfall 91010 (2020) Kat:2, Licht: 0","91010","2","5","1","08","16","2","0","0","0","1","0","0"
"POINT (6.953955919000066 50.963406766000048)","Unfall 91015 (2020) Kat:3, Licht: 0","91015","3","3","5","08","14","2","0","0","0","1","0","1"
"POINT (6.859148254000047 50.915422405000072)","Unfall 91027 (2020) Kat:3, Licht: 0","91027","3","2","3","08","15","2","0","0","1","0","0","0"
"POINT (6.933350192000034 50.935473292000040)","Unfall 91030 (2020) Kat:3, Licht: 0","91030","3","6","2","08","14","3","0","0","0","1","0","0"
"POINT (6.927597708000064 50.915672963000077)","Unfall 91035 (2020) Kat:3, Licht: 0","91035","3","6","3","08","13","2","0","0","1","1","0","0"
"POINT (6.958771299000034 50.950133718000075)","Unfall 91036 (2020) Kat:3, Licht: 0","91036","3","6","3","08","20","2","0","0","0","1","0","1"
"POINT (6.992488648000062 50.935707584000056)","Unfall 91073 (2020) Kat:3, Licht: 0","91073","3","7","1","08","09","3","0","0","0","0","0","1"
"POINT (7.053004356000031 50.877743704000068)","Unfall 91130 (2020) Kat:3, Licht: 0","91130","3","3","5","08","16","7","0","0","0","1","0","1"
"POINT (7.125858594000022 50.889259398000036)","Unfall 91132 (2020) Kat:2, Licht: 0","91132","2","6","3","08","10","7","0","0","1","0","0","0"
"POINT (6.857519831000047 50.918792591000056)","Unfall 91134 (2020) Kat:3, Licht: 0","91134","3","2","6","08","11","7","0","0","0","1","1","0"
"POINT (6.940345680000064 50.942971090000071)","Unfall 91136 (2020) Kat:3, Licht: 2","91136","3","2","5","08","22","7","0","2","1","1","0","0"
"POINT (7.081958229000065 50.921607039000037)","Unfall 91154 (2020) Kat:3, Licht: 0","91154","3","6","3","08","07","4","0","0","0","1","0","0"
"POINT (6.956783383000072 50.950213374000043)","Unfall 91166 (2020) Kat:3, Licht: 0","91166","3","7","2","08","19","4","1","0","1","0","0","0"
"POINT (6.930121260000021 50.909163829000079)","Unfall 91193 (2020) Kat:3, Licht: 0","91193","3","2","5","08","14","5","0","0","1","1","0","0"
"POINT (6.897654650000050 50.993107585000075)","Unfall 91201 (2020) Kat:2, Licht: 0","91201","2","1","9","08","18","5","1","0","0","0","0","1"
"POINT (6.909099236000031 51.028278793000027)","Unfall 91214 (2020) Kat:2, Licht: 0","91214","2","2","2","08","08","4","1","0","1","1","0","0"
"POINT (7.025154504000057 50.977396243000044)","Unfall 91250 (2020) Kat:3, Licht: 0","91250","3","6","2","08","13","4","0","0","0","1","0","0"
"POINT (6.954434610000021 50.961194541000054)","Unfall 91257 (2020) Kat:3, Licht: 0","91257","3","1","0","08","17","5","0","0","0","0","0","1"
"POINT (6.982598411000026 50.935420498000042)","Unfall 91267 (2020) Kat:2, Licht: 2","91267","2","1","9","08","04","4","1","2","0","1","0","0"
"POINT (6.920834849000073 50.914096370000038)","Unfall 91295 (2020) Kat:3, Licht: 0","91295","3","2","5","08","14","4","0","0","1","1","0","0"
"POINT (6.988311755000041 50.898065869000050)","Unfall 91321 (2020) Kat:3, Licht: 0","91321","3","1","0","08","17","5","1","0","1","0","0","0"
"POINT (6.988331405000054 50.918492529000048)","Unfall 91342 (2020) Kat:3, Licht: 2","91342","3","2","0","08","22","4","1","2","0","1","0","0"
"POINT (6.917735316000062 50.972951373000058)","Unfall 91346 (2020) Kat:3, Licht: 0","91346","3","6","3","08","17","6","0","0","0","1","0","0"
"POINT (6.972421107000059 50.871574015000078)","Unfall 91421 (2020) Kat:2, Licht: 0","91421","2","7","0","08","14","4","1","0","1","0","0","0"
"POINT (6.921420028000057 50.947862066000027)","Unfall 91443 (2020) Kat:3, Licht: 0","91443","3","2","5","08","12","5","0","0","1","0","0","0"
"POINT (7.003920942000036 50.977100896000081)","Unfall 91500 (2020) Kat:3, Licht: 0","91500","3","3","5","08","10","1","0","0","1","1","0","0"
"POINT (6.948921609000024 50.993777054000077)","Unfall 91502 (2020) Kat:3, Licht: 0","91502","3","1","0","08","20","1","1","0","0","0","0","1"
"POINT (6.963040419000038 50.879103964000080)","Unfall 91503 (2020) Kat:3, Licht: 0","91503","3","1","0","08","16","1","0","0","1","0","0","0"
"POINT (6.856905717000075 50.970006195000053)","Unfall 91505 (2020) Kat:3, Licht: 0","91505","3","7","0","08","07","2","1","0","0","0","0","1"
"POINT (7.014176871000075 50.986733625000056)","Unfall 91554 (2020) Kat:3, Licht: 1","91554","3","3","3","08","19","3","1","1","0","1","0","0"
"POINT (6.912518580000040 50.944570798000029)","Unfall 91567 (2020) Kat:2, Licht: 0","91567","2","4","6","08","12","2","0","0","0","1","1","0"
"POINT (6.989330540000026 50.931894145000058)","Unfall 91641 (2020) Kat:2, Licht: 0","91641","2","4","6","08","20","2","0","0","0","0","1","1"
"POINT (6.945901484000046 50.946412772000031)","Unfall 91656 (2020) Kat:3, Licht: 0","91656","3","1","0","08","18","2","0","0","0","0","0","1"
"POINT (6.992867577000027 50.936775827000076)","Unfall 91670 (2020) Kat:3, Licht: 2","91670","3","2","5","08","21","7","0","2","0","1","0","0"
"POINT (6.866455102000032 50.937856034000049)","Unfall 91672 (2020) Kat:2, Licht: 0","91672","2","1","0","08","14","7","0","0","1","0","0","0"
"POINT (6.886250159000042 50.934117404000062)","Unfall 91674 (2020) Kat:3, Licht: 2","91674","3","1","8","08","03","7","0","2","1","0","0","0"
"POINT (6.930575026000042 50.954844944000058)","Unfall 91677 (2020) Kat:3, Licht: 2","91677","3","6","3","08","04","7","0","2","0","1","0","0"
"POINT (6.969586552000067 50.883056445000079)","Unfall 91679 (2020) Kat:3, Licht: 2","91679","3","1","0","08","21","7","1","2","1","0","0","0"
"POINT (6.930017899000063 50.909319716000027)","Unfall 91681 (2020) Kat:3, Licht: 0","91681","3","1","0","08","17","7","0","0","1","0","0","0"
"POINT (6.936442813000042 50.941758057000072)","Unfall 91683 (2020) Kat:3, Licht: 0","91683","3","1","0","08","17","7","0","0","0","0","0","0"
"POINT (6.967445912000073 50.842084611000075)","Unfall 91689 (2020) Kat:3, Licht: 0","91689","3","6","2","08","16","3","1","0","0","1","0","0"
"POINT (7.023178522000023 50.946218306000048)","Unfall 91701 (2020) Kat:3, Licht: 0","91701","3","7","0","08","14","6","0","0","0","0","0","1"
"POINT (6.928488051000045 50.945003459000077)","Unfall 91706 (2020) Kat:3, Licht: 0","91706","3","4","5","08","09","2","0","0","0","0","1","0"
"POINT (7.008158637000065 50.959637232000034)","Unfall 91708 (2020) Kat:3, Licht: 0","91708","3","4","6","08","19","6","0","0","0","1","1","0"
"POINT (7.039315475000024 51.000514615000043)","Unfall 91722 (2020) Kat:3, Licht: 0","91722","3","5","0","08","11","6","0","0","1","1","0","0"
"POINT (6.957846702000040 50.957684008000058)","Unfall 91729 (2020) Kat:3, Licht: 0","91729","3","2","5","08","16","6","0","0","1","1","0","0"
"POINT (6.928486299000042 50.945025978000047)","Unfall 91733 (2020) Kat:3, Licht: 0","91733","3","6","2","08","17","6","0","0","0","1","0","0"
"POINT (6.828707261000034 50.964537686000028)","Unfall 91736 (2020) Kat:3, Licht: 0","91736","3","7","1","08","17","6","0","0","1","1","0","0"
"POINT (6.864762041000063 50.971622432000061)","Unfall 91740 (2020) Kat:2, Licht: 0","91740","2","6","2","08","15","6","0","0","0","1","0","0"
"POINT (6.869323747000067 50.968872372000078)","Unfall 91746 (2020) Kat:3, Licht: 0","91746","3","6","0","08","17","6","0","0","0","1","0","1"
"POINT (6.908510784000043 50.937114133000080)","Unfall 91750 (2020) Kat:3, Licht: 0","91750","3","2","3","08","17","6","0","0","1","1","0","0"
"POINT (6.924937122000074 50.946389207000038)","Unfall 91768 (2020) Kat:3, Licht: 0","91768","3","5","1","08","17","2","0","0","1","1","0","0"
"POINT (7.024688855000022 50.916244070000062)","Unfall 91781 (2020) Kat:3, Licht: 2","91781","3","6","3","08","00","7","1","2","0","1","0","0"
"POINT (6.988079096000035 50.898205060000066)","Unfall 91791 (2020) Kat:3, Licht: 0","91791","3","6","2","08","17","3","1","0","0","1","0","0"
"POINT (6.897095751000052 50.925710057000060)","Unfall 91798 (2020) Kat:3, Licht: 0","91798","3","5","5","08","19","3","1","0","0","1","0","1"
"POINT (6.964481925000030 50.950755164000043)","Unfall 91801 (2020) Kat:3, Licht: 0","91801","3","5","0","08","18","3","1","0","0","1","0","1"
"POINT (6.958273733000056 50.950957529000050)","Unfall 91804 (2020) Kat:3, Licht: 0","91804","3","2","5","08","06","3","0","0","1","0","0","0"
"POINT (6.862824030000070 50.988100102000033)","Unfall 91814 (2020) Kat:2, Licht: 0","91814","2","6","2","08","16","4","0","0","0","1","0","0"
"POINT (6.902605591000054 50.901644690000069)","Unfall 91838 (2020) Kat:3, Licht: 0","91838","3","6","9","08","14","6","0","0","0","1","0","0"
"POINT (6.912323587000060 50.929174422000074)","Unfall 91856 (2020) Kat:3, Licht: 0","91856","3","6","2","08","12","5","0","0","0","1","0","0"
"POINT (6.963257373000033 50.884184414000060)","Unfall 91880 (2020) Kat:3, Licht: 0","91880","3","6","3","08","12","5","0","0","0","1","0","0"
"POINT (6.968831208000040 50.883487655000067)","Unfall 91883 (2020) Kat:3, Licht: 0","91883","3","6","2","08","16","4","0","0","0","1","0","0"
"POINT (6.940242305000027 50.968241153000065)","Unfall 91884 (2020) Kat:3, Licht: 0","91884","3","6","5","08","10","4","0","0","0","1","0","0"
"POINT (6.816737946000046 50.938621024000042)","Unfall 91909 (2020) Kat:3, Licht: 0","91909","3","7","0","08","20","5","0","0","1","1","0","0"
"POINT (6.915872340000021 50.936688951000065)","Unfall 91954 (2020) Kat:2, Licht: 2","91954","2","6","4","08","23","4","1","2","1","0","0","0"
"POINT (7.004762750000054 50.947125536000044)","Unfall 91989 (2020) Kat:3, Licht: 0","91989","3","6","2","08","16","3","1","0","0","1","0","0"
"POINT (6.926578612000071 50.931029993000038)","Unfall 92000 (2020) Kat:3, Licht: 0","92000","3","6","1","08","16","5","0","0","0","1","0","0"
"POINT (6.915363047000028 50.951071229000036)","Unfall 92004 (2020) Kat:3, Licht: 0","92004","3","4","6","08","17","3","1","0","0","1","1","0"
"POINT (7.003275705000021 50.910023336000052)","Unfall 92025 (2020) Kat:2, Licht: 0","92025","2","7","1","08","10","5","0","0","0","1","0","0"
"POINT (7.085721739000064 50.858075897000049)","Unfall 92055 (2020) Kat:3, Licht: 0","92055","3","6","3","08","07","5","0","0","1","1","0","0"
"POINT (6.901193269000032 50.993923965000079)","Unfall 92059 (2020) Kat:3, Licht: 1","92059","3","1","0","08","19","3","1","1","1","0","0","0"
"POINT (6.883355169000026 50.939534391000052)","Unfall 92062 (2020) Kat:3, Licht: 0","92062","3","2","5","08","16","3","0","0","0","1","0","0"
"POINT (6.978580029000057 50.893653977000042)","Unfall 92068 (2020) Kat:3, Licht: 0","92068","3","3","5","08","18","5","0","0","1","1","0","0"
"POINT (6.894397105000053 50.960428199000035)","Unfall 92072 (2020) Kat:2, Licht: 0","92072","2","7","7","08","15","3","0","0","0","1","1","0"
"POINT (6.898879000000022 51.043165961000057)","Unfall 92096 (2020) Kat:3, Licht: 0","92096","3","6","4","08","14","4","0","0","1","0","0","0"
"POINT (6.915402607000033 50.951045662000070)","Unfall 92121 (2020) Kat:3, Licht: 1","92121","3","4","6","08","20","5","0","1","1","0","1","0"
"POINT (6.916644663000056 50.918026640000051)","Unfall 92128 (2020) Kat:3, Licht: 0","92128","3","2","5","08","15","3","0","0","1","1","0","0"
"POINT (7.096327126000062 50.862002114000063)","Unfall 92130 (2020) Kat:3, Licht: 0","92130","3","6","2","08","15","5","0","0","0","1","0","0"
"POINT (6.897930505000034 50.992751287000033)","Unfall 92188 (2020) Kat:3, Licht: 0","92188","3","6","2","08","12","6","0","0","0","1","0","0"
"POINT (6.910493910000071 50.939603043000034)","Unfall 92189 (2020) Kat:3, Licht: 0","92189","3","5","0","08","17","2","0","0","1","1","0","0"
"POINT (7.026924026000074 50.950639494000029)","Unfall 92190 (2020) Kat:3, Licht: 2","92190","3","1","9","08","04","6","0","2","0","1","0","0"
"POINT (7.045302706000030 50.929810725000038)","Unfall 92193 (2020) Kat:3, Licht: 0","92193","3","3","5","08","17","6","0","0","1","1","0","0"
"POINT (7.052196638000055 50.978380711000057)","Unfall 92202 (2020) Kat:3, Licht: 0","92202","3","6","2","08","14","6","0","0","0","1","0","1"
"POINT (6.969022718000076 50.955907821000039)","Unfall 92209 (2020) Kat:3, Licht: 0","92209","3","6","2","08","14","6","0","0","0","1","0","0"
"POINT (6.878733714000020 50.996509696000032)","Unfall 92218 (2020) Kat:3, Licht: 0","92218","3","3","5","08","07","6","0","0","1","1","0","0"
"POINT (6.902429201000075 50.998596473000077)","Unfall 92225 (2020) Kat:3, Licht: 0","92225","3","6","2","08","14","6","0","0","0","1","0","0"
"POINT (6.926886551000052 50.945577488000026)","Unfall 92228 (2020) Kat:3, Licht: 0","92228","3","7","2","08","16","6","0","0","1","1","0","0"
"POINT (6.912511111000072 50.944679647000044)","Unfall 92231 (2020) Kat:3, Licht: 0","92231","3","6","2","08","09","6","0","0","0","1","0","0"
"POINT (6.987477604000048 50.898565731000076)","Unfall 92233 (2020) Kat:3, Licht: 0","92233","3","3","5","08","10","6","0","0","1","1","0","0"
"POINT (6.992222443000060 50.889849610000056)","Unfall 92236 (2020) Kat:3, Licht: 0","92236","3","6","2","08","13","6","0","0","0","1","0","0"
"POINT (6.930720469000050 50.936586812000030)","Unfall 92246 (2020) Kat:3, Licht: 2","92246","3","1","0","08","23","6","0","2","1","0","0","0"
"POINT (6.962562072000026 50.931159759000082)","Unfall 92249 (2020) Kat:3, Licht: 2","92249","3","2","2","08","21","6","0","2","0","1","0","1"
"POINT (7.004861494000068 50.909092326000064)","Unfall 92255 (2020) Kat:3, Licht: 0","92255","3","3","5","08","15","7","0","0","1","0","0","1"
"POINT (7.031207205000044 50.940307462000078)","Unfall 92257 (2020) Kat:3, Licht: 0","92257","3","3","5","08","14","7","0","0","1","0","0","0"
"POINT (6.873902616000066 51.003642118000073)","Unfall 92259 (2020) Kat:3, Licht: 0","92259","3","2","5","08","16","7","0","0","1","1","0","0"
"POINT (6.851264520000029 51.054508195000039)","Unfall 92261 (2020) Kat:3, Licht: 0","92261","3","6","2","08","14","7","0","0","0","1","0","0"
"POINT (6.925187138000069 50.936545641000066)","Unfall 92262 (2020) Kat:2, Licht: 2","92262","2","6","6","08","00","7","0","2","0","0","1","0"
"POINT (6.942766551000034 50.945322732000079)","Unfall 92263 (2020) Kat:3, Licht: 0","92263","3","6","2","08","11","2","0","0","1","0","0","0"
"POINT (6.939204588000052 50.937645653000061)","Unfall 92264 (2020) Kat:3, Licht: 0","92264","3","6","0","08","15","6","0","0","0","1","0","0"
"POINT (6.915466917000060 50.904230901000062)","Unfall 92265 (2020) Kat:2, Licht: 2","92265","2","6","1","08","00","7","0","2","0","1","0","0"
"POINT (6.901576075000037 50.926341619000027)","Unfall 92269 (2020) Kat:3, Licht: 0","92269","3","6","3","08","10","7","0","0","0","1","0","1"
"POINT (6.917669466000064 50.969676875000062)","Unfall 92286 (2020) Kat:3, Licht: 0","92286","3","7","0","08","09","1","0","0","0","0","0","0"
"POINT (6.912006096000027 50.953247416000067)","Unfall 92296 (2020) Kat:3, Licht: 1","92296","3","6","2","08","19","1","0","1","0","1","0","1"
"POINT (6.939963786000021 50.940519407000068)","Unfall 92302 (2020) Kat:3, Licht: 2","92302","3","6","2","08","00","1","0","2","0","1","0","0"
"POINT (6.879478367000047 50.911892689000069)","Unfall 92318 (2020) Kat:3, Licht: 0","92318","3","7","0","08","11","3","0","0","0","1","0","0"
"POINT (6.916101654000045 50.950593883000067)","Unfall 92321 (2020) Kat:3, Licht: 0","92321","3","4","6","08","17","2","0","0","1","0","1","0"
"POINT (6.911875552000026 50.973681383000041)","Unfall 92419 (2020) Kat:3, Licht: 0","92419","3","7","0","08","13","2","0","0","0","0","0","1"
"POINT (7.000529964000066 50.956211272000075)","Unfall 92475 (2020) Kat:2, Licht: 0","92475","2","6","5","08","11","2","0","0","0","0","0","1"
"POINT (6.883769245000053 50.990827976000048)","Unfall 92530 (2020) Kat:3, Licht: 0","92530","3","6","4","08","07","5","0","0","1","0","0","0"
"POINT (6.940200232000052 50.941630116000056)","Unfall 92550 (2020) Kat:3, Licht: 0","92550","3","2","5","08","12","6","0","0","1","1","0","0"
"POINT (6.957767682000053 50.957777010000029)","Unfall 92561 (2020) Kat:3, Licht: 0","92561","3","2","5","08","13","4","0","0","0","1","0","0"
"POINT (6.939877389000060 50.940184389000081)","Unfall 92569 (2020) Kat:3, Licht: 0","92569","3","7","0","08","13","7","0","0","1","0","0","0"
"POINT (7.048505084000055 50.970802602000049)","Unfall 92577 (2020) Kat:3, Licht: 0","92577","3","6","1","08","16","7","0","0","0","1","0","0"
"POINT (6.956191658000023 50.922537423000051)","Unfall 92611 (2020) Kat:3, Licht: 0","92611","3","2","5","08","18","5","0","0","1","1","0","0"
"POINT (6.954206938000027 50.962300991000063)","Unfall 92612 (2020) Kat:3, Licht: 0","92612","3","7","6","08","11","6","0","0","0","1","1","0"
"POINT (6.921349888000066 50.892932764000079)","Unfall 92641 (2020) Kat:3, Licht: 0","92641","3","6","3","08","15","5","0","0","0","1","0","0"
"POINT (6.875265660000025 50.968389830000035)","Unfall 92645 (2020) Kat:3, Licht: 0","92645","3","2","2","08","09","4","0","0","0","1","0","0"
"POINT (6.895818682000027 50.959715895000045)","Unfall 92659 (2020) Kat:2, Licht: 0","92659","2","3","5","08","19","7","0","0","1","1","0","0"
"POINT (6.920410622000077 50.953737919000048)","Unfall 92696 (2020) Kat:3, Licht: 1","92696","3","1","0","08","20","6","0","1","1","0","0","0"
"POINT (6.957221636000043 50.957619185000055)","Unfall 92701 (2020) Kat:3, Licht: 0","92701","3","1","0","08","07","5","0","0","1","0","0","0"
"POINT (7.055694433000042 50.884166296000046)","Unfall 92707 (2020) Kat:3, Licht: 1","92707","3","6","3","08","20","3","0","1","1","1","0","0"
"POINT (7.042932800000074 50.969113500000049)","Unfall 92712 (2020) Kat:3, Licht: 0","92712","3","2","5","08","15","3","1","0","1","1","0","0"
"POINT (6.895291860000043 50.959964340000056)","Unfall 92721 (2020) Kat:2, Licht: 0","92721","2","2","1","08","15","3","1","0","0","1","0","1"
"POINT (7.050338430000068 50.918638566000027)","Unfall 92722 (2020) Kat:3, Licht: 0","92722","3","1","8","08","18","7","0","0","0","1","0","0"
"POINT (6.898651906000055 50.958393544000046)","Unfall 92727 (2020) Kat:3, Licht: 0","92727","3","4","6","08","15","3","1","0","1","0","1","0"
"POINT (6.966993445000071 50.863327852000054)","Unfall 92732 (2020) Kat:3, Licht: 0","92732","3","2","5","08","17","3","0","0","0","1","0","0"
"POINT (6.887591131000022 50.931278919000079)","Unfall 92742 (2020) Kat:3, Licht: 0","92742","3","6","2","08","16","3","0","0","0","1","0","0"
"POINT (6.929701269000020 50.926007954000056)","Unfall 92743 (2020) Kat:2, Licht: 0","92743","2","1","0","08","20","7","0","0","1","0","0","0"
"POINT (6.917416541000023 50.949741802000062)","Unfall 92786 (2020) Kat:3, Licht: 0","92786","3","5","1","08","14","5","0","0","1","1","0","0"
"POINT (7.060651128000075 50.906558433000043)","Unfall 92787 (2020) Kat:3, Licht: 0","92787","3","2","0","08","17","6","0","0","1","1","0","0"
"POINT (6.859895595000069 50.920661013000029)","Unfall 92804 (2020) Kat:2, Licht: 0","92804","2","1","2","08","17","7","0","0","0","1","0","1"
"POINT (6.902389950000043 50.979138513000066)","Unfall 92819 (2020) Kat:3, Licht: 0","92819","3","6","2","08","15","4","1","0","0","1","0","0"
"POINT (7.006031826000026 50.962861734000057)","Unfall 92834 (2020) Kat:3, Licht: 0","92834","3","6","2","08","16","7","0","0","0","1","0","1"
"POINT (6.820164181000052 50.938623502000041)","Unfall 92869 (2020) Kat:2, Licht: 1","92869","2","2","0","08","20","6","1","1","0","1","0","0"
"POINT (6.925816659000077 50.913965472000029)","Unfall 92901 (2020) Kat:3, Licht: 0","92901","3","7","5","08","08","4","0","0","0","1","0","0"
"POINT (6.893430172000024 50.999918307000030)","Unfall 92915 (2020) Kat:3, Licht: 0","92915","3","2","5","08","12","7","0","0","0","1","0","1"
"POINT (7.012080130000072 50.962798344000078)","Unfall 92955 (2020) Kat:3, Licht: 0","92955","3","5","0","09","17","3","0","0","1","1","0","0"
"POINT (7.107185522000066 50.915621514000065)","Unfall 93019 (2020) Kat:3, Licht: 0","93019","3","2","5","08","15","1","0","0","0","1","0","0"
"POINT (7.038964479000072 50.946232554000062)","Unfall 93023 (2020) Kat:3, Licht: 0","93023","3","1","3","09","17","3","0","0","0","1","0","0"
"POINT (6.946311781000077 50.904387325000073)","Unfall 93024 (2020) Kat:2, Licht: 2","93024","2","1","9","09","01","4","1","2","0","1","0","0"
"POINT (7.027904155000044 50.942756062000058)","Unfall 93028 (2020) Kat:3, Licht: 0","93028","3","3","5","08","17","1","0","0","1","1","0","0"
"POINT (7.064778084000068 50.972155773000054)","Unfall 93031 (2020) Kat:3, Licht: 0","93031","3","4","6","09","16","4","0","0","1","0","1","0"
"POINT (6.926337687000057 50.942021906000036)","Unfall 93039 (2020) Kat:2, Licht: 0","93039","2","6","3","08","17","1","0","0","0","1","0","0"
"POINT (6.915612993000025 50.970995285000072)","Unfall 93117 (2020) Kat:3, Licht: 0","93117","3","3","5","09","08","4","0","0","1","1","0","0"
"POINT (6.975050636000049 50.928511123000078)","Unfall 93136 (2020) Kat:3, Licht: 0","93136","3","2","8","09","17","3","0","0","0","1","0","0"
"POINT (6.927580265000074 50.895839455000043)","Unfall 93138 (2020) Kat:3, Licht: 0","93138","3","2","5","09","16","4","0","0","0","1","0","0"
"POINT (7.053855896000073 50.951895760000070)","Unfall 93155 (2020) Kat:2, Licht: 2","93155","2","7","9","08","05","2","1","2","0","1","0","0"
"POINT (7.081646019000061 50.855114079000032)","Unfall 93159 (2020) Kat:3, Licht: 0","93159","3","1","0","08","19","2","0","0","1","0","0","0"
"POINT (7.085418149000077 50.857086267000057)","Unfall 93163 (2020) Kat:2, Licht: 0","93163","2","1","8","08","11","2","0","0","0","0","0","1"
"POINT (7.056982327000071 50.949628684000061)","Unfall 93165 (2020) Kat:2, Licht: 0","93165","2","3","5","08","09","2","0","0","0","1","0","0"
"POINT (6.915488961000051 50.936700479000081)","Unfall 93169 (2020) Kat:3, Licht: 0","93169","3","6","2","08","12","2","0","0","0","1","0","0"
"POINT (6.931742006000036 50.919942237000043)","Unfall 93173 (2020) Kat:3, Licht: 0","93173","3","7","2","08","18","2","0","0","0","1","0","0"
"POINT (6.945178255000030 50.926817850000077)","Unfall 93176 (2020) Kat:3, Licht: 0","93176","3","4","6","08","08","2","0","0","0","0","1","0"
"POINT (6.981539622000071 50.937351559000035)","Unfall 93187 (2020) Kat:2, Licht: 0","93187","2","3","5","09","17","4","0","0","1","0","0","0"
"POINT (6.914406666000048 50.896275399000046)","Unfall 93206 (2020) Kat:3, Licht: 0","93206","3","6","2","09","17","3","0","0","0","1","0","0"
"POINT (6.969135498000071 50.904291053000065)","Unfall 93208 (2020) Kat:3, Licht: 0","93208","3","3","5","09","10","4","0","0","0","1","0","0"
"POINT (6.844241138000029 50.938276469000073)","Unfall 93227 (2020) Kat:3, Licht: 0","93227","3","3","5","09","07","3","0","0","0","1","0","0"
"POINT (7.002357846000052 50.937866049000036)","Unfall 93298 (2020) Kat:3, Licht: 0","93298","3","5","1","09","09","3","0","0","1","1","0","0"
"POINT (6.920828488000041 50.914100782000048)","Unfall 93299 (2020) Kat:3, Licht: 0","93299","3","2","5","09","17","4","0","0","1","1","0","0"
"POINT (7.013724104000062 50.954317095000079)","Unfall 93304 (2020) Kat:3, Licht: 0","93304","3","7","2","09","17","4","0","0","1","1","0","0"
"POINT (6.876107261000072 51.008608079000055)","Unfall 93348 (2020) Kat:1, Licht: 2","93348","1","6","2","08","21","2","0","2","0","0","0","0"
"POINT (7.009100848000060 50.939034470000081)","Unfall 93371 (2020) Kat:2, Licht: 0","93371","2","7","6","09","11","4","0","0","0","0","1","0"
"POINT (6.973593097000048 50.887161419000051)","Unfall 93389 (2020) Kat:3, Licht: 0","93389","3","3","3","09","14","3","0","0","0","1","0","0"
"POINT (6.904538655000067 50.936999439000033)","Unfall 93391 (2020) Kat:2, Licht: 0","93391","2","3","5","09","16","4","0","0","1","1","0","0"
"POINT (6.940706408000040 50.943389666000030)","Unfall 93403 (2020) Kat:3, Licht: 0","93403","3","5","1","09","19","3","0","0","1","1","0","0"
"POINT (7.008157023000024 51.040161444000034)","Unfall 93446 (2020) Kat:3, Licht: 0","93446","3","6","2","09","13","7","0","0","0","1","0","0"
"POINT (6.947737445000030 50.983080059000031)","Unfall 93449 (2020) Kat:3, Licht: 0","93449","3","1","0","09","19","7","1","0","1","0","0","0"
"POINT (6.917751224000028 51.019380767000030)","Unfall 93465 (2020) Kat:2, Licht: 0","93465","2","2","4","09","12","1","0","0","0","1","0","1"
"POINT (6.911873450000030 51.008525488000032)","Unfall 93468 (2020) Kat:3, Licht: 0","93468","3","6","2","09","07","5","0","0","0","1","0","0"
"POINT (7.045759890000056 50.941998530000035)","Unfall 93474 (2020) Kat:3, Licht: 0","93474","3","6","1","09","14","6","0","0","0","1","0","0"
"POINT (7.011497312000074 50.939432437000050)","Unfall 93479 (2020) Kat:3, Licht: 0","93479","3","1","0","09","10","5","1","0","0","0","0","1"
"POINT (6.975030519000029 50.928521246000059)","Unfall 93488 (2020) Kat:3, Licht: 0","93488","3","2","2","09","15","5","1","0","0","1","0","0"
"POINT (6.953174001000036 50.935257050000075)","Unfall 93494 (2020) Kat:3, Licht: 0","93494","3","2","4","09","15","6","0","0","1","1","0","0"
"POINT (7.034671091000064 50.994642319000036)","Unfall 93499 (2020) Kat:2, Licht: 0","93499","2","7","8","09","17","5","1","0","0","1","0","0"
"POINT (7.006416380000076 50.963543193000078)","Unfall 93510 (2020) Kat:2, Licht: 0","93510","2","4","6","09","07","5","0","0","0","1","1","0"
"POINT (6.892052500000034 51.000194737000072)","Unfall 93513 (2020) Kat:3, Licht: 0","93513","3","3","5","09","08","5","0","0","1","1","0","0"
"POINT (6.850693073000059 50.978161326000077)","Unfall 93517 (2020) Kat:3, Licht: 0","93517","3","6","2","09","14","5","1","0","0","1","0","0"
"POINT (6.813908489000028 50.938613410000073)","Unfall 93520 (2020) Kat:2, Licht: 0","93520","2","1","0","09","16","5","1","0","0","0","0","1"
"POINT (6.999957988000062 50.883140997000055)","Unfall 93524 (2020) Kat:3, Licht: 0","93524","3","5","1","09","07","5","0","0","1","1","0","0"
"POINT (6.894873600000040 50.914195293000034)","Unfall 93536 (2020) Kat:3, Licht: 0","93536","3","1","0","09","11","5","1","0","0","0","0","1"
"POINT (6.928910057000053 50.936698900000067)","Unfall 93540 (2020) Kat:3, Licht: 0","93540","3","1","0","09","08","5","0","0","1","0","0","0"
"POINT (6.850247190000061 50.918997229000070)","Unfall 93554 (2020) Kat:2, Licht: 0","93554","2","2","5","09","14","2","0","0","1","1","0","0"
"POINT (6.955842996000058 50.950315739000075)","Unfall 93557 (2020) Kat:3, Licht: 0","93557","3","5","0","09","18","5","0","0","1","1","0","0"