WKT,Name,OBJECTID,UKATEGORIE,UTYP1,UART,UMONAT,USTUNDE,UWOCHENTAG,STRZUSTAND,ULICHTVERH,ISTRAD,ISTPKW,ISTFUSS,ISTKRAD
"POINT (6.935570489000043 50.942242424000028)","Unfall 93562 (2020) Kat:3, Licht: 0","93562","3","3","5","09","07","5","0","0","1","0","0","0"
"POINT (6.926700061000076 50.936526833000073)","Unfall 93568 (2020) Kat:3, Licht: 0","93568","3","6","0","09","14","6","1","0","0","0","0","1"
"POINT (6.953147446000060 50.935261928000045)","Unfall 93573 (2020) Kat:3, Licht: 0","93573","3","2","5","09","16","5","1","0","1","1","0","0"
"POINT (7.006026080000027 50.973917585000038)","Unfall 93636 (2020) Kat:3, Licht: 0","93636","3","6","3","09","11","1","0","0","1","0","0","0"
"POINT (7.064444299000058 50.972612298000058)","Unfall 93649 (2020) Kat:3, Licht: 2","93649","3","7","1","09","21","7","0","2","1","1","0","0"
"POINT (6.959421660000032 50.921087954000029)","Unfall 93653 (2020) Kat:3, Licht: 0","93653","3","7","0","09","08","2","0","0","0","0","0","0"
"POINT (6.901537821000034 50.926338107000049)","Unfall 93695 (2020) Kat:3, Licht: 0","93695","3","2","0","09","10","6","0","0","0","1","0","1"
"POINT (6.909883186000059 50.898867804000076)","Unfall 93747 (2020) Kat:3, Licht: 1","93747","3","6","2","09","19","7","0","1","0","1","0","0"
"POINT (6.927838326000028 50.959715104000054)","Unfall 93757 (2020) Kat:3, Licht: 0","93757","3","3","5","09","15","2","0","0","1","1","0","0"
"POINT (6.952964359000021 50.956340788000034)","Unfall 93771 (2020) Kat:3, Licht: 0","93771","3","6","2","09","15","6","0","0","0","1","0","0"
"POINT (6.940606135000053 50.931142773000033)","Unfall 93792 (2020) Kat:3, Licht: 0","93792","3","1","0","09","12","6","0","0","1","0","0","0"
"POINT (6.867869161000044 50.917147529000033)","Unfall 93831 (2020) Kat:3, Licht: 0","93831","3","6","2","09","08","2","0","0","0","1","0","0"
"POINT (7.013668060000043 50.974742250000077)","Unfall 93835 (2020) Kat:3, Licht: 0","93835","3","3","0","09","16","1","0","0","1","1","0","0"
"POINT (6.930196078000051 50.925220986000056)","Unfall 93850 (2020) Kat:3, Licht: 0","93850","3","6","1","09","17","2","0","0","0","1","0","0"
"POINT (6.930626266000047 50.954790645000060)","Unfall 93864 (2020) Kat:3, Licht: 0","93864","3","2","3","09","14","6","1","0","1","0","0","0"
"POINT (6.968751785000052 50.884718726000074)","Unfall 93865 (2020) Kat:3, Licht: 0","93865","3","6","2","09","15","2","0","0","0","1","0","0"
"POINT (6.921489156000064 51.015931246000036)","Unfall 93922 (2020) Kat:3, Licht: 0","93922","3","3","5","09","07","5","0","0","0","1","0","1"
"POINT (6.915765934000035 50.950810855000043)","Unfall 93923 (2020) Kat:3, Licht: 0","93923","3","7","0","09","16","4","0","0","0","1","1","0"
"POINT (7.083497319000060 50.869521348000035)","Unfall 93979 (2020) Kat:3, Licht: 0","93979","3","3","5","09","14","4","0","0","1","1","0","0"
"POINT (6.940148793000049 50.941390146000060)","Unfall 93992 (2020) Kat:3, Licht: 2","93992","3","1","0","09","22","5","0","2","1","0","0","0"
"POINT (6.995670031000032 50.876322266000045)","Unfall 93993 (2020) Kat:3, Licht: 0","93993","3","3","5","09","13","4","0","0","1","1","0","0"
"POINT (7.000901677000059 50.946976751000079)","Unfall 94018 (2020) Kat:3, Licht: 0","94018","3","6","2","09","08","3","0","0","0","1","0","0"
"POINT (7.022182640000040 50.980023720000077)","Unfall 94021 (2020) Kat:3, Licht: 0","94021","3","1","0","09","08","3","0","0","1","0","0","0"
"POINT (6.954974852000021 50.958736054000042)","Unfall 94024 (2020) Kat:2, Licht: 1","94024","2","7","9","09","06","3","0","1","1","0","0","0"
"POINT (6.953293082000073 50.966799829000081)","Unfall 94028 (2020) Kat:3, Licht: 1","94028","3","5","1","09","21","3","0","1","0","1","0","0"
"POINT (6.919181924000043 50.948812495000027)","Unfall 94030 (2020) Kat:3, Licht: 0","94030","3","6","2","09","11","3","0","0","1","0","0","0"
"POINT (6.950135913000054 50.975198370000044)","Unfall 94031 (2020) Kat:3, Licht: 2","94031","3","2","0","09","00","5","1","2","0","1","1","0"
"POINT (7.085416802000054 50.885610602000042)","Unfall 94032 (2020) Kat:3, Licht: 0","94032","3","2","5","09","09","4","0","0","0","1","0","0"
"POINT (6.924566691000052 50.946544753000069)","Unfall 94033 (2020) Kat:3, Licht: 0","94033","3","2","5","09","13","3","0","0","1","1","0","0"
"POINT (6.900010005000070 50.957774504000042)","Unfall 94035 (2020) Kat:3, Licht: 2","94035","3","7","1","09","05","3","0","2","0","0","0","1"
"POINT (6.940167386000042 50.905291019000060)","Unfall 94037 (2020) Kat:3, Licht: 1","94037","3","5","8","09","19","3","0","1","0","1","0","0"
"POINT (6.954193105000059 50.935107059000075)","Unfall 94040 (2020) Kat:3, Licht: 0","94040","3","2","0","09","14","3","0","0","0","1","0","1"
"POINT (6.932621428000061 50.936560968000038)","Unfall 94082 (2020) Kat:3, Licht: 0","94082","3","2","5","09","07","5","0","0","0","1","0","0"
"POINT (6.976939410000057 50.845466973000043)","Unfall 94083 (2020) Kat:3, Licht: 0","94083","3","2","5","09","11","4","0","0","1","1","0","0"
"POINT (7.082042443000034 50.921100188000025)","Unfall 94138 (2020) Kat:3, Licht: 0","94138","3","3","5","09","18","5","0","0","1","1","0","0"
"POINT (7.082656865000047 50.880258436000076)","Unfall 94139 (2020) Kat:3, Licht: 0","94139","3","6","2","09","11","4","0","0","0","1","0","0"
"POINT (6.965178569000045 50.948768011000027)","Unfall 94151 (2020) Kat:3, Licht: 2","94151","3","1","9","09","23","5","0","2","1","0","0","0"
"POINT (6.888075703000027 50.998871920000056)","Unfall 94169 (2020) Kat:3, Licht: 0","94169","3","6","2","09","13","1","0","0","0","1","0","0"
"POINT (6.891053440000064 50.997093374000031)","Unfall 94200 (2020) Kat:3, Licht: 2","94200","3","6","3","09","00","7","0","2","0","1","0","0"
"POINT (6.954692801000022 50.959342123000056)","Unfall 94201 (2020) Kat:3, Licht: 0","94201","3","6","4","09","17","7","0","0","1","0","0","0"
"POINT (6.898399466000058 50.996028448000061)","Unfall 94202 (2020) Kat:3, Licht: 0","94202","3","2","6","09","18","7","0","0","0","1","1","0"
"POINT (6.938983674000042 50.936426340000025)","Unfall 94203 (2020) Kat:3, Licht: 1","94203","3","3","5","09","19","7","0","1","1","1","0","0"
"POINT (7.011556361000032 50.970967105000057)","Unfall 94204 (2020) Kat:3, Licht: 2","94204","3","3","0","09","22","7","0","2","0","1","0","0"
"POINT (6.850264667000033 50.974523956000041)","Unfall 94303 (2020) Kat:3, Licht: 0","94303","3","6","2","09","12","6","0","0","0","1","0","0"
"POINT (6.992635929000073 50.927164583000035)","Unfall 94304 (2020) Kat:3, Licht: 0","94304","3","6","2","09","14","6","0","0","0","1","0","0"
"POINT (7.041884306000043 50.896620932000076)","Unfall 94307 (2020) Kat:2, Licht: 0","94307","2","1","0","09","17","6","0","0","1","0","0","0"
"POINT (7.084214256000053 50.856212227000071)","Unfall 94308 (2020) Kat:3, Licht: 0","94308","3","6","2","09","10","6","0","0","0","1","0","0"
"POINT (6.981533349000074 50.937351722000074)","Unfall 94309 (2020) Kat:3, Licht: 0","94309","3","1","0","09","15","6","0","0","1","0","0","0"
"POINT (6.966998830000023 50.891958707000072)","Unfall 94310 (2020) Kat:3, Licht: 1","94310","3","6","0","09","20","6","0","1","0","1","0","0"
"POINT (6.965675740000052 50.892762015000073)","Unfall 94311 (2020) Kat:3, Licht: 0","94311","3","2","1","09","16","6","0","0","0","1","0","0"
"POINT (7.032588674000067 50.917611058000034)","Unfall 94392 (2020) Kat:1, Licht: 2","94392","1","6","2","09","01","6","0","2","0","1","0","0"
"POINT (6.990277407000065 50.899303279000037)","Unfall 94519 (2020) Kat:3, Licht: 0","94519","3","6","2","09","15","3","0","0","0","1","0","0"
"POINT (7.001197135000041 50.957054959000061)","Unfall 94522 (2020) Kat:3, Licht: 0","94522","3","2","3","09","16","3","0","0","0","1","0","0"
"POINT (6.849590229000057 50.941327130000047)","Unfall 94567 (2020) Kat:3, Licht: 0","94567","3","6","2","09","18","2","0","0","0","1","0","0"
"POINT (7.052056102000051 50.952163023000026)","Unfall 94568 (2020) Kat:2, Licht: 2","94568","2","6","1","09","06","2","0","2","0","1","0","0"
"POINT (7.080441898000061 50.854608198000051)","Unfall 94569 (2020) Kat:2, Licht: 1","94569","2","3","1","09","06","2","0","1","0","1","0","0"
"POINT (7.068218210000055 50.977865614000052)","Unfall 94570 (2020) Kat:3, Licht: 0","94570","3","1","0","09","17","2","0","0","1","0","0","0"
"POINT (6.954849374000048 50.999114554000073)","Unfall 94571 (2020) Kat:3, Licht: 0","94571","3","1","0","09","12","2","0","0","1","0","0","0"
"POINT (6.943860710000024 50.970330202000071)","Unfall 94572 (2020) Kat:3, Licht: 0","94572","3","5","8","09","11","2","0","0","0","1","0","0"
"POINT (6.838554926000029 50.938173975000041)","Unfall 94573 (2020) Kat:3, Licht: 0","94573","3","5","1","09","11","2","0","0","0","1","0","0"
"POINT (6.916834931000039 50.950117857000066)","Unfall 94574 (2020) Kat:2, Licht: 0","94574","2","3","5","09","13","2","0","0","0","1","0","0"
"POINT (6.939297568000029 50.938056354000082)","Unfall 94575 (2020) Kat:2, Licht: 0","94575","2","6","6","09","18","2","0","0","1","0","1","0"
"POINT (7.027128363000031 50.950667431000056)","Unfall 94705 (2020) Kat:3, Licht: 2","94705","3","6","2","09","22","1","0","2","0","1","0","0"
"POINT (6.954763272000037 50.996932382000068)","Unfall 94706 (2020) Kat:2, Licht: 0","94706","2","1","0","09","16","1","0","0","1","0","0","0"
"POINT (6.890963129000056 50.911817432000078)","Unfall 94707 (2020) Kat:3, Licht: 0","94707","3","3","7","09","09","1","0","0","1","0","0","1"
"POINT (6.896259259000033 50.959507132000056)","Unfall 94711 (2020) Kat:3, Licht: 0","94711","3","5","1","09","16","3","0","0","0","1","0","0"
"POINT (7.039992032000043 50.953544184000066)","Unfall 94809 (2020) Kat:2, Licht: 0","94809","2","7","2","09","13","6","0","0","0","1","0","0"
"POINT (7.005842040000061 50.964795849000041)","Unfall 94846 (2020) Kat:3, Licht: 0","94846","3","6","1","09","17","5","0","0","0","1","0","0"
"POINT (6.829487708000045 50.957602721000057)","Unfall 94848 (2020) Kat:3, Licht: 0","94848","3","6","2","09","13","5","0","0","0","1","0","0"
"POINT (7.055124560000024 50.890773287000059)","Unfall 94992 (2020) Kat:2, Licht: 0","94992","2","7","0","09","07","4","0","0","1","0","0","0"
"POINT (6.883599080000067 50.965466145000050)","Unfall 94993 (2020) Kat:3, Licht: 0","94993","3","6","2","09","16","4","0","0","0","1","0","1"
"POINT (6.926039452000055 50.945948325000074)","Unfall 94994 (2020) Kat:3, Licht: 0","94994","3","3","0","09","07","4","0","0","1","0","0","0"
"POINT (6.911211690000073 50.953756794000071)","Unfall 94995 (2020) Kat:3, Licht: 0","94995","3","7","0","09","15","4","0","0","0","1","1","0"
"POINT (6.966742919000069 50.923077745000057)","Unfall 94996 (2020) Kat:3, Licht: 2","94996","3","1","2","09","20","4","0","2","1","0","1","0"
"POINT (6.883421633000069 50.936967267000057)","Unfall 95162 (2020) Kat:3, Licht: 0","95162","3","7","3","09","17","1","0","0","0","1","0","1"
"POINT (6.946537141000022 50.850478842000030)","Unfall 95163 (2020) Kat:3, Licht: 2","95163","3","6","3","09","22","1","0","2","0","1","0","0"
"POINT (6.925806990000069 50.911211657000081)","Unfall 95164 (2020) Kat:3, Licht: 0","95164","3","6","3","09","15","1","0","0","1","1","0","0"
"POINT (6.954679392000060 50.903912825000077)","Unfall 95165 (2020) Kat:2, Licht: 0","95165","2","6","0","09","15","1","0","0","0","1","0","1"
"POINT (6.945867941000074 50.935763635000058)","Unfall 95167 (2020) Kat:3, Licht: 0","95167","3","2","5","09","17","1","0","0","1","0","0","1"
"POINT (7.033908716000042 50.917827906000070)","Unfall 95250 (2020) Kat:3, Licht: 0","95250","3","1","9","09","14","1","0","0","0","1","0","0"
"POINT (7.047086269000033 50.997437686000069)","Unfall 95305 (2020) Kat:3, Licht: 2","95305","3","1","0","09","23","7","0","2","0","0","0","0"
"POINT (7.016490918000045 50.950984901000027)","Unfall 95306 (2020) Kat:2, Licht: 0","95306","2","6","3","09","13","7","0","0","0","0","0","1"
"POINT (6.949707587000034 50.976496792000034)","Unfall 95307 (2020) Kat:3, Licht: 0","95307","3","1","0","09","13","7","0","0","0","0","0","1"
"POINT (6.932621428000061 50.936560968000038)","Unfall 95308 (2020) Kat:3, Licht: 0","95308","3","6","1","09","18","7","0","0","0","1","0","0"
"POINT (6.927363256000035 50.915438048000055)","Unfall 95310 (2020) Kat:2, Licht: 2","95310","2","7","9","09","01","7","0","2","0","1","0","0"
"POINT (6.982410742000070 50.888808163000078)","Unfall 95312 (2020) Kat:3, Licht: 0","95312","3","6","2","09","13","7","0","0","0","1","0","0"
"POINT (6.947314096000071 50.930306504000043)","Unfall 95313 (2020) Kat:3, Licht: 0","95313","3","4","6","09","14","7","0","0","0","1","1","0"
"POINT (6.865289690000054 50.989035922000028)","Unfall 95406 (2020) Kat:2, Licht: 0","95406","2","6","2","09","16","7","0","0","0","1","0","1"
"POINT (6.916111831000023 51.011214694000046)","Unfall 95408 (2020) Kat:2, Licht: 0","95408","2","6","2","09","15","7","0","0","0","1","0","0"
"POINT (6.898068114000068 50.991818407000039)","Unfall 95409 (2020) Kat:3, Licht: 0","95409","3","6","2","09","11","7","0","0","0","1","0","0"
"POINT (6.849159186000065 50.936405460000060)","Unfall 95496 (2020) Kat:3, Licht: 0","95496","3","6","2","09","16","4","0","0","0","1","0","0"
"POINT (6.894678947000045 50.998638923000044)","Unfall 95497 (2020) Kat:3, Licht: 0","95497","3","6","2","09","16","4","0","0","0","1","0","0"
"POINT (6.940629057000024 50.992688974000032)","Unfall 95499 (2020) Kat:3, Licht: 0","95499","3","6","2","09","09","4","0","0","0","1","0","1"
"POINT (6.877807030000042 50.937842286000034)","Unfall 95501 (2020) Kat:3, Licht: 0","95501","3","3","1","09","14","4","0","0","1","1","0","0"
"POINT (6.935783888000060 50.950308987000028)","Unfall 95502 (2020) Kat:2, Licht: 0","95502","2","1","0","09","08","4","0","0","0","0","0","1"
"POINT (6.929417343000068 50.944710074000056)","Unfall 95503 (2020) Kat:3, Licht: 0","95503","3","1","2","09","15","4","0","0","1","0","0","0"
"POINT (6.909930672000030 50.954446549000068)","Unfall 95505 (2020) Kat:2, Licht: 1","95505","2","2","5","09","19","4","0","1","1","1","0","0"
"POINT (6.986524494000037 50.899191654000049)","Unfall 95506 (2020) Kat:2, Licht: 0","95506","2","3","5","09","18","4","0","0","0","1","0","1"
"POINT (6.933349815000042 50.921117607000042)","Unfall 95507 (2020) Kat:3, Licht: 0","95507","3","5","0","09","08","4","0","0","1","0","0","0"
"POINT (6.979759717000036 50.904651482000077)","Unfall 95508 (2020) Kat:2, Licht: 0","95508","2","3","5","09","13","4","0","0","1","0","0","0"
"POINT (6.959037904000070 50.935234517000026)","Unfall 95509 (2020) Kat:3, Licht: 0","95509","3","3","5","09","08","4","0","0","1","0","0","0"
"POINT (7.050376443000062 50.952415021000036)","Unfall 95533 (2020) Kat:3, Licht: 0","95533","3","6","2","09","09","5","0","0","0","1","0","0"
"POINT (6.849057262000031 50.937199617000033)","Unfall 95550 (2020) Kat:3, Licht: 0","95550","3","6","3","09","07","5","0","0","0","1","0","0"
"POINT (7.067241031000037 50.908888816000058)","Unfall 95609 (2020) Kat:3, Licht: 1","95609","3","6","2","09","19","4","0","1","0","1","0","0"
"POINT (7.097621013000037 50.885590090000051)","Unfall 95610 (2020) Kat:3, Licht: 2","95610","3","6","2","09","03","4","0","2","0","1","0","0"
"POINT (6.942950046000021 51.023834565000072)","Unfall 95661 (2020) Kat:3, Licht: 0","95661","3","6","1","09","16","3","0","0","0","1","0","1"
"POINT (7.053823337000040 50.951736655000047)","Unfall 95662 (2020) Kat:1, Licht: 0","95662","1","6","1","09","17","3","0","0","0","1","0","1"
"POINT (7.080816556000059 50.946043261000057)","Unfall 95664 (2020) Kat:3, Licht: 0","95664","3","2","3","09","17","3","0","0","1","1","0","0"
"POINT (6.866444036000075 50.937856109000052)","Unfall 95666 (2020) Kat:3, Licht: 0","95666","3","6","3","09","08","3","0","0","1","1","0","0"
"POINT (6.900480669000046 50.957601633000081)","Unfall 95668 (2020) Kat:3, Licht: 1","95668","3","1","0","09","18","3","0","1","1","0","0","0"
"POINT (6.910563927000055 50.899374448000060)","Unfall 95669 (2020) Kat:3, Licht: 0","95669","3","6","1","09","10","3","0","0","0","1","0","0"
"POINT (7.040419319000023 50.918955406000066)","Unfall 95772 (2020) Kat:3, Licht: 0","95772","3","6","2","09","18","3","0","0","0","1","0","0"
"POINT (7.049140893000072 50.934410686000035)","Unfall 95773 (2020) Kat:3, Licht: 0","95773","3","6","2","09","09","3","0","0","0","1","0","0"
"POINT (7.040928085000076 50.929678228000057)","Unfall 95838 (2020) Kat:3, Licht: 0","95838","3","6","2","09","17","2","0","0","0","1","0","1"
"POINT (7.007426893000059 50.938674565000042)","Unfall 95839 (2020) Kat:3, Licht: 0","95839","3","7","2","09","07","2","0","0","0","1","0","1"
"POINT (7.013892053000063 50.974874601000067)","Unfall 95841 (2020) Kat:2, Licht: 2","95841","2","4","6","09","22","2","0","2","0","1","1","0"
"POINT (6.897266163000040 51.044640047000030)","Unfall 95842 (2020) Kat:3, Licht: 0","95842","3","6","4","09","08","2","0","0","0","1","0","0"
"POINT (6.944456388000049 50.988323274000038)","Unfall 95844 (2020) Kat:3, Licht: 0","95844","3","1","0","09","11","2","0","0","0","0","0","1"
"POINT (6.846514028000058 50.938186861000077)","Unfall 95845 (2020) Kat:3, Licht: 0","95845","3","3","3","09","15","2","0","0","1","0","0","0"
"POINT (6.963166673000046 50.932882526000071)","Unfall 95846 (2020) Kat:3, Licht: 0","95846","3","6","0","09","13","2","0","0","0","0","0","1"
"POINT (6.934487425000043 50.922415723000029)","Unfall 95915 (2020) Kat:2, Licht: 2","95915","2","3","5","09","20","1","0","2","1","0","0","0"
"POINT (6.912817878000055 50.936953885000037)","Unfall 95916 (2020) Kat:3, Licht: 2","95916","3","7","9","09","00","1","1","2","0","1","0","0"
"POINT (7.059901278000041 50.927825076000033)","Unfall 95987 (2020) Kat:3, Licht: 2","95987","3","6","2","09","21","7","1","2","0","1","0","0"
"POINT (6.983321369000066 50.944391125000038)","Unfall 95989 (2020) Kat:3, Licht: 0","95989","3","2","3","09","14","7","1","0","0","1","0","0"
"POINT (6.968062947000021 50.958501807000061)","Unfall 95991 (2020) Kat:3, Licht: 0","95991","3","6","2","09","13","7","0","0","0","1","0","0"
"POINT (6.930711080000037 50.946878036000044)","Unfall 95992 (2020) Kat:3, Licht: 0","95992","3","6","2","09","17","7","1","0","0","1","0","0"
"POINT (6.995924990000049 50.925693902000035)","Unfall 96057 (2020) Kat:2, Licht: 0","96057","2","6","1","09","16","2","1","0","0","1","0","0"
"POINT (6.922037422000074 50.947605446000068)","Unfall 96067 (2020) Kat:2, Licht: 0","96067","2","4","6","09","17","2","1","0","0","1","1","0"
"POINT (7.059175342000060 50.925087382000072)","Unfall 96068 (2020) Kat:3, Licht: 0","96068","3","6","2","09","15","7","1","0","0","1","0","0"
"POINT (6.923133318000055 50.912598883000044)","Unfall 96075 (2020) Kat:3, Licht: 0","96075","3","6","2","09","10","2","1","0","0","1","0","0"
"POINT (6.940613867000025 50.931124970000042)","Unfall 96094 (2020) Kat:3, Licht: 0","96094","3","1","0","09","11","2","1","0","1","0","0","0"
"POINT (6.905023223000057 50.986096892000035)","Unfall 96117 (2020) Kat:2, Licht: 0","96117","2","6","2","09","13","6","0","0","0","1","0","0"
"POINT (7.024611368000024 50.932540047000032)","Unfall 96119 (2020) Kat:3, Licht: 2","96119","3","1","0","09","20","6","1","2","0","0","0","0"
"POINT (7.046121584000048 50.923636988000055)","Unfall 96120 (2020) Kat:3, Licht: 0","96120","3","2","2","09","16","6","0","0","0","1","0","0"
"POINT (7.038962970000057 50.940864213000054)","Unfall 96122 (2020) Kat:2, Licht: 0","96122","2","3","5","09","09","6","0","0","0","1","0","1"
"POINT (7.015526013000056 50.975698039000065)","Unfall 96123 (2020) Kat:2, Licht: 0","96123","2","3","5","09","15","6","0","0","1","1","0","0"
"POINT (6.996544916000062 50.963998082000046)","Unfall 96125 (2020) Kat:3, Licht: 2","96125","3","1","0","09","23","6","1","2","0","0","0","0"
"POINT (6.985704473000055 50.936542865000035)","Unfall 96126 (2020) Kat:3, Licht: 2","96126","3","5","1","09","01","6","1","2","0","1","0","0"
"POINT (6.949868702000060 50.955649181000069)","Unfall 96127 (2020) Kat:3, Licht: 1","96127","3","6","2","09","18","6","1","1","0","1","0","0"
"POINT (6.996407425000029 50.868315181000071)","Unfall 96129 (2020) Kat:3, Licht: 0","96129","3","1","2","09","13","6","0","0","0","1","0","0"
"POINT (6.920206770000050 50.932056927000076)","Unfall 96130 (2020) Kat:3, Licht: 0","96130","3","6","1","09","13","6","0","0","0","1","0","0"
"POINT (6.972694110000020 50.912665949000029)","Unfall 96131 (2020) Kat:3, Licht: 2","96131","3","1","7","09","01","6","1","2","1","0","0","0"
"POINT (6.908720624000068 50.937102649000053)","Unfall 96132 (2020) Kat:3, Licht: 0","96132","3","2","5","09","07","6","0","0","1","1","0","0"
"POINT (6.957130998000025 50.950867027000072)","Unfall 96133 (2020) Kat:3, Licht: 0","96133","3","4","6","09","15","6","0","0","1","0","1","0"
"POINT (6.939966338000033 50.940529270000070)","Unfall 96134 (2020) Kat:3, Licht: 1","96134","3","1","0","09","18","6","1","1","0","0","0","1"
"POINT (7.030567577000056 50.968140982000079)","Unfall 96243 (2020) Kat:2, Licht: 0","96243","2","1","9","09","07","5","0","0","0","1","0","0"
"POINT (7.102643090000072 50.884301432000029)","Unfall 96244 (2020) Kat:2, Licht: 2","96244","2","7","8","09","05","5","1","2","0","1","0","0"
"POINT (7.055511061000061 50.912581068000065)","Unfall 96245 (2020) Kat:3, Licht: 2","96245","3","6","2","09","20","5","0","2","0","1","0","0"
"POINT (6.896479902000067 50.994695289000049)","Unfall 96246 (2020) Kat:3, Licht: 0","96246","3","6","2","09","09","5","0","0","0","1","0","0"
"POINT (6.926581145000057 50.931025622000050)","Unfall 96247 (2020) Kat:3, Licht: 0","96247","3","2","5","09","15","5","0","0","1","0","0","1"
"POINT (6.939709381000057 50.935439105000057)","Unfall 96249 (2020) Kat:2, Licht: 0","96249","2","7","6","09","16","5","0","0","0","0","1","0"
"POINT (6.939491220000036 50.938728613000080)","Unfall 96253 (2020) Kat:2, Licht: 0","96253","2","7","7","09","18","3","0","0","1","0","0","0"
"POINT (6.932360345000063 50.920545390000029)","Unfall 96268 (2020) Kat:3, Licht: 0","96268","3","4","6","10","13","5","0","0","0","1","1","0"
"POINT (7.056325060000063 50.891863165000075)","Unfall 96270 (2020) Kat:3, Licht: 0","96270","3","1","0","10","18","7","1","0","1","0","0","0"
"POINT (7.016301896000073 50.940074649000053)","Unfall 96343 (2020) Kat:3, Licht: 0","96343","3","6","2","10","10","6","0","0","0","1","0","0"
"POINT (7.003813773000047 50.977312712000071)","Unfall 96353 (2020) Kat:2, Licht: 2","96353","2","6","2","09","20","4","1","2","0","1","0","1"
"POINT (6.953123886000071 50.935266254000055)","Unfall 96360 (2020) Kat:3, Licht: 0","96360","3","3","5","10","13","5","0","0","1","1","0","0"
"POINT (6.863357378000046 51.068436338000026)","Unfall 96367 (2020) Kat:3, Licht: 0","96367","3","3","5","10","17","5","1","0","1","1","0","0"
"POINT (6.896986389000062 50.991815216000077)","Unfall 96417 (2020) Kat:2, Licht: 0","96417","2","1","9","09","15","3","1","0","0","0","0","1"
"POINT (6.857916778000060 50.918054968000035)","Unfall 96436 (2020) Kat:2, Licht: 0","96436","2","3","5","10","14","6","0","0","1","1","0","0"
"POINT (7.045537000000024 50.953076715000066)","Unfall 96440 (2020) Kat:3, Licht: 0","96440","3","6","1","09","13","3","1","0","0","1","0","0"
"POINT (6.838019818000021 50.954679305000070)","Unfall 96447 (2020) Kat:3, Licht: 0","96447","3","6","1","09","07","4","1","0","1","0","0","0"
"POINT (7.100982401000067 50.946890924000058)","Unfall 96453 (2020) Kat:3, Licht: 1","96453","3","1","9","09","07","4","1","1","0","1","0","0"
"POINT (6.827100616000053 50.965387805000034)","Unfall 96461 (2020) Kat:3, Licht: 0","96461","3","1","0","10","17","5","1","0","0","1","1","0"
"POINT (7.014639539000029 50.952332334000062)","Unfall 96498 (2020) Kat:3, Licht: 0","96498","3","6","2","09","11","3","0","0","0","1","0","0"
"POINT (6.946152169000072 50.985931031000064)","Unfall 96522 (2020) Kat:3, Licht: 0","96522","3","7","2","09","17","3","0","0","0","1","0","1"
"POINT (6.993247986000029 51.011202190000063)","Unfall 96536 (2020) Kat:2, Licht: 1","96536","2","3","5","10","18","5","1","1","1","1","0","0"
"POINT (7.058568301000037 50.897349696000049)","Unfall 96540 (2020) Kat:2, Licht: 0","96540","2","2","5","10","12","6","0","0","0","1","0","0"
"POINT (6.920230499000070 50.953801046000081)","Unfall 96544 (2020) Kat:3, Licht: 0","96544","3","7","0","09","11","3","1","0","1","0","0","0"
"POINT (7.021758978000037 50.933234221000077)","Unfall 96550 (2020) Kat:3, Licht: 0","96550","3","6","1","09","13","4","0","0","0","1","0","0"
"POINT (6.932621428000061 50.936560968000038)","Unfall 96558 (2020) Kat:3, Licht: 0","96558","3","6","3","10","16","5","1","0","1","1","0","0"
"POINT (6.920409193000069 50.953736504000062)","Unfall 96560 (2020) Kat:3, Licht: 2","96560","3","7","1","10","02","7","0","2","1","1","0","0"
"POINT (6.897343597000031 50.958999836000032)","Unfall 96617 (2020) Kat:3, Licht: 0","96617","3","6","2","09","16","3","1","0","0","1","0","0"
"POINT (6.995765024000036 50.876174874000071)","Unfall 96625 (2020) Kat:3, Licht: 0","96625","3","2","0","09","17","3","1","0","0","0","0","1"
"POINT (6.907949595000048 50.955106749000038)","Unfall 96636 (2020) Kat:3, Licht: 0","96636","3","4","0","10","11","6","0","0","0","0","1","0"
"POINT (6.991358304000073 50.927453548000074)","Unfall 96637 (2020) Kat:3, Licht: 0","96637","3","6","3","10","16","5","1","0","0","1","0","0"
"POINT (6.962179001000038 50.942023395000035)","Unfall 96640 (2020) Kat:3, Licht: 0","96640","3","1","0","09","09","3","1","0","0","0","0","1"
"POINT (6.957265569000072 50.957514436000054)","Unfall 96646 (2020) Kat:3, Licht: 0","96646","3","1","9","09","13","4","0","0","1","0","0","0"
"POINT (6.911508092000076 50.936996951000026)","Unfall 96658 (2020) Kat:3, Licht: 0","96658","3","6","2","10","16","5","1","0","0","1","0","0"
"POINT (6.850044495000020 50.978475131000039)","Unfall 96710 (2020) Kat:3, Licht: 0","96710","3","6","2","10","13","6","0","0","0","1","0","0"
"POINT (6.941524067000046 50.929263110000079)","Unfall 96716 (2020) Kat:2, Licht: 0","96716","2","6","3","09","14","3","1","0","1","1","0","0"
"POINT (6.946431174000054 50.891785255000059)","Unfall 96729 (2020) Kat:2, Licht: 0","96729","2","1","0","10","11","6","1","0","1","0","0","0"
"POINT (7.022176330000036 50.980019059000028)","Unfall 96730 (2020) Kat:3, Licht: 0","96730","3","1","0","10","18","5","1","0","0","0","0","1"
"POINT (6.970025055000065 50.869153484000037)","Unfall 96738 (2020) Kat:3, Licht: 0","96738","3","3","2","10","12","6","1","0","0","1","0","0"
"POINT (6.998039999000071 50.937449617000027)","Unfall 96788 (2020) Kat:3, Licht: 1","96788","3","6","0","10","20","3","1","1","0","1","0","0"
"POINT (6.971805588000052 50.914028073000054)","Unfall 96813 (2020) Kat:3, Licht: 0","96813","3","1","0","10","14","3","0","0","0","0","0","1"