WKT,Name,OBJECTID,UKATEGORIE,UTYP1,UART,UMONAT,USTUNDE,UWOCHENTAG,STRZUSTAND,ULICHTVERH,ISTRAD,ISTPKW,ISTFUSS,ISTKRAD
"POINT (7.029631139000060 50.988833391000071)","Unfall 96834 (2020) Kat:3, Licht: 0","96834","3","3","5","10","14","2","1","0","0","1","0","0"
"POINT (6.845619473000056 50.925893909000081)","Unfall 96842 (2020) Kat:3, Licht: 0","96842","3","6","2","10","11","5","0","0","0","1","0","0"
"POINT (7.107856408000032 50.917314815000054)","Unfall 96851 (2020) Kat:3, Licht: 1","96851","3","5","2","10","07","4","1","1","0","1","0","0"
"POINT (7.013738681000064 50.954721674000041)","Unfall 96855 (2020) Kat:3, Licht: 0","96855","3","6","2","10","08","4","1","0","0","1","0","0"
"POINT (6.920330808000074 50.932097608000049)","Unfall 96860 (2020) Kat:3, Licht: 0","96860","3","3","0","10","15","4","0","0","1","1","0","0"
"POINT (6.948606200000029 50.930422554000074)","Unfall 96861 (2020) Kat:3, Licht: 0","96861","3","6","2","10","08","4","1","0","0","1","0","0"
"POINT (6.939226770000062 50.934652595000045)","Unfall 96867 (2020) Kat:3, Licht: 0","96867","3","2","6","10","13","4","0","0","0","1","1","0"
"POINT (6.953762416000075 50.964305199000080)","Unfall 96870 (2020) Kat:3, Licht: 2","96870","3","2","3","10","06","5","1","2","1","1","0","0"
"POINT (6.844060594000041 50.926868232000061)","Unfall 96880 (2020) Kat:3, Licht: 0","96880","3","1","9","10","11","2","1","0","0","1","0","0"
"POINT (6.931036411000036 50.868920678000052)","Unfall 96912 (2020) Kat:3, Licht: 0","96912","3","6","2","10","17","3","1","0","0","1","0","0"
"POINT (6.882432336000022 50.992317983000078)","Unfall 96920 (2020) Kat:3, Licht: 2","96920","3","6","6","10","20","3","1","2","1","0","1","0"
"POINT (6.914249784000049 50.929947314000060)","Unfall 96935 (2020) Kat:3, Licht: 0","96935","3","4","6","10","16","2","1","0","0","1","1","0"
"POINT (7.049867074000076 50.933732140000075)","Unfall 96958 (2020) Kat:3, Licht: 0","96958","3","6","2","10","13","1","0","0","0","1","0","0"
"POINT (7.030448201000070 50.931773438000050)","Unfall 96965 (2020) Kat:3, Licht: 0","96965","3","6","2","10","17","1","1","0","0","1","0","0"
"POINT (6.979907946000026 50.940691811000079)","Unfall 96967 (2020) Kat:3, Licht: 1","96967","3","6","3","10","19","1","1","1","0","1","0","0"
"POINT (6.955575715000066 50.957448041000077)","Unfall 96971 (2020) Kat:3, Licht: 0","96971","3","6","1","10","13","1","0","0","0","1","0","1"
"POINT (6.898978041000021 51.042902387000026)","Unfall 96976 (2020) Kat:3, Licht: 0","96976","3","3","0","10","13","1","0","0","0","1","0","1"
"POINT (6.947523505000049 50.936403926000025)","Unfall 96987 (2020) Kat:3, Licht: 2","96987","3","1","0","10","02","1","0","2","0","0","0","0"
"POINT (6.947844360000033 50.982043097000030)","Unfall 97026 (2020) Kat:3, Licht: 0","97026","3","2","0","10","17","3","1","0","1","1","0","0"
"POINT (7.080798120000054 50.946039294000059)","Unfall 97049 (2020) Kat:3, Licht: 0","97049","3","2","5","10","17","2","1","0","1","1","0","0"
"POINT (7.018720791000021 50.940205414000047)","Unfall 97084 (2020) Kat:3, Licht: 2","97084","3","2","4","10","22","5","1","2","1","1","0","0"
"POINT (7.004605537000032 50.962774312000079)","Unfall 97106 (2020) Kat:3, Licht: 0","97106","3","6","2","10","17","3","1","0","0","1","0","0"
"POINT (6.868138024000075 50.917235384000037)","Unfall 97126 (2020) Kat:3, Licht: 0","97126","3","6","2","10","16","2","1","0","0","1","0","0"
"POINT (6.999666381000054 50.871177809000073)","Unfall 97130 (2020) Kat:3, Licht: 0","97130","3","5","0","10","08","3","1","0","1","1","1","0"
"POINT (6.910699255000054 50.925614659000075)","Unfall 97150 (2020) Kat:3, Licht: 0","97150","3","1","0","10","12","2","1","0","0","0","0","1"
"POINT (6.835344295000027 51.046561634000057)","Unfall 97156 (2020) Kat:3, Licht: 0","97156","3","6","4","10","16","6","0","0","0","1","0","0"
"POINT (6.847885134000023 50.926093722000076)","Unfall 97164 (2020) Kat:3, Licht: 0","97164","3","1","9","10","16","1","0","0","0","1","0","0"
"POINT (6.985099351000031 50.920557511000027)","Unfall 97186 (2020) Kat:3, Licht: 1","97186","3","1","0","10","07","5","1","1","0","0","0","1"
"POINT (7.050177175000044 50.933668575000070)","Unfall 97220 (2020) Kat:3, Licht: 2","97220","3","6","3","10","06","3","1","2","0","1","0","0"
"POINT (6.955079342000033 51.019454446000054)","Unfall 97236 (2020) Kat:3, Licht: 0","97236","3","2","5","10","16","3","1","0","1","1","0","0"
"POINT (6.940410687000053 50.932153017000076)","Unfall 97252 (2020) Kat:3, Licht: 0","97252","3","1","0","10","14","2","1","0","1","0","0","0"
"POINT (6.959133414000064 50.950975423000045)","Unfall 97272 (2020) Kat:2, Licht: 2","97272","2","7","0","10","04","1","0","2","1","0","0","0"
"POINT (7.076347620000036 50.901410037000062)","Unfall 97287 (2020) Kat:2, Licht: 0","97287","2","4","6","10","13","7","0","0","0","1","1","0"
"POINT (7.072494523000046 50.964637987000060)","Unfall 97289 (2020) Kat:3, Licht: 0","97289","3","3","5","10","16","7","0","0","0","1","0","1"
"POINT (7.089900887000056 50.982304472000067)","Unfall 97290 (2020) Kat:2, Licht: 2","97290","2","1","0","10","20","7","1","2","1","0","0","0"
"POINT (6.894551213000057 50.937223140000071)","Unfall 97292 (2020) Kat:3, Licht: 0","97292","3","6","3","10","12","7","0","0","0","1","0","0"
"POINT (6.909363187000054 50.938561511000046)","Unfall 97293 (2020) Kat:2, Licht: 2","97293","2","4","6","10","00","7","1","2","0","0","1","0"
"POINT (6.917275249000056 50.936646755000027)","Unfall 97295 (2020) Kat:3, Licht: 0","97295","3","6","2","10","13","7","0","0","0","1","0","0"
"POINT (6.904012750000049 50.937010419000046)","Unfall 97297 (2020) Kat:3, Licht: 2","97297","3","7","0","10","00","7","1","2","0","0","0","1"
"POINT (6.900390808000054 50.937093778000076)","Unfall 97298 (2020) Kat:2, Licht: 0","97298","2","6","3","10","10","7","0","0","1","0","0","0"
"POINT (6.944182136000052 50.935939427000051)","Unfall 97300 (2020) Kat:3, Licht: 2","97300","3","1","0","10","01","7","1","2","0","0","0","0"
"POINT (7.094124830000055 50.858655428000077)","Unfall 97326 (2020) Kat:3, Licht: 0","97326","3","6","2","10","13","1","0","0","0","1","0","0"
"POINT (6.982435096000074 50.902300070000081)","Unfall 97377 (2020) Kat:3, Licht: 0","97377","3","6","3","10","13","1","0","0","1","0","0","0"
"POINT (6.918662813000026 50.971246978000067)","Unfall 97403 (2020) Kat:3, Licht: 2","97403","3","1","9","10","04","7","1","2","0","1","0","0"
"POINT (7.085177988000055 50.856504416000064)","Unfall 97431 (2020) Kat:3, Licht: 0","97431","3","3","5","10","11","1","0","0","0","1","0","0"
"POINT (7.013829522000037 51.013175780000040)","Unfall 97470 (2020) Kat:3, Licht: 0","97470","3","6","2","10","14","6","1","0","0","1","0","0"
"POINT (7.032550579000031 50.962924836000070)","Unfall 97473 (2020) Kat:3, Licht: 0","97473","3","6","2","10","14","6","0","0","0","1","0","0"
"POINT (7.049616728000046 50.929673807000029)","Unfall 97474 (2020) Kat:2, Licht: 0","97474","2","3","5","10","10","6","1","0","0","1","0","0"
"POINT (6.971522881000055 50.938036041000032)","Unfall 97477 (2020) Kat:3, Licht: 2","97477","3","5","3","10","22","6","1","2","1","1","0","0"
"POINT (6.952880839000045 50.968484674000081)","Unfall 97478 (2020) Kat:3, Licht: 1","97478","3","6","2","10","18","6","1","1","1","1","0","0"
"POINT (6.892096434000052 51.000184442000034)","Unfall 97480 (2020) Kat:3, Licht: 1","97480","3","7","5","10","07","6","1","1","0","1","0","1"
"POINT (6.946910034000041 50.935684595000055)","Unfall 97481 (2020) Kat:3, Licht: 2","97481","3","6","2","10","20","6","0","2","0","1","0","0"
"POINT (6.963168213000074 50.959234886000047)","Unfall 97482 (2020) Kat:3, Licht: 2","97482","3","1","0","10","00","1","1","2","1","0","0","0"
"POINT (7.108302398000035 50.887125779000030)","Unfall 97522 (2020) Kat:2, Licht: 0","97522","2","1","9","10","12","1","0","0","1","1","0","0"
"POINT (6.924786925000035 50.936594026000080)","Unfall 97527 (2020) Kat:3, Licht: 2","97527","3","2","3","10","18","5","0","2","1","1","0","0"
"POINT (7.068098565000071 50.908481153000082)","Unfall 97612 (2020) Kat:3, Licht: 2","97612","3","3","5","10","20","5","0","2","0","1","0","0"
"POINT (7.008913181000025 50.938699524000072)","Unfall 97630 (2020) Kat:3, Licht: 0","97630","3","3","0","10","09","3","0","0","1","1","0","0"
"POINT (6.915876665000042 50.971079032000034)","Unfall 97638 (2020) Kat:2, Licht: 0","97638","2","1","0","10","14","3","0","0","1","0","0","0"
"POINT (6.873944781000034 51.003616210000075)","Unfall 97641 (2020) Kat:3, Licht: 0","97641","3","2","5","10","11","5","0","0","1","1","0","0"
"POINT (6.969609046000073 50.874333716000081)","Unfall 97659 (2020) Kat:3, Licht: 0","97659","3","6","2","10","15","3","0","0","0","1","0","0"
"POINT (6.927968480000061 50.928671390000034)","Unfall 97661 (2020) Kat:3, Licht: 2","97661","3","6","4","10","20","4","0","2","1","0","0","0"
"POINT (6.964608106000071 50.903657987000031)","Unfall 97697 (2020) Kat:3, Licht: 0","97697","3","3","5","10","08","5","0","0","1","1","0","0"
"POINT (7.081014694000032 50.885683838000034)","Unfall 97757 (2020) Kat:3, Licht: 0","97757","3","6","2","10","15","4","0","0","0","1","0","0"
"POINT (6.990186746000063 50.899608151000052)","Unfall 97765 (2020) Kat:3, Licht: 0","97765","3","6","2","10","15","2","1","0","0","1","0","0"
"POINT (6.842650311000057 50.921481185000061)","Unfall 97772 (2020) Kat:3, Licht: 0","97772","3","6","2","10","10","2","1","0","0","1","0","0"
"POINT (7.033271110000044 50.938598342000034)","Unfall 97782 (2020) Kat:3, Licht: 0","97782","3","6","4","10","11","5","0","0","0","1","0","0"
"POINT (6.994426624000028 50.945984907000081)","Unfall 97784 (2020) Kat:3, Licht: 0","97784","3","1","8","10","15","2","1","0","0","0","0","1"
"POINT (6.901877281000054 50.988555550000058)","Unfall 97786 (2020) Kat:3, Licht: 0","97786","3","1","0","10","12","2","1","0","1","0","0","0"
"POINT (6.931055952000065 50.918945197000028)","Unfall 97795 (2020) Kat:3, Licht: 1","97795","3","6","0","10","18","2","1","1","0","1","0","1"
"POINT (6.932715217000066 50.920873520000043)","Unfall 97804 (2020) Kat:3, Licht: 2","97804","3","6","1","10","06","2","1","2","0","1","0","0"
"POINT (7.018898148000062 50.921171351000055)","Unfall 97812 (2020) Kat:3, Licht: 1","97812","3","6","2","10","18","2","0","1","0","1","0","0"
"POINT (7.078456833000075 50.983222818000058)","Unfall 97815 (2020) Kat:3, Licht: 0","97815","3","3","5","10","09","2","0","0","0","1","0","0"
"POINT (6.948144009000032 50.993512386000077)","Unfall 97818 (2020) Kat:3, Licht: 2","97818","3","1","0","10","06","2","1","2","0","0","0","1"
"POINT (6.852157463000026 50.938110414000050)","Unfall 97820 (2020) Kat:3, Licht: 2","97820","3","1","0","10","18","2","0","2","1","0","0","0"
"POINT (6.939957069000059 50.940493443000037)","Unfall 97822 (2020) Kat:3, Licht: 2","97822","3","1","0","10","03","2","0","2","0","0","0","0"
"POINT (6.945245757000066 50.935950282000078)","Unfall 97823 (2020) Kat:3, Licht: 0","97823","3","7","0","10","14","2","0","0","0","0","0","0"
"POINT (6.942706558000054 50.935916814000052)","Unfall 97860 (2020) Kat:3, Licht: 2","97860","3","1","0","10","19","3","1","2","1","0","0","0"
"POINT (6.985117337000077 50.944766985000058)","Unfall 97863 (2020) Kat:3, Licht: 1","97863","3","6","2","10","17","3","1","1","0","1","0","0"
"POINT (7.015213173000063 50.984810480000078)","Unfall 97910 (2020) Kat:3, Licht: 0","97910","3","6","2","10","15","3","1","0","0","0","0","0"
"POINT (6.918823323000026 50.948966808000080)","Unfall 97924 (2020) Kat:3, Licht: 0","97924","3","6","1","10","14","3","1","0","1","1","0","0"
"POINT (6.999415079000073 50.937641837000058)","Unfall 97976 (2020) Kat:3, Licht: 1","97976","3","6","2","10","16","3","1","1","0","1","0","1"
"POINT (6.908091177000074 50.931230235000044)","Unfall 97993 (2020) Kat:3, Licht: 1","97993","3","3","5","10","18","3","1","1","0","1","0","0"
"POINT (7.083498165000037 50.869512248000035)","Unfall 98042 (2020) Kat:3, Licht: 1","98042","3","3","5","10","18","6","0","1","1","1","0","0"
"POINT (6.969576718000042 50.867410333000066)","Unfall 98047 (2020) Kat:2, Licht: 2","98047","2","6","3","10","19","1","0","2","0","1","0","0"
"POINT (6.989127547000066 50.936606290000043)","Unfall 98050 (2020) Kat:3, Licht: 2","98050","3","3","5","10","19","6","0","2","0","1","0","1"
"POINT (6.954002166000066 50.963192443000025)","Unfall 98058 (2020) Kat:3, Licht: 0","98058","3","2","5","10","12","3","1","0","0","1","0","1"
"POINT (6.900048411000057 50.994672320000063)","Unfall 98063 (2020) Kat:3, Licht: 0","98063","3","2","5","10","13","6","0","0","1","1","0","0"
"POINT (6.881222981000065 50.966456194000045)","Unfall 98071 (2020) Kat:3, Licht: 0","98071","3","2","0","10","16","6","0","0","0","1","0","0"
"POINT (6.921723885000063 50.947735770000065)","Unfall 98075 (2020) Kat:3, Licht: 0","98075","3","4","6","10","12","6","0","0","1","0","1","0"
"POINT (6.962803286000053 50.921556228000043)","Unfall 98077 (2020) Kat:3, Licht: 0","98077","3","5","1","10","16","6","0","0","1","1","0","0"
"POINT (6.932611462000068 50.920790335000049)","Unfall 98103 (2020) Kat:3, Licht: 0","98103","3","6","5","10","14","7","0","0","0","1","0","0"
"POINT (6.987880525000037 50.918831157000056)","Unfall 98104 (2020) Kat:3, Licht: 0","98104","3","1","0","10","15","3","1","0","0","0","0","1"
"POINT (6.962561268000059 50.931285024000033)","Unfall 98105 (2020) Kat:3, Licht: 0","98105","3","7","0","10","12","7","0","0","0","1","0","1"
"POINT (6.920668350000028 50.948175976000073)","Unfall 98119 (2020) Kat:3, Licht: 0","98119","3","3","0","10","15","3","1","0","0","1","0","1"
"POINT (6.850384332000033 50.919025132000058)","Unfall 98170 (2020) Kat:3, Licht: 2","98170","3","2","2","10","20","6","1","2","0","1","0","0"
"POINT (6.924493507000022 50.936755988000073)","Unfall 98172 (2020) Kat:2, Licht: 2","98172","2","4","6","10","22","7","0","2","0","1","1","0"
"POINT (6.912504903000070 50.944857999000078)","Unfall 98174 (2020) Kat:3, Licht: 2","98174","3","1","0","10","20","5","1","2","0","0","0","0"
"POINT (7.092995703000042 50.929693249000081)","Unfall 98221 (2020) Kat:3, Licht: 2","98221","3","6","2","10","23","6","1","2","0","1","0","0"
"POINT (6.968430067000043 50.855182927000044)","Unfall 98223 (2020) Kat:3, Licht: 2","98223","3","1","9","10","19","7","0","2","0","1","0","0"
"POINT (6.895437137000045 50.914551218000042)","Unfall 98234 (2020) Kat:2, Licht: 0","98234","2","1","9","10","17","6","1","0","0","1","0","0"
"POINT (6.918936473000031 50.931643007000048)","Unfall 98236 (2020) Kat:2, Licht: 0","98236","2","1","0","10","10","7","1","0","1","0","0","0"
"POINT (6.944266205000076 50.927545743000053)","Unfall 98238 (2020) Kat:3, Licht: 0","98238","3","2","3","10","16","5","0","0","1","0","0","1"
"POINT (6.861628692000068 51.069143007000037)","Unfall 98272 (2020) Kat:3, Licht: 0","98272","3","2","5","10","17","5","0","0","1","1","0","0"
"POINT (6.865806281000062 50.918286383000066)","Unfall 98295 (2020) Kat:2, Licht: 1","98295","2","1","3","10","05","4","1","1","0","1","0","0"
"POINT (7.104171787000041 50.885866298000053)","Unfall 98303 (2020) Kat:3, Licht: 0","98303","3","1","9","10","17","4","0","0","1","0","0","0"
"POINT (7.061456047000036 50.945021900000029)","Unfall 98307 (2020) Kat:3, Licht: 0","98307","3","6","2","10","14","4","0","0","0","1","0","0"
"POINT (6.934442255000022 50.951146244000029)","Unfall 98309 (2020) Kat:3, Licht: 2","98309","3","7","9","10","01","6","1","2","0","1","0","0"
"POINT (7.036809554000058 50.952594976000057)","Unfall 98310 (2020) Kat:3, Licht: 2","98310","3","1","9","10","20","6","1","2","0","1","0","0"
"POINT (7.105250423000030 50.913732332000052)","Unfall 98311 (2020) Kat:3, Licht: 0","98311","3","3","5","10","17","7","0","0","1","1","0","0"
"POINT (7.016668041000060 50.983263032000082)","Unfall 98361 (2020) Kat:3, Licht: 2","98361","3","6","2","10","22","6","1","2","0","1","0","0"
"POINT (6.882388649000063 50.937778741000045)","Unfall 98376 (2020) Kat:3, Licht: 2","98376","3","6","1","10","20","6","1","2","0","1","0","1"
"POINT (6.833271005000029 50.938393042000030)","Unfall 98378 (2020) Kat:3, Licht: 0","98378","3","6","2","10","11","7","1","0","0","1","0","0"
"POINT (6.852011936000054 50.977730640000061)","Unfall 98381 (2020) Kat:3, Licht: 2","98381","3","7","5","10","06","5","1","2","0","1","0","0"
"POINT (7.070226527000045 50.946373207000079)","Unfall 98412 (2020) Kat:3, Licht: 0","98412","3","6","1","10","12","5","0","0","0","1","0","0"
"POINT (7.011074931000053 50.939358603000073)","Unfall 98427 (2020) Kat:3, Licht: 0","98427","3","2","5","10","16","6","1","0","1","1","0","0"
"POINT (6.934461191000025 50.942831916000046)","Unfall 98441 (2020) Kat:3, Licht: 0","98441","3","1","0","10","08","6","1","0","1","0","0","0"
"POINT (6.959320706000028 50.950980595000033)","Unfall 98445 (2020) Kat:3, Licht: 1","98445","3","6","2","10","20","5","1","1","0","1","0","0"
"POINT (7.035528863000025 50.918108009000036)","Unfall 98481 (2020) Kat:3, Licht: 0","98481","3","6","2","10","10","2","0","0","0","1","0","0"
"POINT (7.082425967000063 50.919151633000070)","Unfall 98484 (2020) Kat:3, Licht: 0","98484","3","6","3","10","09","2","1","0","0","1","0","0"
"POINT (6.932042073000048 50.948156656000037)","Unfall 98522 (2020) Kat:3, Licht: 0","98522","3","6","3","10","14","3","0","0","0","1","0","0"
"POINT (7.076612628000021 50.901639714000055)","Unfall 98552 (2020) Kat:3, Licht: 0","98552","3","6","2","10","11","2","0","0","0","1","0","0"
"POINT (6.972459735000030 50.930354671000032)","Unfall 98592 (2020) Kat:3, Licht: 2","98592","3","2","8","10","17","3","0","2","1","1","0","0"
"POINT (6.938984533000053 50.936438141000053)","Unfall 98645 (2020) Kat:2, Licht: 0","98645","2","4","6","10","12","2","0","0","1","0","1","0"
"POINT (6.958613313000058 50.958165330000043)","Unfall 98672 (2020) Kat:3, Licht: 0","98672","3","1","0","10","11","3","0","0","1","0","0","0"
"POINT (6.934724737000067 50.942696899000055)","Unfall 98745 (2020) Kat:2, Licht: 0","98745","2","7","0","10","08","3","0","0","1","0","1","0"
"POINT (7.048910436000028 50.970949605000044)","Unfall 98772 (2020) Kat:3, Licht: 0","98772","3","2","5","10","07","2","1","0","1","1","0","0"
"POINT (7.100946259000068 50.899706945000048)","Unfall 98792 (2020) Kat:3, Licht: 0","98792","3","2","2","10","13","4","1","0","0","1","0","0"
"POINT (7.041200692000075 50.968758374000060)","Unfall 98818 (2020) Kat:3, Licht: 2","98818","3","6","1","10","18","3","0","2","0","1","0","0"
"POINT (6.944891417000065 50.935810097000058)","Unfall 98860 (2020) Kat:2, Licht: 0","98860","2","2","5","11","08","2","0","0","0","0","0","0"
"POINT (7.027718163000031 50.965991547000044)","Unfall 98865 (2020) Kat:3, Licht: 0","98865","3","2","5","11","11","1","0","0","0","1","0","0"
"POINT (7.058738142000038 50.952610276000030)","Unfall 98935 (2020) Kat:3, Licht: 0","98935","3","1","8","10","11","7","0","0","0","0","0","1"
"POINT (7.037511142000028 50.933639466000045)","Unfall 98999 (2020) Kat:3, Licht: 0","98999","3","2","3","11","13","2","0","0","1","1","0","0"
"POINT (7.034738428000026 50.851298043000043)","Unfall 99003 (2020) Kat:3, Licht: 0","99003","3","1","8","10","08","7","0","0","0","1","0","0"
"POINT (6.902297194000028 50.998661242000026)","Unfall 99019 (2020) Kat:3, Licht: 2","99019","3","2","5","10","19","7","0","2","0","1","0","0"
"POINT (6.954935057000057 51.000910855000029)","Unfall 99023 (2020) Kat:3, Licht: 0","99023","3","1","0","10","15","5","1","0","1","0","0","0"
"POINT (6.846270371000060 50.918094040000028)","Unfall 99027 (2020) Kat:3, Licht: 0","99027","3","6","0","10","15","5","1","0","0","1","0","0"
"POINT (7.070997932000068 50.978865453000026)","Unfall 99030 (2020) Kat:3, Licht: 0","99030","3","2","0","10","15","6","0","0","1","1","0","0"
"POINT (6.829211181000062 50.957743651000044)","Unfall 99031 (2020) Kat:3, Licht: 0","99031","3","7","2","10","14","6","0","0","0","1","0","0"
"POINT (6.931597559000068 50.947605536000026)","Unfall 99032 (2020) Kat:3, Licht: 0","99032","3","6","2","10","15","5","1","0","0","1","0","0"
"POINT (6.918013514000052 50.949370538000039)","Unfall 99035 (2020) Kat:3, Licht: 2","99035","3","2","1","10","20","6","0","2","1","0","0","0"
"POINT (6.932817753000052 50.948606852000069)","Unfall 99036 (2020) Kat:2, Licht: 2","99036","2","2","5","10","20","7","0","2","0","1","0","1"
"POINT (6.908853634000025 50.927834009000037)","Unfall 99037 (2020) Kat:3, Licht: 0","99037","3","2","5","10","09","6","0","0","0","1","0","0"
"POINT (6.950623032000067 50.904140012000028)","Unfall 99063 (2020) Kat:3, Licht: 0","99063","3","1","2","10","14","7","0","0","0","0","0","1"
"POINT (7.005841788000055 50.938416414000073)","Unfall 99163 (2020) Kat:3, Licht: 0","99163","3","5","3","11","10","2","0","0","1","1","0","0"
"POINT (6.966343245000076 50.838888034000036)","Unfall 99238 (2020) Kat:3, Licht: 0","99238","3","6","2","10","15","7","0","0","0","1","0","0"
"POINT (7.040928085000076 50.929678228000057)","Unfall 99242 (2020) Kat:3, Licht: 1","99242","3","6","1","11","17","7","0","1","0","1","0","0"
"POINT (6.848789194000062 50.925025845000050)","Unfall 99267 (2020) Kat:2, Licht: 2","99267","2","1","8","11","01","4","0","2","0","1","0","0"
"POINT (6.908047887000066 50.934369908000065)","Unfall 99272 (2020) Kat:2, Licht: 0","99272","2","3","0","11","13","4","0","0","1","0","0","0"
"POINT (6.922229163000054 50.955476117000046)","Unfall 99281 (2020) Kat:3, Licht: 0","99281","3","7","0","11","13","6","0","0","1","0","0","0"
"POINT (6.949708933000068 50.948175778000063)","Unfall 99311 (2020) Kat:3, Licht: 1","99311","3","5","3","11","16","5","0","1","1","1","0","0"
"POINT (6.890488419000064 50.962183181000057)","Unfall 99325 (2020) Kat:3, Licht: 0","99325","3","6","2","11","10","7","0","0","0","1","0","0"
"POINT (7.012872356000059 50.962966615000028)","Unfall 99335 (2020) Kat:2, Licht: 0","99335","2","1","4","11","14","4","0","0","1","1","0","0"
"POINT (7.023701351000057 50.949826418000043)","Unfall 99371 (2020) Kat:3, Licht: 0","99371","3","6","3","11","13","6","0","0","0","1","0","0"
"POINT (7.101436079000052 50.898241210000037)","Unfall 99392 (2020) Kat:3, Licht: 0","99392","3","7","4","11","14","7","0","0","0","1","0","0"
"POINT (7.019053984000038 50.915264649000051)","Unfall 99440 (2020) Kat:3, Licht: 0","99440","3","6","2","11","13","6","0","0","0","1","0","0"
"POINT (6.926337691000072 50.914460979000069)","Unfall 99450 (2020) Kat:2, Licht: 2","99450","2","6","2","11","18","4","0","2","1","0","0","0"
"POINT (6.957224077000035 50.953581745000065)","Unfall 99459 (2020) Kat:3, Licht: 0","99459","3","2","3","11","14","6","0","0","1","1","0","0"
"POINT (7.030424568000058 50.900036421000038)","Unfall 99495 (2020) Kat:3, Licht: 2","99495","3","3","5","11","16","5","0","2","0","1","0","0"
"POINT (7.033247858000038 50.938625898000055)","Unfall 99498 (2020) Kat:3, Licht: 0","99498","3","1","0","11","08","3","1","0","1","0","0","0"
"POINT (6.881705598000053 50.937604420000071)","Unfall 99506 (2020) Kat:3, Licht: 0","99506","3","4","6","11","17","7","0","0","1","0","1","0"
"POINT (7.107192046000023 50.915632692000031)","Unfall 99516 (2020) Kat:3, Licht: 2","99516","3","3","5","11","17","4","0","2","0","1","0","0"
"POINT (7.107186841000043 50.915623772000060)","Unfall 99525 (2020) Kat:3, Licht: 0","99525","3","2","4","11","07","6","0","0","0","1","0","0"
"POINT (6.981865921000065 50.938991660000056)","Unfall 99527 (2020) Kat:2, Licht: 2","99527","2","6","3","11","15","3","0","2","0","1","0","1"
"POINT (6.939801879000072 50.939891236000051)","Unfall 99542 (2020) Kat:3, Licht: 0","99542","3","1","0","11","07","4","1","0","0","0","0","0"
"POINT (6.875024080000060 51.009209375000069)","Unfall 99543 (2020) Kat:3, Licht: 0","99543","3","6","2","11","08","3","0","0","0","1","0","0"
"POINT (6.920194748000029 50.948375219000070)","Unfall 99551 (2020) Kat:1, Licht: 0","99551","1","4","6","11","08","6","0","0","0","0","1","0"
"POINT (6.925890371000037 50.945979982000040)","Unfall 99569 (2020) Kat:3, Licht: 0","99569","3","6","3","11","08","3","0","0","1","1","0","0"
"POINT (7.078091981000057 50.881098290000068)","Unfall 99575 (2020) Kat:3, Licht: 1","99575","3","6","3","11","16","7","0","1","1","1","0","0"
"POINT (6.973907342000075 50.864527891000080)","Unfall 99594 (2020) Kat:3, Licht: 2","99594","3","7","0","11","21","7","0","2","0","1","0","0"
"POINT (6.973864795000054 50.864525795000077)","Unfall 99603 (2020) Kat:3, Licht: 0","99603","3","6","2","11","16","4","0","0","1","0","0","0"
"POINT (7.031645306000030 50.966134746000080)","Unfall 99618 (2020) Kat:2, Licht: 0","99618","2","6","2","11","09","6","0","0","0","1","0","0"
"POINT (6.943454395000060 50.989727251000033)","Unfall 99638 (2020) Kat:3, Licht: 0","99638","3","7","0","11","08","6","0","0","1","0","0","0"
"POINT (6.926804728000036 50.959105517000069)","Unfall 99667 (2020) Kat:2, Licht: 0","99667","2","2","5","11","16","3","0","0","1","1","0","0"
"POINT (6.840705861000060 50.938152808000041)","Unfall 99672 (2020) Kat:3, Licht: 0","99672","3","6","2","11","13","3","0","0","1","0","0","0"
"POINT (6.894574951000038 50.937222652000059)","Unfall 99717 (2020) Kat:2, Licht: 0","99717","2","4","6","11","16","3","0","0","0","0","1","0"
"POINT (7.037512569000057 50.933637815000054)","Unfall 99772 (2020) Kat:2, Licht: 0","99772","2","4","6","11","07","4","1","0","0","1","1","0"
"POINT (6.931631031000052 50.888405081000030)","Unfall 99787 (2020) Kat:3, Licht: 0","99787","3","6","1","11","11","3","0","0","0","0","0","0"
"POINT (7.068097031000036 50.908480336000082)","Unfall 99796 (2020) Kat:2, Licht: 2","99796","2","3","5","11","18","2","0","2","0","1","0","0"
"POINT (6.912830033000034 50.936953470000049)","Unfall 99797 (2020) Kat:3, Licht: 0","99797","3","3","5","11","14","4","0","0","0","1","0","0"
"POINT (7.109334893000039 50.850798006000048)","Unfall 99799 (2020) Kat:2, Licht: 2","99799","2","3","5","11","06","5","0","2","0","1","0","1"
"POINT (7.081212619000041 50.916623029000050)","Unfall 99800 (2020) Kat:3, Licht: 0","99800","3","3","5","11","10","2","0","0","1","1","0","0"
"POINT (6.886254387000065 50.934109057000057)","Unfall 99801 (2020) Kat:3, Licht: 0","99801","3","6","2","11","11","2","1","0","0","1","0","0"
"POINT (6.917479242000070 50.951025365000078)","Unfall 99803 (2020) Kat:3, Licht: 2","99803","3","4","0","11","20","2","0","2","0","1","1","0"
"POINT (6.948385132000055 50.894080579000047)","Unfall 99804 (2020) Kat:3, Licht: 2","99804","3","6","2","11","19","2","0","2","0","1","0","0"
"POINT (6.908093049000058 50.931212515000027)","Unfall 99807 (2020) Kat:3, Licht: 2","99807","3","3","5","11","22","2","0","2","1","1","0","0"
"POINT (6.907557105000024 50.927283013000078)","Unfall 99858 (2020) Kat:3, Licht: 0","99858","3","2","5","11","14","3","0","0","0","1","0","0"
"POINT (7.072996163000028 50.979579105000028)","Unfall 99864 (2020) Kat:3, Licht: 2","99864","3","7","1","11","17","4","0","2","0","1","0","0"