WKT,Name,OBJECTID,UKATEGORIE,UTYP1,UART,UMONAT,USTUNDE,UWOCHENTAG,STRZUSTAND,ULICHTVERH,ISTRAD,ISTPKW,ISTFUSS,ISTKRAD
"POINT (6.960530305000020 50.950074862000065)","Unfall 99871 (2020) Kat:3, Licht: 0","99871","3","7","0","11","10","3","0","0","0","1","0","1"
"POINT (6.937292583000044 50.936492812000040)","Unfall 99890 (2020) Kat:3, Licht: 0","99890","3","1","0","11","08","4","1","0","1","0","0","0"
"POINT (7.035137581000072 50.957015638000030)","Unfall 99904 (2020) Kat:1, Licht: 0","99904","1","7","0","11","10","6","0","0","0","1","0","0"
"POINT (7.082358342000021 50.881521957000075)","Unfall 99909 (2020) Kat:3, Licht: 0","99909","3","6","3","11","15","3","0","0","1","1","0","0"
"POINT (6.927936562000070 50.959683900000073)","Unfall 99960 (2020) Kat:3, Licht: 0","99960","3","2","5","11","14","4","1","0","0","1","0","0"
"POINT (6.830031371000075 50.928805376000071)","Unfall 99993 (2020) Kat:3, Licht: 0","99993","3","7","2","11","10","5","0","0","0","1","0","0"
"POINT (6.873649456000067 50.968746955000029)","Unfall 100005 (2020) Kat:3, Licht: 2","100005","3","7","0","11","19","3","0","2","0","0","0","0"
"POINT (6.874911159000021 51.061849234000078)","Unfall 100049 (2020) Kat:2, Licht: 0","100049","2","1","0","11","14","1","1","0","1","0","0","0"
"POINT (6.914198645000056 50.948023181000053)","Unfall 100051 (2020) Kat:1, Licht: 2","100051","1","4","6","11","23","1","1","2","0","0","1","0"
"POINT (6.983360812000058 50.937324429000057)","Unfall 100057 (2020) Kat:2, Licht: 0","100057","2","3","5","11","12","4","0","0","1","1","0","0"
"POINT (6.900237037000068 50.912450670000055)","Unfall 100083 (2020) Kat:2, Licht: 0","100083","2","4","6","11","16","4","0","0","0","0","1","1"
"POINT (7.067067105000035 50.907933677000074)","Unfall 100084 (2020) Kat:3, Licht: 0","100084","3","6","2","11","14","3","0","0","0","1","0","0"
"POINT (6.867609172000073 50.937792832000071)","Unfall 100085 (2020) Kat:3, Licht: 0","100085","3","7","6","11","08","5","0","0","0","1","1","0"
"POINT (6.845464400000026 51.012437272000057)","Unfall 100150 (2020) Kat:3, Licht: 0","100150","3","6","4","11","17","4","0","0","0","1","0","0"
"POINT (6.880373457000076 50.993714610000040)","Unfall 100152 (2020) Kat:2, Licht: 0","100152","2","1","2","11","16","5","0","0","0","1","0","0"
"POINT (6.910384140000076 50.899334306000071)","Unfall 100155 (2020) Kat:2, Licht: 0","100155","2","6","2","11","15","3","0","0","0","1","0","0"
"POINT (6.980946232000065 50.942262500000027)","Unfall 100191 (2020) Kat:3, Licht: 0","100191","3","7","0","11","16","4","0","0","0","0","0","0"
"POINT (6.969609046000073 50.874333716000081)","Unfall 100193 (2020) Kat:3, Licht: 1","100193","3","6","2","11","16","3","0","1","0","1","0","0"
"POINT (6.963654575000021 50.936343049000072)","Unfall 100200 (2020) Kat:3, Licht: 0","100200","3","7","0","11","14","1","0","0","1","0","0","0"
"POINT (7.039805893000050 50.945197836000034)","Unfall 100205 (2020) Kat:3, Licht: 0","100205","3","6","2","11","15","6","0","0","0","1","0","0"
"POINT (6.829199623000022 50.957449997000026)","Unfall 100207 (2020) Kat:3, Licht: 0","100207","3","3","5","11","14","1","0","0","0","1","0","1"
"POINT (6.895226370000046 50.993844375000037)","Unfall 100217 (2020) Kat:3, Licht: 0","100217","3","6","2","11","12","5","1","0","0","1","0","0"
"POINT (7.100388991000045 50.858891806000031)","Unfall 100223 (2020) Kat:2, Licht: 0","100223","2","3","5","11","11","2","1","0","0","1","0","1"
"POINT (6.902891287000045 50.998852931000044)","Unfall 100226 (2020) Kat:3, Licht: 0","100226","3","2","2","11","10","2","1","0","0","1","0","0"
"POINT (6.891440208000063 50.924730629000067)","Unfall 100227 (2020) Kat:3, Licht: 0","100227","3","1","0","11","07","3","1","0","1","0","0","0"
"POINT (6.937917283000047 50.931052235000038)","Unfall 100232 (2020) Kat:3, Licht: 0","100232","3","1","0","11","15","5","1","0","1","0","0","0"
"POINT (6.976327254000069 50.894827858000042)","Unfall 100239 (2020) Kat:3, Licht: 0","100239","3","6","2","11","07","2","1","0","0","1","0","0"
"POINT (6.973907342000075 50.864527891000080)","Unfall 100247 (2020) Kat:3, Licht: 0","100247","3","3","5","11","09","2","1","0","0","1","0","0"
"POINT (6.942457663000027 50.928449898000054)","Unfall 100265 (2020) Kat:3, Licht: 0","100265","3","1","0","11","08","2","0","0","1","0","0","0"
"POINT (7.005109252000068 50.938299053000037)","Unfall 100272 (2020) Kat:2, Licht: 2","100272","2","3","5","11","06","4","0","2","1","1","0","0"
"POINT (7.061392068000032 50.907271563000052)","Unfall 100292 (2020) Kat:3, Licht: 0","100292","3","6","2","11","13","4","0","0","0","1","0","0"
"POINT (6.904134035000027 50.937007615000027)","Unfall 100301 (2020) Kat:3, Licht: 0","100301","3","7","0","11","15","4","0","0","0","1","0","0"
"POINT (7.098241423000047 50.858823288000053)","Unfall 100316 (2020) Kat:3, Licht: 1","100316","3","1","0","11","06","5","0","1","0","0","0","0"
"POINT (6.994258069000068 50.937169342000061)","Unfall 100379 (2020) Kat:3, Licht: 0","100379","3","3","5","11","14","4","0","0","1","1","0","0"
"POINT (6.982640544000049 50.935367225000050)","Unfall 100418 (2020) Kat:3, Licht: 2","100418","3","6","8","11","00","7","1","2","0","1","0","0"
"POINT (7.038159704000066 50.968131459000062)","Unfall 100421 (2020) Kat:3, Licht: 0","100421","3","4","6","11","12","7","0","0","0","1","1","0"
"POINT (6.937232146000042 50.996817986000053)","Unfall 100423 (2020) Kat:3, Licht: 0","100423","3","6","1","11","09","7","0","0","1","0","0","0"
"POINT (6.953892720000056 50.963677537000081)","Unfall 100430 (2020) Kat:3, Licht: 1","100430","3","3","5","11","16","7","0","1","1","1","0","0"
"POINT (6.973869963000027 50.864526049000062)","Unfall 100435 (2020) Kat:2, Licht: 2","100435","2","3","5","11","20","7","0","2","0","1","0","1"
"POINT (6.906203981000033 50.902955411000050)","Unfall 100437 (2020) Kat:3, Licht: 0","100437","3","3","5","11","14","7","0","0","1","1","0","0"
"POINT (6.937329400000067 50.925112818000059)","Unfall 100442 (2020) Kat:3, Licht: 2","100442","3","4","6","11","19","7","0","2","0","1","1","0"
"POINT (6.953337159000057 50.966616487000067)","Unfall 100451 (2020) Kat:3, Licht: 1","100451","3","2","5","11","17","3","0","1","0","1","0","1"
"POINT (6.923689266000054 50.911939470000050)","Unfall 100456 (2020) Kat:3, Licht: 2","100456","3","5","1","11","19","5","1","2","1","1","0","0"
"POINT (7.097481441000070 50.921391368000059)","Unfall 100496 (2020) Kat:3, Licht: 0","100496","3","3","5","11","08","4","0","0","1","1","0","0"
"POINT (6.854380790000050 50.919813886000043)","Unfall 100525 (2020) Kat:3, Licht: 0","100525","3","6","2","11","13","4","0","0","0","1","0","0"
"POINT (7.083928026000024 50.863217793000047)","Unfall 100542 (2020) Kat:3, Licht: 0","100542","3","3","5","11","07","5","1","0","0","1","0","1"
"POINT (7.022738415000049 50.903106142000070)","Unfall 100603 (2020) Kat:2, Licht: 0","100603","2","3","5","11","14","4","0","0","1","1","0","0"
"POINT (7.031420335000064 50.913378964000060)","Unfall 100624 (2020) Kat:3, Licht: 0","100624","3","6","2","11","17","4","0","0","0","1","0","0"
"POINT (7.041457017000028 50.941284606000067)","Unfall 100643 (2020) Kat:3, Licht: 0","100643","3","3","5","11","15","3","0","0","1","1","0","0"
"POINT (6.999589794000031 50.937653261000037)","Unfall 100678 (2020) Kat:3, Licht: 0","100678","3","5","0","11","10","5","0","0","1","1","0","0"
"POINT (6.997662267000067 50.937479878000033)","Unfall 100687 (2020) Kat:3, Licht: 0","100687","3","5","0","11","12","6","0","0","1","1","0","0"
"POINT (6.984045686000059 50.930106422000051)","Unfall 100692 (2020) Kat:3, Licht: 0","100692","3","6","1","11","12","6","0","0","0","1","0","0"
"POINT (6.894457155000055 50.937406134000071)","Unfall 100694 (2020) Kat:2, Licht: 0","100694","2","4","0","11","15","6","0","0","0","0","1","0"
"POINT (6.932813336000038 50.948798069000077)","Unfall 100697 (2020) Kat:3, Licht: 0","100697","3","1","2","11","13","6","0","0","0","1","0","0"
"POINT (6.973907342000075 50.864527891000080)","Unfall 100699 (2020) Kat:3, Licht: 2","100699","3","3","5","11","17","6","0","2","0","1","0","0"
"POINT (6.973596773000054 50.866358732000037)","Unfall 100701 (2020) Kat:3, Licht: 0","100701","3","6","3","11","14","6","0","0","0","1","0","0"
"POINT (6.917634783000040 50.916619043000026)","Unfall 100707 (2020) Kat:3, Licht: 0","100707","3","6","2","11","14","6","0","0","0","1","0","0"
"POINT (6.875170224000044 51.002801722000072)","Unfall 100758 (2020) Kat:3, Licht: 0","100758","3","2","5","11","16","2","0","0","0","1","0","0"
"POINT (6.924187630000063 50.957450815000072)","Unfall 100807 (2020) Kat:3, Licht: 0","100807","3","4","6","11","11","2","0","0","0","1","1","0"
"POINT (7.060846932000061 50.950854536000065)","Unfall 100848 (2020) Kat:3, Licht: 2","100848","3","6","3","11","06","3","0","2","0","1","0","0"
"POINT (7.041485570000020 50.941288555000028)","Unfall 100849 (2020) Kat:3, Licht: 0","100849","3","3","5","11","13","7","0","0","1","1","0","0"
"POINT (6.952569195000024 50.969529075000025)","Unfall 100850 (2020) Kat:3, Licht: 0","100850","3","2","3","11","11","7","0","0","1","1","0","0"
"POINT (6.932411732000048 50.948460667000063)","Unfall 100852 (2020) Kat:3, Licht: 2","100852","3","4","6","11","17","7","0","2","0","1","1","0"
"POINT (6.898152395000068 50.958621434000065)","Unfall 100854 (2020) Kat:2, Licht: 0","100854","2","2","5","11","12","7","0","0","1","1","0","0"
"POINT (6.835833451000042 50.938098547000038)","Unfall 100855 (2020) Kat:2, Licht: 0","100855","2","1","0","11","18","7","0","0","0","1","0","0"
"POINT (7.027718163000031 50.965991547000044)","Unfall 100862 (2020) Kat:2, Licht: 2","100862","2","6","1","11","18","2","1","2","0","1","0","0"
"POINT (6.935272875000067 50.950868092000064)","Unfall 100912 (2020) Kat:3, Licht: 0","100912","3","3","5","11","10","2","0","0","0","1","0","1"
"POINT (6.886373195000033 50.995457960000067)","Unfall 100928 (2020) Kat:3, Licht: 0","100928","3","6","2","11","16","6","0","0","0","1","0","0"
"POINT (7.026647838000031 50.943541861000028)","Unfall 100930 (2020) Kat:3, Licht: 0","100930","3","3","5","11","13","6","0","0","1","1","0","0"
"POINT (7.013723843000037 50.954312833000074)","Unfall 100931 (2020) Kat:3, Licht: 0","100931","3","2","4","11","11","6","0","0","1","1","0","0"
"POINT (7.047993943000051 50.995988221000061)","Unfall 100933 (2020) Kat:3, Licht: 0","100933","3","6","2","11","15","6","0","0","0","1","0","0"
"POINT (6.992951511000058 50.936850775000039)","Unfall 100935 (2020) Kat:3, Licht: 1","100935","3","6","2","11","08","6","0","1","1","1","0","1"
"POINT (6.955965731000049 50.956677566000053)","Unfall 100936 (2020) Kat:3, Licht: 2","100936","3","2","3","11","17","6","0","2","1","1","0","0"
"POINT (7.051615804000051 50.932300675000079)","Unfall 101000 (2020) Kat:3, Licht: 0","101000","3","6","2","11","16","6","0","0","0","1","0","0"
"POINT (6.927821843000061 50.928908605000061)","Unfall 101041 (2020) Kat:3, Licht: 1","101041","3","6","3","11","08","5","0","1","1","1","0","0"
"POINT (6.943873952000047 50.935933859000045)","Unfall 101042 (2020) Kat:3, Licht: 0","101042","3","5","1","11","14","5","0","0","1","1","1","0"
"POINT (6.916834931000039 50.950117857000066)","Unfall 101118 (2020) Kat:2, Licht: 1","101118","2","6","3","11","07","6","0","1","1","0","0","0"
"POINT (7.022738415000049 50.903106142000070)","Unfall 101127 (2020) Kat:3, Licht: 0","101127","3","2","0","11","12","4","0","0","0","1","1","0"
"POINT (7.049451873000066 50.942847593000067)","Unfall 101128 (2020) Kat:3, Licht: 2","101128","3","1","9","11","19","4","0","2","0","1","0","0"
"POINT (6.950884114000075 50.948623765000036)","Unfall 101129 (2020) Kat:3, Licht: 0","101129","3","2","0","11","14","4","0","0","0","1","1","0"
"POINT (6.931282716000055 50.923365417000070)","Unfall 101131 (2020) Kat:3, Licht: 0","101131","3","3","5","11","14","4","0","0","1","0","0","0"
"POINT (6.945128616000034 50.927051214000073)","Unfall 101232 (2020) Kat:3, Licht: 0","101232","3","1","0","11","16","3","0","0","0","0","0","0"
"POINT (7.044829938000021 50.866058074000080)","Unfall 101237 (2020) Kat:3, Licht: 0","101237","3","2","5","11","10","6","0","0","1","1","0","0"
"POINT (6.871422814000027 51.011984100000063)","Unfall 101289 (2020) Kat:2, Licht: 0","101289","2","1","8","12","10","3","1","0","0","1","0","0"
"POINT (7.014327243000025 51.006042398000034)","Unfall 101290 (2020) Kat:3, Licht: 0","101290","3","6","2","12","15","3","1","0","0","1","0","0"
"POINT (7.109670903000051 50.850190875000067)","Unfall 101291 (2020) Kat:3, Licht: 0","101291","3","2","2","12","13","3","1","0","1","1","0","0"
"POINT (7.016175339000029 50.976020811000069)","Unfall 101293 (2020) Kat:3, Licht: 2","101293","3","1","8","12","19","3","1","2","0","1","0","0"
"POINT (7.037303471000030 50.967966952000040)","Unfall 101294 (2020) Kat:3, Licht: 2","101294","3","4","6","12","16","3","1","2","0","1","1","0"
"POINT (7.059937279000053 50.974892140000065)","Unfall 101295 (2020) Kat:3, Licht: 0","101295","3","3","5","12","08","3","1","0","1","1","0","0"
"POINT (6.944106693000038 50.889085756000043)","Unfall 101296 (2020) Kat:3, Licht: 2","101296","3","2","2","12","22","3","1","2","0","1","0","0"
"POINT (6.915441443000020 50.904184201000078)","Unfall 101298 (2020) Kat:3, Licht: 0","101298","3","3","5","12","08","3","1","0","1","0","0","0"
"POINT (6.973431986000037 50.905058631000031)","Unfall 101299 (2020) Kat:3, Licht: 0","101299","3","3","0","12","08","3","1","0","1","1","0","0"
"POINT (6.976198709000073 50.906310030000043)","Unfall 101300 (2020) Kat:3, Licht: 0","101300","3","1","2","12","11","3","1","0","0","1","0","1"
"POINT (6.947085559000072 50.926295676000052)","Unfall 101301 (2020) Kat:3, Licht: 2","101301","3","1","0","12","06","3","1","2","0","0","0","1"
"POINT (6.942158446000065 50.944882772000028)","Unfall 101302 (2020) Kat:3, Licht: 1","101302","3","1","0","12","07","3","1","1","1","0","0","0"
"POINT (6.866348149000032 51.015462857000045)","Unfall 101407 (2020) Kat:3, Licht: 2","101407","3","6","2","11","16","2","0","2","0","1","0","0"
"POINT (7.033730017000039 50.952021947000048)","Unfall 101408 (2020) Kat:2, Licht: 2","101408","2","1","9","11","21","2","1","2","0","1","0","0"
"POINT (6.999310139000045 50.989422518000026)","Unfall 101410 (2020) Kat:2, Licht: 1","101410","2","3","5","11","16","2","0","1","0","1","0","0"
"POINT (6.989387905000058 50.946140852000042)","Unfall 101411 (2020) Kat:3, Licht: 0","101411","3","1","9","11","13","2","0","0","0","1","0","0"
"POINT (6.918930470000021 50.907732050000050)","Unfall 101412 (2020) Kat:3, Licht: 0","101412","3","3","5","11","13","2","0","0","1","1","0","0"
"POINT (7.022509631000048 50.979364251000050)","Unfall 101473 (2020) Kat:3, Licht: 2","101473","3","7","3","12","19","4","1","2","0","1","0","0"
"POINT (6.905470232000027 50.937166084000069)","Unfall 101547 (2020) Kat:2, Licht: 0","101547","2","1","0","11","14","7","0","0","1","0","0","0"
"POINT (7.049554268000065 50.942761535000045)","Unfall 101626 (2020) Kat:3, Licht: 0","101626","3","4","5","12","12","4","0","0","0","1","1","0"
"POINT (6.849623299000029 50.936255879000043)","Unfall 101630 (2020) Kat:3, Licht: 2","101630","3","7","8","12","23","7","0","2","0","1","0","0"
"POINT (7.005598650000025 50.974116987000059)","Unfall 101632 (2020) Kat:3, Licht: 0","101632","3","6","1","12","12","7","0","0","0","0","0","0"
"POINT (6.916996716000028 50.950013252000076)","Unfall 101633 (2020) Kat:3, Licht: 0","101633","3","1","0","12","14","7","0","0","1","0","0","0"
"POINT (6.959420100000045 50.921050439000055)","Unfall 101634 (2020) Kat:3, Licht: 2","101634","3","3","5","12","21","7","0","2","0","1","0","1"
"POINT (6.906637475000025 50.955540750000068)","Unfall 101635 (2020) Kat:3, Licht: 0","101635","3","2","3","12","12","4","1","0","1","1","0","0"
"POINT (6.922547852000037 50.913286781000068)","Unfall 101641 (2020) Kat:3, Licht: 0","101641","3","2","5","12","14","4","1","0","1","1","0","0"
"POINT (6.896846421000021 50.925644160000047)","Unfall 101643 (2020) Kat:3, Licht: 0","101643","3","4","6","12","14","4","0","0","1","0","1","0"
"POINT (6.940357544000051 50.942992792000041)","Unfall 101647 (2020) Kat:3, Licht: 2","101647","3","2","5","12","16","4","0","2","1","1","0","0"
"POINT (6.851262416000054 51.054513039000028)","Unfall 101712 (2020) Kat:2, Licht: 0","101712","2","3","0","12","13","6","0","0","1","1","0","0"
"POINT (6.917960114000039 50.951234637000027)","Unfall 101713 (2020) Kat:3, Licht: 2","101713","3","1","8","12","20","6","0","2","0","0","0","1"
"POINT (6.839956863000055 50.967872360000058)","Unfall 101714 (2020) Kat:3, Licht: 1","101714","3","3","5","12","07","6","0","1","1","1","0","0"
"POINT (6.949218854000037 50.947735657000067)","Unfall 101715 (2020) Kat:3, Licht: 2","101715","3","7","2","12","20","6","0","2","1","0","0","1"
"POINT (6.932871716000022 50.933875727000043)","Unfall 101716 (2020) Kat:3, Licht: 1","101716","3","4","6","12","07","6","0","1","0","1","1","0"
"POINT (6.960053940000023 50.921247039000036)","Unfall 101718 (2020) Kat:3, Licht: 1","101718","3","4","6","12","08","6","0","1","0","0","1","0"
"POINT (7.050330323000026 50.918648168000061)","Unfall 101819 (2020) Kat:3, Licht: 0","101819","3","6","1","12","12","5","1","0","0","1","0","0"
"POINT (7.099082033000059 50.858849287000055)","Unfall 101820 (2020) Kat:3, Licht: 0","101820","3","2","3","12","16","5","0","0","0","1","0","0"
"POINT (7.014369792000025 50.975117711000053)","Unfall 101821 (2020) Kat:2, Licht: 0","101821","2","4","6","12","11","5","1","0","0","1","1","0"
"POINT (7.026672529000052 50.983414791000030)","Unfall 101823 (2020) Kat:3, Licht: 2","101823","3","6","2","12","18","5","1","2","0","1","0","0"
"POINT (6.927880826000035 50.959724972000060)","Unfall 101824 (2020) Kat:2, Licht: 2","101824","2","2","5","12","17","5","0","2","1","1","0","0"
"POINT (6.913206792000040 50.936774168000056)","Unfall 101825 (2020) Kat:3, Licht: 1","101825","3","6","3","12","16","5","0","1","1","0","0","0"
"POINT (6.929698464000069 50.936668378000036)","Unfall 101827 (2020) Kat:3, Licht: 0","101827","3","6","4","12","11","5","0","0","1","0","0","0"
"POINT (6.923763637000036 50.912342078000052)","Unfall 101828 (2020) Kat:3, Licht: 0","101828","3","4","6","12","10","5","1","0","0","1","1","0"
"POINT (6.894737019000047 50.925172861000078)","Unfall 101829 (2020) Kat:3, Licht: 1","101829","3","6","2","12","07","5","0","1","0","1","0","0"
"POINT (6.927565456000025 50.895843699000068)","Unfall 101830 (2020) Kat:3, Licht: 2","101830","3","2","4","12","21","5","0","2","0","1","0","0"
"POINT (6.951117958000054 50.948597398000061)","Unfall 101831 (2020) Kat:3, Licht: 2","101831","3","4","6","12","06","5","0","2","1","0","1","0"
"POINT (6.940196647000050 50.941616892000070)","Unfall 101832 (2020) Kat:3, Licht: 2","101832","3","6","2","12","18","5","1","2","0","1","0","0"
"POINT (6.862824030000070 50.988100102000033)","Unfall 101901 (2020) Kat:3, Licht: 0","101901","3","6","2","12","07","5","0","0","0","1","0","0"
"POINT (6.881982338000057 50.910965663000070)","Unfall 101957 (2020) Kat:3, Licht: 1","101957","3","6","2","12","07","4","1","1","0","1","0","0"
"POINT (7.049451873000066 50.942847593000067)","Unfall 101969 (2020) Kat:3, Licht: 0","101969","3","2","0","12","13","5","0","0","0","1","0","0"
"POINT (7.079634788000021 50.948032217000048)","Unfall 101977 (2020) Kat:3, Licht: 0","101977","3","3","5","12","08","3","0","0","0","1","0","1"
"POINT (6.922598593000032 50.947371903000032)","Unfall 102037 (2020) Kat:3, Licht: 2","102037","3","7","3","12","17","5","0","2","1","1","0","0"
"POINT (6.960462111000027 50.935442240000043)","Unfall 102044 (2020) Kat:3, Licht: 2","102044","3","5","0","12","19","2","0","2","1","1","0","0"
"POINT (6.901537821000034 50.926338107000049)","Unfall 102045 (2020) Kat:3, Licht: 1","102045","3","2","4","12","08","3","0","1","1","1","0","0"
"POINT (6.969446181000023 50.873432035000064)","Unfall 102046 (2020) Kat:3, Licht: 2","102046","3","6","3","12","23","5","0","2","0","1","0","0"
"POINT (6.879092399000058 50.996008791000065)","Unfall 102053 (2020) Kat:3, Licht: 0","102053","3","7","0","12","16","4","0","0","0","0","0","0"
"POINT (6.879521427000043 50.911873073000038)","Unfall 102108 (2020) Kat:3, Licht: 2","102108","3","6","2","12","06","4","1","2","0","1","0","0"
"POINT (7.053162671000052 50.930780829000071)","Unfall 102125 (2020) Kat:3, Licht: 0","102125","3","6","2","12","07","3","0","0","0","1","0","0"
"POINT (6.926879812000038 50.890357619000042)","Unfall 102129 (2020) Kat:3, Licht: 0","102129","3","1","8","12","09","2","1","0","0","1","0","0"
"POINT (6.885682672000030 51.030056675000026)","Unfall 102189 (2020) Kat:3, Licht: 0","102189","3","3","5","12","08","5","0","0","1","1","0","0"
"POINT (6.983582986000045 50.930189275000032)","Unfall 102197 (2020) Kat:3, Licht: 0","102197","3","6","3","12","13","2","1","0","0","1","0","1"
"POINT (6.921228027000041 51.016149980000080)","Unfall 102198 (2020) Kat:3, Licht: 2","102198","3","2","5","12","17","3","1","2","1","1","0","0"
"POINT (6.850548399000047 50.956318440000075)","Unfall 102249 (2020) Kat:3, Licht: 1","102249","3","7","0","12","15","1","1","1","0","1","0","0"
"POINT (6.914735238000048 50.971700667000050)","Unfall 102257 (2020) Kat:3, Licht: 2","102257","3","7","4","12","00","1","0","2","0","1","0","0"
"POINT (6.913462023000022 50.922535868000068)","Unfall 102258 (2020) Kat:3, Licht: 0","102258","3","3","5","12","13","5","0","0","1","0","0","0"
"POINT (6.939740847000053 50.939654286000064)","Unfall 102261 (2020) Kat:3, Licht: 2","102261","3","7","1","12","17","1","0","2","0","1","0","1"
"POINT (6.953190494000069 50.935254021000048)","Unfall 102266 (2020) Kat:3, Licht: 2","102266","3","7","7","12","19","3","1","2","1","0","0","0"
"POINT (6.958109389000072 50.876022218000060)","Unfall 102272 (2020) Kat:3, Licht: 2","102272","3","4","6","12","18","4","0","2","0","1","1","0"
"POINT (7.031422447000068 50.913250406000031)","Unfall 102273 (2020) Kat:2, Licht: 2","102273","2","7","1","12","17","1","1","2","0","1","1","0"
"POINT (6.849015940000072 50.933469315000082)","Unfall 102333 (2020) Kat:3, Licht: 0","102333","3","6","3","12","12","4","0","0","0","1","0","0"
"POINT (6.992773498000076 50.926717426000039)","Unfall 102376 (2020) Kat:3, Licht: 2","102376","3","6","3","12","21","3","0","2","0","1","0","0"
"POINT (6.937648065000076 50.925411801000052)","Unfall 102411 (2020) Kat:3, Licht: 2","102411","3","1","0","12","17","1","0","2","1","0","0","0"
"POINT (7.116980680000040 50.913816026000063)","Unfall 102442 (2020) Kat:3, Licht: 2","102442","3","1","8","12","05","2","0","2","0","0","0","1"
"POINT (6.897130714000070 50.925719297000057)","Unfall 102458 (2020) Kat:3, Licht: 2","102458","3","6","6","12","17","3","1","2","1","0","1","0"
"POINT (6.970494394000070 50.886156840000069)","Unfall 102462 (2020) Kat:3, Licht: 1","102462","3","6","5","12","17","3","0","1","0","1","0","0"
"POINT (7.024355157000059 50.981682178000028)","Unfall 102503 (2020) Kat:3, Licht: 2","102503","3","2","6","12","17","7","1","2","0","1","1","0"
"POINT (6.968389277000028 50.957334716000048)","Unfall 102508 (2020) Kat:3, Licht: 2","102508","3","1","8","12","06","7","1","2","0","1","0","0"
"POINT (7.012231576000033 50.993518580000057)","Unfall 102545 (2020) Kat:3, Licht: 1","102545","3","6","1","12","07","3","1","1","0","1","0","0"
"POINT (6.963183736000076 50.884306619000029)","Unfall 102549 (2020) Kat:3, Licht: 2","102549","3","6","2","12","17","6","1","2","0","1","0","0"
"POINT (6.835531985000046 51.045039650000035)","Unfall 102582 (2020) Kat:3, Licht: 0","102582","3","1","8","12","14","7","1","0","0","1","0","0"
"POINT (6.968137066000054 50.882825085000036)","Unfall 102584 (2020) Kat:3, Licht: 0","102584","3","1","8","12","15","7","1","0","0","1","0","0"
"POINT (7.079804609000064 50.888851483000053)","Unfall 102613 (2020) Kat:3, Licht: 1","102613","3","6","2","12","16","2","0","1","0","1","0","0"
"POINT (7.076604786000075 50.901632821000078)","Unfall 102627 (2020) Kat:3, Licht: 0","102627","3","2","5","12","14","3","1","0","1","1","0","0"
"POINT (6.884449773000029 50.994954170000028)","Unfall 102652 (2020) Kat:3, Licht: 0","102652","3","6","2","12","13","6","0","0","0","0","0","0"
"POINT (7.022020132000023 50.940314809000029)","Unfall 102658 (2020) Kat:2, Licht: 0","102658","2","4","6","12","14","6","0","0","0","1","1","0"
"POINT (7.024175003000039 50.981541837000066)","Unfall 102660 (2020) Kat:3, Licht: 0","102660","3","1","0","12","08","6","0","0","0","0","0","1"
"POINT (6.889137382000058 51.000335145000065)","Unfall 102661 (2020) Kat:3, Licht: 2","102661","3","3","5","12","17","6","1","2","1","1","0","0"
"POINT (6.849503658000060 50.978549119000036)","Unfall 102663 (2020) Kat:3, Licht: 2","102663","3","2","5","12","20","6","0","2","0","1","0","0"
"POINT (6.891399960000058 50.924728557000037)","Unfall 102665 (2020) Kat:3, Licht: 2","102665","3","1","0","12","17","6","1","2","1","0","0","0"
"POINT (6.940846569000030 50.931168747000072)","Unfall 102669 (2020) Kat:2, Licht: 2","102669","2","1","0","12","23","6","0","2","1","0","0","0"
"POINT (6.996628397000052 50.963972502000047)","Unfall 102691 (2020) Kat:3, Licht: 2","102691","3","7","5","12","18","2","0","2","1","0","1","0"
"POINT (6.851483527000028 50.919234523000057)","Unfall 102702 (2020) Kat:3, Licht: 2","102702","3","1","2","12","16","2","0","2","0","1","0","0"
"POINT (6.882406592000052 50.937778100000060)","Unfall 102723 (2020) Kat:3, Licht: 2","102723","3","1","0","12","18","3","1","2","0","0","0","0"
"POINT (6.865817794000066 50.922117935000074)","Unfall 102725 (2020) Kat:2, Licht: 0","102725","2","2","3","12","14","5","0","0","0","1","0","0"
"POINT (6.917712423000069 50.949550489000046)","Unfall 102731 (2020) Kat:3, Licht: 2","102731","3","2","6","12","18","7","0","2","0","1","1","0"
"POINT (6.885481604000063 51.029916005000075)","Unfall 102776 (2020) Kat:3, Licht: 2","102776","3","3","5","12","17","1","0","2","1","1","0","0"
"POINT (6.847569410000062 50.918165564000049)","Unfall 102780 (2020) Kat:3, Licht: 0","102780","3","6","2","12","14","7","0","0","0","1","0","0"
"POINT (6.916692004000026 50.950214730000027)","Unfall 102786 (2020) Kat:3, Licht: 2","102786","3","3","5","12","22","2","1","2","0","1","0","0"
"POINT (6.842471367000030 51.032075865000081)","Unfall 102792 (2020) Kat:3, Licht: 0","102792","3","6","2","12","09","5","1","0","0","1","0","0"
"POINT (7.107856890000051 50.917191831000082)","Unfall 102798 (2020) Kat:3, Licht: 0","102798","3","3","5","12","15","7","0","0","1","1","0","0"
"POINT (6.982353746000058 50.888831526000047)","Unfall 102811 (2020) Kat:2, Licht: 2","102811","2","2","4","12","17","5","0","2","0","1","0","0"