WKT,Name,OBJECTID,UKATEGORIE,UTYP1,UART,UMONAT,USTUNDE,UWOCHENTAG,STRZUSTAND,ULICHTVERH,ISTRAD,ISTPKW,ISTFUSS,ISTKRAD
"POINT (7.012218063000034 50.990814580000063)","Unfall 102842 (2020) Kat:3, Licht: 1","102842","3","6","1","12","16","4","0","1","0","1","0","0"
"POINT (7.080454177000036 50.925688782000066)","Unfall 102852 (2020) Kat:3, Licht: 2","102852","3","5","0","12","17","4","1","2","1","1","0","0"
"POINT (7.055568380000068 50.912515011000039)","Unfall 102860 (2020) Kat:3, Licht: 0","102860","3","2","5","12","14","4","1","0","0","1","0","1"
"POINT (7.077918058000023 50.893671453000081)","Unfall 102874 (2020) Kat:2, Licht: 0","102874","2","4","6","12","11","4","0","0","0","1","1","0"
"POINT (7.017584810000074 50.921718952000049)","Unfall 102879 (2020) Kat:3, Licht: 2","102879","3","6","2","12","17","5","0","2","0","1","0","0"
"POINT (6.998444459000041 50.937559423000039)","Unfall 102887 (2020) Kat:3, Licht: 0","102887","3","4","6","12","16","4","0","0","1","0","1","0"
"POINT (6.977631950000045 50.934865646000048)","Unfall 102891 (2020) Kat:3, Licht: 2","102891","3","7","5","12","05","4","0","2","0","1","0","0"
"POINT (6.858049690000030 51.070671291000053)","Unfall 102894 (2020) Kat:2, Licht: 0","102894","2","2","3","12","14","4","0","0","1","1","0","0"
"POINT (6.997651279000024 50.860575002000076)","Unfall 102906 (2020) Kat:3, Licht: 0","102906","3","1","0","12","15","4","1","0","1","0","0","0"
"POINT (6.954988872000058 50.958705969000050)","Unfall 102911 (2020) Kat:3, Licht: 2","102911","3","4","6","12","19","7","0","2","0","1","1","0"
"POINT (6.931760968000049 50.935488335000059)","Unfall 102963 (2020) Kat:3, Licht: 2","102963","3","4","6","12","16","6","0","2","1","0","1","0"
"POINT (6.873313659000075 51.004003989000068)","Unfall 102966 (2020) Kat:2, Licht: 2","102966","2","1","6","12","17","2","1","2","0","1","1","0"
"POINT (6.849908984000024 50.918936508000058)","Unfall 102989 (2020) Kat:3, Licht: 1","102989","3","1","0","12","07","5","1","1","0","0","0","1"
"POINT (6.922506108000050 50.913008262000062)","Unfall 102995 (2020) Kat:2, Licht: 0","102995","2","7","0","12","13","7","0","0","1","1","0","0"
"POINT (6.942866333000040 50.928541425000049)","Unfall 103015 (2020) Kat:3, Licht: 2","103015","3","2","5","12","23","3","1","2","1","0","0","0"
"POINT (6.952526090000049 50.924131870000053)","Unfall 103040 (2020) Kat:3, Licht: 2","103040","3","7","0","12","21","1","0","2","1","0","0","0"
"POINT (6.927737642000068 50.945241940000074)","Unfall 103050 (2020) Kat:3, Licht: 0","103050","3","2","2","12","15","2","1","0","1","1","0","0"
"POINT (6.981677359000059 50.937294366000060)","Unfall 103061 (2020) Kat:3, Licht: 0","103061","3","3","5","12","12","7","0","0","0","1","0","1"
"POINT (6.948280294000028 50.893957382000053)","Unfall 103074 (2020) Kat:3, Licht: 0","103074","3","2","5","12","11","5","1","0","0","1","0","0"
"POINT (6.979058525000028 50.849192920000064)","Unfall 103110 (2020) Kat:3, Licht: 0","103110","3","2","3","12","12","6","1","0","0","1","0","1"
"POINT (7.046743238000033 50.942225314000041)","Unfall 103113 (2020) Kat:3, Licht: 2","103113","3","3","5","12","22","2","1","2","1","1","0","0"
"POINT (6.932924664000041 50.920722951000073)","Unfall 103158 (2020) Kat:3, Licht: 2","103158","3","1","2","12","18","1","0","2","0","1","0","0"
"POINT (6.882071434000068 50.910925536000036)","Unfall 103159 (2020) Kat:2, Licht: 2","103159","2","1","0","12","23","4","1","2","0","1","0","0"
"POINT (6.896900414000072 50.992170631000079)","Unfall 103192 (2020) Kat:3, Licht: 2","103192","3","6","5","12","04","5","1","2","0","1","0","0"
"POINT (6.813194964000047 50.939993135000066)","Unfall 103219 (2020) Kat:3, Licht: 1","103219","3","1","8","12","16","3","1","1","1","0","0","0"
"POINT (7.004889929000058 50.938262844000064)","Unfall 103272 (2020) Kat:3, Licht: 2","103272","3","6","3","12","19","4","0","2","1","1","0","0"
"POINT (6.916821125000070 50.950127487000032)","Unfall 103278 (2020) Kat:3, Licht: 2","103278","3","3","5","12","20","5","1","2","0","1","0","0"
"POINT (7.020211772000039 50.933344700000077)","Unfall 103404 (2020) Kat:3, Licht: 0","103404","3","3","0","12","13","3","0","0","1","1","0","0"
"POINT (7.044544930000029 50.929781324000032)","Unfall 103405 (2020) Kat:3, Licht: 2","103405","3","4","0","12","23","5","0","2","0","1","1","0"
"POINT (6.878796442000066 50.999356794000050)","Unfall 103466 (2020) Kat:3, Licht: 0","103466","3","3","5","12","12","5","1","0","1","1","0","0"
"POINT (7.072672817000068 50.949322920000043)","Unfall 103494 (2020) Kat:2, Licht: 0","103494","2","7","2","12","13","2","0","0","0","1","0","0"
"POINT (6.923676395000030 50.912257561000047)","Unfall 103519 (2020) Kat:3, Licht: 2","103519","3","4","6","12","19","3","0","2","0","1","1","0"
"POINT (6.913411937000035 50.947121336000066)","Unfall 103548 (2020) Kat:3, Licht: 2","103548","3","1","9","12","00","4","1","2","0","1","0","0"
"POINT (7.028204737000067 50.984831978000045)","Unfall 103549 (2020) Kat:3, Licht: 0","103549","3","3","5","12","12","4","1","0","0","1","0","1"
"POINT (6.948184225000034 50.850530052000067)","Unfall 103554 (2020) Kat:3, Licht: 0","103554","3","1","9","12","14","5","1","0","0","1","0","0"
"POINT (6.996620119000056 50.889244570000074)","Unfall 200857 (2020) Kat:3, Licht: 0","200857","3","7","5","01","10","7","1","0","0","1","0","1"
"POINT (6.905460494000067 50.920275215000061)","Unfall 200870 (2020) Kat:3, Licht: 0","200870","3","3","5","01","10","6","1","0","0","1","0","0"
"POINT (6.994497141000068 50.942821689000027)","Unfall 200872 (2020) Kat:3, Licht: 0","200872","3","2","1","01","15","2","0","0","0","1","0","0"
"POINT (6.962264126000036 50.911323848000052)","Unfall 200873 (2020) Kat:3, Licht: 0","200873","3","6","5","01","13","5","0","0","0","1","0","0"
"POINT (6.949584211000058 50.900481258000070)","Unfall 200885 (2020) Kat:2, Licht: 0","200885","2","7","0","01","15","2","0","0","0","0","0","0"
"POINT (7.006327171000066 50.948243846000082)","Unfall 200907 (2020) Kat:3, Licht: 0","200907","3","3","5","01","15","6","1","0","1","1","0","0"
"POINT (6.959478005000051 50.944033573000070)","Unfall 200918 (2020) Kat:3, Licht: 0","200918","3","7","0","01","15","6","1","0","0","0","1","0"
"POINT (6.968818612000064 50.965967400000068)","Unfall 200920 (2020) Kat:3, Licht: 0","200920","3","2","5","01","14","2","0","0","1","1","0","0"
"POINT (6.913162293000028 50.924223268000048)","Unfall 200955 (2020) Kat:3, Licht: 2","200955","3","7","0","01","17","4","0","2","0","0","0","0"
"POINT (6.933164771000065 50.927153567000062)","Unfall 200958 (2020) Kat:3, Licht: 0","200958","3","1","0","01","12","6","1","0","0","0","0","0"
"POINT (6.936238183000057 50.919266151000045)","Unfall 200972 (2020) Kat:3, Licht: 2","200972","3","7","2","01","06","2","0","2","0","1","0","1"
"POINT (7.115647370000033 50.877084746000037)","Unfall 200976 (2020) Kat:3, Licht: 2","200976","3","2","6","01","20","2","0","2","0","1","1","0"
"POINT (6.925347808000026 50.918411617000061)","Unfall 201010 (2020) Kat:3, Licht: 0","201010","3","5","5","01","10","7","0","0","1","1","0","0"
"POINT (7.059532218000072 50.883568966000041)","Unfall 201012 (2020) Kat:3, Licht: 0","201012","3","7","6","01","11","6","1","0","0","1","1","0"
"POINT (6.934782420000033 50.940167407000047)","Unfall 201023 (2020) Kat:3, Licht: 2","201023","3","3","5","01","20","6","1","2","1","1","0","0"
"POINT (6.952802684000062 50.961024340000051)","Unfall 201025 (2020) Kat:3, Licht: 0","201025","3","3","5","01","16","2","0","0","0","1","0","1"
"POINT (6.941580490000035 50.910522029000049)","Unfall 201026 (2020) Kat:3, Licht: 1","201026","3","1","0","01","07","5","2","1","1","0","0","0"
"POINT (6.891268032000028 51.012863635000031)","Unfall 201060 (2020) Kat:3, Licht: 2","201060","3","3","5","01","18","6","1","2","0","1","0","0"
"POINT (6.890942712000026 50.977589967000029)","Unfall 201073 (2020) Kat:3, Licht: 0","201073","3","6","2","01","14","2","0","0","0","1","0","0"
"POINT (7.080835534000073 50.920360881000079)","Unfall 201112 (2020) Kat:3, Licht: 0","201112","3","2","5","01","08","3","1","0","0","1","0","0"
"POINT (6.904416303000062 51.024722695000037)","Unfall 201114 (2020) Kat:3, Licht: 2","201114","3","6","4","01","19","6","1","2","1","0","0","0"
"POINT (7.052229287000046 50.919488432000037)","Unfall 201118 (2020) Kat:3, Licht: 1","201118","3","1","4","01","16","3","1","1","0","1","0","0"
"POINT (7.063800850000064 50.938372027000071)","Unfall 201121 (2020) Kat:3, Licht: 0","201121","3","7","0","01","16","3","0","0","1","0","0","0"
"POINT (6.942569602000049 50.979077652000058)","Unfall 201122 (2020) Kat:3, Licht: 2","201122","3","3","5","01","18","3","0","2","1","0","0","0"
"POINT (6.895986251000068 51.005318112000054)","Unfall 201124 (2020) Kat:2, Licht: 0","201124","2","7","0","01","12","3","0","0","1","0","0","0"
"POINT (6.930983010000034 50.926126697000029)","Unfall 201126 (2020) Kat:3, Licht: 0","201126","3","6","3","01","09","6","1","0","1","0","0","0"
"POINT (6.936932200000058 51.025807584000063)","Unfall 201130 (2020) Kat:3, Licht: 2","201130","3","2","5","01","17","3","0","2","0","1","0","0"
"POINT (6.947113321000074 50.967762037000057)","Unfall 201133 (2020) Kat:3, Licht: 2","201133","3","4","6","01","08","5","1","2","0","0","1","0"
"POINT (6.839552450000042 50.936796807000064)","Unfall 201134 (2020) Kat:3, Licht: 0","201134","3","5","3","01","12","3","0","0","1","1","0","0"
"POINT (6.959786013000041 50.974220961000071)","Unfall 201135 (2020) Kat:3, Licht: 1","201135","3","2","6","01","08","5","1","1","0","0","1","0"
"POINT (6.963165753000055 50.908810906000042)","Unfall 201136 (2020) Kat:3, Licht: 2","201136","3","2","5","01","08","5","1","2","0","1","0","0"
"POINT (6.918252609000035 50.918887940000047)","Unfall 201137 (2020) Kat:3, Licht: 2","201137","3","3","4","01","19","5","0","2","1","1","0","0"
"POINT (6.951807235000047 50.942461587000082)","Unfall 201139 (2020) Kat:3, Licht: 1","201139","3","5","1","01","08","5","1","1","1","1","0","0"
"POINT (6.895582929000057 50.977618193000069)","Unfall 201142 (2020) Kat:3, Licht: 2","201142","3","2","2","01","17","3","0","2","0","1","0","0"
"POINT (6.939592349000066 50.911316202000080)","Unfall 201146 (2020) Kat:3, Licht: 1","201146","3","2","5","01","08","3","0","1","1","1","0","0"
"POINT (6.911380586000064 50.938785958000039)","Unfall 201162 (2020) Kat:3, Licht: 0","201162","3","7","0","01","07","6","1","0","0","1","0","1"
"POINT (6.984121095000035 50.991753749000054)","Unfall 201216 (2020) Kat:3, Licht: 2","201216","3","4","6","01","21","6","1","2","0","1","1","0"
"POINT (6.945455767000055 50.905630644000041)","Unfall 201230 (2020) Kat:3, Licht: 0","201230","3","2","5","01","14","6","1","0","0","1","0","0"
"POINT (6.889084462000028 50.946960226000044)","Unfall 201248 (2020) Kat:3, Licht: 0","201248","3","6","2","01","11","4","1","0","0","1","0","0"
"POINT (6.912553405000040 50.919929826000043)","Unfall 201250 (2020) Kat:3, Licht: 1","201250","3","1","0","01","08","4","1","1","1","0","0","0"
"POINT (6.899920549000058 50.924169327000072)","Unfall 201252 (2020) Kat:3, Licht: 2","201252","3","3","5","01","18","4","1","2","1","1","0","0"
"POINT (6.958599119000041 50.924528299000031)","Unfall 201254 (2020) Kat:3, Licht: 2","201254","3","6","4","01","22","4","1","2","1","0","0","0"
"POINT (6.955094878000068 50.938992109000026)","Unfall 201256 (2020) Kat:3, Licht: 0","201256","3","5","1","01","15","4","1","0","1","1","0","0"
"POINT (6.867823597000040 50.932194949000063)","Unfall 201266 (2020) Kat:3, Licht: 0","201266","3","3","5","01","11","6","1","0","1","1","0","0"
"POINT (6.949484940000048 50.918618627000058)","Unfall 201277 (2020) Kat:3, Licht: 2","201277","3","1","0","01","19","6","1","2","1","0","0","0"
"POINT (6.850879124000073 50.948084628000061)","Unfall 201328 (2020) Kat:3, Licht: 0","201328","3","2","5","01","13","6","1","0","0","1","0","0"
"POINT (6.931006825000054 50.970044466000047)","Unfall 201343 (2020) Kat:3, Licht: 0","201343","3","3","5","01","17","1","1","0","0","1","0","0"
"POINT (6.965116027000022 50.901943564000078)","Unfall 201348 (2020) Kat:3, Licht: 0","201348","3","7","1","01","14","1","1","0","0","1","0","0"
"POINT (7.094083255000044 50.858668613000077)","Unfall 201349 (2020) Kat:3, Licht: 2","201349","3","3","4","01","17","2","0","2","0","1","0","0"
"POINT (6.937666437000075 50.927856588000054)","Unfall 201350 (2020) Kat:3, Licht: 0","201350","3","5","1","01","13","1","0","0","1","1","0","0"
"POINT (6.953378581000038 50.934086572000069)","Unfall 201389 (2020) Kat:3, Licht: 2","201389","3","6","2","01","19","4","1","2","0","1","0","0"
"POINT (6.909760705000053 51.044050667000079)","Unfall 201398 (2020) Kat:3, Licht: 0","201398","3","3","5","01","14","2","0","0","0","1","0","0"
"POINT (6.948684585000024 50.934130047000053)","Unfall 201408 (2020) Kat:3, Licht: 0","201408","3","5","1","01","12","3","0","0","1","1","0","0"
"POINT (6.944585491000055 50.966962603000070)","Unfall 201426 (2020) Kat:3, Licht: 1","201426","3","5","0","01","19","4","1","1","0","1","0","0"
"POINT (6.912555172000054 50.965750800000080)","Unfall 201444 (2020) Kat:3, Licht: 2","201444","3","6","2","01","18","3","0","2","0","1","0","0"
"POINT (7.019390066000028 50.930834880000077)","Unfall 201452 (2020) Kat:3, Licht: 2","201452","3","4","6","01","17","2","0","2","0","1","1","0"
"POINT (6.968280600000071 50.912105768000060)","Unfall 201453 (2020) Kat:3, Licht: 2","201453","3","6","5","01","22","7","0","2","0","1","0","0"
"POINT (6.956575858000065 50.950615121000055)","Unfall 201456 (2020) Kat:3, Licht: 0","201456","3","6","3","01","13","7","0","0","1","1","0","0"
"POINT (7.034560677000059 50.954282797000076)","Unfall 201459 (2020) Kat:3, Licht: 2","201459","3","6","2","01","17","3","0","2","0","1","0","0"
"POINT (6.968641882000043 50.911346287000072)","Unfall 201464 (2020) Kat:3, Licht: 0","201464","3","3","5","01","14","2","0","0","0","1","0","0"
"POINT (6.996483880000028 50.891828941000028)","Unfall 201479 (2020) Kat:3, Licht: 0","201479","3","4","6","01","11","4","0","0","0","1","1","0"
"POINT (6.891199818000075 51.012857817000054)","Unfall 201503 (2020) Kat:3, Licht: 0","201503","3","3","5","01","08","2","1","0","0","1","0","0"
"POINT (6.940763834000052 50.912553849000062)","Unfall 201513 (2020) Kat:3, Licht: 0","201513","3","3","5","01","13","3","0","0","1","1","0","0"
"POINT (6.935994074000064 50.919385610000063)","Unfall 201552 (2020) Kat:3, Licht: 0","201552","3","5","1","01","09","2","0","0","1","1","0","0"
"POINT (6.900008319000051 50.953746720000026)","Unfall 201582 (2020) Kat:3, Licht: 2","201582","3","5","0","01","18","4","1","2","1","1","0","0"
"POINT (6.972033383000053 50.858090578000031)","Unfall 201599 (2020) Kat:3, Licht: 0","201599","3","3","0","01","14","3","0","0","1","1","0","0"
"POINT (6.999063806000038 50.921580508000034)","Unfall 201607 (2020) Kat:3, Licht: 2","201607","3","6","6","01","05","1","1","2","0","1","1","0"
"POINT (6.913241025000048 50.964193544000068)","Unfall 201609 (2020) Kat:3, Licht: 0","201609","3","5","0","01","12","1","1","0","1","1","0","0"
"POINT (6.944375805000050 50.905685137000035)","Unfall 201611 (2020) Kat:3, Licht: 2","201611","3","3","5","01","02","1","1","2","0","1","0","0"
"POINT (6.959743892000063 50.920673805000035)","Unfall 201612 (2020) Kat:3, Licht: 2","201612","3","7","0","01","20","1","0","2","0","0","0","0"
"POINT (7.000508923000041 50.938073766000059)","Unfall 201629 (2020) Kat:3, Licht: 0","201629","3","5","0","01","09","5","0","0","1","1","0","0"
"POINT (6.960627675000069 50.981789616000071)","Unfall 201630 (2020) Kat:3, Licht: 0","201630","3","3","5","01","12","5","0","0","1","1","0","0"
"POINT (7.074956703000055 50.902544933000058)","Unfall 201632 (2020) Kat:3, Licht: 0","201632","3","6","4","01","11","2","1","0","0","1","0","0"
"POINT (6.893245870000044 51.014468299000043)","Unfall 201633 (2020) Kat:3, Licht: 0","201633","3","2","5","01","16","5","0","0","0","1","0","0"
"POINT (6.879612663000046 50.999907350000058)","Unfall 201638 (2020) Kat:3, Licht: 1","201638","3","2","3","01","08","5","0","1","1","1","0","0"
"POINT (6.913096051000025 51.014060642000061)","Unfall 201644 (2020) Kat:3, Licht: 0","201644","3","7","6","01","13","5","0","0","0","1","1","0"
"POINT (6.867536977000043 50.970903981000049)","Unfall 201650 (2020) Kat:3, Licht: 0","201650","3","2","5","01","07","5","0","0","1","0","0","0"
"POINT (6.941305685000032 50.909534769000061)","Unfall 201655 (2020) Kat:2, Licht: 2","201655","2","2","6","01","06","5","1","2","0","1","1","0"
"POINT (7.005816156000037 50.964650343000073)","Unfall 201665 (2020) Kat:3, Licht: 2","201665","3","6","2","01","06","7","1","2","0","1","0","0"
"POINT (6.901175162000072 50.930083730000035)","Unfall 201666 (2020) Kat:3, Licht: 2","201666","3","1","0","01","19","7","1","2","1","0","0","0"
"POINT (6.961071120000042 50.916362587000037)","Unfall 201667 (2020) Kat:3, Licht: 0","201667","3","2","5","01","15","7","0","0","1","1","0","0"
"POINT (6.887511143000040 50.949545204000060)","Unfall 201679 (2020) Kat:2, Licht: 0","201679","2","4","6","01","16","2","0","0","0","1","1","0"
"POINT (7.001255977000028 50.933764502000031)","Unfall 201735 (2020) Kat:3, Licht: 0","201735","3","3","5","01","16","6","1","0","0","1","0","0"
"POINT (6.950850448000040 50.962366589000055)","Unfall 201738 (2020) Kat:3, Licht: 0","201738","3","6","0","01","12","6","0","0","1","0","0","0"
"POINT (6.960842286000059 50.983537056000046)","Unfall 201739 (2020) Kat:3, Licht: 0","201739","3","2","5","01","16","6","1","0","0","1","0","1"
"POINT (6.896264699000028 51.025596429000075)","Unfall 201740 (2020) Kat:3, Licht: 1","201740","3","4","6","01","07","6","1","1","1","0","1","0"
"POINT (6.921691786000054 50.953235950000078)","Unfall 201741 (2020) Kat:3, Licht: 2","201741","3","7","3","01","19","6","1","2","0","1","0","1"
"POINT (6.889092188000063 50.946959301000049)","Unfall 201744 (2020) Kat:3, Licht: 2","201744","3","5","1","01","17","6","1","2","0","1","0","0"
"POINT (6.950293040000076 50.941457784000079)","Unfall 201747 (2020) Kat:3, Licht: 2","201747","3","5","0","01","23","6","0","2","1","1","0","0"
"POINT (6.914405885000065 50.959619702000055)","Unfall 201784 (2020) Kat:3, Licht: 2","201784","3","1","0","01","23","2","0","2","0","0","0","0"
"POINT (6.955370848000030 50.910834487000045)","Unfall 201834 (2020) Kat:3, Licht: 2","201834","3","3","5","01","18","2","1","2","1","1","0","0"
"POINT (6.946218787000021 50.957740589000082)","Unfall 201863 (2020) Kat:3, Licht: 0","201863","3","6","4","01","11","3","0","0","1","1","0","0"
"POINT (6.915999708000072 50.943709076000061)","Unfall 201865 (2020) Kat:3, Licht: 0","201865","3","7","4","01","09","3","0","0","0","1","0","1"
"POINT (6.940910132000056 50.918693188000077)","Unfall 201873 (2020) Kat:3, Licht: 0","201873","3","3","5","01","08","3","0","0","1","1","0","0"
"POINT (6.924527300000023 50.917556483000055)","Unfall 201875 (2020) Kat:3, Licht: 2","201875","3","5","0","01","18","3","0","2","1","1","0","0"
"POINT (6.954598116000057 50.919554985000048)","Unfall 201880 (2020) Kat:3, Licht: 0","201880","3","1","0","01","11","7","0","0","1","0","0","0"
"POINT (6.959463457000027 50.944039830000065)","Unfall 201881 (2020) Kat:3, Licht: 0","201881","3","4","6","01","09","3","0","0","0","1","1","0"
"POINT (6.896567922000031 51.019748224000068)","Unfall 201890 (2020) Kat:3, Licht: 0","201890","3","3","0","01","15","6","0","0","0","1","0","1"
"POINT (7.006143153000039 50.967318493000050)","Unfall 201901 (2020) Kat:3, Licht: 0","201901","3","6","1","01","08","4","1","0","0","1","0","0"
"POINT (6.994852529000070 50.893362129000081)","Unfall 201916 (2020) Kat:3, Licht: 0","201916","3","3","5","01","15","5","0","0","1","1","0","0"
"POINT (7.039335211000037 50.971685274000038)","Unfall 201927 (2020) Kat:3, Licht: 2","201927","3","6","1","01","20","6","0","2","0","1","0","0"
"POINT (7.075632327000051 50.972098723000045)","Unfall 201937 (2020) Kat:2, Licht: 0","201937","2","1","0","01","08","4","2","0","1","0","0","0"
"POINT (6.957471410000039 50.928438780000079)","Unfall 201938 (2020) Kat:3, Licht: 0","201938","3","5","1","01","09","6","0","0","0","1","0","0"
"POINT (7.001320979000070 50.950210972000036)","Unfall 201954 (2020) Kat:2, Licht: 0","201954","2","3","5","01","09","5","1","0","0","1","0","0"
"POINT (6.937857240000028 50.903413745000080)","Unfall 201987 (2020) Kat:3, Licht: 2","201987","3","7","0","01","18","7","1","2","1","0","0","0"
"POINT (6.927113376000023 50.929579347000072)","Unfall 201992 (2020) Kat:3, Licht: 2","201992","3","3","5","01","07","4","1","2","1","1","0","0"
"POINT (7.018711606000068 50.964176480000049)","Unfall 201996 (2020) Kat:3, Licht: 2","201996","3","2","5","01","19","6","0","2","1","1","0","0"
"POINT (6.861056092000069 50.930506519000062)","Unfall 202008 (2020) Kat:3, Licht: 1","202008","3","3","5","01","08","5","0","1","0","1","0","0"
"POINT (6.941399248000039 50.921466030000033)","Unfall 202047 (2020) Kat:3, Licht: 2","202047","3","5","1","01","17","6","0","2","1","0","0","0"
"POINT (6.926430606000054 50.893789684000069)","Unfall 202057 (2020) Kat:3, Licht: 1","202057","3","1","0","01","17","4","1","1","0","0","0","1"
"POINT (6.961075265000034 50.939773420000051)","Unfall 202072 (2020) Kat:3, Licht: 0","202072","3","2","5","01","08","5","0","0","1","1","0","0"
"POINT (6.924815857000056 50.951932710000051)","Unfall 202093 (2020) Kat:1, Licht: 0","202093","1","6","0","01","08","4","2","0","0","0","1","0"
"POINT (6.974398960000031 50.928910628000040)","Unfall 202097 (2020) Kat:3, Licht: 0","202097","3","3","0","01","07","6","0","0","0","1","0","0"
"POINT (6.974943203000066 50.963103940000053)","Unfall 202109 (2020) Kat:2, Licht: 0","202109","2","2","3","01","08","5","0","0","1","1","0","0"
"POINT (7.082802612000023 50.894700114000045)","Unfall 202116 (2020) Kat:3, Licht: 0","202116","3","4","6","01","10","4","0","0","0","1","1","0"
"POINT (6.996032975000048 50.930276171000060)","Unfall 202118 (2020) Kat:3, Licht: 2","202118","3","2","6","01","05","4","0","2","0","1","1","0"
"POINT (7.011253024000041 50.957033473000081)","Unfall 202120 (2020) Kat:2, Licht: 2","202120","2","7","1","01","03","4","0","2","0","1","0","1"
"POINT (6.926152131000038 50.994728030000033)","Unfall 202122 (2020) Kat:3, Licht: 0","202122","3","2","3","01","14","4","1","0","0","1","0","0"
"POINT (6.889017889000058 50.969034414000078)","Unfall 202124 (2020) Kat:3, Licht: 2","202124","3","5","1","01","21","4","0","2","0","1","0","0"
"POINT (6.927532293000070 50.923393524000062)","Unfall 202125 (2020) Kat:3, Licht: 0","202125","3","2","0","01","15","4","0","0","1","0","0","1"
"POINT (7.060849564000023 50.928902300000061)","Unfall 202212 (2020) Kat:3, Licht: 2","202212","3","4","0","01","07","3","1","2","0","0","1","0"
"POINT (6.932114480000053 50.955427128000053)","Unfall 202215 (2020) Kat:3, Licht: 2","202215","3","3","5","01","21","3","0","2","0","1","0","0"
"POINT (6.954063042000030 50.931803079000076)","Unfall 202217 (2020) Kat:3, Licht: 2","202217","3","3","5","01","05","3","1","2","0","1","0","0"
"POINT (6.956397564000042 50.945967246000066)","Unfall 202219 (2020) Kat:3, Licht: 0","202219","3","7","7","01","14","3","0","0","1","0","0","0"
"POINT (6.958281203000070 50.961153143000047)","Unfall 202251 (2020) Kat:3, Licht: 2","202251","3","3","0","01","21","1","1","2","0","1","0","0"
"POINT (6.924163070000077 50.952379296000061)","Unfall 202256 (2020) Kat:2, Licht: 0","202256","2","1","0","01","09","1","1","0","1","0","0","0"
"POINT (6.903905759000054 50.961687196000071)","Unfall 202269 (2020) Kat:3, Licht: 2","202269","3","2","0","01","23","1","1","2","0","0","0","1"
"POINT (6.958303166000064 50.928601390000040)","Unfall 202273 (2020) Kat:3, Licht: 2","202273","3","4","6","01","17","1","0","2","0","1","1","0"
"POINT (7.017566827000053 50.964333754000052)","Unfall 202334 (2020) Kat:3, Licht: 1","202334","3","6","2","01","07","2","0","1","0","1","0","0"
"POINT (6.953954909000061 50.958961225000053)","Unfall 202335 (2020) Kat:3, Licht: 2","202335","3","1","0","01","22","2","1","2","1","0","0","0"
"POINT (6.940201759000047 50.966604276000055)","Unfall 202338 (2020) Kat:3, Licht: 0","202338","3","7","0","01","15","2","1","0","0","0","1","0"
"POINT (6.869664756000020 50.932245075000026)","Unfall 202340 (2020) Kat:3, Licht: 0","202340","3","6","0","01","08","2","0","0","1","0","0","0"
"POINT (6.945488186000034 50.903425989000027)","Unfall 202341 (2020) Kat:3, Licht: 0","202341","3","5","3","01","11","2","1","0","0","1","0","1"
"POINT (6.952633360000050 50.942865331000064)","Unfall 202343 (2020) Kat:2, Licht: 0","202343","2","2","6","01","08","2","1","0","0","1","1","0"
"POINT (7.001371930000062 50.949550126000076)","Unfall 202372 (2020) Kat:3, Licht: 2","202372","3","2","5","01","19","6","0","2","1","1","0","0"
"POINT (6.942904897000062 50.946406111000044)","Unfall 202380 (2020) Kat:3, Licht: 2","202380","3","6","6","02","23","7","0","2","1","0","1","0"
"POINT (6.977460944000029 50.970857838000029)","Unfall 202397 (2020) Kat:3, Licht: 0","202397","3","6","2","01","10","6","0","0","0","1","0","0"
"POINT (6.927609984000071 50.895848786000045)","Unfall 202405 (2020) Kat:3, Licht: 2","202405","3","2","5","02","17","2","1","2","0","1","0","0"
"POINT (6.852954217000047 50.942286395000053)","Unfall 202410 (2020) Kat:3, Licht: 0","202410","3","2","2","01","15","6","0","0","0","1","0","0"
"POINT (6.953915318000043 50.932304849000047)","Unfall 202416 (2020) Kat:3, Licht: 2","202416","3","6","3","02","17","2","1","2","0","1","0","0"
"POINT (6.912488001000043 50.964821081000082)","Unfall 202420 (2020) Kat:3, Licht: 0","202420","3","7","3","01","10","6","0","0","0","1","0","0"
"POINT (6.934581256000058 50.936558589000072)","Unfall 202438 (2020) Kat:3, Licht: 2","202438","3","2","5","02","20","1","1","2","1","1","0","0"
"POINT (6.913468063000039 50.907408636000071)","Unfall 202452 (2020) Kat:3, Licht: 2","202452","3","6","2","02","17","2","1","2","0","1","0","0"
"POINT (6.984971260000066 50.894424032000074)","Unfall 202456 (2020) Kat:3, Licht: 0","202456","3","5","1","01","13","6","0","0","1","1","0","0"
"POINT (6.959907557000065 50.920061922000059)","Unfall 202460 (2020) Kat:3, Licht: 2","202460","3","5","1","01","20","6","0","2","1","1","0","0"
"POINT (6.942451519000031 50.932118634000062)","Unfall 202468 (2020) Kat:3, Licht: 0","202468","3","1","0","01","08","6","1","0","1","0","0","0"
"POINT (6.939788756000041 50.921823365000080)","Unfall 202482 (2020) Kat:3, Licht: 0","202482","3","2","2","02","15","7","1","0","0","1","0","0"
"POINT (6.946625927000071 50.929130891000057)","Unfall 202505 (2020) Kat:3, Licht: 0","202505","3","5","1","02","07","2","0","0","0","1","0","0"
"POINT (6.907554776000040 50.948311055000033)","Unfall 202509 (2020) Kat:3, Licht: 0","202509","3","5","1","02","07","2","0","0","1","1","0","0"