WKT,Name,OBJECTID,UKATEGORIE,UTYP1,UART,UMONAT,USTUNDE,UWOCHENTAG,STRZUSTAND,ULICHTVERH,ISTRAD,ISTPKW,ISTFUSS,ISTKRAD
"POINT (7.026005558000065 50.940477051000073)","Unfall 202528 (2020) Kat:3, Licht: 2","202528","3","6","3","01","19","5","1","2","0","1","0","1"
"POINT (6.994604363000065 50.941274983000028)","Unfall 202529 (2020) Kat:3, Licht: 2","202529","3","2","5","01","19","5","1","2","1","1","0","0"
"POINT (7.055552848000048 50.912533200000041)","Unfall 202531 (2020) Kat:3, Licht: 2","202531","3","3","5","01","21","5","1","2","0","1","0","0"
"POINT (7.004918417000056 50.951677144000030)","Unfall 202536 (2020) Kat:3, Licht: 2","202536","3","2","5","01","05","5","0","2","0","1","0","0"
"POINT (6.897941884000034 50.946351838000055)","Unfall 202542 (2020) Kat:3, Licht: 2","202542","3","1","0","01","18","5","1","2","1","0","0","0"
"POINT (6.924460401000033 50.890043108000043)","Unfall 202543 (2020) Kat:3, Licht: 2","202543","3","6","1","02","00","1","0","2","0","1","0","0"
"POINT (6.948579957000050 50.917016992000072)","Unfall 202544 (2020) Kat:3, Licht: 2","202544","3","3","5","01","19","5","1","2","1","1","0","0"
"POINT (6.932983649000050 50.939996570000062)","Unfall 202549 (2020) Kat:3, Licht: 0","202549","3","7","6","01","13","5","0","0","1","0","1","0"
"POINT (7.005081087000065 50.884473122000031)","Unfall 202557 (2020) Kat:3, Licht: 2","202557","3","7","0","02","18","2","1","2","0","1","0","0"
"POINT (7.081360786000062 50.881290741000043)","Unfall 202558 (2020) Kat:3, Licht: 0","202558","3","7","6","01","16","6","0","0","0","1","1","0"
"POINT (7.096473101000072 50.874587851000058)","Unfall 202584 (2020) Kat:3, Licht: 2","202584","3","7","6","02","19","7","0","2","0","0","1","0"
"POINT (6.953451612000038 50.944783349000033)","Unfall 202604 (2020) Kat:3, Licht: 2","202604","3","3","5","02","18","2","1","2","0","1","0","0"
"POINT (6.877297045000034 51.001431091000029)","Unfall 202606 (2020) Kat:3, Licht: 2","202606","3","2","6","02","18","2","1","2","0","1","1","0"
"POINT (7.007447676000027 50.945117987000060)","Unfall 202613 (2020) Kat:3, Licht: 0","202613","3","3","5","01","12","6","0","0","1","1","0","0"
"POINT (6.999496781000062 50.958840278000082)","Unfall 202616 (2020) Kat:3, Licht: 2","202616","3","3","5","01","21","6","0","2","0","1","0","0"
"POINT (6.896640133000062 50.921221414000058)","Unfall 202621 (2020) Kat:3, Licht: 0","202621","3","6","2","02","14","6","0","0","0","1","0","0"
"POINT (6.900307255000030 50.962941027000056)","Unfall 202622 (2020) Kat:3, Licht: 2","202622","3","1","0","02","16","5","0","2","1","0","0","0"
"POINT (6.893100958000048 50.989907817000073)","Unfall 202624 (2020) Kat:3, Licht: 0","202624","3","3","1","02","08","5","0","0","1","1","0","0"
"POINT (6.933680961000050 50.948268261000067)","Unfall 202625 (2020) Kat:2, Licht: 0","202625","2","7","3","02","14","7","0","0","0","0","0","1"
"POINT (6.890901690000021 50.975157170000045)","Unfall 202626 (2020) Kat:3, Licht: 0","202626","3","5","5","02","11","5","0","0","0","1","0","0"
"POINT (6.984844241000076 50.894393609000076)","Unfall 202627 (2020) Kat:3, Licht: 2","202627","3","5","1","02","07","5","0","2","1","1","0","0"
"POINT (6.997780826000053 50.885718187000066)","Unfall 202630 (2020) Kat:3, Licht: 0","202630","3","4","0","02","09","5","0","0","0","1","1","0"
"POINT (6.965990306000037 50.912094162000074)","Unfall 202632 (2020) Kat:3, Licht: 1","202632","3","2","5","02","08","5","0","1","1","1","0","0"
"POINT (6.946711788000073 50.932642000000044)","Unfall 202633 (2020) Kat:3, Licht: 0","202633","3","7","6","02","17","5","0","0","0","1","1","0"
"POINT (7.006090895000057 50.927294057000040)","Unfall 202729 (2020) Kat:3, Licht: 0","202729","3","2","0","02","17","7","0","0","0","0","0","0"
"POINT (7.103795224000066 50.864698542000042)","Unfall 202747 (2020) Kat:3, Licht: 0","202747","3","6","3","02","17","4","0","0","1","1","0","0"
"POINT (7.047662224000021 50.963243211000076)","Unfall 202748 (2020) Kat:3, Licht: 0","202748","3","4","6","02","14","4","0","0","0","1","1","0"
"POINT (6.923091957000054 50.980101241000057)","Unfall 202751 (2020) Kat:3, Licht: 2","202751","3","7","3","02","18","4","0","2","0","1","0","0"
"POINT (6.910460127000022 51.013137684000071)","Unfall 202752 (2020) Kat:3, Licht: 0","202752","3","1","7","02","15","4","0","0","0","0","0","1"
"POINT (6.891638323000052 50.953928126000051)","Unfall 202754 (2020) Kat:2, Licht: 2","202754","2","3","5","02","22","4","0","2","0","1","0","1"
"POINT (6.919619184000055 50.912770445000035)","Unfall 202756 (2020) Kat:3, Licht: 0","202756","3","7","0","02","11","4","0","0","1","0","0","0"
"POINT (6.913603391000038 50.933686195000064)","Unfall 202759 (2020) Kat:3, Licht: 1","202759","3","3","0","02","17","4","0","1","1","1","0","0"
"POINT (6.946988991000069 50.929725623000081)","Unfall 202760 (2020) Kat:3, Licht: 0","202760","3","7","0","02","10","4","0","0","1","0","0","0"
"POINT (7.070669973000065 50.907942643000069)","Unfall 202817 (2020) Kat:2, Licht: 2","202817","2","7","6","02","18","6","0","2","0","1","1","0"
"POINT (6.972161955000047 50.957113252000056)","Unfall 202822 (2020) Kat:2, Licht: 2","202822","2","3","5","02","07","6","0","2","0","1","0","0"
"POINT (6.945605478000061 50.904814813000030)","Unfall 202830 (2020) Kat:3, Licht: 1","202830","3","7","0","02","17","6","0","1","1","0","0","0"
"POINT (7.060848623000027 50.928900658000032)","Unfall 202853 (2020) Kat:3, Licht: 2","202853","3","4","6","02","18","3","1","2","0","1","1","0"
"POINT (7.088039873000071 50.916610258000048)","Unfall 202855 (2020) Kat:3, Licht: 0","202855","3","2","4","02","07","3","0","0","1","1","0","0"
"POINT (6.972240555000042 50.964668677000077)","Unfall 202856 (2020) Kat:3, Licht: 0","202856","3","5","1","02","09","3","0","0","1","1","0","0"
"POINT (6.964398221000067 50.974237525000035)","Unfall 202858 (2020) Kat:3, Licht: 1","202858","3","7","5","02","16","3","1","1","0","1","0","0"
"POINT (6.923966748000055 50.952362760000028)","Unfall 202859 (2020) Kat:3, Licht: 2","202859","3","1","0","02","21","3","1","2","1","0","0","0"
"POINT (6.912363880000044 50.964922441000056)","Unfall 202862 (2020) Kat:2, Licht: 0","202862","2","1","0","02","13","3","1","0","1","1","1","0"
"POINT (6.922841910000045 50.883608932000072)","Unfall 202863 (2020) Kat:2, Licht: 0","202863","2","6","2","02","14","3","1","0","0","1","0","0"
"POINT (6.929953526000077 50.914787884000077)","Unfall 202864 (2020) Kat:3, Licht: 0","202864","3","3","5","02","07","3","0","0","1","1","0","0"
"POINT (6.951759956000046 50.897992327000054)","Unfall 202865 (2020) Kat:3, Licht: 2","202865","3","1","0","02","21","3","1","2","0","1","0","0"
"POINT (6.933852538000053 50.927390653000032)","Unfall 202866 (2020) Kat:2, Licht: 2","202866","2","1","0","02","18","3","1","2","1","0","0","0"
"POINT (6.982354040000075 50.997209012000042)","Unfall 202867 (2020) Kat:3, Licht: 0","202867","3","3","5","02","14","5","0","0","1","0","0","0"
"POINT (6.929823140000053 50.931111013000077)","Unfall 202868 (2020) Kat:3, Licht: 0","202868","3","3","5","02","09","3","1","0","1","1","0","0"
"POINT (6.939317051000046 50.927020224000046)","Unfall 202869 (2020) Kat:3, Licht: 2","202869","3","1","3","02","00","6","1","2","0","1","0","0"
"POINT (6.956483006000042 50.946642256000075)","Unfall 202870 (2020) Kat:3, Licht: 1","202870","3","4","6","02","16","3","1","1","1","0","1","0"
"POINT (6.852615904000061 51.064184518000047)","Unfall 202877 (2020) Kat:3, Licht: 0","202877","3","1","0","02","09","5","0","0","1","0","0","0"
"POINT (7.047757617000059 50.933015945000079)","Unfall 202890 (2020) Kat:3, Licht: 2","202890","3","4","6","02","18","5","1","2","0","1","1","0"
"POINT (6.930538980000051 50.914576666000073)","Unfall 202898 (2020) Kat:3, Licht: 1","202898","3","7","6","02","18","4","1","1","1","0","1","0"
"POINT (6.947101495000027 50.958552848000068)","Unfall 202905 (2020) Kat:3, Licht: 0","202905","3","5","1","02","12","6","0","0","1","1","0","0"
"POINT (7.077911149000045 50.893652294000049)","Unfall 202929 (2020) Kat:3, Licht: 0","202929","3","6","3","02","13","2","1","0","0","1","0","0"
"POINT (6.906242722000059 50.990714821000040)","Unfall 202934 (2020) Kat:2, Licht: 0","202934","2","7","0","02","15","2","0","0","1","1","0","0"
"POINT (6.950434153000060 50.945256049000079)","Unfall 202936 (2020) Kat:3, Licht: 0","202936","3","2","5","02","12","2","1","0","0","1","0","1"
"POINT (7.013106493000066 50.978933659000063)","Unfall 202939 (2020) Kat:2, Licht: 2","202939","2","4","6","02","06","5","0","2","0","1","1","0"
"POINT (6.932976410000038 50.949361204000070)","Unfall 202954 (2020) Kat:3, Licht: 0","202954","3","7","0","02","15","6","0","0","1","1","0","0"
"POINT (7.080879001000028 50.882618688000036)","Unfall 202992 (2020) Kat:3, Licht: 0","202992","3","7","6","02","12","5","1","0","0","1","1","0"
"POINT (7.060435104000021 50.894115416000034)","Unfall 202993 (2020) Kat:3, Licht: 2","202993","3","1","8","02","02","3","1","2","0","1","0","0"
"POINT (6.920194891000051 50.953787569000042)","Unfall 203000 (2020) Kat:2, Licht: 0","203000","2","4","0","02","17","4","1","0","0","0","1","0"
"POINT (6.956734871000037 50.948398179000037)","Unfall 203004 (2020) Kat:2, Licht: 2","203004","2","1","0","02","22","5","1","2","0","0","0","0"
"POINT (7.072103898000023 50.881463059000055)","Unfall 203005 (2020) Kat:3, Licht: 0","203005","3","2","5","02","17","3","1","0","0","1","1","0"
"POINT (7.081745597000065 50.856037764000064)","Unfall 203008 (2020) Kat:3, Licht: 1","203008","3","3","5","02","07","6","1","1","1","1","0","0"
"POINT (6.871366633000037 50.947823491000065)","Unfall 203025 (2020) Kat:3, Licht: 0","203025","3","5","0","02","08","3","1","0","0","1","0","0"
"POINT (6.907384937000074 50.919243362000032)","Unfall 203027 (2020) Kat:3, Licht: 2","203027","3","3","5","02","23","3","0","2","0","1","0","1"
"POINT (7.017566016000046 50.964332598000055)","Unfall 203042 (2020) Kat:3, Licht: 1","203042","3","3","5","02","17","5","1","1","0","1","0","0"
"POINT (6.957130986000038 50.929689098000040)","Unfall 203043 (2020) Kat:3, Licht: 0","203043","3","4","6","02","14","3","0","0","0","1","1","0"
"POINT (6.951247079000041 50.921429848000059)","Unfall 203050 (2020) Kat:3, Licht: 0","203050","3","1","5","02","09","4","1","0","0","1","0","1"
"POINT (7.062909075000050 50.905194865000055)","Unfall 203053 (2020) Kat:3, Licht: 2","203053","3","2","5","02","00","1","0","2","0","1","0","0"
"POINT (6.888489732000039 50.964264977000028)","Unfall 203057 (2020) Kat:3, Licht: 1","203057","3","3","5","02","07","6","1","1","0","0","0","1"
"POINT (6.938452690000077 50.939998919000061)","Unfall 203059 (2020) Kat:2, Licht: 2","203059","2","5","1","02","04","1","0","2","0","1","0","0"
"POINT (6.896677587000056 50.957020346000036)","Unfall 203087 (2020) Kat:3, Licht: 0","203087","3","3","1","02","17","4","1","0","0","1","0","0"
"POINT (7.104335936000041 50.849754587000064)","Unfall 203096 (2020) Kat:2, Licht: 0","203096","2","4","6","02","16","5","0","0","0","1","1","0"
"POINT (6.924158756000054 50.887354260000052)","Unfall 203106 (2020) Kat:3, Licht: 2","203106","3","3","0","02","04","5","0","2","0","1","0","0"
"POINT (6.938236667000069 50.911760070000071)","Unfall 203120 (2020) Kat:3, Licht: 0","203120","3","5","0","02","11","6","0","0","1","1","0","0"
"POINT (6.976479014000063 50.964451062000080)","Unfall 203135 (2020) Kat:3, Licht: 0","203135","3","7","6","02","10","4","0","0","0","1","1","0"
"POINT (6.905205114000069 50.996887409000067)","Unfall 203137 (2020) Kat:2, Licht: 0","203137","2","7","6","02","11","4","1","0","0","1","1","0"
"POINT (6.949470060000067 50.921783708000078)","Unfall 203139 (2020) Kat:3, Licht: 0","203139","3","1","0","02","16","4","0","0","1","0","0","0"
"POINT (6.961077210000042 50.916362043000049)","Unfall 203171 (2020) Kat:3, Licht: 2","203171","3","2","5","02","18","1","0","2","1","1","0","0"
"POINT (6.906891810000047 51.010918320000030)","Unfall 203229 (2020) Kat:3, Licht: 0","203229","3","7","0","02","07","3","0","0","1","1","0","0"
"POINT (6.848251817000062 51.079994427000031)","Unfall 203231 (2020) Kat:3, Licht: 0","203231","3","1","0","02","17","3","0","0","1","0","0","0"
"POINT (6.870699681000076 51.006218040000078)","Unfall 203234 (2020) Kat:3, Licht: 0","203234","3","6","2","02","15","3","0","0","0","1","0","0"
"POINT (6.884679755000036 50.979145418000030)","Unfall 203235 (2020) Kat:3, Licht: 0","203235","3","1","5","02","15","3","1","0","0","1","0","1"
"POINT (6.959785112000077 50.974220956000067)","Unfall 203264 (2020) Kat:2, Licht: 0","203264","2","6","2","02","10","7","0","0","0","1","0","0"
"POINT (6.913390078000020 50.997534246000043)","Unfall 203268 (2020) Kat:3, Licht: 2","203268","3","3","5","02","17","7","0","2","1","1","0","0"
"POINT (6.861959927000044 50.940783239000041)","Unfall 203274 (2020) Kat:3, Licht: 2","203274","3","1","0","02","01","7","0","2","1","0","0","0"
"POINT (6.907803782000030 50.945297938000067)","Unfall 203285 (2020) Kat:3, Licht: 0","203285","3","2","4","02","10","7","0","0","0","1","0","0"
"POINT (6.991586580000046 50.907143126000051)","Unfall 203307 (2020) Kat:2, Licht: 0","203307","2","1","6","02","15","2","0","0","0","1","1","0"
"POINT (7.005260301000021 50.950688122000031)","Unfall 203309 (2020) Kat:3, Licht: 2","203309","3","2","0","02","19","2","1","2","0","1","0","1"
"POINT (7.041959900000052 50.987884583000039)","Unfall 203310 (2020) Kat:3, Licht: 0","203310","3","3","0","02","15","2","0","0","0","1","0","0"
"POINT (6.996879979000028 50.961082548000036)","Unfall 203311 (2020) Kat:3, Licht: 0","203311","3","2","2","02","16","2","1","0","0","1","0","0"
"POINT (6.904325480000068 50.945657095000058)","Unfall 203313 (2020) Kat:3, Licht: 0","203313","3","1","2","02","14","2","0","0","0","1","0","0"
"POINT (6.995316707000029 50.890365197000051)","Unfall 203314 (2020) Kat:3, Licht: 0","203314","3","2","5","02","16","2","0","0","0","1","1","0"
"POINT (6.952916806000076 50.939041717000066)","Unfall 203315 (2020) Kat:3, Licht: 0","203315","3","5","0","02","10","2","0","0","1","1","0","0"
"POINT (6.958728623000070 50.944394731000045)","Unfall 203317 (2020) Kat:3, Licht: 0","203317","3","7","6","02","13","2","0","0","0","1","1","0"
"POINT (6.906417026000042 50.938597602000073)","Unfall 203391 (2020) Kat:3, Licht: 0","203391","3","7","0","02","08","4","1","0","0","1","0","1"
"POINT (6.922292766000055 50.972995539000067)","Unfall 203398 (2020) Kat:3, Licht: 0","203398","3","6","0","02","07","2","0","0","0","1","0","0"
"POINT (6.992641968000044 50.955644916000040)","Unfall 203399 (2020) Kat:3, Licht: 2","203399","3","5","1","02","04","1","1","2","1","1","0","0"
"POINT (6.947305572000062 50.914837718000058)","Unfall 203402 (2020) Kat:2, Licht: 2","203402","2","1","9","02","22","7","0","2","0","1","0","0"
"POINT (7.007915597000022 50.945241515000077)","Unfall 203408 (2020) Kat:3, Licht: 2","203408","3","5","1","02","01","6","0","2","0","1","0","0"
"POINT (7.020357383000032 50.937755002000074)","Unfall 203410 (2020) Kat:2, Licht: 0","203410","2","3","0","02","12","6","0","0","0","1","0","0"
"POINT (6.999197236000043 50.959051327000054)","Unfall 203416 (2020) Kat:3, Licht: 0","203416","3","7","0","02","16","6","0","0","0","1","0","1"
"POINT (7.071763449000059 50.977432992000047)","Unfall 203418 (2020) Kat:3, Licht: 0","203418","3","5","1","02","13","6","0","0","1","1","0","0"
"POINT (6.957737896000026 50.974173374000031)","Unfall 203420 (2020) Kat:3, Licht: 0","203420","3","5","1","02","09","6","0","0","1","0","0","0"
"POINT (6.959376243000065 50.878480613000079)","Unfall 203421 (2020) Kat:3, Licht: 2","203421","3","1","0","02","03","6","1","2","1","0","0","0"
"POINT (6.993304804000047 50.912795196000047)","Unfall 203424 (2020) Kat:3, Licht: 0","203424","3","3","0","02","14","3","0","0","0","1","0","1"
"POINT (6.951315067000053 50.923161847000074)","Unfall 203442 (2020) Kat:2, Licht: 0","203442","2","1","8","02","13","4","1","0","1","0","0","0"
"POINT (6.937895723000054 50.935096937000026)","Unfall 203469 (2020) Kat:3, Licht: 2","203469","3","7","6","02","21","7","1","2","0","1","1","0"
"POINT (6.926151937000043 50.994749032000072)","Unfall 203475 (2020) Kat:2, Licht: 1","203475","2","4","6","02","17","3","1","1","0","0","1","0"
"POINT (6.924114016000033 50.952397476000044)","Unfall 203498 (2020) Kat:3, Licht: 2","203498","3","4","6","02","21","4","1","2","0","1","1","0"
"POINT (6.978737759000069 50.934080090000066)","Unfall 203505 (2020) Kat:2, Licht: 0","203505","2","3","5","02","13","2","1","0","0","1","0","0"
"POINT (7.059142652000048 50.942693834000067)","Unfall 203507 (2020) Kat:2, Licht: 0","203507","2","7","0","02","16","1","1","0","0","0","0","0"
"POINT (6.967221368000025 50.974141841000062)","Unfall 203510 (2020) Kat:3, Licht: 2","203510","3","1","0","02","21","7","1","2","0","0","0","0"
"POINT (6.971897940000076 50.913652508000041)","Unfall 203549 (2020) Kat:2, Licht: 1","203549","2","6","2","02","07","4","1","1","0","0","0","1"
"POINT (6.923467671000026 50.916823329000067)","Unfall 203556 (2020) Kat:3, Licht: 0","203556","3","7","0","02","16","2","1","0","0","0","0","0"
"POINT (6.915555478000044 50.920384321000029)","Unfall 203558 (2020) Kat:3, Licht: 0","203558","3","7","0","02","14","1","1","0","1","0","0","0"
"POINT (6.960154479000039 50.910685334000050)","Unfall 203578 (2020) Kat:3, Licht: 0","203578","3","6","2","02","17","7","0","0","0","1","0","0"
"POINT (7.003172787000040 50.955554114000051)","Unfall 203585 (2020) Kat:2, Licht: 0","203585","2","7","1","02","13","3","0","0","0","1","0","0"
"POINT (7.000665977000040 50.938457614000072)","Unfall 203603 (2020) Kat:3, Licht: 2","203603","3","5","1","02","23","5","1","2","0","1","0","0"
"POINT (6.931884973000024 50.955337209000049)","Unfall 203606 (2020) Kat:3, Licht: 0","203606","3","4","7","02","09","5","1","0","0","1","1","0"
"POINT (6.918063022000069 50.935512607000078)","Unfall 203609 (2020) Kat:3, Licht: 2","203609","3","1","0","02","18","5","0","2","1","0","0","0"
"POINT (6.920410589000028 50.911306592000074)","Unfall 203611 (2020) Kat:3, Licht: 0","203611","3","1","0","02","10","5","1","0","1","0","0","0"
"POINT (7.014920304000043 50.950774041000045)","Unfall 203612 (2020) Kat:3, Licht: 2","203612","3","3","5","02","19","2","1","2","0","1","0","0"
"POINT (6.893327487000022 51.015831078000076)","Unfall 203616 (2020) Kat:3, Licht: 0","203616","3","6","2","02","15","7","0","0","0","1","0","0"
"POINT (6.919680905000064 50.921520022000038)","Unfall 203618 (2020) Kat:3, Licht: 2","203618","3","7","0","02","19","5","1","2","1","1","0","0"
"POINT (6.936364304000051 50.947207390000074)","Unfall 203619 (2020) Kat:3, Licht: 2","203619","3","6","2","02","23","5","1","2","0","1","0","0"
"POINT (6.953414929000076 50.938960409000060)","Unfall 203622 (2020) Kat:3, Licht: 2","203622","3","1","0","02","21","5","1","2","0","1","0","0"
"POINT (6.932448454000053 50.931789409000032)","Unfall 203629 (2020) Kat:3, Licht: 2","203629","3","4","6","02","18","5","0","2","0","0","1","0"
"POINT (6.962546942000074 50.911483792000070)","Unfall 203633 (2020) Kat:3, Licht: 2","203633","3","7","6","02","18","3","1","2","0","1","1","0"
"POINT (7.104719881000051 50.884345484000050)","Unfall 203650 (2020) Kat:3, Licht: 0","203650","3","6","2","02","09","5","1","0","0","0","0","0"
"POINT (7.075047907000055 50.974703732000080)","Unfall 203655 (2020) Kat:3, Licht: 2","203655","3","4","6","02","20","5","0","2","0","1","1","0"
"POINT (7.006423155000050 50.963553164000075)","Unfall 203658 (2020) Kat:3, Licht: 2","203658","3","4","0","02","18","5","1","2","0","0","1","0"
"POINT (6.901175162000072 50.930083730000035)","Unfall 203660 (2020) Kat:3, Licht: 2","203660","3","1","0","02","19","5","2","2","1","0","0","0"
"POINT (6.940775643000052 50.958419127000070)","Unfall 203666 (2020) Kat:2, Licht: 2","203666","2","7","0","03","18","1","1","2","1","0","0","0"
"POINT (6.909164753000027 50.920462182000051)","Unfall 203670 (2020) Kat:3, Licht: 0","203670","3","4","6","02","14","5","1","0","0","1","1","0"
"POINT (6.996717404000037 50.891637440000068)","Unfall 203691 (2020) Kat:3, Licht: 0","203691","3","6","2","03","10","2","0","0","0","1","0","0"
"POINT (6.970662862000040 50.979372312000066)","Unfall 203695 (2020) Kat:3, Licht: 2","203695","3","3","5","03","20","2","1","2","0","1","0","0"
"POINT (6.904335096000068 51.016619939000066)","Unfall 203717 (2020) Kat:3, Licht: 2","203717","3","3","5","02","22","7","0","2","0","1","0","0"
"POINT (6.953391876000069 50.932963280000081)","Unfall 203719 (2020) Kat:3, Licht: 0","203719","3","6","1","02","10","7","0","0","0","1","0","1"
"POINT (6.938646758000061 50.932545441000059)","Unfall 203720 (2020) Kat:3, Licht: 2","203720","3","3","5","02","19","7","0","2","1","1","0","0"
"POINT (6.966251824000040 50.972133505000045)","Unfall 203743 (2020) Kat:3, Licht: 2","203743","3","3","5","03","19","2","1","2","1","1","0","0"
"POINT (7.081717280000021 50.878859049000027)","Unfall 203786 (2020) Kat:3, Licht: 0","203786","3","3","5","03","16","2","0","0","0","1","0","0"
"POINT (6.986442218000036 50.914405962000046)","Unfall 203790 (2020) Kat:3, Licht: 0","203790","3","1","0","02","07","6","1","0","1","0","0","0"
"POINT (7.056528621000041 50.891077358000075)","Unfall 203791 (2020) Kat:3, Licht: 2","203791","3","2","6","02","20","6","1","2","0","1","1","0"
"POINT (7.073725728000056 50.895878926000080)","Unfall 203792 (2020) Kat:3, Licht: 0","203792","3","3","5","02","07","6","1","0","1","1","0","0"
"POINT (6.997660215000053 50.935073934000059)","Unfall 203796 (2020) Kat:3, Licht: 0","203796","3","7","3","02","16","6","0","0","0","0","1","0"
"POINT (6.850879124000073 50.948084628000061)","Unfall 203797 (2020) Kat:3, Licht: 2","203797","3","2","6","03","19","2","1","2","0","1","1","0"
"POINT (6.885767834000035 51.023781606000057)","Unfall 203799 (2020) Kat:3, Licht: 0","203799","3","7","0","02","07","6","2","0","1","0","0","0"
"POINT (6.937984847000053 50.969043479000050)","Unfall 203800 (2020) Kat:3, Licht: 0","203800","3","5","5","02","07","6","2","0","0","1","0","0"
"POINT (6.912185948000058 50.937706919000050)","Unfall 203801 (2020) Kat:3, Licht: 0","203801","3","7","2","02","07","6","1","0","0","1","0","0"
"POINT (6.854008913000030 50.921325987000046)","Unfall 203802 (2020) Kat:2, Licht: 0","203802","2","4","0","02","12","6","0","0","0","1","1","0"
"POINT (7.011088637000057 50.878349962000073)","Unfall 203803 (2020) Kat:2, Licht: 0","203803","2","1","0","02","07","6","1","0","1","0","0","0"
"POINT (7.011088637000057 50.878349962000073)","Unfall 203806 (2020) Kat:3, Licht: 0","203806","3","1","0","02","07","6","1","0","1","0","0","0"
"POINT (6.931612661000031 50.931419550000044)","Unfall 203807 (2020) Kat:3, Licht: 0","203807","3","1","0","02","08","6","2","0","1","0","0","0"
"POINT (6.961436552000066 50.937586305000082)","Unfall 203810 (2020) Kat:3, Licht: 2","203810","3","4","6","02","21","6","1","2","0","1","1","0"
"POINT (7.072643683000024 50.891435386000069)","Unfall 203850 (2020) Kat:3, Licht: 0","203850","3","2","3","03","07","2","1","0","1","1","0","0"
"POINT (6.873944210000047 50.932087895000052)","Unfall 203899 (2020) Kat:2, Licht: 0","203899","2","7","3","03","09","2","1","0","1","1","0","0"
"POINT (7.006420757000058 50.927204214000028)","Unfall 203921 (2020) Kat:3, Licht: 2","203921","3","4","6","03","20","4","1","2","0","1","1","0"
"POINT (6.967178291000039 50.924041101000057)","Unfall 203923 (2020) Kat:3, Licht: 0","203923","3","6","6","03","16","7","0","0","0","0","1","0"
"POINT (6.946996965000039 50.924848726000050)","Unfall 203932 (2020) Kat:3, Licht: 0","203932","3","7","0","03","16","4","1","0","1","1","0","0"
"POINT (6.917588308000063 50.949411417000078)","Unfall 203937 (2020) Kat:3, Licht: 1","203937","3","5","1","03","18","5","1","1","1","1","0","0"
"POINT (6.915536275000022 50.951888323000048)","Unfall 203955 (2020) Kat:3, Licht: 0","203955","3","4","6","03","08","6","1","0","0","1","1","0"
"POINT (7.006073245000039 50.972861610000052)","Unfall 203961 (2020) Kat:3, Licht: 0","203961","3","6","1","03","13","7","0","0","0","1","0","0"
"POINT (7.009299832000068 50.925865574000056)","Unfall 203967 (2020) Kat:2, Licht: 0","203967","2","5","3","03","07","3","1","0","0","1","0","1"
"POINT (6.982832116000054 50.920223729000043)","Unfall 203969 (2020) Kat:3, Licht: 1","203969","3","6","2","03","06","3","0","1","0","1","0","0"
"POINT (6.915605492000054 50.920392806000052)","Unfall 203970 (2020) Kat:3, Licht: 0","203970","3","5","1","03","13","6","0","0","1","1","0","0"
"POINT (6.954385831000025 50.971724342000073)","Unfall 203971 (2020) Kat:3, Licht: 0","203971","3","4","6","03","08","3","0","0","0","1","1","0"
"POINT (6.948403887000040 50.964351216000068)","Unfall 203977 (2020) Kat:3, Licht: 0","203977","3","6","2","03","14","3","0","0","0","1","0","0"
"POINT (6.894006543000046 50.990838422000081)","Unfall 203979 (2020) Kat:3, Licht: 0","203979","3","6","2","03","15","3","0","0","0","1","0","0"
"POINT (6.992226924000022 50.889860164000027)","Unfall 203986 (2020) Kat:3, Licht: 0","203986","3","2","4","03","11","4","0","0","0","1","0","1"
"POINT (6.912738331000071 50.915897172000030)","Unfall 203987 (2020) Kat:3, Licht: 0","203987","3","3","5","03","07","3","1","0","1","1","0","0"
"POINT (6.935197702000039 50.933010269000079)","Unfall 203989 (2020) Kat:2, Licht: 0","203989","2","1","0","03","07","3","1","0","1","0","0","0"
"POINT (7.001572150000072 50.941632599000059)","Unfall 203990 (2020) Kat:3, Licht: 1","203990","3","3","0","03","07","5","1","1","1","1","0","0"
"POINT (6.894081739000058 50.990795626000079)","Unfall 204006 (2020) Kat:3, Licht: 1","204006","3","2","4","03","07","6","1","1","0","1","0","0"
"POINT (6.917632862000062 50.931896179000034)","Unfall 204012 (2020) Kat:3, Licht: 0","204012","3","1","0","03","07","7","0","0","1","0","0","0"
"POINT (6.937601981000057 50.927888827000061)","Unfall 204021 (2020) Kat:3, Licht: 0","204021","3","6","0","03","13","6","1","0","0","1","0","1"
"POINT (7.071582850000027 50.906526766000070)","Unfall 204028 (2020) Kat:3, Licht: 0","204028","3","6","6","03","13","4","0","0","0","1","1","0"
"POINT (6.951995516000068 50.952176655000073)","Unfall 204040 (2020) Kat:3, Licht: 0","204040","3","3","0","03","17","4","1","0","1","0","0","1"
"POINT (6.833013864000066 50.935724470000082)","Unfall 204045 (2020) Kat:2, Licht: 0","204045","2","2","6","03","13","5","1","0","0","1","1","0"
"POINT (6.941376383000034 50.921448404000046)","Unfall 204062 (2020) Kat:2, Licht: 0","204062","2","2","4","03","08","6","1","0","1","0","0","0"
"POINT (6.992797675000077 50.941074867000054)","Unfall 204063 (2020) Kat:3, Licht: 0","204063","3","2","2","03","08","6","1","0","0","1","0","0"
"POINT (6.992804442000022 50.941075794000028)","Unfall 204069 (2020) Kat:3, Licht: 0","204069","3","6","2","03","13","7","0","0","0","1","0","0"