WKT,Name,OBJECTID,UKATEGORIE,UTYP1,UART,UMONAT,USTUNDE,UWOCHENTAG,STRZUSTAND,ULICHTVERH,ISTRAD,ISTPKW,ISTFUSS,ISTKRAD
"POINT (6.959429127000021 50.937303414000041)","Unfall 204083 (2020) Kat:3, Licht: 0","204083","3","5","1","03","15","7","0","0","0","1","0","0"
"POINT (6.967925581000031 50.981980979000070)","Unfall 204096 (2020) Kat:3, Licht: 0","204096","3","6","1","03","09","4","1","0","0","0","0","1"
"POINT (6.889865450000059 50.946866646000046)","Unfall 204115 (2020) Kat:3, Licht: 0","204115","3","6","2","03","16","6","0","0","0","1","0","0"
"POINT (6.908588148000035 51.008739293000076)","Unfall 204121 (2020) Kat:3, Licht: 0","204121","3","4","6","03","15","7","0","0","0","1","1","0"
"POINT (6.966071190000037 50.912122235000027)","Unfall 204130 (2020) Kat:3, Licht: 0","204130","3","7","0","03","00","6","0","0","1","0","0","0"
"POINT (6.962594890000048 50.930131112000026)","Unfall 204147 (2020) Kat:2, Licht: 2","204147","2","2","5","03","18","4","1","2","1","1","0","0"
"POINT (7.013758560000042 50.961217360000035)","Unfall 204151 (2020) Kat:3, Licht: 2","204151","3","7","0","03","20","5","1","2","0","1","1","0"
"POINT (6.927188700000045 50.924114069000041)","Unfall 204167 (2020) Kat:3, Licht: 0","204167","3","7","6","03","13","6","0","0","0","1","1","0"
"POINT (6.912537129000043 50.995864104000077)","Unfall 204175 (2020) Kat:3, Licht: 2","204175","3","7","0","03","20","5","0","2","1","0","0","0"
"POINT (6.908284930000036 50.989053519000038)","Unfall 204177 (2020) Kat:3, Licht: 0","204177","3","7","6","03","08","5","1","0","1","0","1","0"
"POINT (6.917022853000049 50.920751459000030)","Unfall 204179 (2020) Kat:3, Licht: 2","204179","3","7","6","03","20","5","0","2","1","0","1","0"
"POINT (6.956396369000061 50.942535967000026)","Unfall 204182 (2020) Kat:3, Licht: 0","204182","3","3","5","03","09","5","0","0","1","1","0","0"
"POINT (6.927767347000042 50.942021851000050)","Unfall 204183 (2020) Kat:2, Licht: 0","204183","2","3","5","03","15","5","0","0","1","1","0","0"
"POINT (7.039912463000064 50.966609471000027)","Unfall 204201 (2020) Kat:3, Licht: 0","204201","3","4","6","03","16","2","0","0","0","1","1","0"
"POINT (6.883963676000064 50.956013398000039)","Unfall 204255 (2020) Kat:3, Licht: 0","204255","3","7","1","03","13","6","0","0","1","1","0","0"
"POINT (6.983657015000063 50.919067940000048)","Unfall 204270 (2020) Kat:3, Licht: 1","204270","3","3","5","03","18","4","1","1","1","1","0","0"
"POINT (6.976045899000042 50.964105740000036)","Unfall 204272 (2020) Kat:3, Licht: 0","204272","3","4","6","03","16","4","0","0","0","1","1","0"
"POINT (6.894231496000032 51.017355533000057)","Unfall 204273 (2020) Kat:3, Licht: 0","204273","3","1","8","03","17","4","1","0","0","1","0","0"
"POINT (6.904264212000044 50.957877190000033)","Unfall 204276 (2020) Kat:3, Licht: 0","204276","3","2","5","03","17","4","1","0","0","1","0","1"
"POINT (6.967335966000064 50.892929621000064)","Unfall 204279 (2020) Kat:3, Licht: 0","204279","3","6","3","03","14","4","1","0","0","1","0","0"
"POINT (6.947589944000072 50.915178394000066)","Unfall 204280 (2020) Kat:2, Licht: 2","204280","2","1","8","03","02","4","1","2","0","1","0","0"
"POINT (6.948658061000060 50.917280360000063)","Unfall 204282 (2020) Kat:3, Licht: 0","204282","3","6","2","03","16","4","1","0","0","1","0","0"
"POINT (6.998768676000054 50.920064649000039)","Unfall 204358 (2020) Kat:3, Licht: 2","204358","3","3","5","03","20","3","1","2","1","1","0","0"
"POINT (6.887914870000031 51.027626585000064)","Unfall 204359 (2020) Kat:2, Licht: 2","204359","2","1","9","03","20","3","1","2","0","1","0","0"
"POINT (7.113640510000039 50.880045027000051)","Unfall 204366 (2020) Kat:3, Licht: 0","204366","3","3","0","03","16","6","0","0","0","1","0","0"
"POINT (6.938106336000033 50.934386620000055)","Unfall 204394 (2020) Kat:3, Licht: 2","204394","3","3","5","03","21","1","1","2","1","1","0","0"
"POINT (6.925912170000061 50.916721252000059)","Unfall 204417 (2020) Kat:3, Licht: 0","204417","3","2","5","03","16","6","0","0","1","0","0","0"
"POINT (6.904401003000032 51.024693677000073)","Unfall 204444 (2020) Kat:3, Licht: 0","204444","3","1","0","03","14","1","0","0","1","0","0","0"
"POINT (6.955916313000046 50.936397652000039)","Unfall 204446 (2020) Kat:3, Licht: 2","204446","3","1","0","03","02","1","0","2","0","0","0","0"
"POINT (6.953413607000073 50.939239189000034)","Unfall 204447 (2020) Kat:3, Licht: 0","204447","3","6","2","03","07","4","0","0","0","1","0","0"
"POINT (6.965936205000048 50.982832475000066)","Unfall 204451 (2020) Kat:2, Licht: 0","204451","2","7","9","03","14","6","0","0","0","1","0","0"
"POINT (7.074467862000063 50.969835978000049)","Unfall 204453 (2020) Kat:3, Licht: 0","204453","3","4","6","03","08","2","0","0","0","1","1","0"
"POINT (6.999290363000057 50.961341961000073)","Unfall 204461 (2020) Kat:3, Licht: 0","204461","3","1","0","03","11","3","0","0","0","0","0","0"
"POINT (7.080861065000022 50.927639026000065)","Unfall 204503 (2020) Kat:2, Licht: 0","204503","2","7","0","03","16","4","0","0","1","0","1","0"
"POINT (6.926284231000068 50.862308402000053)","Unfall 204513 (2020) Kat:3, Licht: 0","204513","3","1","0","03","14","3","0","0","1","0","0","0"
"POINT (6.914313139000058 50.944410673000050)","Unfall 204520 (2020) Kat:3, Licht: 0","204520","3","6","2","03","08","2","0","0","0","1","0","0"
"POINT (6.885643995000066 50.983721955000078)","Unfall 204555 (2020) Kat:3, Licht: 0","204555","3","3","5","03","17","4","0","0","0","1","0","1"
"POINT (7.006466834000037 50.946563200000071)","Unfall 204560 (2020) Kat:2, Licht: 2","204560","2","3","5","03","04","6","0","2","0","1","0","1"
"POINT (7.075047907000055 50.974703732000080)","Unfall 204562 (2020) Kat:3, Licht: 0","204562","3","4","6","03","17","2","0","0","0","1","1","0"
"POINT (6.858067697000024 50.982692218000068)","Unfall 204582 (2020) Kat:3, Licht: 0","204582","3","3","5","03","14","7","0","0","0","1","0","0"
"POINT (6.924057467000068 50.885514454000031)","Unfall 204588 (2020) Kat:3, Licht: 0","204588","3","1","4","03","06","7","1","0","0","1","0","0"
"POINT (6.960191676000022 50.919063953000034)","Unfall 204598 (2020) Kat:3, Licht: 0","204598","3","5","0","03","16","7","0","0","1","1","0","0"
"POINT (6.947636793000072 50.937721073000034)","Unfall 204607 (2020) Kat:3, Licht: 2","204607","3","3","5","03","20","4","0","2","1","1","0","0"
"POINT (6.947235763000037 51.002239954000061)","Unfall 204612 (2020) Kat:2, Licht: 2","204612","2","6","3","03","05","6","0","2","0","1","0","1"
"POINT (6.971923914000058 50.859159180000063)","Unfall 204622 (2020) Kat:3, Licht: 0","204622","3","7","6","03","12","3","0","0","0","1","1","0"
"POINT (6.908241142000065 50.995025745000078)","Unfall 204630 (2020) Kat:2, Licht: 0","204630","2","1","8","03","15","2","0","0","1","0","0","0"
"POINT (6.924384699000029 51.016883126000039)","Unfall 204664 (2020) Kat:2, Licht: 0","204664","2","1","8","03","18","4","0","0","0","0","0","1"
"POINT (6.952770781000027 50.943311722000033)","Unfall 204674 (2020) Kat:3, Licht: 0","204674","3","6","3","03","15","3","0","0","0","0","0","1"
"POINT (6.949750208000069 50.984700014000055)","Unfall 204732 (2020) Kat:3, Licht: 0","204732","3","2","5","03","10","2","0","0","1","1","0","0"
"POINT (6.950443685000039 50.918624155000032)","Unfall 204734 (2020) Kat:3, Licht: 0","204734","3","1","0","03","08","2","0","0","1","0","0","0"
"POINT (7.062440170000059 50.882836342000076)","Unfall 204739 (2020) Kat:3, Licht: 0","204739","3","3","5","03","16","7","0","0","0","1","0","1"
"POINT (6.961681962000057 50.914455331000056)","Unfall 204741 (2020) Kat:3, Licht: 2","204741","3","1","8","03","21","7","0","2","1","0","0","0"
"POINT (6.981490879000035 50.949910909000039)","Unfall 204787 (2020) Kat:3, Licht: 0","204787","3","2","4","03","17","6","0","0","1","1","0","0"
"POINT (6.934426382000027 50.966836989000058)","Unfall 204789 (2020) Kat:3, Licht: 0","204789","3","4","6","03","08","6","0","0","0","0","1","0"
"POINT (6.864809659000059 50.976334997000038)","Unfall 204792 (2020) Kat:3, Licht: 0","204792","3","3","1","03","14","6","0","0","1","1","0","0"
"POINT (6.950478105000059 50.918606522000061)","Unfall 204794 (2020) Kat:3, Licht: 0","204794","3","1","0","03","14","6","0","0","1","0","0","0"
"POINT (7.027169813000057 50.959652761000029)","Unfall 204795 (2020) Kat:3, Licht: 0","204795","3","2","3","03","17","2","0","0","0","0","0","1"
"POINT (6.915588832000026 50.951803536000057)","Unfall 204802 (2020) Kat:3, Licht: 0","204802","3","3","5","03","16","2","0","0","1","1","0","0"
"POINT (6.981198523000046 50.867416268000056)","Unfall 204830 (2020) Kat:3, Licht: 0","204830","3","2","6","03","12","3","0","0","0","1","1","0"
"POINT (7.000623345000065 50.966569264000043)","Unfall 204835 (2020) Kat:3, Licht: 2","204835","3","1","1","03","21","1","0","2","0","1","0","0"
"POINT (6.916259206000063 50.982268993000048)","Unfall 204838 (2020) Kat:2, Licht: 0","204838","2","2","5","03","13","1","0","0","0","1","0","1"
"POINT (6.946041530000059 50.958420353000065)","Unfall 204839 (2020) Kat:3, Licht: 0","204839","3","3","0","03","17","5","0","0","0","1","0","0"
"POINT (7.026249358000030 50.997090508000042)","Unfall 204905 (2020) Kat:3, Licht: 0","204905","3","1","4","03","13","7","0","0","0","0","0","1"
"POINT (6.900700468000025 51.022613505000038)","Unfall 204926 (2020) Kat:3, Licht: 0","204926","3","3","1","03","17","3","0","0","0","1","0","1"
"POINT (6.909406059000048 51.012451901000077)","Unfall 204931 (2020) Kat:3, Licht: 0","204931","3","2","5","03","12","3","0","0","1","1","0","0"
"POINT (6.958406565000075 50.962605098000040)","Unfall 204958 (2020) Kat:3, Licht: 0","204958","3","5","1","04","07","1","0","0","0","1","0","0"
"POINT (6.897974394000073 50.946026062000044)","Unfall 204961 (2020) Kat:3, Licht: 2","204961","3","2","5","04","23","7","0","2","0","1","0","0"
"POINT (6.969384632000072 50.863918830000046)","Unfall 204971 (2020) Kat:3, Licht: 0","204971","3","6","0","04","18","3","0","0","1","1","0","0"
"POINT (6.933188664000056 50.913609989000065)","Unfall 204982 (2020) Kat:2, Licht: 0","204982","2","2","4","04","08","2","0","0","1","1","0","0"
"POINT (6.959829471000035 50.974770520000050)","Unfall 204994 (2020) Kat:3, Licht: 0","204994","3","5","1","04","17","5","0","0","1","1","0","0"
"POINT (6.852824876000057 50.940741191000029)","Unfall 204998 (2020) Kat:3, Licht: 0","204998","3","5","1","04","10","5","0","0","1","1","0","0"
"POINT (6.962515585000062 50.910820185000034)","Unfall 205004 (2020) Kat:3, Licht: 0","205004","3","6","2","04","14","5","0","0","0","1","0","0"
"POINT (7.004331013000069 50.938170569000079)","Unfall 205008 (2020) Kat:3, Licht: 0","205008","3","5","1","04","16","3","0","0","1","1","0","0"
"POINT (6.935601231000021 50.947518128000070)","Unfall 205010 (2020) Kat:3, Licht: 0","205010","3","6","3","04","16","7","0","0","0","1","0","0"
"POINT (6.841871423000043 51.069937613000036)","Unfall 205034 (2020) Kat:3, Licht: 0","205034","3","6","3","04","06","2","0","0","0","1","0","0"
"POINT (7.005077791000076 50.870202601000074)","Unfall 205047 (2020) Kat:2, Licht: 0","205047","2","2","5","04","16","6","0","0","0","1","0","1"
"POINT (6.883360910000022 50.943043081000042)","Unfall 205058 (2020) Kat:2, Licht: 0","205058","2","1","0","04","13","3","0","0","1","0","0","0"
"POINT (7.000644285000021 50.936674340000081)","Unfall 205059 (2020) Kat:3, Licht: 0","205059","3","2","5","04","15","1","0","0","1","1","0","0"
"POINT (6.895632061000072 51.019471404000058)","Unfall 205063 (2020) Kat:3, Licht: 2","205063","3","6","4","04","20","7","0","2","1","1","0","0"
"POINT (6.964158549000047 50.905063430000041)","Unfall 205086 (2020) Kat:3, Licht: 0","205086","3","1","0","04","12","2","0","0","0","0","0","0"
"POINT (7.025449419000040 50.899654311000063)","Unfall 205112 (2020) Kat:3, Licht: 0","205112","3","6","3","04","17","3","0","0","1","1","0","0"
"POINT (6.919856632000062 50.913025118000064)","Unfall 205114 (2020) Kat:3, Licht: 0","205114","3","1","0","04","16","7","0","0","1","0","0","0"
"POINT (6.958406230000037 50.925285735000045)","Unfall 205125 (2020) Kat:3, Licht: 0","205125","3","7","0","04","13","3","0","0","1","1","0","0"
"POINT (7.005977022000025 50.966955850000033)","Unfall 205129 (2020) Kat:3, Licht: 0","205129","3","1","0","04","14","4","0","0","0","0","0","1"
"POINT (6.964423709000073 50.916938332000029)","Unfall 205135 (2020) Kat:3, Licht: 0","205135","3","5","1","04","17","4","0","0","1","0","0","0"
"POINT (6.960256861000062 50.916443553000079)","Unfall 205136 (2020) Kat:3, Licht: 0","205136","3","5","0","04","13","2","0","0","1","1","0","0"
"POINT (7.008456475000060 50.942009823000035)","Unfall 205140 (2020) Kat:3, Licht: 0","205140","3","5","1","04","08","2","0","0","1","1","0","0"
"POINT (6.935439828000028 50.947696564000069)","Unfall 205162 (2020) Kat:3, Licht: 1","205162","3","2","5","04","21","3","0","1","1","1","0","0"
"POINT (7.063147329000060 50.896400762000042)","Unfall 205168 (2020) Kat:3, Licht: 0","205168","3","5","6","04","18","7","0","0","0","1","1","0"
"POINT (6.964457672000037 50.904031085000042)","Unfall 205187 (2020) Kat:2, Licht: 0","205187","2","7","0","04","15","2","0","0","0","1","0","1"
"POINT (6.971244048000074 50.941879421000067)","Unfall 205225 (2020) Kat:3, Licht: 0","205225","3","7","6","04","18","1","0","0","0","1","1","0"
"POINT (6.919140657000071 50.907575779000069)","Unfall 205226 (2020) Kat:2, Licht: 0","205226","2","7","0","04","11","3","0","0","0","0","1","0"
"POINT (7.006295793000049 50.948282757000072)","Unfall 205227 (2020) Kat:3, Licht: 0","205227","3","1","0","04","16","1","0","0","1","0","0","0"
"POINT (6.947024748000047 50.900640630000055)","Unfall 205229 (2020) Kat:3, Licht: 0","205229","3","6","2","04","13","1","0","0","0","1","0","1"
"POINT (6.852641163000044 50.944330306000040)","Unfall 205263 (2020) Kat:3, Licht: 0","205263","3","1","0","04","07","3","0","0","1","0","0","0"
"POINT (7.001181850000023 50.841253047000066)","Unfall 205301 (2020) Kat:3, Licht: 0","205301","3","3","5","04","14","7","0","0","1","0","0","0"
"POINT (7.071505052000020 50.892199945000073)","Unfall 205303 (2020) Kat:3, Licht: 0","205303","3","7","0","04","12","7","0","0","0","1","0","1"
"POINT (6.934350647000031 50.906429828000057)","Unfall 205304 (2020) Kat:3, Licht: 0","205304","3","2","5","04","14","7","0","0","1","1","0","0"
"POINT (7.002013208000051 50.890504853000039)","Unfall 205306 (2020) Kat:3, Licht: 0","205306","3","3","5","04","11","7","0","0","1","1","0","0"
"POINT (6.932182401000034 50.952873752000073)","Unfall 205313 (2020) Kat:3, Licht: 0","205313","3","6","4","04","10","3","0","0","1","0","0","0"
"POINT (6.914528269000073 51.053037371000073)","Unfall 205357 (2020) Kat:2, Licht: 0","205357","2","1","0","04","12","2","0","0","1","0","0","0"
"POINT (6.871565568000051 50.947544041000072)","Unfall 205359 (2020) Kat:2, Licht: 0","205359","2","7","8","04","18","2","0","0","1","0","0","0"
"POINT (7.023110547000044 51.000150921000056)","Unfall 205368 (2020) Kat:3, Licht: 0","205368","3","6","4","04","20","3","0","0","0","1","0","0"
"POINT (6.914592118000030 50.959897807000061)","Unfall 205376 (2020) Kat:3, Licht: 0","205376","3","2","6","04","17","2","0","0","0","0","1","0"
"POINT (6.943356161000054 50.968852460000051)","Unfall 205377 (2020) Kat:3, Licht: 0","205377","3","3","5","04","10","4","0","0","1","1","0","0"
"POINT (6.972522878000063 50.941787030000057)","Unfall 205379 (2020) Kat:3, Licht: 0","205379","3","4","6","04","19","6","0","0","0","1","1","0"
"POINT (6.940744944000073 50.931142608000073)","Unfall 205380 (2020) Kat:2, Licht: 0","205380","2","1","0","04","16","6","0","0","1","0","0","0"
"POINT (6.884981856000024 51.006319729000040)","Unfall 205383 (2020) Kat:3, Licht: 0","205383","3","6","4","04","09","4","0","0","0","1","0","1"
"POINT (6.860624911000059 51.061736102000054)","Unfall 205385 (2020) Kat:3, Licht: 0","205385","3","3","5","04","16","4","0","0","1","0","0","0"
"POINT (6.937247474000060 50.929126744000030)","Unfall 205391 (2020) Kat:3, Licht: 0","205391","3","7","0","04","12","4","0","0","1","0","0","0"
"POINT (6.890910754000061 50.976279445000046)","Unfall 205418 (2020) Kat:2, Licht: 0","205418","2","1","0","04","15","3","0","0","1","0","0","0"
"POINT (6.989733948000037 50.908399368000062)","Unfall 205438 (2020) Kat:3, Licht: 0","205438","3","3","5","04","15","5","0","0","1","1","0","0"
"POINT (6.891174607000039 51.016538560000072)","Unfall 205439 (2020) Kat:3, Licht: 0","205439","3","1","7","04","06","5","0","0","0","0","0","0"
"POINT (6.897969499000055 51.007309261000046)","Unfall 205440 (2020) Kat:2, Licht: 0","205440","2","1","0","04","08","5","0","0","1","0","0","0"
"POINT (6.885121832000039 50.946178672000030)","Unfall 205442 (2020) Kat:3, Licht: 0","205442","3","4","6","04","12","5","0","0","0","1","1","0"
"POINT (6.918297517000042 50.942807279000078)","Unfall 205444 (2020) Kat:3, Licht: 0","205444","3","2","2","04","09","5","0","0","0","1","0","1"
"POINT (6.940981434000037 50.914526752000029)","Unfall 205446 (2020) Kat:3, Licht: 0","205446","3","3","1","04","13","5","0","0","1","1","0","0"
"POINT (6.967108398000050 50.893463812000050)","Unfall 205447 (2020) Kat:3, Licht: 0","205447","3","1","0","04","11","5","0","0","0","0","0","1"
"POINT (6.940928610000071 50.914072837000049)","Unfall 205448 (2020) Kat:1, Licht: 0","205448","1","2","6","04","15","5","0","0","0","0","1","0"
"POINT (6.910462988000063 51.009560552000039)","Unfall 205475 (2020) Kat:3, Licht: 0","205475","3","1","0","04","19","7","0","0","0","1","0","1"
"POINT (7.071334096000044 50.984949561000064)","Unfall 205479 (2020) Kat:3, Licht: 0","205479","3","6","5","04","19","1","0","0","0","1","0","0"
"POINT (6.959661991000075 50.973229169000035)","Unfall 205489 (2020) Kat:3, Licht: 0","205489","3","2","1","04","10","4","0","0","1","1","0","0"
"POINT (6.899792621000074 50.952432463000036)","Unfall 205493 (2020) Kat:3, Licht: 2","205493","3","3","5","04","20","4","0","2","0","1","0","0"
"POINT (6.901438613000039 50.967449033000037)","Unfall 205494 (2020) Kat:3, Licht: 0","205494","3","5","0","04","14","4","0","0","0","1","0","0"
"POINT (6.945681575000037 50.906695913000078)","Unfall 205497 (2020) Kat:3, Licht: 0","205497","3","6","3","04","14","4","0","0","1","1","0","0"
"POINT (6.911658646000035 50.918806209000081)","Unfall 205502 (2020) Kat:3, Licht: 0","205502","3","1","0","04","18","4","0","0","1","1","0","0"
"POINT (6.907141695000064 50.906168673000082)","Unfall 205508 (2020) Kat:3, Licht: 0","205508","3","7","0","04","10","4","0","0","1","0","1","0"
"POINT (6.960126329000048 50.907724812000026)","Unfall 205509 (2020) Kat:3, Licht: 0","205509","3","6","1","04","15","5","0","0","0","1","0","0"
"POINT (6.944494068000040 50.914222739000081)","Unfall 205512 (2020) Kat:3, Licht: 0","205512","3","5","5","04","14","6","0","0","1","0","0","0"
"POINT (6.943585442000028 50.924318777000053)","Unfall 205513 (2020) Kat:3, Licht: 0","205513","3","5","1","04","18","4","0","0","1","1","0","0"
"POINT (6.907836677000034 50.946065507000071)","Unfall 205529 (2020) Kat:3, Licht: 0","205529","3","7","0","04","18","1","0","0","1","0","0","0"
"POINT (6.886392896000075 50.960033111000030)","Unfall 205538 (2020) Kat:3, Licht: 2","205538","3","1","0","04","20","7","0","2","1","0","0","0"
"POINT (7.000997398000038 50.935315425000056)","Unfall 205546 (2020) Kat:3, Licht: 1","205546","3","2","4","04","06","5","0","1","0","1","0","0"
"POINT (7.047367435000069 50.919104506000053)","Unfall 205549 (2020) Kat:3, Licht: 0","205549","3","6","2","04","13","6","0","0","0","1","0","0"
"POINT (6.908232178000048 50.921005882000031)","Unfall 205558 (2020) Kat:3, Licht: 0","205558","3","2","5","04","13","5","0","0","1","1","0","0"
"POINT (7.008719646000031 50.891863780000051)","Unfall 205562 (2020) Kat:3, Licht: 0","205562","3","1","3","04","15","6","0","0","1","1","0","0"
"POINT (7.028940477000049 50.942613197000071)","Unfall 205580 (2020) Kat:3, Licht: 0","205580","3","1","0","04","13","7","0","0","1","0","0","0"
"POINT (6.887624489000075 50.969279644000039)","Unfall 205601 (2020) Kat:3, Licht: 0","205601","3","3","5","04","19","5","0","0","1","1","0","0"
"POINT (6.948591895000050 50.924307936000048)","Unfall 205615 (2020) Kat:3, Licht: 0","205615","3","2","5","04","11","5","0","0","0","1","0","1"
"POINT (6.888667376000058 51.001082653000026)","Unfall 205619 (2020) Kat:3, Licht: 0","205619","3","5","4","04","15","6","0","0","0","1","0","0"
"POINT (6.901285783000049 50.917768259000070)","Unfall 205631 (2020) Kat:3, Licht: 0","205631","3","1","0","04","13","7","0","0","1","0","0","0"
"POINT (7.039645841000038 50.972687564000069)","Unfall 205638 (2020) Kat:3, Licht: 0","205638","3","1","0","04","11","1","0","0","0","0","0","1"
"POINT (7.023162087000060 50.933715318000054)","Unfall 205654 (2020) Kat:3, Licht: 0","205654","3","5","1","04","17","5","0","0","1","1","0","0"
"POINT (7.073113716000023 50.889668282000059)","Unfall 205658 (2020) Kat:3, Licht: 0","205658","3","4","6","04","14","6","0","0","0","1","1","0"
"POINT (6.941301318000058 50.909147279000081)","Unfall 205667 (2020) Kat:3, Licht: 0","205667","3","6","2","04","14","5","0","0","0","1","0","0"
"POINT (6.934806937000076 50.906575349000036)","Unfall 205670 (2020) Kat:3, Licht: 0","205670","3","2","5","04","12","6","0","0","1","1","0","0"
"POINT (6.898435754000047 50.951907283000025)","Unfall 205687 (2020) Kat:3, Licht: 0","205687","3","1","0","04","09","1","0","0","1","0","0","0"
"POINT (6.959115400000030 50.969269557000075)","Unfall 205704 (2020) Kat:3, Licht: 0","205704","3","1","0","04","16","5","0","0","1","0","0","0"
"POINT (6.986191512000062 50.990805949000048)","Unfall 205707 (2020) Kat:2, Licht: 2","205707","2","1","8","04","21","6","0","2","0","1","0","0"
"POINT (6.964999853000052 50.901633568000079)","Unfall 205716 (2020) Kat:3, Licht: 0","205716","3","6","3","04","13","5","0","0","1","0","0","0"
"POINT (6.994140779000077 50.942263283000045)","Unfall 205813 (2020) Kat:3, Licht: 0","205813","3","6","3","04","14","3","0","0","1","1","0","0"
"POINT (7.053614235000055 50.975029079000080)","Unfall 205815 (2020) Kat:3, Licht: 0","205815","3","7","5","04","10","3","0","0","0","1","0","1"
"POINT (6.894954443000074 51.012133659000028)","Unfall 205816 (2020) Kat:2, Licht: 0","205816","2","3","5","04","12","3","0","0","1","1","0","0"
"POINT (6.840670145000047 50.947057067000060)","Unfall 205817 (2020) Kat:3, Licht: 0","205817","3","2","4","04","09","3","0","0","1","1","0","0"
"POINT (7.022254915000076 50.934320553000077)","Unfall 205818 (2020) Kat:3, Licht: 0","205818","3","2","2","04","15","5","0","0","0","1","0","1"
"POINT (6.962284354000076 50.912552076000054)","Unfall 205819 (2020) Kat:3, Licht: 0","205819","3","6","2","04","12","3","0","0","0","1","0","1"
"POINT (7.023149588000024 51.002781330000062)","Unfall 205824 (2020) Kat:3, Licht: 0","205824","3","6","0","04","14","5","0","0","1","1","0","0"
"POINT (6.899728402000051 50.953250315000048)","Unfall 205829 (2020) Kat:3, Licht: 0","205829","3","1","1","04","15","5","0","0","0","1","0","0"
"POINT (6.914807738000036 50.967636603000074)","Unfall 205839 (2020) Kat:2, Licht: 0","205839","2","4","6","04","12","5","0","0","0","0","1","0"
"POINT (6.898004164000042 50.946024317000081)","Unfall 205850 (2020) Kat:3, Licht: 2","205850","3","2","5","04","09","5","0","2","1","1","0","0"
"POINT (7.034462981000047 50.873107450000077)","Unfall 205870 (2020) Kat:2, Licht: 0","205870","2","6","0","04","16","5","0","0","1","0","0","0"
"POINT (6.934244217000071 50.914769890000059)","Unfall 205874 (2020) Kat:3, Licht: 1","205874","3","2","0","04","05","5","0","1","0","1","0","1"
"POINT (6.956795327000066 50.910707692000074)","Unfall 205890 (2020) Kat:3, Licht: 2","205890","3","1","8","04","04","5","0","2","0","1","0","0"
"POINT (6.995270154000025 50.998628377000045)","Unfall 205912 (2020) Kat:3, Licht: 0","205912","3","7","0","04","20","2","0","0","0","1","0","0"
"POINT (7.012480339000035 50.963259891000064)","Unfall 205914 (2020) Kat:3, Licht: 0","205914","3","1","0","04","17","2","0","0","0","0","0","1"
"POINT (6.952651691000028 51.024358028000051)","Unfall 205916 (2020) Kat:2, Licht: 0","205916","2","7","6","04","15","2","0","0","0","1","1","0"
"POINT (6.860364001000050 50.984732942000051)","Unfall 205918 (2020) Kat:3, Licht: 0","205918","3","3","0","04","14","2","0","0","1","0","0","0"
"POINT (7.018319405000057 50.933405744000027)","Unfall 205940 (2020) Kat:3, Licht: 0","205940","3","4","6","04","12","4","0","0","0","1","1","0"
"POINT (7.008417746000021 50.970325803000037)","Unfall 205946 (2020) Kat:3, Licht: 0","205946","3","4","6","04","17","4","0","0","0","1","1","0"
"POINT (6.947745805000068 51.000452688000053)","Unfall 205948 (2020) Kat:3, Licht: 0","205948","3","3","0","04","18","4","0","0","1","1","0","0"
"POINT (6.877000492000036 50.949880411000038)","Unfall 205950 (2020) Kat:3, Licht: 0","205950","3","5","1","04","14","4","0","0","1","1","0","0"
"POINT (6.928689957000074 50.950138975000073)","Unfall 205956 (2020) Kat:3, Licht: 0","205956","3","4","0","04","19","4","0","0","1","0","1","0"
"POINT (6.962544515000047 50.911492881000072)","Unfall 205959 (2020) Kat:3, Licht: 0","205959","3","4","6","04","14","4","0","0","1","0","1","0"
"POINT (6.957511405000048 50.928587407000066)","Unfall 205989 (2020) Kat:3, Licht: 2","205989","3","1","0","04","00","1","0","2","1","0","0","0"
"POINT (6.911366491000024 50.964643711000065)","Unfall 205998 (2020) Kat:3, Licht: 0","205998","3","6","2","04","17","2","0","0","0","1","0","0"
"POINT (6.943966126000021 50.935224550000044)","Unfall 206011 (2020) Kat:3, Licht: 0","206011","3","7","0","04","16","2","0","0","1","1","0","0"
"POINT (6.935078959000066 50.956580800000040)","Unfall 206017 (2020) Kat:3, Licht: 0","206017","3","7","0","04","15","3","1","0","1","1","0","0"
"POINT (6.954739270000061 50.995887205000031)","Unfall 206026 (2020) Kat:2, Licht: 0","206026","2","1","0","04","14","7","0","0","1","0","0","0"
"POINT (7.048815801000046 50.873513241000069)","Unfall 206044 (2020) Kat:3, Licht: 0","206044","3","1","0","04","16","1","0","0","1","0","0","0"
"POINT (6.968654932000050 50.907693868000081)","Unfall 206049 (2020) Kat:3, Licht: 0","206049","3","2","5","04","16","2","0","0","1","1","0","0"
"POINT (6.961829401000045 50.962283565000064)","Unfall 206060 (2020) Kat:2, Licht: 2","206060","2","5","1","04","22","6","0","2","1","1","0","0"
"POINT (6.857789260000061 50.980725333000066)","Unfall 206066 (2020) Kat:2, Licht: 0","206066","2","1","0","04","20","6","0","0","1","0","0","0"
"POINT (6.995090572000038 50.869887994000067)","Unfall 206071 (2020) Kat:3, Licht: 0","206071","3","3","5","04","10","6","0","0","0","1","0","0"