WKT,Name,OBJECTID,UKATEGORIE,UTYP1,UART,UMONAT,USTUNDE,UWOCHENTAG,STRZUSTAND,ULICHTVERH,ISTRAD,ISTPKW,ISTFUSS,ISTKRAD
"POINT (6.935076214000048 50.927869199000042)","Unfall 206078 (2020) Kat:3, Licht: 2","206078","3","1","0","04","21","6","0","2","1","0","0","0"
"POINT (6.938545783000052 50.932867910000027)","Unfall 206087 (2020) Kat:2, Licht: 0","206087","2","1","0","04","20","6","0","0","1","0","0","0"
"POINT (6.933122119000075 50.940166606000048)","Unfall 206089 (2020) Kat:3, Licht: 0","206089","3","5","1","04","10","6","0","0","1","1","0","0"
"POINT (6.945473532000051 50.903219781000075)","Unfall 206093 (2020) Kat:3, Licht: 0","206093","3","3","5","04","13","1","0","0","1","1","0","0"
"POINT (6.896376936000024 50.926440632000038)","Unfall 206099 (2020) Kat:3, Licht: 0","206099","3","1","0","04","14","2","0","0","1","0","0","0"
"POINT (6.985776883000028 50.989698612000041)","Unfall 206103 (2020) Kat:3, Licht: 0","206103","3","1","0","04","18","2","0","0","1","0","0","0"
"POINT (6.944940607000035 50.968020702000047)","Unfall 206122 (2020) Kat:3, Licht: 0","206122","3","1","0","04","11","3","1","0","0","0","0","1"
"POINT (7.008495991000075 50.848985887000026)","Unfall 206149 (2020) Kat:3, Licht: 0","206149","3","4","6","04","17","1","0","0","0","1","1","0"
"POINT (7.018322256000033 50.866821512000058)","Unfall 206154 (2020) Kat:3, Licht: 0","206154","3","1","0","04","19","2","0","0","1","0","0","0"
"POINT (6.940733893000072 50.946877074000042)","Unfall 206167 (2020) Kat:3, Licht: 0","206167","3","1","0","04","17","2","0","0","1","0","0","0"
"POINT (6.917729668000050 50.915260573000069)","Unfall 206174 (2020) Kat:3, Licht: 0","206174","3","5","1","04","13","3","0","0","1","1","0","0"
"POINT (7.051746939000054 50.903185437000047)","Unfall 206193 (2020) Kat:3, Licht: 0","206193","3","4","6","04","16","2","0","0","0","1","1","0"
"POINT (7.033247858000038 50.938625898000055)","Unfall 206201 (2020) Kat:2, Licht: 0","206201","2","3","5","04","12","1","0","0","0","1","0","0"
"POINT (6.941632266000056 50.916976044000080)","Unfall 206206 (2020) Kat:2, Licht: 0","206206","2","2","4","04","07","2","0","0","0","1","0","0"
"POINT (6.994993914000077 50.916912386000035)","Unfall 206226 (2020) Kat:3, Licht: 0","206226","3","1","0","04","06","3","0","0","1","0","0","0"
"POINT (6.914515673000039 51.053029596000044)","Unfall 206312 (2020) Kat:2, Licht: 0","206312","2","1","0","05","13","1","0","0","1","0","0","0"
"POINT (6.929509737000046 50.941126346000033)","Unfall 206314 (2020) Kat:2, Licht: 0","206314","2","3","5","05","13","1","0","0","1","1","0","0"
"POINT (6.868631747000052 50.949857952000059)","Unfall 206315 (2020) Kat:3, Licht: 0","206315","3","5","0","05","11","1","0","0","1","1","0","0"
"POINT (6.962028621000059 50.953934320000030)","Unfall 206331 (2020) Kat:3, Licht: 0","206331","3","5","0","05","12","2","0","0","1","1","0","0"
"POINT (6.923786345000053 50.952518913000063)","Unfall 206339 (2020) Kat:3, Licht: 2","206339","3","2","0","05","23","2","0","2","0","1","1","0"
"POINT (6.940870629000074 50.912093452000079)","Unfall 206372 (2020) Kat:3, Licht: 0","206372","3","1","0","05","17","2","0","0","1","0","0","0"
"POINT (7.003919754000037 50.930250389000037)","Unfall 206380 (2020) Kat:2, Licht: 0","206380","2","1","0","05","12","7","1","0","1","0","0","0"
"POINT (6.915678373000048 50.961887502000081)","Unfall 206381 (2020) Kat:3, Licht: 0","206381","3","1","0","05","10","7","1","0","1","0","0","0"
"POINT (6.889412110000023 50.955358888000035)","Unfall 206382 (2020) Kat:3, Licht: 0","206382","3","5","0","05","19","7","0","0","0","1","0","0"
"POINT (6.973317102000067 50.895116138000049)","Unfall 206384 (2020) Kat:3, Licht: 0","206384","3","1","0","05","10","7","1","0","0","0","0","0"
"POINT (6.924402682000050 50.917703327000027)","Unfall 206385 (2020) Kat:3, Licht: 0","206385","3","2","5","05","19","2","0","0","1","0","0","0"
"POINT (6.940206942000032 50.938304471000038)","Unfall 206386 (2020) Kat:3, Licht: 0","206386","3","3","3","05","13","7","0","0","1","0","0","0"
"POINT (6.961218617000043 50.930286413000033)","Unfall 206396 (2020) Kat:3, Licht: 0","206396","3","7","6","05","08","2","0","0","0","1","1","0"
"POINT (7.020954089000043 50.974381968000046)","Unfall 206400 (2020) Kat:3, Licht: 0","206400","3","3","5","04","17","4","1","0","1","1","0","0"
"POINT (6.886484787000029 50.967356541000072)","Unfall 206402 (2020) Kat:3, Licht: 0","206402","3","3","5","04","10","4","0","0","1","1","0","0"
"POINT (6.962817737000023 50.932517739000048)","Unfall 206404 (2020) Kat:3, Licht: 0","206404","3","3","5","04","09","4","0","0","1","1","0","0"
"POINT (6.983079691000057 50.913310629000080)","Unfall 206425 (2020) Kat:3, Licht: 0","206425","3","3","5","05","16","6","0","0","1","0","0","0"
"POINT (6.922232290000068 50.933986434000076)","Unfall 206427 (2020) Kat:3, Licht: 0","206427","3","7","6","05","13","6","0","0","0","1","1","0"
"POINT (6.952740036000023 50.942257228000074)","Unfall 206437 (2020) Kat:3, Licht: 0","206437","3","6","3","05","16","2","0","0","0","1","0","1"
"POINT (6.843814350000059 50.935474234000026)","Unfall 206474 (2020) Kat:3, Licht: 0","206474","3","1","0","04","07","5","1","0","1","0","0","0"
"POINT (6.993237379000050 50.894514749000052)","Unfall 206475 (2020) Kat:3, Licht: 0","206475","3","6","2","04","09","5","0","0","0","1","0","0"
"POINT (6.944497542000022 50.914381205000041)","Unfall 206477 (2020) Kat:3, Licht: 2","206477","3","1","0","04","01","5","1","2","1","0","0","0"
"POINT (6.921249176000060 50.906050957000048)","Unfall 206479 (2020) Kat:3, Licht: 0","206479","3","6","4","04","16","5","1","0","1","1","0","0"
"POINT (6.907552703000022 50.927281204000053)","Unfall 206481 (2020) Kat:2, Licht: 0","206481","2","3","5","04","16","5","1","0","0","0","0","1"
"POINT (6.907567292000067 50.956409077000046)","Unfall 206499 (2020) Kat:3, Licht: 0","206499","3","7","1","05","10","5","0","0","1","1","0","0"
"POINT (6.926357638000070 50.919275517000074)","Unfall 206503 (2020) Kat:3, Licht: 0","206503","3","2","6","05","14","6","0","0","0","1","1","0"
"POINT (7.005214772000045 50.860099127000069)","Unfall 206515 (2020) Kat:3, Licht: 0","206515","3","2","5","05","16","7","0","0","1","1","0","0"
"POINT (7.089738704000069 50.862931463000052)","Unfall 206537 (2020) Kat:3, Licht: 0","206537","3","4","6","05","08","5","0","0","0","1","1","0"
"POINT (6.966709778000052 50.912348032000068)","Unfall 206541 (2020) Kat:2, Licht: 0","206541","2","3","0","05","11","6","0","0","1","1","0","0"
"POINT (6.917657985000062 50.956097740000075)","Unfall 206544 (2020) Kat:3, Licht: 2","206544","3","5","1","05","22","6","0","2","1","1","0","0"
"POINT (6.940981337000039 50.914525946000026)","Unfall 206548 (2020) Kat:3, Licht: 0","206548","3","1","1","05","15","5","0","0","1","1","0","0"
"POINT (6.936453772000050 50.934818233000044)","Unfall 206562 (2020) Kat:3, Licht: 0","206562","3","2","5","05","14","5","0","0","1","1","0","0"
"POINT (7.004876500000023 50.860075995000045)","Unfall 206566 (2020) Kat:3, Licht: 0","206566","3","1","9","05","16","7","0","0","0","0","0","1"
"POINT (7.007878601000073 50.959838786000034)","Unfall 206585 (2020) Kat:3, Licht: 0","206585","3","3","5","05","10","5","0","0","0","1","0","0"
"POINT (7.119573944000024 50.875295238000035)","Unfall 206586 (2020) Kat:2, Licht: 1","206586","2","3","5","05","21","4","0","1","1","0","0","0"
"POINT (7.064726197000027 50.925249186000030)","Unfall 206591 (2020) Kat:3, Licht: 0","206591","3","7","0","05","11","4","0","0","0","0","0","1"
"POINT (6.926496770000028 50.955111812000041)","Unfall 206594 (2020) Kat:3, Licht: 0","206594","3","4","0","05","19","6","0","0","1","0","1","0"
"POINT (6.924512338000056 50.909637368000062)","Unfall 206598 (2020) Kat:3, Licht: 0","206598","3","5","1","05","13","5","0","0","1","1","0","0"
"POINT (7.063672478000058 50.943064695000032)","Unfall 206599 (2020) Kat:3, Licht: 0","206599","3","2","5","05","10","4","0","0","1","0","0","0"
"POINT (6.926590566000073 50.930981861000078)","Unfall 206607 (2020) Kat:3, Licht: 0","206607","3","6","3","05","15","6","0","0","0","1","0","1"
"POINT (6.957213169000056 50.933138986000074)","Unfall 206617 (2020) Kat:3, Licht: 0","206617","3","7","0","05","17","7","0","0","0","1","0","1"
"POINT (7.022701846000075 50.973605413000030)","Unfall 206620 (2020) Kat:3, Licht: 0","206620","3","6","4","05","14","7","0","0","1","0","0","0"
"POINT (6.968953066000040 50.940406350000046)","Unfall 206632 (2020) Kat:3, Licht: 0","206632","3","1","0","05","16","4","0","0","1","0","0","0"
"POINT (6.880112772000075 50.940279268000040)","Unfall 206636 (2020) Kat:3, Licht: 0","206636","3","7","0","05","19","6","0","0","1","0","0","0"
"POINT (7.093568245000029 50.845715385000062)","Unfall 206644 (2020) Kat:3, Licht: 0","206644","3","6","4","05","18","5","0","0","1","0","0","0"
"POINT (7.035172060000036 50.984098091000078)","Unfall 206645 (2020) Kat:3, Licht: 0","206645","3","1","8","05","17","4","0","0","1","0","0","0"
"POINT (6.940565751000065 50.920569915000044)","Unfall 206649 (2020) Kat:3, Licht: 0","206649","3","6","3","05","17","6","0","0","1","0","0","0"
"POINT (6.926756251000029 50.942662885000061)","Unfall 206655 (2020) Kat:3, Licht: 0","206655","3","2","5","05","18","5","0","0","1","1","0","0"
"POINT (6.902359573000069 51.017290646000049)","Unfall 206656 (2020) Kat:3, Licht: 0","206656","3","3","5","05","18","4","0","0","1","1","0","0"
"POINT (6.940163755000071 50.923215402000039)","Unfall 206670 (2020) Kat:2, Licht: 0","206670","2","1","0","05","17","5","0","0","1","0","0","0"
"POINT (6.904178789000071 50.919448722000027)","Unfall 206674 (2020) Kat:3, Licht: 0","206674","3","3","5","05","13","7","0","0","1","1","0","0"
"POINT (7.046104611000033 50.946729495000056)","Unfall 206695 (2020) Kat:3, Licht: 0","206695","3","5","1","05","18","5","0","0","1","1","0","0"
"POINT (6.959516898000061 50.971861178000040)","Unfall 206696 (2020) Kat:3, Licht: 0","206696","3","3","0","05","16","4","0","0","1","0","0","1"
"POINT (6.926265920000049 50.906751709000048)","Unfall 206700 (2020) Kat:3, Licht: 0","206700","3","3","5","05","16","4","0","0","1","1","0","0"
"POINT (6.915127554000037 50.944067927000049)","Unfall 206703 (2020) Kat:3, Licht: 0","206703","3","6","2","05","16","6","0","0","0","1","0","0"
"POINT (6.945542716000034 50.910381217000065)","Unfall 206707 (2020) Kat:3, Licht: 0","206707","3","2","5","05","12","5","0","0","1","1","0","0"
"POINT (6.962415290000024 50.945701801000041)","Unfall 206708 (2020) Kat:3, Licht: 0","206708","3","3","5","05","07","4","0","0","0","1","0","0"
"POINT (6.994432513000049 50.935465065000074)","Unfall 206713 (2020) Kat:3, Licht: 0","206713","3","2","4","05","18","3","0","0","1","1","0","0"
"POINT (6.911278059000040 50.931556010000065)","Unfall 206715 (2020) Kat:2, Licht: 2","206715","2","1","1","05","22","6","0","2","0","1","0","0"
"POINT (7.005081523000058 50.951051130000053)","Unfall 206716 (2020) Kat:3, Licht: 0","206716","3","1","0","05","11","3","0","0","1","1","0","0"
"POINT (6.997664003000068 50.961865037000052)","Unfall 206717 (2020) Kat:3, Licht: 0","206717","3","4","6","05","18","3","0","0","0","1","1","0"
"POINT (6.996199739000076 50.949189630000035)","Unfall 206719 (2020) Kat:3, Licht: 0","206719","3","1","0","05","18","3","0","0","1","0","0","0"
"POINT (6.955393930000071 50.927117678000059)","Unfall 206724 (2020) Kat:3, Licht: 1","206724","3","6","2","05","20","7","0","1","0","1","0","0"
"POINT (6.956823483000051 50.974175806000062)","Unfall 206725 (2020) Kat:3, Licht: 0","206725","3","2","0","05","19","3","0","0","1","1","0","0"
"POINT (6.899905879000073 50.979701259000080)","Unfall 206727 (2020) Kat:3, Licht: 2","206727","3","1","0","05","00","3","0","2","0","1","0","0"
"POINT (6.934934677000058 50.915597712000078)","Unfall 206729 (2020) Kat:3, Licht: 0","206729","3","1","0","05","12","3","0","0","1","0","0","0"
"POINT (6.934970814000053 50.927808693000031)","Unfall 206735 (2020) Kat:2, Licht: 0","206735","2","1","0","05","15","3","0","0","1","0","0","0"
"POINT (6.940775035000058 50.934075945000075)","Unfall 206738 (2020) Kat:3, Licht: 0","206738","3","7","0","05","15","3","0","0","1","0","1","0"
"POINT (6.955094896000048 50.938996111000051)","Unfall 206746 (2020) Kat:3, Licht: 0","206746","3","5","5","05","11","3","0","0","1","1","0","0"
"POINT (6.980231599000035 51.004103404000034)","Unfall 206747 (2020) Kat:2, Licht: 0","206747","2","1","0","05","07","5","0","0","1","0","0","0"
"POINT (6.851736860000074 50.945464956000080)","Unfall 206752 (2020) Kat:3, Licht: 0","206752","3","3","5","05","10","6","0","0","1","1","0","0"
"POINT (6.935058896000044 50.919843386000082)","Unfall 206756 (2020) Kat:3, Licht: 0","206756","3","1","0","05","11","5","0","0","1","0","0","0"
"POINT (6.921785899000042 50.920429849000072)","Unfall 206759 (2020) Kat:2, Licht: 0","206759","2","7","6","05","10","4","0","0","0","1","1","0"
"POINT (6.954729179000026 50.930609685000036)","Unfall 206761 (2020) Kat:3, Licht: 0","206761","3","6","0","05","07","4","0","0","0","1","0","0"
"POINT (6.941028326000037 50.945296654000060)","Unfall 206762 (2020) Kat:3, Licht: 0","206762","3","3","5","05","20","4","0","0","1","0","0","0"
"POINT (7.090929348000032 50.862978785000053)","Unfall 206837 (2020) Kat:3, Licht: 0","206837","3","3","5","05","17","3","0","0","1","1","0","0"
"POINT (7.014308071000073 50.963294129000076)","Unfall 206839 (2020) Kat:3, Licht: 0","206839","3","4","0","05","12","3","0","0","0","1","1","0"
"POINT (6.910721159000048 50.957513226000060)","Unfall 206841 (2020) Kat:2, Licht: 0","206841","2","6","3","05","10","3","0","0","1","1","0","0"
"POINT (6.954475027000058 50.941619421000041)","Unfall 206842 (2020) Kat:3, Licht: 0","206842","3","5","1","05","10","3","0","0","1","1","0","0"
"POINT (6.927426901000047 50.953762214000051)","Unfall 206854 (2020) Kat:3, Licht: 0","206854","3","1","0","05","19","5","0","0","1","0","0","0"
"POINT (7.032972700000073 50.873944534000032)","Unfall 206863 (2020) Kat:3, Licht: 0","206863","3","5","0","05","08","5","0","0","1","1","0","0"
"POINT (6.917995498000039 50.928637739000067)","Unfall 206898 (2020) Kat:3, Licht: 0","206898","3","7","0","05","13","5","0","0","1","1","0","0"
"POINT (7.032535323000047 50.980069557000036)","Unfall 206906 (2020) Kat:3, Licht: 0","206906","3","7","5","05","17","2","0","0","0","1","0","1"
"POINT (6.969015433000038 50.971782164000047)","Unfall 206908 (2020) Kat:2, Licht: 0","206908","2","5","1","05","15","2","0","0","1","1","0","0"
"POINT (6.951910008000027 50.952101564000031)","Unfall 206910 (2020) Kat:3, Licht: 0","206910","3","7","0","05","13","2","0","0","1","1","0","0"
"POINT (6.930117594000024 50.914726099000063)","Unfall 206912 (2020) Kat:3, Licht: 0","206912","3","6","1","05","12","2","0","0","1","1","0","0"
"POINT (6.943174767000073 50.969787820000079)","Unfall 206972 (2020) Kat:3, Licht: 0","206972","3","5","1","05","10","1","0","0","0","1","0","0"
"POINT (6.845138169000052 50.935621555000068)","Unfall 206974 (2020) Kat:3, Licht: 0","206974","3","4","4","05","17","1","1","0","0","1","1","0"
"POINT (7.022140790000037 50.902715767000075)","Unfall 206997 (2020) Kat:3, Licht: 0","206997","3","6","3","05","17","4","0","0","1","0","0","0"
"POINT (6.983185449000075 50.993910856000070)","Unfall 207003 (2020) Kat:3, Licht: 0","207003","3","4","6","05","15","4","0","0","0","1","1","0"
"POINT (6.908338597000068 50.989015521000056)","Unfall 207006 (2020) Kat:3, Licht: 0","207006","3","7","8","05","07","4","0","0","0","1","0","0"
"POINT (6.968982047000054 50.968660603000046)","Unfall 207014 (2020) Kat:3, Licht: 0","207014","3","2","5","05","09","4","0","0","1","1","0","0"
"POINT (6.877326322000045 50.931918463000045)","Unfall 207024 (2020) Kat:2, Licht: 0","207024","2","1","0","05","18","4","0","0","1","0","0","0"
"POINT (6.946302056000036 50.973564653000039)","Unfall 207028 (2020) Kat:3, Licht: 0","207028","3","2","4","05","18","7","0","0","0","1","0","0"
"POINT (6.952699215000052 50.962631869000063)","Unfall 207035 (2020) Kat:3, Licht: 0","207035","3","5","1","05","11","2","0","0","1","1","0","0"
"POINT (6.935059640000077 50.927859684000055)","Unfall 207046 (2020) Kat:3, Licht: 0","207046","3","1","0","05","09","3","0","0","1","0","0","0"
"POINT (6.927557869000054 50.895763126000077)","Unfall 207052 (2020) Kat:3, Licht: 0","207052","3","1","0","05","13","7","0","0","1","0","0","0"
"POINT (6.939163869000026 50.930043539000053)","Unfall 207065 (2020) Kat:3, Licht: 0","207065","3","5","0","05","14","7","0","0","1","1","0","0"
"POINT (7.078753536000022 50.894941677000077)","Unfall 207076 (2020) Kat:3, Licht: 0","207076","3","4","6","05","12","7","0","0","0","1","1","0"
"POINT (6.997701093000046 50.887745764000044)","Unfall 207083 (2020) Kat:3, Licht: 0","207083","3","2","5","05","07","2","0","0","1","1","0","0"
"POINT (6.968824239000071 50.920470334000072)","Unfall 207095 (2020) Kat:3, Licht: 0","207095","3","7","0","05","17","3","0","0","1","0","1","0"
"POINT (6.894539634000068 51.018061417000069)","Unfall 207099 (2020) Kat:2, Licht: 0","207099","2","1","8","05","18","1","0","0","0","0","0","1"
"POINT (7.049892234000026 50.953001454000059)","Unfall 207134 (2020) Kat:3, Licht: 0","207134","3","7","0","05","12","6","0","0","1","1","0","0"
"POINT (6.948012023000047 50.954839635000042)","Unfall 207135 (2020) Kat:3, Licht: 0","207135","3","6","1","05","19","2","0","0","0","1","0","0"
"POINT (7.059033131000035 50.935960259000069)","Unfall 207136 (2020) Kat:3, Licht: 0","207136","3","1","4","05","05","6","0","0","0","1","0","0"
"POINT (7.036002384000028 50.990345667000042)","Unfall 207142 (2020) Kat:3, Licht: 0","207142","3","3","5","05","13","6","0","0","1","1","0","0"
"POINT (7.007036126000060 50.966679157000044)","Unfall 207145 (2020) Kat:3, Licht: 0","207145","3","3","5","05","09","6","0","0","0","1","0","0"
"POINT (6.960529355000062 50.943609174000073)","Unfall 207146 (2020) Kat:3, Licht: 0","207146","3","3","1","05","17","2","0","0","1","1","0","0"
"POINT (6.848364874000026 51.049105291000046)","Unfall 207147 (2020) Kat:3, Licht: 0","207147","3","5","0","05","13","3","0","0","1","0","0","0"
"POINT (6.919320533000075 50.979915766000033)","Unfall 207148 (2020) Kat:3, Licht: 0","207148","3","2","0","05","10","6","0","0","1","1","0","0"
"POINT (6.950322988000039 50.947184351000033)","Unfall 207153 (2020) Kat:2, Licht: 0","207153","2","6","4","05","13","6","0","0","1","1","0","0"
"POINT (6.947278425000036 50.930239267000047)","Unfall 207157 (2020) Kat:2, Licht: 0","207157","2","2","5","05","12","6","0","0","1","1","0","0"
"POINT (6.942175522000071 50.934990194000079)","Unfall 207160 (2020) Kat:3, Licht: 0","207160","3","7","0","05","07","3","0","0","1","1","0","0"
"POINT (6.965824336000026 50.898626377000028)","Unfall 207185 (2020) Kat:3, Licht: 0","207185","3","1","0","05","11","2","0","0","1","0","0","0"
"POINT (6.969145990000072 50.918503051000073)","Unfall 207197 (2020) Kat:2, Licht: 0","207197","2","2","5","05","09","3","0","0","1","0","0","0"
"POINT (6.923390489000042 50.918212609000079)","Unfall 207232 (2020) Kat:3, Licht: 0","207232","3","6","5","05","18","2","0","0","1","1","0","0"
"POINT (6.956579753000028 50.950251803000072)","Unfall 207245 (2020) Kat:3, Licht: 0","207245","3","3","1","05","17","3","0","0","1","1","0","0"
"POINT (6.994536481000068 50.893164318000061)","Unfall 207251 (2020) Kat:2, Licht: 0","207251","2","1","0","05","13","1","0","0","1","0","0","0"
"POINT (6.944190837000065 50.983012177000035)","Unfall 207277 (2020) Kat:3, Licht: 0","207277","3","2","5","05","09","4","0","0","1","0","0","0"
"POINT (6.860983440000041 50.984268130000032)","Unfall 207279 (2020) Kat:3, Licht: 0","207279","3","3","5","05","17","7","0","0","1","1","0","0"
"POINT (6.913316521000070 50.918028155000059)","Unfall 207280 (2020) Kat:3, Licht: 2","207280","3","4","0","05","02","7","0","2","0","1","1","0"
"POINT (6.932803896000053 50.932005467000067)","Unfall 207281 (2020) Kat:3, Licht: 0","207281","3","7","0","05","12","7","0","0","0","0","0","0"
"POINT (6.919852523000031 50.913020710000069)","Unfall 207282 (2020) Kat:3, Licht: 0","207282","3","1","0","05","20","4","0","0","1","1","0","0"
"POINT (6.948450723000065 50.984396134000065)","Unfall 207342 (2020) Kat:3, Licht: 0","207342","3","6","0","05","11","6","0","0","0","1","0","0"
"POINT (6.874699040000053 51.004109577000065)","Unfall 207343 (2020) Kat:3, Licht: 0","207343","3","3","5","05","15","6","0","0","1","1","0","0"
"POINT (6.905534063000062 50.967198253000049)","Unfall 207344 (2020) Kat:3, Licht: 0","207344","3","3","6","05","17","6","0","0","0","1","1","0"
"POINT (6.929333235000058 50.925585887000068)","Unfall 207346 (2020) Kat:2, Licht: 0","207346","2","7","2","05","19","6","0","0","0","1","0","1"
"POINT (6.967910531000030 50.912747816000035)","Unfall 207349 (2020) Kat:2, Licht: 0","207349","2","2","5","05","13","6","0","0","0","1","0","1"
"POINT (6.936150177000059 50.912530329000049)","Unfall 207350 (2020) Kat:3, Licht: 0","207350","3","1","0","05","20","6","1","0","0","0","0","0"
"POINT (6.929235935000065 50.907882331000053)","Unfall 207351 (2020) Kat:3, Licht: 0","207351","3","3","5","05","17","6","0","0","1","0","0","0"
"POINT (6.956508355000040 50.946760398000038)","Unfall 207352 (2020) Kat:3, Licht: 2","207352","3","2","6","05","22","6","1","2","0","1","1","0"
"POINT (6.940816246000054 50.958699647000060)","Unfall 207378 (2020) Kat:3, Licht: 0","207378","3","3","1","05","19","1","1","0","1","1","0","0"
"POINT (6.926364253000031 50.924875487000065)","Unfall 207381 (2020) Kat:3, Licht: 0","207381","3","5","1","05","15","1","0","0","1","1","0","0"
"POINT (7.029894658000046 50.859106536000070)","Unfall 207433 (2020) Kat:2, Licht: 0","207433","2","1","0","05","18","5","0","0","1","0","0","0"
"POINT (7.049732888000051 50.868504151000081)","Unfall 207435 (2020) Kat:3, Licht: 0","207435","3","6","3","05","12","5","0","0","1","1","0","0"
"POINT (6.972408639000037 50.961553912000056)","Unfall 207437 (2020) Kat:3, Licht: 0","207437","3","3","5","05","14","5","0","0","1","1","0","0"
"POINT (6.928668182000024 50.941498235000040)","Unfall 207440 (2020) Kat:3, Licht: 0","207440","3","3","5","05","19","5","0","0","1","1","0","0"
"POINT (6.937730773000055 50.946696241000041)","Unfall 207442 (2020) Kat:3, Licht: 0","207442","3","3","5","05","19","5","0","0","1","1","0","0"
"POINT (6.945913858000040 50.972165577000055)","Unfall 207444 (2020) Kat:3, Licht: 0","207444","3","7","0","05","12","5","0","0","1","0","0","0"
"POINT (7.093573933000073 50.971484363000059)","Unfall 207519 (2020) Kat:3, Licht: 2","207519","3","5","1","05","23","7","0","2","0","1","0","0"
"POINT (7.059558333000041 50.935934051000061)","Unfall 207526 (2020) Kat:3, Licht: 0","207526","3","4","6","05","20","4","0","0","0","1","1","0"
"POINT (7.036447459000044 50.996611039000072)","Unfall 207527 (2020) Kat:3, Licht: 0","207527","3","2","6","05","11","4","0","0","0","1","1","0"
"POINT (6.909351703000027 50.905066957000031)","Unfall 207534 (2020) Kat:3, Licht: 0","207534","3","1","0","05","10","5","0","0","1","0","0","0"
"POINT (7.039294021000046 50.971699781000041)","Unfall 207546 (2020) Kat:3, Licht: 0","207546","3","2","5","05","12","4","0","0","1","1","0","0"
"POINT (7.062421636000067 50.889719894000052)","Unfall 207557 (2020) Kat:3, Licht: 0","207557","3","6","6","05","14","3","0","0","0","1","1","0"
"POINT (6.897936754000057 50.946403873000065)","Unfall 207558 (2020) Kat:3, Licht: 0","207558","3","7","0","05","12","4","0","0","1","0","0","0"
"POINT (6.888687823000055 51.006944821000047)","Unfall 207568 (2020) Kat:3, Licht: 0","207568","3","1","0","05","17","3","0","0","1","0","0","0"
"POINT (6.922280725000064 50.941163896000035)","Unfall 207573 (2020) Kat:3, Licht: 0","207573","3","1","4","05","07","5","0","0","0","1","0","0"
"POINT (6.946218982000062 50.927750756000080)","Unfall 207584 (2020) Kat:3, Licht: 0","207584","3","7","2","05","18","5","0","0","1","1","0","0"
"POINT (6.922162827000022 50.973079072000075)","Unfall 207606 (2020) Kat:2, Licht: 0","207606","2","2","5","05","11","3","0","0","1","0","0","0"
"POINT (6.861895957000058 51.041135680000082)","Unfall 207611 (2020) Kat:2, Licht: 2","207611","2","1","8","05","01","4","0","2","0","1","0","0"
"POINT (6.934614252000074 50.937207528000044)","Unfall 207620 (2020) Kat:3, Licht: 0","207620","3","6","3","05","19","4","0","0","1","1","0","0"
"POINT (6.952947542000061 50.913653381000074)","Unfall 207625 (2020) Kat:3, Licht: 0","207625","3","3","5","05","16","3","0","0","1","1","0","0"
"POINT (6.923049013000025 50.916408673000035)","Unfall 207631 (2020) Kat:3, Licht: 0","207631","3","4","6","05","16","3","0","0","0","1","1","0"
"POINT (6.918426466000028 50.923119167000038)","Unfall 207636 (2020) Kat:3, Licht: 0","207636","3","7","1","05","15","3","0","0","1","1","0","0"
"POINT (6.971375740000042 50.904889765000064)","Unfall 207637 (2020) Kat:3, Licht: 0","207637","3","6","6","05","15","5","0","0","1","0","1","0"
"POINT (6.948927234000053 50.942960035000056)","Unfall 207646 (2020) Kat:2, Licht: 0","207646","2","2","5","05","18","3","0","0","0","1","0","1"
"POINT (7.072600490000070 50.976681738000082)","Unfall 207650 (2020) Kat:3, Licht: 0","207650","3","6","3","05","11","4","0","0","1","1","0","0"
"POINT (6.947801447000074 50.940317777000075)","Unfall 207658 (2020) Kat:3, Licht: 0","207658","3","5","1","05","09","3","0","0","1","1","0","0"
"POINT (6.916079298000057 50.968563666000080)","Unfall 207662 (2020) Kat:3, Licht: 0","207662","3","3","5","05","16","4","0","0","1","1","0","0"
"POINT (6.976721718000022 50.969116952000036)","Unfall 207671 (2020) Kat:3, Licht: 0","207671","3","5","1","05","13","3","0","0","1","0","0","0"
"POINT (6.959225137000033 50.949566949000030)","Unfall 207672 (2020) Kat:3, Licht: 0","207672","3","7","1","05","10","4","0","0","0","1","0","0"
"POINT (7.065523486000075 50.882193482000048)","Unfall 207673 (2020) Kat:3, Licht: 0","207673","3","7","0","05","15","2","0","0","1","0","0","0"
"POINT (6.915507022000043 50.968168988000059)","Unfall 207677 (2020) Kat:3, Licht: 0","207677","3","6","1","05","14","5","0","0","0","1","0","0"
"POINT (6.999294614000064 50.936108792000027)","Unfall 207685 (2020) Kat:3, Licht: 0","207685","3","5","4","05","13","2","0","0","1","1","0","0"
"POINT (6.968270365000024 50.909394333000080)","Unfall 207688 (2020) Kat:3, Licht: 0","207688","3","7","2","05","14","5","0","0","0","1","0","1"
"POINT (6.976116608000041 50.967185046000054)","Unfall 207691 (2020) Kat:3, Licht: 0","207691","3","2","5","05","15","2","0","0","1","1","0","0"
"POINT (6.967810933000067 50.981998579000049)","Unfall 207712 (2020) Kat:3, Licht: 0","207712","3","6","2","05","07","3","0","0","0","1","0","0"
"POINT (6.925569060000044 50.923591771000076)","Unfall 207713 (2020) Kat:2, Licht: 0","207713","2","1","0","05","11","4","0","0","1","0","0","0"