WKT,Name,OBJECTID,UKATEGORIE,UTYP1,UART,UMONAT,USTUNDE,UWOCHENTAG,STRZUSTAND,ULICHTVERH,ISTRAD,ISTPKW,ISTFUSS,ISTKRAD
"POINT (6.994695762000049 50.951419011000041)","Unfall 211055 (2020) Kat:3, Licht: 0","211055","3","4","5","07","16","2","0","0","0","1","1","0"
"POINT (6.932529878000025 50.938890013000048)","Unfall 211065 (2020) Kat:3, Licht: 0","211065","3","5","1","07","18","4","0","0","1","1","0","0"
"POINT (6.909422560000053 50.941498572000057)","Unfall 211074 (2020) Kat:3, Licht: 0","211074","3","6","2","07","15","3","0","0","0","1","0","0"
"POINT (7.005119490000027 50.951040457000033)","Unfall 211095 (2020) Kat:3, Licht: 0","211095","3","1","0","07","17","1","0","0","0","0","0","1"
"POINT (6.949054437000029 50.983078191000061)","Unfall 211101 (2020) Kat:2, Licht: 0","211101","2","5","0","07","14","4","0","0","0","1","0","1"
"POINT (6.960761126000023 50.918428792000043)","Unfall 211105 (2020) Kat:3, Licht: 0","211105","3","5","1","07","16","2","0","0","0","1","0","1"
"POINT (6.947665277000056 50.934957412000074)","Unfall 211123 (2020) Kat:3, Licht: 2","211123","3","3","5","07","22","3","0","2","0","1","0","0"
"POINT (7.049171056000034 50.928712861000065)","Unfall 211128 (2020) Kat:3, Licht: 0","211128","3","3","5","07","19","3","0","0","1","1","0","0"
"POINT (6.950404315000071 50.920005029000038)","Unfall 211142 (2020) Kat:3, Licht: 0","211142","3","7","0","07","12","1","0","0","1","1","0","0"
"POINT (6.880035981000049 50.947229048000054)","Unfall 211150 (2020) Kat:2, Licht: 0","211150","2","3","5","07","18","4","0","0","1","1","0","0"
"POINT (6.955989500000044 50.941919025000061)","Unfall 211152 (2020) Kat:3, Licht: 2","211152","3","7","0","07","00","1","0","2","1","0","0","0"
"POINT (6.944711430000041 50.926120372000071)","Unfall 211153 (2020) Kat:3, Licht: 0","211153","3","5","0","07","17","1","0","0","1","1","0","0"
"POINT (6.951940924000041 50.961804094000058)","Unfall 211170 (2020) Kat:3, Licht: 0","211170","3","2","5","07","16","5","0","0","1","0","0","1"
"POINT (6.951553010000055 50.952686855000081)","Unfall 211173 (2020) Kat:3, Licht: 0","211173","3","2","0","07","16","5","0","0","0","1","0","1"
"POINT (6.976901700000042 50.847820686000034)","Unfall 211178 (2020) Kat:3, Licht: 0","211178","3","6","3","07","07","5","0","0","1","1","0","0"
"POINT (6.914116831000058 50.920213740000065)","Unfall 211182 (2020) Kat:3, Licht: 0","211182","3","1","0","07","12","5","0","0","1","0","0","0"
"POINT (7.021023606000028 50.931431921000069)","Unfall 211207 (2020) Kat:3, Licht: 0","211207","3","3","5","07","10","7","0","0","1","1","0","0"
"POINT (6.922292793000054 50.929001759000073)","Unfall 211209 (2020) Kat:2, Licht: 0","211209","2","1","0","07","19","7","0","0","1","0","0","0"
"POINT (6.956586637000044 50.947165105000067)","Unfall 211211 (2020) Kat:3, Licht: 0","211211","3","4","6","07","18","7","0","0","1","1","1","0"
"POINT (6.956779568000059 50.948513676000061)","Unfall 211212 (2020) Kat:3, Licht: 2","211212","3","2","2","07","22","7","0","2","1","1","0","0"
"POINT (6.938870705000056 50.930051596000055)","Unfall 211215 (2020) Kat:3, Licht: 2","211215","3","1","0","07","21","7","0","2","1","1","0","0"
"POINT (6.963104939000061 50.908853239000052)","Unfall 211220 (2020) Kat:3, Licht: 0","211220","3","5","0","07","10","2","0","0","0","1","0","0"
"POINT (7.018618453000045 50.942341180000028)","Unfall 211258 (2020) Kat:2, Licht: 0","211258","2","4","6","07","14","1","0","0","0","1","1","0"
"POINT (7.001291897000044 50.952721110000027)","Unfall 211286 (2020) Kat:3, Licht: 0","211286","3","2","5","07","12","6","0","0","1","0","0","0"
"POINT (7.016758752000044 50.954220735000035)","Unfall 211287 (2020) Kat:3, Licht: 0","211287","3","3","5","07","13","6","0","0","1","0","0","0"
"POINT (7.017052487000058 50.933589153000071)","Unfall 211289 (2020) Kat:3, Licht: 0","211289","3","5","1","07","17","1","0","0","0","1","0","0"
"POINT (6.975240770000028 50.958364568000036)","Unfall 211290 (2020) Kat:3, Licht: 0","211290","3","5","1","07","19","6","0","0","0","1","0","0"
"POINT (6.915240259000029 50.948118037000029)","Unfall 211291 (2020) Kat:2, Licht: 0","211291","2","1","1","07","13","6","0","0","0","1","0","1"
"POINT (6.967898498000068 50.912762059000045)","Unfall 211294 (2020) Kat:3, Licht: 0","211294","3","2","3","07","08","6","0","0","0","1","0","1"
"POINT (7.086736308000070 50.951610847000040)","Unfall 211303 (2020) Kat:3, Licht: 0","211303","3","6","3","07","16","1","0","0","1","0","0","0"
"POINT (6.973608118000072 50.940281687000038)","Unfall 211315 (2020) Kat:3, Licht: 0","211315","3","7","3","07","16","1","0","0","1","1","0","0"
"POINT (6.899410549000038 50.957653271000027)","Unfall 211329 (2020) Kat:3, Licht: 0","211329","3","7","3","07","10","2","0","0","1","0","0","0"
"POINT (6.858089885000027 51.070642719000034)","Unfall 211355 (2020) Kat:3, Licht: 0","211355","3","1","0","07","12","1","0","0","1","0","0","0"
"POINT (6.870452979000049 50.984116451000034)","Unfall 211357 (2020) Kat:3, Licht: 0","211357","3","1","0","07","09","1","1","0","0","0","0","1"
"POINT (6.896720087000062 50.936105247000057)","Unfall 211367 (2020) Kat:3, Licht: 0","211367","3","3","5","07","15","1","0","0","1","1","0","0"
"POINT (6.942073750000077 50.940102558000035)","Unfall 211406 (2020) Kat:3, Licht: 0","211406","3","1","0","07","06","1","1","0","1","0","0","0"
"POINT (6.826870175000067 50.961926062000032)","Unfall 211417 (2020) Kat:3, Licht: 0","211417","3","3","5","07","15","2","0","0","1","0","0","0"
"POINT (7.008785978000049 50.924532665000072)","Unfall 211444 (2020) Kat:3, Licht: 0","211444","3","2","5","07","17","5","0","0","1","1","0","0"
"POINT (6.920006014000023 51.048733341000059)","Unfall 211448 (2020) Kat:3, Licht: 0","211448","3","6","4","07","18","4","0","0","0","1","0","0"
"POINT (7.081233866000048 50.927133971000046)","Unfall 211449 (2020) Kat:3, Licht: 0","211449","3","1","9","07","18","3","0","0","1","0","0","0"
"POINT (7.001025545000061 50.957098387000030)","Unfall 211451 (2020) Kat:3, Licht: 0","211451","3","3","5","07","11","3","0","0","1","1","0","0"
"POINT (6.886413089000030 51.030148101000066)","Unfall 211453 (2020) Kat:3, Licht: 0","211453","3","3","5","07","16","3","0","0","0","1","0","0"
"POINT (6.962548197000047 50.974233561000062)","Unfall 211459 (2020) Kat:3, Licht: 0","211459","3","5","5","07","13","3","0","0","0","1","0","0"
"POINT (6.943540307000035 50.935220023000056)","Unfall 211461 (2020) Kat:3, Licht: 0","211461","3","7","4","07","17","4","0","0","1","1","0","0"
"POINT (6.890899319000027 50.974827153000035)","Unfall 211463 (2020) Kat:3, Licht: 0","211463","3","5","1","07","17","3","0","0","0","1","0","0"
"POINT (7.022835063000059 50.890783482000074)","Unfall 211470 (2020) Kat:3, Licht: 0","211470","3","1","0","07","12","3","0","0","1","0","0","0"
"POINT (6.901212196000074 50.925924280000061)","Unfall 211475 (2020) Kat:3, Licht: 0","211475","3","7","0","07","17","3","0","0","0","1","0","0"
"POINT (6.922533914000042 50.933989455000074)","Unfall 211477 (2020) Kat:3, Licht: 0","211477","3","5","0","07","17","3","0","0","1","1","0","0"
"POINT (6.947817516000043 50.940566117000060)","Unfall 211479 (2020) Kat:3, Licht: 0","211479","3","3","0","07","17","3","0","0","1","1","0","0"
"POINT (6.953815629000076 50.925829892000081)","Unfall 211481 (2020) Kat:3, Licht: 0","211481","3","6","2","07","13","3","0","0","0","0","0","0"
"POINT (6.950350744000048 50.949199096000029)","Unfall 211483 (2020) Kat:3, Licht: 0","211483","3","2","5","07","09","3","0","0","1","1","0","0"
"POINT (6.907646217000035 50.948004967000031)","Unfall 211495 (2020) Kat:3, Licht: 0","211495","3","6","5","07","06","5","0","0","0","1","0","0"
"POINT (6.937394454000071 50.937452037000071)","Unfall 211514 (2020) Kat:3, Licht: 0","211514","3","2","4","07","17","4","0","0","1","1","0","0"
"POINT (7.063102760000049 50.943309321000072)","Unfall 211552 (2020) Kat:3, Licht: 0","211552","3","7","0","07","13","5","0","0","0","0","1","0"
"POINT (7.033599876000039 50.971155744000043)","Unfall 211556 (2020) Kat:2, Licht: 0","211556","2","3","5","07","15","4","0","0","0","1","0","1"
"POINT (6.957819968000024 50.945124777000046)","Unfall 211565 (2020) Kat:3, Licht: 0","211565","3","4","6","07","16","5","0","0","0","1","1","0"
"POINT (6.960372520000021 50.943491125000037)","Unfall 211569 (2020) Kat:3, Licht: 0","211569","3","3","5","07","07","4","0","0","0","1","0","1"
"POINT (6.952383419000057 50.952236126000059)","Unfall 211604 (2020) Kat:3, Licht: 0","211604","3","2","5","07","17","5","0","0","1","0","0","0"
"POINT (6.968339197000034 50.979080085000078)","Unfall 211623 (2020) Kat:3, Licht: 0","211623","3","3","0","07","15","4","0","0","1","1","0","0"
"POINT (6.973132958000065 50.943272883000077)","Unfall 211660 (2020) Kat:2, Licht: 2","211660","2","6","8","07","00","4","0","2","0","0","0","1"
"POINT (6.998180903000048 50.886064954000062)","Unfall 211668 (2020) Kat:3, Licht: 0","211668","3","1","0","07","12","5","0","0","1","0","0","0"
"POINT (6.923888338000040 50.917927233000057)","Unfall 211672 (2020) Kat:3, Licht: 0","211672","3","4","6","07","13","4","0","0","1","0","1","0"
"POINT (6.997260087000029 50.918559746000028)","Unfall 211716 (2020) Kat:3, Licht: 0","211716","3","3","5","08","14","2","0","0","1","1","0","0"
"POINT (6.967183258000034 50.972116593000067)","Unfall 211717 (2020) Kat:3, Licht: 0","211717","3","3","5","08","17","2","0","0","1","1","0","0"
"POINT (6.965288407000060 50.972880648000057)","Unfall 211718 (2020) Kat:2, Licht: 0","211718","2","5","1","08","14","2","0","0","0","1","0","1"
"POINT (6.973332468000024 50.898209801000064)","Unfall 211719 (2020) Kat:3, Licht: 0","211719","3","1","0","08","14","2","0","0","1","0","0","0"
"POINT (6.944923918000029 50.915433718000031)","Unfall 211722 (2020) Kat:3, Licht: 0","211722","3","5","1","08","08","2","0","0","0","1","0","1"
"POINT (7.029978765000067 50.903887200000042)","Unfall 211829 (2020) Kat:3, Licht: 0","211829","3","7","0","08","20","1","0","0","1","0","1","0"
"POINT (7.066726499000026 50.837077603000068)","Unfall 211830 (2020) Kat:2, Licht: 0","211830","2","1","0","08","12","1","0","0","1","0","0","0"
"POINT (6.994276619000061 50.937123964000079)","Unfall 211831 (2020) Kat:3, Licht: 0","211831","3","6","1","08","17","1","0","0","0","1","0","0"
"POINT (7.007258254000021 50.945562171000063)","Unfall 211834 (2020) Kat:2, Licht: 2","211834","2","5","1","08","03","1","0","2","0","1","0","0"
"POINT (6.999410392000073 50.989452512000071)","Unfall 211835 (2020) Kat:3, Licht: 0","211835","3","2","5","08","17","1","0","0","0","1","0","0"
"POINT (6.928625154000031 50.941520862000061)","Unfall 211836 (2020) Kat:2, Licht: 0","211836","2","3","5","08","18","1","0","0","1","1","0","0"
"POINT (6.953565932000061 50.900082722000036)","Unfall 211838 (2020) Kat:3, Licht: 0","211838","3","2","5","08","18","1","0","0","0","1","0","0"
"POINT (6.961967457000071 50.936661082000057)","Unfall 211840 (2020) Kat:3, Licht: 0","211840","3","7","6","08","18","1","0","0","1","0","1","0"
"POINT (6.944726922000029 50.924401550000027)","Unfall 211842 (2020) Kat:3, Licht: 0","211842","3","5","1","08","17","1","0","0","1","1","0","0"
"POINT (7.019256950000056 50.939367915000048)","Unfall 211891 (2020) Kat:3, Licht: 0","211891","3","6","4","07","13","6","0","0","1","0","0","0"
"POINT (7.034126209000021 50.981643629000075)","Unfall 211893 (2020) Kat:3, Licht: 0","211893","3","5","5","07","07","6","0","0","1","1","0","0"
"POINT (7.006448098000021 50.966873137000050)","Unfall 211898 (2020) Kat:3, Licht: 2","211898","3","6","1","07","22","6","0","2","0","1","0","0"
"POINT (6.961500538000053 50.980993590000026)","Unfall 211901 (2020) Kat:3, Licht: 0","211901","3","7","1","07","12","6","0","0","1","1","0","0"
"POINT (6.943493428000068 50.987071418000028)","Unfall 211905 (2020) Kat:3, Licht: 0","211905","3","6","2","07","13","6","0","0","0","1","0","0"
"POINT (6.992402208000044 50.870824736000031)","Unfall 211910 (2020) Kat:2, Licht: 0","211910","2","5","5","07","18","6","0","0","0","1","0","0"
"POINT (6.920487332000050 50.913701546000027)","Unfall 211913 (2020) Kat:3, Licht: 0","211913","3","1","0","07","09","6","0","0","1","0","0","0"
"POINT (7.091611332000070 50.917861718000040)","Unfall 211917 (2020) Kat:3, Licht: 0","211917","3","7","1","08","19","7","0","0","1","1","0","0"
"POINT (6.958863286000053 50.963387328000067)","Unfall 211918 (2020) Kat:3, Licht: 2","211918","3","5","1","08","03","7","0","2","0","1","0","0"
"POINT (6.925097318000042 50.951922082000067)","Unfall 211919 (2020) Kat:3, Licht: 0","211919","3","1","0","08","12","7","1","0","1","0","0","0"
"POINT (6.943042149000064 50.935158576000049)","Unfall 211920 (2020) Kat:3, Licht: 0","211920","3","2","2","07","18","6","0","0","0","1","0","1"
"POINT (6.951789657000063 50.922355371000037)","Unfall 211929 (2020) Kat:3, Licht: 0","211929","3","6","2","07","11","6","0","0","0","1","0","0"
"POINT (6.920624555000075 50.913848718000054)","Unfall 211948 (2020) Kat:3, Licht: 0","211948","3","1","0","08","08","6","0","0","1","0","0","0"
"POINT (7.003754661000073 50.865000329000054)","Unfall 211977 (2020) Kat:3, Licht: 0","211977","3","6","0","08","16","5","0","0","1","0","0","0"
"POINT (6.909424313000045 50.941496222000069)","Unfall 211991 (2020) Kat:2, Licht: 0","211991","2","2","3","08","11","6","0","0","1","0","0","0"
"POINT (6.959646543000076 50.922572870000067)","Unfall 211999 (2020) Kat:3, Licht: 2","211999","3","1","0","08","04","6","0","2","1","0","0","0"
"POINT (6.992359209000028 50.901863839000043)","Unfall 212012 (2020) Kat:3, Licht: 0","212012","3","1","0","08","07","5","0","0","1","0","0","0"
"POINT (7.034605266000028 50.955064141000037)","Unfall 212037 (2020) Kat:3, Licht: 0","212037","3","6","3","08","07","6","0","0","0","1","0","0"
"POINT (6.905761940000048 50.959332925000069)","Unfall 212041 (2020) Kat:3, Licht: 0","212041","3","2","5","08","18","6","0","0","1","1","0","0"
"POINT (6.941558763000046 50.910866897000062)","Unfall 212052 (2020) Kat:3, Licht: 0","212052","3","2","5","08","09","6","0","0","0","1","0","1"
"POINT (7.036782876000075 50.933240252000076)","Unfall 212056 (2020) Kat:3, Licht: 0","212056","3","4","6","08","17","4","0","0","0","1","1","0"
"POINT (6.984158382000032 50.945766018000029)","Unfall 212076 (2020) Kat:3, Licht: 0","212076","3","2","5","08","07","4","0","0","0","1","0","1"
"POINT (6.991012422000040 51.010956820000047)","Unfall 212078 (2020) Kat:3, Licht: 0","212078","3","4","6","08","12","4","0","0","0","1","1","0"
"POINT (7.037854276000076 50.969237738000061)","Unfall 212080 (2020) Kat:2, Licht: 0","212080","2","3","5","08","16","6","0","0","1","1","0","0"
"POINT (7.061499131000062 50.966889978000040)","Unfall 212082 (2020) Kat:3, Licht: 0","212082","3","1","0","08","08","5","0","0","0","0","0","0"
"POINT (6.838946149000037 50.962410178000027)","Unfall 212096 (2020) Kat:3, Licht: 0","212096","3","3","5","08","17","4","0","0","1","1","0","0"
"POINT (6.960513684000034 50.917964722000079)","Unfall 212103 (2020) Kat:3, Licht: 0","212103","3","1","0","08","12","6","0","0","0","0","0","1"
"POINT (6.892220627000029 50.992029204000062)","Unfall 212118 (2020) Kat:3, Licht: 2","212118","3","2","5","08","22","4","0","2","0","1","0","0"
"POINT (6.892514621000032 50.938912404000064)","Unfall 212122 (2020) Kat:3, Licht: 0","212122","3","1","1","08","13","3","0","0","1","1","0","0"
"POINT (6.919658109000068 50.912812195000072)","Unfall 212131 (2020) Kat:3, Licht: 0","212131","3","6","3","08","15","5","0","0","1","1","0","0"
"POINT (6.916415220000033 50.961124907000055)","Unfall 212134 (2020) Kat:2, Licht: 2","212134","2","7","0","08","22","3","0","2","1","1","0","0"
"POINT (6.921689113000070 50.921291959000030)","Unfall 212140 (2020) Kat:3, Licht: 0","212140","3","7","6","08","18","3","0","0","0","1","1","0"
"POINT (6.947686227000077 50.938320069000042)","Unfall 212141 (2020) Kat:3, Licht: 0","212141","3","4","6","08","09","3","0","0","1","0","1","0"
"POINT (6.964521203000061 50.903819826000074)","Unfall 212143 (2020) Kat:3, Licht: 0","212143","3","7","6","08","08","3","0","0","1","0","1","0"
"POINT (6.895548782000049 50.946260376000055)","Unfall 212144 (2020) Kat:3, Licht: 0","212144","3","6","2","08","06","6","0","0","0","1","0","0"
"POINT (6.937382072000048 50.925107563000040)","Unfall 212156 (2020) Kat:3, Licht: 0","212156","3","2","5","08","17","6","0","0","1","1","0","0"
"POINT (6.986581664000028 50.953304073000027)","Unfall 212167 (2020) Kat:3, Licht: 0","212167","3","6","3","08","07","5","0","0","1","0","0","0"
"POINT (6.970422448000022 50.907187104000059)","Unfall 212175 (2020) Kat:2, Licht: 0","212175","2","1","0","08","14","4","0","0","1","0","0","0"
"POINT (7.000721042000066 50.936646679000035)","Unfall 212179 (2020) Kat:2, Licht: 0","212179","2","2","6","08","15","6","0","0","0","1","1","0"
"POINT (6.953978339000059 50.974551757000029)","Unfall 212264 (2020) Kat:2, Licht: 0","212264","2","1","9","08","12","1","0","0","1","0","0","0"
"POINT (6.964583001000051 50.903668547000052)","Unfall 212266 (2020) Kat:3, Licht: 2","212266","3","7","0","08","01","1","0","2","0","0","0","1"
"POINT (6.929321716000061 50.925582499000029)","Unfall 212267 (2020) Kat:3, Licht: 0","212267","3","6","0","08","16","1","0","0","1","1","0","0"
"POINT (6.996270880000054 50.889526057000069)","Unfall 212268 (2020) Kat:3, Licht: 2","212268","3","1","0","08","01","1","0","2","1","1","0","0"
"POINT (6.955979934000027 50.942567194000048)","Unfall 212271 (2020) Kat:3, Licht: 2","212271","3","3","0","08","22","1","1","2","1","1","0","0"
"POINT (7.005089376000058 50.951048922000041)","Unfall 212278 (2020) Kat:2, Licht: 0","212278","2","2","6","08","12","3","0","0","0","1","1","0"
"POINT (7.001511688000051 50.948352726000053)","Unfall 212285 (2020) Kat:3, Licht: 0","212285","3","5","1","08","12","3","0","0","0","1","0","1"
"POINT (7.032509842000025 50.980171325000072)","Unfall 212289 (2020) Kat:3, Licht: 0","212289","3","7","3","08","13","3","0","0","1","1","0","0"
"POINT (7.045297208000022 50.997141821000071)","Unfall 212298 (2020) Kat:3, Licht: 0","212298","3","6","0","08","06","3","0","0","1","1","0","0"
"POINT (6.949885993000066 50.972711002000040)","Unfall 212310 (2020) Kat:3, Licht: 2","212310","3","5","1","08","21","3","0","2","0","1","0","0"
"POINT (6.821854253000026 50.944883295000068)","Unfall 212329 (2020) Kat:3, Licht: 0","212329","3","6","1","08","12","3","0","0","1","1","0","0"
"POINT (6.860913226000037 50.914607667000041)","Unfall 212331 (2020) Kat:3, Licht: 0","212331","3","2","3","08","12","3","0","0","1","1","0","0"
"POINT (6.986766341000021 50.938104124000063)","Unfall 212341 (2020) Kat:2, Licht: 0","212341","2","5","5","08","16","7","0","0","0","1","0","1"
"POINT (6.959714698000028 50.998742656000047)","Unfall 212343 (2020) Kat:2, Licht: 0","212343","2","1","0","08","17","7","0","0","1","0","0","0"
"POINT (6.951655832000029 50.976143878000073)","Unfall 212345 (2020) Kat:3, Licht: 0","212345","3","4","6","08","08","7","0","0","0","1","1","0"
"POINT (6.934625609000023 50.900397062000081)","Unfall 212347 (2020) Kat:2, Licht: 0","212347","2","1","0","08","07","7","0","0","0","0","0","1"
"POINT (6.911726557000065 50.925889049000034)","Unfall 212348 (2020) Kat:3, Licht: 0","212348","3","2","5","08","15","3","0","0","0","1","0","1"
"POINT (6.954584977000025 50.931194522000055)","Unfall 212371 (2020) Kat:3, Licht: 0","212371","3","6","3","08","20","3","0","0","0","1","0","0"
"POINT (7.020983679000040 50.940449742000055)","Unfall 212393 (2020) Kat:3, Licht: 0","212393","3","7","6","08","11","2","0","0","0","1","1","0"
"POINT (7.002396389000069 50.975756600000068)","Unfall 212394 (2020) Kat:2, Licht: 0","212394","2","7","0","08","20","2","0","0","1","0","0","0"
"POINT (7.047467774000040 50.992822871000044)","Unfall 212396 (2020) Kat:3, Licht: 0","212396","3","2","5","08","14","2","0","0","0","1","0","1"
"POINT (6.875267594000036 50.944043432000058)","Unfall 212398 (2020) Kat:2, Licht: 1","212398","2","7","0","08","21","2","0","1","1","0","0","0"
"POINT (6.955866862000050 50.944087272000047)","Unfall 212404 (2020) Kat:3, Licht: 0","212404","3","5","0","08","11","2","0","0","1","1","0","0"
"POINT (6.932505415000037 50.932749251000075)","Unfall 212428 (2020) Kat:3, Licht: 0","212428","3","1","0","08","18","3","0","0","1","0","0","0"
"POINT (6.958733481000024 50.944391537000058)","Unfall 212430 (2020) Kat:3, Licht: 2","212430","3","6","0","08","01","3","0","2","0","1","0","1"
"POINT (6.993894023000053 50.938110541000071)","Unfall 212435 (2020) Kat:2, Licht: 0","212435","2","1","0","08","09","3","0","0","0","0","0","1"
"POINT (6.871344545000056 50.984200218000069)","Unfall 212441 (2020) Kat:3, Licht: 0","212441","3","1","0","08","10","5","1","0","1","0","0","0"
"POINT (7.046700834000035 50.972656292000067)","Unfall 212450 (2020) Kat:3, Licht: 0","212450","3","7","0","08","16","6","0","0","1","0","0","0"
"POINT (6.973247062000041 50.976484399000071)","Unfall 212469 (2020) Kat:3, Licht: 0","212469","3","6","3","08","17","7","0","0","0","1","0","1"
"POINT (6.933711346000052 50.951413780000053)","Unfall 212479 (2020) Kat:3, Licht: 0","212479","3","1","0","08","18","5","1","0","1","0","0","0"
"POINT (7.097508052000023 50.918931219000058)","Unfall 212503 (2020) Kat:3, Licht: 0","212503","3","1","1","08","17","6","0","0","1","1","0","0"
"POINT (6.959796914000037 50.974221014000079)","Unfall 212514 (2020) Kat:3, Licht: 0","212514","3","6","3","08","17","6","1","0","0","1","0","1"
"POINT (6.834147597000026 50.942269374000034)","Unfall 212517 (2020) Kat:3, Licht: 0","212517","3","7","1","08","11","7","0","0","1","1","0","0"
"POINT (7.097829044000036 50.876246284000047)","Unfall 212524 (2020) Kat:3, Licht: 0","212524","3","6","2","08","17","4","0","0","0","1","0","0"
"POINT (7.001606663000075 50.940841628000044)","Unfall 212528 (2020) Kat:3, Licht: 0","212528","3","3","5","08","17","4","0","0","0","1","0","0"
"POINT (6.932947601000024 50.969118450000053)","Unfall 212531 (2020) Kat:3, Licht: 0","212531","3","3","5","08","13","5","0","0","1","0","0","1"
"POINT (7.007752583000070 50.961908312000048)","Unfall 212537 (2020) Kat:3, Licht: 0","212537","3","2","6","08","10","4","0","0","0","1","1","0"
"POINT (6.908095400000036 50.944022943000050)","Unfall 212544 (2020) Kat:3, Licht: 0","212544","3","6","5","08","14","5","0","0","0","1","0","1"
"POINT (6.926732202000039 50.972465211000042)","Unfall 212547 (2020) Kat:3, Licht: 0","212547","3","4","6","08","17","4","0","0","0","1","1","0"
"POINT (6.951155750000055 50.962148550000052)","Unfall 212549 (2020) Kat:3, Licht: 1","212549","3","6","3","08","19","4","1","1","0","1","0","0"
"POINT (6.899485796000022 50.945937421000053)","Unfall 212551 (2020) Kat:3, Licht: 1","212551","3","1","0","08","21","4","1","1","0","0","0","1"
"POINT (7.048516117000077 50.971148234000054)","Unfall 212555 (2020) Kat:3, Licht: 0","212555","3","5","0","08","12","6","0","0","0","1","1","0"
"POINT (6.917428393000023 50.913016170000049)","Unfall 212557 (2020) Kat:2, Licht: 0","212557","2","1","0","08","09","4","1","0","1","0","0","0"
"POINT (6.947716086000071 50.938866091000079)","Unfall 212560 (2020) Kat:3, Licht: 0","212560","3","2","4","08","19","4","1","0","1","1","0","0"
"POINT (6.942326274000038 50.938343541000052)","Unfall 212567 (2020) Kat:3, Licht: 0","212567","3","1","0","08","13","6","0","0","1","0","0","0"
"POINT (6.935765374000027 50.926209816000039)","Unfall 212571 (2020) Kat:3, Licht: 1","212571","3","1","0","08","05","7","0","1","0","0","0","0"
"POINT (6.962016395000035 50.992221685000061)","Unfall 212585 (2020) Kat:3, Licht: 0","212585","3","6","2","08","11","5","0","0","0","1","0","0"
"POINT (6.942735408000033 50.932235742000046)","Unfall 212596 (2020) Kat:3, Licht: 2","212596","3","1","0","08","01","5","1","2","0","0","0","0"
"POINT (6.952162607000048 50.951410654000028)","Unfall 212621 (2020) Kat:3, Licht: 0","212621","3","7","0","08","17","6","0","0","1","1","0","0"
"POINT (6.936743809000063 51.024844861000076)","Unfall 212624 (2020) Kat:3, Licht: 0","212624","3","2","5","08","19","7","0","0","0","1","0","0"
"POINT (6.887803521000024 50.955386232000080)","Unfall 212635 (2020) Kat:3, Licht: 0","212635","3","3","5","08","18","5","1","0","1","1","0","0"
"POINT (6.993131237000057 50.949600137000061)","Unfall 212658 (2020) Kat:3, Licht: 0","212658","3","7","0","08","16","6","0","0","1","0","0","0"
"POINT (6.957197634000067 50.942656037000063)","Unfall 212669 (2020) Kat:3, Licht: 0","212669","3","7","6","08","15","6","0","0","0","1","1","0"
"POINT (6.957224174000032 50.904336583000031)","Unfall 212672 (2020) Kat:3, Licht: 2","212672","3","1","0","08","04","7","0","2","0","0","0","0"
"POINT (6.968494200000066 50.964277977000052)","Unfall 212684 (2020) Kat:3, Licht: 0","212684","3","7","0","08","16","5","1","0","0","1","0","0"
"POINT (6.989938812000048 50.892317216000038)","Unfall 212719 (2020) Kat:3, Licht: 2","212719","3","1","0","08","22","4","0","2","1","0","0","0"
"POINT (7.018253581000067 50.972244797000030)","Unfall 212748 (2020) Kat:2, Licht: 2","212748","2","2","4","08","21","1","1","2","0","1","0","0"
"POINT (7.054296487000045 50.964182149000067)","Unfall 212750 (2020) Kat:3, Licht: 0","212750","3","1","0","08","16","1","0","0","0","1","0","0"
"POINT (6.965994237000075 50.949590688000058)","Unfall 212752 (2020) Kat:3, Licht: 0","212752","3","7","0","08","11","1","0","0","0","0","0","0"
"POINT (7.032157389000076 50.989318271000059)","Unfall 212753 (2020) Kat:2, Licht: 0","212753","2","2","4","08","13","3","0","0","1","1","0","0"
"POINT (6.955513363000023 50.941698124000027)","Unfall 212754 (2020) Kat:3, Licht: 0","212754","3","1","0","08","16","1","0","0","0","0","0","1"
"POINT (7.089555877000066 50.970099903000062)","Unfall 212755 (2020) Kat:3, Licht: 0","212755","3","7","0","08","16","3","0","0","1","1","0","0"
"POINT (6.925367572000027 50.982627441000034)","Unfall 212757 (2020) Kat:2, Licht: 2","212757","2","5","1","08","22","3","0","2","0","1","0","0"
"POINT (6.922563899000068 50.941049263000082)","Unfall 212758 (2020) Kat:3, Licht: 0","212758","3","6","2","08","15","3","0","0","1","1","0","0"
"POINT (6.962143108000021 50.911751541000058)","Unfall 212759 (2020) Kat:3, Licht: 0","212759","3","6","2","08","12","3","0","0","0","1","0","0"
"POINT (6.960318791000020 50.918547708000062)","Unfall 212760 (2020) Kat:3, Licht: 0","212760","3","3","5","08","11","1","0","0","0","1","0","0"
"POINT (6.940971354000055 50.946473968000078)","Unfall 212761 (2020) Kat:3, Licht: 0","212761","3","1","0","08","18","3","1","0","1","0","0","0"
"POINT (6.939394208000067 50.927072486000043)","Unfall 212763 (2020) Kat:3, Licht: 0","212763","3","3","5","08","15","3","0","0","1","1","0","0"
"POINT (6.941154382000036 50.934849337000060)","Unfall 212764 (2020) Kat:3, Licht: 0","212764","3","6","2","08","11","3","0","0","1","1","0","0"