WKT,Name,OBJECTID,UKATEGORIE,UTYP1,UART,UMONAT,USTUNDE,UWOCHENTAG,STRZUSTAND,ULICHTVERH,ISTRAD,ISTPKW,ISTFUSS,ISTKRAD
"POINT (6.942171120000069 50.925659488000065)","Unfall 212765 (2020) Kat:3, Licht: 0","212765","3","3","5","08","07","3","0","0","1","1","0","0"
"POINT (6.899495482000020 50.970606943000064)","Unfall 212771 (2020) Kat:3, Licht: 0","212771","3","6","8","08","15","4","0","0","1","1","0","0"
"POINT (6.955759547000071 50.916977928000051)","Unfall 212783 (2020) Kat:3, Licht: 0","212783","3","2","5","08","14","4","0","0","0","1","0","1"
"POINT (6.920027588000039 50.957068598000035)","Unfall 212824 (2020) Kat:3, Licht: 0","212824","3","7","0","08","17","4","0","0","0","0","0","0"
"POINT (7.064508547000060 50.896926743000051)","Unfall 212863 (2020) Kat:3, Licht: 0","212863","3","3","0","08","13","2","1","0","0","1","0","1"
"POINT (6.895918105000021 51.010542163000082)","Unfall 212864 (2020) Kat:2, Licht: 0","212864","2","1","0","08","14","2","0","0","0","0","0","1"
"POINT (6.969233868000060 50.974372390000042)","Unfall 212865 (2020) Kat:2, Licht: 0","212865","2","3","0","08","14","2","0","0","0","1","0","0"
"POINT (6.958291901000052 50.925725334000049)","Unfall 212867 (2020) Kat:3, Licht: 0","212867","3","3","5","08","08","2","0","0","1","1","0","0"
"POINT (6.950142002000064 50.921498365000048)","Unfall 212869 (2020) Kat:3, Licht: 1","212869","3","7","6","08","21","2","0","1","0","1","1","0"
"POINT (7.004120124000053 50.875993031000064)","Unfall 212889 (2020) Kat:3, Licht: 0","212889","3","3","0","08","16","4","0","0","1","1","0","0"
"POINT (6.936327152000047 50.947218080000027)","Unfall 212925 (2020) Kat:3, Licht: 0","212925","3","3","5","08","08","4","0","0","1","1","0","0"
"POINT (6.946818573000030 50.945685109000067)","Unfall 212936 (2020) Kat:3, Licht: 0","212936","3","2","3","08","08","4","0","0","1","0","0","0"
"POINT (6.913090104000048 50.997635525000078)","Unfall 212949 (2020) Kat:3, Licht: 0","212949","3","4","6","08","14","7","0","0","0","0","1","0"
"POINT (6.943501981000054 50.968519479000065)","Unfall 212967 (2020) Kat:3, Licht: 0","212967","3","2","0","08","16","5","0","0","1","0","0","0"
"POINT (6.937876483000025 50.934304076000046)","Unfall 212982 (2020) Kat:3, Licht: 2","212982","3","1","0","08","23","5","0","2","0","0","0","1"
"POINT (6.960992141000077 50.941272739000055)","Unfall 212997 (2020) Kat:3, Licht: 0","212997","3","7","5","08","17","7","0","0","1","0","0","0"
"POINT (6.897941887000059 51.018946715000027)","Unfall 213019 (2020) Kat:3, Licht: 0","213019","3","3","5","08","12","5","0","0","1","1","0","0"
"POINT (6.996771289000037 50.928880075000052)","Unfall 213021 (2020) Kat:3, Licht: 0","213021","3","7","6","08","17","5","0","0","1","0","1","0"
"POINT (6.950934337000035 50.966587178000054)","Unfall 213033 (2020) Kat:3, Licht: 0","213033","3","7","0","08","13","7","0","0","0","0","0","0"
"POINT (7.055858649000072 50.891329477000056)","Unfall 213070 (2020) Kat:3, Licht: 0","213070","3","2","6","08","07","6","0","0","0","1","1","0"
"POINT (7.017602408000073 50.956812192000029)","Unfall 213073 (2020) Kat:2, Licht: 0","213073","2","3","5","08","07","5","0","0","1","1","0","0"
"POINT (6.973458356000037 50.940246428000080)","Unfall 213075 (2020) Kat:3, Licht: 2","213075","3","2","5","08","22","6","0","2","1","1","0","0"
"POINT (6.959794228000021 50.974464228000045)","Unfall 213080 (2020) Kat:3, Licht: 0","213080","3","7","8","08","07","6","0","0","1","0","0","0"
"POINT (6.944307498000057 50.955786552000063)","Unfall 213083 (2020) Kat:3, Licht: 0","213083","3","5","1","08","15","6","0","0","0","1","0","0"
"POINT (7.006667420000042 50.877580880000039)","Unfall 213085 (2020) Kat:3, Licht: 0","213085","3","7","5","08","12","5","0","0","0","1","0","1"
"POINT (6.957577798000045 50.955791257000044)","Unfall 213087 (2020) Kat:3, Licht: 0","213087","3","6","2","08","15","6","0","0","1","1","0","0"
"POINT (6.900991955000052 51.020844988000079)","Unfall 213099 (2020) Kat:3, Licht: 0","213099","3","4","6","08","19","6","0","0","1","0","1","0"
"POINT (6.945389322000040 50.904861869000058)","Unfall 213101 (2020) Kat:3, Licht: 0","213101","3","6","1","08","11","7","0","0","1","0","0","0"
"POINT (7.002954665000061 50.858003527000051)","Unfall 213105 (2020) Kat:3, Licht: 0","213105","3","1","0","08","19","6","0","0","1","0","0","0"
"POINT (6.930251940000062 50.912437601000079)","Unfall 213107 (2020) Kat:2, Licht: 0","213107","2","3","5","08","10","6","0","0","0","1","0","1"
"POINT (6.914063785000053 50.915084497000066)","Unfall 213109 (2020) Kat:3, Licht: 0","213109","3","2","5","08","19","6","1","0","1","1","0","0"
"POINT (6.935975597000038 50.947526819000075)","Unfall 213112 (2020) Kat:3, Licht: 0","213112","3","1","1","08","19","6","1","0","0","1","0","0"
"POINT (6.892493628000068 51.015510811000070)","Unfall 213122 (2020) Kat:3, Licht: 0","213122","3","3","5","08","16","5","0","0","1","1","0","0"
"POINT (7.001290399000027 50.913804991000063)","Unfall 213140 (2020) Kat:2, Licht: 0","213140","2","5","0","08","11","4","0","0","1","0","0","0"
"POINT (7.072196355000074 50.977006958000061)","Unfall 213145 (2020) Kat:3, Licht: 0","213145","3","2","5","08","14","4","0","0","1","1","0","0"
"POINT (6.973043433000044 50.942665754000075)","Unfall 213152 (2020) Kat:3, Licht: 0","213152","3","7","0","08","06","4","0","0","1","0","0","0"
"POINT (6.973902012000053 50.944980964000081)","Unfall 213162 (2020) Kat:3, Licht: 2","213162","3","1","0","08","01","4","1","2","0","0","0","1"
"POINT (6.993459598000072 50.987882510000077)","Unfall 213175 (2020) Kat:2, Licht: 0","213175","2","2","5","08","13","5","0","0","1","1","0","0"
"POINT (6.894216988000039 51.002444351000065)","Unfall 213180 (2020) Kat:3, Licht: 0","213180","3","6","4","08","07","4","0","0","0","1","0","0"
"POINT (6.910701807000066 50.955265560000043)","Unfall 213184 (2020) Kat:3, Licht: 2","213184","3","7","0","08","22","5","0","2","1","1","0","0"
"POINT (6.854298149000044 50.930980517000080)","Unfall 213190 (2020) Kat:3, Licht: 0","213190","3","6","4","08","13","4","0","0","1","1","0","0"
"POINT (6.919304917000034 50.954115712000032)","Unfall 213198 (2020) Kat:2, Licht: 0","213198","2","6","3","08","17","4","0","0","0","1","0","1"
"POINT (7.039293551000071 50.971683557000063)","Unfall 213203 (2020) Kat:3, Licht: 0","213203","3","2","5","08","07","2","0","0","0","1","0","0"
"POINT (6.920187615000032 51.015633209000043)","Unfall 213213 (2020) Kat:3, Licht: 0","213213","3","2","5","08","15","3","1","0","1","1","0","0"
"POINT (6.975295218000042 50.958404803000064)","Unfall 213227 (2020) Kat:3, Licht: 2","213227","3","1","0","08","04","4","0","2","0","0","0","0"
"POINT (7.046522007000021 50.950340904000029)","Unfall 213241 (2020) Kat:3, Licht: 0","213241","3","5","1","08","18","2","0","0","1","1","0","0"
"POINT (6.953688134000061 50.966596066000079)","Unfall 213251 (2020) Kat:3, Licht: 0","213251","3","5","1","08","14","2","0","0","1","1","0","0"
"POINT (6.999776618000055 50.943029840000065)","Unfall 213252 (2020) Kat:3, Licht: 0","213252","3","2","3","08","17","3","1","0","1","1","0","0"
"POINT (6.924462581000057 50.952232035000065)","Unfall 213265 (2020) Kat:3, Licht: 0","213265","3","6","3","08","07","3","0","0","1","0","0","0"
"POINT (6.955946448000020 50.942928532000053)","Unfall 213293 (2020) Kat:3, Licht: 0","213293","3","7","0","08","16","4","0","0","1","0","0","0"
"POINT (6.919317438000064 50.943736401000081)","Unfall 213302 (2020) Kat:3, Licht: 0","213302","3","3","6","08","17","2","0","0","0","1","1","0"
"POINT (6.930394791000026 50.968912944000067)","Unfall 213304 (2020) Kat:3, Licht: 0","213304","3","2","5","08","10","3","0","0","1","1","0","0"
"POINT (6.985104933000059 50.944491121000056)","Unfall 213305 (2020) Kat:3, Licht: 0","213305","3","7","0","08","12","2","0","0","0","1","0","0"
"POINT (7.007447676000027 50.945117987000060)","Unfall 213313 (2020) Kat:3, Licht: 0","213313","3","3","5","08","14","1","0","0","0","1","0","0"
"POINT (6.973496838000074 50.940923576000046)","Unfall 213318 (2020) Kat:3, Licht: 0","213318","3","7","7","08","12","1","0","0","1","0","0","0"
"POINT (6.968322763000060 50.982547360000069)","Unfall 213321 (2020) Kat:3, Licht: 0","213321","3","6","1","08","13","1","0","0","0","1","0","0"
"POINT (7.001491913000052 50.940513732000056)","Unfall 213334 (2020) Kat:3, Licht: 0","213334","3","7","0","08","07","4","0","0","1","0","0","0"
"POINT (7.081107849000034 50.871695417000069)","Unfall 213346 (2020) Kat:3, Licht: 0","213346","3","2","0","08","13","2","0","0","1","1","0","0"
"POINT (6.975267169000063 50.936817185000052)","Unfall 213357 (2020) Kat:3, Licht: 0","213357","3","6","3","08","09","2","0","0","0","1","0","0"
"POINT (6.920908433000022 50.953522946000078)","Unfall 213371 (2020) Kat:3, Licht: 0","213371","3","1","0","08","18","3","1","0","0","0","0","1"
"POINT (7.006632758000023 50.923364964000029)","Unfall 213396 (2020) Kat:3, Licht: 0","213396","3","5","1","08","19","2","0","0","1","1","0","0"
"POINT (6.948639207000042 50.963263132000066)","Unfall 213401 (2020) Kat:3, Licht: 0","213401","3","5","0","08","11","4","0","0","1","1","0","0"
"POINT (6.959799062000059 50.974221024000030)","Unfall 213409 (2020) Kat:2, Licht: 0","213409","2","2","5","08","09","2","0","0","0","1","0","0"
"POINT (6.920871701000067 50.978673663000052)","Unfall 213410 (2020) Kat:3, Licht: 0","213410","3","3","5","08","14","3","1","0","0","1","0","1"
"POINT (7.037610625000070 50.953466226000046)","Unfall 213415 (2020) Kat:3, Licht: 0","213415","3","1","9","08","13","1","0","0","0","0","0","1"
"POINT (7.028499986000043 50.915268370000035)","Unfall 213417 (2020) Kat:2, Licht: 0","213417","2","6","2","08","16","5","0","0","0","1","0","0"
"POINT (6.949760942000069 50.918979444000058)","Unfall 213421 (2020) Kat:3, Licht: 1","213421","3","2","2","08","20","3","1","1","0","1","0","1"
"POINT (7.076091080000026 50.878583737000042)","Unfall 213439 (2020) Kat:3, Licht: 0","213439","3","3","5","08","07","4","0","0","1","1","0","0"
"POINT (7.054096365000021 50.892019729000026)","Unfall 213448 (2020) Kat:3, Licht: 0","213448","3","7","6","08","16","2","0","0","0","1","1","0"
"POINT (6.915053456000067 50.966009212000074)","Unfall 213458 (2020) Kat:2, Licht: 0","213458","2","4","6","08","12","2","0","0","0","1","1","0"
"POINT (6.995055290000039 50.939362253000070)","Unfall 213493 (2020) Kat:3, Licht: 0","213493","3","2","5","08","12","6","0","0","1","1","0","0"
"POINT (6.997273690000043 50.918568272000073)","Unfall 213495 (2020) Kat:3, Licht: 0","213495","3","3","5","08","09","6","0","0","1","1","0","0"
"POINT (7.001939759000038 50.950312329000042)","Unfall 213496 (2020) Kat:3, Licht: 1","213496","3","7","6","08","20","6","1","1","1","0","1","0"
"POINT (6.954464075000033 50.951165441000057)","Unfall 213497 (2020) Kat:3, Licht: 0","213497","3","3","5","08","14","6","0","0","1","1","0","0"
"POINT (6.960096969000063 50.974222486000031)","Unfall 213500 (2020) Kat:3, Licht: 2","213500","3","6","3","08","22","6","0","2","0","1","0","1"
"POINT (6.964418486000056 50.904166325000062)","Unfall 213501 (2020) Kat:3, Licht: 2","213501","3","1","0","08","21","6","1","2","1","0","0","0"
"POINT (6.945300793000058 50.911876865000067)","Unfall 213502 (2020) Kat:3, Licht: 0","213502","3","6","3","08","16","6","0","0","1","0","0","0"
"POINT (6.965591480000057 50.900322950000032)","Unfall 213505 (2020) Kat:3, Licht: 0","213505","3","2","3","08","08","6","0","0","1","0","0","0"
"POINT (6.906296923000070 50.992858103000060)","Unfall 213551 (2020) Kat:2, Licht: 0","213551","2","7","4","08","19","7","0","0","1","0","0","0"
"POINT (6.919378820000077 50.912512638000067)","Unfall 213560 (2020) Kat:2, Licht: 0","213560","2","1","0","08","17","7","0","0","0","1","0","1"
"POINT (6.929244527000037 50.907894657000043)","Unfall 213571 (2020) Kat:3, Licht: 0","213571","3","3","5","08","09","7","0","0","0","1","0","0"
"POINT (6.960699773000044 50.917354514000067)","Unfall 213573 (2020) Kat:3, Licht: 0","213573","3","1","8","08","18","7","0","0","0","0","0","0"
"POINT (6.959013950000042 50.944236985000032)","Unfall 213575 (2020) Kat:3, Licht: 0","213575","3","1","6","08","14","7","0","0","0","1","1","0"
"POINT (6.955249050000020 50.951741300000037)","Unfall 213609 (2020) Kat:3, Licht: 0","213609","3","1","9","08","17","1","0","0","1","1","0","0"
"POINT (6.852931470000044 50.927974325000037)","Unfall 213612 (2020) Kat:3, Licht: 0","213612","3","2","5","08","16","1","0","0","0","1","0","1"
"POINT (6.881521778000035 50.932447410000066)","Unfall 213629 (2020) Kat:3, Licht: 0","213629","3","7","0","08","16","1","0","0","1","0","1","0"
"POINT (7.103835456000070 50.864367491000053)","Unfall 213635 (2020) Kat:3, Licht: 0","213635","3","2","2","08","16","5","0","0","0","1","0","0"
"POINT (7.046897168000044 50.922714388000031)","Unfall 213637 (2020) Kat:3, Licht: 0","213637","3","3","5","08","16","5","0","0","1","1","0","0"
"POINT (7.005381771000032 50.971401418000028)","Unfall 213638 (2020) Kat:3, Licht: 0","213638","3","1","5","08","13","5","0","0","1","0","0","0"
"POINT (6.869743529000061 50.998653005000051)","Unfall 213640 (2020) Kat:2, Licht: 0","213640","2","4","0","08","15","5","0","0","0","1","1","0"
"POINT (6.943845265000050 50.975771746000078)","Unfall 213641 (2020) Kat:3, Licht: 1","213641","3","7","1","08","07","5","0","1","1","1","0","0"
"POINT (6.838600094000071 50.962272656000039)","Unfall 213643 (2020) Kat:3, Licht: 0","213643","3","4","0","08","14","5","0","0","0","1","1","0"
"POINT (6.912365025000042 50.970313057000055)","Unfall 213645 (2020) Kat:3, Licht: 0","213645","3","3","5","08","18","5","0","0","1","0","0","0"
"POINT (6.963962431000027 50.905757715000050)","Unfall 213647 (2020) Kat:3, Licht: 0","213647","3","7","0","08","15","5","0","0","1","0","0","0"
"POINT (6.904837809000071 50.919843098000058)","Unfall 213649 (2020) Kat:2, Licht: 0","213649","2","7","0","08","10","5","0","0","0","1","0","0"
"POINT (6.924391503000038 50.917694840000081)","Unfall 213654 (2020) Kat:3, Licht: 2","213654","3","1","0","08","05","1","0","2","0","0","0","0"
"POINT (6.937857302000055 50.969010760000060)","Unfall 213727 (2020) Kat:3, Licht: 0","213727","3","3","5","09","07","4","0","0","1","0","0","0"
"POINT (6.951036276000025 50.921064569000066)","Unfall 213736 (2020) Kat:3, Licht: 0","213736","3","6","2","09","15","4","0","0","0","1","0","0"
"POINT (7.062829841000053 50.893441913000061)","Unfall 213750 (2020) Kat:3, Licht: 0","213750","3","7","1","09","14","3","0","0","1","1","0","0"
"POINT (6.956979232000037 50.935268858000029)","Unfall 213765 (2020) Kat:3, Licht: 0","213765","3","5","1","09","08","3","0","0","1","1","0","0"
"POINT (6.828085183000042 50.953198995000037)","Unfall 213778 (2020) Kat:3, Licht: 0","213778","3","6","5","09","17","4","0","0","1","1","0","0"
"POINT (6.948746227000072 50.967785688000049)","Unfall 213818 (2020) Kat:3, Licht: 0","213818","3","1","0","09","13","3","0","0","1","0","0","0"
"POINT (6.932529024000075 50.938736974000051)","Unfall 213829 (2020) Kat:3, Licht: 0","213829","3","1","0","09","08","4","0","0","0","0","0","0"
"POINT (7.040306536000060 50.983370523000076)","Unfall 213832 (2020) Kat:3, Licht: 0","213832","3","2","5","09","16","4","0","0","1","1","0","0"
"POINT (7.001578075000055 50.955470481000077)","Unfall 213844 (2020) Kat:2, Licht: 0","213844","2","3","5","08","16","2","0","0","1","1","0","0"
"POINT (7.014025801000059 50.968620449000070)","Unfall 213848 (2020) Kat:3, Licht: 0","213848","3","6","4","08","15","2","0","0","0","1","0","0"
"POINT (7.004551281000033 50.984739199000046)","Unfall 213851 (2020) Kat:2, Licht: 0","213851","2","3","3","08","15","2","0","0","1","1","0","0"
"POINT (6.941928820000044 50.978884157000039)","Unfall 213857 (2020) Kat:3, Licht: 0","213857","3","7","0","08","14","2","0","0","1","0","0","0"
"POINT (6.944102795000049 50.983278307000035)","Unfall 213861 (2020) Kat:3, Licht: 0","213861","3","1","0","08","06","2","1","0","1","0","0","0"
"POINT (6.958553235000068 50.962459357000057)","Unfall 213864 (2020) Kat:3, Licht: 0","213864","3","4","5","08","08","2","1","0","0","1","1","0"
"POINT (6.934539359000041 50.920097741000063)","Unfall 213869 (2020) Kat:3, Licht: 0","213869","3","3","0","08","18","2","0","0","1","1","0","0"
"POINT (6.962575647000051 50.910929609000050)","Unfall 213872 (2020) Kat:3, Licht: 0","213872","3","2","5","09","09","3","0","0","1","1","0","0"
"POINT (6.933449064000058 50.927256060000047)","Unfall 213881 (2020) Kat:3, Licht: 0","213881","3","4","6","08","15","2","0","0","1","0","1","0"
"POINT (6.911255846000074 50.966311900000051)","Unfall 213885 (2020) Kat:2, Licht: 0","213885","2","3","5","09","15","4","0","0","0","1","0","1"
"POINT (6.934316831000047 50.939038351000079)","Unfall 213886 (2020) Kat:3, Licht: 0","213886","3","2","2","08","12","2","0","0","0","1","0","0"
"POINT (6.933635417000062 50.939528121000080)","Unfall 213889 (2020) Kat:3, Licht: 0","213889","3","6","1","08","11","2","0","0","0","1","0","0"
"POINT (7.062595387000044 50.914198809000027)","Unfall 213925 (2020) Kat:2, Licht: 0","213925","2","2","5","09","12","4","0","0","0","1","0","1"
"POINT (7.054656871000020 50.866557177000061)","Unfall 213928 (2020) Kat:3, Licht: 0","213928","3","3","5","09","13","3","0","0","1","1","0","0"
"POINT (6.925180114000057 50.910297242000070)","Unfall 213937 (2020) Kat:3, Licht: 0","213937","3","3","5","09","08","4","0","0","1","1","0","0"
"POINT (6.930421937000062 50.955985272000078)","Unfall 213976 (2020) Kat:3, Licht: 2","213976","3","5","0","09","20","3","0","2","1","1","0","0"
"POINT (7.061502395000048 50.885178943000028)","Unfall 213989 (2020) Kat:3, Licht: 0","213989","3","2","5","09","18","7","0","0","1","1","0","0"
"POINT (6.979180199000041 50.875097001000029)","Unfall 213990 (2020) Kat:3, Licht: 2","213990","3","6","4","09","00","7","0","2","1","1","0","0"
"POINT (6.941362719000040 50.940272992000075)","Unfall 213991 (2020) Kat:3, Licht: 2","213991","3","7","6","09","21","7","0","2","1","0","1","1"
"POINT (6.925573973000041 50.994716468000036)","Unfall 213993 (2020) Kat:2, Licht: 0","213993","2","1","0","09","16","7","0","0","1","0","0","0"
"POINT (6.944957332000058 50.926738529000033)","Unfall 214043 (2020) Kat:3, Licht: 0","214043","3","1","0","09","17","2","0","0","1","0","0","0"
"POINT (6.999559176000048 50.940059055000063)","Unfall 214045 (2020) Kat:2, Licht: 1","214045","2","1","0","09","22","1","0","1","1","0","0","0"
"POINT (6.933507290000023 50.927276380000080)","Unfall 214047 (2020) Kat:2, Licht: 2","214047","2","1","0","09","00","1","1","2","1","0","0","0"
"POINT (7.098028585000066 50.929169034000040)","Unfall 214076 (2020) Kat:3, Licht: 0","214076","3","7","0","09","10","6","1","0","1","1","0","0"
"POINT (6.847376372000042 51.056503879000047)","Unfall 214077 (2020) Kat:2, Licht: 1","214077","2","2","4","09","06","6","0","1","0","1","0","1"
"POINT (6.924904154000046 50.862742358000048)","Unfall 214079 (2020) Kat:3, Licht: 2","214079","3","6","4","09","23","6","0","2","1","1","0","0"
"POINT (6.973684685000023 50.901247216000058)","Unfall 214081 (2020) Kat:3, Licht: 0","214081","3","3","5","09","11","6","0","0","0","0","0","1"
"POINT (6.939971669000045 50.940549875000045)","Unfall 214082 (2020) Kat:3, Licht: 2","214082","3","2","5","09","21","6","0","2","1","1","0","0"
"POINT (6.960232205000068 50.918394216000081)","Unfall 214146 (2020) Kat:3, Licht: 0","214146","3","3","5","09","08","2","0","0","1","1","0","0"
"POINT (6.985523676000071 50.912712768000063)","Unfall 214222 (2020) Kat:3, Licht: 0","214222","3","1","0","09","09","5","0","0","1","0","0","0"
"POINT (6.928156822000062 50.941790771000058)","Unfall 214223 (2020) Kat:2, Licht: 0","214223","2","3","5","09","10","5","0","0","1","1","0","0"
"POINT (6.830754836000040 50.947269460000030)","Unfall 214224 (2020) Kat:3, Licht: 0","214224","3","7","0","09","13","5","1","0","0","0","1","0"
"POINT (6.933755794000035 50.927359578000051)","Unfall 214227 (2020) Kat:3, Licht: 0","214227","3","1","8","09","15","5","1","0","1","0","0","0"
"POINT (6.953355711000029 50.944750816000067)","Unfall 214228 (2020) Kat:3, Licht: 0","214228","3","2","3","09","16","5","1","0","0","1","0","1"
"POINT (6.952075634000039 50.922891538000044)","Unfall 214231 (2020) Kat:3, Licht: 0","214231","3","6","2","09","12","5","1","0","0","1","0","1"
"POINT (6.949762552000038 50.918981903000031)","Unfall 214233 (2020) Kat:3, Licht: 0","214233","3","2","5","09","13","5","1","0","1","1","0","0"
"POINT (7.045445589000053 50.949727934000066)","Unfall 214234 (2020) Kat:3, Licht: 0","214234","3","7","0","09","15","5","1","0","1","1","0","0"
"POINT (6.954876898000066 50.937157656000068)","Unfall 214241 (2020) Kat:3, Licht: 0","214241","3","5","1","09","19","3","0","0","1","1","0","0"
"POINT (7.002002343000072 50.943648630000041)","Unfall 214242 (2020) Kat:3, Licht: 0","214242","3","3","5","09","08","4","0","0","0","1","0","0"
"POINT (6.923197607000077 50.952751300000045)","Unfall 214251 (2020) Kat:3, Licht: 0","214251","3","2","6","09","18","5","0","0","1","0","1","0"
"POINT (6.961303948000023 50.954286587000070)","Unfall 214253 (2020) Kat:3, Licht: 0","214253","3","6","3","09","14","4","0","0","1","0","0","0"
"POINT (7.032181095000055 50.970923518000063)","Unfall 214254 (2020) Kat:3, Licht: 0","214254","3","2","3","09","13","5","0","0","1","1","0","0"
"POINT (6.999098203000074 50.921869253000068)","Unfall 214290 (2020) Kat:3, Licht: 0","214290","3","3","5","09","12","4","0","0","1","1","0","0"
"POINT (6.925092709000069 50.936750086000075)","Unfall 214303 (2020) Kat:3, Licht: 0","214303","3","1","0","09","14","4","0","0","0","0","0","1"
"POINT (7.002609903000064 50.955676490000030)","Unfall 214304 (2020) Kat:3, Licht: 0","214304","3","3","6","09","15","5","0","0","0","1","1","0"
"POINT (6.956996356000047 50.922618051000029)","Unfall 214313 (2020) Kat:3, Licht: 0","214313","3","7","0","09","14","5","0","0","1","0","0","0"
"POINT (7.010048411000071 50.943409052000050)","Unfall 214340 (2020) Kat:3, Licht: 0","214340","3","3","0","09","17","4","0","0","1","1","0","0"
"POINT (7.058812514000067 50.883520716000078)","Unfall 214343 (2020) Kat:3, Licht: 0","214343","3","2","0","09","17","4","0","0","1","1","0","0"
"POINT (6.899073859000055 50.952892271000053)","Unfall 214354 (2020) Kat:3, Licht: 0","214354","3","3","5","09","08","5","0","0","1","1","0","0"
"POINT (7.079680365000058 50.916928086000041)","Unfall 214382 (2020) Kat:3, Licht: 1","214382","3","6","3","09","06","3","0","1","1","0","0","1"
"POINT (6.933311548000063 50.948403867000081)","Unfall 214384 (2020) Kat:3, Licht: 0","214384","3","6","4","09","08","3","0","0","1","0","0","0"
"POINT (7.021433106000075 50.935851117000027)","Unfall 214394 (2020) Kat:2, Licht: 0","214394","2","7","2","09","14","4","0","0","0","1","0","1"
"POINT (6.998786665000068 50.961358389000054)","Unfall 214402 (2020) Kat:3, Licht: 0","214402","3","6","3","09","10","3","0","0","1","0","0","0"
"POINT (6.936970187000043 50.989541087000077)","Unfall 214406 (2020) Kat:3, Licht: 2","214406","3","1","8","09","20","4","0","2","0","0","0","0"
"POINT (7.015203109000026 50.949452290000067)","Unfall 214407 (2020) Kat:3, Licht: 1","214407","3","6","5","09","06","5","0","1","0","1","0","0"
"POINT (6.971776325000064 50.904089950000071)","Unfall 214419 (2020) Kat:3, Licht: 0","214419","3","6","3","09","17","5","0","0","1","1","0","0"
"POINT (6.897076205000076 51.014871239000058)","Unfall 214425 (2020) Kat:3, Licht: 0","214425","3","7","0","09","16","3","0","0","1","0","0","0"
"POINT (7.016870760000074 50.897308657000053)","Unfall 214443 (2020) Kat:3, Licht: 0","214443","3","5","1","09","17","4","0","0","1","1","0","0"
"POINT (6.957964960000027 50.947387148000075)","Unfall 214456 (2020) Kat:3, Licht: 1","214456","3","1","0","09","20","4","0","1","0","0","0","0"
"POINT (6.913743514000032 50.986387246000049)","Unfall 214457 (2020) Kat:3, Licht: 0","214457","3","3","1","09","15","5","0","0","1","1","0","0"
"POINT (7.015694787000030 50.954316092000056)","Unfall 214461 (2020) Kat:3, Licht: 0","214461","3","7","5","09","08","2","0","0","1","1","0","0"
"POINT (6.953204615000061 50.965454949000048)","Unfall 214463 (2020) Kat:3, Licht: 0","214463","3","4","6","09","16","2","0","0","1","0","1","0"
"POINT (7.021192713000062 50.931363056000066)","Unfall 214466 (2020) Kat:3, Licht: 0","214466","3","1","0","09","18","5","0","0","0","1","0","1"
"POINT (6.912414633000026 50.984210346000054)","Unfall 214468 (2020) Kat:2, Licht: 0","214468","2","6","0","09","13","2","0","0","0","0","0","1"
"POINT (6.897974394000073 50.946026062000044)","Unfall 214470 (2020) Kat:3, Licht: 0","214470","3","3","5","09","19","2","0","0","1","1","0","0"
"POINT (6.928193997000051 50.941768714000034)","Unfall 214479 (2020) Kat:3, Licht: 0","214479","3","3","5","09","08","2","0","0","1","1","0","0"
"POINT (6.926798185000052 50.950029167000082)","Unfall 214482 (2020) Kat:3, Licht: 0","214482","3","1","8","09","15","3","0","0","1","0","0","0"
"POINT (6.890260113000068 50.946822405000034)","Unfall 214484 (2020) Kat:2, Licht: 0","214484","2","4","0","09","09","3","0","0","0","1","1","0"
"POINT (6.992228793000038 50.889864564000050)","Unfall 214488 (2020) Kat:2, Licht: 0","214488","2","2","5","09","10","2","0","0","1","1","0","0"
"POINT (7.058700959000021 50.903750156000058)","Unfall 214490 (2020) Kat:3, Licht: 0","214490","3","3","0","09","15","6","0","0","1","1","0","0"
"POINT (7.082795533000024 50.869115841000053)","Unfall 214495 (2020) Kat:3, Licht: 0","214495","3","7","9","09","10","6","0","0","0","1","0","0"
"POINT (7.011445888000026 50.968788125000060)","Unfall 214497 (2020) Kat:3, Licht: 2","214497","3","1","0","09","20","6","0","2","0","0","0","1"
"POINT (7.032505825000044 50.980766477000032)","Unfall 214499 (2020) Kat:3, Licht: 0","214499","3","6","3","09","07","6","0","0","1","1","0","0"
"POINT (6.921225764000042 50.953406482000048)","Unfall 214508 (2020) Kat:3, Licht: 0","214508","3","2","5","09","16","6","0","0","1","1","0","0"
"POINT (6.908755452000037 50.938371677000077)","Unfall 214510 (2020) Kat:3, Licht: 0","214510","3","2","0","09","16","6","0","0","0","0","1","0"
"POINT (6.962479022000025 50.914343623000036)","Unfall 214516 (2020) Kat:3, Licht: 0","214516","3","1","0","09","15","6","0","0","1","0","0","0"
"POINT (7.068784451000056 50.892179352000028)","Unfall 214517 (2020) Kat:3, Licht: 1","214517","3","1","0","09","19","1","0","1","1","0","0","0"
"POINT (6.950934911000047 50.900415906000035)","Unfall 214519 (2020) Kat:3, Licht: 0","214519","3","7","5","09","07","6","0","0","0","1","0","1"
"POINT (7.038769749000039 50.957626752000067)","Unfall 214520 (2020) Kat:3, Licht: 0","214520","3","3","5","09","10","1","0","0","1","0","0","0"