WKT,Name,OBJECTID,UKATEGORIE,UTYP1,UART,UMONAT,USTUNDE,UWOCHENTAG,STRZUSTAND,ULICHTVERH,ISTRAD,ISTPKW,ISTFUSS,ISTKRAD
"POINT (6.964254445000051 50.920302020000065)","Unfall 214521 (2020) Kat:3, Licht: 0","214521","3","7","0","09","11","6","0","0","1","0","0","0"
"POINT (6.974542532000044 50.945272098000032)","Unfall 214522 (2020) Kat:3, Licht: 2","214522","3","1","0","09","23","1","0","2","1","0","0","0"
"POINT (6.959850605000042 50.974954202000049)","Unfall 214524 (2020) Kat:3, Licht: 2","214524","3","1","0","09","00","1","0","2","1","0","0","0"
"POINT (6.943500299000050 50.924396346000037)","Unfall 214526 (2020) Kat:3, Licht: 0","214526","3","5","1","09","12","1","0","0","1","1","0","0"
"POINT (7.000997218000066 50.935316125000043)","Unfall 214617 (2020) Kat:2, Licht: 1","214617","2","2","5","09","20","7","0","1","0","1","0","1"
"POINT (6.990953693000051 50.999383636000061)","Unfall 214618 (2020) Kat:3, Licht: 0","214618","3","6","2","09","15","7","0","0","0","1","0","0"
"POINT (7.001177472000052 50.955989433000070)","Unfall 214620 (2020) Kat:2, Licht: 0","214620","2","1","0","09","19","7","0","0","1","0","0","0"
"POINT (6.897803018000047 51.020811009000056)","Unfall 214623 (2020) Kat:3, Licht: 0","214623","3","4","6","09","12","7","0","0","0","1","1","0"
"POINT (6.877084141000069 50.957250290000047)","Unfall 214625 (2020) Kat:3, Licht: 0","214625","3","6","4","09","10","7","0","0","0","1","0","0"
"POINT (6.930263299000046 50.952699162000044)","Unfall 214627 (2020) Kat:3, Licht: 2","214627","3","1","0","09","20","7","0","2","1","0","0","0"
"POINT (6.923383897000065 50.922853310000050)","Unfall 214629 (2020) Kat:3, Licht: 2","214629","3","1","0","09","01","7","0","2","1","0","0","0"
"POINT (6.960404574000052 50.945465057000035)","Unfall 214630 (2020) Kat:3, Licht: 0","214630","3","7","6","09","19","7","0","0","0","1","1","0"
"POINT (6.925658270000042 50.955344513000057)","Unfall 214751 (2020) Kat:3, Licht: 2","214751","3","1","0","09","00","4","1","2","1","0","0","0"
"POINT (6.946538217000068 50.970909395000035)","Unfall 214757 (2020) Kat:3, Licht: 0","214757","3","7","9","09","15","3","0","0","0","1","0","1"
"POINT (6.973274249000042 50.960635961000037)","Unfall 214760 (2020) Kat:3, Licht: 0","214760","3","5","1","09","16","3","0","0","0","1","0","0"
"POINT (6.919580775000043 50.925872555000069)","Unfall 214800 (2020) Kat:3, Licht: 0","214800","3","5","0","09","10","4","0","0","1","0","0","0"
"POINT (7.055630028000053 50.942363911000029)","Unfall 214804 (2020) Kat:2, Licht: 0","214804","2","5","4","09","13","4","0","0","0","1","0","0"
"POINT (6.921340601000054 50.977272740000046)","Unfall 214810 (2020) Kat:3, Licht: 0","214810","3","6","1","09","11","3","0","0","0","1","0","0"
"POINT (6.920473369000035 50.953682617000027)","Unfall 214821 (2020) Kat:3, Licht: 0","214821","3","1","0","09","08","3","0","0","1","0","0","0"
"POINT (7.005833908000057 50.959859671000061)","Unfall 214854 (2020) Kat:3, Licht: 0","214854","3","5","0","09","16","4","0","0","1","1","0","0"
"POINT (6.952745862000029 50.950131225000064)","Unfall 214861 (2020) Kat:3, Licht: 0","214861","3","2","4","09","15","3","0","0","1","1","0","0"
"POINT (7.047262308000029 50.972364056000060)","Unfall 214864 (2020) Kat:3, Licht: 0","214864","3","2","0","09","16","3","0","0","0","1","0","1"
"POINT (6.955295165000052 50.902152424000064)","Unfall 214873 (2020) Kat:3, Licht: 0","214873","3","2","5","09","13","3","0","0","1","1","0","0"
"POINT (7.018296080000027 50.933281918000034)","Unfall 214893 (2020) Kat:3, Licht: 1","214893","3","6","2","09","19","4","0","1","0","1","0","0"
"POINT (6.940714246000027 50.912532811000062)","Unfall 214905 (2020) Kat:3, Licht: 0","214905","3","2","6","09","18","4","0","0","0","1","1","0"
"POINT (6.949988624000071 50.963220977000049)","Unfall 214916 (2020) Kat:2, Licht: 0","214916","2","7","0","09","12","3","0","0","1","0","0","0"
"POINT (6.913857476000032 50.983223415000055)","Unfall 214928 (2020) Kat:3, Licht: 0","214928","3","3","5","09","13","3","0","0","1","1","0","0"
"POINT (7.042096478000076 50.943042018000028)","Unfall 214954 (2020) Kat:3, Licht: 0","214954","3","1","0","09","15","3","0","0","1","0","0","0"
"POINT (6.911574453000071 51.050652493000030)","Unfall 214955 (2020) Kat:3, Licht: 0","214955","3","1","0","09","07","2","0","0","1","0","0","0"
"POINT (6.963920947000077 50.919084532000056)","Unfall 214956 (2020) Kat:3, Licht: 0","214956","3","7","1","09","19","4","0","0","1","1","0","0"
"POINT (7.006294491000062 50.940678140000045)","Unfall 214958 (2020) Kat:3, Licht: 0","214958","3","4","6","09","18","2","0","0","0","1","1","0"
"POINT (7.007561147000047 50.927653173000067)","Unfall 214960 (2020) Kat:3, Licht: 0","214960","3","4","0","09","13","2","0","0","0","1","1","0"
"POINT (6.994129929000053 50.942250733000037)","Unfall 214961 (2020) Kat:3, Licht: 0","214961","3","4","0","09","12","4","0","0","0","1","1","0"
"POINT (7.025791462000029 50.940256465000061)","Unfall 214962 (2020) Kat:3, Licht: 0","214962","3","6","2","09","08","2","0","0","0","1","0","0"
"POINT (6.938654953000025 50.962575087000062)","Unfall 214967 (2020) Kat:3, Licht: 2","214967","3","7","0","09","21","3","0","2","0","0","0","0"
"POINT (6.889242047000039 51.000393713000051)","Unfall 214968 (2020) Kat:3, Licht: 0","214968","3","3","5","09","07","2","0","0","1","0","0","0"
"POINT (6.968817371000057 50.965967626000065)","Unfall 214970 (2020) Kat:3, Licht: 0","214970","3","3","5","09","09","2","0","0","0","1","0","0"
"POINT (6.913885576000041 50.966861183000049)","Unfall 214973 (2020) Kat:2, Licht: 0","214973","2","6","4","09","07","2","0","0","1","0","0","0"
"POINT (6.903099563000069 50.956664909000040)","Unfall 214978 (2020) Kat:3, Licht: 0","214978","3","2","2","09","07","3","0","0","0","1","0","0"
"POINT (6.898231191000036 50.944507881000050)","Unfall 214979 (2020) Kat:3, Licht: 2","214979","3","2","5","09","20","2","0","2","1","1","0","0"
"POINT (6.993686451000031 50.873177827000063)","Unfall 214981 (2020) Kat:3, Licht: 0","214981","3","3","5","09","14","2","0","0","0","1","0","1"
"POINT (6.996494287000076 50.891820407000068)","Unfall 214989 (2020) Kat:3, Licht: 0","214989","3","6","1","09","10","2","0","0","1","1","0","0"
"POINT (7.061942032000047 50.896955642000080)","Unfall 214996 (2020) Kat:3, Licht: 0","214996","3","2","0","09","15","4","0","0","1","1","0","0"
"POINT (6.950141569000039 50.937586286000055)","Unfall 214997 (2020) Kat:3, Licht: 0","214997","3","3","5","09","09","2","0","0","1","1","0","0"
"POINT (6.941511889000026 50.911023185000033)","Unfall 215003 (2020) Kat:2, Licht: 0","215003","2","1","0","09","16","7","0","0","1","0","0","0"
"POINT (7.010598105000042 50.958785268000042)","Unfall 215015 (2020) Kat:3, Licht: 0","215015","3","5","1","09","18","6","0","0","0","1","0","0"
"POINT (6.959008085000050 50.927629254000067)","Unfall 215026 (2020) Kat:3, Licht: 0","215026","3","1","0","09","18","6","0","0","1","0","0","0"
"POINT (6.879987935000031 50.942439945000046)","Unfall 215041 (2020) Kat:3, Licht: 2","215041","3","1","0","09","02","7","0","2","0","0","0","0"
"POINT (6.936312614000030 50.928586052000071)","Unfall 215052 (2020) Kat:3, Licht: 0","215052","3","6","2","09","15","7","0","0","1","0","0","0"
"POINT (6.897050265000075 50.977634872000067)","Unfall 215078 (2020) Kat:3, Licht: 0","215078","3","4","0","09","15","6","0","0","0","1","1","0"
"POINT (6.917094967000026 50.960399972000062)","Unfall 215088 (2020) Kat:2, Licht: 0","215088","2","1","0","09","09","7","0","0","1","0","0","0"
"POINT (7.046204826000064 50.865534302000071)","Unfall 215118 (2020) Kat:3, Licht: 0","215118","3","5","0","09","18","6","0","0","1","1","0","0"
"POINT (6.997716462000028 50.899377841000046)","Unfall 215125 (2020) Kat:2, Licht: 2","215125","2","7","0","09","19","5","0","2","1","0","0","0"
"POINT (6.833425808000072 50.937334999000029)","Unfall 215131 (2020) Kat:3, Licht: 0","215131","3","2","0","09","16","6","0","0","1","0","0","0"
"POINT (6.939183014000037 50.958155885000053)","Unfall 215132 (2020) Kat:3, Licht: 0","215132","3","2","5","09","13","5","0","0","1","1","0","0"
"POINT (6.934796627000026 50.967068874000063)","Unfall 215135 (2020) Kat:2, Licht: 0","215135","2","5","1","09","07","5","0","0","1","1","0","0"
"POINT (6.932401178000021 50.955539454000075)","Unfall 215137 (2020) Kat:3, Licht: 0","215137","3","4","6","09","13","5","0","0","1","0","1","0"
"POINT (6.965041395000071 50.875785967000070)","Unfall 215143 (2020) Kat:3, Licht: 0","215143","3","4","6","09","15","5","0","0","0","0","1","0"
"POINT (6.963448959000061 50.955178955000065)","Unfall 215145 (2020) Kat:3, Licht: 0","215145","3","1","0","09","17","7","0","0","0","0","0","0"
"POINT (6.934287563000055 50.914820793000047)","Unfall 215155 (2020) Kat:3, Licht: 0","215155","3","7","0","09","14","5","0","0","1","0","0","0"
"POINT (6.945771430000036 50.947452234000082)","Unfall 215157 (2020) Kat:3, Licht: 2","215157","3","1","1","09","02","7","0","2","0","1","0","0"
"POINT (6.939202906000048 50.938282942000058)","Unfall 215182 (2020) Kat:3, Licht: 0","215182","3","7","0","09","07","6","0","0","1","0","0","0"
"POINT (6.926857637000069 50.956575694000037)","Unfall 215185 (2020) Kat:3, Licht: 0","215185","3","1","0","09","07","6","0","0","1","0","0","0"
"POINT (6.837835187000053 50.936877123000045)","Unfall 215197 (2020) Kat:2, Licht: 1","215197","2","1","1","09","20","7","0","1","1","1","0","0"
"POINT (6.925558265000063 50.957288878000043)","Unfall 215236 (2020) Kat:3, Licht: 0","215236","3","7","0","09","09","6","0","0","1","0","0","0"
"POINT (7.062870231000034 50.934880558000032)","Unfall 215248 (2020) Kat:3, Licht: 0","215248","3","2","3","09","13","7","0","0","0","1","0","0"
"POINT (6.897124010000027 50.934479469000053)","Unfall 215290 (2020) Kat:3, Licht: 0","215290","3","6","2","09","15","3","0","0","1","1","0","0"
"POINT (7.079209967000054 50.968716072000063)","Unfall 215295 (2020) Kat:3, Licht: 1","215295","3","1","0","09","21","2","0","1","1","0","0","0"
"POINT (6.911319529000025 50.936114856000074)","Unfall 215297 (2020) Kat:3, Licht: 2","215297","3","1","0","09","19","4","0","2","1","0","0","0"
"POINT (6.956811859000027 50.974164270000074)","Unfall 215305 (2020) Kat:3, Licht: 0","215305","3","2","0","09","14","2","0","0","1","1","0","0"
"POINT (7.035412576000056 50.999513841000066)","Unfall 215328 (2020) Kat:3, Licht: 0","215328","3","4","6","09","17","3","0","0","0","1","1","0"
"POINT (6.918901302000052 50.921268809000026)","Unfall 215339 (2020) Kat:2, Licht: 0","215339","2","1","0","09","17","3","0","0","1","0","0","0"
"POINT (6.964594605000059 50.977175949000070)","Unfall 215344 (2020) Kat:3, Licht: 0","215344","3","2","5","09","18","2","0","0","1","1","0","0"
"POINT (6.951940788000059 50.924906203000035)","Unfall 215346 (2020) Kat:3, Licht: 1","215346","3","2","5","09","06","4","0","1","1","1","0","0"
"POINT (6.944535148000057 51.002608063000082)","Unfall 215350 (2020) Kat:3, Licht: 2","215350","3","2","5","09","22","4","0","2","0","1","0","0"
"POINT (6.867897011000025 50.932197946000031)","Unfall 215356 (2020) Kat:3, Licht: 0","215356","3","3","5","09","17","2","0","0","1","1","0","0"
"POINT (6.909945816000061 50.957811235000065)","Unfall 215357 (2020) Kat:3, Licht: 0","215357","3","6","2","09","08","2","0","0","0","1","0","1"
"POINT (6.911765411000033 50.945081541000036)","Unfall 215364 (2020) Kat:3, Licht: 0","215364","3","1","0","09","12","2","0","0","0","0","0","0"
"POINT (7.005525728000066 50.884762602000080)","Unfall 215368 (2020) Kat:3, Licht: 2","215368","3","3","0","09","19","2","0","2","0","0","0","1"
"POINT (6.962516155000060 50.910818374000030)","Unfall 215378 (2020) Kat:3, Licht: 2","215378","3","2","3","09","20","2","0","2","0","1","0","0"
"POINT (6.929509737000046 50.941126346000033)","Unfall 215381 (2020) Kat:3, Licht: 0","215381","3","3","5","09","10","3","0","0","1","1","0","0"
"POINT (6.927446910000072 50.922176896000053)","Unfall 215390 (2020) Kat:3, Licht: 0","215390","3","7","0","09","15","2","0","0","0","1","0","0"
"POINT (6.955151131000037 50.948009318000061)","Unfall 215393 (2020) Kat:3, Licht: 2","215393","3","1","0","09","23","3","0","2","0","0","0","0"
"POINT (6.914279751000038 51.006197284000052)","Unfall 215399 (2020) Kat:3, Licht: 0","215399","3","1","0","09","15","2","1","0","1","0","0","0"
"POINT (7.001657645000023 50.955883390000054)","Unfall 215403 (2020) Kat:2, Licht: 0","215403","2","3","5","09","17","2","0","0","0","1","0","1"
"POINT (6.881789273000038 50.967002185000069)","Unfall 215405 (2020) Kat:3, Licht: 0","215405","3","2","0","09","15","4","0","0","0","1","1","0"
"POINT (6.911351065000076 50.926591437000070)","Unfall 215410 (2020) Kat:3, Licht: 0","215410","3","3","5","09","15","2","0","0","0","1","0","0"
"POINT (6.943019759000038 50.922856017000072)","Unfall 215412 (2020) Kat:2, Licht: 1","215412","2","3","5","09","07","2","0","1","1","1","0","0"
"POINT (7.065351750000048 50.883970956000041)","Unfall 215437 (2020) Kat:3, Licht: 0","215437","3","2","1","09","17","3","1","0","0","1","0","1"
"POINT (6.998875868000027 50.922545693000075)","Unfall 215444 (2020) Kat:3, Licht: 0","215444","3","2","0","09","09","4","0","0","1","1","0","0"
"POINT (6.955326384000045 50.902156841000078)","Unfall 215449 (2020) Kat:3, Licht: 0","215449","3","3","5","09","18","3","0","0","1","1","0","0"
"POINT (7.040827139000044 50.976468383000054)","Unfall 215454 (2020) Kat:3, Licht: 2","215454","3","1","0","09","20","2","0","2","1","0","0","0"
"POINT (6.926555436000058 50.911571041000059)","Unfall 215457 (2020) Kat:3, Licht: 0","215457","3","4","0","09","17","4","0","0","1","0","1","0"
"POINT (6.951738365000040 50.984974393000073)","Unfall 215465 (2020) Kat:3, Licht: 0","215465","3","3","5","09","17","2","0","0","1","1","0","0"
"POINT (7.005595502000062 50.946326189000047)","Unfall 215476 (2020) Kat:3, Licht: 0","215476","3","6","0","09","11","1","0","0","0","1","0","1"
"POINT (7.068657111000050 50.980930046000026)","Unfall 215478 (2020) Kat:3, Licht: 0","215478","3","3","5","09","14","1","0","0","0","1","0","0"
"POINT (6.954905180000026 50.966299552000066)","Unfall 215481 (2020) Kat:2, Licht: 0","215481","2","4","6","09","10","1","0","0","1","0","1","0"
"POINT (6.917424918000052 50.948089730000049)","Unfall 215483 (2020) Kat:3, Licht: 0","215483","3","4","6","09","14","1","0","0","0","1","1","0"
"POINT (6.969135218000076 50.976398459000052)","Unfall 215488 (2020) Kat:3, Licht: 0","215488","3","3","5","09","13","3","0","0","1","0","0","0"
"POINT (6.959660583000073 50.907177843000056)","Unfall 215489 (2020) Kat:3, Licht: 0","215489","3","7","0","09","13","1","0","0","0","0","0","0"
"POINT (6.939330291000033 50.927013534000082)","Unfall 215491 (2020) Kat:2, Licht: 0","215491","2","3","5","09","12","1","0","0","0","1","0","0"
"POINT (6.938513402000069 50.929850522000038)","Unfall 215494 (2020) Kat:3, Licht: 2","215494","3","1","0","09","00","1","0","2","1","0","0","0"
"POINT (6.955927333000034 50.944327091000048)","Unfall 215499 (2020) Kat:3, Licht: 1","215499","3","5","0","09","19","3","0","1","1","1","0","0"
"POINT (6.888528528000052 51.022385973000041)","Unfall 215504 (2020) Kat:3, Licht: 0","215504","3","3","5","09","17","2","0","0","1","1","0","0"
"POINT (6.858983310000042 51.064802871000040)","Unfall 215509 (2020) Kat:3, Licht: 0","215509","3","1","0","09","08","4","0","0","0","0","0","0"
"POINT (7.100442972000053 50.863779681000040)","Unfall 215540 (2020) Kat:3, Licht: 1","215540","3","1","0","09","07","5","1","1","1","0","0","0"
"POINT (7.055658360000052 50.891485284000055)","Unfall 215543 (2020) Kat:3, Licht: 0","215543","3","6","2","09","15","5","0","0","0","1","0","1"
"POINT (6.974238892000074 50.968849092000028)","Unfall 215548 (2020) Kat:3, Licht: 0","215548","3","6","2","09","15","5","0","0","0","1","0","0"
"POINT (6.969098650000035 50.973460869000064)","Unfall 215552 (2020) Kat:3, Licht: 0","215552","3","6","3","09","09","5","0","0","0","1","0","1"
"POINT (7.051412082000070 50.893171988000063)","Unfall 215553 (2020) Kat:3, Licht: 1","215553","3","5","1","09","19","7","1","1","0","1","0","1"
"POINT (6.848375831000055 50.947763957000063)","Unfall 215554 (2020) Kat:3, Licht: 0","215554","3","1","6","09","13","5","0","0","0","1","1","0"
"POINT (6.953167169000039 50.970475767000039)","Unfall 215556 (2020) Kat:3, Licht: 0","215556","3","7","1","09","15","7","1","0","0","1","0","0"
"POINT (6.937872626000058 50.969014691000041)","Unfall 215557 (2020) Kat:3, Licht: 0","215557","3","3","0","09","11","5","0","0","1","1","0","0"
"POINT (6.970915370000057 50.979097970000055)","Unfall 215558 (2020) Kat:3, Licht: 0","215558","3","3","5","09","12","7","1","0","1","1","0","0"
"POINT (6.907779964000042 50.945299374000058)","Unfall 215559 (2020) Kat:3, Licht: 1","215559","3","2","4","09","20","7","1","1","0","1","0","0"
"POINT (6.965182109000068 50.852030302000060)","Unfall 215560 (2020) Kat:2, Licht: 2","215560","2","7","1","09","19","7","1","2","0","1","0","0"
"POINT (7.016525409000053 50.867173993000051)","Unfall 215561 (2020) Kat:3, Licht: 2","215561","3","5","1","09","02","7","1","2","0","1","0","1"
"POINT (6.969091137000021 50.980782431000080)","Unfall 215562 (2020) Kat:3, Licht: 0","215562","3","6","3","09","14","5","0","0","0","1","0","0"
"POINT (7.008191170000032 50.943271720000041)","Unfall 215563 (2020) Kat:3, Licht: 0","215563","3","3","5","09","15","1","0","0","1","1","0","0"
"POINT (6.953415271000040 50.938962770000046)","Unfall 215565 (2020) Kat:3, Licht: 2","215565","3","6","2","09","05","7","1","2","0","1","0","0"
"POINT (6.960307544000045 50.936131802000034)","Unfall 215566 (2020) Kat:3, Licht: 2","215566","3","1","0","09","02","7","1","2","0","0","0","0"
"POINT (6.961702950000074 50.913319429000069)","Unfall 215567 (2020) Kat:3, Licht: 0","215567","3","6","2","09","17","5","0","0","0","1","0","0"
"POINT (6.965724478000027 50.954537684000059)","Unfall 215568 (2020) Kat:2, Licht: 2","215568","2","7","0","09","01","7","1","2","0","0","0","1"
"POINT (6.933672183000056 50.922794164000038)","Unfall 215572 (2020) Kat:3, Licht: 2","215572","3","7","1","09","21","5","0","2","1","1","0","0"
"POINT (6.928384249000033 50.908290923000038)","Unfall 215578 (2020) Kat:3, Licht: 0","215578","3","5","0","09","08","5","0","0","1","1","0","0"
"POINT (6.918679298000029 50.921209210000029)","Unfall 215580 (2020) Kat:3, Licht: 0","215580","3","1","0","09","18","5","0","0","1","0","0","0"
"POINT (6.932631945000026 50.937519650000070)","Unfall 215583 (2020) Kat:3, Licht: 1","215583","3","4","6","09","19","5","0","1","1","0","1","0"
"POINT (6.960676025000055 50.917435543000067)","Unfall 215585 (2020) Kat:3, Licht: 0","215585","3","7","6","09","10","5","0","0","0","1","1","0"
"POINT (6.946605749000071 50.933642111000040)","Unfall 215587 (2020) Kat:3, Licht: 0","215587","3","5","1","09","07","5","0","0","1","1","0","0"
"POINT (6.972302941000066 50.932363033000058)","Unfall 215646 (2020) Kat:2, Licht: 0","215646","2","1","1","09","17","6","1","0","0","1","0","1"
"POINT (7.005394894000062 50.968592782000030)","Unfall 215648 (2020) Kat:3, Licht: 0","215648","3","4","6","09","16","6","0","0","0","1","1","0"
"POINT (7.005975055000022 50.959710060000077)","Unfall 215651 (2020) Kat:2, Licht: 0","215651","2","3","5","09","13","6","0","0","1","0","0","1"
"POINT (6.953514787000074 50.965793542000029)","Unfall 215653 (2020) Kat:2, Licht: 2","215653","2","3","5","09","04","6","1","2","0","1","0","1"
"POINT (6.934209219000024 50.976649442000053)","Unfall 215654 (2020) Kat:2, Licht: 0","215654","2","7","6","09","13","6","0","0","0","1","1","0"
"POINT (6.933499813000026 50.954189737000036)","Unfall 215656 (2020) Kat:3, Licht: 0","215656","3","1","0","09","09","6","0","0","0","0","0","1"
"POINT (6.861091442000031 50.933527094000056)","Unfall 215657 (2020) Kat:3, Licht: 0","215657","3","5","6","09","15","6","0","0","0","1","1","0"
"POINT (6.896321849000060 50.934498496000060)","Unfall 215661 (2020) Kat:3, Licht: 1","215661","3","5","3","09","18","6","1","1","0","1","0","1"
"POINT (6.910026986000048 50.963360634000026)","Unfall 215663 (2020) Kat:1, Licht: 0","215663","1","3","5","09","09","6","0","0","1","1","0","0"
"POINT (7.027381358000071 50.874029214000075)","Unfall 215664 (2020) Kat:3, Licht: 0","215664","3","6","0","09","18","6","1","0","0","1","0","0"
"POINT (6.944463274000043 50.913647021000031)","Unfall 215666 (2020) Kat:3, Licht: 0","215666","3","7","0","09","11","6","0","0","0","1","0","0"
"POINT (6.945280550000064 51.021039657000074)","Unfall 215801 (2020) Kat:3, Licht: 0","215801","3","3","5","09","14","3","1","0","0","1","0","1"
"POINT (6.998101180000049 50.935519478000060)","Unfall 215803 (2020) Kat:3, Licht: 0","215803","3","7","0","09","11","3","1","0","0","0","0","0"
"POINT (7.007759289000035 50.877734746000044)","Unfall 215811 (2020) Kat:3, Licht: 0","215811","3","5","0","09","07","3","1","0","1","1","0","0"
"POINT (6.953790143000049 50.900302503000034)","Unfall 215845 (2020) Kat:3, Licht: 0","215845","3","2","4","10","16","5","1","0","0","1","0","1"
"POINT (6.995152683000072 50.939347094000027)","Unfall 215850 (2020) Kat:3, Licht: 0","215850","3","3","5","09","13","4","0","0","1","1","0","0"
"POINT (7.062459916000023 50.883035459000041)","Unfall 215852 (2020) Kat:3, Licht: 0","215852","3","1","0","09","08","4","1","0","1","0","0","0"
"POINT (6.976104341000053 50.936854146000030)","Unfall 215855 (2020) Kat:3, Licht: 0","215855","3","5","1","09","14","3","0","0","1","0","0","0"
"POINT (6.958944829000075 50.968050103000053)","Unfall 215858 (2020) Kat:3, Licht: 0","215858","3","6","2","09","17","4","0","0","0","1","0","0"
"POINT (6.922509223000077 50.940643548000025)","Unfall 215861 (2020) Kat:3, Licht: 0","215861","3","1","0","09","14","4","0","0","1","0","0","0"
"POINT (6.938859045000072 50.930045033000056)","Unfall 215863 (2020) Kat:3, Licht: 0","215863","3","1","0","09","10","3","1","0","1","0","0","0"
"POINT (6.924099084000034 50.952403010000069)","Unfall 215865 (2020) Kat:3, Licht: 0","215865","3","7","0","09","08","3","1","0","1","1","0","0"
"POINT (6.943050984000024 50.935160271000029)","Unfall 215868 (2020) Kat:3, Licht: 0","215868","3","2","5","09","11","4","0","0","1","1","0","0"
"POINT (6.892268828000056 51.004407169000046)","Unfall 215905 (2020) Kat:3, Licht: 2","215905","3","1","7","09","05","3","0","2","0","0","0","1"
"POINT (6.918858581000052 50.927396115000079)","Unfall 215918 (2020) Kat:2, Licht: 2","215918","2","7","8","09","05","3","0","2","0","1","0","0"
"POINT (7.001527966000026 50.941857078000055)","Unfall 215960 (2020) Kat:3, Licht: 0","215960","3","7","0","09","10","3","1","0","0","0","1","0"
"POINT (6.953040909000038 50.939028379000035)","Unfall 215968 (2020) Kat:3, Licht: 1","215968","3","6","4","09","07","3","1","1","1","0","0","0"
"POINT (6.900631766000061 50.936200967000048)","Unfall 215972 (2020) Kat:3, Licht: 0","215972","3","2","1","09","14","3","1","0","1","1","0","0"
"POINT (6.972185639000031 50.909058869000035)","Unfall 216001 (2020) Kat:3, Licht: 0","216001","3","3","5","10","11","5","0","0","0","1","0","0"
"POINT (6.892145884000058 51.014688731000035)","Unfall 216011 (2020) Kat:2, Licht: 0","216011","2","1","8","09","14","3","1","0","0","1","0","0"
"POINT (6.918444952000073 50.927996905000043)","Unfall 216023 (2020) Kat:3, Licht: 2","216023","3","2","4","09","06","3","0","2","1","1","0","0"
"POINT (7.055567551000024 50.899788518000037)","Unfall 216028 (2020) Kat:3, Licht: 0","216028","3","2","2","09","16","2","1","0","0","1","0","0"
"POINT (6.906986925000069 50.916717015000074)","Unfall 216039 (2020) Kat:2, Licht: 0","216039","2","4","6","09","08","2","0","0","0","1","1","0"
"POINT (6.929961713000068 50.931119708000040)","Unfall 216047 (2020) Kat:3, Licht: 0","216047","3","6","1","09","14","2","0","0","0","1","0","0"
"POINT (7.048797921000073 50.997780671000044)","Unfall 216048 (2020) Kat:3, Licht: 2","216048","3","7","0","10","20","1","1","2","0","1","0","1"
"POINT (7.093771127000025 50.863183648000074)","Unfall 216052 (2020) Kat:3, Licht: 0","216052","3","3","5","10","14","7","1","0","0","1","0","0"
"POINT (6.857369218000031 51.068118769000080)","Unfall 216073 (2020) Kat:3, Licht: 0","216073","3","7","3","10","16","2","1","0","0","1","0","0"
"POINT (6.950439067000048 50.949251135000054)","Unfall 216099 (2020) Kat:2, Licht: 2","216099","2","1","0","10","01","1","0","2","1","0","0","0"
"POINT (7.026963064000029 50.961317451000070)","Unfall 216101 (2020) Kat:3, Licht: 0","216101","3","6","1","10","16","6","0","0","0","1","0","0"
"POINT (6.909294331000069 51.026458174000027)","Unfall 216103 (2020) Kat:3, Licht: 2","216103","3","3","5","10","19","7","1","2","0","1","0","0"
"POINT (7.024940034000053 50.878295741000045)","Unfall 216125 (2020) Kat:3, Licht: 0","216125","3","3","5","10","15","2","0","0","1","1","0","0"
"POINT (6.916681276000077 51.032815255000060)","Unfall 216138 (2020) Kat:3, Licht: 0","216138","3","7","2","10","14","6","0","0","0","1","0","0"
"POINT (6.903622446000043 50.957370806000029)","Unfall 216143 (2020) Kat:3, Licht: 0","216143","3","6","1","10","13","6","0","0","0","1","0","0"
"POINT (6.899607197000023 50.920071083000039)","Unfall 216153 (2020) Kat:2, Licht: 2","216153","2","6","3","10","04","7","0","2","1","0","0","0"
"POINT (7.092860294000047 50.965696427000069)","Unfall 216181 (2020) Kat:3, Licht: 0","216181","3","3","5","10","13","2","1","0","0","1","0","0"
"POINT (6.962484191000044 50.910948252000026)","Unfall 216207 (2020) Kat:3, Licht: 0","216207","3","2","4","10","17","1","0","0","0","1","0","1"
"POINT (7.022162207000065 51.002600316000041)","Unfall 216211 (2020) Kat:3, Licht: 0","216211","3","7","0","10","16","7","1","0","0","0","0","0"
"POINT (6.911391292000076 50.938771612000039)","Unfall 216234 (2020) Kat:3, Licht: 0","216234","3","3","5","10","14","2","0","0","0","1","0","0"
"POINT (6.886743984000020 51.011878289000038)","Unfall 216264 (2020) Kat:3, Licht: 2","216264","3","1","9","10","21","7","1","2","0","1","0","0"
"POINT (7.059650454000064 50.885573368000053)","Unfall 216292 (2020) Kat:3, Licht: 1","216292","3","7","6","10","06","5","0","1","0","0","1","0"
"POINT (6.955036815000028 51.002614426000036)","Unfall 216294 (2020) Kat:3, Licht: 1","216294","3","2","5","10","06","5","0","1","1","1","0","0"
"POINT (6.983608972000070 50.979736707000029)","Unfall 216301 (2020) Kat:3, Licht: 2","216301","3","5","4","10","20","5","1","2","0","1","0","0"
"POINT (6.912706873000047 50.983955872000081)","Unfall 216310 (2020) Kat:3, Licht: 0","216310","3","3","5","10","17","5","1","0","0","1","0","0"
"POINT (6.974583598000038 50.940259934000039)","Unfall 216313 (2020) Kat:3, Licht: 0","216313","3","1","0","10","08","5","1","0","1","0","0","0"
"POINT (6.947257442000023 50.914935213000035)","Unfall 216315 (2020) Kat:3, Licht: 0","216315","3","1","0","10","08","6","1","0","0","0","0","1"