WKT,Name,OBJECTID,UKATEGORIE,UTYP1,UART,UMONAT,USTUNDE,UWOCHENTAG,STRZUSTAND,ULICHTVERH,ISTRAD,ISTPKW,ISTFUSS,ISTKRAD
"POINT (6.898487969000030 50.958867214000065)","Unfall 216316 (2020) Kat:3, Licht: 0","216316","3","3","0","10","07","5","0","0","1","1","0","0"
"POINT (6.906308411000055 50.945452532000047)","Unfall 216317 (2020) Kat:3, Licht: 0","216317","3","3","5","10","13","5","0","0","0","1","0","0"
"POINT (6.917730111000026 50.959739471000034)","Unfall 216318 (2020) Kat:3, Licht: 1","216318","3","1","0","10","07","5","1","1","0","0","0","1"
"POINT (6.925106971000048 50.951780685000074)","Unfall 216321 (2020) Kat:3, Licht: 0","216321","3","3","5","10","14","5","0","0","0","1","0","0"
"POINT (6.941427906000058 50.907679271000063)","Unfall 216323 (2020) Kat:3, Licht: 2","216323","3","3","5","10","22","5","1","2","1","1","0","0"
"POINT (6.956009525000070 50.942529222000076)","Unfall 216325 (2020) Kat:3, Licht: 2","216325","3","3","0","10","22","5","1","2","1","1","0","0"
"POINT (6.950106943000037 50.936482453000053)","Unfall 216340 (2020) Kat:3, Licht: 0","216340","3","4","6","10","10","6","1","0","0","1","1","0"
"POINT (6.953241003000073 50.939011638000068)","Unfall 216351 (2020) Kat:3, Licht: 0","216351","3","1","0","10","09","6","1","0","0","0","0","1"
"POINT (6.917808810000054 50.960144152000055)","Unfall 216447 (2020) Kat:3, Licht: 0","216447","3","5","3","10","13","4","0","0","1","0","0","0"
"POINT (6.912923420000027 50.950084941000057)","Unfall 216450 (2020) Kat:3, Licht: 0","216450","3","1","0","10","16","4","0","0","0","0","0","0"
"POINT (7.019426169000042 50.873435734000054)","Unfall 216451 (2020) Kat:3, Licht: 0","216451","3","3","5","10","16","4","0","0","1","1","0","0"
"POINT (6.935117029000026 50.927892628000052)","Unfall 216452 (2020) Kat:3, Licht: 2","216452","3","1","0","10","07","4","1","2","1","0","0","0"
"POINT (6.927609339000071 50.895847646000050)","Unfall 216453 (2020) Kat:3, Licht: 0","216453","3","2","5","10","15","4","0","0","1","0","0","0"
"POINT (6.997555906000059 50.935076077000076)","Unfall 216479 (2020) Kat:3, Licht: 1","216479","3","4","7","10","07","6","1","1","0","1","1","0"
"POINT (7.004800295000052 50.967169577000050)","Unfall 216502 (2020) Kat:3, Licht: 0","216502","3","4","6","10","12","6","0","0","0","0","1","0"
"POINT (6.965721812000027 50.884199128000034)","Unfall 216511 (2020) Kat:3, Licht: 0","216511","3","6","2","10","14","4","0","0","0","0","0","0"
"POINT (7.034489974000053 50.953877868000063)","Unfall 216528 (2020) Kat:3, Licht: 0","216528","3","6","2","10","08","5","1","0","0","1","0","0"
"POINT (7.052430146000063 50.903655716000060)","Unfall 216535 (2020) Kat:3, Licht: 1","216535","3","7","6","10","18","5","1","1","0","1","1","0"
"POINT (6.997827379000057 50.935116427000025)","Unfall 216537 (2020) Kat:2, Licht: 0","216537","2","4","6","10","08","5","1","0","1","0","1","0"
"POINT (7.041283413000031 50.929173902000059)","Unfall 216541 (2020) Kat:3, Licht: 0","216541","3","6","2","10","15","5","1","0","0","1","0","0"
"POINT (6.976030311000045 50.931614323000076)","Unfall 216546 (2020) Kat:2, Licht: 0","216546","2","1","0","10","10","5","1","0","1","0","0","0"
"POINT (7.034310702000028 50.961568715000055)","Unfall 216548 (2020) Kat:3, Licht: 0","216548","3","3","0","10","08","5","1","0","1","0","0","1"
"POINT (7.087049010000044 50.872112893000065)","Unfall 216551 (2020) Kat:3, Licht: 0","216551","3","6","1","10","17","3","1","0","1","1","0","0"
"POINT (7.030829186000062 50.993844128000035)","Unfall 216552 (2020) Kat:3, Licht: 2","216552","3","1","9","10","22","3","1","2","0","1","0","0"
"POINT (6.885504380000043 51.011370795000062)","Unfall 216553 (2020) Kat:3, Licht: 0","216553","3","1","8","10","16","3","1","0","0","1","0","0"
"POINT (7.003321187000040 50.962576468000066)","Unfall 216554 (2020) Kat:3, Licht: 0","216554","3","3","0","10","09","5","1","0","1","1","0","0"
"POINT (6.931191474000059 50.923167210000031)","Unfall 216556 (2020) Kat:2, Licht: 0","216556","2","3","0","10","08","3","1","0","1","0","0","0"
"POINT (6.935472674000039 50.928096790000041)","Unfall 216557 (2020) Kat:3, Licht: 0","216557","3","1","0","10","14","3","1","0","1","0","0","0"
"POINT (6.975729315000024 50.931785637000075)","Unfall 216558 (2020) Kat:3, Licht: 0","216558","3","6","6","10","12","6","1","0","0","1","1","0"
"POINT (6.935491199000069 50.928107433000037)","Unfall 216559 (2020) Kat:3, Licht: 0","216559","3","1","0","10","13","3","1","0","1","0","0","0"
"POINT (6.947235153000065 51.002688001000081)","Unfall 216561 (2020) Kat:3, Licht: 0","216561","3","6","2","10","10","6","1","0","0","1","0","0"
"POINT (6.957037045000050 50.920793359000072)","Unfall 216562 (2020) Kat:3, Licht: 0","216562","3","1","0","10","16","3","1","0","1","1","0","0"
"POINT (7.007696578000036 50.951674466000043)","Unfall 216564 (2020) Kat:3, Licht: 0","216564","3","2","0","10","15","5","0","0","1","1","0","0"
"POINT (6.904064652000045 50.919387460000053)","Unfall 216567 (2020) Kat:3, Licht: 0","216567","3","3","5","10","15","2","1","0","1","1","0","0"
"POINT (7.049168918000021 50.909724340000082)","Unfall 216571 (2020) Kat:3, Licht: 0","216571","3","2","2","10","17","5","0","0","0","1","0","0"
"POINT (6.992911599000024 50.892576998000038)","Unfall 216575 (2020) Kat:3, Licht: 1","216575","3","5","1","10","18","5","0","1","1","1","0","0"
"POINT (7.074712023000075 50.975929214000075)","Unfall 216580 (2020) Kat:3, Licht: 0","216580","3","3","0","10","16","3","0","0","1","1","0","0"
"POINT (6.892218408000076 50.992030868000029)","Unfall 216608 (2020) Kat:2, Licht: 2","216608","2","7","3","10","21","2","0","2","0","1","0","0"
"POINT (6.960260822000066 50.918373643000052)","Unfall 216617 (2020) Kat:3, Licht: 0","216617","3","1","0","10","10","2","1","0","1","0","0","0"
"POINT (6.940582867000046 50.992679732000056)","Unfall 216621 (2020) Kat:3, Licht: 0","216621","3","6","2","10","18","5","0","0","0","1","0","0"
"POINT (6.890882279000039 50.973398388000078)","Unfall 216628 (2020) Kat:3, Licht: 0","216628","3","3","0","10","17","4","0","0","1","0","0","0"
"POINT (6.947465737000073 50.984039768000059)","Unfall 216630 (2020) Kat:3, Licht: 0","216630","3","3","5","10","16","5","0","0","1","1","0","0"
"POINT (6.966891240000052 50.892906808000077)","Unfall 216655 (2020) Kat:3, Licht: 2","216655","3","6","2","10","06","2","1","2","0","1","0","0"
"POINT (7.086794502000032 50.884778934000053)","Unfall 216662 (2020) Kat:3, Licht: 2","216662","3","1","0","10","20","7","1","2","1","0","0","0"
"POINT (7.060840470000073 50.928886411000065)","Unfall 216663 (2020) Kat:3, Licht: 0","216663","3","2","0","10","18","1","0","0","0","1","0","1"
"POINT (7.001482881000072 50.940487921000056)","Unfall 216670 (2020) Kat:2, Licht: 2","216670","2","1","8","10","22","7","1","2","1","0","0","0"
"POINT (6.875170224000044 51.002801722000072)","Unfall 216671 (2020) Kat:3, Licht: 0","216671","3","6","1","10","12","1","0","0","0","1","0","1"
"POINT (6.907591939000042 51.025751225000079)","Unfall 216677 (2020) Kat:3, Licht: 0","216677","3","3","5","10","14","7","0","0","1","1","0","0"
"POINT (6.926182952000033 50.923792926000033)","Unfall 216679 (2020) Kat:3, Licht: 0","216679","3","7","0","10","13","5","0","0","1","0","0","0"
"POINT (6.952552593000064 50.923949236000055)","Unfall 216680 (2020) Kat:3, Licht: 0","216680","3","2","5","10","08","7","0","0","0","1","0","0"
"POINT (6.934269225000037 50.939072568000029)","Unfall 216683 (2020) Kat:3, Licht: 2","216683","3","1","0","10","02","7","1","2","0","0","0","0"
"POINT (6.921961095000029 50.919040412000072)","Unfall 216696 (2020) Kat:2, Licht: 0","216696","2","7","5","10","14","4","0","0","1","1","0","0"
"POINT (6.891272176000030 51.014117123000062)","Unfall 216704 (2020) Kat:2, Licht: 0","216704","2","1","9","10","11","1","0","0","0","1","0","0"
"POINT (6.960971135000023 50.984546277000049)","Unfall 216711 (2020) Kat:3, Licht: 0","216711","3","3","5","10","09","2","1","0","1","1","0","0"
"POINT (6.961370032000048 50.941076999000074)","Unfall 216714 (2020) Kat:3, Licht: 0","216714","3","1","0","10","15","1","0","0","1","0","0","0"
"POINT (6.961498151000058 50.936645290000058)","Unfall 216722 (2020) Kat:3, Licht: 2","216722","3","3","5","10","21","2","0","2","1","1","0","0"
"POINT (6.960490735000064 50.918038719000037)","Unfall 216725 (2020) Kat:3, Licht: 0","216725","3","6","2","10","13","1","0","0","1","1","0","0"
"POINT (7.010049133000052 50.943409112000040)","Unfall 216726 (2020) Kat:3, Licht: 2","216726","3","3","5","10","05","5","0","2","0","1","0","0"
"POINT (6.944178042000033 50.924187708000034)","Unfall 216730 (2020) Kat:3, Licht: 2","216730","3","7","6","10","00","5","1","2","0","1","1","0"
"POINT (7.050816743000041 50.964248393000048)","Unfall 216733 (2020) Kat:2, Licht: 0","216733","2","6","0","10","14","4","0","0","1","0","1","0"
"POINT (6.953093259000070 50.995781164000050)","Unfall 216735 (2020) Kat:3, Licht: 2","216735","3","1","8","10","23","3","0","2","0","0","0","1"
"POINT (6.897972428000060 50.946045262000041)","Unfall 216762 (2020) Kat:2, Licht: 2","216762","2","2","5","10","21","2","1","2","0","1","0","1"
"POINT (6.961061192000045 50.943338596000046)","Unfall 216772 (2020) Kat:3, Licht: 0","216772","3","6","3","10","08","2","1","0","0","1","0","1"
"POINT (6.914112114000034 50.944503789000066)","Unfall 216783 (2020) Kat:3, Licht: 0","216783","3","6","1","10","10","5","0","0","0","1","0","0"
"POINT (6.900760052000067 50.957575431000066)","Unfall 216798 (2020) Kat:3, Licht: 0","216798","3","3","0","10","10","4","0","0","1","0","0","0"
"POINT (7.077517814000032 50.891469955000048)","Unfall 216810 (2020) Kat:3, Licht: 0","216810","3","7","6","10","11","2","1","0","0","1","1","0"
"POINT (6.917910173000053 50.959502124000039)","Unfall 216822 (2020) Kat:3, Licht: 0","216822","3","5","0","10","08","4","1","0","1","1","0","0"
"POINT (6.948595192000028 50.917013319000034)","Unfall 216824 (2020) Kat:1, Licht: 0","216824","1","1","0","10","09","7","0","0","1","0","0","0"
"POINT (6.950404772000070 50.940530615000057)","Unfall 216827 (2020) Kat:3, Licht: 0","216827","3","1","0","10","12","3","1","0","0","0","0","1"
"POINT (6.950459706000061 50.945278337000047)","Unfall 216828 (2020) Kat:3, Licht: 2","216828","3","2","5","10","23","7","0","2","0","1","0","1"
"POINT (7.018575174000034 50.943200179000030)","Unfall 216847 (2020) Kat:3, Licht: 0","216847","3","6","0","10","18","2","0","0","0","1","1","0"
"POINT (6.908900919000075 50.919329362000042)","Unfall 216861 (2020) Kat:2, Licht: 0","216861","2","1","0","10","10","2","0","0","0","0","0","1"
"POINT (6.922780494000051 50.952839498000060)","Unfall 216865 (2020) Kat:3, Licht: 0","216865","3","1","0","10","11","3","1","0","0","0","0","1"
"POINT (7.055746958000043 50.885549642000058)","Unfall 216867 (2020) Kat:3, Licht: 0","216867","3","6","2","10","13","3","1","0","0","1","0","0"
"POINT (6.932756110000071 50.948619035000036)","Unfall 216870 (2020) Kat:3, Licht: 0","216870","3","3","5","10","15","4","0","0","1","1","0","0"
"POINT (6.938477707000061 50.933098743000073)","Unfall 216875 (2020) Kat:3, Licht: 0","216875","3","1","0","10","16","3","1","0","1","1","0","0"
"POINT (6.992315677000022 50.987743103000071)","Unfall 216912 (2020) Kat:3, Licht: 0","216912","3","6","6","10","11","2","0","0","0","1","1","0"
"POINT (6.957584512000040 50.955949906000058)","Unfall 216917 (2020) Kat:2, Licht: 2","216917","2","1","0","10","23","3","1","2","1","0","0","0"
"POINT (6.918007991000025 50.928654672000050)","Unfall 216921 (2020) Kat:3, Licht: 0","216921","3","3","5","10","16","4","0","0","1","1","0","0"
"POINT (6.950397957000064 50.919994497000062)","Unfall 216930 (2020) Kat:3, Licht: 1","216930","3","6","2","10","18","3","1","1","0","1","0","0"
"POINT (7.016630664000047 50.952020010000069)","Unfall 216939 (2020) Kat:3, Licht: 0","216939","3","4","6","10","16","1","0","0","0","1","1","0"
"POINT (7.011193158000026 50.975981921000027)","Unfall 216951 (2020) Kat:3, Licht: 2","216951","3","7","6","10","20","1","1","2","0","1","1","0"
"POINT (6.933990192000067 50.957266967000066)","Unfall 216966 (2020) Kat:2, Licht: 0","216966","2","1","0","10","09","2","1","0","1","0","0","0"
"POINT (6.909163549000027 51.042040312000040)","Unfall 216970 (2020) Kat:3, Licht: 0","216970","3","6","3","10","13","1","1","0","1","0","0","0"
"POINT (6.961122295000052 50.985937240000055)","Unfall 216971 (2020) Kat:3, Licht: 0","216971","3","3","0","10","15","3","1","0","1","1","0","0"
"POINT (6.966228040000033 50.972133927000073)","Unfall 216972 (2020) Kat:3, Licht: 0","216972","3","3","5","10","16","1","0","0","1","1","0","0"
"POINT (6.917915569000058 50.959493275000057)","Unfall 216976 (2020) Kat:3, Licht: 0","216976","3","1","0","10","12","4","1","0","1","0","0","0"
"POINT (6.952643315000046 50.937244325000052)","Unfall 216981 (2020) Kat:3, Licht: 2","216981","3","6","2","10","19","3","1","2","0","1","0","0"
"POINT (7.013334942000029 50.940202397000064)","Unfall 216982 (2020) Kat:3, Licht: 2","216982","3","5","1","10","03","6","0","2","1","1","0","0"
"POINT (6.986333921000039 50.933470178000050)","Unfall 216984 (2020) Kat:3, Licht: 2","216984","3","3","0","10","19","6","0","2","1","0","0","0"
"POINT (6.889190161000045 51.020593138000038)","Unfall 216987 (2020) Kat:3, Licht: 0","216987","3","7","0","10","17","6","0","0","0","0","0","0"
"POINT (6.948624076000044 50.900540447000026)","Unfall 216992 (2020) Kat:3, Licht: 0","216992","3","7","4","10","11","6","0","0","0","1","0","1"
"POINT (6.950027864000049 50.937079728000072)","Unfall 216997 (2020) Kat:3, Licht: 0","216997","3","1","0","10","18","6","0","0","0","0","0","1"
"POINT (6.997029642000030 50.922050701000046)","Unfall 217004 (2020) Kat:3, Licht: 0","217004","3","7","0","10","15","2","0","0","0","1","1","0"
"POINT (6.942407670000023 50.944739328000026)","Unfall 217016 (2020) Kat:3, Licht: 0","217016","3","6","3","10","08","2","0","0","1","0","0","0"
"POINT (6.973779464000074 50.930912845000080)","Unfall 217023 (2020) Kat:2, Licht: 0","217023","2","1","0","10","12","3","1","0","1","0","0","0"
"POINT (6.991422918000069 50.887918671000079)","Unfall 217026 (2020) Kat:3, Licht: 0","217026","3","6","3","10","16","4","0","0","1","1","0","0"
"POINT (6.935169731000030 50.927922882000075)","Unfall 217034 (2020) Kat:3, Licht: 0","217034","3","1","0","10","17","3","0","0","1","0","0","0"
"POINT (6.914747543000033 51.014790650000066)","Unfall 217066 (2020) Kat:3, Licht: 2","217066","3","1","9","10","22","2","0","2","0","1","0","0"
"POINT (6.974223908000056 50.975135385000044)","Unfall 217072 (2020) Kat:3, Licht: 0","217072","3","6","2","10","07","3","0","0","0","1","0","0"
"POINT (6.927927861000057 50.900562551000064)","Unfall 217075 (2020) Kat:2, Licht: 2","217075","2","1","0","10","19","4","1","2","1","0","0","0"
"POINT (6.938306810000029 50.933077359000038)","Unfall 217082 (2020) Kat:3, Licht: 0","217082","3","3","5","10","15","2","0","0","1","1","0","0"
"POINT (7.002594504000058 50.972729273000027)","Unfall 217087 (2020) Kat:3, Licht: 0","217087","3","7","0","10","04","2","0","0","1","1","0","0"
"POINT (6.960929587000067 50.984219703000065)","Unfall 217102 (2020) Kat:2, Licht: 2","217102","2","1","0","10","03","1","0","2","0","1","0","0"
"POINT (6.997861936000049 50.887825053000029)","Unfall 217119 (2020) Kat:3, Licht: 0","217119","3","2","5","10","08","2","0","0","1","1","0","0"
"POINT (7.040074034000043 50.951987458000076)","Unfall 217132 (2020) Kat:3, Licht: 2","217132","3","6","2","10","22","6","1","2","0","1","0","0"
"POINT (6.952970320000077 50.914557286000047)","Unfall 217144 (2020) Kat:3, Licht: 2","217144","3","2","5","10","07","6","1","2","1","1","0","0"
"POINT (6.934435164000036 50.933029979000025)","Unfall 217152 (2020) Kat:2, Licht: 2","217152","2","2","5","10","18","1","1","2","0","1","0","1"
"POINT (6.844970895000074 50.926820461000034)","Unfall 217156 (2020) Kat:2, Licht: 0","217156","2","1","8","10","08","3","0","0","0","0","0","1"
"POINT (6.933214084000042 50.913600962000032)","Unfall 217167 (2020) Kat:3, Licht: 0","217167","3","2","3","10","11","2","0","0","1","0","0","0"
"POINT (7.020992887000034 50.940308565000066)","Unfall 217168 (2020) Kat:3, Licht: 0","217168","3","7","6","10","16","7","0","0","1","0","1","0"
"POINT (7.073055654000029 50.976246766000031)","Unfall 217169 (2020) Kat:3, Licht: 2","217169","3","4","6","10","18","5","0","2","0","1","1","0"
"POINT (6.860080643000060 50.930511668000065)","Unfall 217171 (2020) Kat:3, Licht: 0","217171","3","1","0","10","14","2","1","0","1","0","0","0"
"POINT (6.965358002000073 50.974243399000045)","Unfall 217178 (2020) Kat:3, Licht: 1","217178","3","2","0","10","19","5","1","1","0","1","1","0"
"POINT (6.923368636000021 50.922847935000050)","Unfall 217181 (2020) Kat:2, Licht: 2","217181","2","1","0","10","00","6","1","2","1","0","0","0"
"POINT (6.844294658000024 50.950298388000078)","Unfall 217187 (2020) Kat:3, Licht: 2","217187","3","4","6","10","19","5","1","2","0","1","1","0"
"POINT (6.940356307000059 50.942759941000077)","Unfall 217190 (2020) Kat:3, Licht: 0","217190","3","2","0","10","16","5","0","0","1","1","0","0"
"POINT (6.958833175000052 50.923491481000042)","Unfall 217192 (2020) Kat:3, Licht: 0","217192","3","1","0","10","09","5","1","0","1","0","0","0"
"POINT (6.956448069000032 50.920421596000040)","Unfall 217194 (2020) Kat:3, Licht: 0","217194","3","5","1","10","17","6","1","0","1","1","0","0"
"POINT (6.973385373000042 50.960807546000069)","Unfall 217220 (2020) Kat:3, Licht: 0","217220","3","5","1","10","09","7","0","0","1","1","0","0"
"POINT (6.934723087000066 50.951219780000031)","Unfall 217223 (2020) Kat:3, Licht: 0","217223","3","1","0","10","14","2","0","0","1","0","0","0"
"POINT (7.010506592000070 50.882866506000028)","Unfall 217250 (2020) Kat:3, Licht: 2","217250","3","6","4","10","23","6","1","2","1","0","0","0"
"POINT (7.014979143000062 50.884980774000041)","Unfall 217258 (2020) Kat:3, Licht: 0","217258","3","6","6","10","11","1","0","0","0","1","1","0"
"POINT (6.997521788000029 50.882423568000036)","Unfall 217274 (2020) Kat:3, Licht: 2","217274","3","5","1","10","17","2","0","2","0","1","0","0"
"POINT (6.959382833000063 50.970979028000045)","Unfall 217278 (2020) Kat:2, Licht: 0","217278","2","1","0","10","10","2","1","0","1","0","0","0"
"POINT (6.959227177000059 50.951012342000070)","Unfall 217287 (2020) Kat:3, Licht: 0","217287","3","6","2","10","17","6","1","0","0","1","0","1"
"POINT (6.953456823000067 50.944793453000045)","Unfall 217298 (2020) Kat:3, Licht: 0","217298","3","2","1","10","16","6","1","0","0","1","0","0"
"POINT (6.969390875000045 50.973533111000052)","Unfall 217321 (2020) Kat:3, Licht: 2","217321","3","2","5","10","00","7","1","2","0","1","0","0"
"POINT (6.886252821000028 50.934079086000054)","Unfall 217324 (2020) Kat:3, Licht: 0","217324","3","3","5","10","09","2","0","0","1","1","0","0"
"POINT (6.963193291000039 50.908815448000041)","Unfall 217334 (2020) Kat:3, Licht: 2","217334","3","1","0","10","20","6","1","2","0","0","0","1"
"POINT (6.964684274000035 50.974239408000074)","Unfall 217369 (2020) Kat:2, Licht: 0","217369","2","3","5","10","16","6","0","0","0","1","0","0"
"POINT (7.031572096000048 50.966790374000027)","Unfall 217408 (2020) Kat:3, Licht: 1","217408","3","7","0","10","08","6","0","1","0","1","0","0"
"POINT (6.888129847000073 50.947075182000049)","Unfall 217418 (2020) Kat:2, Licht: 2","217418","2","7","6","10","17","6","0","2","0","1","1","0"
"POINT (6.888231055000063 50.985952337000072)","Unfall 217448 (2020) Kat:3, Licht: 0","217448","3","2","5","10","08","4","0","0","1","1","0","0"
"POINT (6.965588022000077 50.900337218000061)","Unfall 217450 (2020) Kat:3, Licht: 0","217450","3","2","5","10","16","4","0","0","1","1","0","0"
"POINT (6.926317835000020 50.862912848000065)","Unfall 217453 (2020) Kat:3, Licht: 2","217453","3","5","1","10","18","4","1","2","0","1","0","0"
"POINT (6.933769928000061 50.927364117000081)","Unfall 217454 (2020) Kat:2, Licht: 0","217454","2","1","0","10","09","4","1","0","1","0","0","0"
"POINT (6.938518244000022 50.929853247000040)","Unfall 217456 (2020) Kat:3, Licht: 2","217456","3","1","0","10","21","4","1","2","1","0","0","0"
"POINT (6.950206209000044 50.947135151000055)","Unfall 217457 (2020) Kat:3, Licht: 0","217457","3","1","0","10","13","4","1","0","1","0","0","0"
"POINT (6.978816006000045 51.005324806000033)","Unfall 217476 (2020) Kat:3, Licht: 0","217476","3","7","6","10","14","6","0","0","0","1","1","0"
"POINT (6.893743572000062 50.946441340000035)","Unfall 217527 (2020) Kat:3, Licht: 0","217527","3","7","5","10","08","6","1","0","1","1","0","0"
"POINT (7.023929212000041 50.944700908000073)","Unfall 217528 (2020) Kat:3, Licht: 2","217528","3","6","3","10","18","5","1","2","1","1","0","0"
"POINT (7.001480671000024 50.940481605000059)","Unfall 217534 (2020) Kat:3, Licht: 0","217534","3","5","5","10","15","5","0","0","1","1","0","0"
"POINT (6.949416595000059 50.993168157000071)","Unfall 217547 (2020) Kat:3, Licht: 0","217547","3","6","2","10","13","5","0","0","0","1","0","0"
"POINT (6.884590813000045 50.945452383000031)","Unfall 217553 (2020) Kat:3, Licht: 0","217553","3","3","5","10","13","5","1","0","0","1","0","0"
"POINT (6.900027103000070 50.963668753000036)","Unfall 217554 (2020) Kat:3, Licht: 0","217554","3","3","0","10","09","5","0","0","0","1","0","1"
"POINT (6.911253202000069 50.966312073000040)","Unfall 217556 (2020) Kat:3, Licht: 0","217556","3","3","5","10","08","5","1","0","0","1","0","0"
"POINT (6.940883963000033 50.912067812000032)","Unfall 217559 (2020) Kat:3, Licht: 2","217559","3","7","0","10","01","5","1","2","1","0","0","0"
"POINT (6.948770425000021 50.933817364000049)","Unfall 217564 (2020) Kat:3, Licht: 0","217564","3","3","0","10","15","5","1","0","0","1","0","1"
"POINT (7.006097998000030 50.959431996000035)","Unfall 217566 (2020) Kat:3, Licht: 0","217566","3","3","5","10","11","6","0","0","1","0","0","0"
"POINT (6.959957434000046 50.919875443000080)","Unfall 217579 (2020) Kat:3, Licht: 2","217579","3","5","3","10","19","6","0","2","1","1","0","0"
"POINT (7.057527938000021 50.974026883000079)","Unfall 217602 (2020) Kat:3, Licht: 0","217602","3","6","1","11","14","1","1","0","0","1","0","0"
"POINT (6.853100369000060 50.942211881000048)","Unfall 217625 (2020) Kat:3, Licht: 0","217625","3","1","0","11","15","2","1","0","1","0","0","0"
"POINT (6.942307672000027 50.957899973000053)","Unfall 217626 (2020) Kat:3, Licht: 2","217626","3","6","4","11","00","1","1","2","0","1","0","0"
"POINT (6.964003633000061 50.905609409000078)","Unfall 217633 (2020) Kat:3, Licht: 0","217633","3","6","2","11","12","4","0","0","0","1","0","0"
"POINT (6.919869482000024 50.921589684000025)","Unfall 217642 (2020) Kat:3, Licht: 0","217642","3","2","5","11","15","1","0","0","1","1","0","0"
"POINT (6.989779045000034 50.911382922000030)","Unfall 217667 (2020) Kat:3, Licht: 0","217667","3","2","5","10","14","7","0","0","1","1","0","0"
"POINT (6.999249555000063 50.939412111000081)","Unfall 217671 (2020) Kat:2, Licht: 2","217671","2","7","0","10","23","7","1","2","1","1","0","0"
"POINT (6.952116699000044 50.975014253000040)","Unfall 217679 (2020) Kat:3, Licht: 0","217679","3","1","0","10","13","7","0","0","1","0","0","0"
"POINT (6.997926486000040 50.914393029000053)","Unfall 217680 (2020) Kat:3, Licht: 0","217680","3","3","4","11","10","2","0","0","0","1","0","0"
"POINT (6.965677333000031 50.899972462000051)","Unfall 217682 (2020) Kat:3, Licht: 0","217682","3","6","3","11","10","4","0","0","0","1","0","0"
"POINT (6.945766558000059 51.039005251000049)","Unfall 217683 (2020) Kat:3, Licht: 0","217683","3","7","7","10","12","7","0","0","1","0","0","0"
"POINT (6.912047599000061 50.965286659000071)","Unfall 217688 (2020) Kat:3, Licht: 2","217688","3","2","4","10","21","7","1","2","0","1","0","0"
"POINT (6.974663095000039 50.899630614000046)","Unfall 217692 (2020) Kat:3, Licht: 2","217692","3","1","9","10","01","7","0","2","0","1","0","0"
"POINT (6.912686811000071 50.971871375000035)","Unfall 217693 (2020) Kat:3, Licht: 2","217693","3","7","6","11","17","2","1","2","0","1","1","0"
"POINT (6.962326956000027 50.941933324000047)","Unfall 217701 (2020) Kat:3, Licht: 2","217701","3","1","8","10","01","7","0","2","0","1","0","0"
"POINT (6.948193058000072 50.980236122000065)","Unfall 217706 (2020) Kat:3, Licht: 1","217706","3","7","0","11","17","3","1","1","0","1","0","0"
"POINT (6.912709263000068 50.971854317000066)","Unfall 217722 (2020) Kat:3, Licht: 0","217722","3","3","0","11","14","4","0","0","0","1","0","0"
"POINT (6.952907320000065 50.961036745000058)","Unfall 217734 (2020) Kat:3, Licht: 1","217734","3","2","3","11","18","2","1","1","1","1","0","0"
"POINT (6.952707414000031 50.942572354000049)","Unfall 217746 (2020) Kat:3, Licht: 2","217746","3","2","6","11","19","2","1","2","0","1","1","0"
"POINT (6.859039529000029 50.941386451000028)","Unfall 217783 (2020) Kat:2, Licht: 2","217783","2","7","0","11","18","2","1","2","0","1","0","0"
"POINT (7.058680353000057 50.923952932000077)","Unfall 217787 (2020) Kat:3, Licht: 0","217787","3","6","3","11","13","2","0","0","0","1","0","0"
"POINT (6.993315899000038 50.894252304000076)","Unfall 217789 (2020) Kat:3, Licht: 0","217789","3","6","4","11","16","4","0","0","1","1","0","0"
"POINT (7.039646634000064 50.979521357000067)","Unfall 217812 (2020) Kat:3, Licht: 0","217812","3","4","6","11","10","3","0","0","0","0","1","0"
"POINT (6.972149450000075 50.936850748000040)","Unfall 217826 (2020) Kat:3, Licht: 0","217826","3","5","1","11","11","4","0","0","1","1","0","0"
"POINT (6.997426988000029 50.929830331000062)","Unfall 217838 (2020) Kat:2, Licht: 2","217838","2","4","6","11","19","2","1","2","0","1","1","0"
"POINT (6.904985437000050 50.924394191000033)","Unfall 217847 (2020) Kat:3, Licht: 2","217847","3","3","5","11","18","2","1","2","1","1","0","0"
"POINT (6.940618573000052 50.919291369000064)","Unfall 217870 (2020) Kat:2, Licht: 0","217870","2","7","0","11","09","2","1","0","0","0","0","1"
"POINT (7.037847267000075 51.002585690000046)","Unfall 217922 (2020) Kat:3, Licht: 0","217922","3","7","0","11","16","2","0","0","0","1","0","0"
"POINT (7.022697750000020 50.941796699000065)","Unfall 217925 (2020) Kat:3, Licht: 2","217925","3","2","6","11","05","6","0","2","0","1","1","0"
"POINT (6.925634218000027 50.921103704000075)","Unfall 217926 (2020) Kat:3, Licht: 0","217926","3","7","0","11","12","6","0","0","1","1","0","0"
"POINT (6.932648422000057 50.905365978000077)","Unfall 217928 (2020) Kat:3, Licht: 2","217928","3","7","9","11","22","6","0","2","0","0","0","1"
"POINT (6.946011430000056 50.940912251000043)","Unfall 217934 (2020) Kat:2, Licht: 0","217934","2","6","4","11","14","2","0","0","1","0","0","0"
"POINT (6.888302438000039 50.987602988000049)","Unfall 217971 (2020) Kat:3, Licht: 2","217971","3","3","4","11","18","2","0","2","0","1","0","0"