WKT,Name,OBJECTID,UKATEGORIE,UTYP1,UART,UMONAT,USTUNDE,UWOCHENTAG,STRZUSTAND,ULICHTVERH,ISTRAD,ISTPKW,ISTFUSS,ISTKRAD
"POINT (6.923459579000053 50.919475917000057)","Unfall 218022 (2020) Kat:3, Licht: 0","218022","3","1","0","11","12","2","1","0","1","0","0","0"
"POINT (7.081306395000070 50.897169626000050)","Unfall 218025 (2020) Kat:3, Licht: 2","218025","3","3","5","11","18","5","0","2","0","1","0","0"
"POINT (7.007548210000039 50.928433081000037)","Unfall 218026 (2020) Kat:3, Licht: 0","218026","3","7","0","11","09","5","0","0","0","0","0","0"
"POINT (7.092618998000035 50.970216270000037)","Unfall 218028 (2020) Kat:3, Licht: 2","218028","3","1","0","11","06","5","0","2","0","1","0","0"
"POINT (7.075643896000031 50.971959137000056)","Unfall 218030 (2020) Kat:3, Licht: 0","218030","3","2","5","11","08","5","0","0","0","1","0","0"
"POINT (7.009593299000073 50.956107699000029)","Unfall 218031 (2020) Kat:3, Licht: 0","218031","3","7","1","11","10","5","0","0","0","1","0","1"
"POINT (6.858078536000051 51.066730493000080)","Unfall 218033 (2020) Kat:3, Licht: 0","218033","3","4","0","11","07","5","0","0","0","1","1","0"
"POINT (6.885679449000065 50.946949867000058)","Unfall 218034 (2020) Kat:2, Licht: 0","218034","2","5","1","11","10","5","0","0","1","1","0","0"
"POINT (6.900000711000075 50.941836428000045)","Unfall 218036 (2020) Kat:3, Licht: 0","218036","3","3","5","11","14","5","0","0","0","1","0","1"
"POINT (7.001892009000073 50.881036722000033)","Unfall 218037 (2020) Kat:3, Licht: 0","218037","3","1","0","11","16","5","1","0","1","0","0","0"
"POINT (6.980807378000066 50.936382564000041)","Unfall 218039 (2020) Kat:3, Licht: 0","218039","3","3","6","11","09","5","0","0","0","1","1","0"
"POINT (6.922167938000030 50.973104454000065)","Unfall 218062 (2020) Kat:3, Licht: 0","218062","3","2","5","11","12","7","0","0","1","1","0","0"
"POINT (6.918657670000073 50.911721023000041)","Unfall 218068 (2020) Kat:2, Licht: 0","218068","2","1","7","11","15","7","0","0","0","0","0","0"
"POINT (6.923900302000050 50.909085988000072)","Unfall 218070 (2020) Kat:3, Licht: 0","218070","3","1","0","11","11","7","0","0","1","0","0","0"
"POINT (6.969012368000051 50.918449055000053)","Unfall 218071 (2020) Kat:2, Licht: 0","218071","2","3","5","11","08","7","0","0","1","1","0","0"
"POINT (6.953325732000053 50.944756179000080)","Unfall 218073 (2020) Kat:3, Licht: 0","218073","3","6","2","11","15","7","0","0","0","1","0","0"
"POINT (6.957687441000076 50.965643980000038)","Unfall 218076 (2020) Kat:3, Licht: 1","218076","3","5","1","11","08","2","0","1","1","0","0","0"
"POINT (6.999508866000042 50.939954026000066)","Unfall 218116 (2020) Kat:3, Licht: 2","218116","3","1","0","11","18","4","0","2","0","1","0","0"
"POINT (6.995627836000040 50.949263733000066)","Unfall 218120 (2020) Kat:3, Licht: 0","218120","3","1","0","11","08","4","1","0","1","0","0","0"
"POINT (6.977643212000032 50.970421755000075)","Unfall 218122 (2020) Kat:3, Licht: 0","218122","3","7","0","11","14","4","0","0","0","0","0","0"
"POINT (6.978331952000076 50.969482989000028)","Unfall 218126 (2020) Kat:3, Licht: 0","218126","3","2","5","11","09","4","1","0","1","1","0","0"
"POINT (6.975934666000057 50.964019707000034)","Unfall 218131 (2020) Kat:3, Licht: 0","218131","3","2","5","11","10","6","0","0","0","1","0","0"
"POINT (6.907851769000047 50.947124455000051)","Unfall 218134 (2020) Kat:2, Licht: 2","218134","2","1","0","11","01","4","0","2","1","0","0","0"
"POINT (6.930911873000071 50.954980873000068)","Unfall 218137 (2020) Kat:3, Licht: 1","218137","3","4","6","11","07","4","1","1","0","1","1","0"
"POINT (6.946904745000040 50.975781568000059)","Unfall 218141 (2020) Kat:3, Licht: 0","218141","3","1","0","11","14","5","0","0","0","0","0","1"
"POINT (6.994275374000040 50.887255714000048)","Unfall 218142 (2020) Kat:3, Licht: 2","218142","3","3","5","11","18","4","0","2","0","1","0","1"
"POINT (6.972469232000037 50.901103596000041)","Unfall 218146 (2020) Kat:2, Licht: 0","218146","2","3","0","11","13","4","1","0","1","0","0","0"
"POINT (6.912084583000024 50.965321449000044)","Unfall 218176 (2020) Kat:3, Licht: 0","218176","3","4","6","11","16","3","0","0","0","1","1","0"
"POINT (6.962616307000076 50.910499793000042)","Unfall 218206 (2020) Kat:3, Licht: 2","218206","3","3","5","11","16","5","0","2","0","1","0","0"
"POINT (7.049712746000068 50.948992555000075)","Unfall 218213 (2020) Kat:3, Licht: 2","218213","3","1","0","11","17","3","0","2","1","0","0","0"
"POINT (7.073268416000076 50.977655037000034)","Unfall 218219 (2020) Kat:3, Licht: 0","218219","3","4","6","11","15","6","0","0","0","1","1","0"
"POINT (6.937491217000058 50.918647903000078)","Unfall 218228 (2020) Kat:3, Licht: 2","218228","3","1","0","11","18","3","0","2","1","0","0","0"
"POINT (7.096239130000072 50.863395136000065)","Unfall 218249 (2020) Kat:3, Licht: 0","218249","3","1","9","11","15","5","0","0","1","0","0","0"
"POINT (6.907977823000067 50.944334957000081)","Unfall 218267 (2020) Kat:2, Licht: 0","218267","2","2","5","11","16","3","0","0","0","1","0","1"
"POINT (6.948962229000074 50.948677818000078)","Unfall 218291 (2020) Kat:3, Licht: 0","218291","3","7","0","11","13","6","0","0","1","1","0","0"
"POINT (6.888048362000063 50.955377136000038)","Unfall 218301 (2020) Kat:3, Licht: 0","218301","3","7","0","11","13","5","1","0","1","0","0","0"
"POINT (6.991471494000052 50.914211190000060)","Unfall 218327 (2020) Kat:3, Licht: 0","218327","3","5","1","11","16","6","1","0","0","1","0","0"
"POINT (6.936143342000037 50.919312563000062)","Unfall 218334 (2020) Kat:3, Licht: 0","218334","3","2","5","11","16","3","0","0","1","1","0","0"
"POINT (6.945578017000059 50.936678145000030)","Unfall 218362 (2020) Kat:3, Licht: 2","218362","3","3","5","11","20","5","0","2","1","1","0","0"
"POINT (7.061520253000026 50.938180067000076)","Unfall 218364 (2020) Kat:3, Licht: 0","218364","3","7","8","11","15","4","0","0","0","1","0","0"
"POINT (7.009335234000048 50.960093639000036)","Unfall 218370 (2020) Kat:3, Licht: 1","218370","3","7","6","11","16","3","0","1","0","1","1","0"
"POINT (7.083498165000037 50.869512248000035)","Unfall 218388 (2020) Kat:3, Licht: 0","218388","3","3","5","11","14","4","0","0","1","1","0","0"
"POINT (7.024560213000029 50.903946516000076)","Unfall 218394 (2020) Kat:2, Licht: 2","218394","2","4","6","11","17","7","0","2","0","1","1","0"
"POINT (6.996650370000054 50.963965768000037)","Unfall 218396 (2020) Kat:3, Licht: 0","218396","3","1","0","11","13","7","0","0","1","0","0","0"
"POINT (7.006367642000043 50.955665282000041)","Unfall 218398 (2020) Kat:3, Licht: 0","218398","3","7","5","11","11","4","0","0","0","1","0","1"
"POINT (7.031885760000023 50.981051626000067)","Unfall 218400 (2020) Kat:3, Licht: 0","218400","3","3","0","11","07","3","0","0","1","0","0","0"
"POINT (7.007335007000052 50.961824034000074)","Unfall 218402 (2020) Kat:3, Licht: 0","218402","3","5","1","11","12","7","0","0","0","1","0","0"
"POINT (6.979589348000047 50.966986758000075)","Unfall 218406 (2020) Kat:3, Licht: 0","218406","3","6","6","11","15","7","0","0","1","0","1","0"
"POINT (6.927677374000041 50.942075233000025)","Unfall 218408 (2020) Kat:3, Licht: 0","218408","3","7","0","11","11","7","0","0","1","0","0","0"
"POINT (6.933527980000065 50.927283601000056)","Unfall 218410 (2020) Kat:3, Licht: 0","218410","3","7","0","11","09","2","1","0","1","0","0","0"
"POINT (6.927151361000028 50.924102505000064)","Unfall 218411 (2020) Kat:3, Licht: 2","218411","3","1","0","11","00","7","0","2","1","0","0","0"
"POINT (6.943232484000021 50.901816521000057)","Unfall 218417 (2020) Kat:3, Licht: 0","218417","3","1","0","11","11","7","0","0","1","0","0","0"
"POINT (6.919908492000047 50.953893170000072)","Unfall 218448 (2020) Kat:2, Licht: 2","218448","2","4","6","11","06","2","0","2","0","0","1","0"
"POINT (6.974212703000035 50.975128666000046)","Unfall 218451 (2020) Kat:3, Licht: 0","218451","3","2","6","11","15","4","0","0","0","1","1","0"
"POINT (6.899153387000069 51.027319205000026)","Unfall 218453 (2020) Kat:3, Licht: 0","218453","3","4","7","11","07","3","0","0","0","1","1","0"
"POINT (7.064876954000056 50.896939134000036)","Unfall 218455 (2020) Kat:3, Licht: 0","218455","3","4","6","11","12","4","0","0","0","0","1","1"
"POINT (6.948997506000069 50.935437414000035)","Unfall 218461 (2020) Kat:3, Licht: 0","218461","3","3","5","11","09","2","1","0","1","0","0","0"
"POINT (7.052992169000049 50.910719638000046)","Unfall 218508 (2020) Kat:3, Licht: 0","218508","3","3","5","11","08","4","0","0","0","1","0","0"
"POINT (6.955994970000063 50.942553039000074)","Unfall 218519 (2020) Kat:3, Licht: 2","218519","3","3","0","11","20","1","1","2","1","1","0","0"
"POINT (6.933536499000070 50.927286574000050)","Unfall 218520 (2020) Kat:3, Licht: 2","218520","3","1","0","11","20","2","1","2","1","0","0","0"
"POINT (6.924022438000065 50.952367283000058)","Unfall 218523 (2020) Kat:3, Licht: 0","218523","3","1","0","11","08","4","0","0","1","0","0","0"
"POINT (6.957427386000063 50.918183855000052)","Unfall 218525 (2020) Kat:3, Licht: 1","218525","3","4","6","11","07","3","0","1","0","1","1","0"
"POINT (6.998909336000054 50.922563389000061)","Unfall 218549 (2020) Kat:3, Licht: 0","218549","3","2","2","11","10","4","0","0","0","1","0","0"
"POINT (6.967839125000069 50.981198457000062)","Unfall 218563 (2020) Kat:3, Licht: 0","218563","3","6","2","11","09","4","0","0","0","1","0","0"
"POINT (6.988742756000022 50.967276180000056)","Unfall 218565 (2020) Kat:2, Licht: 2","218565","2","1","8","11","05","3","1","2","0","0","0","1"
"POINT (6.935342682000055 50.933527199000082)","Unfall 218572 (2020) Kat:3, Licht: 0","218572","3","7","2","11","14","2","0","0","0","1","0","1"
"POINT (6.881972077000057 50.947526513000071)","Unfall 218611 (2020) Kat:3, Licht: 0","218611","3","6","2","11","15","2","0","0","0","1","0","0"
"POINT (6.905973082000060 51.011784422000062)","Unfall 218614 (2020) Kat:3, Licht: 0","218614","3","3","5","11","09","4","0","0","1","1","0","0"
"POINT (7.046527850000075 50.928120452000030)","Unfall 218618 (2020) Kat:2, Licht: 0","218618","2","4","0","11","13","4","0","0","1","0","1","0"
"POINT (6.905095035000045 50.958707053000069)","Unfall 218630 (2020) Kat:3, Licht: 0","218630","3","3","5","11","16","3","0","0","0","1","0","0"
"POINT (6.923811692000072 51.027733542000078)","Unfall 218662 (2020) Kat:3, Licht: 2","218662","3","6","2","11","22","2","0","2","1","0","0","0"
"POINT (6.916081397000028 50.968565075000072)","Unfall 218675 (2020) Kat:3, Licht: 0","218675","3","3","0","11","07","6","0","0","1","1","0","0"
"POINT (6.956471123000029 50.916861219000054)","Unfall 218678 (2020) Kat:2, Licht: 2","218678","2","1","0","11","04","6","1","2","1","0","0","0"
"POINT (6.969372273000033 50.974802402000080)","Unfall 218679 (2020) Kat:3, Licht: 0","218679","3","3","5","11","13","7","0","0","1","1","0","0"
"POINT (6.960433698000031 50.918358113000068)","Unfall 218684 (2020) Kat:3, Licht: 0","218684","3","3","5","11","16","6","0","0","1","1","0","0"
"POINT (7.001592084000038 50.945832550000034)","Unfall 218719 (2020) Kat:3, Licht: 0","218719","3","3","5","11","09","5","0","0","1","1","0","0"
"POINT (7.004099468000050 50.869964998000057)","Unfall 218722 (2020) Kat:3, Licht: 0","218722","3","6","2","11","13","5","1","0","0","1","0","0"
"POINT (6.942379753000068 50.910769898000069)","Unfall 218724 (2020) Kat:3, Licht: 0","218724","3","7","0","11","11","7","0","0","0","0","0","0"
"POINT (6.945384996000030 50.902269368000077)","Unfall 218727 (2020) Kat:3, Licht: 0","218727","3","3","5","11","14","5","1","0","0","1","0","0"
"POINT (7.037172414000054 50.953282346000037)","Unfall 218730 (2020) Kat:2, Licht: 0","218730","2","6","2","11","14","7","0","0","0","0","0","1"
"POINT (7.011046191000048 50.882613957000046)","Unfall 218732 (2020) Kat:3, Licht: 0","218732","3","5","0","11","11","5","0","0","0","0","0","0"
"POINT (7.003849367000044 50.942218827000033)","Unfall 218737 (2020) Kat:3, Licht: 2","218737","3","1","0","11","02","1","0","2","0","0","0","0"
"POINT (6.959641251000051 50.943963359000065)","Unfall 218741 (2020) Kat:3, Licht: 2","218741","3","2","0","11","18","5","1","2","0","1","1","0"
"POINT (6.945802787000048 50.981175831000030)","Unfall 218745 (2020) Kat:3, Licht: 0","218745","3","1","0","11","11","1","0","0","1","0","0","0"
"POINT (6.960041986000022 50.976614241000050)","Unfall 218765 (2020) Kat:3, Licht: 0","218765","3","2","4","11","15","2","0","0","1","1","0","0"
"POINT (6.908916280000028 50.919330346000038)","Unfall 218816 (2020) Kat:3, Licht: 2","218816","3","7","0","11","17","2","0","2","1","0","0","0"
"POINT (6.906280593000076 50.922397633000060)","Unfall 218832 (2020) Kat:2, Licht: 2","218832","2","1","1","11","01","7","0","2","0","1","0","0"
"POINT (7.034467146000054 50.950987103000045)","Unfall 218842 (2020) Kat:3, Licht: 0","218842","3","1","8","11","08","2","1","0","0","1","0","0"
"POINT (6.949833671000022 50.992795823000051)","Unfall 218868 (2020) Kat:3, Licht: 0","218868","3","6","2","11","07","2","1","0","0","1","0","0"
"POINT (6.966150209000034 50.897865175000049)","Unfall 218898 (2020) Kat:3, Licht: 0","218898","3","2","5","11","09","6","0","0","1","1","0","0"
"POINT (6.926479547000042 51.026908045000027)","Unfall 218920 (2020) Kat:3, Licht: 2","218920","3","1","8","11","04","7","0","2","0","1","0","0"
"POINT (6.906293325000036 50.967811146000031)","Unfall 218936 (2020) Kat:3, Licht: 0","218936","3","3","1","11","11","6","0","0","1","0","0","0"
"POINT (6.951401950000047 50.939026983000076)","Unfall 218947 (2020) Kat:3, Licht: 2","218947","3","2","5","11","19","6","0","2","1","0","0","0"
"POINT (6.926010192000035 50.923737321000033)","Unfall 218978 (2020) Kat:3, Licht: 2","218978","3","7","0","11","18","1","0","2","1","0","0","0"
"POINT (6.916978279000034 50.955023260000075)","Unfall 218983 (2020) Kat:3, Licht: 0","218983","3","1","0","11","08","6","0","0","0","0","0","1"
"POINT (7.064875623000035 50.894908045000079)","Unfall 218984 (2020) Kat:3, Licht: 0","218984","3","7","6","11","15","7","0","0","0","1","1","0"
"POINT (7.063793138000051 50.896915355000033)","Unfall 218987 (2020) Kat:2, Licht: 0","218987","2","4","6","11","10","6","0","0","0","1","1","0"
"POINT (6.887049920000038 50.955421654000077)","Unfall 219022 (2020) Kat:2, Licht: 2","219022","2","1","8","11","20","5","0","2","1","1","0","0"
"POINT (7.028396508000071 50.994467925000038)","Unfall 219023 (2020) Kat:3, Licht: 0","219023","3","6","2","11","15","7","0","0","0","1","0","0"
"POINT (6.904570990000025 50.997539524000047)","Unfall 219039 (2020) Kat:3, Licht: 0","219039","3","3","5","11","15","6","0","0","1","0","0","0"
"POINT (6.941628017000028 50.916959193000082)","Unfall 219050 (2020) Kat:3, Licht: 2","219050","3","2","6","11","18","6","0","2","0","1","1","0"
"POINT (6.921398239000041 50.918248324000047)","Unfall 219073 (2020) Kat:2, Licht: 2","219073","2","5","0","11","17","7","0","2","1","1","0","0"
"POINT (7.049017336000077 50.944122432000029)","Unfall 219077 (2020) Kat:3, Licht: 0","219077","3","1","0","11","13","3","0","0","1","1","0","0"
"POINT (6.943458892000024 50.987070911000046)","Unfall 219080 (2020) Kat:3, Licht: 0","219080","3","1","0","11","09","3","0","0","1","0","0","0"
"POINT (6.875183374000073 51.002806259000067)","Unfall 219086 (2020) Kat:3, Licht: 2","219086","3","3","3","11","18","3","0","2","0","1","0","1"
"POINT (7.004575754000030 50.951626418000046)","Unfall 219087 (2020) Kat:3, Licht: 0","219087","3","4","6","11","13","4","0","0","0","1","1","0"
"POINT (6.910592510000072 50.944423142000062)","Unfall 219088 (2020) Kat:3, Licht: 0","219088","3","4","7","11","16","6","0","0","0","1","1","0"
"POINT (6.977770740000040 50.919125853000025)","Unfall 219090 (2020) Kat:3, Licht: 0","219090","3","1","0","11","10","4","0","0","1","0","0","0"
"POINT (6.948777041000028 50.936420365000060)","Unfall 219097 (2020) Kat:3, Licht: 2","219097","3","3","5","11","06","3","0","2","1","1","0","0"
"POINT (6.918846617000042 50.958256330000040)","Unfall 219098 (2020) Kat:3, Licht: 2","219098","3","7","1","11","18","4","0","2","1","1","0","0"
"POINT (7.055626956000026 50.891511689000026)","Unfall 219102 (2020) Kat:3, Licht: 0","219102","3","4","6","11","15","3","0","0","0","1","1","0"
"POINT (6.926152254000044 50.994714579000060)","Unfall 219123 (2020) Kat:3, Licht: 0","219123","3","2","5","11","16","5","0","0","0","1","0","0"
"POINT (7.005198676000020 50.870231214000057)","Unfall 219130 (2020) Kat:3, Licht: 0","219130","3","2","5","11","10","1","0","0","0","1","0","0"
"POINT (6.942177422000043 50.931954705000066)","Unfall 219137 (2020) Kat:3, Licht: 2","219137","3","1","0","11","18","4","0","2","1","0","0","0"
"POINT (6.919797551000045 51.032378720000054)","Unfall 219138 (2020) Kat:3, Licht: 0","219138","3","2","4","11","18","6","0","0","0","1","0","0"
"POINT (7.025346030000037 50.939563332000034)","Unfall 219151 (2020) Kat:3, Licht: 2","219151","3","5","1","12","18","6","1","2","1","1","0","0"
"POINT (6.991380927000023 50.923997515000053)","Unfall 219172 (2020) Kat:3, Licht: 2","219172","3","3","5","12","07","5","1","2","1","1","0","0"
"POINT (7.065508628000032 50.939321365000069)","Unfall 219173 (2020) Kat:3, Licht: 2","219173","3","2","6","12","06","5","1","2","0","1","1","0"
"POINT (6.930586229000028 50.968919035000056)","Unfall 219176 (2020) Kat:3, Licht: 0","219176","3","4","6","12","15","5","0","0","0","1","1","0"
"POINT (6.960958882000057 50.984448771000075)","Unfall 219179 (2020) Kat:3, Licht: 2","219179","3","3","5","12","07","5","1","2","1","1","0","0"
"POINT (6.926722139000049 50.956822110000076)","Unfall 219182 (2020) Kat:3, Licht: 1","219182","3","7","0","12","07","5","0","1","1","0","0","0"
"POINT (6.956801891000055 50.948512952000044)","Unfall 219183 (2020) Kat:3, Licht: 2","219183","3","2","5","12","05","5","0","2","1","1","0","0"
"POINT (6.952865447000022 50.941494830000067)","Unfall 219184 (2020) Kat:3, Licht: 0","219184","3","3","5","12","07","5","0","0","1","0","0","0"
"POINT (6.933311266000032 50.943762729000071)","Unfall 219244 (2020) Kat:3, Licht: 2","219244","3","3","5","12","16","6","0","2","1","0","0","0"
"POINT (6.918009707000067 50.928655095000067)","Unfall 219251 (2020) Kat:2, Licht: 2","219251","2","3","5","12","20","6","0","2","0","1","0","1"
"POINT (6.942709452000031 50.944636594000031)","Unfall 219253 (2020) Kat:3, Licht: 2","219253","3","3","0","12","21","6","1","2","1","1","0","0"
"POINT (7.001607510000042 50.940844046000052)","Unfall 219274 (2020) Kat:3, Licht: 2","219274","3","2","0","12","17","4","1","2","1","1","0","0"
"POINT (6.923590408000052 50.924004092000075)","Unfall 219276 (2020) Kat:2, Licht: 2","219276","2","7","0","12","18","4","1","2","1","0","0","0"
"POINT (6.956801518000020 50.930904692000070)","Unfall 219277 (2020) Kat:3, Licht: 0","219277","3","1","0","12","16","4","1","0","1","0","0","0"
"POINT (6.942422010000030 50.932100986000080)","Unfall 219278 (2020) Kat:3, Licht: 0","219278","3","3","5","12","16","4","0","0","0","1","0","0"
"POINT (6.987072333000072 51.000960439000039)","Unfall 219307 (2020) Kat:2, Licht: 2","219307","2","7","9","12","18","6","1","2","0","1","0","0"
"POINT (7.022038720000069 50.983331263000082)","Unfall 219325 (2020) Kat:3, Licht: 2","219325","3","3","5","11","22","2","1","2","0","1","0","0"
"POINT (7.042259279000064 50.965118290000078)","Unfall 219331 (2020) Kat:3, Licht: 0","219331","3","2","5","11","15","2","0","0","1","1","0","0"
"POINT (6.892892504000031 50.961500465000029)","Unfall 219334 (2020) Kat:3, Licht: 0","219334","3","5","1","11","07","2","0","0","1","1","0","0"
"POINT (6.932032131000028 50.948909134000075)","Unfall 219336 (2020) Kat:3, Licht: 0","219336","3","7","0","11","14","2","0","0","0","1","0","1"
"POINT (6.919703465000055 50.914505581000071)","Unfall 219343 (2020) Kat:3, Licht: 0","219343","3","1","0","11","11","2","0","0","1","0","0","0"
"POINT (6.894886757000052 50.920921499000031)","Unfall 219355 (2020) Kat:3, Licht: 0","219355","3","5","1","11","09","2","0","0","1","1","0","0"
"POINT (7.068874905000030 50.885837300000048)","Unfall 219389 (2020) Kat:3, Licht: 2","219389","3","3","5","12","16","3","1","2","0","1","0","0"
"POINT (6.972799509000026 50.932453511000062)","Unfall 219390 (2020) Kat:3, Licht: 0","219390","3","6","3","12","15","3","1","0","0","1","0","0"
"POINT (7.032187564000026 50.970913788000075)","Unfall 219391 (2020) Kat:3, Licht: 1","219391","3","2","5","12","16","3","1","1","1","1","0","0"
"POINT (6.962559900000031 50.910679578000043)","Unfall 219392 (2020) Kat:3, Licht: 0","219392","3","1","0","12","10","3","1","0","0","0","0","1"
"POINT (7.074119907000068 50.903013899000030)","Unfall 219405 (2020) Kat:3, Licht: 1","219405","3","3","0","12","17","6","0","1","0","1","0","0"
"POINT (6.909227887000043 50.962602149000077)","Unfall 219409 (2020) Kat:3, Licht: 0","219409","3","6","2","12","15","3","0","0","0","1","0","0"
"POINT (6.919734091000066 50.953957473000060)","Unfall 219415 (2020) Kat:2, Licht: 0","219415","2","4","6","12","13","4","0","0","1","0","1","0"
"POINT (6.994133249000072 50.957378196000036)","Unfall 219432 (2020) Kat:3, Licht: 2","219432","3","3","5","12","05","2","1","2","1","1","0","0"
"POINT (6.852667323000048 50.939910998000073)","Unfall 219444 (2020) Kat:3, Licht: 1","219444","3","6","1","12","08","2","1","1","0","1","0","0"
"POINT (7.000582969000050 50.938254738000069)","Unfall 219448 (2020) Kat:3, Licht: 0","219448","3","5","1","12","07","3","0","0","1","0","0","0"
"POINT (6.912036200000046 50.965275938000048)","Unfall 219453 (2020) Kat:3, Licht: 0","219453","3","1","0","12","07","5","0","0","1","0","0","0"
"POINT (6.899794007000025 50.938494309000077)","Unfall 219465 (2020) Kat:3, Licht: 2","219465","3","3","5","12","18","4","0","2","0","1","0","1"
"POINT (6.981417069000031 50.937354746000040)","Unfall 219484 (2020) Kat:3, Licht: 0","219484","3","3","5","12","13","2","1","0","1","1","0","0"
"POINT (7.021419607000041 50.946355421000078)","Unfall 219488 (2020) Kat:3, Licht: 0","219488","3","5","1","12","13","1","1","0","0","1","0","0"
"POINT (6.945092302000035 50.926994003000061)","Unfall 219492 (2020) Kat:3, Licht: 0","219492","3","1","0","12","15","2","1","0","0","0","0","1"
"POINT (6.908602931000075 50.957206093000082)","Unfall 219493 (2020) Kat:3, Licht: 2","219493","3","3","5","12","18","1","1","2","1","1","0","0"
"POINT (6.924132454000073 50.952390642000069)","Unfall 219496 (2020) Kat:2, Licht: 0","219496","2","3","5","12","13","2","1","0","1","1","0","0"
"POINT (6.965282341000034 50.925209971000072)","Unfall 219503 (2020) Kat:3, Licht: 2","219503","3","2","5","12","16","5","0","2","1","1","0","0"
"POINT (6.926236609000057 51.027297977000046)","Unfall 219511 (2020) Kat:3, Licht: 2","219511","3","2","5","12","07","3","1","2","0","1","0","0"
"POINT (7.018325702000027 50.949865981000073)","Unfall 219518 (2020) Kat:3, Licht: 1","219518","3","3","5","12","16","4","0","1","1","1","0","0"
"POINT (6.898780455000065 51.025319520000039)","Unfall 219537 (2020) Kat:3, Licht: 2","219537","3","3","5","12","07","2","0","2","1","1","0","0"
"POINT (7.060572801000035 50.900138053000035)","Unfall 219541 (2020) Kat:3, Licht: 0","219541","3","3","5","12","13","7","0","0","1","1","0","0"
"POINT (6.903690183000038 50.957425341000032)","Unfall 219544 (2020) Kat:3, Licht: 0","219544","3","6","9","12","14","7","0","0","0","1","0","0"
"POINT (6.911005521000050 50.966330794000044)","Unfall 219548 (2020) Kat:3, Licht: 2","219548","3","3","0","12","15","2","1","2","0","1","0","1"
"POINT (7.005170948000057 50.860083173000078)","Unfall 219549 (2020) Kat:3, Licht: 0","219549","3","3","5","12","09","7","1","0","0","1","0","0"
"POINT (6.961674388000063 50.914610062000065)","Unfall 219563 (2020) Kat:3, Licht: 0","219563","3","3","5","12","10","3","0","0","1","1","0","0"
"POINT (6.891864831000021 50.934545660000026)","Unfall 219569 (2020) Kat:2, Licht: 0","219569","2","4","6","12","15","4","0","0","0","1","1","0"
"POINT (6.911663092000026 50.986170386000026)","Unfall 219586 (2020) Kat:3, Licht: 2","219586","3","5","1","12","18","2","1","2","1","1","0","0"
"POINT (6.924381513000071 50.917687255000033)","Unfall 219599 (2020) Kat:3, Licht: 2","219599","3","1","0","12","07","2","1","2","0","0","0","0"
"POINT (6.991114310000057 50.986939669000037)","Unfall 219603 (2020) Kat:3, Licht: 1","219603","3","3","5","12","16","3","0","1","1","1","0","0"
"POINT (6.905451378000066 50.920216580000044)","Unfall 219607 (2020) Kat:3, Licht: 0","219607","3","4","6","12","15","5","0","0","0","1","1","0"
"POINT (7.071608092000076 50.908454686000027)","Unfall 219639 (2020) Kat:3, Licht: 2","219639","3","3","5","12","18","2","1","2","0","1","0","0"
"POINT (6.948585345000026 50.933779543000071)","Unfall 219647 (2020) Kat:3, Licht: 0","219647","3","3","5","12","10","2","1","0","1","1","0","0"
"POINT (6.915571860000057 50.961997311000061)","Unfall 219650 (2020) Kat:3, Licht: 0","219650","3","1","1","12","15","2","1","0","1","1","0","0"
"POINT (6.953063072000020 50.940178877000051)","Unfall 219658 (2020) Kat:3, Licht: 0","219658","3","6","2","12","11","5","0","0","0","1","0","0"
"POINT (6.936847049000050 50.918965969000055)","Unfall 219664 (2020) Kat:3, Licht: 2","219664","3","1","0","12","16","3","1","2","1","0","0","0"
"POINT (6.945597540000051 50.959474400000033)","Unfall 219667 (2020) Kat:3, Licht: 2","219667","3","3","5","12","18","6","1","2","1","1","0","0"
"POINT (6.966676154000027 50.966422969000064)","Unfall 219669 (2020) Kat:3, Licht: 0","219669","3","3","5","12","14","6","1","0","1","1","0","0"
"POINT (6.958870961000059 50.967421846000036)","Unfall 219672 (2020) Kat:3, Licht: 0","219672","3","1","0","12","15","6","1","0","0","0","0","1"
"POINT (6.918488391000039 50.921156889000031)","Unfall 219680 (2020) Kat:3, Licht: 0","219680","3","1","0","12","15","6","1","0","1","0","0","0"
"POINT (6.956009525000070 50.942529222000076)","Unfall 219683 (2020) Kat:3, Licht: 1","219683","3","4","6","12","16","6","1","1","0","1","1","0"
"POINT (6.955920010000057 50.934129133000056)","Unfall 219690 (2020) Kat:3, Licht: 2","219690","3","7","6","12","19","3","1","2","0","1","1","0"
"POINT (6.934839169000043 50.941189096000073)","Unfall 219704 (2020) Kat:3, Licht: 2","219704","3","3","5","12","18","3","0","2","1","1","0","0"
"POINT (6.936952920000067 50.928956386000038)","Unfall 219714 (2020) Kat:3, Licht: 2","219714","3","1","0","12","18","3","1","2","0","0","0","0"
"POINT (7.074084681000045 50.905228749000059)","Unfall 219746 (2020) Kat:3, Licht: 0","219746","3","7","6","12","10","2","0","0","0","1","1","0"
"POINT (6.922169208000071 50.973105783000051)","Unfall 219747 (2020) Kat:3, Licht: 2","219747","3","2","5","12","18","2","0","2","0","1","0","1"