WKT,Name,OBJECTID,UKATEGORIE,UTYP1,UART,UMONAT,USTUNDE,UWOCHENTAG,STRZUSTAND,ULICHTVERH,ISTRAD,ISTPKW,ISTFUSS,ISTKRAD
"POINT (6.852858535000053 50.942212350000034)","Unfall 219748 (2020) Kat:3, Licht: 0","219748","3","2","5","12","15","2","0","0","1","1","0","0"
"POINT (6.931395509000026 50.862953180000034)","Unfall 219749 (2020) Kat:3, Licht: 2","219749","3","1","0","12","01","2","0","2","0","1","0","0"
"POINT (6.914422253000055 50.920211495000046)","Unfall 219751 (2020) Kat:3, Licht: 0","219751","3","1","0","12","12","2","0","0","1","0","0","0"
"POINT (6.953385576000073 50.933315066000034)","Unfall 219753 (2020) Kat:3, Licht: 0","219753","3","6","3","12","15","2","0","0","0","1","0","0"
"POINT (6.917473253000026 50.955880363000063)","Unfall 219818 (2020) Kat:3, Licht: 2","219818","3","7","0","12","18","1","0","2","0","0","0","1"
"POINT (6.994648515000051 50.941331560000037)","Unfall 219846 (2020) Kat:3, Licht: 2","219846","3","3","5","12","16","7","1","2","1","1","0","0"
"POINT (7.004870733000075 50.984711924000067)","Unfall 219848 (2020) Kat:3, Licht: 2","219848","3","1","0","12","02","7","1","2","0","1","0","0"
"POINT (6.859327386000075 51.064847228000076)","Unfall 219849 (2020) Kat:3, Licht: 0","219849","3","2","0","12","13","7","1","0","0","1","1","0"
"POINT (6.992492640000023 50.935721853000075)","Unfall 219857 (2020) Kat:3, Licht: 0","219857","3","6","2","12","08","3","0","0","0","0","0","0"
"POINT (7.001339586000029 50.933215262000033)","Unfall 219912 (2020) Kat:2, Licht: 0","219912","2","1","3","12","09","5","0","0","1","1","0","0"
"POINT (6.945038798000041 50.934728704000065)","Unfall 219916 (2020) Kat:3, Licht: 2","219916","3","4","6","12","08","3","0","2","0","1","1","0"
"POINT (6.947131550000051 51.012876010000070)","Unfall 219918 (2020) Kat:3, Licht: 0","219918","3","6","2","12","08","3","0","0","0","1","0","0"
"POINT (6.947697795000067 50.965257785000063)","Unfall 219921 (2020) Kat:2, Licht: 0","219921","2","7","7","12","09","5","0","0","1","0","0","0"
"POINT (6.982197746000054 50.931791535000059)","Unfall 219936 (2020) Kat:2, Licht: 2","219936","2","5","9","12","02","6","0","2","0","1","0","0"
"POINT (6.926234279000028 50.955935553000074)","Unfall 219948 (2020) Kat:2, Licht: 0","219948","2","1","0","12","13","6","0","0","1","0","0","0"
"POINT (6.931626705000042 50.931423426000038)","Unfall 219952 (2020) Kat:3, Licht: 0","219952","3","3","0","12","15","1","0","0","1","1","0","0"
"POINT (7.021120241000062 50.974394227000062)","Unfall 219961 (2020) Kat:3, Licht: 2","219961","3","3","2","12","17","2","1","2","1","1","0","0"
"POINT (6.952723236000054 50.941768371000080)","Unfall 219971 (2020) Kat:3, Licht: 0","219971","3","1","0","12","16","3","1","0","0","0","0","0"
"POINT (6.994653096000036 50.916219362000049)","Unfall 219985 (2020) Kat:3, Licht: 0","219985","3","4","6","12","09","7","1","0","0","1","1","0"
"POINT (7.061356925000041 50.887841532000039)","Unfall 219991 (2020) Kat:2, Licht: 0","219991","2","7","0","12","10","6","0","0","1","0","0","0"
"POINT (6.962485468000068 50.910940297000082)","Unfall 220001 (2020) Kat:3, Licht: 2","220001","3","2","4","12","23","6","0","2","0","1","0","0"
"POINT (7.072278053000048 50.898386820000042)","Unfall 220005 (2020) Kat:3, Licht: 0","220005","3","3","5","12","15","1","0","0","0","1","0","1"
"POINT (7.036927629000047 50.955028781000067)","Unfall 220009 (2020) Kat:3, Licht: 0","220009","3","1","2","12","13","3","0","0","0","1","0","1"
"POINT (6.954016504000038 50.900616518000049)","Unfall 220011 (2020) Kat:3, Licht: 0","220011","3","2","5","12","12","2","1","0","0","1","0","0"
"POINT (7.059046601000034 50.924233598000058)","Unfall 220016 (2020) Kat:3, Licht: 2","220016","3","6","3","12","05","5","0","2","0","1","0","0"
"POINT (6.880390484000031 50.942581965000045)","Unfall 220026 (2020) Kat:3, Licht: 0","220026","3","3","5","12","16","5","0","0","1","0","0","1"
"POINT (7.021642111000062 50.958770911000045)","Unfall 220044 (2020) Kat:3, Licht: 2","220044","3","2","5","12","19","6","0","2","0","1","0","0"
"POINT (6.923364882000044 50.924331726000048)","Unfall 220056 (2020) Kat:3, Licht: 0","220056","3","3","0","12","12","6","0","0","1","1","0","0"
"POINT (6.882353351000063 50.955606819000081)","Unfall 220059 (2020) Kat:3, Licht: 2","220059","3","1","1","12","01","5","1","2","0","1","0","0"
"POINT (6.933236124000075 50.913593136000031)","Unfall 220060 (2020) Kat:2, Licht: 1","220060","2","3","5","12","15","1","0","1","1","1","0","0"
"POINT (7.004559262000043 50.870076808000078)","Unfall 220064 (2020) Kat:3, Licht: 2","220064","3","3","5","12","00","3","1","2","0","1","0","0"
"POINT (6.953139266000051 50.938341156000035)","Unfall 220072 (2020) Kat:3, Licht: 0","220072","3","3","5","12","13","5","1","0","0","1","0","0"
"POINT (6.908526576000043 50.961937803000069)","Unfall 220096 (2020) Kat:2, Licht: 1","220096","2","6","2","12","17","6","0","1","0","1","0","0"
"POINT (7.057116815000029 50.888823908000063)","Unfall 220105 (2020) Kat:2, Licht: 0","220105","2","2","0","12","10","4","1","0","0","1","1","0"
"POINT (6.989130739000075 50.995523139000056)","Unfall 220110 (2020) Kat:3, Licht: 0","220110","3","5","1","12","12","4","0","0","1","1","0","0"
"POINT (6.918442607000031 50.928000248000046)","Unfall 220113 (2020) Kat:2, Licht: 0","220113","2","2","5","12","15","4","0","0","1","1","0","0"
"POINT (6.928818662000026 50.974677294000060)","Unfall 220121 (2020) Kat:3, Licht: 2","220121","3","5","1","12","19","2","1","2","0","1","0","1"
"POINT (6.942327925000029 50.932044718000043)","Unfall 220130 (2020) Kat:3, Licht: 0","220130","3","1","0","12","12","3","1","0","1","0","0","0"
"POINT (7.069085405000067 50.882057641000074)","Unfall 220150 (2020) Kat:3, Licht: 0","220150","3","4","5","12","15","6","0","0","1","0","1","0"
"POINT (6.912955822000072 50.981050209000045)","Unfall 220158 (2020) Kat:3, Licht: 2","220158","3","2","1","12","01","7","1","2","0","1","0","0"
"POINT (6.964446215000066 50.904070623000052)","Unfall 220160 (2020) Kat:3, Licht: 0","220160","3","2","5","12","15","6","0","0","1","1","0","0"
"POINT (6.873172733000047 50.958030635000057)","Unfall 220164 (2020) Kat:3, Licht: 0","220164","3","3","5","12","12","1","0","0","1","1","0","0"
"POINT (6.920313837000037 50.945722737000040)","Unfall 220168 (2020) Kat:3, Licht: 0","220168","3","5","0","12","10","3","1","0","1","1","0","0"
"POINT (6.920776948000025 50.953571202000035)","Unfall 220215 (2020) Kat:3, Licht: 2","220215","3","5","1","12","22","7","0","2","1","1","0","0"
"POINT (6.987012385000071 50.953646260000028)","Unfall 220272 (2020) Kat:3, Licht: 0","220272","3","1","7","12","12","5","1","0","0","1","0","0"
"POINT (6.964653457000054 50.978881748000049)","Unfall 220275 (2020) Kat:2, Licht: 2","220275","2","1","9","12","21","5","1","2","0","1","0","1"
"POINT (6.943240240000023 50.910704710000061)","Unfall 220276 (2020) Kat:2, Licht: 2","220276","2","1","0","12","20","5","1","2","1","0","0","0"
"POINT (6.897416457000077 50.966765048000070)","Unfall 220313 (2020) Kat:3, Licht: 1","220313","3","3","5","12","16","4","0","1","1","1","0","0"
"POINT (6.914963832000069 50.970143964000044)","Unfall 220316 (2020) Kat:2, Licht: 2","220316","2","7","0","12","17","4","1","2","1","0","0","0"
"POINT (7.021251266000036 50.929820611000082)","Unfall 220355 (2020) Kat:3, Licht: 0","220355","3","5","5","12","14","3","0","0","1","1","0","0"
"POINT (6.959787926000047 50.974220970000033)","Unfall 220357 (2020) Kat:3, Licht: 2","220357","3","2","5","12","17","3","1","2","0","1","0","0"
"POINT (6.935583775000055 50.947585091000064)","Unfall 220396 (2020) Kat:2, Licht: 2","220396","2","1","5","12","01","2","1","2","0","1","0","0"
"POINT (6.940849364000030 50.921004568000058)","Unfall 220399 (2020) Kat:3, Licht: 0","220399","3","5","0","12","09","4","1","0","1","1","0","0"
"POINT (6.857323855000061 50.938607195000031)","Unfall 220436 (2020) Kat:3, Licht: 2","220436","3","6","6","12","18","1","0","2","0","1","1","0"
"POINT (6.881843960000026 50.937600466000049)","Unfall 28934 (2021) Kat:3, Licht: 0","28934","3","6","1","9","14","6","","0","1","0","0","0"
"POINT (6.886175321000053 50.964272754000035)","Unfall 28936 (2021) Kat:3, Licht: 0","28936","3","2","5","3","14","2","","0","1","0","0","0"
"POINT (6.855605844000024 50.937875169000051)","Unfall 28937 (2021) Kat:3, Licht: 0","28937","3","7","0","4","11","3","","0","1","1","0","0"
"POINT (6.840171924000060 51.034854609000035)","Unfall 28938 (2021) Kat:3, Licht: 2","28938","3","6","2","10","7","4","","2","0","1","0","0"
"POINT (6.924813202000053 50.938115026000048)","Unfall 28943 (2021) Kat:2, Licht: 2","28943","2","6","3","3","21","2","","2","0","1","0","0"
"POINT (6.938752561000058 50.926480900000058)","Unfall 28944 (2021) Kat:3, Licht: 1","28944","3","7","3","12","8","3","","1","0","1","0","1"
"POINT (6.913534076000076 50.952257757000041)","Unfall 28951 (2021) Kat:2, Licht: 0","28951","2","7","0","6","8","3","","0","1","0","0","0"
"POINT (6.892181037000057 50.992001158000051)","Unfall 28954 (2021) Kat:3, Licht: 0","28954","3","3","5","6","14","4","","0","1","1","0","0"
"POINT (6.908304403000045 50.937124350000033)","Unfall 28963 (2021) Kat:3, Licht: 0","28963","3","2","5","3","8","5","","0","0","0","0","0"
"POINT (6.963026439000032 50.933848222000051)","Unfall 28972 (2021) Kat:3, Licht: 1","28972","3","2","0","11","7","6","","1","0","1","0","1"
"POINT (6.972346823000066 50.957018617000074)","Unfall 28976 (2021) Kat:3, Licht: 0","28976","3","3","5","6","14","6","","0","1","1","0","0"
"POINT (6.924302295000075 50.936553527000058)","Unfall 28979 (2021) Kat:3, Licht: 1","28979","3","6","2","12","16","4","","1","0","1","0","0"
"POINT (6.937483243000031 50.936489547000065)","Unfall 28981 (2021) Kat:2, Licht: 2","28981","2","1","8","3","1","4","","2","0","0","0","0"
"POINT (6.912244439000062 50.906536252000080)","Unfall 28988 (2021) Kat:2, Licht: 2","28988","2","2","5","6","22","6","","2","0","1","0","0"
"POINT (6.902418064000074 50.998589617000050)","Unfall 28989 (2021) Kat:3, Licht: 1","28989","3","3","5","3","17","6","","1","0","1","0","0"
"POINT (6.915391368000030 50.951052925000056)","Unfall 28990 (2021) Kat:3, Licht: 0","28990","3","7","6","4","20","4","","0","0","1","1","0"
"POINT (6.889000131000046 50.928188322000040)","Unfall 28991 (2021) Kat:3, Licht: 0","28991","3","6","2","5","17","3","","0","0","1","0","0"
"POINT (6.942101264000030 50.935890621000055)","Unfall 28992 (2021) Kat:3, Licht: 0","28992","3","2","5","6","9","2","","0","0","1","0","0"
"POINT (6.967304837000029 50.892930620000072)","Unfall 28995 (2021) Kat:3, Licht: 0","28995","3","6","2","4","13","5","","0","0","1","0","0"
"POINT (6.857791421000059 51.020860017000075)","Unfall 28997 (2021) Kat:3, Licht: 0","28997","3","6","2","10","13","6","","0","0","1","0","0"
"POINT (6.957105768000076 50.952176300000076)","Unfall 28998 (2021) Kat:3, Licht: 0","28998","3","1","8","7","8","4","","0","1","1","1","0"
"POINT (6.862182543000074 50.919667625000045)","Unfall 29000 (2021) Kat:3, Licht: 1","29000","3","6","2","3","6","5","","1","0","1","0","0"
"POINT (6.894769527000051 50.915204300000028)","Unfall 29001 (2021) Kat:2, Licht: 2","29001","2","7","2","3","21","4","","2","0","1","0","1"
"POINT (6.917302719000077 50.949815398000055)","Unfall 29005 (2021) Kat:3, Licht: 0","29005","3","3","0","6","18","4","","0","0","1","0","1"
"POINT (6.981229894000023 50.942239337000046)","Unfall 29008 (2021) Kat:3, Licht: 0","29008","3","6","2","9","8","3","","0","0","1","0","0"
"POINT (6.907412811000029 50.936958911000033)","Unfall 29014 (2021) Kat:3, Licht: 2","29014","3","6","3","1","18","1","","2","1","1","0","0"
"POINT (6.910434333000069 50.936851745000070)","Unfall 29023 (2021) Kat:3, Licht: 0","29023","3","4","6","3","14","4","","0","1","0","1","0"
"POINT (6.900239216000045 50.994517434000045)","Unfall 29024 (2021) Kat:3, Licht: 0","29024","3","1","0","7","12","3","","0","0","0","0","1"
"POINT (6.951112702000046 50.948531383000045)","Unfall 29025 (2021) Kat:2, Licht: 0","29025","2","1","0","10","17","2","","0","1","0","0","0"
"POINT (6.882768434000070 51.056671891000065)","Unfall 29029 (2021) Kat:3, Licht: 2","29029","3","1","8","6","21","3","","2","0","1","0","0"
"POINT (6.966285511000024 50.936364563000041)","Unfall 29030 (2021) Kat:3, Licht: 0","29030","3","6","2","10","13","6","","0","0","1","0","0"
"POINT (6.955089737000037 51.009063415000071)","Unfall 29033 (2021) Kat:2, Licht: 0","29033","2","3","5","4","10","6","","0","0","1","0","0"
"POINT (6.843601883000076 51.030912725000064)","Unfall 29034 (2021) Kat:3, Licht: 2","29034","3","6","3","6","3","4","","2","0","1","0","0"
"POINT (6.850336893000076 50.969208262000052)","Unfall 29036 (2021) Kat:2, Licht: 0","29036","2","6","2","10","15","6","","0","0","1","0","0"
"POINT (6.946191258000056 50.985873965000053)","Unfall 29038 (2021) Kat:3, Licht: 0","29038","3","4","6","11","15","3","","0","0","1","1","0"
"POINT (6.939293642000052 50.935402630000056)","Unfall 29040 (2021) Kat:2, Licht: 2","29040","2","1","9","12","3","7","","2","0","1","1","0"
"POINT (6.931473977000053 50.947688646000074)","Unfall 29042 (2021) Kat:3, Licht: 0","29042","3","1","7","5","19","3","","0","1","0","0","0"
"POINT (6.968583020000040 50.886527223000030)","Unfall 29047 (2021) Kat:3, Licht: 1","29047","3","1","8","6","20","3","","1","0","1","0","0"
"POINT (6.913707348000059 50.972413831000040)","Unfall 29049 (2021) Kat:3, Licht: 0","29049","3","6","2","2","9","3","","0","0","1","0","0"
"POINT (6.953137486000060 50.935263757000030)","Unfall 29062 (2021) Kat:3, Licht: 2","29062","3","3","5","11","21","6","","2","0","1","0","0"
"POINT (6.929943181000056 50.936650867000026)","Unfall 29063 (2021) Kat:3, Licht: 0","29063","3","6","4","3","15","1","","0","1","0","0","0"
"POINT (6.840477400000054 51.034444339000061)","Unfall 29069 (2021) Kat:3, Licht: 2","29069","3","6","2","10","6","4","","2","0","1","0","0"
"POINT (6.848507278000056 50.978865716000030)","Unfall 29071 (2021) Kat:3, Licht: 0","29071","3","6","1","6","7","4","","0","0","1","0","0"
"POINT (6.816749427000047 50.938620858000036)","Unfall 29072 (2021) Kat:3, Licht: 0","29072","3","6","2","1","13","7","","0","0","1","0","0"
"POINT (6.912025859000039 50.924187221000068)","Unfall 29081 (2021) Kat:2, Licht: 0","29081","2","1","0","6","10","5","","0","1","0","0","0"
"POINT (6.915642152000032 50.970974729000034)","Unfall 29083 (2021) Kat:3, Licht: 1","29083","3","3","5","11","16","7","","1","0","1","0","0"
"POINT (6.891015615000072 50.997096089000081)","Unfall 29084 (2021) Kat:3, Licht: 2","29084","3","6","3","12","17","3","","2","0","1","0","0"
"POINT (6.919583514000067 50.953242380000063)","Unfall 29101 (2021) Kat:3, Licht: 0","29101","3","7","1","9","16","5","","0","1","1","0","0"
"POINT (6.980129709000039 50.930239277000055)","Unfall 29105 (2021) Kat:3, Licht: 0","29105","3","6","2","10","10","6","","0","0","1","0","0"
"POINT (6.852448224000057 50.938107895000030)","Unfall 29106 (2021) Kat:3, Licht: 2","29106","3","6","1","12","17","4","","2","0","1","0","0"
"POINT (6.924533214000064 50.936755673000050)","Unfall 29111 (2021) Kat:3, Licht: 2","29111","3","3","5","12","0","4","","2","0","1","0","0"
"POINT (6.936416523000048 50.941772234000041)","Unfall 29113 (2021) Kat:3, Licht: 1","29113","3","6","3","12","15","5","","1","1","1","0","0"
"POINT (6.910486705000039 50.928452887000049)","Unfall 29119 (2021) Kat:3, Licht: 0","29119","3","3","5","6","14","6","","0","1","0","0","0"
"POINT (6.913787501000058 50.952092671000059)","Unfall 29121 (2021) Kat:3, Licht: 2","29121","3","5","3","2","18","5","","2","1","1","0","0"
"POINT (6.954645932000062 50.934922570000026)","Unfall 29123 (2021) Kat:3, Licht: 0","29123","3","7","0","9","12","5","","0","0","0","0","0"
"POINT (6.947862576000034 50.893336010000041)","Unfall 29132 (2021) Kat:2, Licht: 2","29132","2","3","5","10","19","2","","2","1","1","0","0"
"POINT (6.927673257000038 50.846965958000055)","Unfall 29133 (2021) Kat:3, Licht: 0","29133","3","1","9","6","18","7","","0","0","1","0","0"
"POINT (6.939813706000052 50.939937151000038)","Unfall 29134 (2021) Kat:3, Licht: 1","29134","3","4","6","2","7","2","","1","0","1","1","0"
"POINT (6.932126976000063 50.871007331000044)","Unfall 29137 (2021) Kat:3, Licht: 0","29137","3","3","5","4","14","3","","0","1","1","0","0"
"POINT (6.814018436000026 50.938685212000053)","Unfall 29142 (2021) Kat:3, Licht: 0","29142","3","2","5","9","8","4","","0","0","1","0","0"
"POINT (6.903940126000066 50.937193791000027)","Unfall 29145 (2021) Kat:3, Licht: 0","29145","3","5","1","9","12","7","","0","0","1","0","1"
"POINT (6.935434735000058 50.936518298000067)","Unfall 29149 (2021) Kat:3, Licht: 0","29149","3","2","5","3","16","7","","0","1","1","0","0"
"POINT (6.949384481000038 50.955482954000047)","Unfall 29156 (2021) Kat:3, Licht: 2","29156","3","7","0","4","0","1","","2","1","0","0","0"
"POINT (6.887656265000032 50.908192380000060)","Unfall 29157 (2021) Kat:3, Licht: 0","29157","3","1","2","9","7","4","","0","0","1","0","0"
"POINT (6.953815164000048 50.964049342000067)","Unfall 29158 (2021) Kat:3, Licht: 0","29158","3","4","6","2","11","4","","0","1","0","1","0"
"POINT (6.965874091000046 50.903737087000081)","Unfall 29160 (2021) Kat:2, Licht: 0","29160","2","1","8","5","14","2","","0","1","0","0","0"
"POINT (6.886252667000065 50.934112453000068)","Unfall 29161 (2021) Kat:3, Licht: 0","29161","3","1","0","12","12","3","","0","0","0","0","1"
"POINT (6.954833304000033 50.998707278000040)","Unfall 29163 (2021) Kat:2, Licht: 0","29163","2","1","0","9","15","4","","0","1","0","0","0"
"POINT (6.843574213000068 50.922507228000029)","Unfall 29164 (2021) Kat:3, Licht: 0","29164","3","1","0","11","14","1","","0","0","0","0","1"
"POINT (6.902199232000044 50.957002626000076)","Unfall 29172 (2021) Kat:3, Licht: 0","29172","3","3","5","3","10","3","","0","1","0","0","0"
"POINT (6.883336843000052 50.939277585000070)","Unfall 29177 (2021) Kat:2, Licht: 0","29177","2","6","2","11","13","5","","0","0","1","0","0"
"POINT (6.868245897000065 50.958853956000041)","Unfall 29179 (2021) Kat:2, Licht: 0","29179","2","3","5","3","15","4","","0","1","1","0","0"
"POINT (6.956615835000036 50.922293020000041)","Unfall 29181 (2021) Kat:3, Licht: 0","29181","3","6","0","2","16","2","","0","1","1","0","0"
"POINT (6.974486456000022 50.928679130000035)","Unfall 29182 (2021) Kat:3, Licht: 2","29182","3","6","1","2","23","6","","2","0","1","0","0"
"POINT (6.948051422000049 50.954857757000070)","Unfall 29184 (2021) Kat:3, Licht: 0","29184","3","2","5","9","18","5","","0","1","1","0","0"
"POINT (6.939967313000068 50.940533038000069)","Unfall 29186 (2021) Kat:3, Licht: 2","29186","3","6","1","9","3","7","","2","0","1","0","0"
"POINT (6.917704863000040 50.949555378000071)","Unfall 29187 (2021) Kat:3, Licht: 2","29187","3","7","0","12","23","3","","2","1","1","0","0"
"POINT (6.962265463000051 50.936257855000065)","Unfall 29189 (2021) Kat:3, Licht: 2","29189","3","1","8","9","1","1","","2","0","0","0","0"
"POINT (6.970890153000028 50.936220581000043)","Unfall 29193 (2021) Kat:3, Licht: 0","29193","3","3","5","9","7","5","","0","0","1","0","0"
"POINT (6.922881669000049 50.856340098000032)","Unfall 29198 (2021) Kat:3, Licht: 0","29198","3","6","2","10","17","3","","0","0","1","0","0"
"POINT (6.935865206000074 50.865308132000052)","Unfall 29200 (2021) Kat:2, Licht: 0","29200","2","1","0","10","16","4","","0","0","0","0","0"
"POINT (6.962591861000021 50.950900513000079)","Unfall 29204 (2021) Kat:3, Licht: 0","29204","3","5","1","3","16","3","","0","1","1","0","0"
"POINT (6.900862239000048 50.989466376000053)","Unfall 29206 (2021) Kat:3, Licht: 0","29206","3","6","2","2","9","5","","0","0","1","0","0"
"POINT (6.913843788000065 50.977899244000071)","Unfall 29208 (2021) Kat:3, Licht: 0","29208","3","6","2","5","16","2","","0","0","1","0","0"
"POINT (6.953144457000064 50.935262476000048)","Unfall 29210 (2021) Kat:3, Licht: 2","29210","3","3","5","1","19","7","","2","1","1","0","0"
"POINT (6.954834716000050 50.998743058000059)","Unfall 29215 (2021) Kat:3, Licht: 0","29215","3","1","0","11","12","4","","0","1","0","0","0"
"POINT (6.978185608000047 50.848099617000059)","Unfall 29225 (2021) Kat:3, Licht: 0","29225","3","7","0","2","14","5","","0","1","0","0","0"
"POINT (6.912889490000055 50.901758417000053)","Unfall 29230 (2021) Kat:3, Licht: 0","29230","3","7","3","9","12","4","","0","0","1","0","1"
"POINT (6.915926247000073 50.950707248000072)","Unfall 29232 (2021) Kat:3, Licht: 0","29232","3","4","6","10","12","3","","0","1","0","1","0"
"POINT (6.920847370000047 50.914087685000027)","Unfall 29234 (2021) Kat:3, Licht: 2","29234","3","6","2","12","18","3","","2","0","1","0","0"
"POINT (6.935023606000073 50.842601918000071)","Unfall 29236 (2021) Kat:3, Licht: 2","29236","3","1","1","11","3","6","","2","0","0","0","1"
"POINT (6.920847370000047 50.914087685000027)","Unfall 29245 (2021) Kat:3, Licht: 2","29245","3","2","6","3","19","4","","2","0","1","1","0"
"POINT (6.981555621000041 50.937351143000058)","Unfall 29248 (2021) Kat:3, Licht: 0","29248","3","6","2","10","14","6","","0","0","1","0","0"
"POINT (6.854746661000036 51.022742229000073)","Unfall 29249 (2021) Kat:3, Licht: 2","29249","3","6","2","12","18","4","","2","0","1","0","0"
"POINT (6.925929520000068 50.936747439000044)","Unfall 29254 (2021) Kat:2, Licht: 0","29254","2","2","3","6","20","4","","0","1","1","0","0"
"POINT (6.938758581000059 50.926486719000081)","Unfall 29256 (2021) Kat:2, Licht: 2","29256","2","1","0","10","2","7","","2","0","0","0","0"
"POINT (6.822846373000061 50.938564788000065)","Unfall 29260 (2021) Kat:3, Licht: 0","29260","3","2","5","7","13","2","","0","0","1","0","0"
"POINT (6.912176094000074 51.000038812000071)","Unfall 29262 (2021) Kat:2, Licht: 0","29262","2","3","5","4","15","6","","0","0","1","0","0"
"POINT (6.933276311000043 50.943375371000059)","Unfall 29268 (2021) Kat:3, Licht: 2","29268","3","1","0","6","2","1","","2","0","0","0","0"
"POINT (6.968107261000057 50.848002845000053)","Unfall 29269 (2021) Kat:3, Licht: 0","29269","3","6","3","12","15","4","","0","0","1","0","0"
"POINT (6.977286808000031 50.953455880000035)","Unfall 29273 (2021) Kat:3, Licht: 0","29273","3","6","2","9","8","5","","0","0","1","0","0"
"POINT (6.908447300000034 50.928186500000038)","Unfall 29276 (2021) Kat:3, Licht: 0","29276","3","7","5","12","12","7","","0","1","1","0","0"
"POINT (6.947443586000077 50.984031728000048)","Unfall 29278 (2021) Kat:3, Licht: 1","29278","3","6","2","10","18","1","","1","0","1","0","0"
"POINT (6.940995705000034 50.953777351000042)","Unfall 29280 (2021) Kat:3, Licht: 2","29280","3","6","2","11","18","4","","2","0","1","0","0"
"POINT (6.918985212000052 50.952643116000047)","Unfall 29281 (2021) Kat:3, Licht: 0","29281","3","6","2","3","9","5","","0","0","1","0","0"
"POINT (6.852457556000047 50.978498535000028)","Unfall 29285 (2021) Kat:2, Licht: 0","29285","2","5","1","6","9","6","","0","0","1","0","0"
"POINT (6.839634841000077 50.927216319000081)","Unfall 29286 (2021) Kat:2, Licht: 0","29286","2","1","9","10","15","2","","0","0","1","0","0"
"POINT (6.910542730000031 50.899484493000045)","Unfall 29300 (2021) Kat:3, Licht: 0","29300","3","6","2","9","14","1","","0","0","1","0","0"
"POINT (6.950873543000057 50.973486046000062)","Unfall 29302 (2021) Kat:3, Licht: 0","29302","3","2","0","2","15","1","","0","0","1","0","1"
"POINT (6.954346975000021 50.873669306000068)","Unfall 29305 (2021) Kat:2, Licht: 1","29305","2","4","6","1","7","5","","1","0","1","1","0"
"POINT (6.829389341000024 50.928753907000043)","Unfall 29313 (2021) Kat:2, Licht: 0","29313","2","6","2","9","9","2","","0","0","1","0","0"
"POINT (6.945696379000026 50.971429472000068)","Unfall 29314 (2021) Kat:3, Licht: 0","29314","3","6","2","2","13","2","","0","0","1","0","0"
"POINT (6.939733075000049 50.939624113000036)","Unfall 29316 (2021) Kat:3, Licht: 2","29316","3","6","6","11","3","7","","2","0","0","1","0"
"POINT (6.931323002000056 50.936563351000075)","Unfall 29318 (2021) Kat:3, Licht: 0","29318","3","7","0","4","7","4","","0","0","0","0","0"
"POINT (6.968936624000037 50.955796242000076)","Unfall 29322 (2021) Kat:2, Licht: 2","29322","2","3","5","12","18","3","","2","1","1","0","0"
"POINT (6.935550864000049 50.907090406000066)","Unfall 29330 (2021) Kat:3, Licht: 0","29330","3","7","0","6","10","1","","0","0","0","1","0"
"POINT (6.962686417000043 50.937980167000035)","Unfall 29334 (2021) Kat:3, Licht: 0","29334","3","6","2","6","14","7","","0","0","1","0","0"
"POINT (6.909024857000077 50.954750894000028)","Unfall 29335 (2021) Kat:3, Licht: 0","29335","3","7","0","5","14","5","","0","1","0","0","0"
"POINT (6.900733510000066 50.957510572000047)","Unfall 29336 (2021) Kat:3, Licht: 0","29336","3","7","0","11","15","5","","0","1","0","0","0"
"POINT (6.973138901000027 50.956070750000038)","Unfall 29346 (2021) Kat:3, Licht: 0","29346","3","6","3","9","7","3","","0","0","1","0","0"
"POINT (6.944911272000070 50.935810319000041)","Unfall 29349 (2021) Kat:3, Licht: 0","29349","3","1","0","2","10","3","","0","1","0","0","0"
"POINT (6.924787849000040 50.936754552000082)","Unfall 29350 (2021) Kat:3, Licht: 0","29350","3","2","1","10","17","6","","0","0","1","0","0"
"POINT (6.977660288000038 50.929524933000039)","Unfall 29353 (2021) Kat:3, Licht: 0","29353","3","3","0","6","15","6","","0","1","1","0","0"
"POINT (6.912852852000071 50.936952690000055)","Unfall 29358 (2021) Kat:2, Licht: 0","29358","2","2","0","10","9","4","","0","0","1","0","0"
"POINT (6.916589416000022 50.950278639000032)","Unfall 29360 (2021) Kat:3, Licht: 2","29360","3","2","0","9","19","3","","2","1","1","0","0"
"POINT (6.890240542000072 50.925194174000069)","Unfall 29361 (2021) Kat:2, Licht: 0","29361","2","7","3","11","8","4","","0","0","1","0","0"
"POINT (6.907928344000027 50.930079464000073)","Unfall 29370 (2021) Kat:3, Licht: 0","29370","3","6","3","9","16","6","","0","0","1","0","1"
"POINT (6.897917199000062 50.992524098000047)","Unfall 29371 (2021) Kat:3, Licht: 0","29371","3","6","2","11","14","2","","0","0","1","0","0"
"POINT (6.948268081000037 50.954957409000031)","Unfall 29372 (2021) Kat:3, Licht: 0","29372","3","1","0","3","8","4","","0","1","0","0","0"
"POINT (6.940900947000046 50.931041094000079)","Unfall 29375 (2021) Kat:2, Licht: 1","29375","2","7","0","12","17","6","","1","0","0","0","0"
"POINT (6.965638159000036 50.884724652000045)","Unfall 29378 (2021) Kat:3, Licht: 0","29378","3","6","3","4","11","1","","0","0","1","0","0"
"POINT (6.981999093000070 50.943140903000028)","Unfall 29379 (2021) Kat:3, Licht: 0","29379","3","2","3","3","13","3","","0","0","1","0","0"
"POINT (6.923530176000043 50.946981975000028)","Unfall 29385 (2021) Kat:3, Licht: 0","29385","3","2","3","5","15","4","","0","1","1","0","0"
"POINT (6.937470718000043 50.936489850000044)","Unfall 29387 (2021) Kat:3, Licht: 1","29387","3","4","6","10","18","2","","1","0","0","1","0"