WKT,Name,OBJECTID,UKATEGORIE,UTYP1,UART,UMONAT,USTUNDE,UWOCHENTAG,STRZUSTAND,ULICHTVERH,ISTRAD,ISTPKW,ISTFUSS,ISTKRAD
"POINT (6.912233394000054 50.906543177000060)","Unfall 29392 (2021) Kat:3, Licht: 2","29392","3","2","4","12","18","7","","2","0","1","0","0"
"POINT (6.914904675000059 50.948379334000037)","Unfall 29395 (2021) Kat:2, Licht: 1","29395","2","2","5","12","16","2","","1","0","1","0","0"
"POINT (6.941434939000033 50.944147697000062)","Unfall 29397 (2021) Kat:3, Licht: 1","29397","3","7","4","1","8","2","","1","0","1","0","1"
"POINT (6.926936819000048 50.890404124000042)","Unfall 29399 (2021) Kat:2, Licht: 2","29399","2","7","0","5","23","5","","2","0","1","0","0"
"POINT (6.977684819000046 50.906753932000072)","Unfall 29403 (2021) Kat:2, Licht: 0","29403","2","1","0","9","17","5","","0","1","0","0","0"
"POINT (6.912887873000045 50.944276550000041)","Unfall 29409 (2021) Kat:2, Licht: 2","29409","2","7","0","10","3","7","","2","0","0","0","0"
"POINT (6.870473226000058 51.004535419000035)","Unfall 29415 (2021) Kat:3, Licht: 0","29415","3","6","1","9","16","4","","0","0","1","0","0"
"POINT (6.908253761000026 50.927558521000037)","Unfall 29419 (2021) Kat:2, Licht: 0","29419","2","6","6","12","10","4","","0","1","0","1","0"
"POINT (6.898385339000072 50.996018344000049)","Unfall 29420 (2021) Kat:3, Licht: 0","29420","3","2","5","9","8","6","","0","1","1","0","0"
"POINT (6.952543770000034 50.969592837000050)","Unfall 29422 (2021) Kat:3, Licht: 0","29422","3","2","0","5","11","3","","0","1","1","0","0"
"POINT (6.928383898000050 50.944935801000042)","Unfall 29423 (2021) Kat:3, Licht: 0","29423","3","2","5","7","14","3","","0","1","0","0","0"
"POINT (6.940995705000034 50.953777351000042)","Unfall 29424 (2021) Kat:3, Licht: 2","29424","3","2","5","12","20","6","","2","1","1","0","0"
"POINT (6.971654197000021 50.846691258000078)","Unfall 29431 (2021) Kat:3, Licht: 0","29431","3","6","1","2","12","5","","0","0","1","0","0"
"POINT (6.938985701000036 50.936454196000057)","Unfall 29436 (2021) Kat:3, Licht: 2","29436","3","7","0","10","0","4","","2","0","0","0","0"
"POINT (6.902987975000030 50.956736902000046)","Unfall 29442 (2021) Kat:3, Licht: 2","29442","3","2","5","11","6","4","","2","1","1","0","0"
"POINT (6.968254143000024 50.885505613000078)","Unfall 29449 (2021) Kat:3, Licht: 0","29449","3","7","7","5","8","3","","0","0","1","0","0"
"POINT (6.869323747000067 50.968872372000078)","Unfall 29450 (2021) Kat:3, Licht: 1","29450","3","2","0","4","6","3","","1","0","0","0","1"
"POINT (6.907255527000075 51.012919528000054)","Unfall 29456 (2021) Kat:2, Licht: 0","29456","2","7","0","11","15","4","","0","1","0","0","0"
"POINT (6.940242302000058 50.968241152000076)","Unfall 29460 (2021) Kat:3, Licht: 0","29460","3","2","5","6","11","7","","0","1","1","0","0"
"POINT (6.851027366000039 50.969576743000061)","Unfall 29465 (2021) Kat:2, Licht: 0","29465","2","1","0","6","20","1","","0","0","0","0","0"
"POINT (6.971152388000064 50.876949702000047)","Unfall 29467 (2021) Kat:3, Licht: 0","29467","3","1","0","9","16","1","","0","1","0","0","0"
"POINT (6.844335444000023 50.927338690000056)","Unfall 29468 (2021) Kat:3, Licht: 1","29468","3","6","3","6","22","4","","1","0","1","0","0"
"POINT (6.907412300000033 51.030095320000044)","Unfall 29471 (2021) Kat:2, Licht: 0","29471","2","7","4","4","15","5","","0","0","1","0","1"
"POINT (6.937231990000043 50.941332473000045)","Unfall 29474 (2021) Kat:3, Licht: 2","29474","3","4","9","11","17","3","","2","1","0","1","0"
"POINT (6.910744339000075 50.954050876000053)","Unfall 29480 (2021) Kat:3, Licht: 0","29480","3","4","6","11","12","3","","0","1","0","1","0"
"POINT (6.902676762000056 50.926436643000045)","Unfall 29481 (2021) Kat:2, Licht: 0","29481","2","3","5","10","15","6","","0","1","1","0","0"
"POINT (6.950242212000035 50.874573725000062)","Unfall 29482 (2021) Kat:3, Licht: 0","29482","3","3","5","9","10","2","","0","1","0","0","0"
"POINT (6.866308069000070 50.937857029000043)","Unfall 29489 (2021) Kat:3, Licht: 0","29489","3","2","5","2","8","3","","0","0","1","0","0"
"POINT (6.856187006000027 50.984454661000029)","Unfall 29490 (2021) Kat:3, Licht: 2","29490","3","6","3","12","17","1","","2","0","1","0","0"
"POINT (6.957290312000055 50.929083471000069)","Unfall 29491 (2021) Kat:3, Licht: 0","29491","3","6","3","7","10","3","","0","0","1","0","0"
"POINT (6.939049414000067 50.935416232000080)","Unfall 29497 (2021) Kat:3, Licht: 0","29497","3","2","5","7","18","2","","0","1","0","0","0"
"POINT (6.969591004000051 50.883058949000031)","Unfall 29503 (2021) Kat:3, Licht: 0","29503","3","6","2","10","15","3","","0","0","1","0","0"
"POINT (6.922786131000066 50.911400061000052)","Unfall 29508 (2021) Kat:3, Licht: 0","29508","3","6","0","9","13","5","","0","1","0","1","0"
"POINT (6.960739826000065 50.935549067000068)","Unfall 29514 (2021) Kat:2, Licht: 0","29514","2","6","4","5","17","5","","0","1","0","0","0"
"POINT (6.953433172000075 50.966058246000046)","Unfall 29519 (2021) Kat:3, Licht: 0","29519","3","1","3","6","17","1","","0","1","1","0","0"
"POINT (6.882212943000070 50.937785022000071)","Unfall 29520 (2021) Kat:3, Licht: 0","29520","3","2","3","7","18","5","","0","1","1","0","0"
"POINT (6.965862728000047 50.959255694000035)","Unfall 29521 (2021) Kat:3, Licht: 0","29521","3","6","2","9","18","6","","0","0","1","0","0"
"POINT (6.954781965000052 50.956947247000073)","Unfall 29525 (2021) Kat:3, Licht: 0","29525","3","5","1","3","15","6","","0","1","0","0","0"
"POINT (6.972618285000067 50.930405402000076)","Unfall 29527 (2021) Kat:3, Licht: 0","29527","3","1","9","5","17","7","","0","0","0","1","0"
"POINT (6.849288673000046 51.014413122000065)","Unfall 29528 (2021) Kat:2, Licht: 0","29528","2","1","1","9","8","3","","0","0","1","0","1"
"POINT (6.924967370000047 50.933560300000067)","Unfall 29531 (2021) Kat:3, Licht: 0","29531","3","6","4","1","16","6","","0","1","0","0","0"
"POINT (6.938135923000061 50.936473738000075)","Unfall 29532 (2021) Kat:3, Licht: 2","29532","3","1","0","10","18","5","","2","0","1","0","1"
"POINT (6.977830025000060 50.936020503000066)","Unfall 29534 (2021) Kat:3, Licht: 0","29534","3","7","0","3","17","6","","0","0","1","0","0"
"POINT (6.912943783000060 50.929422222000028)","Unfall 29540 (2021) Kat:3, Licht: 2","29540","3","6","0","9","0","1","","2","1","0","0","0"
"POINT (6.890300626000055 50.937516613000071)","Unfall 29543 (2021) Kat:3, Licht: 0","29543","3","2","5","7","16","5","","0","0","1","0","0"
"POINT (6.932919261000052 50.935483429000044)","Unfall 29546 (2021) Kat:3, Licht: 2","29546","3","6","0","2","22","2","","2","0","1","0","0"
"POINT (6.872596781000027 50.915012631000081)","Unfall 29547 (2021) Kat:3, Licht: 2","29547","3","1","2","11","0","1","","2","0","1","0","0"
"POINT (6.859020736000048 50.975615201000039)","Unfall 29548 (2021) Kat:3, Licht: 0","29548","3","3","5","3","15","3","","0","1","1","0","0"
"POINT (6.951593627000022 50.956108239000059)","Unfall 29555 (2021) Kat:3, Licht: 2","29555","3","6","2","12","17","3","","2","0","1","0","0"
"POINT (6.929041472000051 50.936696308000080)","Unfall 29556 (2021) Kat:2, Licht: 0","29556","2","3","0","9","17","4","","0","1","0","0","0"
"POINT (6.972508059000063 50.955163491000064)","Unfall 29564 (2021) Kat:3, Licht: 0","29564","3","6","4","6","18","3","","0","1","0","0","0"
"POINT (6.912133146000031 50.953166015000079)","Unfall 29574 (2021) Kat:3, Licht: 0","29574","3","4","6","3","9","3","","0","0","1","1","0"
"POINT (6.902442224000026 50.977518711000073)","Unfall 29575 (2021) Kat:3, Licht: 0","29575","3","6","2","4","9","4","","0","0","1","0","0"
"POINT (6.914595640000073 50.971797708000054)","Unfall 29577 (2021) Kat:3, Licht: 0","29577","3","1","0","9","18","4","","0","0","0","0","1"
"POINT (6.957082635000063 50.951869472000055)","Unfall 29585 (2021) Kat:3, Licht: 0","29585","3","3","5","2","11","7","","0","0","1","0","0"
"POINT (6.975510127000064 50.939849088000074)","Unfall 29586 (2021) Kat:2, Licht: 0","29586","2","3","5","4","18","1","","0","0","1","0","0"
"POINT (6.895575476000033 50.998631530000068)","Unfall 29588 (2021) Kat:3, Licht: 2","29588","3","1","8","11","6","1","","2","0","1","0","0"
"POINT (6.927444382000033 50.960178395000071)","Unfall 29590 (2021) Kat:3, Licht: 0","29590","3","6","2","9","17","5","","0","0","1","0","0"
"POINT (6.917061316000058 50.999834757000031)","Unfall 29592 (2021) Kat:3, Licht: 0","29592","3","6","2","10","13","3","","0","0","1","0","0"
"POINT (6.963006081000060 50.935001602000057)","Unfall 29594 (2021) Kat:3, Licht: 0","29594","3","6","2","9","8","5","","0","0","1","0","0"
"POINT (6.906637475000025 50.955540750000068)","Unfall 29601 (2021) Kat:3, Licht: 0","29601","3","1","0","10","14","2","","0","1","0","0","0"
"POINT (6.962171423000029 50.941899732000081)","Unfall 29608 (2021) Kat:3, Licht: 0","29608","3","6","3","3","10","2","","0","0","1","0","0"
"POINT (6.911205593000034 50.940396142000054)","Unfall 29611 (2021) Kat:3, Licht: 0","29611","3","3","3","4","14","5","","0","1","1","0","0"
"POINT (6.914312514000073 50.929972499000030)","Unfall 29614 (2021) Kat:2, Licht: 2","29614","2","1","0","10","5","7","","2","0","0","0","0"
"POINT (6.883874948000027 50.912717707000070)","Unfall 29617 (2021) Kat:2, Licht: 0","29617","2","1","0","11","7","1","","0","0","1","0","0"
"POINT (6.865959092000026 50.970609124000077)","Unfall 29619 (2021) Kat:2, Licht: 0","29619","2","7","0","9","13","1","","0","1","0","0","0"
"POINT (6.856773183000030 51.021488914000031)","Unfall 29620 (2021) Kat:1, Licht: 0","29620","1","6","2","12","11","5","","0","0","1","0","0"
"POINT (6.974011411000049 50.955541507000078)","Unfall 29623 (2021) Kat:3, Licht: 0","29623","3","6","1","10","16","6","","0","0","1","0","0"
"POINT (6.933064043000059 50.888069946000030)","Unfall 29631 (2021) Kat:3, Licht: 0","29631","3","1","8","3","13","2","","0","0","1","0","0"
"POINT (6.956725677000065 50.903831082000067)","Unfall 29636 (2021) Kat:3, Licht: 0","29636","3","3","5","5","7","5","","0","1","0","0","0"
"POINT (6.940092301000050 50.953732810000076)","Unfall 29642 (2021) Kat:3, Licht: 0","29642","3","6","2","11","14","6","","0","0","1","0","0"
"POINT (6.917462360000059 50.949712177000038)","Unfall 29643 (2021) Kat:3, Licht: 0","29643","3","5","1","6","17","4","","0","1","1","0","0"
"POINT (6.980728038000052 50.897991438000076)","Unfall 29646 (2021) Kat:2, Licht: 2","29646","2","2","5","10","6","2","","2","1","1","0","0"
"POINT (6.852095768000027 50.913858215000062)","Unfall 29647 (2021) Kat:3, Licht: 0","29647","3","3","5","10","16","3","","0","1","1","0","0"
"POINT (6.971485272000052 50.936795521000079)","Unfall 29649 (2021) Kat:3, Licht: 0","29649","3","1","0","11","12","2","","0","0","0","0","0"
"POINT (6.895272040000066 50.925278659000071)","Unfall 29654 (2021) Kat:3, Licht: 0","29654","3","1","0","9","16","6","","0","1","0","0","0"
"POINT (6.935049336000077 50.932645473000036)","Unfall 29657 (2021) Kat:3, Licht: 2","29657","3","7","0","11","3","1","","2","0","0","1","0"
"POINT (6.899417581000023 50.903091630000063)","Unfall 29664 (2021) Kat:3, Licht: 0","29664","3","6","3","11","8","6","","0","0","1","0","0"
"POINT (6.887124974000074 50.963824151000040)","Unfall 29667 (2021) Kat:3, Licht: 2","29667","3","7","0","10","23","7","","2","0","0","0","0"
"POINT (6.965750274000072 50.924597229000028)","Unfall 29670 (2021) Kat:3, Licht: 0","29670","3","5","1","12","13","2","","0","0","1","0","0"
"POINT (6.954795025000067 50.997737136000069)","Unfall 29673 (2021) Kat:3, Licht: 0","29673","3","1","0","4","17","3","","0","1","0","0","0"
"POINT (6.975050354000075 50.928511265000054)","Unfall 29675 (2021) Kat:2, Licht: 0","29675","2","1","0","7","6","5","","0","0","0","0","1"
"POINT (6.850212379000027 50.978316468000060)","Unfall 29676 (2021) Kat:3, Licht: 2","29676","3","2","5","1","20","6","","2","0","1","0","0"
"POINT (6.978658760000030 50.930521717000033)","Unfall 29683 (2021) Kat:2, Licht: 2","29683","2","1","0","4","21","7","","2","0","0","0","1"
"POINT (6.860521581000057 50.912786229000062)","Unfall 29696 (2021) Kat:2, Licht: 2","29696","2","6","3","9","2","7","","2","1","0","0","0"
"POINT (6.959877007000046 50.921131348000074)","Unfall 29697 (2021) Kat:2, Licht: 2","29697","2","7","0","12","17","3","","2","0","0","1","0"
"POINT (6.949875488000032 50.935295006000047)","Unfall 29700 (2021) Kat:3, Licht: 0","29700","3","3","5","5","17","2","","0","1","0","0","0"
"POINT (6.882230440000058 50.937589989000060)","Unfall 29703 (2021) Kat:2, Licht: 0","29703","2","3","5","9","18","5","","0","1","0","0","0"
"POINT (6.885747574000050 51.023784188000036)","Unfall 29705 (2021) Kat:3, Licht: 0","29705","3","3","0","11","8","2","","0","1","1","0","0"
"POINT (6.973454099000037 50.905067688000031)","Unfall 29708 (2021) Kat:3, Licht: 0","29708","3","3","5","1","12","4","","0","0","1","0","0"
"POINT (6.860289008000052 51.069690356000081)","Unfall 29729 (2021) Kat:3, Licht: 0","29729","3","6","2","1","16","2","","0","0","1","0","0"
"POINT (6.957744249000029 50.957769869000060)","Unfall 29730 (2021) Kat:3, Licht: 2","29730","3","2","5","10","22","1","","2","0","1","0","1"
"POINT (6.949110681000036 50.936069003000057)","Unfall 29735 (2021) Kat:3, Licht: 0","29735","3","6","0","11","17","6","","0","0","1","0","0"
"POINT (6.940711439000040 50.885173196000039)","Unfall 29738 (2021) Kat:3, Licht: 0","29738","3","2","1","6","14","1","","0","0","1","0","0"
"POINT (6.878580253000052 51.006536723000067)","Unfall 29741 (2021) Kat:3, Licht: 0","29741","3","6","3","5","8","3","","0","0","1","0","0"
"POINT (6.839387004000059 50.927098711000042)","Unfall 29745 (2021) Kat:2, Licht: 0","29745","2","6","0","6","8","6","","0","0","1","0","0"
"POINT (6.923739767000029 50.912318953000067)","Unfall 29749 (2021) Kat:3, Licht: 2","29749","3","2","5","2","18","4","","2","0","1","0","0"
"POINT (6.936260786000048 50.935388988000057)","Unfall 29751 (2021) Kat:3, Licht: 2","29751","3","6","0","11","18","5","","2","1","0","1","0"
"POINT (6.912507213000026 50.945055402000037)","Unfall 29758 (2021) Kat:3, Licht: 0","29758","3","2","0","9","15","4","","0","0","1","0","0"
"POINT (6.883046078000064 50.924526560000061)","Unfall 29764 (2021) Kat:3, Licht: 0","29764","3","4","6","1","12","3","","0","0","1","1","0"
"POINT (6.956722652000053 50.903831199000081)","Unfall 29768 (2021) Kat:3, Licht: 2","29768","3","2","5","3","19","5","","2","1","1","0","0"
"POINT (6.947098578000066 50.926293522000037)","Unfall 29772 (2021) Kat:3, Licht: 0","29772","3","2","3","6","8","4","","0","1","0","0","0"
"POINT (6.927610554000069 50.945286928000030)","Unfall 29773 (2021) Kat:3, Licht: 2","29773","3","1","0","11","19","4","","2","1","0","0","0"
"POINT (6.940154256000028 50.941416033000053)","Unfall 29774 (2021) Kat:3, Licht: 0","29774","3","6","4","12","13","5","","0","1","0","0","0"
"POINT (6.917430990000071 50.931148607000068)","Unfall 29775 (2021) Kat:3, Licht: 0","29775","3","6","1","10","10","3","","0","0","1","0","0"
"POINT (6.851257779000036 51.054523717000052)","Unfall 29779 (2021) Kat:3, Licht: 0","29779","3","3","5","10","14","2","","0","1","1","0","0"
"POINT (6.969863942000075 50.957372752000026)","Unfall 29781 (2021) Kat:2, Licht: 2","29781","2","1","9","3","22","4","","2","1","0","0","0"
"POINT (6.895505779000075 50.999497718000043)","Unfall 29785 (2021) Kat:3, Licht: 0","29785","3","3","5","2","14","7","","0","0","1","0","0"
"POINT (6.921577588000048 50.854525405000061)","Unfall 29786 (2021) Kat:3, Licht: 0","29786","3","3","0","2","14","1","","0","1","1","0","0"
"POINT (6.962840632000052 50.928477263000048)","Unfall 29792 (2021) Kat:3, Licht: 0","29792","3","7","0","9","16","5","","0","1","0","0","0"
"POINT (6.900937811000063 50.984960487000080)","Unfall 29794 (2021) Kat:3, Licht: 0","29794","3","1","0","11","15","4","","0","0","0","0","1"
"POINT (6.881716699000037 50.937798105000070)","Unfall 29799 (2021) Kat:3, Licht: 0","29799","3","3","5","12","11","5","","0","1","0","0","0"
"POINT (6.955593376000024 50.957162168000082)","Unfall 29803 (2021) Kat:3, Licht: 2","29803","3","2","0","12","20","2","","2","1","1","0","0"
"POINT (6.842431775000023 50.919971328000031)","Unfall 29804 (2021) Kat:3, Licht: 0","29804","3","6","3","4","14","5","","0","0","1","0","0"
"POINT (6.850242446000038 50.970220035000068)","Unfall 29806 (2021) Kat:3, Licht: 0","29806","3","6","3","6","18","3","","0","0","1","0","0"
"POINT (6.946140325000044 50.936158337000052)","Unfall 29808 (2021) Kat:3, Licht: 0","29808","3","5","1","10","10","3","","0","1","1","0","0"
"POINT (6.969139806000044 50.904291886000067)","Unfall 29817 (2021) Kat:3, Licht: 0","29817","3","2","5","6","9","2","","0","0","1","0","1"
"POINT (6.916332609000051 50.917918305000057)","Unfall 29822 (2021) Kat:3, Licht: 2","29822","3","1","0","12","1","1","","2","1","0","0","0"
"POINT (6.934521748000066 50.935445723000043)","Unfall 29826 (2021) Kat:2, Licht: 0","29826","2","2","5","10","15","4","","0","0","1","0","0"
"POINT (6.964585313000043 50.903844113000048)","Unfall 29837 (2021) Kat:3, Licht: 0","29837","3","6","2","2","15","5","","0","0","1","0","0"
"POINT (6.972469322000052 50.912953888000061)","Unfall 29841 (2021) Kat:3, Licht: 0","29841","3","7","0","11","14","5","","0","1","0","0","0"
"POINT (6.939047781000056 50.935439299000052)","Unfall 29846 (2021) Kat:3, Licht: 0","29846","3","3","5","6","15","7","","0","0","1","0","0"
"POINT (6.822834771000032 50.938461836000045)","Unfall 29850 (2021) Kat:3, Licht: 0","29850","3","2","3","6","14","6","","0","0","1","0","0"
"POINT (6.912217574000067 50.953111921000072)","Unfall 29853 (2021) Kat:3, Licht: 0","29853","3","5","3","6","16","5","","0","1","1","0","0"
"POINT (6.902974348000043 50.937086812000075)","Unfall 29854 (2021) Kat:2, Licht: 0","29854","2","2","5","3","15","7","","0","0","1","0","0"
"POINT (6.915596786000037 50.949002715000063)","Unfall 29856 (2021) Kat:2, Licht: 2","29856","2","1","0","3","21","7","","2","1","1","0","0"
"POINT (6.942563292000045 50.935920369000030)","Unfall 29858 (2021) Kat:3, Licht: 2","29858","3","3","5","9","22","7","","2","0","1","0","0"
"POINT (6.932806905000064 50.948597953000046)","Unfall 29859 (2021) Kat:3, Licht: 0","29859","3","6","2","9","18","5","","0","0","1","0","0"
"POINT (6.958760576000032 50.950133995000044)","Unfall 29863 (2021) Kat:3, Licht: 0","29863","3","6","2","6","7","3","","0","0","1","0","0"
"POINT (6.920214506000036 50.948366694000072)","Unfall 29875 (2021) Kat:3, Licht: 2","29875","3","2","5","2","19","3","","2","1","1","0","0"
"POINT (6.960372244000041 50.935407671000064)","Unfall 29881 (2021) Kat:2, Licht: 0","29881","2","3","0","9","8","5","","0","1","1","0","0"
"POINT (6.899388150000050 50.903104988000052)","Unfall 29883 (2021) Kat:3, Licht: 0","29883","3","6","2","10","10","6","","0","0","1","0","0"
"POINT (6.953123886000071 50.935266254000055)","Unfall 29885 (2021) Kat:3, Licht: 0","29885","3","4","6","9","16","7","","0","0","1","1","0"
"POINT (6.882491352000045 51.003496522000034)","Unfall 29888 (2021) Kat:2, Licht: 0","29888","2","6","3","11","9","2","","0","0","1","0","0"
"POINT (6.924941900000022 50.937772063000068)","Unfall 29896 (2021) Kat:3, Licht: 1","29896","3","2","3","6","21","5","","1","1","0","0","0"
"POINT (6.937844596000048 50.931094065000082)","Unfall 29898 (2021) Kat:3, Licht: 0","29898","3","3","0","5","13","7","","0","0","1","0","1"
"POINT (6.916834931000039 50.950117857000066)","Unfall 29906 (2021) Kat:3, Licht: 0","29906","3","3","5","3","19","4","","0","0","1","0","0"
"POINT (6.932684862000031 50.948685226000066)","Unfall 29910 (2021) Kat:3, Licht: 0","29910","3","7","6","10","13","3","","0","0","1","1","0"
"POINT (6.869761846000074 50.922917858000062)","Unfall 29911 (2021) Kat:3, Licht: 0","29911","3","3","5","6","13","4","","0","0","1","0","0"
"POINT (6.863512730000025 50.919297086000029)","Unfall 29915 (2021) Kat:2, Licht: 0","29915","2","6","3","7","19","4","","0","0","1","0","0"
"POINT (6.896940475000065 50.937170541000057)","Unfall 29918 (2021) Kat:3, Licht: 0","29918","3","7","6","9","12","4","","0","0","1","1","0"
"POINT (6.970666976000075 50.915542566000056)","Unfall 29930 (2021) Kat:2, Licht: 2","29930","2","4","7","11","20","6","","2","0","0","1","0"
"POINT (6.924268644000051 50.936757768000064)","Unfall 29933 (2021) Kat:3, Licht: 0","29933","3","3","5","4","15","3","","0","1","1","0","0"
"POINT (6.915763629000026 50.950812345000031)","Unfall 29943 (2021) Kat:3, Licht: 0","29943","3","5","0","4","14","5","","0","1","1","0","0"
"POINT (6.954246376000071 50.962135986000078)","Unfall 29945 (2021) Kat:3, Licht: 0","29945","3","5","0","5","17","7","","0","1","1","0","0"
"POINT (6.867596557000070 50.922478873000045)","Unfall 29949 (2021) Kat:3, Licht: 0","29949","3","3","0","9","14","4","","0","1","1","0","0"
"POINT (6.852014877000045 50.951498202000039)","Unfall 29961 (2021) Kat:3, Licht: 2","29961","3","1","8","12","23","4","","2","0","1","0","0"
"POINT (6.968811303000052 50.881233221000059)","Unfall 29963 (2021) Kat:3, Licht: 0","29963","3","6","2","10","15","1","","0","0","1","0","0"
"POINT (6.961713017000022 50.848697754000057)","Unfall 29974 (2021) Kat:3, Licht: 0","29974","3","6","2","10","17","6","","0","0","1","0","0"
"POINT (6.910735204000048 50.925572008000074)","Unfall 29975 (2021) Kat:3, Licht: 0","29975","3","7","6","6","19","4","","0","1","0","1","0"
"POINT (6.881619311000065 50.941901536000046)","Unfall 29981 (2021) Kat:3, Licht: 0","29981","3","1","8","3","12","3","","0","0","1","0","0"
"POINT (6.966559810000035 50.923380597000062)","Unfall 29982 (2021) Kat:3, Licht: 0","29982","3","6","4","9","16","1","","0","1","0","0","0"
"POINT (6.973383722000051 50.939896385000054)","Unfall 29987 (2021) Kat:3, Licht: 0","29987","3","3","5","2","16","1","","0","1","0","0","0"
"POINT (6.849319169000069 50.939914904000034)","Unfall 29988 (2021) Kat:3, Licht: 0","29988","3","6","2","10","11","6","","0","0","1","0","0"
"POINT (6.927304584000069 50.910465661000046)","Unfall 29991 (2021) Kat:2, Licht: 2","29991","2","7","7","7","1","1","","2","1","0","0","0"
"POINT (6.978145863000066 50.938195361000055)","Unfall 29995 (2021) Kat:3, Licht: 0","29995","3","5","1","6","9","5","","0","1","1","0","0"
"POINT (6.834009247000040 51.055320845000040)","Unfall 29997 (2021) Kat:3, Licht: 0","29997","3","1","9","12","12","5","","0","0","1","0","0"
"POINT (6.912561590000053 50.945403213000077)","Unfall 30001 (2021) Kat:3, Licht: 0","30001","3","3","5","9","7","3","","0","1","0","0","0"
"POINT (6.916810387000055 50.905616505000069)","Unfall 30003 (2021) Kat:3, Licht: 0","30003","3","6","2","2","17","1","","0","0","1","0","0"
"POINT (6.893704139000022 50.960784151000041)","Unfall 30004 (2021) Kat:3, Licht: 0","30004","3","4","6","10","15","1","","0","0","1","1","0"
"POINT (6.934942418000048 50.936525047000032)","Unfall 30007 (2021) Kat:3, Licht: 0","30007","3","4","6","9","12","4","","0","1","0","1","0"
"POINT (6.897635841000067 50.937155128000029)","Unfall 30012 (2021) Kat:3, Licht: 0","30012","3","6","1","3","8","5","","0","0","1","0","0"
"POINT (6.941028429000028 50.930135149000080)","Unfall 30016 (2021) Kat:3, Licht: 1","30016","3","5","1","3","20","2","","1","1","1","0","0"
"POINT (6.919021937000025 50.952364708000061)","Unfall 30017 (2021) Kat:3, Licht: 2","30017","3","2","5","1","17","6","","2","0","1","0","0"
"POINT (6.924787849000040 50.936754552000082)","Unfall 30026 (2021) Kat:3, Licht: 0","30026","3","2","5","10","11","1","","0","1","1","0","0"
"POINT (6.939015891000054 50.936754193000070)","Unfall 30028 (2021) Kat:3, Licht: 0","30028","3","6","2","3","17","5","","0","1","0","0","0"
"POINT (6.915479851000043 50.950995742000032)","Unfall 30036 (2021) Kat:3, Licht: 0","30036","3","1","4","5","16","2","","0","1","0","0","0"
"POINT (6.890217490000055 50.937519078000037)","Unfall 30037 (2021) Kat:3, Licht: 2","30037","3","6","1","12","19","6","","2","0","1","0","0"
"POINT (6.941588034000063 50.944303647000027)","Unfall 30038 (2021) Kat:3, Licht: 0","30038","3","7","0","11","10","3","","0","1","0","0","0"
"POINT (6.932974627000021 50.920771222000042)","Unfall 30039 (2021) Kat:3, Licht: 2","30039","3","2","0","10","20","6","","2","0","1","1","0"
"POINT (6.869319686000040 50.968860898000059)","Unfall 30041 (2021) Kat:3, Licht: 0","30041","3","1","9","1","10","6","","0","0","1","0","0"
"POINT (6.857812340000066 50.930544486000031)","Unfall 30042 (2021) Kat:3, Licht: 0","30042","3","2","3","11","14","6","","0","1","1","0","0"
"POINT (6.958583919000034 50.876261839000051)","Unfall 30043 (2021) Kat:3, Licht: 0","30043","3","5","1","12","10","4","","0","0","1","0","0"
"POINT (6.977289773000052 50.958116782000047)","Unfall 30044 (2021) Kat:3, Licht: 1","30044","3","7","0","2","6","2","","1","0","1","0","1"
"POINT (6.896456306000061 50.959414947000027)","Unfall 30048 (2021) Kat:2, Licht: 0","30048","2","6","2","6","17","6","","0","0","1","0","1"
"POINT (6.927582185000063 50.895838905000062)","Unfall 30050 (2021) Kat:2, Licht: 0","30050","2","2","5","6","13","3","","0","0","1","0","1"
"POINT (6.940196647000050 50.941616892000070)","Unfall 30051 (2021) Kat:3, Licht: 0","30051","3","2","5","3","9","5","","0","1","1","0","0"
"POINT (6.963122659000021 50.959234125000080)","Unfall 30054 (2021) Kat:2, Licht: 2","30054","2","6","2","2","23","6","","2","0","1","0","0"
"POINT (6.969980766000049 50.870642639000039)","Unfall 30058 (2021) Kat:3, Licht: 2","30058","3","6","2","11","19","6","","2","0","1","0","0"
"POINT (6.902901244000020 51.037630438000065)","Unfall 30072 (2021) Kat:3, Licht: 0","30072","3","1","0","12","11","3","","0","0","1","0","0"
"POINT (6.913880366000058 50.952031735000048)","Unfall 30074 (2021) Kat:3, Licht: 0","30074","3","6","3","5","16","7","","0","0","1","0","0"
"POINT (6.954636879000020 50.959468212000047)","Unfall 30076 (2021) Kat:3, Licht: 1","30076","3","1","0","6","5","1","","1","0","0","0","0"
"POINT (6.945163257000047 50.935806435000075)","Unfall 30085 (2021) Kat:3, Licht: 2","30085","3","1","0","9","1","5","","2","0","0","0","0"
"POINT (6.930809054000065 50.847300858000040)","Unfall 30089 (2021) Kat:3, Licht: 0","30089","3","1","8","12","9","7","","0","0","1","0","0"
"POINT (6.894386048000058 50.960433744000056)","Unfall 30097 (2021) Kat:3, Licht: 0","30097","3","3","0","3","15","5","","0","0","1","0","0"
"POINT (6.907987135000042 50.933167049000076)","Unfall 30099 (2021) Kat:3, Licht: 0","30099","3","3","5","5","15","2","","0","1","0","0","0"
"POINT (6.947809356000050 50.982382604000065)","Unfall 30101 (2021) Kat:3, Licht: 0","30101","3","1","0","5","12","3","","0","1","0","0","0"
"POINT (6.919187064000027 50.893911093000042)","Unfall 30104 (2021) Kat:3, Licht: 0","30104","3","6","2","2","7","2","","0","0","1","0","0"