WKT,Name,OBJECTID,UKATEGORIE,UTYP1,UART,UMONAT,USTUNDE,UWOCHENTAG,STRZUSTAND,ULICHTVERH,ISTRAD,ISTPKW,ISTFUSS,ISTKRAD
"POINT (6.964037386000030 50.884174786000074)","Unfall 30106 (2021) Kat:3, Licht: 0","30106","3","6","2","2","16","3","","0","0","1","0","0"
"POINT (6.971008223000069 50.932800846000077)","Unfall 30110 (2021) Kat:3, Licht: 0","30110","3","5","1","6","19","1","","0","1","1","0","0"
"POINT (6.846011022000027 50.938012420000064)","Unfall 30111 (2021) Kat:3, Licht: 0","30111","3","2","5","4","18","2","","0","0","1","0","0"
"POINT (6.924533214000064 50.936755673000050)","Unfall 30115 (2021) Kat:3, Licht: 0","30115","3","6","2","9","13","6","","0","0","1","0","0"
"POINT (6.827401116000033 51.072402667000063)","Unfall 30122 (2021) Kat:3, Licht: 0","30122","3","1","8","11","12","7","","0","0","1","0","0"
"POINT (6.910667059000048 50.939766452000072)","Unfall 30124 (2021) Kat:3, Licht: 2","30124","3","2","5","11","6","3","","2","1","1","0","0"
"POINT (6.914332822000063 50.951736795000045)","Unfall 30128 (2021) Kat:3, Licht: 0","30128","3","5","0","2","10","7","","0","1","1","0","0"
"POINT (6.932605965000050 50.934118042000080)","Unfall 30131 (2021) Kat:3, Licht: 0","30131","3","6","1","6","20","1","","0","0","1","0","0"
"POINT (6.856769887000041 50.920298472000070)","Unfall 30135 (2021) Kat:2, Licht: 0","30135","2","3","5","6","13","6","","0","1","1","0","0"
"POINT (6.957617310000046 50.935319535000076)","Unfall 30136 (2021) Kat:3, Licht: 0","30136","3","1","0","6","14","4","","0","1","0","0","0"
"POINT (6.974644820000037 50.928729389000068)","Unfall 30137 (2021) Kat:3, Licht: 0","30137","3","6","1","7","15","1","","0","0","1","0","1"
"POINT (6.829184699000052 50.957756599000049)","Unfall 30138 (2021) Kat:2, Licht: 0","30138","2","3","5","9","16","6","","0","1","1","0","0"
"POINT (6.945740981000029 50.946575543000051)","Unfall 30139 (2021) Kat:3, Licht: 0","30139","3","6","2","9","13","1","","0","0","1","0","0"
"POINT (6.927612177000071 50.915686619000041)","Unfall 30140 (2021) Kat:2, Licht: 0","30140","2","2","6","11","13","5","","0","0","1","1","0"
"POINT (6.917878960000053 50.951154091000035)","Unfall 30142 (2021) Kat:3, Licht: 0","30142","3","4","6","4","14","2","","0","1","0","1","0"
"POINT (6.903650500000026 50.937199034000059)","Unfall 30151 (2021) Kat:3, Licht: 0","30151","3","2","5","3","10","3","","0","1","1","0","0"
"POINT (6.921514012000046 50.913654547000078)","Unfall 30153 (2021) Kat:3, Licht: 0","30153","3","5","2","11","12","6","","0","0","1","0","0"
"POINT (6.873649651000051 50.982687252000062)","Unfall 30157 (2021) Kat:3, Licht: 0","30157","3","6","8","6","16","5","","0","1","0","0","0"
"POINT (6.962757055000054 50.929675800000041)","Unfall 30159 (2021) Kat:3, Licht: 0","30159","3","2","3","12","7","2","","0","1","1","0","0"
"POINT (6.949175685000057 50.955358071000035)","Unfall 30162 (2021) Kat:3, Licht: 0","30162","3","6","1","3","15","2","","0","0","1","0","0"
"POINT (6.953148846000033 50.935261670000045)","Unfall 30164 (2021) Kat:3, Licht: 0","30164","3","7","2","10","14","5","","0","1","1","0","0"
"POINT (6.881662976000030 50.941860148000046)","Unfall 30165 (2021) Kat:3, Licht: 0","30165","3","6","2","9","15","6","","0","0","1","0","0"
"POINT (6.955904996000072 50.950078983000026)","Unfall 30170 (2021) Kat:3, Licht: 2","30170","3","5","1","2","19","2","","2","1","1","0","0"
"POINT (6.973162171000070 50.868419156000073)","Unfall 30172 (2021) Kat:3, Licht: 0","30172","3","3","5","2","9","6","","0","1","1","0","0"
"POINT (6.943585299000063 50.945610389000080)","Unfall 30175 (2021) Kat:2, Licht: 0","30175","2","6","4","4","19","5","","0","1","0","0","0"
"POINT (6.939381444000048 50.927060713000060)","Unfall 30177 (2021) Kat:3, Licht: 0","30177","3","2","0","4","18","2","","0","1","1","0","0"
"POINT (6.930523770000036 50.924703918000034)","Unfall 30179 (2021) Kat:2, Licht: 2","30179","2","7","2","10","20","6","","2","0","1","0","1"
"POINT (6.978265622000038 50.925239689000080)","Unfall 30180 (2021) Kat:3, Licht: 0","30180","3","1","0","10","13","6","","0","0","0","0","0"
"POINT (6.908105552000052 51.005903113000045)","Unfall 30196 (2021) Kat:3, Licht: 2","30196","3","6","3","10","7","6","","2","0","1","0","0"
"POINT (6.952541932000031 50.924124234000033)","Unfall 30199 (2021) Kat:3, Licht: 2","30199","3","1","2","1","18","6","","2","0","1","0","1"
"POINT (6.929361122000046 50.936686078000037)","Unfall 30200 (2021) Kat:3, Licht: 1","30200","3","3","5","3","17","5","","1","1","0","0","0"
"POINT (6.919880096000043 50.948510992000081)","Unfall 30202 (2021) Kat:2, Licht: 1","30202","2","5","3","11","15","5","","1","1","1","0","0"
"POINT (6.965675740000052 50.892762015000073)","Unfall 30204 (2021) Kat:3, Licht: 0","30204","3","2","2","3","13","2","","0","0","1","0","1"
"POINT (6.924786644000051 50.936550506000060)","Unfall 30211 (2021) Kat:3, Licht: 0","30211","3","2","5","11","12","6","","0","1","1","0","0"
"POINT (6.932605995000074 50.934111028000075)","Unfall 30224 (2021) Kat:3, Licht: 2","30224","3","2","6","1","20","7","","2","0","1","1","0"
"POINT (6.968131421000066 50.845527541000081)","Unfall 30226 (2021) Kat:2, Licht: 0","30226","2","1","9","10","16","3","","0","0","1","0","0"
"POINT (6.957997169000066 50.921427607000055)","Unfall 30229 (2021) Kat:3, Licht: 0","30229","3","5","0","3","19","2","","0","1","1","0","0"
"POINT (6.977281955000024 50.953458972000078)","Unfall 30230 (2021) Kat:3, Licht: 0","30230","3","6","2","3","15","5","","0","0","1","0","0"
"POINT (6.896123494000051 50.959571094000069)","Unfall 30234 (2021) Kat:3, Licht: 0","30234","3","6","0","9","15","3","","0","0","0","0","1"
"POINT (6.917754722000041 51.019376576000070)","Unfall 30238 (2021) Kat:3, Licht: 0","30238","3","2","4","6","13","1","","0","0","1","0","1"
"POINT (6.845979037000063 50.925452922000034)","Unfall 30245 (2021) Kat:2, Licht: 2","30245","2","1","9","10","23","4","","2","0","0","0","1"
"POINT (6.935419250000052 50.877406548000067)","Unfall 30251 (2021) Kat:3, Licht: 1","30251","3","6","1","10","19","5","","1","0","1","0","0"
"POINT (6.910461294000072 50.939572262000070)","Unfall 30256 (2021) Kat:3, Licht: 0","30256","3","6","2","10","15","4","","0","0","1","0","0"
"POINT (6.900517428000057 50.902592424000034)","Unfall 30257 (2021) Kat:2, Licht: 0","30257","2","6","2","9","11","3","","0","0","0","0","0"
"POINT (6.914111187000060 50.972134371000038)","Unfall 30259 (2021) Kat:3, Licht: 0","30259","3","2","4","9","14","3","","0","0","1","0","0"
"POINT (6.975176055000077 50.853849646000072)","Unfall 30268 (2021) Kat:2, Licht: 0","30268","2","6","2","6","12","6","","0","0","1","0","1"
"POINT (6.926520835000076 50.860412950000068)","Unfall 30272 (2021) Kat:3, Licht: 2","30272","3","2","5","9","20","6","","2","1","1","0","0"
"POINT (6.939220957000032 50.930291156000067)","Unfall 30273 (2021) Kat:3, Licht: 0","30273","3","5","1","6","14","5","","0","1","1","0","0"
"POINT (6.979301539000062 50.958992054000078)","Unfall 30276 (2021) Kat:3, Licht: 0","30276","3","1","0","6","18","1","","0","0","0","0","0"
"POINT (6.837766971000065 51.039809720000051)","Unfall 30278 (2021) Kat:3, Licht: 0","30278","3","6","1","5","16","2","","0","0","1","0","0"
"POINT (6.969546108000031 50.874951941000063)","Unfall 30279 (2021) Kat:3, Licht: 2","30279","3","6","1","12","17","7","","2","0","1","0","0"
"POINT (6.873751545000061 50.982840435000071)","Unfall 30289 (2021) Kat:2, Licht: 2","30289","2","1","0","10","20","5","","2","0","1","0","0"
"POINT (6.881249903000025 50.966447680000044)","Unfall 30296 (2021) Kat:3, Licht: 1","30296","3","2","4","1","7","4","","1","1","1","0","0"
"POINT (6.966583962000072 50.838670368000066)","Unfall 30297 (2021) Kat:3, Licht: 0","30297","3","6","2","2","15","5","","0","0","1","0","0"
"POINT (6.973914483000044 50.864510045000031)","Unfall 30302 (2021) Kat:2, Licht: 0","30302","2","1","8","6","20","1","","0","0","0","0","1"
"POINT (6.924786644000051 50.936550506000060)","Unfall 30306 (2021) Kat:2, Licht: 2","30306","2","1","4","11","18","6","","2","1","0","0","0"
"POINT (6.912746137000056 50.936956337000026)","Unfall 30313 (2021) Kat:3, Licht: 2","30313","3","4","6","3","5","7","","2","0","1","1","0"
"POINT (6.933391827000037 50.921582793000027)","Unfall 30319 (2021) Kat:3, Licht: 0","30319","3","1","0","3","9","6","","0","1","0","0","0"
"POINT (6.977884350000068 50.889232189000040)","Unfall 30323 (2021) Kat:3, Licht: 0","30323","3","6","2","9","17","3","","0","0","1","0","0"
"POINT (6.940612721000036 50.931127610000033)","Unfall 30330 (2021) Kat:3, Licht: 2","30330","3","1","0","7","22","3","","2","1","0","0","0"
"POINT (6.918519003000029 50.949099136000029)","Unfall 30331 (2021) Kat:3, Licht: 0","30331","3","5","1","9","14","5","","0","1","1","0","0"
"POINT (6.921636196000065 50.909958383000060)","Unfall 30333 (2021) Kat:3, Licht: 0","30333","3","7","1","3","10","3","","0","0","1","0","0"
"POINT (6.935803285000077 50.923429877000046)","Unfall 30335 (2021) Kat:3, Licht: 2","30335","3","3","5","10","6","2","","2","0","1","0","0"
"POINT (6.900716624000040 50.957516584000075)","Unfall 30341 (2021) Kat:3, Licht: 0","30341","3","7","0","10","12","6","","0","0","1","1","0"
"POINT (6.949778820000063 50.955622168000048)","Unfall 30342 (2021) Kat:3, Licht: 0","30342","3","3","5","9","16","5","","0","1","1","0","0"
"POINT (6.966570029000025 50.903976379000028)","Unfall 30346 (2021) Kat:3, Licht: 0","30346","3","2","5","6","13","3","","0","1","1","0","0"
"POINT (6.886283779000053 50.934056162000047)","Unfall 30347 (2021) Kat:3, Licht: 0","30347","3","3","1","9","15","7","","0","1","1","0","0"
"POINT (6.955750659000046 50.957112881000057)","Unfall 30350 (2021) Kat:3, Licht: 0","30350","3","2","3","9","9","5","","0","1","1","0","0"
"POINT (6.848782809000056 50.935721282000031)","Unfall 30353 (2021) Kat:3, Licht: 1","30353","3","1","0","6","20","4","","1","0","1","0","0"
"POINT (6.944265598000072 50.927546137000036)","Unfall 30355 (2021) Kat:3, Licht: 2","30355","3","3","5","3","22","2","","2","1","1","0","0"
"POINT (6.924787849000040 50.936754552000082)","Unfall 30356 (2021) Kat:3, Licht: 2","30356","3","6","2","1","19","7","","2","0","1","0","0"
"POINT (6.938033044000065 50.935352489000081)","Unfall 30357 (2021) Kat:3, Licht: 0","30357","3","6","3","11","16","7","","0","0","1","0","1"
"POINT (6.916323060000025 50.917936349000058)","Unfall 30366 (2021) Kat:3, Licht: 1","30366","3","2","5","1","7","4","","1","1","0","0","0"
"POINT (6.890374522000059 50.924676724000051)","Unfall 30367 (2021) Kat:3, Licht: 0","30367","3","2","2","5","17","4","","0","0","1","0","0"
"POINT (6.977296315000046 50.953449824000074)","Unfall 30374 (2021) Kat:2, Licht: 0","30374","2","6","3","4","15","3","","0","0","1","0","0"
"POINT (6.928739035000035 50.960276105000048)","Unfall 30380 (2021) Kat:3, Licht: 0","30380","3","3","5","6","18","5","","0","0","1","0","0"
"POINT (6.940590383000028 50.929516841000066)","Unfall 30381 (2021) Kat:3, Licht: 0","30381","3","6","2","11","8","6","","0","0","1","0","1"
"POINT (6.878973976000054 50.987726413000075)","Unfall 30383 (2021) Kat:3, Licht: 0","30383","3","6","2","6","13","2","","0","0","1","0","0"
"POINT (6.971516942000051 50.936972909000076)","Unfall 30388 (2021) Kat:2, Licht: 2","30388","2","1","0","12","3","1","","2","0","0","0","0"
"POINT (6.923314574000074 50.936764472000050)","Unfall 30391 (2021) Kat:2, Licht: 2","30391","2","2","5","11","19","7","","2","0","1","0","0"
"POINT (6.937551198000051 50.952531776000058)","Unfall 30393 (2021) Kat:3, Licht: 2","30393","3","6","1","12","18","1","","2","0","1","0","0"
"POINT (6.911799323000025 50.953379898000037)","Unfall 30398 (2021) Kat:3, Licht: 0","30398","3","6","2","6","19","5","","0","1","0","0","0"
"POINT (6.901920127000039 50.988635222000028)","Unfall 30399 (2021) Kat:2, Licht: 0","30399","2","6","3","7","18","5","","0","0","1","0","0"
"POINT (6.940469243000052 50.929588261000049)","Unfall 30416 (2021) Kat:3, Licht: 0","30416","3","7","0","2","16","1","","0","0","1","0","1"
"POINT (6.962906475000068 50.932247686000039)","Unfall 30419 (2021) Kat:3, Licht: 0","30419","3","4","6","9","13","3","","0","1","0","1","0"
"POINT (6.980148232000033 50.930236916000069)","Unfall 30420 (2021) Kat:2, Licht: 2","30420","2","6","0","12","18","7","","2","0","1","0","0"
"POINT (6.970791340000062 50.915601108000033)","Unfall 30423 (2021) Kat:3, Licht: 0","30423","3","6","2","10","15","2","","0","0","1","0","0"
"POINT (6.907190169000046 50.903597369000067)","Unfall 30427 (2021) Kat:3, Licht: 1","30427","3","1","0","12","17","4","","1","1","0","0","0"
"POINT (6.935550864000049 50.907090406000066)","Unfall 30431 (2021) Kat:3, Licht: 0","30431","3","6","2","5","19","6","","0","0","1","0","0"
"POINT (6.901257177000048 50.957324116000052)","Unfall 30437 (2021) Kat:3, Licht: 0","30437","3","4","6","9","8","2","","0","0","1","1","0"
"POINT (6.974096322000037 50.955488193000065)","Unfall 30448 (2021) Kat:3, Licht: 0","30448","3","6","3","9","14","4","","0","0","1","0","0"
"POINT (6.939351018000025 50.938276084000051)","Unfall 30453 (2021) Kat:3, Licht: 2","30453","3","1","0","9","4","7","","2","1","0","0","0"
"POINT (6.930271253000058 50.936623618000056)","Unfall 30455 (2021) Kat:3, Licht: 0","30455","3","2","5","6","16","2","","0","1","1","0","0"
"POINT (6.969460905000062 50.882985751000035)","Unfall 30460 (2021) Kat:2, Licht: 0","30460","2","3","5","6","13","5","","0","1","1","0","0"
"POINT (6.904101267000044 50.937190874000066)","Unfall 30463 (2021) Kat:3, Licht: 0","30463","3","2","5","10","8","4","","0","0","1","0","0"
"POINT (6.920220572000062 50.953790673000071)","Unfall 30465 (2021) Kat:3, Licht: 0","30465","3","6","2","5","14","4","","0","0","1","0","0"
"POINT (6.886685784000065 50.933246582000038)","Unfall 30479 (2021) Kat:3, Licht: 0","30479","3","6","2","3","15","5","","0","0","1","0","0"
"POINT (6.974029628000039 50.956220196000061)","Unfall 30482 (2021) Kat:3, Licht: 0","30482","3","2","5","10","17","7","","0","1","1","0","0"
"POINT (6.937821018000022 50.935348883000074)","Unfall 30487 (2021) Kat:2, Licht: 0","30487","2","4","6","3","10","4","","0","0","0","1","0"
"POINT (6.834608762000073 50.938370228000053)","Unfall 30490 (2021) Kat:3, Licht: 0","30490","3","4","6","10","13","3","","0","0","1","1","0"
"POINT (6.916228922000073 50.918794222000031)","Unfall 30495 (2021) Kat:3, Licht: 0","30495","3","5","0","11","10","7","","0","1","1","0","0"
"POINT (6.933881623000048 50.964511174000052)","Unfall 30499 (2021) Kat:3, Licht: 0","30499","3","2","0","6","17","6","","0","1","1","0","0"
"POINT (6.948436301000072 50.894010949000062)","Unfall 30508 (2021) Kat:3, Licht: 0","30508","3","3","5","11","14","2","","0","0","1","0","1"
"POINT (6.952529884000057 50.924130041000069)","Unfall 30509 (2021) Kat:3, Licht: 0","30509","3","2","3","6","15","3","","0","0","1","0","1"
"POINT (6.928606280000054 50.958093176000034)","Unfall 30510 (2021) Kat:3, Licht: 0","30510","3","6","3","10","9","4","","0","0","1","0","0"
"POINT (6.940625493000027 50.992692565000027)","Unfall 30511 (2021) Kat:3, Licht: 0","30511","3","2","5","5","16","4","","0","1","1","0","0"
"POINT (6.936956528000053 50.931585484000038)","Unfall 30524 (2021) Kat:3, Licht: 0","30524","3","2","2","6","21","6","","0","1","1","0","0"
"POINT (6.912345213000037 50.923819317000039)","Unfall 30530 (2021) Kat:3, Licht: 0","30530","3","3","5","9","12","5","","0","1","0","0","1"
"POINT (6.967027187000042 50.922870390000071)","Unfall 30537 (2021) Kat:3, Licht: 0","30537","3","3","0","5","8","5","","0","1","0","0","0"
"POINT (6.862644574000058 51.068727731000081)","Unfall 30542 (2021) Kat:3, Licht: 0","30542","3","2","3","6","15","3","","0","0","1","0","1"
"POINT (6.947213540000064 50.930117647000031)","Unfall 30543 (2021) Kat:3, Licht: 0","30543","3","2","5","7","18","6","","0","1","1","0","0"
"POINT (6.927583596000034 50.895838501000071)","Unfall 30544 (2021) Kat:3, Licht: 0","30544","3","3","5","5","6","3","","0","0","1","0","0"
"POINT (6.922923670000046 50.964742526000066)","Unfall 30557 (2021) Kat:3, Licht: 0","30557","3","6","3","10","12","6","","0","0","1","0","0"
"POINT (6.860913174000075 50.984175237000045)","Unfall 30562 (2021) Kat:3, Licht: 0","30562","3","1","0","6","8","3","","0","1","0","0","0"
"POINT (6.962661856000068 50.943083283000078)","Unfall 30563 (2021) Kat:3, Licht: 0","30563","3","2","5","6","19","5","","0","0","1","0","0"
"POINT (6.853698550000047 50.938089993000062)","Unfall 30567 (2021) Kat:3, Licht: 0","30567","3","3","5","12","7","4","","0","1","1","0","0"
"POINT (6.911767548000057 50.924472439000056)","Unfall 30580 (2021) Kat:3, Licht: 0","30580","3","6","4","6","9","4","","0","1","1","0","0"
"POINT (6.915006670000025 50.930249939000078)","Unfall 30582 (2021) Kat:3, Licht: 0","30582","3","3","0","10","8","5","","0","1","0","0","0"
"POINT (6.928338091000057 50.945072929000048)","Unfall 30595 (2021) Kat:2, Licht: 2","30595","2","2","5","1","7","3","","2","1","1","0","0"
"POINT (6.939971669000045 50.940549875000045)","Unfall 30596 (2021) Kat:2, Licht: 2","30596","2","7","0","9","20","2","","2","0","0","0","1"
"POINT (6.962710229000038 50.931140116000051)","Unfall 30599 (2021) Kat:3, Licht: 0","30599","3","1","0","7","9","5","","0","1","0","0","0"
"POINT (6.836976205000042 50.938329180000039)","Unfall 30602 (2021) Kat:3, Licht: 0","30602","3","2","0","12","14","6","","0","0","1","0","0"
"POINT (6.971015596000029 50.932371471000067)","Unfall 30603 (2021) Kat:2, Licht: 0","30603","2","1","0","7","21","7","","0","0","0","0","0"
"POINT (6.907623935000061 50.932571476000078)","Unfall 30606 (2021) Kat:3, Licht: 0","30606","3","1","0","6","20","6","","0","1","0","0","0"
"POINT (6.962508102000072 50.943092042000046)","Unfall 30613 (2021) Kat:3, Licht: 0","30613","3","3","5","12","10","4","","0","1","1","0","0"
"POINT (6.828718301000038 50.950952815000051)","Unfall 30614 (2021) Kat:3, Licht: 0","30614","3","1","0","6","18","4","","0","1","0","0","0"
"POINT (6.950760997000032 50.973747304000028)","Unfall 30617 (2021) Kat:3, Licht: 0","30617","3","7","0","12","15","2","","0","0","1","1","0"
"POINT (6.954415387000040 50.949780008000062)","Unfall 30620 (2021) Kat:3, Licht: 2","30620","3","1","8","7","1","7","","2","1","0","0","0"
"POINT (6.883258219000027 50.938322567000057)","Unfall 30621 (2021) Kat:2, Licht: 0","30621","2","7","8","3","18","1","","0","0","1","0","0"
"POINT (6.856767985000033 50.920298086000059)","Unfall 30625 (2021) Kat:3, Licht: 2","30625","3","1","8","12","18","4","","2","0","1","0","0"
"POINT (6.955079219000027 51.019440009000050)","Unfall 30626 (2021) Kat:3, Licht: 0","30626","3","3","5","9","8","2","","0","1","0","0","0"
"POINT (6.850418421000029 50.955209316000037)","Unfall 30629 (2021) Kat:3, Licht: 2","30629","3","6","2","11","18","3","","2","0","1","0","0"
"POINT (6.926837820000060 50.936725815000045)","Unfall 30632 (2021) Kat:3, Licht: 0","30632","3","3","5","5","17","6","","0","1","0","0","0"
"POINT (6.979082211000048 50.849215054000069)","Unfall 30636 (2021) Kat:3, Licht: 2","30636","3","1","4","10","21","3","","2","0","1","0","0"
"POINT (6.968578365000042 50.886510389000080)","Unfall 30640 (2021) Kat:3, Licht: 0","30640","3","6","2","3","14","4","","0","0","1","0","0"
"POINT (6.893111124000029 50.937260765000076)","Unfall 30644 (2021) Kat:3, Licht: 0","30644","3","2","5","10","8","5","","0","1","1","0","0"
"POINT (6.871654610000064 50.915648361000081)","Unfall 30648 (2021) Kat:2, Licht: 0","30648","2","6","2","6","11","3","","0","0","1","0","0"
"POINT (6.860988891000034 50.977223333000040)","Unfall 30649 (2021) Kat:3, Licht: 0","30649","3","3","5","5","16","5","","0","0","1","0","0"
"POINT (6.953170073000024 50.935257772000057)","Unfall 30654 (2021) Kat:2, Licht: 0","30654","2","2","5","7","14","3","","0","0","1","0","0"
"POINT (6.964931898000032 50.848123147000081)","Unfall 30658 (2021) Kat:3, Licht: 1","30658","3","6","1","1","16","4","","1","0","1","0","0"
"POINT (6.925451804000033 50.939752866000049)","Unfall 30666 (2021) Kat:3, Licht: 0","30666","3","3","5","5","15","5","","0","1","1","0","0"
"POINT (6.938981978000072 50.936412873000052)","Unfall 30668 (2021) Kat:3, Licht: 2","30668","3","6","4","12","1","1","","2","1","0","0","0"
"POINT (6.942636940000057 50.945281926000064)","Unfall 30679 (2021) Kat:3, Licht: 0","30679","3","3","3","2","10","5","","0","1","1","0","0"
"POINT (6.933229504000053 50.949163599000030)","Unfall 30681 (2021) Kat:3, Licht: 2","30681","3","1","0","9","15","3","","2","0","0","0","1"
"POINT (6.859662326000034 51.019502522000039)","Unfall 30683 (2021) Kat:3, Licht: 2","30683","3","6","2","12","16","4","","2","0","1","0","0"
"POINT (6.957911072000059 50.935361700000044)","Unfall 30684 (2021) Kat:3, Licht: 0","30684","3","7","3","6","17","4","","0","0","1","0","0"
"POINT (6.975996605000034 50.927574380000067)","Unfall 30685 (2021) Kat:3, Licht: 0","30685","3","6","4","4","15","4","","0","1","1","0","0"
"POINT (6.908781670000053 50.928333855000062)","Unfall 30688 (2021) Kat:2, Licht: 1","30688","2","1","0","1","16","4","","1","1","0","0","0"
"POINT (6.940624200000059 50.992693869000050)","Unfall 30693 (2021) Kat:3, Licht: 0","30693","3","1","7","12","14","6","","0","1","0","0","0"
"POINT (6.876961727000037 50.998935851000056)","Unfall 30696 (2021) Kat:3, Licht: 0","30696","3","7","1","7","18","4","","0","0","1","0","1"
"POINT (6.962813222000023 50.932506094000075)","Unfall 30697 (2021) Kat:3, Licht: 0","30697","3","6","1","12","11","5","","0","0","1","0","0"
"POINT (6.969945910000035 50.868302158000063)","Unfall 30701 (2021) Kat:3, Licht: 0","30701","3","6","2","5","15","4","","0","0","1","0","0"
"POINT (6.877465042000040 50.937854977000029)","Unfall 30708 (2021) Kat:2, Licht: 0","30708","2","7","1","7","16","1","","0","0","1","0","1"
"POINT (6.910517257000038 50.954189437000082)","Unfall 30713 (2021) Kat:3, Licht: 0","30713","3","1","0","6","18","1","","0","1","0","0","0"
"POINT (6.856754598000066 50.920295374000034)","Unfall 30722 (2021) Kat:2, Licht: 0","30722","2","3","5","11","14","1","","0","1","1","0","0"
"POINT (6.957482540000058 50.957575488000032)","Unfall 30723 (2021) Kat:3, Licht: 0","30723","3","6","2","10","14","2","","0","0","1","0","0"
"POINT (6.947935795000035 50.893422279000049)","Unfall 30726 (2021) Kat:3, Licht: 0","30726","3","3","5","10","7","5","","0","1","1","0","0"
"POINT (6.939881843000023 50.940201679000040)","Unfall 30728 (2021) Kat:2, Licht: 0","30728","2","7","0","7","20","4","","0","0","1","0","0"
"POINT (6.917244255000071 50.916603016000067)","Unfall 30729 (2021) Kat:3, Licht: 0","30729","3","4","6","10","11","6","","0","0","1","1","0"
"POINT (6.932077154000069 50.962991669000075)","Unfall 30731 (2021) Kat:3, Licht: 0","30731","3","2","5","6","17","5","","0","1","1","0","0"
"POINT (6.979755588000046 50.930292345000055)","Unfall 30732 (2021) Kat:3, Licht: 0","30732","3","7","9","10","12","5","","0","0","1","0","0"
"POINT (6.968926628000077 50.955804349000061)","Unfall 30735 (2021) Kat:3, Licht: 0","30735","3","6","1","12","14","6","","0","0","1","0","0"
"POINT (6.921797719000040 50.955040857000029)","Unfall 30740 (2021) Kat:3, Licht: 0","30740","3","2","5","7","14","3","","0","1","1","0","0"
"POINT (6.962122961000034 50.936247192000053)","Unfall 30746 (2021) Kat:2, Licht: 0","30746","2","3","3","5","17","3","","0","1","1","0","0"
"POINT (6.949498448000043 50.904210019000061)","Unfall 30749 (2021) Kat:3, Licht: 0","30749","3","6","2","3","7","4","","0","0","1","0","1"
"POINT (6.952794283000060 50.949313895000046)","Unfall 30751 (2021) Kat:3, Licht: 0","30751","3","6","3","2","8","2","","0","0","1","0","0"
"POINT (6.855004795000070 50.919940904000043)","Unfall 30755 (2021) Kat:3, Licht: 0","30755","3","6","2","5","15","2","","0","0","1","0","0"
"POINT (6.849787189000040 50.977898177000043)","Unfall 30759 (2021) Kat:3, Licht: 0","30759","3","7","2","5","17","3","","0","0","1","0","0"
"POINT (6.945929750000062 50.986248338000053)","Unfall 30761 (2021) Kat:3, Licht: 0","30761","3","2","0","4","11","5","","0","0","1","0","1"
"POINT (6.926572457000020 50.931040619000044)","Unfall 30762 (2021) Kat:3, Licht: 0","30762","3","2","5","9","9","5","","0","1","1","0","0"
"POINT (6.977376369000069 50.934006907000025)","Unfall 30766 (2021) Kat:3, Licht: 0","30766","3","2","0","2","12","6","","0","0","1","0","0"
"POINT (6.912961527000050 50.943045122000058)","Unfall 30772 (2021) Kat:3, Licht: 0","30772","3","3","1","7","12","4","","0","1","0","0","0"
"POINT (6.916304004000040 50.905138620000059)","Unfall 30774 (2021) Kat:3, Licht: 2","30774","3","6","2","9","20","7","","2","0","1","0","1"
"POINT (6.908725041000025 50.937102400000072)","Unfall 30782 (2021) Kat:3, Licht: 0","30782","3","6","0","4","15","3","","0","1","1","0","0"
"POINT (6.948460085000022 50.894075423000061)","Unfall 30784 (2021) Kat:3, Licht: 0","30784","3","6","2","5","19","2","","0","0","1","0","0"
"POINT (6.919965540000021 50.948474123000040)","Unfall 30788 (2021) Kat:3, Licht: 0","30788","3","4","6","5","19","4","","0","1","0","1","0"
"POINT (6.879814583000041 51.005595932000062)","Unfall 30789 (2021) Kat:3, Licht: 0","30789","3","6","2","3","15","6","","0","0","1","0","0"
"POINT (6.964324355000031 50.926365723000060)","Unfall 30790 (2021) Kat:2, Licht: 0","30790","2","6","3","7","18","4","","0","1","0","0","0"
"POINT (6.981676918000062 50.943247693000046)","Unfall 30791 (2021) Kat:3, Licht: 0","30791","3","7","6","5","14","3","","0","0","0","1","0"
"POINT (6.910501169000042 50.939609894000057)","Unfall 30797 (2021) Kat:3, Licht: 0","30797","3","3","5","12","15","3","","0","1","1","0","0"
"POINT (6.914436942000066 50.896261577000075)","Unfall 30800 (2021) Kat:3, Licht: 1","30800","3","6","2","11","7","5","","1","0","1","0","0"
"POINT (6.953144053000074 50.935262551000051)","Unfall 30802 (2021) Kat:3, Licht: 0","30802","3","2","5","4","11","5","","0","1","1","0","0"
"POINT (6.886499949000040 50.964126456000031)","Unfall 30805 (2021) Kat:3, Licht: 0","30805","3","6","2","7","6","5","","0","0","1","0","0"
"POINT (6.983840545000021 50.949111725000080)","Unfall 30806 (2021) Kat:2, Licht: 0","30806","2","6","2","10","8","7","","0","0","1","0","1"
"POINT (6.973602925000023 50.929239004000067)","Unfall 30810 (2021) Kat:3, Licht: 0","30810","3","5","1","4","14","7","","0","1","1","0","0"
"POINT (6.945740981000029 50.946575543000051)","Unfall 30813 (2021) Kat:3, Licht: 0","30813","3","2","5","1","12","3","","0","1","1","0","0"
"POINT (6.926389677000031 50.914857136000080)","Unfall 30814 (2021) Kat:2, Licht: 1","30814","2","1","6","9","20","3","","1","0","0","1","1"
"POINT (6.939361530000042 50.927042346000064)","Unfall 30815 (2021) Kat:2, Licht: 2","30815","2","1","0","11","17","5","","2","1","0","0","0"
"POINT (6.930159580000065 50.909135605000074)","Unfall 30817 (2021) Kat:3, Licht: 0","30817","3","6","2","4","17","4","","0","0","1","0","0"