WKT,Name,OBJECTID,UKATEGORIE,UTYP1,UART,UMONAT,USTUNDE,UWOCHENTAG,STRZUSTAND,ULICHTVERH,ISTRAD,ISTPKW,ISTFUSS,ISTKRAD
"POINT (6.864788784000041 51.067850335000060)","Unfall 30819 (2021) Kat:3, Licht: 0","30819","3","1","8","10","17","7","","0","1","0","0","0"
"POINT (6.968926628000077 50.955804349000061)","Unfall 30822 (2021) Kat:3, Licht: 0","30822","3","3","5","9","10","7","","0","1","1","0","0"
"POINT (6.912915013000031 50.936950566000064)","Unfall 30825 (2021) Kat:3, Licht: 0","30825","3","2","3","12","15","2","","0","0","1","0","0"
"POINT (6.921042988000067 50.914272215000040)","Unfall 30829 (2021) Kat:3, Licht: 2","30829","3","6","6","11","18","3","","2","1","0","1","0"
"POINT (6.934403646000021 50.922464544000036)","Unfall 30831 (2021) Kat:2, Licht: 2","30831","2","7","5","11","21","3","","2","0","1","0","0"
"POINT (6.959969943000033 50.935311910000053)","Unfall 30834 (2021) Kat:3, Licht: 2","30834","3","1","0","12","22","2","","2","1","0","0","0"
"POINT (6.897956654000041 50.991732365000075)","Unfall 30836 (2021) Kat:3, Licht: 2","30836","3","1","9","1","6","1","","2","0","1","0","0"
"POINT (6.920871749000071 50.914071845000080)","Unfall 30840 (2021) Kat:3, Licht: 2","30840","3","2","6","12","7","2","","2","0","1","1","0"
"POINT (6.878510505000065 50.937816175000080)","Unfall 30841 (2021) Kat:2, Licht: 0","30841","2","1","0","9","12","2","","0","1","0","0","0"
"POINT (6.982196722000026 50.950314497000079)","Unfall 30843 (2021) Kat:3, Licht: 0","30843","3","6","2","10","14","7","","0","0","1","0","0"
"POINT (6.848356682000031 50.978930707000075)","Unfall 30847 (2021) Kat:3, Licht: 0","30847","3","6","3","9","8","4","","0","0","1","0","1"
"POINT (6.924569472000030 50.935063554000067)","Unfall 30849 (2021) Kat:3, Licht: 0","30849","3","7","0","6","7","2","","0","0","0","0","0"
"POINT (6.939078201000029 50.926785434000067)","Unfall 30851 (2021) Kat:3, Licht: 1","30851","3","7","3","9","18","2","","1","1","0","0","0"
"POINT (6.915625736000038 50.970985917000064)","Unfall 30860 (2021) Kat:3, Licht: 2","30860","3","3","5","1","7","6","","2","1","1","0","0"
"POINT (6.891333929000041 50.920386474000054)","Unfall 30861 (2021) Kat:3, Licht: 0","30861","3","3","5","6","8","3","","0","1","1","0","0"
"POINT (6.941444402000059 50.929204422000055)","Unfall 30862 (2021) Kat:2, Licht: 0","30862","2","2","5","5","20","3","","0","1","1","0","0"
"POINT (6.933297920000030 50.949221678000072)","Unfall 30863 (2021) Kat:3, Licht: 0","30863","3","7","3","3","15","5","","0","0","1","0","0"
"POINT (6.958736164000072 50.950134626000079)","Unfall 30867 (2021) Kat:3, Licht: 0","30867","3","2","5","11","11","5","","0","1","1","0","0"
"POINT (6.862264143000061 51.011792978000074)","Unfall 30869 (2021) Kat:3, Licht: 0","30869","3","6","4","4","10","7","","0","0","1","0","0"
"POINT (6.896375512000077 50.994377114000031)","Unfall 30872 (2021) Kat:3, Licht: 0","30872","3","1","9","1","15","4","","0","0","0","0","1"
"POINT (6.946482957000057 50.946889362000036)","Unfall 30873 (2021) Kat:3, Licht: 0","30873","3","6","3","4","15","4","","0","1","0","0","0"
"POINT (6.928997456000047 50.960416607000070)","Unfall 30874 (2021) Kat:3, Licht: 0","30874","3","6","1","5","15","3","","0","0","1","0","0"
"POINT (6.940488506000065 50.884916361000080)","Unfall 30875 (2021) Kat:2, Licht: 0","30875","2","1","0","6","15","7","","0","1","0","0","0"
"POINT (6.918805223000049 50.952162239000074)","Unfall 30876 (2021) Kat:3, Licht: 0","30876","3","7","6","3","9","4","","0","1","0","1","0"
"POINT (6.963280872000041 50.934345661000066)","Unfall 30878 (2021) Kat:3, Licht: 0","30878","3","7","6","5","20","1","","0","0","0","1","0"
"POINT (6.852452203000041 50.937940245000050)","Unfall 30880 (2021) Kat:2, Licht: 0","30880","2","2","0","3","18","5","","0","1","1","0","0"
"POINT (6.970800781000037 50.915334943000062)","Unfall 30882 (2021) Kat:3, Licht: 1","30882","3","6","2","10","7","5","","1","0","1","0","0"
"POINT (6.936316277000060 50.906808827000077)","Unfall 30889 (2021) Kat:3, Licht: 0","30889","3","2","0","7","13","6","","0","1","1","0","0"
"POINT (6.829189958000029 51.069942381000033)","Unfall 30894 (2021) Kat:3, Licht: 2","30894","3","1","9","1","0","7","","2","0","1","0","0"
"POINT (6.910650672000031 50.939750987000082)","Unfall 30895 (2021) Kat:3, Licht: 0","30895","3","4","6","6","7","4","","0","1","0","1","0"
"POINT (6.954207475000032 50.935105473000078)","Unfall 30900 (2021) Kat:3, Licht: 0","30900","3","3","4","6","17","2","","0","1","0","0","0"
"POINT (6.932616164000024 50.936298047000037)","Unfall 30901 (2021) Kat:2, Licht: 0","30901","2","7","0","7","18","2","","0","1","0","0","0"
"POINT (6.957530146000067 50.929154738000079)","Unfall 30906 (2021) Kat:2, Licht: 0","30906","2","6","3","11","13","1","","0","0","1","0","1"
"POINT (6.945736891000024 50.850417521000054)","Unfall 30909 (2021) Kat:3, Licht: 0","30909","3","6","2","9","15","6","","0","0","1","0","0"
"POINT (6.927379722000069 50.915795158000037)","Unfall 30910 (2021) Kat:3, Licht: 0","30910","3","2","5","4","14","5","","0","1","1","0","0"
"POINT (6.939805529000068 50.939905403000068)","Unfall 30911 (2021) Kat:2, Licht: 2","30911","2","1","0","10","20","3","","2","1","0","0","0"
"POINT (6.932035116000065 50.943880422000063)","Unfall 30914 (2021) Kat:3, Licht: 0","30914","3","2","5","11","14","6","","0","0","1","0","0"
"POINT (6.852085307000038 50.977706630000057)","Unfall 30916 (2021) Kat:3, Licht: 0","30916","3","3","5","7","18","6","","0","0","1","0","0"
"POINT (6.921251676000054 50.954558180000049)","Unfall 30924 (2021) Kat:2, Licht: 0","30924","2","4","6","2","9","6","","0","0","0","1","0"
"POINT (6.935304898000027 50.942390055000033)","Unfall 30926 (2021) Kat:3, Licht: 0","30926","3","2","5","5","21","3","","0","1","1","0","0"
"POINT (6.874357243000077 50.991872088000036)","Unfall 30928 (2021) Kat:3, Licht: 0","30928","3","7","2","4","16","6","","0","0","1","0","0"
"POINT (6.909908832000042 50.954454111000075)","Unfall 30931 (2021) Kat:3, Licht: 0","30931","3","3","5","2","16","7","","0","1","1","0","0"
"POINT (6.949661106000065 50.935510834000070)","Unfall 30933 (2021) Kat:3, Licht: 0","30933","3","6","1","9","17","2","","0","0","1","0","0"
"POINT (6.952983290000020 50.893665560000045)","Unfall 30935 (2021) Kat:2, Licht: 0","30935","2","3","4","5","11","6","","0","1","1","0","0"
"POINT (6.881249903000025 50.966447680000044)","Unfall 30936 (2021) Kat:3, Licht: 0","30936","3","2","8","9","15","6","","0","0","1","0","0"
"POINT (6.886660676000076 50.995794886000056)","Unfall 30938 (2021) Kat:3, Licht: 2","30938","3","6","3","6","23","7","","2","0","1","0","0"
"POINT (6.972866407000026 50.939621533000036)","Unfall 30943 (2021) Kat:3, Licht: 0","30943","3","1","0","9","17","2","","0","0","0","0","1"
"POINT (6.938996960000054 50.936196029000030)","Unfall 30948 (2021) Kat:3, Licht: 0","30948","3","4","6","9","13","5","","0","0","0","1","0"
"POINT (6.977916191000077 50.925789510000072)","Unfall 30950 (2021) Kat:3, Licht: 0","30950","3","3","5","2","17","1","","0","1","1","0","0"
"POINT (6.916619982000043 50.950258884000050)","Unfall 30958 (2021) Kat:3, Licht: 0","30958","3","1","0","12","12","3","","0","1","0","0","0"
"POINT (6.890417554000067 50.924678670000048)","Unfall 30959 (2021) Kat:3, Licht: 0","30959","3","6","0","11","14","4","","0","0","1","0","1"
"POINT (6.944623323000030 50.954011207000065)","Unfall 30960 (2021) Kat:3, Licht: 0","30960","3","6","2","4","17","6","","0","0","1","0","0"
"POINT (6.908278130000042 50.936925718000055)","Unfall 30968 (2021) Kat:2, Licht: 2","30968","2","1","0","6","0","4","","2","1","0","0","0"
"POINT (6.897984549000057 50.992237272000068)","Unfall 30969 (2021) Kat:3, Licht: 0","30969","3","1","8","4","17","7","","0","0","1","0","0"
"POINT (6.929239044000042 50.909710681000035)","Unfall 30972 (2021) Kat:3, Licht: 0","30972","3","6","3","10","10","7","","0","0","1","0","1"
"POINT (6.940519149000068 50.885562997000079)","Unfall 30973 (2021) Kat:3, Licht: 0","30973","3","6","2","12","14","5","","0","0","1","0","0"
"POINT (6.924316050000073 51.013494491000074)","Unfall 30983 (2021) Kat:3, Licht: 0","30983","3","3","0","9","9","5","","0","0","0","0","1"
"POINT (6.902206953000075 50.937233244000026)","Unfall 30992 (2021) Kat:3, Licht: 2","30992","3","2","5","12","17","6","","2","1","1","0","0"
"POINT (6.888749751000034 50.990861472000063)","Unfall 30995 (2021) Kat:2, Licht: 1","30995","2","1","8","7","20","7","","1","1","1","0","0"
"POINT (6.933334389000038 50.949252638000075)","Unfall 30997 (2021) Kat:3, Licht: 0","30997","3","6","2","1","12","5","","0","0","1","0","0"
"POINT (6.957820924000032 50.950950205000026)","Unfall 31002 (2021) Kat:3, Licht: 0","31002","3","6","0","7","17","6","","0","0","0","1","0"
"POINT (6.977276575000076 50.958109139000044)","Unfall 31003 (2021) Kat:3, Licht: 0","31003","3","3","5","7","19","4","","0","0","1","0","0"
"POINT (6.947786202000032 50.874976790000062)","Unfall 31006 (2021) Kat:2, Licht: 0","31006","2","7","9","11","13","6","","0","0","1","0","0"
"POINT (6.927617830000031 50.915691955000057)","Unfall 31007 (2021) Kat:3, Licht: 0","31007","3","6","3","9","17","5","","0","1","0","0","0"
"POINT (6.918050246000064 50.949348688000043)","Unfall 31009 (2021) Kat:3, Licht: 0","31009","3","5","1","6","9","4","","0","1","1","0","0"
"POINT (6.895978088000049 50.993444125000053)","Unfall 31020 (2021) Kat:3, Licht: 2","31020","3","6","2","1","20","1","","2","0","1","0","0"
"POINT (6.923163789000057 50.947136517000047)","Unfall 31021 (2021) Kat:3, Licht: 0","31021","3","6","2","9","11","4","","0","0","1","0","0"
"POINT (6.911471479000056 50.924739045000081)","Unfall 31028 (2021) Kat:3, Licht: 2","31028","3","1","0","5","23","3","","2","1","0","0","0"
"POINT (6.951429205000068 50.860332737000078)","Unfall 31030 (2021) Kat:3, Licht: 0","31030","3","6","4","1","11","7","","0","0","1","0","0"
"POINT (6.925693351000064 50.940371336000055)","Unfall 31034 (2021) Kat:3, Licht: 0","31034","3","6","2","9","17","4","","0","0","1","0","0"
"POINT (6.939000579000037 50.936139890000049)","Unfall 31036 (2021) Kat:3, Licht: 0","31036","3","6","4","3","14","4","","0","1","0","0","0"
"POINT (6.903077837000069 50.956706413000063)","Unfall 31042 (2021) Kat:3, Licht: 2","31042","3","4","6","12","19","5","","2","0","1","1","0"
"POINT (6.957767682000053 50.957777010000029)","Unfall 31051 (2021) Kat:3, Licht: 0","31051","3","4","6","6","9","7","","0","0","1","1","0"
"POINT (6.976296896000065 50.894806186000039)","Unfall 31052 (2021) Kat:3, Licht: 0","31052","3","6","2","5","17","6","","0","0","1","0","0"
"POINT (6.927598843000055 50.929007107000075)","Unfall 31058 (2021) Kat:3, Licht: 0","31058","3","3","5","12","8","6","","0","1","1","0","0"
"POINT (6.940245053000069 50.968241548000037)","Unfall 31059 (2021) Kat:3, Licht: 0","31059","3","3","5","1","10","5","","0","1","1","0","0"
"POINT (6.918145143000061 50.949294858000030)","Unfall 31060 (2021) Kat:3, Licht: 0","31060","3","6","3","11","13","3","","0","1","1","0","0"
"POINT (6.923253003000070 50.936764904000029)","Unfall 31071 (2021) Kat:3, Licht: 0","31071","3","2","5","6","17","2","","0","1","1","0","0"
"POINT (6.936289015000057 50.906818857000076)","Unfall 31073 (2021) Kat:3, Licht: 0","31073","3","2","0","1","9","6","","0","1","1","0","0"
"POINT (6.910681309000040 50.939783115000068)","Unfall 31079 (2021) Kat:3, Licht: 2","31079","3","4","6","10","0","1","","2","1","0","1","0"
"POINT (6.901513110000053 50.926335832000063)","Unfall 31080 (2021) Kat:3, Licht: 0","31080","3","1","0","5","14","4","","0","0","0","0","1"
"POINT (6.950650534000033 50.974003739000068)","Unfall 31081 (2021) Kat:3, Licht: 0","31081","3","2","5","6","14","3","","0","1","1","0","0"
"POINT (6.889362583000036 50.996368183000072)","Unfall 31083 (2021) Kat:3, Licht: 0","31083","3","6","2","3","8","6","","0","0","1","0","0"
"POINT (6.932284046000063 50.953112631000067)","Unfall 31085 (2021) Kat:3, Licht: 0","31085","3","6","2","10","9","4","","0","0","1","0","0"
"POINT (6.884462834000033 50.965068484000028)","Unfall 31086 (2021) Kat:3, Licht: 2","31086","3","7","0","1","18","6","","2","0","0","0","0"
"POINT (6.967945746000055 50.892680366000036)","Unfall 31087 (2021) Kat:3, Licht: 0","31087","3","3","0","3","7","6","","0","0","1","0","0"
"POINT (6.974531303000049 50.859715015000063)","Unfall 31091 (2021) Kat:3, Licht: 0","31091","3","6","3","9","16","5","","0","1","1","0","0"
"POINT (6.927247426000065 50.945427130000041)","Unfall 31095 (2021) Kat:3, Licht: 0","31095","3","3","5","6","17","5","","0","1","1","0","0"
"POINT (6.939645518000020 50.940590364000059)","Unfall 31096 (2021) Kat:3, Licht: 2","31096","3","6","0","7","1","4","","2","1","0","0","1"
"POINT (6.978856509000025 50.939702292000050)","Unfall 31099 (2021) Kat:3, Licht: 0","31099","3","7","0","10","8","5","","0","0","0","0","0"
"POINT (6.969625560000054 50.847107734000076)","Unfall 31102 (2021) Kat:3, Licht: 0","31102","3","6","1","6","10","4","","0","0","1","0","0"
"POINT (6.909656283000061 50.898256526000068)","Unfall 31114 (2021) Kat:3, Licht: 0","31114","3","7","3","9","14","1","","0","0","1","0","0"
"POINT (6.953452435000031 50.965946247000034)","Unfall 31118 (2021) Kat:3, Licht: 0","31118","3","6","0","6","14","6","","0","1","1","0","0"
"POINT (6.965888534000044 50.936473059000036)","Unfall 31120 (2021) Kat:3, Licht: 2","31120","3","7","0","6","0","6","","2","0","0","0","0"
"POINT (6.954794769000046 50.997730669000077)","Unfall 31123 (2021) Kat:2, Licht: 0","31123","2","1","0","3","14","4","","0","1","0","0","0"
"POINT (6.972814293000056 50.939657967000073)","Unfall 31125 (2021) Kat:2, Licht: 1","31125","2","1","0","10","7","3","","1","0","0","0","1"
"POINT (6.849384584000063 50.935966688000065)","Unfall 31126 (2021) Kat:2, Licht: 1","31126","2","6","2","12","16","6","","1","0","1","0","0"
"POINT (6.944739689000073 50.935808401000031)","Unfall 31128 (2021) Kat:3, Licht: 0","31128","3","6","4","12","12","4","","0","1","1","0","0"
"POINT (6.977880224000046 50.937642153000070)","Unfall 31132 (2021) Kat:2, Licht: 0","31132","2","7","0","6","21","2","","0","1","0","0","0"
"POINT (6.912583193000046 50.923545936000039)","Unfall 31137 (2021) Kat:3, Licht: 2","31137","3","6","4","9","23","4","","2","1","0","0","0"
"POINT (6.944663255000023 50.988032745000055)","Unfall 31141 (2021) Kat:2, Licht: 0","31141","2","1","0","10","14","6","","0","0","0","0","1"
"POINT (6.934558960000061 50.942781828000079)","Unfall 31143 (2021) Kat:2, Licht: 2","31143","2","4","6","3","19","7","","2","0","1","1","0"
"POINT (6.871672711000031 50.976351226000077)","Unfall 31144 (2021) Kat:3, Licht: 2","31144","3","3","5","12","20","4","","2","0","1","0","0"
"POINT (6.908071016000065 50.931414452000070)","Unfall 31149 (2021) Kat:3, Licht: 0","31149","3","5","0","6","20","6","","0","1","1","0","0"
"POINT (6.897946404000038 50.996461095000029)","Unfall 31150 (2021) Kat:3, Licht: 0","31150","3","6","2","12","9","5","","0","0","1","0","0"
"POINT (6.948516156000039 50.936333696000077)","Unfall 31151 (2021) Kat:3, Licht: 2","31151","3","1","0","9","23","3","","2","1","0","0","0"
"POINT (6.940339551000022 50.942959881000036)","Unfall 31154 (2021) Kat:3, Licht: 0","31154","3","3","4","5","8","2","","0","1","0","0","0"
"POINT (6.918728229000067 51.013129428000070)","Unfall 31155 (2021) Kat:3, Licht: 2","31155","3","1","8","3","3","5","","2","0","1","0","0"
"POINT (6.981824707000044 50.950558704000059)","Unfall 31158 (2021) Kat:2, Licht: 0","31158","2","6","2","11","14","3","","0","0","1","0","0"
"POINT (6.936966575000042 50.997283588000073)","Unfall 31166 (2021) Kat:2, Licht: 2","31166","2","3","5","1","5","3","","2","1","1","0","0"
"POINT (6.901523586000053 50.926336796000044)","Unfall 31172 (2021) Kat:3, Licht: 0","31172","3","3","0","6","15","3","","0","1","1","0","0"
"POINT (6.915304954000021 50.951108772000055)","Unfall 31173 (2021) Kat:3, Licht: 0","31173","3","6","3","7","12","6","","0","1","1","0","0"
"POINT (6.869131554000035 50.968898895000052)","Unfall 31179 (2021) Kat:3, Licht: 1","31179","3","6","1","1","8","2","","1","0","1","0","0"
"POINT (6.957135909000044 50.935139022000044)","Unfall 31181 (2021) Kat:3, Licht: 0","31181","3","3","5","2","14","5","","0","1","1","0","0"
"POINT (6.895708530000036 50.914687900000047)","Unfall 31184 (2021) Kat:3, Licht: 0","31184","3","7","0","10","8","5","","0","0","1","0","0"
"POINT (6.939711481000074 50.933297131000074)","Unfall 31187 (2021) Kat:3, Licht: 0","31187","3","1","0","5","16","2","","0","1","0","0","0"
"POINT (6.917353317000050 50.949782682000034)","Unfall 31188 (2021) Kat:3, Licht: 2","31188","3","5","3","12","18","5","","2","1","1","0","0"
"POINT (6.963026473000070 50.933759984000062)","Unfall 31190 (2021) Kat:3, Licht: 0","31190","3","2","5","6","17","7","","0","0","1","0","0"
"POINT (6.980140217000042 50.930151194000075)","Unfall 31191 (2021) Kat:2, Licht: 2","31191","2","1","8","6","1","1","","2","0","1","0","0"
"POINT (6.969729278000045 50.865948106000076)","Unfall 31194 (2021) Kat:3, Licht: 0","31194","3","6","2","9","14","1","","0","0","1","0","0"
"POINT (6.895673827000053 50.914706306000028)","Unfall 31199 (2021) Kat:3, Licht: 2","31199","3","6","2","1","18","4","","2","0","1","0","0"
"POINT (6.922602170000062 50.912944718000062)","Unfall 31200 (2021) Kat:2, Licht: 0","31200","2","4","6","2","11","6","","0","0","1","1","0"
"POINT (6.962710903000072 50.931118794000042)","Unfall 31205 (2021) Kat:3, Licht: 2","31205","3","3","5","12","18","5","","2","0","1","0","0"
"POINT (6.954512071000067 50.959966046000034)","Unfall 31215 (2021) Kat:3, Licht: 0","31215","3","6","9","12","14","5","","0","0","0","0","1"
"POINT (6.966338951000068 50.847825572000033)","Unfall 31217 (2021) Kat:3, Licht: 2","31217","3","6","1","11","17","3","","2","0","1","0","0"
"POINT (6.955548496000063 50.957034105000048)","Unfall 31220 (2021) Kat:3, Licht: 0","31220","3","3","5","6","14","3","","0","0","1","0","0"
"POINT (6.843139250000036 50.922900252000034)","Unfall 31221 (2021) Kat:3, Licht: 0","31221","3","6","3","10","9","3","","0","0","1","0","0"
"POINT (6.849700592000033 50.946885756000029)","Unfall 31223 (2021) Kat:3, Licht: 0","31223","3","6","1","3","13","7","","0","0","1","0","0"
"POINT (6.946291627000051 50.985727442000041)","Unfall 31225 (2021) Kat:3, Licht: 0","31225","3","7","6","12","11","3","","0","0","0","1","0"
"POINT (6.939219557000058 50.934680245000038)","Unfall 31227 (2021) Kat:3, Licht: 2","31227","3","7","1","6","23","7","","2","0","1","0","0"
"POINT (6.969706532000032 50.883083527000053)","Unfall 31234 (2021) Kat:3, Licht: 0","31234","3","6","1","6","13","6","","0","0","1","0","0"
"POINT (6.934041332000049 50.936538983000048)","Unfall 31241 (2021) Kat:3, Licht: 0","31241","3","3","5","2","10","4","","0","1","1","0","0"
"POINT (6.910035705000041 50.937045236000074)","Unfall 31246 (2021) Kat:3, Licht: 0","31246","3","7","6","9","7","3","","0","0","0","1","0"
"POINT (6.929910345000053 50.936653268000043)","Unfall 31250 (2021) Kat:3, Licht: 0","31250","3","7","7","6","15","4","","0","0","0","0","1"
"POINT (6.920365343000071 50.909090044000038)","Unfall 31251 (2021) Kat:3, Licht: 0","31251","3","7","1","5","15","4","","0","0","1","0","0"
"POINT (6.964281441000026 50.926218523000045)","Unfall 31253 (2021) Kat:3, Licht: 0","31253","3","1","9","9","13","3","","0","0","1","0","0"
"POINT (6.973264608000022 50.956549425000048)","Unfall 31257 (2021) Kat:3, Licht: 0","31257","3","6","3","6","16","2","","0","0","1","0","0"
"POINT (6.925381264000066 50.946202706000065)","Unfall 31260 (2021) Kat:3, Licht: 0","31260","3","4","0","5","16","7","","0","0","0","1","1"
"POINT (6.937958644000048 50.886427920000074)","Unfall 31262 (2021) Kat:3, Licht: 2","31262","3","7","2","11","17","5","","2","0","1","0","0"
"POINT (6.966297534000034 50.930652334000058)","Unfall 31265 (2021) Kat:3, Licht: 0","31265","3","6","2","6","13","3","","0","0","1","0","0"
"POINT (6.954744905000041 50.959230334000040)","Unfall 31268 (2021) Kat:3, Licht: 0","31268","3","3","5","9","14","3","","0","1","0","0","0"
"POINT (6.975129491000075 50.939850901000057)","Unfall 31270 (2021) Kat:3, Licht: 0","31270","3","3","5","9","18","5","","0","0","1","0","0"
"POINT (6.946440647000031 50.891796316000068)","Unfall 31273 (2021) Kat:3, Licht: 2","31273","3","6","2","11","18","5","","2","0","1","0","0"
"POINT (6.939241598000024 50.930279060000032)","Unfall 31275 (2021) Kat:3, Licht: 0","31275","3","3","1","6","17","6","","0","0","1","0","0"
"POINT (6.930232669000077 50.936626779000051)","Unfall 31277 (2021) Kat:3, Licht: 0","31277","3","2","0","6","16","3","","0","1","1","0","0"
"POINT (6.920033049000040 50.948444993000066)","Unfall 31286 (2021) Kat:3, Licht: 0","31286","3","1","0","5","12","2","","0","1","0","0","0"
"POINT (6.898385339000072 50.996018344000049)","Unfall 31294 (2021) Kat:2, Licht: 1","31294","2","6","2","6","4","3","","1","0","1","0","0"
"POINT (6.892073117000052 51.000189906000060)","Unfall 31317 (2021) Kat:3, Licht: 1","31317","3","1","8","2","7","6","","1","0","1","0","0"
"POINT (6.933881623000048 50.964511174000052)","Unfall 31320 (2021) Kat:3, Licht: 0","31320","3","3","5","6","9","5","","0","1","1","0","0"
"POINT (6.958055053000066 50.935416755000062)","Unfall 31323 (2021) Kat:3, Licht: 0","31323","3","2","5","10","12","2","","0","0","1","0","0"
"POINT (6.908170204000044 50.935112960000026)","Unfall 31326 (2021) Kat:3, Licht: 0","31326","3","5","0","6","18","7","","0","1","1","0","0"
"POINT (6.928780018000054 50.936700921000067)","Unfall 31330 (2021) Kat:2, Licht: 2","31330","2","4","6","1","17","4","","2","0","0","1","0"
"POINT (6.940649173000054 50.992668698000045)","Unfall 31331 (2021) Kat:3, Licht: 0","31331","3","2","2","11","11","6","","0","0","1","0","0"
"POINT (6.879674905000059 51.040808129000027)","Unfall 31334 (2021) Kat:3, Licht: 2","31334","3","6","4","1","21","6","","2","0","1","0","0"
"POINT (6.962986957000055 50.935249629000054)","Unfall 31335 (2021) Kat:2, Licht: 0","31335","2","1","8","1","16","2","","0","0","1","0","0"
"POINT (6.983337420000055 50.937329463000026)","Unfall 31336 (2021) Kat:3, Licht: 0","31336","3","1","0","9","14","6","","0","1","0","0","0"
"POINT (6.845594123000069 50.938018022000051)","Unfall 31340 (2021) Kat:2, Licht: 0","31340","2","2","5","7","19","7","","0","0","1","0","0"
"POINT (6.924238750000029 50.933396556000048)","Unfall 31342 (2021) Kat:3, Licht: 0","31342","3","5","6","4","12","4","","0","0","1","1","0"
"POINT (6.911544510000056 50.980212527000049)","Unfall 31350 (2021) Kat:3, Licht: 0","31350","3","6","2","5","16","2","","0","0","1","0","0"
"POINT (6.932262795000042 50.921511231000068)","Unfall 31355 (2021) Kat:3, Licht: 2","31355","3","1","0","12","18","2","","2","0","0","0","1"
"POINT (6.956979011000044 50.950825633000079)","Unfall 31360 (2021) Kat:3, Licht: 0","31360","3","6","2","11","8","3","","0","0","1","0","0"
"POINT (6.895690473000059 50.914697478000051)","Unfall 31363 (2021) Kat:3, Licht: 0","31363","3","3","5","5","13","1","","0","1","0","0","0"
"POINT (6.939960562000067 50.933159518000082)","Unfall 31366 (2021) Kat:3, Licht: 2","31366","3","1","0","9","1","7","","2","0","0","0","0"
"POINT (6.917751883000051 51.019379978000075)","Unfall 31367 (2021) Kat:3, Licht: 0","31367","3","2","4","6","19","5","","0","0","1","0","0"
"POINT (6.906028951000053 50.955734966000080)","Unfall 31376 (2021) Kat:3, Licht: 2","31376","3","1","9","2","1","1","","2","0","1","0","0"
"POINT (6.935546815000066 50.942255580000051)","Unfall 31380 (2021) Kat:3, Licht: 0","31380","3","2","0","9","13","2","","0","1","1","0","0"
"POINT (6.911078006000025 50.936834080000040)","Unfall 31386 (2021) Kat:3, Licht: 0","31386","3","1","0","9","18","4","","0","1","0","0","0"
"POINT (6.914064327000062 50.936745983000037)","Unfall 31389 (2021) Kat:2, Licht: 0","31389","2","2","5","6","8","2","","0","1","1","0","0"
"POINT (6.954177125000058 50.962425724000070)","Unfall 31391 (2021) Kat:3, Licht: 0","31391","3","5","1","5","9","3","","0","1","1","0","0"
"POINT (6.881732421000038 50.937797445000058)","Unfall 31392 (2021) Kat:3, Licht: 0","31392","3","3","5","11","14","3","","0","0","1","0","0"
"POINT (6.849924438000073 50.971832235000079)","Unfall 31400 (2021) Kat:2, Licht: 0","31400","2","6","2","4","13","6","","0","0","1","0","0"
"POINT (6.946090562000052 50.986020966000069)","Unfall 31402 (2021) Kat:3, Licht: 0","31402","3","1","0","6","17","6","","0","1","0","0","0"
"POINT (6.939252300000021 50.930272788000082)","Unfall 31404 (2021) Kat:3, Licht: 0","31404","3","6","2","6","17","4","","0","0","1","0","0"
"POINT (6.930963152000061 50.935487889000058)","Unfall 31406 (2021) Kat:2, Licht: 1","31406","2","1","0","6","22","7","","1","1","0","0","0"
"POINT (6.979998326000043 50.890558719000069)","Unfall 31407 (2021) Kat:3, Licht: 0","31407","3","6","2","11","13","1","","0","0","1","0","0"
"POINT (6.969269023000038 50.936477114000070)","Unfall 31411 (2021) Kat:3, Licht: 0","31411","3","1","7","9","10","7","","0","0","0","0","0"
"POINT (6.916743158000031 50.930920142000048)","Unfall 31415 (2021) Kat:3, Licht: 0","31415","3","6","2","3","15","4","","0","0","1","0","0"
"POINT (6.920444462000034 50.948269925000034)","Unfall 31417 (2021) Kat:3, Licht: 0","31417","3","1","0","9","16","3","","0","1","1","0","0"
"POINT (6.899001683000051 50.903065179000066)","Unfall 31424 (2021) Kat:3, Licht: 2","31424","3","6","3","1","6","3","","2","0","1","0","0"
"POINT (6.953380295000045 50.966365688000053)","Unfall 31426 (2021) Kat:3, Licht: 0","31426","3","5","1","2","9","6","","0","1","1","0","0"
"POINT (6.855452540000044 50.937878363000038)","Unfall 31432 (2021) Kat:3, Licht: 1","31432","3","1","9","11","6","3","","1","1","0","0","0"
"POINT (6.924807905000023 50.934629921000067)","Unfall 31437 (2021) Kat:3, Licht: 2","31437","3","1","0","10","0","1","","2","1","0","0","0"
"POINT (6.911957306000033 50.924266369000065)","Unfall 31445 (2021) Kat:3, Licht: 2","31445","3","1","0","5","1","6","","2","0","0","0","0"
"POINT (6.915637517000050 50.970977888000050)","Unfall 31448 (2021) Kat:3, Licht: 2","31448","3","3","5","12","16","6","","2","1","1","0","0"
"POINT (6.932817484000054 50.948606632000065)","Unfall 31451 (2021) Kat:3, Licht: 0","31451","3","6","3","3","14","4","","0","0","1","0","1"
"POINT (6.958870960000070 50.876454313000067)","Unfall 31455 (2021) Kat:3, Licht: 0","31455","3","5","0","9","16","6","","0","0","1","1","0"
"POINT (6.941225603000021 50.943934454000043)","Unfall 31463 (2021) Kat:3, Licht: 1","31463","3","2","0","7","20","7","","1","1","1","0","0"
"POINT (6.919375112000068 50.948729103000062)","Unfall 31464 (2021) Kat:2, Licht: 0","31464","2","7","6","9","11","4","","0","0","1","1","0"
"POINT (6.962904467000044 50.879003449000038)","Unfall 31466 (2021) Kat:3, Licht: 0","31466","3","4","6","11","13","3","","0","0","1","1","0"