WKT,Name,OBJECTID,UKATEGORIE,UTYP1,UART,UMONAT,USTUNDE,UWOCHENTAG,STRZUSTAND,ULICHTVERH,ISTRAD,ISTPKW,ISTFUSS,ISTKRAD
"POINT (6.852418876000058 50.938107678000051)","Unfall 31468 (2021) Kat:3, Licht: 0","31468","3","2","3","5","10","6","","0","1","1","0","0"
"POINT (6.905844175000027 50.936975725000082)","Unfall 31473 (2021) Kat:3, Licht: 0","31473","3","6","4","11","13","3","","0","1","0","0","0"
"POINT (6.923630379000031 50.957305263000080)","Unfall 31474 (2021) Kat:3, Licht: 0","31474","3","5","1","6","17","5","","0","1","0","0","0"
"POINT (6.937470414000074 50.936489857000026)","Unfall 31476 (2021) Kat:2, Licht: 2","31476","2","1","0","10","6","1","","2","1","0","0","0"
"POINT (6.910554774000047 50.954166545000078)","Unfall 31482 (2021) Kat:2, Licht: 0","31482","2","2","5","10","17","6","","0","1","0","0","0"
"POINT (6.902943830000027 51.037159273000043)","Unfall 31483 (2021) Kat:3, Licht: 0","31483","3","7","0","6","19","1","","0","0","0","0","1"
"POINT (6.951137061000054 50.972875486000078)","Unfall 31484 (2021) Kat:3, Licht: 0","31484","3","3","5","6","13","7","","0","1","0","0","0"
"POINT (6.914481518000059 50.904969780000044)","Unfall 31485 (2021) Kat:3, Licht: 0","31485","3","6","2","9","11","1","","0","0","1","0","0"
"POINT (6.967389135000076 50.892924811000057)","Unfall 31491 (2021) Kat:3, Licht: 0","31491","3","6","2","9","11","5","","0","0","1","0","0"
"POINT (6.974029149000046 50.910921078000058)","Unfall 31495 (2021) Kat:3, Licht: 0","31495","3","1","0","7","6","7","","0","0","0","0","0"
"POINT (6.916880048000053 50.917567934000033)","Unfall 31503 (2021) Kat:3, Licht: 0","31503","3","5","0","12","10","5","","0","1","0","0","0"
"POINT (6.942128845000070 50.944854535000047)","Unfall 31505 (2021) Kat:3, Licht: 2","31505","3","1","0","11","2","2","","2","0","0","0","0"
"POINT (6.933586974000036 50.964659736000044)","Unfall 31507 (2021) Kat:3, Licht: 0","31507","3","3","5","3","16","4","","0","0","1","0","0"
"POINT (6.908936183000037 51.006481752000070)","Unfall 31514 (2021) Kat:3, Licht: 0","31514","3","6","2","10","10","7","","0","0","1","0","0"
"POINT (6.948324524000043 50.935572564000040)","Unfall 31516 (2021) Kat:3, Licht: 0","31516","3","3","5","1","9","5","","0","1","1","1","0"
"POINT (6.952555320000045 51.029575423000040)","Unfall 31517 (2021) Kat:3, Licht: 2","31517","3","6","2","12","19","5","","2","0","1","0","0"
"POINT (6.928522643000065 50.945057166000026)","Unfall 31518 (2021) Kat:3, Licht: 0","31518","3","2","0","11","12","6","","0","1","0","0","0"
"POINT (6.918937076000020 50.952285421000056)","Unfall 31520 (2021) Kat:3, Licht: 2","31520","3","4","6","12","2","6","","2","0","0","1","0"
"POINT (6.924557765000031 50.937261724000052)","Unfall 31530 (2021) Kat:3, Licht: 0","31530","3","2","3","9","16","6","","0","1","1","0","0"
"POINT (6.936930307000068 50.880341639000051)","Unfall 31532 (2021) Kat:2, Licht: 2","31532","2","1","0","11","1","1","","2","1","1","0","0"
"POINT (6.876171848000070 50.924223477000055)","Unfall 31534 (2021) Kat:3, Licht: 2","31534","3","1","0","10","20","6","","2","1","0","0","0"
"POINT (6.912233394000054 50.906543177000060)","Unfall 31538 (2021) Kat:2, Licht: 2","31538","2","3","5","9","22","4","","2","0","1","0","1"
"POINT (6.901370641000028 50.988840343000049)","Unfall 31539 (2021) Kat:3, Licht: 2","31539","3","6","2","12","18","5","","2","0","1","0","0"
"POINT (6.914637242000026 50.948519493000049)","Unfall 31540 (2021) Kat:3, Licht: 0","31540","3","2","2","9","18","7","","0","0","1","0","0"
"POINT (6.954370354000048 50.961588694000056)","Unfall 31542 (2021) Kat:3, Licht: 2","31542","3","5","3","4","23","6","","2","1","1","0","0"
"POINT (6.932368029000031 50.948424725000052)","Unfall 31543 (2021) Kat:3, Licht: 1","31543","3","3","5","9","7","3","","1","1","1","0","0"
"POINT (6.974707846000058 50.956619186000069)","Unfall 31549 (2021) Kat:3, Licht: 0","31549","3","6","0","6","11","2","","0","0","1","0","0"
"POINT (6.928279132000057 50.863595909000026)","Unfall 31553 (2021) Kat:3, Licht: 0","31553","3","2","5","4","18","7","","0","0","1","0","1"
"POINT (6.940196647000050 50.941616892000070)","Unfall 31554 (2021) Kat:3, Licht: 2","31554","3","1","0","9","5","7","","2","0","0","0","0"
"POINT (6.962294738000026 50.936260046000029)","Unfall 31557 (2021) Kat:3, Licht: 0","31557","3","7","7","5","13","1","","0","1","0","0","0"
"POINT (6.850845028000037 50.962885457000027)","Unfall 31559 (2021) Kat:3, Licht: 2","31559","3","6","2","12","17","3","","2","0","1","0","0"
"POINT (6.968861128000071 50.955862490000072)","Unfall 31561 (2021) Kat:3, Licht: 0","31561","3","2","4","5","18","1","","0","0","1","0","0"
"POINT (6.905459031000021 50.894666422000057)","Unfall 31564 (2021) Kat:3, Licht: 2","31564","3","6","1","10","7","5","","2","0","1","0","0"
"POINT (6.894465513000057 50.937405943000044)","Unfall 31565 (2021) Kat:3, Licht: 2","31565","3","6","2","11","19","4","","2","0","1","0","0"
"POINT (6.922009833000061 50.913332390000051)","Unfall 31566 (2021) Kat:3, Licht: 0","31566","3","6","0","9","11","1","","0","0","1","1","0"
"POINT (6.935419250000052 50.877406548000067)","Unfall 31568 (2021) Kat:3, Licht: 0","31568","3","2","2","9","7","2","","0","0","1","0","1"
"POINT (6.962089687000059 50.930113459000040)","Unfall 31572 (2021) Kat:3, Licht: 0","31572","3","1","7","5","16","1","","0","0","0","0","0"
"POINT (6.953986787000076 50.963261612000053)","Unfall 31578 (2021) Kat:3, Licht: 0","31578","3","5","7","5","14","2","","0","1","1","0","0"
"POINT (6.882202617000075 50.937785392000080)","Unfall 31579 (2021) Kat:3, Licht: 0","31579","3","6","3","11","10","5","","0","0","0","0","1"
"POINT (6.886255676000076 50.934106508000070)","Unfall 31581 (2021) Kat:3, Licht: 2","31581","3","6","3","11","19","1","","2","1","1","0","0"
"POINT (6.973563840000054 50.955816999000035)","Unfall 31586 (2021) Kat:3, Licht: 0","31586","3","4","6","12","16","6","","0","0","0","1","0"
"POINT (6.849782154000025 50.978303442000026)","Unfall 31587 (2021) Kat:3, Licht: 0","31587","3","6","2","5","17","5","","0","0","1","0","0"
"POINT (6.926197662000050 50.941663222000045)","Unfall 31590 (2021) Kat:3, Licht: 0","31590","3","6","2","6","7","4","","0","0","1","0","0"
"POINT (6.977916191000077 50.925789510000072)","Unfall 31594 (2021) Kat:3, Licht: 0","31594","3","3","5","6","14","5","","0","1","1","0","0"
"POINT (6.835492982000062 50.927853738000067)","Unfall 31596 (2021) Kat:3, Licht: 0","31596","3","6","2","9","8","4","","0","0","1","0","0"
"POINT (6.912859859000037 50.936952451000082)","Unfall 31599 (2021) Kat:3, Licht: 0","31599","3","2","5","12","9","5","","0","0","1","0","0"
"POINT (6.871674259000031 50.976356248000059)","Unfall 31606 (2021) Kat:3, Licht: 0","31606","3","6","2","4","12","5","","0","0","1","0","0"
"POINT (6.898340458000064 50.996054645000072)","Unfall 31610 (2021) Kat:3, Licht: 0","31610","3","2","3","4","18","5","","0","1","1","0","0"
"POINT (6.941430183000023 50.929220574000055)","Unfall 31614 (2021) Kat:3, Licht: 0","31614","3","3","5","6","11","5","","0","1","1","0","0"
"POINT (6.925637229000074 50.939795506000053)","Unfall 31624 (2021) Kat:3, Licht: 0","31624","3","6","2","5","19","4","","0","0","1","0","0"
"POINT (6.938324300000033 50.930816665000066)","Unfall 31626 (2021) Kat:3, Licht: 0","31626","3","1","0","3","13","5","","0","1","0","0","0"
"POINT (6.933021824000036 50.920816562000027)","Unfall 31638 (2021) Kat:3, Licht: 1","31638","3","7","0","6","21","6","","1","0","1","0","0"
"POINT (6.968137838000075 50.862219389000074)","Unfall 31639 (2021) Kat:3, Licht: 2","31639","3","1","9","10","19","6","","2","0","1","0","0"
"POINT (6.946518388000072 50.850477790000070)","Unfall 31648 (2021) Kat:3, Licht: 0","31648","3","6","2","11","16","7","","0","0","1","0","0"
"POINT (6.927601297000024 50.895833429000049)","Unfall 31649 (2021) Kat:2, Licht: 0","31649","2","2","4","6","17","7","","0","0","1","0","1"
"POINT (6.939694928000051 50.927349849000052)","Unfall 31650 (2021) Kat:2, Licht: 2","31650","2","1","9","12","0","1","","2","0","0","0","1"
"POINT (6.916994267000064 50.905794931000059)","Unfall 31651 (2021) Kat:3, Licht: 0","31651","3","6","3","4","16","5","","0","1","0","0","0"
"POINT (6.851651697000023 51.047746337000035)","Unfall 31655 (2021) Kat:3, Licht: 0","31655","3","6","6","6","16","5","","0","0","1","0","0"
"POINT (6.923816611000063 50.936760945000060)","Unfall 31661 (2021) Kat:3, Licht: 0","31661","3","6","0","9","11","2","","0","0","1","0","1"
"POINT (6.936430633000043 50.941764625000076)","Unfall 31663 (2021) Kat:3, Licht: 0","31663","3","2","3","6","9","5","","0","0","0","0","0"
"POINT (6.910953093000046 51.008458368000049)","Unfall 31669 (2021) Kat:3, Licht: 0","31669","3","1","9","11","16","7","","0","0","1","0","0"
"POINT (6.902310616000022 50.998669893000056)","Unfall 31670 (2021) Kat:3, Licht: 2","31670","3","2","4","10","19","7","","2","0","1","0","0"
"POINT (6.950876604000030 50.973478948000036)","Unfall 31671 (2021) Kat:3, Licht: 0","31671","3","3","9","7","14","5","","0","0","1","0","1"
"POINT (6.866147138000031 50.937974828000051)","Unfall 31679 (2021) Kat:3, Licht: 1","31679","3","6","3","12","18","3","","1","0","1","0","0"
"POINT (6.830118886000037 50.928794772000060)","Unfall 31683 (2021) Kat:2, Licht: 2","31683","2","1","9","5","23","2","","2","0","1","0","0"
"POINT (6.945538379000027 50.986801670000034)","Unfall 31684 (2021) Kat:2, Licht: 1","31684","2","4","6","4","18","7","","1","0","1","1","0"
"POINT (6.926672390000022 50.942850695000061)","Unfall 31686 (2021) Kat:3, Licht: 0","31686","3","5","1","5","14","6","","0","0","1","0","0"
"POINT (6.931289088000028 50.947536243000059)","Unfall 31689 (2021) Kat:3, Licht: 2","31689","3","6","2","9","22","3","","2","0","1","0","0"
"POINT (6.865368919000048 51.065021418000072)","Unfall 31691 (2021) Kat:2, Licht: 2","31691","2","1","7","9","23","5","","2","0","0","0","1"
"POINT (6.968750772000021 50.884723663000045)","Unfall 31693 (2021) Kat:3, Licht: 0","31693","3","6","2","12","7","4","","0","0","1","0","0"
"POINT (6.962177170000075 50.942005059000053)","Unfall 31704 (2021) Kat:2, Licht: 0","31704","2","3","5","7","11","7","","0","0","1","0","0"
"POINT (6.909216165000032 50.954688065000028)","Unfall 31705 (2021) Kat:3, Licht: 0","31705","3","4","6","1","14","5","","0","0","1","1","0"
"POINT (6.953929463000065 50.963521451000076)","Unfall 31710 (2021) Kat:3, Licht: 0","31710","3","4","6","2","15","7","","0","1","0","1","0"
"POINT (6.955105528000047 51.007044918000076)","Unfall 31716 (2021) Kat:3, Licht: 2","31716","3","7","8","1","21","3","","2","0","1","0","0"
"POINT (6.863598956000033 50.937822666000045)","Unfall 31726 (2021) Kat:2, Licht: 0","31726","2","1","0","10","13","6","","0","1","0","0","0"
"POINT (6.912858051000057 50.945006189000026)","Unfall 31731 (2021) Kat:3, Licht: 0","31731","3","2","4","10","11","6","","0","1","1","0","0"
"POINT (6.979451915000027 50.849500656000032)","Unfall 31742 (2021) Kat:2, Licht: 2","31742","2","2","3","12","17","2","","2","1","0","0","1"
"POINT (6.969335658000034 50.864804050000032)","Unfall 31745 (2021) Kat:2, Licht: 0","31745","2","6","2","5","13","2","","0","0","1","0","0"
"POINT (6.935792757000058 50.923419978000027)","Unfall 31752 (2021) Kat:3, Licht: 1","31752","3","3","5","10","18","2","","1","1","1","0","0"
"POINT (6.899564698000063 50.957977485000072)","Unfall 31758 (2021) Kat:2, Licht: 0","31758","2","1","0","9","18","7","","0","0","0","0","1"
"POINT (6.949007072000029 50.955288409000048)","Unfall 31759 (2021) Kat:3, Licht: 2","31759","3","1","0","11","3","7","","2","1","0","0","0"
"POINT (6.966553166000040 50.903974633000075)","Unfall 31763 (2021) Kat:3, Licht: 0","31763","3","3","5","10","11","5","","0","1","1","0","0"
"POINT (6.854581520000067 50.976873010000077)","Unfall 31766 (2021) Kat:3, Licht: 0","31766","3","3","5","9","12","7","","0","0","1","0","0"
"POINT (6.954830082000058 50.998625606000076)","Unfall 31767 (2021) Kat:2, Licht: 0","31767","2","1","0","10","14","1","","0","1","0","0","0"
"POINT (6.849388629000032 50.941759273000059)","Unfall 31770 (2021) Kat:2, Licht: 0","31770","2","6","2","11","15","6","","0","0","1","0","0"
"POINT (6.939134181000043 50.935396253000079)","Unfall 31774 (2021) Kat:3, Licht: 0","31774","3","6","0","11","13","2","","0","0","1","0","0"
"POINT (6.977599818000044 50.934712292000029)","Unfall 31777 (2021) Kat:3, Licht: 0","31777","3","3","5","9","10","2","","0","1","1","0","0"
"POINT (6.912681321000036 50.897063015000072)","Unfall 31782 (2021) Kat:3, Licht: 0","31782","3","6","2","11","11","3","","0","0","1","0","0"
"POINT (6.960649678000038 50.877554953000072)","Unfall 31790 (2021) Kat:3, Licht: 0","31790","3","1","0","7","9","2","","0","0","0","0","1"
"POINT (6.978112074000023 50.925587894000046)","Unfall 31791 (2021) Kat:3, Licht: 2","31791","3","1","8","6","1","4","","2","0","0","0","1"
"POINT (6.952504875000045 50.924142095000036)","Unfall 31795 (2021) Kat:2, Licht: 2","31795","2","1","0","12","0","7","","2","0","0","0","0"
"POINT (6.940920580000068 50.953769972000032)","Unfall 31797 (2021) Kat:3, Licht: 0","31797","3","6","2","11","15","3","","0","0","1","0","0"
"POINT (6.982931522000058 50.944284351000078)","Unfall 31801 (2021) Kat:3, Licht: 0","31801","3","2","5","10","15","6","","0","0","0","0","0"
"POINT (6.971764726000060 50.938764112000058)","Unfall 31804 (2021) Kat:3, Licht: 2","31804","3","6","3","2","21","6","","2","0","1","0","0"
"POINT (6.925418301000036 50.939667634000045)","Unfall 31807 (2021) Kat:3, Licht: 0","31807","3","3","5","2","10","5","","0","1","1","0","0"
"POINT (6.915509667000038 50.949306842000055)","Unfall 31817 (2021) Kat:3, Licht: 2","31817","3","1","9","10","3","7","","2","0","0","0","0"
"POINT (6.932755773000054 50.920931503000077)","Unfall 31820 (2021) Kat:3, Licht: 0","31820","3","3","5","10","16","3","","0","0","1","0","0"
"POINT (6.977295516000027 50.953450333000035)","Unfall 31826 (2021) Kat:3, Licht: 0","31826","3","1","0","2","14","4","","0","1","0","0","0"
"POINT (6.896759181000050 50.994890635000047)","Unfall 31830 (2021) Kat:3, Licht: 0","31830","3","1","9","9","11","4","","0","0","1","0","1"
"POINT (6.927419585000052 50.861944581000046)","Unfall 31832 (2021) Kat:3, Licht: 0","31832","3","2","5","4","19","4","","0","1","1","0","0"
"POINT (6.980781520000050 50.951227671000026)","Unfall 31837 (2021) Kat:3, Licht: 0","31837","3","6","2","11","7","5","","0","0","1","0","0"
"POINT (6.844450566000035 50.938273129000038)","Unfall 31841 (2021) Kat:2, Licht: 0","31841","2","4","6","9","13","1","","0","0","1","1","0"
"POINT (6.936274157000071 50.931962225000063)","Unfall 31846 (2021) Kat:3, Licht: 0","31846","3","6","2","10","14","3","","0","0","1","0","1"
"POINT (6.910383466000042 50.954271073000029)","Unfall 31851 (2021) Kat:3, Licht: 2","31851","3","4","6","2","18","4","","2","0","0","1","0"
"POINT (6.954052432000026 50.962966387000051)","Unfall 31856 (2021) Kat:3, Licht: 0","31856","3","5","3","4","6","6","","0","0","1","0","1"
"POINT (6.932136002000050 50.935488366000072)","Unfall 31857 (2021) Kat:3, Licht: 0","31857","3","1","0","10","17","3","","0","1","0","0","0"
"POINT (6.956610533000060 50.922296692000032)","Unfall 31862 (2021) Kat:3, Licht: 0","31862","3","7","5","6","15","4","","0","0","1","0","0"
"POINT (6.830071585000042 50.964331170000037)","Unfall 31864 (2021) Kat:3, Licht: 0","31864","3","3","5","2","15","1","","0","1","1","0","0"
"POINT (6.969594337000046 50.883060824000040)","Unfall 31875 (2021) Kat:3, Licht: 2","31875","3","2","2","11","18","5","","2","0","1","0","0"
"POINT (6.904842058000042 50.977118126000050)","Unfall 31878 (2021) Kat:2, Licht: 2","31878","2","2","5","7","21","2","","2","0","1","0","0"
"POINT (6.934555434000060 50.936530422000033)","Unfall 31882 (2021) Kat:2, Licht: 2","31882","2","3","5","10","22","7","","2","0","1","0","0"
"POINT (6.897751597000024 50.958808952000027)","Unfall 31888 (2021) Kat:3, Licht: 0","31888","3","6","3","5","15","6","","0","0","1","0","1"
"POINT (6.949054812000043 50.874849366000035)","Unfall 31889 (2021) Kat:3, Licht: 0","31889","3","2","5","4","14","6","","0","0","1","0","0"
"POINT (6.965691016000051 50.924824952000051)","Unfall 31892 (2021) Kat:2, Licht: 2","31892","2","1","7","9","14","1","","2","0","0","0","0"
"POINT (6.955696110000076 50.957189916000061)","Unfall 31896 (2021) Kat:3, Licht: 0","31896","3","1","2","10","17","3","","0","0","1","0","0"
"POINT (6.816705728000045 50.938621487000034)","Unfall 31900 (2021) Kat:3, Licht: 0","31900","3","5","1","1","15","4","","0","0","1","0","0"
"POINT (6.944775001000039 51.025588883000069)","Unfall 31901 (2021) Kat:3, Licht: 1","31901","3","1","0","12","16","2","","1","0","0","0","1"
"POINT (6.937645842000052 50.931204438000066)","Unfall 31903 (2021) Kat:2, Licht: 2","31903","2","1","0","10","2","5","","2","0","0","0","0"
"POINT (6.913355455000044 50.952373672000078)","Unfall 31910 (2021) Kat:3, Licht: 0","31910","3","6","2","4","15","5","","0","1","1","0","0"
"POINT (6.916289995000056 50.936676391000049)","Unfall 31912 (2021) Kat:3, Licht: 0","31912","3","5","1","12","13","2","","0","0","1","0","0"
"POINT (6.932654475000049 50.948660297000060)","Unfall 31916 (2021) Kat:3, Licht: 0","31916","3","6","2","3","17","3","","0","0","1","0","0"
"POINT (6.872605951000025 51.011143577000041)","Unfall 31917 (2021) Kat:2, Licht: 0","31917","2","1","9","9","13","6","","0","0","0","0","0"
"POINT (6.948280294000028 50.893957382000053)","Unfall 31924 (2021) Kat:3, Licht: 2","31924","3","2","2","10","19","7","","2","0","1","0","0"
"POINT (6.952207301000044 50.935413728000071)","Unfall 31925 (2021) Kat:3, Licht: 0","31925","3","2","5","4","8","2","","0","1","0","0","0"
"POINT (6.941135814000063 50.905242646000033)","Unfall 31927 (2021) Kat:3, Licht: 0","31927","3","1","9","6","7","6","","0","0","0","0","0"
"POINT (6.853551969000023 50.977080580000063)","Unfall 31933 (2021) Kat:3, Licht: 1","31933","3","2","2","3","18","6","","1","0","1","0","0"
"POINT (6.971548677000044 50.850042632000054)","Unfall 31935 (2021) Kat:3, Licht: 1","31935","3","6","3","5","20","7","","1","1","0","0","0"
"POINT (6.924461615000041 50.936550996000051)","Unfall 31938 (2021) Kat:3, Licht: 2","31938","3","3","5","11","17","7","","2","1","1","0","0"
"POINT (6.877716596000027 50.998685273000035)","Unfall 31942 (2021) Kat:2, Licht: 0","31942","2","4","0","10","15","6","","0","1","0","1","0"
"POINT (6.912217670000075 50.906551390000061)","Unfall 31946 (2021) Kat:2, Licht: 1","31946","2","2","5","2","17","6","","1","0","1","0","0"
"POINT (6.932173241000044 50.871095833000027)","Unfall 31951 (2021) Kat:3, Licht: 2","31951","3","1","8","12","1","4","","2","0","1","0","0"
"POINT (6.956187682000063 50.935171072000060)","Unfall 31956 (2021) Kat:2, Licht: 0","31956","2","7","6","7","14","4","","0","0","1","1","0"
"POINT (6.895313605000069 50.925286878000065)","Unfall 31959 (2021) Kat:2, Licht: 0","31959","2","2","5","6","15","4","","0","1","1","0","0"
"POINT (6.947522416000027 50.954616097000041)","Unfall 31960 (2021) Kat:3, Licht: 1","31960","3","6","3","10","7","5","","1","0","1","0","1"
"POINT (6.928338091000057 50.945072929000048)","Unfall 31961 (2021) Kat:3, Licht: 2","31961","3","2","5","1","17","6","","2","1","1","0","0"
"POINT (6.918064840000056 50.916021555000043)","Unfall 31963 (2021) Kat:3, Licht: 0","31963","3","6","3","5","13","4","","0","0","1","0","0"
"POINT (6.978516428000034 50.930656693000060)","Unfall 31970 (2021) Kat:3, Licht: 0","31970","3","1","9","9","18","2","","0","0","1","0","0"
"POINT (6.908091337000030 50.931228719000046)","Unfall 31972 (2021) Kat:3, Licht: 2","31972","3","2","5","11","18","1","","2","1","1","0","0"
"POINT (6.948857519000057 50.925219237000078)","Unfall 31974 (2021) Kat:3, Licht: 0","31974","3","5","1","12","14","4","","0","1","1","0","0"
"POINT (6.928904432000024 50.957421278000027)","Unfall 31976 (2021) Kat:3, Licht: 0","31976","3","6","2","3","11","6","","0","0","1","0","0"
"POINT (6.879565176000028 50.993468268000072)","Unfall 31979 (2021) Kat:3, Licht: 0","31979","3","6","2","6","18","6","","0","0","1","0","0"
"POINT (6.971650153000041 50.938341870000045)","Unfall 31984 (2021) Kat:2, Licht: 0","31984","2","1","8","7","21","2","","0","0","0","0","1"
"POINT (6.923732727000072 50.957407726000042)","Unfall 31987 (2021) Kat:3, Licht: 2","31987","3","1","6","10","19","7","","2","0","0","1","0"
"POINT (6.936885211000060 50.931624711000040)","Unfall 31989 (2021) Kat:2, Licht: 0","31989","2","4","6","12","13","3","","0","0","1","1","0"
"POINT (6.911772843000051 50.953396863000080)","Unfall 31994 (2021) Kat:3, Licht: 0","31994","3","7","5","9","14","7","","0","1","1","0","0"
"POINT (6.901256804000070 50.982247361000077)","Unfall 31995 (2021) Kat:3, Licht: 0","31995","3","3","5","6","14","7","","0","0","1","0","0"
"POINT (6.915453052000032 50.904195114000061)","Unfall 31997 (2021) Kat:3, Licht: 0","31997","3","7","0","11","15","3","","0","0","1","0","0"
"POINT (6.888472363000062 50.929347624000059)","Unfall 31998 (2021) Kat:3, Licht: 0","31998","3","6","2","3","16","3","","0","0","1","0","0"
"POINT (6.884748514000023 50.935445130000062)","Unfall 32001 (2021) Kat:3, Licht: 2","32001","3","6","2","12","21","7","","2","0","1","0","0"
"POINT (6.967806588000030 50.883315680000067)","Unfall 32002 (2021) Kat:3, Licht: 2","32002","3","7","2","3","20","4","","2","0","1","0","0"
"POINT (6.869254587000057 50.968881921000047)","Unfall 32003 (2021) Kat:2, Licht: 2","32003","2","1","9","2","1","1","","2","0","1","0","0"
"POINT (6.956187682000063 50.935171072000060)","Unfall 32005 (2021) Kat:3, Licht: 0","32005","3","7","3","3","13","7","","0","0","0","0","0"
"POINT (6.927957976000073 50.959676720000061)","Unfall 32010 (2021) Kat:3, Licht: 0","32010","3","2","5","9","17","4","","0","1","1","0","0"
"POINT (6.939968103000069 50.940536093000048)","Unfall 32011 (2021) Kat:3, Licht: 1","32011","3","6","2","10","20","6","","1","0","0","0","0"
"POINT (6.935557644000028 50.942249562000029)","Unfall 32026 (2021) Kat:3, Licht: 0","32026","3","3","0","4","16","3","","0","1","0","0","0"
"POINT (6.826427726000077 50.938555461000078)","Unfall 32030 (2021) Kat:2, Licht: 2","32030","2","2","5","12","19","5","","2","0","0","0","0"
"POINT (6.951388414000064 50.930703619000042)","Unfall 32033 (2021) Kat:3, Licht: 1","32033","3","7","3","6","22","5","","1","0","0","0","1"
"POINT (6.954835879000029 50.998772515000041)","Unfall 32041 (2021) Kat:3, Licht: 0","32041","3","1","0","11","13","2","","0","1","0","0","0"
"POINT (6.969147029000055 50.918501216000038)","Unfall 32055 (2021) Kat:3, Licht: 0","32055","3","1","0","9","14","6","","0","1","0","0","0"
"POINT (6.934415145000060 50.933004252000046)","Unfall 32062 (2021) Kat:3, Licht: 0","32062","3","2","5","10","17","4","","0","0","1","0","0"
"POINT (6.873235155000032 51.010498376000044)","Unfall 32064 (2021) Kat:2, Licht: 0","32064","2","6","2","5","15","5","","0","0","1","0","0"
"POINT (6.953529049000053 50.965496381000037)","Unfall 32070 (2021) Kat:3, Licht: 0","32070","3","6","6","4","10","3","","0","1","0","1","0"
"POINT (6.881360551000057 51.004294511000069)","Unfall 32072 (2021) Kat:3, Licht: 1","32072","3","6","3","11","6","2","","1","0","1","0","0"
"POINT (6.972922738000022 50.956197875000043)","Unfall 32077 (2021) Kat:3, Licht: 0","32077","3","6","3","3","15","3","","0","0","1","0","0"
"POINT (6.925586736000071 50.932118941000056)","Unfall 32080 (2021) Kat:3, Licht: 0","32080","3","6","2","6","14","3","","0","0","1","0","0"
"POINT (6.912857932000065 50.945005194000032)","Unfall 32088 (2021) Kat:3, Licht: 0","32088","3","2","5","9","12","2","","0","0","1","0","0"
"POINT (6.916920257000072 51.011751226000058)","Unfall 32090 (2021) Kat:3, Licht: 0","32090","3","6","2","5","16","4","","0","0","1","0","0"
"POINT (6.892066761000024 50.992144701000029)","Unfall 32091 (2021) Kat:3, Licht: 0","32091","3","2","3","5","14","2","","0","0","1","0","0"
"POINT (6.943646581000053 50.970007735000081)","Unfall 32092 (2021) Kat:3, Licht: 0","32092","3","1","9","5","17","3","","0","0","1","0","0"
"POINT (6.932757056000071 50.920932765000032)","Unfall 32094 (2021) Kat:3, Licht: 0","32094","3","2","3","2","13","1","","0","0","1","0","0"
"POINT (6.869349691000025 51.000782188000073)","Unfall 32095 (2021) Kat:3, Licht: 0","32095","3","2","4","11","15","2","","0","0","1","0","1"
"POINT (6.957799861000069 50.957668420000061)","Unfall 32097 (2021) Kat:3, Licht: 0","32097","3","3","5","4","16","3","","0","0","1","0","0"
"POINT (6.948712666000063 50.935513298000046)","Unfall 32102 (2021) Kat:3, Licht: 2","32102","3","4","6","12","16","2","","2","0","0","1","1"
"POINT (6.952444917000037 50.969833839000046)","Unfall 32103 (2021) Kat:3, Licht: 0","32103","3","2","5","9","11","2","","0","1","1","0","0"
"POINT (6.928794828000036 50.916802786000062)","Unfall 32104 (2021) Kat:2, Licht: 0","32104","2","2","3","5","8","6","","0","0","1","0","0"
"POINT (6.940702301000044 50.953749368000047)","Unfall 32105 (2021) Kat:3, Licht: 0","32105","3","6","2","4","18","6","","0","0","1","0","1"
"POINT (6.919639620000055 50.952972169000077)","Unfall 32106 (2021) Kat:2, Licht: 2","32106","2","1","0","6","1","7","","2","0","0","0","0"
"POINT (6.964093386000059 50.879945961000033)","Unfall 32109 (2021) Kat:3, Licht: 0","32109","3","2","6","11","9","4","","0","0","1","1","0"
"POINT (6.983258992000060 50.937320028000045)","Unfall 32110 (2021) Kat:3, Licht: 0","32110","3","3","5","9","13","4","","0","1","1","0","0"
"POINT (6.937307721000025 50.925105971000050)","Unfall 32118 (2021) Kat:3, Licht: 0","32118","3","3","0","4","9","5","","0","1","1","0","0"
"POINT (6.833338806000029 50.938391813000067)","Unfall 32121 (2021) Kat:3, Licht: 0","32121","3","2","5","3","15","4","","0","0","1","0","0"
"POINT (6.942782587000067 50.969080109000060)","Unfall 32128 (2021) Kat:3, Licht: 0","32128","3","6","4","5","17","7","","0","1","0","0","0"
"POINT (6.883044783000059 50.939733232000037)","Unfall 32130 (2021) Kat:3, Licht: 0","32130","3","1","1","9","15","6","","0","0","1","0","0"
"POINT (6.956715754000072 50.903831467000032)","Unfall 32134 (2021) Kat:3, Licht: 0","32134","3","3","5","9","7","5","","0","1","1","0","0"
"POINT (6.974759286000051 50.893919685000071)","Unfall 32135 (2021) Kat:3, Licht: 0","32135","3","7","5","9","15","3","","0","0","1","0","0"
"POINT (6.927641813000037 50.960233014000039)","Unfall 32139 (2021) Kat:3, Licht: 0","32139","3","6","2","10","14","6","","0","0","1","0","0"
"POINT (6.917039779000049 50.970015761000070)","Unfall 32141 (2021) Kat:3, Licht: 0","32141","3","6","2","3","10","2","","0","0","1","0","0"
"POINT (6.962564688000043 50.950006532000032)","Unfall 32143 (2021) Kat:3, Licht: 0","32143","3","1","0","6","15","2","","0","0","0","0","0"