WKT,Name,OBJECTID,UKATEGORIE,UTYP1,UART,UMONAT,USTUNDE,UWOCHENTAG,STRZUSTAND,ULICHTVERH,ISTRAD,ISTPKW,ISTFUSS,ISTKRAD
"POINT (6.895339115000070 50.959943709000072)","Unfall 32151 (2021) Kat:3, Licht: 2","32151","3","3","5","12","17","5","","2","1","1","0","0"
"POINT (6.962757407000026 50.928495507000036)","Unfall 32158 (2021) Kat:3, Licht: 0","32158","3","3","5","5","17","2","","0","1","1","0","0"
"POINT (6.911047422000024 50.940211199000032)","Unfall 32159 (2021) Kat:3, Licht: 0","32159","3","3","0","6","18","2","","0","1","1","0","0"
"POINT (6.954014626000060 50.873524443000065)","Unfall 32164 (2021) Kat:3, Licht: 0","32164","3","3","5","4","13","3","","0","1","1","0","0"
"POINT (6.882368111000062 50.988867176000042)","Unfall 32165 (2021) Kat:3, Licht: 2","32165","3","7","9","10","5","6","","2","0","1","0","0"
"POINT (6.983555697000043 50.921551401000045)","Unfall 32168 (2021) Kat:3, Licht: 0","32168","3","6","2","1","9","5","","0","0","1","0","0"
"POINT (6.843371187000059 50.980763382000077)","Unfall 32171 (2021) Kat:3, Licht: 0","32171","3","6","2","11","7","6","","0","0","1","0","0"
"POINT (6.973889216000032 50.887456563000057)","Unfall 32172 (2021) Kat:3, Licht: 0","32172","3","6","2","11","9","4","","0","0","1","0","0"
"POINT (6.850148316000059 50.976046726000050)","Unfall 32173 (2021) Kat:3, Licht: 0","32173","3","6","2","4","10","6","","0","0","1","0","0"
"POINT (6.945796731000030 50.926504798000053)","Unfall 32175 (2021) Kat:3, Licht: 0","32175","3","1","0","7","0","5","","0","0","0","0","0"
"POINT (6.926756251000029 50.942662885000061)","Unfall 32176 (2021) Kat:3, Licht: 0","32176","3","2","2","11","12","4","","0","0","1","0","0"
"POINT (6.865662090000058 50.970879665000041)","Unfall 32181 (2021) Kat:3, Licht: 2","32181","3","6","2","9","5","3","","2","0","1","0","0"
"POINT (6.912978873000043 50.952615458000082)","Unfall 32186 (2021) Kat:3, Licht: 1","32186","3","1","0","5","20","7","","1","1","0","0","0"
"POINT (6.916886941000030 50.950429801000041)","Unfall 32188 (2021) Kat:3, Licht: 0","32188","3","1","0","5","6","5","","0","0","0","0","0"
"POINT (6.921246189000044 50.947934363000059)","Unfall 32190 (2021) Kat:3, Licht: 0","32190","3","2","3","12","13","7","","0","1","0","0","0"
"POINT (6.907815731000028 50.927389344000062)","Unfall 32203 (2021) Kat:3, Licht: 0","32203","3","4","6","7","12","2","","0","0","1","1","0"
"POINT (6.935104337000041 50.932614356000045)","Unfall 32207 (2021) Kat:3, Licht: 1","32207","3","1","0","6","5","1","","1","0","0","0","0"
"POINT (6.850515585000039 50.958403661000034)","Unfall 32226 (2021) Kat:3, Licht: 0","32226","3","6","2","5","14","6","","0","0","1","0","0"
"POINT (6.835018614000035 51.005260920000069)","Unfall 32235 (2021) Kat:3, Licht: 0","32235","3","6","2","10","10","1","","0","1","1","0","0"
"POINT (6.903777830000024 50.956472812000072)","Unfall 32240 (2021) Kat:3, Licht: 0","32240","3","1","0","12","9","4","","0","1","0","0","0"
"POINT (6.920333306000032 50.932098447000044)","Unfall 32242 (2021) Kat:3, Licht: 0","32242","3","2","0","5","18","4","","0","1","1","0","0"
"POINT (6.909949918000052 50.938715851000040)","Unfall 32248 (2021) Kat:3, Licht: 0","32248","3","5","0","3","10","5","","0","1","1","0","0"
"POINT (6.898601035000070 51.043015422000053)","Unfall 32249 (2021) Kat:3, Licht: 0","32249","3","1","9","5","5","7","","0","0","1","0","0"
"POINT (6.953615372000058 50.965048287000059)","Unfall 32251 (2021) Kat:3, Licht: 1","32251","3","2","3","1","17","6","","1","1","1","0","0"
"POINT (6.929772937000052 50.925901598000053)","Unfall 32252 (2021) Kat:3, Licht: 0","32252","3","6","3","11","7","3","","0","1","0","0","0"
"POINT (6.920835808000049 50.914095704000033)","Unfall 32253 (2021) Kat:3, Licht: 2","32253","3","2","5","5","20","6","","2","0","1","0","0"
"POINT (6.840151402000060 51.046861636000074)","Unfall 32259 (2021) Kat:2, Licht: 0","32259","2","1","0","9","13","7","","0","1","0","0","0"
"POINT (6.971711776000063 50.904811316000064)","Unfall 32260 (2021) Kat:3, Licht: 2","32260","3","7","0","11","17","2","","2","1","0","1","0"
"POINT (6.939034910000032 50.968021559000078)","Unfall 32265 (2021) Kat:3, Licht: 0","32265","3","7","0","3","10","3","","0","0","0","0","0"
"POINT (6.913410346000035 50.929609633000041)","Unfall 32271 (2021) Kat:3, Licht: 0","32271","3","1","0","10","15","7","","0","0","0","0","0"
"POINT (6.903139814000042 50.956684449000079)","Unfall 32272 (2021) Kat:3, Licht: 0","32272","3","2","3","10","14","2","","0","1","1","0","0"
"POINT (6.916839865000043 50.916998830000068)","Unfall 32274 (2021) Kat:3, Licht: 2","32274","3","3","5","12","7","2","","2","1","1","0","0"
"POINT (6.942529127000057 50.968624800000043)","Unfall 32276 (2021) Kat:3, Licht: 0","32276","3","1","9","10","9","3","","0","0","1","0","0"
"POINT (6.908856614000058 50.927840038000056)","Unfall 32285 (2021) Kat:3, Licht: 2","32285","3","2","2","10","17","2","","2","0","1","0","0"
"POINT (6.897434557000054 50.925799601000051)","Unfall 32286 (2021) Kat:2, Licht: 2","32286","2","1","0","3","6","4","","2","0","0","0","1"
"POINT (6.941387079000037 50.935861130000035)","Unfall 32290 (2021) Kat:3, Licht: 0","32290","3","1","0","9","11","2","","0","0","1","0","0"
"POINT (6.918444888000067 50.916070179000030)","Unfall 32291 (2021) Kat:3, Licht: 0","32291","3","2","5","9","15","5","","0","0","1","0","0"
"POINT (6.980421304000060 50.904030233000071)","Unfall 32295 (2021) Kat:3, Licht: 0","32295","3","6","0","9","13","2","","0","0","1","0","1"
"POINT (6.844308957000067 50.938092536000056)","Unfall 32299 (2021) Kat:2, Licht: 0","32299","2","3","0","9","9","4","","0","0","0","0","0"
"POINT (6.923770679000029 50.957445722000045)","Unfall 32301 (2021) Kat:3, Licht: 2","32301","3","4","8","12","1","7","","2","0","1","1","1"
"POINT (6.937477012000045 50.936489697000070)","Unfall 32303 (2021) Kat:3, Licht: 0","32303","3","6","3","4","17","5","","0","0","1","0","1"
"POINT (6.876052274000074 50.968138613000065)","Unfall 32305 (2021) Kat:2, Licht: 0","32305","2","5","0","10","15","2","","0","0","1","0","1"
"POINT (6.912138792000064 50.979375531000073)","Unfall 32309 (2021) Kat:3, Licht: 2","32309","3","6","3","9","21","1","","2","0","1","0","0"
"POINT (6.889972886000066 50.907147012000053)","Unfall 32312 (2021) Kat:3, Licht: 0","32312","3","6","2","6","12","5","","0","0","1","0","0"
"POINT (6.931673328000045 50.943997262000039)","Unfall 32315 (2021) Kat:3, Licht: 0","32315","3","3","0","7","19","1","","0","1","1","0","0"
"POINT (6.883341794000046 50.939232892000064)","Unfall 32316 (2021) Kat:3, Licht: 0","32316","3","7","0","6","16","6","","0","0","0","0","1"
"POINT (6.927412236000066 50.861930464000068)","Unfall 32326 (2021) Kat:3, Licht: 0","32326","3","7","0","5","16","6","","0","0","0","0","0"
"POINT (6.917086606000055 50.950630569000054)","Unfall 32328 (2021) Kat:3, Licht: 0","32328","3","7","0","5","19","7","","0","1","0","0","0"
"POINT (6.979068688000041 50.849202418000061)","Unfall 32330 (2021) Kat:3, Licht: 0","32330","3","2","4","5","9","7","","0","0","1","0","0"
"POINT (6.968614852000030 50.886593143000027)","Unfall 32333 (2021) Kat:3, Licht: 0","32333","3","6","2","2","16","4","","0","0","1","0","0"
"POINT (6.909257799000045 51.006459446000065)","Unfall 32345 (2021) Kat:3, Licht: 0","32345","3","6","2","10","15","6","","0","0","1","0","0"
"POINT (6.900077149000026 50.937100778000058)","Unfall 32346 (2021) Kat:3, Licht: 0","32346","3","3","5","4","11","3","","0","0","1","0","1"
"POINT (6.887899927000035 50.999349352000081)","Unfall 32348 (2021) Kat:3, Licht: 2","32348","3","6","3","10","22","6","","2","0","1","0","0"
"POINT (6.953296387000023 50.966786079000030)","Unfall 32349 (2021) Kat:3, Licht: 0","32349","3","7","0","5","12","1","","0","1","0","0","0"
"POINT (6.966119685000024 50.949910300000056)","Unfall 32351 (2021) Kat:3, Licht: 0","32351","3","4","6","7","14","5","","0","0","1","1","0"
"POINT (6.855265701000064 50.938060126000039)","Unfall 32353 (2021) Kat:3, Licht: 0","32353","3","3","5","6","15","6","","0","1","1","0","0"
"POINT (6.954741693000074 50.959237225000038)","Unfall 32354 (2021) Kat:3, Licht: 0","32354","3","1","0","6","7","4","","0","0","0","0","1"
"POINT (6.849205488000052 50.937304240000060)","Unfall 32357 (2021) Kat:3, Licht: 0","32357","3","6","2","10","9","3","","0","0","1","0","0"
"POINT (6.927106431000027 50.945485900000051)","Unfall 32360 (2021) Kat:3, Licht: 0","32360","3","7","0","10","17","1","","0","1","1","0","0"
"POINT (6.930121260000021 50.909163829000079)","Unfall 32363 (2021) Kat:3, Licht: 2","32363","3","6","2","10","18","3","","2","0","1","0","0"
"POINT (6.977886660000024 50.936533082000039)","Unfall 32364 (2021) Kat:3, Licht: 0","32364","3","7","6","9","16","5","","0","0","0","1","0"
"POINT (6.912856665000049 50.944994593000047)","Unfall 32370 (2021) Kat:2, Licht: 0","32370","2","3","5","2","11","7","","0","0","1","0","0"
"POINT (6.916586327000061 50.949893956000039)","Unfall 32372 (2021) Kat:2, Licht: 1","32372","2","1","0","7","22","2","","1","1","0","0","0"
"POINT (6.918797395000070 50.952154926000048)","Unfall 32385 (2021) Kat:3, Licht: 0","32385","3","2","3","2","14","6","","0","0","1","0","1"
"POINT (6.982970713000043 50.944296867000048)","Unfall 32388 (2021) Kat:3, Licht: 0","32388","3","2","0","9","17","6","","0","0","1","0","0"
"POINT (6.852415510000071 50.937940917000049)","Unfall 32389 (2021) Kat:3, Licht: 0","32389","3","2","0","3","16","5","","0","1","1","0","0"
"POINT (6.924579812000047 50.934725973000070)","Unfall 32394 (2021) Kat:3, Licht: 2","32394","3","6","2","12","17","3","","2","0","1","0","0"
"POINT (6.938983674000042 50.936426340000025)","Unfall 32396 (2021) Kat:3, Licht: 0","32396","3","6","3","9","7","2","","0","0","1","0","0"
"POINT (6.914680279000038 51.000131745000033)","Unfall 32403 (2021) Kat:3, Licht: 1","32403","3","6","2","11","16","5","","1","0","1","0","0"
"POINT (6.890457280000021 50.924680681000041)","Unfall 32404 (2021) Kat:3, Licht: 0","32404","3","6","2","3","11","5","","0","0","1","0","0"
"POINT (6.932621428000061 50.936560968000038)","Unfall 32406 (2021) Kat:3, Licht: 0","32406","3","3","5","6","13","3","","0","1","0","0","0"
"POINT (6.927531132000070 50.943792182000038)","Unfall 32417 (2021) Kat:3, Licht: 0","32417","3","6","2","6","8","2","","0","0","1","0","0"
"POINT (6.940241593000053 50.968241050000074)","Unfall 32418 (2021) Kat:3, Licht: 0","32418","3","6","0","2","16","3","","0","0","1","0","1"
"POINT (6.918202914000062 50.931404108000038)","Unfall 32419 (2021) Kat:3, Licht: 0","32419","3","7","0","12","12","3","","0","0","0","1","0"
"POINT (6.969649736000065 50.847178935000045)","Unfall 32425 (2021) Kat:3, Licht: 0","32425","3","6","2","3","17","6","","0","0","1","0","0"
"POINT (6.845310738000023 50.925415325000074)","Unfall 32426 (2021) Kat:3, Licht: 0","32426","3","7","1","6","18","1","","0","0","1","0","0"
"POINT (6.907555988000070 50.927282554000044)","Unfall 32429 (2021) Kat:3, Licht: 0","32429","3","3","5","5","11","4","","0","1","1","0","0"
"POINT (6.948127836000026 50.860565604000044)","Unfall 32432 (2021) Kat:2, Licht: 2","32432","2","1","0","12","18","6","","2","0","0","0","1"
"POINT (6.952498752000054 50.924145047000081)","Unfall 32433 (2021) Kat:3, Licht: 2","32433","3","3","5","11","20","6","","2","0","1","0","0"
"POINT (6.855290527000022 50.922756465000077)","Unfall 32439 (2021) Kat:3, Licht: 0","32439","3","6","3","2","11","2","","0","0","1","0","0"
"POINT (6.924733629000059 50.937889584000061)","Unfall 32444 (2021) Kat:3, Licht: 0","32444","3","6","2","4","9","6","","0","0","1","0","1"
"POINT (6.939090677000024 50.937129293000055)","Unfall 32446 (2021) Kat:3, Licht: 2","32446","3","1","0","12","22","1","","2","0","0","0","1"
"POINT (6.903063215000032 50.956711718000065)","Unfall 32454 (2021) Kat:3, Licht: 1","32454","3","2","0","12","16","2","","1","1","1","0","0"
"POINT (6.915625736000038 50.970985917000064)","Unfall 32456 (2021) Kat:3, Licht: 0","32456","3","1","0","9","6","6","","0","0","0","0","1"
"POINT (6.968305514000065 50.885365202000060)","Unfall 32460 (2021) Kat:2, Licht: 2","32460","2","6","2","12","17","5","","2","0","1","0","0"
"POINT (6.858261553000034 51.014013333000037)","Unfall 32462 (2021) Kat:3, Licht: 1","32462","3","7","6","12","16","7","","1","0","1","1","0"
"POINT (6.958758127000067 50.950134059000050)","Unfall 32463 (2021) Kat:3, Licht: 0","32463","3","3","5","6","20","2","","0","0","1","0","0"
"POINT (6.976208183000040 50.953965254000082)","Unfall 32464 (2021) Kat:3, Licht: 0","32464","3","6","2","9","12","1","","0","0","1","0","0"
"POINT (6.896661387000051 50.925595256000065)","Unfall 32467 (2021) Kat:3, Licht: 1","32467","3","2","5","12","17","2","","1","1","1","0","0"
"POINT (6.929273626000054 50.960286049000047)","Unfall 32469 (2021) Kat:2, Licht: 0","32469","2","6","0","6","13","3","","0","1","0","0","0"
"POINT (6.940713735000031 50.936186506000070)","Unfall 32470 (2021) Kat:2, Licht: 0","32470","2","1","0","5","11","7","","0","1","0","0","0"
"POINT (6.919162881000034 50.948820689000058)","Unfall 32471 (2021) Kat:3, Licht: 0","32471","3","7","0","11","9","5","","0","1","1","0","0"
"POINT (6.980570441000054 50.903899019000050)","Unfall 32474 (2021) Kat:2, Licht: 0","32474","2","6","3","3","12","4","","0","0","1","0","1"
"POINT (6.852469054000039 51.001381892000040)","Unfall 32475 (2021) Kat:3, Licht: 0","32475","3","5","0","4","15","3","","0","1","0","0","0"
"POINT (6.937350427000069 50.925119459000030)","Unfall 32484 (2021) Kat:3, Licht: 0","32484","3","2","0","2","9","5","","0","1","1","0","0"
"POINT (6.888884601000029 51.024281990000077)","Unfall 32495 (2021) Kat:3, Licht: 0","32495","3","3","5","9","14","4","","0","1","1","0","0"
"POINT (6.932605864000038 50.934141050000051)","Unfall 32497 (2021) Kat:3, Licht: 0","32497","3","6","0","6","13","4","","0","1","0","0","0"
"POINT (6.956338133000031 50.955917804000080)","Unfall 32502 (2021) Kat:3, Licht: 2","32502","3","2","5","12","18","3","","2","1","1","0","0"
"POINT (6.945764194000049 50.986482409000075)","Unfall 32505 (2021) Kat:3, Licht: 0","32505","3","3","0","5","18","6","","0","1","0","0","0"
"POINT (6.927586804000043 50.895837582000070)","Unfall 32507 (2021) Kat:3, Licht: 0","32507","3","2","1","9","13","6","","0","0","1","0","1"
"POINT (6.917311221000034 50.950856420000036)","Unfall 32509 (2021) Kat:2, Licht: 0","32509","2","2","3","6","16","4","","0","1","1","0","0"
"POINT (6.850890635000042 50.919128139000065)","Unfall 32513 (2021) Kat:3, Licht: 0","32513","3","3","5","6","14","2","","0","1","1","0","0"
"POINT (6.921951421000074 50.910596037000062)","Unfall 32520 (2021) Kat:2, Licht: 0","32520","2","2","5","4","16","5","","0","0","1","0","0"
"POINT (6.935419250000052 50.877406548000067)","Unfall 32522 (2021) Kat:3, Licht: 0","32522","3","2","5","11","13","6","","0","0","1","0","0"
"POINT (6.962523709000038 50.941980067000031)","Unfall 32526 (2021) Kat:3, Licht: 2","32526","3","1","9","7","0","2","","2","0","0","0","1"
"POINT (6.909917856000050 50.954450987000030)","Unfall 32527 (2021) Kat:3, Licht: 0","32527","3","2","5","6","21","4","","0","0","1","0","0"
"POINT (6.966317489000062 50.847829242000046)","Unfall 32533 (2021) Kat:2, Licht: 2","32533","2","3","5","12","22","1","","2","0","1","0","0"
"POINT (6.955744038000034 50.957122233000064)","Unfall 32536 (2021) Kat:3, Licht: 0","32536","3","2","5","5","18","1","","0","1","1","0","0"
"POINT (6.849478984000029 50.947146063000048)","Unfall 32539 (2021) Kat:3, Licht: 0","32539","3","1","2","9","15","6","","0","0","1","0","0"
"POINT (6.926059582000050 50.914196237000056)","Unfall 32542 (2021) Kat:3, Licht: 0","32542","3","3","5","6","13","6","","0","1","1","0","0"
"POINT (6.939640411000028 51.024008759000026)","Unfall 32543 (2021) Kat:3, Licht: 1","32543","3","1","9","10","19","6","","1","0","0","0","0"
"POINT (6.930232669000077 50.936626779000051)","Unfall 32545 (2021) Kat:3, Licht: 0","32545","3","3","5","10","17","3","","0","1","1","0","0"
"POINT (6.916287371000067 50.918003792000036)","Unfall 32553 (2021) Kat:2, Licht: 1","32553","2","5","1","11","17","1","","1","0","1","0","1"
"POINT (6.892991033000044 50.997794507000037)","Unfall 32554 (2021) Kat:3, Licht: 0","32554","3","6","2","10","13","7","","0","0","1","0","0"
"POINT (6.944926210000062 50.935810486000037)","Unfall 32555 (2021) Kat:3, Licht: 2","32555","3","7","7","12","1","7","","2","0","0","0","0"
"POINT (6.934406132000049 50.933009341000059)","Unfall 32557 (2021) Kat:3, Licht: 0","32557","3","6","6","6","17","4","","0","1","0","1","0"
"POINT (6.858603992000042 50.916460714000038)","Unfall 32559 (2021) Kat:3, Licht: 2","32559","3","7","6","11","19","3","","2","0","1","1","0"
"POINT (6.952360166000062 50.935400045000051)","Unfall 32566 (2021) Kat:3, Licht: 0","32566","3","1","9","7","12","6","","0","0","1","0","0"
"POINT (6.919172532000061 50.907606167000040)","Unfall 32569 (2021) Kat:2, Licht: 2","32569","2","4","6","10","7","6","","2","0","0","1","0"
"POINT (6.879794170000025 51.005611607000048)","Unfall 32570 (2021) Kat:3, Licht: 2","32570","3","6","2","12","18","6","","2","0","1","0","0"
"POINT (6.964309601000025 50.848144182000055)","Unfall 32571 (2021) Kat:3, Licht: 0","32571","3","6","2","12","14","5","","0","0","1","0","0"
"POINT (6.848168129000044 50.938157651000040)","Unfall 32576 (2021) Kat:3, Licht: 0","32576","3","2","3","5","13","2","","0","1","1","0","0"
"POINT (6.936219878000031 50.966512912000042)","Unfall 32580 (2021) Kat:3, Licht: 0","32580","3","6","3","3","7","3","","0","1","0","0","0"
"POINT (6.912133583000070 51.000039233000052)","Unfall 32585 (2021) Kat:3, Licht: 0","32585","3","2","2","6","17","3","","0","0","1","0","1"
"POINT (6.901320161000058 50.988879044000043)","Unfall 32586 (2021) Kat:3, Licht: 2","32586","3","6","2","12","17","4","","2","0","1","0","0"
"POINT (6.889389595000068 50.927339999000026)","Unfall 32589 (2021) Kat:2, Licht: 0","32589","2","6","2","2","16","3","","0","0","1","0","0"
"POINT (6.941711328000054 50.991599228000041)","Unfall 32590 (2021) Kat:3, Licht: 0","32590","3","3","5","4","19","5","","0","1","0","0","0"
"POINT (6.932599958000026 50.935488716000066)","Unfall 32591 (2021) Kat:3, Licht: 2","32591","3","7","2","11","0","6","","2","0","0","0","0"
"POINT (6.957767682000053 50.957777010000029)","Unfall 32596 (2021) Kat:3, Licht: 0","32596","3","2","1","3","16","6","","0","1","1","0","0"
"POINT (6.976367177000043 50.954042234000042)","Unfall 32597 (2021) Kat:3, Licht: 0","32597","3","6","3","10","16","3","","0","0","1","0","0"
"POINT (6.905654701000060 50.909797109000067)","Unfall 32600 (2021) Kat:3, Licht: 0","32600","3","6","2","6","17","2","","0","0","1","0","0"
"POINT (6.947949112000060 50.954810699000063)","Unfall 32602 (2021) Kat:3, Licht: 0","32602","3","3","0","11","15","3","","0","1","1","0","0"
"POINT (6.939971669000045 50.940549875000045)","Unfall 32605 (2021) Kat:3, Licht: 2","32605","3","1","0","6","1","1","","2","0","0","0","0"
"POINT (6.917147468000053 50.902813868000067)","Unfall 32606 (2021) Kat:3, Licht: 0","32606","3","1","0","11","14","1","","0","1","0","0","0"
"POINT (6.963602044000027 50.949977950000061)","Unfall 32608 (2021) Kat:3, Licht: 0","32608","3","5","5","9","15","3","","0","1","1","0","0"
"POINT (6.851762201000042 51.048843829000077)","Unfall 32610 (2021) Kat:3, Licht: 0","32610","3","6","2","6","16","3","","0","1","1","0","0"
"POINT (6.971080984000025 50.954213313000082)","Unfall 32612 (2021) Kat:3, Licht: 2","32612","3","7","0","12","17","4","","2","0","1","0","0"
"POINT (6.905876020000051 50.985379993000038)","Unfall 32616 (2021) Kat:3, Licht: 0","32616","3","6","2","4","13","6","","0","0","1","0","0"
"POINT (6.954479178000042 50.960375002000035)","Unfall 32630 (2021) Kat:3, Licht: 0","32630","3","6","3","5","17","7","","0","1","1","0","0"
"POINT (6.883559492000074 50.965484798000034)","Unfall 32631 (2021) Kat:3, Licht: 0","32631","3","6","6","10","12","2","","0","0","0","1","0"
"POINT (6.967850395000028 50.891100393000045)","Unfall 32632 (2021) Kat:3, Licht: 2","32632","3","6","2","12","17","4","","2","0","1","0","0"
"POINT (6.957164797000075 50.952959198000030)","Unfall 32635 (2021) Kat:3, Licht: 0","32635","3","6","2","9","11","3","","0","1","1","0","0"
"POINT (6.848953153000025 51.083869013000026)","Unfall 32637 (2021) Kat:3, Licht: 0","32637","3","1","0","7","15","3","","0","0","0","0","0"
"POINT (6.945128616000034 50.927051214000073)","Unfall 32639 (2021) Kat:3, Licht: 0","32639","3","2","3","9","13","7","","0","1","1","0","0"
"POINT (6.978791089000026 50.939634855000065)","Unfall 32644 (2021) Kat:3, Licht: 0","32644","3","6","2","9","11","6","","0","0","1","0","0"
"POINT (6.837690035000037 51.039853312000048)","Unfall 32646 (2021) Kat:3, Licht: 1","32646","3","3","5","11","17","1","","1","0","1","0","0"
"POINT (6.969509489000075 50.892602519000036)","Unfall 32647 (2021) Kat:3, Licht: 0","32647","3","6","2","6","12","2","","0","0","1","0","0"
"POINT (6.904467526000076 51.003146065000067)","Unfall 32651 (2021) Kat:3, Licht: 0","32651","3","6","2","5","7","3","","0","0","1","0","0"
"POINT (6.933872074000021 50.936541801000033)","Unfall 32655 (2021) Kat:3, Licht: 0","32655","3","6","3","9","19","1","","0","0","1","0","0"
"POINT (6.909052491000068 50.954741818000059)","Unfall 32660 (2021) Kat:3, Licht: 0","32660","3","4","6","10","15","7","","0","1","0","1","0"
"POINT (6.949108084000045 50.947947156000055)","Unfall 32662 (2021) Kat:3, Licht: 0","32662","3","6","6","5","16","6","","0","0","0","1","0"
"POINT (6.953142668000055 50.935262805000036)","Unfall 32663 (2021) Kat:3, Licht: 0","32663","3","2","3","7","14","3","","0","0","1","0","0"
"POINT (6.936338886000044 50.923933607000038)","Unfall 32666 (2021) Kat:3, Licht: 2","32666","3","1","0","10","20","3","","2","1","0","0","0"
"POINT (6.829190523000022 50.957740826000077)","Unfall 32669 (2021) Kat:3, Licht: 1","32669","3","2","2","3","19","7","","1","0","1","0","0"
"POINT (6.910881889000052 50.899813142000028)","Unfall 32672 (2021) Kat:2, Licht: 0","32672","2","6","2","1","9","3","","0","0","1","0","0"
"POINT (6.950123722000058 50.935471272000029)","Unfall 32674 (2021) Kat:3, Licht: 0","32674","3","3","0","5","15","1","","0","1","1","0","0"
"POINT (6.954409263000059 50.849908809000055)","Unfall 32678 (2021) Kat:3, Licht: 2","32678","3","6","2","11","17","1","","2","0","1","0","0"
"POINT (6.932178003000047 50.935488382000074)","Unfall 32679 (2021) Kat:3, Licht: 2","32679","3","7","0","6","0","1","","2","0","0","0","0"
"POINT (6.945046442000034 50.850447223000060)","Unfall 32687 (2021) Kat:3, Licht: 0","32687","3","6","2","2","14","5","","0","0","1","0","0"
"POINT (6.939390727000045 51.022400811000068)","Unfall 32689 (2021) Kat:3, Licht: 0","32689","3","6","2","6","8","2","","0","0","1","0","0"
"POINT (6.978883515000064 50.939630226000077)","Unfall 32692 (2021) Kat:2, Licht: 0","32692","2","1","8","10","11","6","","0","0","1","0","0"
"POINT (6.969025836000071 50.877174057000047)","Unfall 32695 (2021) Kat:3, Licht: 2","32695","3","6","8","11","7","3","","2","0","1","0","0"
"POINT (6.903673358000049 50.956506406000074)","Unfall 32699 (2021) Kat:2, Licht: 0","32699","2","4","6","6","16","6","","0","0","1","1","0"
"POINT (6.921540485000037 51.016072116000032)","Unfall 32701 (2021) Kat:3, Licht: 0","32701","3","3","0","9","9","3","","0","0","1","0","1"
"POINT (6.935747017000040 50.935405796000055)","Unfall 32703 (2021) Kat:3, Licht: 2","32703","3","1","0","10","23","2","","2","0","1","0","0"
"POINT (6.860852941000076 51.018968962000031)","Unfall 32706 (2021) Kat:3, Licht: 2","32706","3","1","9","12","19","3","","2","0","1","0","0"
"POINT (6.908961026000043 50.904742335000037)","Unfall 32708 (2021) Kat:2, Licht: 0","32708","2","7","0","1","15","2","","0","1","0","0","0"
"POINT (6.953843537000068 50.963911716000041)","Unfall 32712 (2021) Kat:3, Licht: 0","32712","3","7","4","9","12","7","","0","0","1","0","1"
"POINT (6.881237096000064 50.966451730000074)","Unfall 32713 (2021) Kat:3, Licht: 2","32713","3","2","0","12","17","5","","2","0","1","0","0"
"POINT (6.966315924000071 50.847829509000064)","Unfall 32714 (2021) Kat:3, Licht: 2","32714","3","6","2","12","19","4","","2","0","1","0","0"
"POINT (6.886175321000053 50.964272754000035)","Unfall 32715 (2021) Kat:3, Licht: 1","32715","3","3","5","1","8","2","","1","1","0","0","0"
"POINT (6.983494690000043 50.944222312000079)","Unfall 32716 (2021) Kat:3, Licht: 2","32716","3","1","8","1","23","7","","2","0","1","0","0"
"POINT (6.955833882000036 50.956946505000076)","Unfall 32718 (2021) Kat:3, Licht: 2","32718","3","3","5","1","2","6","","2","1","1","0","0"
"POINT (6.849458134000031 50.944404875000032)","Unfall 32721 (2021) Kat:3, Licht: 0","32721","3","6","2","5","14","6","","0","0","1","0","0"
"POINT (6.938849684000047 50.953279034000047)","Unfall 32725 (2021) Kat:3, Licht: 0","32725","3","6","2","5","12","1","","0","0","1","0","0"
"POINT (6.977881885000045 50.937673645000075)","Unfall 32727 (2021) Kat:3, Licht: 0","32727","3","7","0","6","8","4","","0","1","0","0","0"
"POINT (6.913031026000056 50.945876936000047)","Unfall 32732 (2021) Kat:3, Licht: 0","32732","3","1","0","9","15","4","","0","0","0","0","1"
"POINT (6.958151701000077 50.950955166000028)","Unfall 32741 (2021) Kat:3, Licht: 0","32741","3","6","1","10","12","3","","0","0","1","0","1"
"POINT (6.898019074000047 50.913537198000029)","Unfall 32745 (2021) Kat:3, Licht: 0","32745","3","6","2","11","16","2","","0","0","1","0","0"
"POINT (6.952312300000074 50.970142223000039)","Unfall 32748 (2021) Kat:2, Licht: 0","32748","2","3","5","9","16","7","","0","1","1","0","0"
"POINT (6.929224860000033 50.944770843000072)","Unfall 32749 (2021) Kat:2, Licht: 2","32749","2","1","0","10","2","7","","2","0","0","0","0"
"POINT (6.878733027000067 50.987616274000061)","Unfall 32752 (2021) Kat:3, Licht: 2","32752","3","4","6","4","5","5","","2","0","1","1","0"
"POINT (6.982398147000026 50.888803684000038)","Unfall 32754 (2021) Kat:3, Licht: 0","32754","3","6","2","10","16","1","","0","0","1","0","0"
"POINT (6.848378598000068 50.969096417000060)","Unfall 32758 (2021) Kat:3, Licht: 0","32758","3","7","7","10","8","5","","0","0","1","0","0"
"POINT (6.911938638000038 51.000040567000042)","Unfall 32767 (2021) Kat:3, Licht: 2","32767","3","2","4","11","19","7","","2","0","1","0","0"
"POINT (6.943133293000074 50.990107411000054)","Unfall 32772 (2021) Kat:3, Licht: 0","32772","3","7","8","10","16","3","","0","0","1","0","0"
"POINT (6.967313354000055 50.951016092000032)","Unfall 32775 (2021) Kat:3, Licht: 0","32775","3","6","3","5","16","6","","0","1","0","0","0"
"POINT (6.868629150000061 51.007366098000034)","Unfall 32776 (2021) Kat:3, Licht: 0","32776","3","1","0","9","18","6","","0","1","0","0","0"
"POINT (6.858116144000064 50.937825020000048)","Unfall 32777 (2021) Kat:3, Licht: 2","32777","3","1","0","5","1","1","","2","1","0","0","0"