WKT,Name,OBJECTID,UKATEGORIE,UTYP1,UART,UMONAT,USTUNDE,UWOCHENTAG,STRZUSTAND,ULICHTVERH,ISTRAD,ISTPKW,ISTFUSS,ISTKRAD
"POINT (6.976273933000073 50.954101711000078)","Unfall 32779 (2021) Kat:3, Licht: 0","32779","3","6","2","9","14","1","","0","0","1","0","0"
"POINT (6.896975430000055 50.937169766000068)","Unfall 32781 (2021) Kat:2, Licht: 0","32781","2","6","0","7","15","6","","0","1","0","1","0"
"POINT (6.939971669000045 50.940549875000045)","Unfall 32784 (2021) Kat:3, Licht: 1","32784","3","1","0","10","7","2","","1","1","0","0","0"
"POINT (6.917095172000074 50.949949592000053)","Unfall 32785 (2021) Kat:3, Licht: 0","32785","3","7","0","9","15","2","","0","1","0","0","0"
"POINT (6.963009543000055 50.934956708000072)","Unfall 32787 (2021) Kat:3, Licht: 2","32787","3","1","0","12","19","3","","2","1","0","0","0"
"POINT (6.980617381000059 50.941493900000069)","Unfall 32788 (2021) Kat:3, Licht: 0","32788","3","7","5","10","17","6","","0","0","1","0","0"
"POINT (6.895708530000036 50.914687900000047)","Unfall 32796 (2021) Kat:2, Licht: 0","32796","2","2","5","6","8","6","","0","0","0","0","1"
"POINT (6.935419250000052 50.877406548000067)","Unfall 32799 (2021) Kat:3, Licht: 0","32799","3","3","4","9","17","5","","0","0","1","0","0"
"POINT (6.911283975000060 50.936828427000080)","Unfall 32805 (2021) Kat:3, Licht: 2","32805","3","2","0","12","18","5","","2","1","0","0","0"
"POINT (6.914487784000073 50.951636914000062)","Unfall 32808 (2021) Kat:3, Licht: 0","32808","3","5","1","12","12","6","","0","1","1","0","0"
"POINT (6.954581243000064 50.903916982000055)","Unfall 32810 (2021) Kat:3, Licht: 0","32810","3","4","6","10","14","3","","0","1","0","1","0"
"POINT (6.966558856000063 50.838573641000039)","Unfall 32812 (2021) Kat:3, Licht: 2","32812","3","6","2","1","5","3","","2","0","1","0","0"
"POINT (6.857069646000070 50.919598231000066)","Unfall 32814 (2021) Kat:2, Licht: 0","32814","2","3","0","6","16","3","","0","1","1","0","0"
"POINT (6.955037957000059 51.002654989000064)","Unfall 32815 (2021) Kat:3, Licht: 0","32815","3","2","0","7","5","4","","0","1","1","0","0"
"POINT (6.846791892000056 50.925225976000036)","Unfall 32816 (2021) Kat:3, Licht: 2","32816","3","1","9","1","6","5","","2","0","1","0","0"
"POINT (6.939342484000065 50.953631286000075)","Unfall 32822 (2021) Kat:3, Licht: 0","32822","3","6","2","6","12","6","","0","0","1","0","0"
"POINT (6.836269385000037 51.042537033000031)","Unfall 32827 (2021) Kat:3, Licht: 1","32827","3","2","8","6","19","6","","1","0","1","0","0"
"POINT (6.968948174000047 50.955786873000079)","Unfall 32829 (2021) Kat:3, Licht: 2","32829","3","2","2","9","1","1","","2","0","1","0","0"
"POINT (6.893008687000076 50.997664659000066)","Unfall 32833 (2021) Kat:3, Licht: 2","32833","3","1","9","1","0","6","","2","0","1","0","0"
"POINT (6.920784897000033 50.999385576000066)","Unfall 32834 (2021) Kat:3, Licht: 0","32834","3","7","5","12","10","2","","0","0","1","0","0"
"POINT (6.949293810000029 50.976919450000082)","Unfall 32843 (2021) Kat:2, Licht: 2","32843","2","6","2","9","20","2","","2","1","1","0","0"
"POINT (6.964463009000042 50.884717540000054)","Unfall 32848 (2021) Kat:2, Licht: 0","32848","2","6","3","11","12","7","","0","0","1","0","0"
"POINT (6.840977836000036 50.926923398000042)","Unfall 32851 (2021) Kat:3, Licht: 2","32851","3","6","2","11","17","4","","2","0","1","0","0"
"POINT (6.925427677000073 50.913596086000041)","Unfall 32855 (2021) Kat:3, Licht: 0","32855","3","6","2","12","15","2","","0","0","1","0","0"
"POINT (6.937744266000038 50.935350713000048)","Unfall 32857 (2021) Kat:2, Licht: 0","32857","2","2","0","9","18","3","","0","0","1","0","0"
"POINT (6.863599308000062 50.921668202000035)","Unfall 32859 (2021) Kat:2, Licht: 1","32859","2","6","4","9","6","5","","1","0","1","0","0"
"POINT (6.892086362000043 50.991961683000056)","Unfall 32865 (2021) Kat:2, Licht: 0","32865","2","6","2","2","12","2","","0","0","1","0","0"
"POINT (6.943409796000026 50.935797686000058)","Unfall 32866 (2021) Kat:3, Licht: 0","32866","3","6","4","9","18","5","","0","1","0","0","0"
"POINT (6.858900871000060 51.070261306000077)","Unfall 32870 (2021) Kat:3, Licht: 0","32870","3","2","5","10","16","6","","0","1","0","0","0"
"POINT (6.908254754000041 50.908525439000073)","Unfall 32875 (2021) Kat:3, Licht: 0","32875","3","6","2","4","17","5","","0","0","1","0","0"
"POINT (6.897001118000048 50.992922631000056)","Unfall 32876 (2021) Kat:3, Licht: 0","32876","3","6","2","12","16","4","","0","0","1","0","0"
"POINT (6.928541710000047 50.944986519000054)","Unfall 32879 (2021) Kat:2, Licht: 0","32879","2","3","5","4","12","5","","0","1","1","0","0"
"POINT (6.940499046000070 50.860561420000067)","Unfall 32880 (2021) Kat:3, Licht: 2","32880","3","1","9","10","20","1","","2","0","1","0","0"
"POINT (6.877899767000031 50.967545307000080)","Unfall 32883 (2021) Kat:2, Licht: 0","32883","2","7","1","9","13","2","","0","1","1","0","0"
"POINT (7.027443378000044 50.940193838000027)","Unfall 32901 (2021) Kat:3, Licht: 0","32901","3","4","6","9","13","5","","0","1","0","1","0"
"POINT (7.019802881000032 50.940241737000065)","Unfall 32911 (2021) Kat:3, Licht: 0","32911","3","1","0","6","11","5","","0","0","0","0","0"
"POINT (6.999307848000058 50.989448606000053)","Unfall 32927 (2021) Kat:3, Licht: 0","32927","3","3","5","3","18","2","","0","0","1","0","0"
"POINT (7.080441898000061 50.854608198000051)","Unfall 32933 (2021) Kat:3, Licht: 0","32933","3","3","5","3","15","5","","0","0","1","0","1"
"POINT (7.055556520000039 50.880848098000058)","Unfall 32934 (2021) Kat:3, Licht: 0","32934","3","4","6","11","14","3","","0","0","1","1","0"
"POINT (6.984933521000073 50.931674964000081)","Unfall 32936 (2021) Kat:3, Licht: 0","32936","3","7","8","1","13","5","","0","0","1","0","0"
"POINT (7.042985542000054 51.003440220000073)","Unfall 32937 (2021) Kat:3, Licht: 0","32937","3","3","5","9","13","4","","0","1","1","0","0"
"POINT (7.022533334000059 50.940305045000059)","Unfall 32939 (2021) Kat:3, Licht: 0","32939","3","3","5","3","8","6","","0","1","1","0","0"
"POINT (7.026528541000062 50.950585422000074)","Unfall 32941 (2021) Kat:3, Licht: 2","32941","3","6","2","12","19","3","","2","0","1","0","0"
"POINT (7.018338177000032 50.933505394000065)","Unfall 32948 (2021) Kat:3, Licht: 0","32948","3","2","5","11","12","3","","0","1","1","0","0"
"POINT (7.006145781000043 50.965659414000072)","Unfall 32951 (2021) Kat:3, Licht: 0","32951","3","6","1","3","16","7","","0","0","1","0","0"
"POINT (7.091606458000058 50.933720375000064)","Unfall 32954 (2021) Kat:3, Licht: 0","32954","3","1","8","1","10","1","","0","0","1","0","0"
"POINT (7.096010864000050 50.884603062000053)","Unfall 32957 (2021) Kat:3, Licht: 2","32957","3","1","8","11","5","6","","2","0","1","0","0"
"POINT (7.042492275000029 50.941515145000039)","Unfall 32974 (2021) Kat:3, Licht: 2","32974","3","6","1","11","17","1","","2","0","1","0","0"
"POINT (7.020269718000065 50.980507320000072)","Unfall 32976 (2021) Kat:2, Licht: 2","32976","2","7","9","1","19","5","","2","0","1","0","0"
"POINT (7.001759678000042 50.910950374000038)","Unfall 32980 (2021) Kat:2, Licht: 0","32980","2","3","5","9","7","6","","0","1","1","0","0"
"POINT (7.058880779000049 50.952544870000054)","Unfall 32983 (2021) Kat:3, Licht: 0","32983","3","1","8","5","14","5","","0","0","0","0","1"
"POINT (7.042393183000058 51.001327732000050)","Unfall 32988 (2021) Kat:2, Licht: 1","32988","2","4","6","1","8","2","","1","0","0","1","0"
"POINT (6.988404396000021 50.897703955000054)","Unfall 33000 (2021) Kat:3, Licht: 0","33000","3","6","2","10","14","7","","0","0","1","0","0"
"POINT (7.033059103000028 50.898554180000076)","Unfall 33004 (2021) Kat:2, Licht: 2","33004","2","3","5","10","23","7","","2","0","1","0","0"
"POINT (7.015506293000044 50.975688234000074)","Unfall 33007 (2021) Kat:3, Licht: 0","33007","3","3","5","4","12","6","","0","1","0","0","0"
"POINT (7.107369098000049 50.914115758000037)","Unfall 33021 (2021) Kat:3, Licht: 1","33021","3","6","2","10","7","4","","1","0","1","0","0"
"POINT (7.000548347000063 50.956239158000074)","Unfall 33022 (2021) Kat:3, Licht: 0","33022","3","2","6","9","7","5","","0","0","1","1","0"
"POINT (7.097466689000044 50.859254127000042)","Unfall 33023 (2021) Kat:3, Licht: 0","33023","3","6","2","6","11","2","","0","0","1","0","0"
"POINT (7.057221520000041 51.000617811000041)","Unfall 33036 (2021) Kat:3, Licht: 0","33036","3","7","1","6","12","2","","0","0","1","0","0"
"POINT (7.030878119000022 50.931633451000039)","Unfall 33041 (2021) Kat:3, Licht: 0","33041","3","6","2","2","12","4","","0","0","1","0","0"
"POINT (7.013734396000075 50.954597774000035)","Unfall 33053 (2021) Kat:2, Licht: 0","33053","2","2","3","9","17","3","","0","0","1","0","1"
"POINT (6.992955950000066 50.936854569000047)","Unfall 33066 (2021) Kat:3, Licht: 0","33066","3","3","5","9","16","7","","0","1","1","0","0"
"POINT (7.037858122000046 50.949854699000070)","Unfall 33069 (2021) Kat:3, Licht: 0","33069","3","6","2","9","18","1","","0","0","1","0","0"
"POINT (6.997997734000023 50.868595747000029)","Unfall 33070 (2021) Kat:3, Licht: 0","33070","3","6","1","6","17","2","","0","0","1","0","0"
"POINT (7.077900101000068 50.893608914000026)","Unfall 33073 (2021) Kat:3, Licht: 0","33073","3","4","0","10","15","6","","0","0","1","1","0"
"POINT (7.067469942000059 50.967506776000050)","Unfall 33075 (2021) Kat:3, Licht: 0","33075","3","6","2","1","13","7","","0","1","1","0","0"
"POINT (7.043172453000068 50.940673681000078)","Unfall 33080 (2021) Kat:2, Licht: 0","33080","2","6","2","3","13","3","","0","0","0","0","0"
"POINT (7.030025193000029 50.969163088000073)","Unfall 33081 (2021) Kat:3, Licht: 1","33081","3","1","3","10","19","3","","1","0","1","0","0"
"POINT (7.025746118000029 50.982714789000056)","Unfall 33084 (2021) Kat:3, Licht: 0","33084","3","6","2","4","18","5","","0","0","1","0","0"
"POINT (7.012845767000044 50.962960918000078)","Unfall 33092 (2021) Kat:3, Licht: 0","33092","3","2","0","6","18","6","","0","1","1","0","0"
"POINT (7.069967633000033 50.882047849000060)","Unfall 33100 (2021) Kat:3, Licht: 0","33100","3","3","5","11","12","7","","0","1","1","0","0"
"POINT (7.020898709000051 50.964620100000047)","Unfall 33116 (2021) Kat:3, Licht: 1","33116","3","2","2","10","7","6","","1","0","1","0","0"
"POINT (7.002150092000022 50.910702613000069)","Unfall 33121 (2021) Kat:3, Licht: 1","33121","3","3","5","9","8","4","","1","1","1","0","0"
"POINT (6.996715361000042 50.963945853000041)","Unfall 33128 (2021) Kat:2, Licht: 0","33128","2","1","0","9","18","6","","0","1","0","0","0"
"POINT (7.101510129000076 50.896410047000074)","Unfall 33131 (2021) Kat:3, Licht: 2","33131","3","1","0","11","17","6","","2","1","0","0","0"
"POINT (7.093311941000024 50.929860223000048)","Unfall 33135 (2021) Kat:3, Licht: 2","33135","3","6","1","11","19","2","","2","0","1","0","0"
"POINT (7.058568301000037 50.897349696000049)","Unfall 33138 (2021) Kat:3, Licht: 0","33138","3","7","5","2","16","4","","0","0","1","0","0"
"POINT (7.024166625000021 50.981535311000073)","Unfall 33145 (2021) Kat:3, Licht: 0","33145","3","6","2","2","12","6","","0","0","1","0","0"
"POINT (7.095961092000039 50.844841002000067)","Unfall 33157 (2021) Kat:3, Licht: 2","33157","3","3","5","3","22","4","","2","0","1","0","0"
"POINT (7.048300371000039 50.935207732000038)","Unfall 33163 (2021) Kat:2, Licht: 0","33163","2","1","8","2","16","4","","0","0","1","0","0"
"POINT (6.991976243000067 50.915779696000072)","Unfall 33164 (2021) Kat:3, Licht: 0","33164","3","7","6","2","13","5","","0","1","0","1","0"
"POINT (7.007921840000051 50.938789003000068)","Unfall 33177 (2021) Kat:3, Licht: 2","33177","3","6","6","10","20","1","","2","0","0","1","0"
"POINT (7.127944787000047 50.910269599000060)","Unfall 33178 (2021) Kat:2, Licht: 0","33178","2","2","5","3","17","2","","0","1","1","0","0"
"POINT (7.097289276000026 50.843363559000068)","Unfall 33180 (2021) Kat:3, Licht: 0","33180","3","3","5","6","6","3","","0","0","1","0","0"
"POINT (7.058568301000037 50.897349696000049)","Unfall 33182 (2021) Kat:3, Licht: 0","33182","3","2","5","9","19","1","","0","1","1","0","0"
"POINT (6.995828921000054 50.951094707000038)","Unfall 33186 (2021) Kat:3, Licht: 0","33186","3","6","2","10","15","3","","0","0","1","0","0"
"POINT (7.089003475000027 50.894805176000034)","Unfall 33191 (2021) Kat:3, Licht: 0","33191","3","6","2","5","18","2","","0","0","1","0","0"
"POINT (7.015681966000045 50.951784137000061)","Unfall 33206 (2021) Kat:2, Licht: 0","33206","2","3","5","11","7","3","","0","1","1","0","0"
"POINT (7.075352623000072 50.945222426000043)","Unfall 33209 (2021) Kat:3, Licht: 0","33209","3","2","6","3","8","3","","0","0","1","1","0"
"POINT (7.063365728000065 50.905549047000079)","Unfall 33211 (2021) Kat:2, Licht: 0","33211","2","1","7","10","15","2","","0","0","1","0","0"
"POINT (7.027814809000063 50.975165883000045)","Unfall 33215 (2021) Kat:2, Licht: 2","33215","2","1","2","2","6","1","","2","0","1","0","0"
"POINT (7.006896238000024 50.969173672000068)","Unfall 33219 (2021) Kat:3, Licht: 2","33219","3","2","5","12","20","5","","2","1","1","0","0"
"POINT (7.001198176000059 50.957057500000076)","Unfall 33222 (2021) Kat:3, Licht: 0","33222","3","3","5","10","11","4","","0","0","1","0","1"
"POINT (7.030813132000048 50.968272361000061)","Unfall 33240 (2021) Kat:2, Licht: 0","33240","2","6","1","9","16","5","","0","0","1","0","0"
"POINT (7.039330803000041 50.945496752000054)","Unfall 33250 (2021) Kat:3, Licht: 0","33250","3","6","2","5","15","6","","0","0","1","0","0"
"POINT (7.013722225000038 50.953347281000049)","Unfall 33252 (2021) Kat:3, Licht: 1","33252","3","6","1","11","17","3","","1","0","1","0","0"
"POINT (7.119120638000027 50.944762059000027)","Unfall 33253 (2021) Kat:3, Licht: 2","33253","3","6","2","11","17","3","","2","0","1","0","0"
"POINT (7.092458358000044 50.889801164000062)","Unfall 33256 (2021) Kat:3, Licht: 0","33256","3","6","2","6","17","2","","0","0","1","0","0"
"POINT (7.000546814000074 50.911799714000040)","Unfall 33258 (2021) Kat:3, Licht: 0","33258","3","2","0","6","8","3","","0","1","1","0","0"
"POINT (7.086124452000035 50.922186878000048)","Unfall 33272 (2021) Kat:3, Licht: 0","33272","3","3","5","11","12","2","","0","0","1","0","0"
"POINT (7.043170957000029 51.005296692000059)","Unfall 33278 (2021) Kat:2, Licht: 2","33278","2","1","4","1","17","5","","2","0","1","0","1"
"POINT (7.030044813000075 50.917080693000059)","Unfall 33279 (2021) Kat:3, Licht: 2","33279","3","6","2","12","19","2","","2","0","1","0","0"
"POINT (7.067063014000041 50.907953211000063)","Unfall 33313 (2021) Kat:3, Licht: 0","33313","3","2","2","11","12","7","","0","0","1","0","0"
"POINT (7.027718163000031 50.965991547000044)","Unfall 33316 (2021) Kat:3, Licht: 2","33316","3","2","5","12","17","3","","2","0","1","0","0"
"POINT (7.020254123000029 50.948437952000063)","Unfall 33317 (2021) Kat:3, Licht: 0","33317","3","3","5","11","13","7","","0","0","1","0","1"
"POINT (7.058568301000037 50.897349696000049)","Unfall 33337 (2021) Kat:3, Licht: 2","33337","3","2","6","12","17","4","","2","0","1","1","0"
"POINT (7.018722612000033 50.949578124000027)","Unfall 33355 (2021) Kat:3, Licht: 0","33355","3","3","5","10","11","7","","0","0","1","0","0"
"POINT (7.001037286000042 50.924644623000063)","Unfall 33361 (2021) Kat:3, Licht: 0","33361","3","6","3","2","9","4","","0","0","1","0","0"
"POINT (7.041372064000029 50.929665286000045)","Unfall 33369 (2021) Kat:3, Licht: 0","33369","3","6","2","7","15","3","","0","0","1","0","0"
"POINT (6.999310139000045 50.989422518000026)","Unfall 33370 (2021) Kat:3, Licht: 0","33370","3","6","2","11","14","4","","0","0","1","0","0"
"POINT (7.030060950000063 50.941132430000039)","Unfall 33380 (2021) Kat:3, Licht: 2","33380","3","5","1","11","18","4","","2","0","1","0","0"
"POINT (7.013821094000036 50.953169072000037)","Unfall 33390 (2021) Kat:3, Licht: 0","33390","3","3","5","6","15","3","","0","1","1","0","0"
"POINT (7.006199370000047 50.911632942000040)","Unfall 33392 (2021) Kat:3, Licht: 0","33392","3","6","2","6","15","3","","0","0","1","0","0"
"POINT (7.028205320000041 50.984833084000059)","Unfall 33407 (2021) Kat:3, Licht: 0","33407","3","6","1","5","15","4","","0","0","1","0","0"
"POINT (7.014286976000051 50.986546210000029)","Unfall 33409 (2021) Kat:3, Licht: 0","33409","3","6","2","6","13","6","","0","0","1","0","0"
"POINT (7.006697143000054 50.969423465000034)","Unfall 33411 (2021) Kat:3, Licht: 0","33411","3","2","5","2","16","7","","0","1","1","0","0"
"POINT (7.002998803000025 50.978740517000062)","Unfall 33412 (2021) Kat:3, Licht: 0","33412","3","3","5","6","8","4","","0","1","1","0","0"
"POINT (7.034664336000048 50.858997919000046)","Unfall 33421 (2021) Kat:3, Licht: 0","33421","3","7","0","4","19","3","","0","1","0","0","0"
"POINT (7.040442969000026 50.943785309000077)","Unfall 33422 (2021) Kat:3, Licht: 0","33422","3","6","2","9","11","7","","0","0","1","0","0"
"POINT (7.099485200000061 50.908591321000074)","Unfall 33423 (2021) Kat:2, Licht: 1","33423","2","2","4","10","16","5","","1","0","1","0","0"
"POINT (7.086987148000048 50.919030934000034)","Unfall 33424 (2021) Kat:3, Licht: 0","33424","3","6","2","7","16","2","","0","0","1","0","0"
"POINT (7.076975494000067 50.919048110000062)","Unfall 33425 (2021) Kat:3, Licht: 0","33425","3","6","3","5","17","3","","0","0","1","0","0"
"POINT (7.080441898000061 50.854608198000051)","Unfall 33427 (2021) Kat:3, Licht: 0","33427","3","3","5","6","13","2","","0","0","1","0","0"
"POINT (7.029154387000062 50.972592397000028)","Unfall 33432 (2021) Kat:3, Licht: 0","33432","3","6","2","9","12","6","","0","0","1","0","0"
"POINT (7.017454758000042 50.963924357000053)","Unfall 33441 (2021) Kat:3, Licht: 0","33441","3","3","5","9","12","1","","0","0","1","0","1"
"POINT (7.006113462000030 50.963012883000033)","Unfall 33444 (2021) Kat:3, Licht: 0","33444","3","3","5","6","13","4","","0","0","1","0","1"
"POINT (7.004425670000046 50.976914981000050)","Unfall 33485 (2021) Kat:3, Licht: 0","33485","3","2","5","3","9","4","","0","1","1","0","0"
"POINT (6.987864618000060 50.918843642000070)","Unfall 33495 (2021) Kat:3, Licht: 0","33495","3","1","0","5","16","3","","0","0","0","0","1"
"POINT (7.050333481000052 50.918644428000050)","Unfall 33500 (2021) Kat:3, Licht: 0","33500","3","3","5","12","10","4","","0","0","1","0","0"
"POINT (7.136409406000041 50.881990473000030)","Unfall 33504 (2021) Kat:2, Licht: 2","33504","2","1","8","12","2","1","","2","0","1","0","0"
"POINT (7.028000151000072 50.943597830000044)","Unfall 33509 (2021) Kat:3, Licht: 0","33509","3","2","5","11","11","2","","0","0","1","0","0"
"POINT (7.020800053000073 50.933294635000038)","Unfall 33510 (2021) Kat:3, Licht: 0","33510","3","3","5","11","14","7","","0","0","1","0","0"
"POINT (7.122990919000074 50.890523327000039)","Unfall 33511 (2021) Kat:3, Licht: 0","33511","3","5","1","1","11","1","","0","1","1","0","0"
"POINT (7.097281562000035 50.843372312000042)","Unfall 33515 (2021) Kat:3, Licht: 2","33515","3","2","5","4","6","5","","2","0","1","0","0"
"POINT (7.101186275000032 50.899183651000044)","Unfall 33523 (2021) Kat:3, Licht: 2","33523","3","7","0","10","3","3","","2","0","1","0","0"
"POINT (7.057571506000045 50.952780724000036)","Unfall 33529 (2021) Kat:3, Licht: 0","33529","3","3","5","10","15","4","","0","0","1","0","1"
"POINT (7.068416589000037 50.907050121000054)","Unfall 33543 (2021) Kat:2, Licht: 0","33543","2","1","9","5","19","1","","0","0","0","0","1"
"POINT (7.006763067000065 50.968110652000064)","Unfall 33550 (2021) Kat:3, Licht: 1","33550","3","6","2","10","18","1","","1","0","1","0","0"
"POINT (7.082348390000050 50.881554541000071)","Unfall 33556 (2021) Kat:3, Licht: 0","33556","3","4","6","3","15","3","","0","1","0","1","0"
"POINT (7.077799929000037 50.892736840000055)","Unfall 33566 (2021) Kat:3, Licht: 0","33566","3","1","2","5","8","2","","0","0","1","0","0"
"POINT (7.081010156000048 50.885696075000055)","Unfall 33569 (2021) Kat:3, Licht: 2","33569","3","1","0","2","23","6","","2","1","0","0","0"
"POINT (7.056652894000024 50.974812836000069)","Unfall 33570 (2021) Kat:3, Licht: 0","33570","3","5","0","9","15","5","","0","0","1","0","0"
"POINT (6.985306324000021 50.920415805000061)","Unfall 33572 (2021) Kat:2, Licht: 0","33572","2","7","6","10","11","3","","0","0","1","1","0"
"POINT (7.027486196000041 50.943058244000042)","Unfall 33577 (2021) Kat:3, Licht: 0","33577","3","2","2","6","16","5","","0","0","1","0","0"
"POINT (7.018338177000032 50.933505394000065)","Unfall 33583 (2021) Kat:3, Licht: 2","33583","3","3","5","1","17","5","","2","0","1","0","0"
"POINT (7.013729841000043 50.954464178000080)","Unfall 33584 (2021) Kat:3, Licht: 0","33584","3","7","6","9","15","3","","0","0","0","1","0"
"POINT (7.105429393000065 50.913884435000057)","Unfall 33587 (2021) Kat:3, Licht: 2","33587","3","6","2","11","18","6","","2","0","1","0","0"
"POINT (7.091759479000075 50.891555998000058)","Unfall 33588 (2021) Kat:3, Licht: 2","33588","3","6","3","11","6","4","","2","0","1","0","0"
"POINT (6.989127547000066 50.936606290000043)","Unfall 33596 (2021) Kat:3, Licht: 0","33596","3","2","5","1","8","5","","0","0","1","0","0"
"POINT (7.034222306000061 50.958551067000030)","Unfall 33600 (2021) Kat:3, Licht: 0","33600","3","6","2","5","8","5","","0","0","0","0","0"
"POINT (7.037617698000076 50.911003458000039)","Unfall 33602 (2021) Kat:2, Licht: 2","33602","2","6","2","12","19","6","","2","0","1","0","0"
"POINT (7.053920139000070 50.930058222000071)","Unfall 33607 (2021) Kat:2, Licht: 0","33607","2","6","3","4","7","4","","0","0","1","0","0"
"POINT (7.043015712000056 50.969130503000031)","Unfall 33609 (2021) Kat:3, Licht: 0","33609","3","2","5","9","17","3","","0","1","1","0","0"
"POINT (7.020230483000034 50.949110633000032)","Unfall 33611 (2021) Kat:3, Licht: 0","33611","3","6","3","10","13","2","","0","0","1","0","0"
"POINT (7.085189495000066 50.897535006000055)","Unfall 33617 (2021) Kat:3, Licht: 0","33617","3","6","2","5","14","4","","0","0","1","0","0"
"POINT (7.058944607000058 50.925304918000052)","Unfall 33618 (2021) Kat:3, Licht: 0","33618","3","6","2","11","15","6","","0","0","1","0","0"
"POINT (6.996716427000024 50.998540599000080)","Unfall 33621 (2021) Kat:3, Licht: 2","33621","3","2","5","7","23","2","","2","0","1","0","0"
"POINT (7.079833918000077 50.919117986000060)","Unfall 33628 (2021) Kat:3, Licht: 0","33628","3","6","2","10","14","4","","0","0","1","0","0"
"POINT (7.069045965000043 50.920928114000048)","Unfall 33647 (2021) Kat:3, Licht: 0","33647","3","6","3","10","11","7","","0","0","1","0","0"
"POINT (7.022133982000071 50.940312643000027)","Unfall 33666 (2021) Kat:3, Licht: 0","33666","3","7","0","9","17","4","","0","1","0","0","0"
"POINT (7.025056903000063 50.940254171000049)","Unfall 33668 (2021) Kat:3, Licht: 0","33668","3","3","5","3","16","4","","0","1","0","0","0"
"POINT (7.058973251000054 50.908493259000068)","Unfall 33674 (2021) Kat:2, Licht: 2","33674","2","7","8","2","20","6","","2","0","1","0","0"
"POINT (6.997466912000050 50.873952352000060)","Unfall 33677 (2021) Kat:3, Licht: 0","33677","3","3","0","9","11","3","","0","0","1","0","1"
"POINT (7.118395032000024 50.907822482000029)","Unfall 33679 (2021) Kat:3, Licht: 1","33679","3","6","2","10","7","4","","1","0","1","0","0"
"POINT (7.104293892000044 50.861947673000032)","Unfall 33682 (2021) Kat:3, Licht: 0","33682","3","3","5","11","11","7","","0","1","1","0","0"
"POINT (7.090241924000054 50.858102820000056)","Unfall 33683 (2021) Kat:3, Licht: 2","33683","3","6","4","6","22","6","","2","0","1","0","1"
"POINT (7.079423780000070 50.948474048000037)","Unfall 33684 (2021) Kat:3, Licht: 0","33684","3","4","0","11","8","2","","0","1","1","1","0"
"POINT (7.046091881000052 50.937530812000034)","Unfall 33693 (2021) Kat:3, Licht: 0","33693","3","6","3","2","14","6","","0","0","1","0","0"
"POINT (6.992167822000056 50.915639839000050)","Unfall 33694 (2021) Kat:3, Licht: 2","33694","3","4","6","1","5","5","","2","0","1","1","0"
"POINT (7.032851637000022 50.962981286000058)","Unfall 33695 (2021) Kat:3, Licht: 0","33695","3","6","2","4","18","2","","0","0","1","0","0"
"POINT (7.049325628000076 50.929696202000059)","Unfall 33696 (2021) Kat:2, Licht: 0","33696","2","1","8","10","16","1","","0","0","1","0","0"
"POINT (7.055050990000041 50.863759811000079)","Unfall 33703 (2021) Kat:3, Licht: 0","33703","3","1","0","2","11","7","","0","1","0","0","0"
"POINT (7.021076650000055 50.979191823000065)","Unfall 33707 (2021) Kat:3, Licht: 0","33707","3","7","0","3","15","4","","0","0","0","0","0"
"POINT (7.121205692000046 50.890539042000057)","Unfall 33708 (2021) Kat:2, Licht: 0","33708","2","1","8","5","14","7","","0","0","0","0","1"
"POINT (7.097736848000068 50.848759335000068)","Unfall 33711 (2021) Kat:2, Licht: 0","33711","2","6","2","7","16","5","","0","0","1","0","1"
"POINT (6.995482916000071 50.964229893000038)","Unfall 33716 (2021) Kat:3, Licht: 0","33716","3","1","9","11","9","1","","0","0","0","0","0"
"POINT (7.040576892000047 50.930080038000028)","Unfall 33718 (2021) Kat:3, Licht: 0","33718","3","2","5","1","12","6","","0","0","1","0","0"
"POINT (7.056315210000037 50.907389078000051)","Unfall 33724 (2021) Kat:3, Licht: 0","33724","3","6","2","12","14","7","","0","0","1","0","0"
"POINT (7.009718900000053 50.958554644000060)","Unfall 33732 (2021) Kat:3, Licht: 0","33732","3","6","2","7","17","6","","0","0","1","0","0"
"POINT (7.064459006000050 50.882926439000073)","Unfall 33736 (2021) Kat:3, Licht: 0","33736","3","4","0","3","12","6","","0","1","0","1","0"
"POINT (7.040030398000056 50.941054613000063)","Unfall 33740 (2021) Kat:3, Licht: 0","33740","3","6","2","9","9","2","","0","0","1","0","0"
"POINT (7.006626456000049 50.963506097000050)","Unfall 33744 (2021) Kat:3, Licht: 0","33744","3","6","1","2","10","4","","0","0","1","0","0"
"POINT (7.107198193000045 50.915643223000075)","Unfall 33746 (2021) Kat:3, Licht: 2","33746","3","2","5","10","6","6","","2","0","1","0","0"
"POINT (6.999310139000045 50.989422518000026)","Unfall 33757 (2021) Kat:3, Licht: 2","33757","3","7","6","9","5","5","","2","1","0","1","0"
"POINT (7.100088282000058 50.858878837000077)","Unfall 33758 (2021) Kat:3, Licht: 2","33758","3","2","6","12","19","4","","2","0","1","1","0"
"POINT (7.021778355000038 50.933233777000055)","Unfall 33769 (2021) Kat:3, Licht: 0","33769","3","4","6","3","11","6","","0","0","1","1","0"
"POINT (7.014032341000075 51.002432489000057)","Unfall 33779 (2021) Kat:2, Licht: 0","33779","2","6","2","6","15","4","","0","0","1","0","1"
"POINT (7.002691149000043 50.979715570000053)","Unfall 33782 (2021) Kat:3, Licht: 0","33782","3","6","2","9","12","6","","0","0","1","0","0"
"POINT (7.095628069000043 50.867636631000039)","Unfall 33787 (2021) Kat:2, Licht: 1","33787","2","1","9","10","6","3","","1","0","1","0","0"