WKT,Name,OBJECTID,UKATEGORIE,UTYP1,UART,UMONAT,USTUNDE,UWOCHENTAG,STRZUSTAND,ULICHTVERH,ISTRAD,ISTPKW,ISTFUSS,ISTKRAD
"POINT (7.071143472000074 50.881938558000058)","Unfall 33788 (2021) Kat:3, Licht: 2","33788","3","1","8","9","23","6","","2","0","0","0","1"
"POINT (6.990938069000038 50.916402629000061)","Unfall 33794 (2021) Kat:3, Licht: 0","33794","3","1","0","7","11","3","","0","0","0","0","1"
"POINT (7.037541365000038 50.933604408000065)","Unfall 33797 (2021) Kat:2, Licht: 2","33797","2","2","6","11","21","7","","2","0","1","1","0"
"POINT (7.084726672000045 50.898070226000073)","Unfall 33798 (2021) Kat:3, Licht: 0","33798","3","1","6","1","13","3","","0","0","0","1","0"
"POINT (7.096976903000041 50.856843251000043)","Unfall 33811 (2021) Kat:3, Licht: 0","33811","3","6","2","3","12","6","","0","0","1","0","0"
"POINT (6.996144706000052 50.964120714000046)","Unfall 33817 (2021) Kat:3, Licht: 0","33817","3","6","2","4","19","7","","0","0","1","0","0"
"POINT (7.104085112000064 50.912789736000036)","Unfall 33821 (2021) Kat:1, Licht: 0","33821","1","4","6","6","16","4","","0","0","1","1","0"
"POINT (6.986775065000074 50.896281365000050)","Unfall 33830 (2021) Kat:3, Licht: 0","33830","3","6","2","12","16","1","","0","0","1","0","0"
"POINT (7.010806901000024 50.969867795000027)","Unfall 33838 (2021) Kat:3, Licht: 0","33838","3","4","6","6","13","3","","0","1","0","1","0"
"POINT (7.018648167000038 50.940202998000075)","Unfall 33847 (2021) Kat:3, Licht: 2","33847","3","2","0","1","20","7","","2","0","1","1","0"
"POINT (7.041283472000032 50.929249306000031)","Unfall 33861 (2021) Kat:3, Licht: 0","33861","3","4","0","4","17","6","","0","0","0","1","0"
"POINT (7.081962785000030 50.882613876000050)","Unfall 33866 (2021) Kat:3, Licht: 0","33866","3","3","5","10","12","6","","0","0","1","0","0"
"POINT (7.092142392000028 50.849595910000062)","Unfall 33889 (2021) Kat:3, Licht: 2","33889","3","5","1","11","17","4","","2","0","1","0","0"
"POINT (7.000099436000028 50.870168200000080)","Unfall 33891 (2021) Kat:3, Licht: 0","33891","3","2","2","11","15","2","","0","0","1","0","0"
"POINT (7.048924370000066 50.970954658000039)","Unfall 33898 (2021) Kat:3, Licht: 0","33898","3","3","5","5","10","1","","0","0","1","0","0"
"POINT (7.028196350000030 50.984816030000047)","Unfall 33903 (2021) Kat:3, Licht: 2","33903","3","3","5","3","6","6","","2","0","1","0","0"
"POINT (7.015107735000072 50.975493314000062)","Unfall 33905 (2021) Kat:3, Licht: 1","33905","3","7","6","11","18","2","","1","0","1","1","0"
"POINT (7.040512859000046 50.930153300000029)","Unfall 33916 (2021) Kat:3, Licht: 0","33916","3","2","5","6","19","6","","0","0","1","0","1"
"POINT (7.078019818000030 50.923377556000048)","Unfall 33919 (2021) Kat:3, Licht: 0","33919","3","2","5","3","16","6","","0","1","1","0","0"
"POINT (7.057217435000041 51.000616471000058)","Unfall 33922 (2021) Kat:2, Licht: 0","33922","2","2","4","3","15","3","","0","1","1","0","0"
"POINT (7.031074672000045 50.966768732000048)","Unfall 33928 (2021) Kat:2, Licht: 0","33928","2","6","2","2","13","7","","0","0","1","0","0"
"POINT (7.013432097000020 51.014992234000033)","Unfall 33939 (2021) Kat:3, Licht: 0","33939","3","6","2","9","15","7","","0","0","1","0","0"
"POINT (7.005422080000073 50.963823463000040)","Unfall 33941 (2021) Kat:3, Licht: 0","33941","3","6","3","2","15","4","","0","0","1","0","0"
"POINT (7.107196002000023 50.915639470000031)","Unfall 33943 (2021) Kat:3, Licht: 0","33943","3","2","5","10","12","6","","0","0","1","0","0"
"POINT (7.071144052000022 50.905356023000081)","Unfall 33947 (2021) Kat:3, Licht: 2","33947","3","3","3","12","19","5","","2","0","1","0","0"
"POINT (7.055549577000022 50.880816838000044)","Unfall 33962 (2021) Kat:3, Licht: 0","33962","3","6","1","9","13","7","","0","0","1","0","0"
"POINT (7.025929441000073 50.982853311000042)","Unfall 33969 (2021) Kat:3, Licht: 0","33969","3","7","1","11","11","2","","0","0","1","0","1"
"POINT (7.095449058000042 50.869370664000030)","Unfall 33984 (2021) Kat:3, Licht: 0","33984","3","6","2","4","11","7","","0","0","1","0","0"
"POINT (7.070662407000043 50.909578005000071)","Unfall 33985 (2021) Kat:2, Licht: 2","33985","2","4","6","11","19","6","","2","0","1","1","0"
"POINT (7.037604152000029 50.897390827000038)","Unfall 33994 (2021) Kat:3, Licht: 2","33994","3","7","0","1","17","4","","2","1","0","0","0"
"POINT (6.996833723000066 50.998131971000078)","Unfall 34013 (2021) Kat:3, Licht: 2","34013","3","6","3","12","21","5","","2","0","1","0","0"
"POINT (7.041509960000042 51.001818389000050)","Unfall 34057 (2021) Kat:3, Licht: 0","34057","3","2","6","10","12","6","","0","0","1","1","0"
"POINT (6.984667593000040 50.920854208000037)","Unfall 34065 (2021) Kat:3, Licht: 0","34065","3","2","5","12","13","2","","0","1","1","0","0"
"POINT (7.027664535000042 50.942807748000064)","Unfall 34070 (2021) Kat:3, Licht: 0","34070","3","2","5","6","18","6","","0","0","1","0","0"
"POINT (7.005389965000063 50.963832626000055)","Unfall 34079 (2021) Kat:2, Licht: 0","34079","2","2","5","3","15","3","","0","0","1","0","0"
"POINT (7.072076961000050 50.881479834000061)","Unfall 34086 (2021) Kat:3, Licht: 2","34086","3","1","0","9","2","1","","2","0","0","0","0"
"POINT (7.038521267000021 50.948128740000072)","Unfall 34094 (2021) Kat:3, Licht: 0","34094","3","1","8","10","15","5","","0","0","1","0","0"
"POINT (7.055552848000048 50.912533200000041)","Unfall 34101 (2021) Kat:3, Licht: 0","34101","3","1","0","12","15","2","","0","0","0","0","1"
"POINT (7.123563273000059 50.906416283000056)","Unfall 34106 (2021) Kat:3, Licht: 1","34106","3","6","2","11","7","2","","1","0","0","0","0"
"POINT (7.098726407000072 50.947962358000041)","Unfall 34111 (2021) Kat:3, Licht: 2","34111","3","6","9","9","21","1","","2","0","1","0","0"
"POINT (7.021502002000034 50.979985981000027)","Unfall 34160 (2021) Kat:3, Licht: 0","34160","3","6","2","10","15","5","","0","0","1","0","0"
"POINT (6.999227792000056 50.937629591000075)","Unfall 34165 (2021) Kat:3, Licht: 2","34165","3","7","3","11","5","7","","2","0","1","0","0"
"POINT (7.059103617000062 50.908340077000048)","Unfall 34167 (2021) Kat:3, Licht: 2","34167","3","6","1","7","22","5","","2","0","1","0","0"
"POINT (7.002520917000027 50.959834691000026)","Unfall 34175 (2021) Kat:2, Licht: 2","34175","2","6","4","7","1","3","","2","0","1","0","0"
"POINT (7.092038680000030 50.890669171000070)","Unfall 34177 (2021) Kat:3, Licht: 0","34177","3","6","2","6","7","2","","0","0","1","0","0"
"POINT (7.054574352000031 50.889692703000037)","Unfall 34196 (2021) Kat:3, Licht: 0","34196","3","3","5","9","7","5","","0","1","1","0","0"
"POINT (7.008033358000034 50.938815753000029)","Unfall 34201 (2021) Kat:3, Licht: 2","34201","3","1","0","9","1","1","","2","0","0","0","0"
"POINT (7.042548666000073 50.941443142000026)","Unfall 34211 (2021) Kat:3, Licht: 0","34211","3","6","3","6","19","3","","0","0","1","0","0"
"POINT (7.058568301000037 50.897349696000049)","Unfall 34219 (2021) Kat:3, Licht: 2","34219","3","3","5","11","6","4","","2","0","1","0","0"
"POINT (6.985991369000033 50.891839308000044)","Unfall 34220 (2021) Kat:3, Licht: 0","34220","3","4","6","4","6","6","","0","1","0","1","0"
"POINT (7.031076838000047 50.966687486000069)","Unfall 34224 (2021) Kat:3, Licht: 0","34224","3","6","2","7","17","1","","0","0","1","0","0"
"POINT (7.116952510000033 50.908094302000052)","Unfall 34229 (2021) Kat:3, Licht: 0","34229","3","6","2","9","16","6","","0","0","1","0","0"
"POINT (7.134969571000056 50.882983954000053)","Unfall 34231 (2021) Kat:2, Licht: 2","34231","2","7","7","6","23","1","","2","0","0","0","1"
"POINT (7.018720791000021 50.940205414000047)","Unfall 34237 (2021) Kat:3, Licht: 0","34237","3","6","0","6","17","3","","0","1","0","0","0"
"POINT (7.006576831000075 50.966846404000080)","Unfall 34240 (2021) Kat:3, Licht: 0","34240","3","4","6","9","13","2","","0","0","1","1","0"
"POINT (7.113293916000032 50.941356922000068)","Unfall 34245 (2021) Kat:3, Licht: 0","34245","3","3","5","4","16","3","","0","1","1","0","0"
"POINT (6.994312391000051 50.949611373000039)","Unfall 34249 (2021) Kat:3, Licht: 0","34249","3","3","5","9","13","3","","0","1","1","0","0"
"POINT (7.099484236000023 50.908588031000079)","Unfall 34252 (2021) Kat:3, Licht: 0","34252","3","2","5","10","17","6","","0","0","1","0","0"
"POINT (7.027597093000054 50.916752080000037)","Unfall 34264 (2021) Kat:3, Licht: 2","34264","3","1","8","12","16","4","","2","0","1","0","0"
"POINT (7.005449308000038 50.964129980000052)","Unfall 34273 (2021) Kat:3, Licht: 0","34273","3","1","0","6","21","5","","0","1","0","0","0"
"POINT (7.093015208000054 50.929703548000077)","Unfall 34275 (2021) Kat:3, Licht: 2","34275","3","2","5","11","6","6","","2","1","1","0","0"
"POINT (7.162784404000035 50.895909083000049)","Unfall 34282 (2021) Kat:3, Licht: 0","34282","3","6","1","9","8","4","","0","0","1","0","0"
"POINT (7.048420016000023 50.869907366000064)","Unfall 34285 (2021) Kat:3, Licht: 0","34285","3","6","2","1","13","6","","0","0","1","0","1"
"POINT (6.992988491000062 50.926784094000027)","Unfall 34286 (2021) Kat:3, Licht: 1","34286","3","6","2","10","18","5","","1","0","1","0","0"
"POINT (6.998162360000038 50.937462104000076)","Unfall 34290 (2021) Kat:3, Licht: 0","34290","3","5","1","11","14","2","","0","1","1","0","0"
"POINT (7.008732865000070 50.938970402000052)","Unfall 34303 (2021) Kat:3, Licht: 2","34303","3","5","5","12","19","4","","2","1","1","0","0"
"POINT (6.998952154000051 50.937540899000055)","Unfall 34305 (2021) Kat:3, Licht: 1","34305","3","4","6","6","22","7","","1","0","1","1","0"
"POINT (7.008019860000047 50.938812407000057)","Unfall 34341 (2021) Kat:3, Licht: 0","34341","3","7","5","10","16","7","","0","1","1","0","0"
"POINT (7.002510223000058 50.959818240000061)","Unfall 34342 (2021) Kat:3, Licht: 0","34342","3","2","5","12","10","2","","0","1","1","0","0"
"POINT (7.096442721000074 50.920208237000054)","Unfall 34344 (2021) Kat:3, Licht: 0","34344","3","2","0","6","15","7","","0","0","1","0","1"
"POINT (7.083498831000043 50.869500264000067)","Unfall 34345 (2021) Kat:3, Licht: 0","34345","3","3","5","12","11","3","","0","1","1","0","0"
"POINT (7.027452221000033 50.943082810000078)","Unfall 34365 (2021) Kat:3, Licht: 0","34365","3","3","5","9","14","7","","0","1","1","0","0"
"POINT (7.010240770000053 50.849234910000064)","Unfall 34366 (2021) Kat:3, Licht: 0","34366","3","4","6","12","14","6","","0","0","0","1","0"
"POINT (7.064558802000022 50.882925528000044)","Unfall 34370 (2021) Kat:3, Licht: 0","34370","3","7","4","6","17","2","","0","1","0","0","0"
"POINT (6.999445036000054 50.985923732000060)","Unfall 34390 (2021) Kat:3, Licht: 1","34390","3","1","2","6","4","6","","1","0","1","0","0"
"POINT (7.067997180000020 50.977785955000058)","Unfall 34395 (2021) Kat:3, Licht: 1","34395","3","6","0","2","7","6","","1","1","0","0","0"
"POINT (7.055721200000050 50.884693448000064)","Unfall 34397 (2021) Kat:3, Licht: 1","34397","3","6","2","11","16","4","","1","0","1","0","0"
"POINT (7.036193082000068 50.954228106000073)","Unfall 34403 (2021) Kat:3, Licht: 0","34403","3","6","2","12","14","5","","0","0","1","0","0"
"POINT (7.040533144000051 50.944080047000057)","Unfall 34404 (2021) Kat:3, Licht: 0","34404","3","6","2","3","15","2","","0","0","1","0","0"
"POINT (7.057963938000057 50.882300897000050)","Unfall 34411 (2021) Kat:3, Licht: 0","34411","3","7","1","2","12","5","","0","1","1","0","0"
"POINT (7.050037109000073 50.933802073000038)","Unfall 34417 (2021) Kat:3, Licht: 1","34417","3","6","3","12","16","7","","1","0","1","0","0"
"POINT (7.107386939000037 50.868729448000067)","Unfall 34433 (2021) Kat:3, Licht: 0","34433","3","3","5","4","16","6","","0","1","1","0","0"
"POINT (7.035032850000050 50.967498774000035)","Unfall 34442 (2021) Kat:3, Licht: 0","34442","3","3","0","11","12","4","","0","1","1","0","0"
"POINT (7.053006338000046 50.915467608000029)","Unfall 34443 (2021) Kat:2, Licht: 0","34443","2","6","4","2","15","5","","0","1","0","0","0"
"POINT (6.999310139000045 50.989422518000026)","Unfall 34444 (2021) Kat:2, Licht: 1","34444","2","3","5","2","18","6","","1","0","1","0","0"
"POINT (7.056983145000061 50.949639845000036)","Unfall 34450 (2021) Kat:3, Licht: 0","34450","3","3","0","10","15","7","","0","0","1","0","0"
"POINT (6.984345002000055 50.937031469000033)","Unfall 34452 (2021) Kat:3, Licht: 0","34452","3","2","5","9","12","3","","0","1","0","0","0"
"POINT (7.023907725000072 50.902639102000080)","Unfall 34455 (2021) Kat:3, Licht: 0","34455","3","5","0","6","13","4","","0","1","1","0","0"
"POINT (7.013637917000040 50.973493691000044)","Unfall 34464 (2021) Kat:3, Licht: 0","34464","3","1","4","10","12","1","","0","0","1","0","0"
"POINT (7.006332406000070 50.966744017000053)","Unfall 34466 (2021) Kat:3, Licht: 0","34466","3","2","6","10","7","6","","0","0","1","1","0"
"POINT (7.095903794000037 50.858741888000054)","Unfall 34472 (2021) Kat:3, Licht: 2","34472","3","3","0","10","18","2","","2","0","1","0","1"
"POINT (7.071979272000021 50.946234317000062)","Unfall 34473 (2021) Kat:3, Licht: 0","34473","3","3","3","12","11","6","","0","1","0","0","0"
"POINT (6.989120171000025 50.917851489000043)","Unfall 34476 (2021) Kat:3, Licht: 0","34476","3","1","0","10","13","5","","0","1","0","0","0"
"POINT (7.052470705000076 50.889439114000027)","Unfall 34481 (2021) Kat:2, Licht: 0","34481","2","7","0","11","14","6","","0","1","0","0","0"
"POINT (7.003854854000053 50.961759421000068)","Unfall 34482 (2021) Kat:2, Licht: 0","34482","2","4","6","5","14","1","","0","0","0","1","0"
"POINT (7.037477616000047 50.998141393000026)","Unfall 34483 (2021) Kat:3, Licht: 0","34483","3","3","5","2","10","6","","0","0","1","0","0"
"POINT (7.043200574000025 50.940640783000049)","Unfall 34490 (2021) Kat:3, Licht: 0","34490","3","6","2","3","7","3","","0","0","1","0","0"
"POINT (7.008228450000047 50.967998500000078)","Unfall 34495 (2021) Kat:3, Licht: 0","34495","3","6","4","9","8","5","","0","1","0","0","0"
"POINT (7.059414922000030 50.974704938000059)","Unfall 34500 (2021) Kat:3, Licht: 0","34500","3","2","0","6","11","2","","0","1","1","0","0"
"POINT (7.012085477000028 50.936538121000069)","Unfall 34504 (2021) Kat:2, Licht: 2","34504","2","6","0","10","20","5","","2","1","0","0","1"
"POINT (7.004344696000032 50.977053107000074)","Unfall 34506 (2021) Kat:3, Licht: 2","34506","3","6","1","1","23","6","","2","0","1","0","1"
"POINT (6.991568907000044 50.916080838000028)","Unfall 34519 (2021) Kat:2, Licht: 0","34519","2","5","0","9","10","5","","0","0","0","1","0"
"POINT (7.011127417000068 50.939367778000076)","Unfall 34524 (2021) Kat:3, Licht: 0","34524","3","2","2","7","20","1","","0","1","1","0","0"
"POINT (7.028184774000067 50.984794019000049)","Unfall 34531 (2021) Kat:3, Licht: 0","34531","3","2","5","6","16","4","","0","1","1","0","0"
"POINT (7.015481289000036 50.992331835000073)","Unfall 34533 (2021) Kat:3, Licht: 2","34533","3","1","9","6","23","7","","2","0","1","0","0"
"POINT (7.036847306000027 50.952496909000047)","Unfall 34543 (2021) Kat:3, Licht: 0","34543","3","6","2","9","14","1","","0","0","1","0","0"
"POINT (7.100967250000053 50.899668460000044)","Unfall 34545 (2021) Kat:3, Licht: 2","34545","3","2","5","11","18","2","","2","0","1","0","0"
"POINT (7.078340008000055 50.881097872000055)","Unfall 34547 (2021) Kat:3, Licht: 0","34547","3","5","1","7","15","6","","0","0","1","0","0"
"POINT (7.056440960000032 50.974942268000063)","Unfall 34550 (2021) Kat:3, Licht: 0","34550","3","4","6","2","16","6","","0","0","1","1","0"
"POINT (7.030975282000043 50.940365677000045)","Unfall 34556 (2021) Kat:3, Licht: 0","34556","3","6","2","6","13","4","","0","0","1","0","0"
"POINT (7.010113300000057 50.939210303000038)","Unfall 34559 (2021) Kat:3, Licht: 1","34559","3","6","2","11","16","6","","1","0","1","0","0"
"POINT (7.039649985000040 50.945497495000041)","Unfall 34566 (2021) Kat:3, Licht: 0","34566","3","6","2","7","8","3","","0","0","1","0","0"
"POINT (7.005389965000063 50.963832626000055)","Unfall 34570 (2021) Kat:3, Licht: 2","34570","3","3","5","10","22","2","","2","0","1","0","0"
"POINT (7.000363171000060 50.937674449000042)","Unfall 34573 (2021) Kat:3, Licht: 0","34573","3","2","5","1","16","4","","0","1","1","0","0"
"POINT (7.073633760000064 50.899295768000059)","Unfall 34576 (2021) Kat:3, Licht: 2","34576","3","6","2","11","18","4","","2","0","1","0","0"
"POINT (6.992636093000044 50.935689457000080)","Unfall 34580 (2021) Kat:3, Licht: 0","34580","3","3","5","9","12","4","","0","1","1","0","0"
"POINT (7.034719204000055 50.967434707000052)","Unfall 34581 (2021) Kat:3, Licht: 0","34581","3","2","5","6","7","6","","0","0","1","0","1"
"POINT (7.100062993000051 50.858878094000033)","Unfall 34585 (2021) Kat:3, Licht: 0","34585","3","2","5","9","15","4","","0","0","1","0","0"
"POINT (7.085827593000033 50.951043497000057)","Unfall 34586 (2021) Kat:3, Licht: 0","34586","3","6","2","6","14","6","","0","0","1","0","0"
"POINT (7.055568055000037 50.912515391000056)","Unfall 34591 (2021) Kat:3, Licht: 2","34591","3","2","5","6","22","5","","2","0","1","0","0"
"POINT (7.044005163000065 50.969333403000064)","Unfall 34594 (2021) Kat:3, Licht: 0","34594","3","1","0","9","17","4","","0","0","0","0","0"
"POINT (7.030389073000038 50.931652955000061)","Unfall 34595 (2021) Kat:2, Licht: 0","34595","2","7","0","9","7","4","","0","0","0","0","1"
"POINT (7.016371988000060 50.914733488000081)","Unfall 34605 (2021) Kat:3, Licht: 0","34605","3","6","9","7","12","7","","0","0","1","0","0"
"POINT (7.160967323000023 50.871509222000043)","Unfall 34616 (2021) Kat:3, Licht: 2","34616","3","1","9","7","22","6","","2","0","0","0","1"
"POINT (7.038579483000035 50.947155916000042)","Unfall 34623 (2021) Kat:3, Licht: 0","34623","3","6","3","9","14","5","","0","0","1","0","0"
"POINT (7.067058588000066 50.967987453000035)","Unfall 34626 (2021) Kat:3, Licht: 2","34626","3","1","8","12","2","7","","2","0","1","0","0"
"POINT (7.029161556000076 50.972573064000073)","Unfall 34630 (2021) Kat:2, Licht: 0","34630","2","6","3","5","13","4","","0","0","1","0","0"
"POINT (7.020898850000037 50.964620130000071)","Unfall 34631 (2021) Kat:3, Licht: 2","34631","3","6","2","11","5","1","","2","0","1","0","0"
"POINT (7.001631683000028 50.937778680000065)","Unfall 34635 (2021) Kat:2, Licht: 2","34635","2","7","9","6","1","5","","2","0","1","0","0"
"POINT (7.037123522000059 50.997422973000027)","Unfall 34643 (2021) Kat:3, Licht: 0","34643","3","3","5","9","10","5","","0","1","1","0","0"
"POINT (7.042612548000022 50.941361433000054)","Unfall 34646 (2021) Kat:3, Licht: 0","34646","3","6","2","2","12","5","","0","0","1","0","0"
"POINT (7.013695699000039 50.953852641000026)","Unfall 34658 (2021) Kat:3, Licht: 0","34658","3","7","0","9","16","5","","0","0","0","0","0"
"POINT (7.006114679000063 50.965505511000060)","Unfall 34660 (2021) Kat:3, Licht: 0","34660","3","1","0","9","12","3","","0","1","0","0","0"
"POINT (6.989513805000058 50.936647584000070)","Unfall 34669 (2021) Kat:3, Licht: 0","34669","3","7","0","11","12","7","","0","0","1","1","0"
"POINT (7.034030705000021 50.967294068000058)","Unfall 34673 (2021) Kat:3, Licht: 1","34673","3","2","5","10","19","4","","1","1","1","0","0"
"POINT (7.042517363000059 50.941483111000082)","Unfall 34682 (2021) Kat:3, Licht: 0","34682","3","6","2","2","14","7","","0","0","1","0","0"
"POINT (7.028675883000062 50.917312073000062)","Unfall 34683 (2021) Kat:3, Licht: 0","34683","3","6","2","11","13","2","","0","0","1","0","0"
"POINT (7.007676907000075 50.947362627000075)","Unfall 34686 (2021) Kat:2, Licht: 0","34686","2","6","3","10","16","1","","0","0","1","0","0"
"POINT (7.060861946000045 50.944911654000066)","Unfall 34691 (2021) Kat:3, Licht: 0","34691","3","2","5","1","13","5","","0","1","1","0","0"
"POINT (7.003909975000056 50.977120765000052)","Unfall 34698 (2021) Kat:2, Licht: 1","34698","2","2","5","9","18","5","","1","1","1","0","0"
"POINT (7.074283066000021 50.881142382000064)","Unfall 34718 (2021) Kat:3, Licht: 1","34718","3","1","0","9","18","1","","1","0","0","0","0"
"POINT (7.027770153000063 50.963319235000029)","Unfall 34724 (2021) Kat:3, Licht: 0","34724","3","6","2","3","12","7","","0","0","1","0","0"
"POINT (7.083906594000041 50.863020059000064)","Unfall 34731 (2021) Kat:3, Licht: 1","34731","3","3","0","11","16","6","","1","1","1","0","0"
"POINT (6.994368956000073 50.937094184000046)","Unfall 34735 (2021) Kat:3, Licht: 2","34735","3","2","5","11","17","3","","2","0","1","0","0"
"POINT (7.036525071000028 50.940470221000055)","Unfall 34736 (2021) Kat:3, Licht: 0","34736","3","2","5","7","16","5","","0","0","1","0","0"
"POINT (7.041380182000069 50.929128711000033)","Unfall 34737 (2021) Kat:3, Licht: 0","34737","3","3","5","6","16","1","","0","0","1","0","0"
"POINT (6.987382105000052 50.945275099000071)","Unfall 34745 (2021) Kat:3, Licht: 2","34745","3","1","8","1","16","6","","2","0","1","0","0"
"POINT (7.030917306000049 50.931631633000052)","Unfall 34749 (2021) Kat:3, Licht: 0","34749","3","3","5","11","7","3","","0","1","1","0","0"
"POINT (7.018338177000032 50.933505394000065)","Unfall 34760 (2021) Kat:3, Licht: 0","34760","3","2","5","5","15","2","","0","1","1","0","0"
"POINT (7.092789882000034 50.858534870000028)","Unfall 34765 (2021) Kat:3, Licht: 0","34765","3","1","2","3","16","3","","0","0","1","0","1"
"POINT (7.000178304000030 50.907881001000078)","Unfall 34767 (2021) Kat:2, Licht: 2","34767","2","1","2","5","22","2","","2","0","1","0","0"
"POINT (7.083298770000056 50.875283616000047)","Unfall 34769 (2021) Kat:3, Licht: 1","34769","3","3","0","10","18","2","","1","1","0","0","0"
"POINT (7.043522868000025 50.865171352000061)","Unfall 34788 (2021) Kat:3, Licht: 0","34788","3","7","0","4","9","3","","0","0","1","0","0"
"POINT (7.021820284000057 50.933233833000031)","Unfall 34790 (2021) Kat:3, Licht: 2","34790","3","2","6","1","7","5","","2","0","1","1","0"
"POINT (7.025112430000036 50.915924447000066)","Unfall 34792 (2021) Kat:3, Licht: 0","34792","3","6","3","1","15","2","","0","0","1","0","0"
"POINT (7.002617228000076 50.937904988000071)","Unfall 34803 (2021) Kat:3, Licht: 0","34803","3","2","0","4","16","5","","0","1","0","0","1"
"POINT (7.032835174000070 50.967050260000065)","Unfall 34816 (2021) Kat:3, Licht: 0","34816","3","3","5","9","14","2","","0","0","1","0","0"
"POINT (7.051588048000042 50.864774970000042)","Unfall 34817 (2021) Kat:3, Licht: 0","34817","3","7","6","1","8","5","","0","0","1","1","0"
"POINT (7.076473838000027 50.945119201000068)","Unfall 34819 (2021) Kat:3, Licht: 2","34819","3","2","4","12","17","4","","2","1","1","0","0"
"POINT (7.055102650000038 50.880188905000068)","Unfall 34822 (2021) Kat:3, Licht: 1","34822","3","6","0","10","18","5","","1","0","1","0","1"
"POINT (7.096627505000072 50.861341648000064)","Unfall 34830 (2021) Kat:3, Licht: 0","34830","3","6","2","9","17","6","","0","0","1","0","0"
"POINT (7.085230127000045 50.897335683000051)","Unfall 34831 (2021) Kat:3, Licht: 0","34831","3","6","2","9","8","4","","0","0","1","0","0"
"POINT (6.996047937000071 50.964056967000033)","Unfall 34836 (2021) Kat:2, Licht: 0","34836","2","1","0","6","7","6","","0","1","0","0","0"
"POINT (7.037117657000067 50.952373118000025)","Unfall 34837 (2021) Kat:3, Licht: 1","34837","3","1","8","4","7","7","","1","0","1","0","0"
"POINT (7.058592365000038 50.897410625000077)","Unfall 34847 (2021) Kat:3, Licht: 0","34847","3","6","2","9","12","6","","0","0","1","0","0"
"POINT (6.990789400000040 50.891042669000058)","Unfall 34851 (2021) Kat:3, Licht: 0","34851","3","3","1","5","10","2","","0","0","1","0","0"
"POINT (7.031197215000020 50.966446606000034)","Unfall 34852 (2021) Kat:3, Licht: 0","34852","3","6","2","9","13","2","","0","0","1","0","0"
"POINT (7.028205174000050 50.957686543000079)","Unfall 34864 (2021) Kat:3, Licht: 2","34864","3","6","1","11","16","6","","2","0","1","0","0"
"POINT (7.018903987000044 50.949232719000065)","Unfall 34865 (2021) Kat:3, Licht: 2","34865","3","7","6","6","2","1","","2","0","1","1","0"
"POINT (7.034869281000056 50.999328665000064)","Unfall 34878 (2021) Kat:3, Licht: 0","34878","3","1","0","2","16","7","","0","1","0","0","0"
"POINT (7.100034108000045 50.858877246000077)","Unfall 34880 (2021) Kat:3, Licht: 0","34880","3","3","5","7","10","3","","0","1","1","0","0"
"POINT (7.029631305000066 50.988833874000079)","Unfall 34889 (2021) Kat:3, Licht: 2","34889","3","6","0","11","17","4","","2","1","0","1","0"
"POINT (7.074389208000071 50.881140366000068)","Unfall 34915 (2021) Kat:2, Licht: 0","34915","2","3","0","9","18","2","","0","0","1","0","1"
"POINT (7.100941190000071 50.899716240000032)","Unfall 34937 (2021) Kat:3, Licht: 0","34937","3","3","0","4","15","7","","0","1","1","0","0"
"POINT (7.125581094000040 50.889450568000029)","Unfall 34948 (2021) Kat:3, Licht: 0","34948","3","3","5","4","17","5","","0","1","0","0","1"
"POINT (7.039225565000038 50.946374377000041)","Unfall 34956 (2021) Kat:3, Licht: 0","34956","3","6","2","3","10","4","","0","0","1","0","0"
"POINT (7.120850763000021 50.912468679000028)","Unfall 34959 (2021) Kat:3, Licht: 0","34959","3","6","3","7","16","4","","0","1","1","0","0"
"POINT (7.092551059000073 50.881725067000048)","Unfall 34962 (2021) Kat:3, Licht: 0","34962","3","5","1","6","17","5","","0","1","1","0","0"
"POINT (7.000078942000073 50.924830066000027)","Unfall 34964 (2021) Kat:2, Licht: 2","34964","2","1","8","6","0","3","","2","0","1","0","0"
"POINT (7.033351678000031 50.917890189000047)","Unfall 34973 (2021) Kat:3, Licht: 0","34973","3","6","3","11","11","2","","0","0","1","0","0"
"POINT (7.038753461000056 50.948841604000052)","Unfall 34975 (2021) Kat:3, Licht: 0","34975","3","6","2","12","10","7","","0","0","1","0","0"
"POINT (7.100376069000049 50.916251200000033)","Unfall 34977 (2021) Kat:3, Licht: 0","34977","3","6","2","9","15","2","","0","0","1","0","0"
"POINT (7.016775409000047 50.933605008000029)","Unfall 34997 (2021) Kat:3, Licht: 2","34997","3","7","0","6","0","1","","2","0","0","0","0"
"POINT (7.107920468000032 50.917286680000075)","Unfall 35005 (2021) Kat:3, Licht: 2","35005","3","2","5","12","17","1","","2","0","1","0","0"
"POINT (7.016779815000064 50.976320710000039)","Unfall 35016 (2021) Kat:3, Licht: 2","35016","3","3","5","11","17","3","","2","0","1","0","0"
"POINT (7.020859756000050 50.933289554000055)","Unfall 35023 (2021) Kat:3, Licht: 2","35023","3","5","0","3","22","4","","2","0","0","1","0"
"POINT (7.007313115000045 50.963374740000063)","Unfall 35025 (2021) Kat:2, Licht: 2","35025","2","1","0","10","19","1","","2","1","0","0","0"
"POINT (7.002492758000074 50.937886302000038)","Unfall 35026 (2021) Kat:3, Licht: 2","35026","3","4","0","9","21","7","","2","0","0","1","0"