WKT,Name,OBJECTID,UKATEGORIE,UTYP1,UART,UMONAT,USTUNDE,UWOCHENTAG,STRZUSTAND,ULICHTVERH,ISTRAD,ISTPKW,ISTFUSS,ISTKRAD
"POINT (7.078166989000067 50.894293771000036)","Unfall 35039 (2021) Kat:2, Licht: 0","35039","2","1","0","12","9","1","","0","0","0","0","0"
"POINT (7.039700914000036 50.929727418000027)","Unfall 35060 (2021) Kat:3, Licht: 0","35060","3","2","2","6","16","3","","0","0","1","0","1"
"POINT (7.014104689000021 50.939850091000039)","Unfall 35062 (2021) Kat:3, Licht: 0","35062","3","1","2","9","17","2","","0","0","1","0","0"
"POINT (7.001031129000069 50.956665714000053)","Unfall 35068 (2021) Kat:3, Licht: 0","35068","3","6","1","10","13","6","","0","0","1","0","0"
"POINT (7.082351078000045 50.881542812000077)","Unfall 35070 (2021) Kat:3, Licht: 2","35070","3","7","9","12","17","4","","2","0","1","0","0"
"POINT (7.041496443000028 50.928983336000044)","Unfall 35076 (2021) Kat:3, Licht: 1","35076","3","3","5","5","21","2","","1","0","1","0","0"
"POINT (6.999310139000045 50.989422518000026)","Unfall 35077 (2021) Kat:3, Licht: 1","35077","3","6","0","2","8","5","","1","0","1","0","0"
"POINT (7.045903523000050 50.937483973000042)","Unfall 35086 (2021) Kat:3, Licht: 2","35086","3","6","2","12","18","1","","2","0","1","0","0"
"POINT (7.030160785000021 50.969945477000067)","Unfall 35087 (2021) Kat:2, Licht: 2","35087","2","6","3","3","22","5","","2","0","1","0","0"
"POINT (7.022598593000055 50.903018369000051)","Unfall 35088 (2021) Kat:2, Licht: 0","35088","2","3","5","6","12","4","","0","1","1","0","0"
"POINT (6.989236117000075 50.917725066000060)","Unfall 35110 (2021) Kat:3, Licht: 2","35110","3","7","7","11","6","6","","2","1","0","0","0"
"POINT (7.034222306000061 50.958551067000030)","Unfall 35114 (2021) Kat:3, Licht: 0","35114","3","6","0","1","10","4","","0","0","1","0","0"
"POINT (7.038677733000043 50.940812743000038)","Unfall 35116 (2021) Kat:3, Licht: 0","35116","3","6","2","10","11","6","","0","0","1","0","1"
"POINT (7.043870993000041 50.939858815000036)","Unfall 35123 (2021) Kat:3, Licht: 0","35123","3","6","2","5","9","5","","0","0","1","0","0"
"POINT (7.028344889000039 50.942457848000060)","Unfall 35124 (2021) Kat:3, Licht: 0","35124","3","6","1","9","13","4","","0","0","1","0","0"
"POINT (7.022271735000061 50.933238464000056)","Unfall 35125 (2021) Kat:3, Licht: 0","35125","3","1","1","1","11","6","","0","0","1","0","0"
"POINT (7.058917066000049 50.908557857000062)","Unfall 35133 (2021) Kat:3, Licht: 1","35133","3","1","2","3","6","2","","1","0","1","0","0"
"POINT (7.089837161000048 50.894003047000069)","Unfall 35141 (2021) Kat:3, Licht: 2","35141","3","1","9","9","4","3","","2","0","1","0","0"
"POINT (7.069961441000032 50.882047918000069)","Unfall 35146 (2021) Kat:3, Licht: 0","35146","3","2","0","10","14","6","","0","1","1","0","0"
"POINT (7.013734637000027 50.954604729000039)","Unfall 35152 (2021) Kat:3, Licht: 0","35152","3","3","5","9","13","6","","0","1","1","0","0"
"POINT (7.006353855000043 50.966870801000027)","Unfall 35154 (2021) Kat:3, Licht: 0","35154","3","2","5","4","19","2","","0","1","1","0","0"
"POINT (6.992729266000026 50.948286960000075)","Unfall 35166 (2021) Kat:3, Licht: 2","35166","3","6","3","1","20","7","","2","0","1","0","0"
"POINT (7.053741901000024 50.888703291000070)","Unfall 35168 (2021) Kat:3, Licht: 2","35168","3","6","2","6","0","1","","2","0","1","0","1"
"POINT (7.037524871000073 50.933623587000056)","Unfall 35169 (2021) Kat:3, Licht: 0","35169","3","3","5","4","15","7","","0","1","1","0","0"
"POINT (7.058833137000022 50.908654352000042)","Unfall 35187 (2021) Kat:3, Licht: 0","35187","3","7","5","3","14","2","","0","0","1","0","0"
"POINT (7.004123391000064 50.990222286000062)","Unfall 35194 (2021) Kat:3, Licht: 0","35194","3","4","6","6","20","5","","0","0","1","1","0"
"POINT (7.028000042000031 50.943591882000078)","Unfall 35218 (2021) Kat:3, Licht: 0","35218","3","2","4","12","15","4","","0","0","1","0","0"
"POINT (7.001584427000068 50.937774797000031)","Unfall 35223 (2021) Kat:3, Licht: 2","35223","3","5","1","12","18","6","","2","1","1","0","0"
"POINT (7.102236886000071 50.915977507000036)","Unfall 35232 (2021) Kat:3, Licht: 0","35232","3","6","3","11","9","4","","0","0","0","0","0"
"POINT (6.985714295000037 50.936539335000077)","Unfall 35239 (2021) Kat:3, Licht: 0","35239","3","6","6","3","13","2","","0","1","0","1","0"
"POINT (7.047491796000031 50.992825028000027)","Unfall 35241 (2021) Kat:3, Licht: 0","35241","3","6","2","4","18","3","","0","0","1","0","0"
"POINT (6.989526163000050 50.897313077000035)","Unfall 35242 (2021) Kat:3, Licht: 2","35242","3","3","5","12","17","3","","2","1","0","0","0"
"POINT (7.064841700000045 50.916117370000052)","Unfall 35251 (2021) Kat:3, Licht: 2","35251","3","6","2","3","23","7","","2","0","1","0","0"
"POINT (7.019485468000028 50.977989375000050)","Unfall 35256 (2021) Kat:3, Licht: 0","35256","3","6","2","3","12","7","","0","0","1","0","0"
"POINT (7.006600274000050 50.960749127000042)","Unfall 35259 (2021) Kat:3, Licht: 0","35259","3","4","6","9","14","6","","0","0","0","1","0"
"POINT (7.082590162000031 50.880920912000079)","Unfall 35264 (2021) Kat:3, Licht: 0","35264","3","2","1","6","8","3","","0","1","1","0","0"
"POINT (7.034798818000070 50.967450969000026)","Unfall 35269 (2021) Kat:3, Licht: 0","35269","3","3","0","4","18","7","","0","0","1","0","0"
"POINT (7.053004356000031 50.877743704000068)","Unfall 35270 (2021) Kat:3, Licht: 0","35270","3","3","5","6","16","6","","0","1","1","0","0"
"POINT (7.045754386000056 50.941997262000029)","Unfall 35280 (2021) Kat:3, Licht: 0","35280","3","4","6","9","15","2","","0","0","1","1","0"
"POINT (7.062029675000076 50.907872253000050)","Unfall 35287 (2021) Kat:3, Licht: 0","35287","3","1","9","5","15","5","","0","0","0","0","1"
"POINT (7.018377118000046 50.933502045000068)","Unfall 35290 (2021) Kat:3, Licht: 0","35290","3","2","5","9","16","3","","0","0","1","0","0"
"POINT (7.013441594000028 50.955931908000082)","Unfall 35291 (2021) Kat:2, Licht: 2","35291","2","5","1","11","16","4","","2","0","1","0","1"
"POINT (7.096234480000021 50.842568311000036)","Unfall 35298 (2021) Kat:2, Licht: 0","35298","2","6","2","11","14","5","","0","0","1","0","0"
"POINT (7.052384435000022 50.972193973000060)","Unfall 35307 (2021) Kat:3, Licht: 0","35307","3","7","6","12","11","4","","0","0","0","1","0"
"POINT (7.038767704000065 50.918836114000044)","Unfall 35308 (2021) Kat:3, Licht: 2","35308","3","6","2","12","0","5","","2","0","1","0","0"
"POINT (7.021797598000035 50.933233335000068)","Unfall 35317 (2021) Kat:3, Licht: 1","35317","3","2","4","7","21","5","","1","0","1","0","1"
"POINT (7.059409042000027 50.974702824000076)","Unfall 35325 (2021) Kat:3, Licht: 2","35325","3","2","3","12","19","5","","2","1","1","0","0"
"POINT (7.003990470000076 50.990214703000049)","Unfall 35332 (2021) Kat:3, Licht: 2","35332","3","7","2","4","20","1","","2","0","1","0","0"
"POINT (7.002654100000029 50.959652723000033)","Unfall 35333 (2021) Kat:3, Licht: 2","35333","3","2","5","11","6","2","","2","1","1","0","0"
"POINT (6.999693418000049 50.954881864000072)","Unfall 35338 (2021) Kat:3, Licht: 2","35338","3","7","0","3","6","7","","2","1","0","0","0"
"POINT (7.046079945000031 50.937542285000063)","Unfall 35345 (2021) Kat:3, Licht: 0","35345","3","6","3","4","15","3","","0","0","1","0","0"
"POINT (7.015698792000023 50.951771847000032)","Unfall 35350 (2021) Kat:3, Licht: 0","35350","3","2","2","3","8","6","","0","0","1","0","1"
"POINT (7.083708479000052 50.863130753000064)","Unfall 35365 (2021) Kat:2, Licht: 0","35365","2","3","5","9","12","2","","0","1","1","0","0"
"POINT (7.040991582000061 50.929601593000029)","Unfall 35371 (2021) Kat:3, Licht: 0","35371","3","6","2","9","9","3","","0","0","1","0","0"
"POINT (6.985249605000035 50.947630588000038)","Unfall 35379 (2021) Kat:3, Licht: 2","35379","3","6","3","12","19","2","","2","0","1","0","0"
"POINT (7.044524630000069 50.939153945000044)","Unfall 35381 (2021) Kat:3, Licht: 2","35381","3","6","2","1","17","5","","2","0","1","0","0"
"POINT (7.027171330000044 50.959645686000044)","Unfall 35385 (2021) Kat:2, Licht: 0","35385","2","3","5","3","14","4","","0","0","1","0","0"
"POINT (7.031936844000029 50.966865038000037)","Unfall 35397 (2021) Kat:3, Licht: 0","35397","3","7","3","5","14","7","","0","0","1","0","0"
"POINT (7.027969564000045 50.953485929000067)","Unfall 35408 (2021) Kat:3, Licht: 0","35408","3","6","4","11","15","7","","0","0","1","0","0"
"POINT (7.037050338000029 50.967916214000070)","Unfall 35419 (2021) Kat:3, Licht: 0","35419","3","1","0","12","12","2","","0","0","0","0","1"
"POINT (7.040863111000021 50.929752568000026)","Unfall 35420 (2021) Kat:3, Licht: 0","35420","3","3","5","11","11","4","","0","1","1","0","0"
"POINT (7.082280496000067 50.881980009000074)","Unfall 35425 (2021) Kat:2, Licht: 2","35425","2","4","6","11","19","3","","2","0","1","1","0"
"POINT (7.031158623000067 50.899615490000031)","Unfall 35431 (2021) Kat:2, Licht: 2","35431","2","2","6","12","17","6","","2","0","1","1","0"
"POINT (7.073633760000064 50.899295768000059)","Unfall 35436 (2021) Kat:3, Licht: 2","35436","3","2","5","11","22","6","","2","0","1","0","0"
"POINT (7.039794292000067 50.930975423000064)","Unfall 35442 (2021) Kat:3, Licht: 0","35442","3","6","2","4","17","4","","0","0","1","0","0"
"POINT (7.006760353000061 50.968088987000044)","Unfall 35446 (2021) Kat:3, Licht: 1","35446","3","1","0","9","19","4","","1","0","0","0","1"
"POINT (7.107308993000061 50.937389777000078)","Unfall 35447 (2021) Kat:2, Licht: 0","35447","2","7","0","4","17","7","","0","0","0","0","1"
"POINT (7.053354050000053 50.907633725000039)","Unfall 35457 (2021) Kat:3, Licht: 0","35457","3","6","2","10","15","7","","0","0","1","0","0"
"POINT (6.999308962000043 50.989435921000052)","Unfall 35458 (2021) Kat:2, Licht: 0","35458","2","2","4","11","11","3","","0","0","1","0","0"
"POINT (7.044287466000071 50.868165392000037)","Unfall 35468 (2021) Kat:3, Licht: 2","35468","3","7","6","2","19","5","","2","0","1","1","0"
"POINT (7.029707499000040 50.858538757000076)","Unfall 35469 (2021) Kat:3, Licht: 0","35469","3","7","0","5","18","3","","0","0","1","0","0"
"POINT (7.006145539000045 50.965658198000028)","Unfall 35482 (2021) Kat:3, Licht: 0","35482","3","3","5","4","8","4","","0","1","1","0","0"
"POINT (7.037772134000022 50.968057035000072)","Unfall 35497 (2021) Kat:3, Licht: 0","35497","3","6","3","6","16","4","","0","0","1","0","1"
"POINT (7.076473838000027 50.945119201000068)","Unfall 35499 (2021) Kat:2, Licht: 0","35499","2","6","2","12","9","2","","0","1","0","0","0"
"POINT (7.085174627000072 50.856500426000082)","Unfall 35512 (2021) Kat:3, Licht: 0","35512","3","3","5","1","9","7","","0","0","1","0","0"
"POINT (7.042308302000038 50.896515408000027)","Unfall 35519 (2021) Kat:3, Licht: 0","35519","3","3","1","6","15","3","","0","1","1","0","0"
"POINT (7.088913031000061 50.897266703000071)","Unfall 35523 (2021) Kat:3, Licht: 0","35523","3","3","6","9","7","3","","0","0","1","1","0"
"POINT (7.010832421000032 50.937644995000028)","Unfall 35540 (2021) Kat:3, Licht: 0","35540","3","4","6","9","16","7","","0","0","1","1","0"
"POINT (7.107195865000051 50.915639236000061)","Unfall 35553 (2021) Kat:3, Licht: 0","35553","3","3","5","10","10","6","","0","0","1","0","1"
"POINT (6.994836675000045 51.005092032000050)","Unfall 35560 (2021) Kat:2, Licht: 0","35560","2","1","8","10","14","2","","0","0","1","0","0"
"POINT (7.081050329000050 50.885589596000045)","Unfall 35567 (2021) Kat:3, Licht: 2","35567","3","6","1","10","22","3","","2","0","1","0","0"
"POINT (7.057031904000041 50.907538846000080)","Unfall 35568 (2021) Kat:2, Licht: 1","35568","2","6","2","11","7","3","","1","0","1","0","0"
"POINT (7.030577994000055 50.931769049000081)","Unfall 35573 (2021) Kat:3, Licht: 0","35573","3","1","0","11","8","1","","0","0","1","0","0"
"POINT (7.022819627000047 50.933144254000069)","Unfall 35574 (2021) Kat:3, Licht: 1","35574","3","6","4","10","19","6","","1","1","0","0","0"
"POINT (7.006258898000056 50.911662518000071)","Unfall 35587 (2021) Kat:3, Licht: 2","35587","3","6","2","12","18","7","","2","0","1","0","0"
"POINT (7.100544851000052 50.839668117000031)","Unfall 35603 (2021) Kat:3, Licht: 0","35603","3","2","5","5","11","6","","0","0","1","0","0"
"POINT (7.077790867000033 50.892828042000076)","Unfall 35605 (2021) Kat:2, Licht: 0","35605","2","2","4","6","12","7","","0","0","1","0","1"
"POINT (7.030174749000025 50.931660782000051)","Unfall 35612 (2021) Kat:3, Licht: 0","35612","3","2","5","3","11","5","","0","1","1","0","0"
"POINT (7.005109252000068 50.938299053000037)","Unfall 35626 (2021) Kat:3, Licht: 0","35626","3","3","5","11","14","6","","0","1","1","0","0"
"POINT (7.095103734000077 50.872725544000048)","Unfall 35632 (2021) Kat:3, Licht: 0","35632","3","6","2","3","10","4","","0","0","1","0","0"
"POINT (7.003848433000030 50.961860697000077)","Unfall 35633 (2021) Kat:3, Licht: 2","35633","3","6","2","3","22","2","","2","0","1","0","0"
"POINT (6.992182946000071 50.915629100000046)","Unfall 35640 (2021) Kat:2, Licht: 0","35640","2","4","6","2","16","4","","0","0","1","1","0"
"POINT (7.017154112000071 50.950503660000038)","Unfall 35643 (2021) Kat:3, Licht: 0","35643","3","7","0","3","14","3","","0","0","1","0","0"
"POINT (7.018305423000072 50.933507521000081)","Unfall 35645 (2021) Kat:3, Licht: 0","35645","3","2","0","4","12","5","","0","0","1","0","0"
"POINT (7.013683071000059 50.953628950000052)","Unfall 35646 (2021) Kat:3, Licht: 0","35646","3","7","0","9","11","6","","0","0","0","0","0"
"POINT (7.005601025000033 50.938377842000079)","Unfall 35648 (2021) Kat:3, Licht: 0","35648","3","2","2","4","17","4","","0","0","1","0","1"
"POINT (7.107197439000061 50.915641933000074)","Unfall 35649 (2021) Kat:3, Licht: 0","35649","3","2","4","1","15","4","","0","0","1","0","0"
"POINT (7.021797598000035 50.933233335000068)","Unfall 35674 (2021) Kat:3, Licht: 2","35674","3","2","6","11","5","3","","2","0","1","1","0"
"POINT (7.026092791000053 50.901854666000077)","Unfall 35676 (2021) Kat:3, Licht: 0","35676","3","6","2","9","14","1","","0","0","1","0","1"
"POINT (7.016779815000064 50.976320710000039)","Unfall 35683 (2021) Kat:3, Licht: 0","35683","3","1","0","10","15","4","","0","1","0","0","0"
"POINT (7.095726075000073 50.924593238000057)","Unfall 35691 (2021) Kat:3, Licht: 0","35691","3","3","0","3","15","2","","0","1","1","0","0"
"POINT (7.033990880000033 50.967285927000034)","Unfall 35699 (2021) Kat:3, Licht: 0","35699","3","2","3","11","11","3","","0","0","1","0","0"
"POINT (6.999648527000033 50.986072756000056)","Unfall 35704 (2021) Kat:3, Licht: 0","35704","3","3","5","4","19","2","","0","0","1","0","0"
"POINT (7.053930299000058 50.929849306000051)","Unfall 35706 (2021) Kat:3, Licht: 2","35706","3","6","2","12","18","4","","2","0","1","0","0"
"POINT (7.001611123000032 50.937776991000078)","Unfall 35714 (2021) Kat:3, Licht: 0","35714","3","5","0","10","15","3","","0","1","1","0","0"
"POINT (7.097282234000033 50.843371550000029)","Unfall 35715 (2021) Kat:3, Licht: 0","35715","3","2","5","4","9","4","","0","0","1","0","0"
"POINT (7.085324040000046 50.885611543000039)","Unfall 35716 (2021) Kat:3, Licht: 2","35716","3","7","8","3","3","3","","2","0","1","0","0"
"POINT (6.996734284000070 50.963940055000080)","Unfall 35721 (2021) Kat:3, Licht: 0","35721","3","7","0","6","19","6","","0","0","0","0","0"
"POINT (7.036231688000044 50.954126140000028)","Unfall 35722 (2021) Kat:3, Licht: 1","35722","3","6","1","2","7","5","","1","0","1","0","0"
"POINT (7.063854282000023 50.973419242000034)","Unfall 35747 (2021) Kat:3, Licht: 1","35747","3","3","5","12","8","3","","1","1","1","0","0"
"POINT (7.106669989000068 50.859141855000075)","Unfall 35756 (2021) Kat:3, Licht: 0","35756","3","5","5","6","8","3","","0","0","1","0","0"
"POINT (7.040426604000061 50.930251985000041)","Unfall 35765 (2021) Kat:3, Licht: 0","35765","3","6","4","7","15","7","","0","0","1","0","0"
"POINT (7.056620682000073 50.951317962000076)","Unfall 35771 (2021) Kat:3, Licht: 0","35771","3","6","2","3","14","2","","0","0","1","0","0"
"POINT (7.031331142000056 50.937537379000048)","Unfall 35775 (2021) Kat:2, Licht: 0","35775","2","3","5","10","16","1","","0","1","0","0","0"
"POINT (7.024035259000073 50.923749375000057)","Unfall 35776 (2021) Kat:3, Licht: 2","35776","3","5","1","11","6","3","","2","0","0","0","1"
"POINT (7.125040522000063 50.906018499000027)","Unfall 35777 (2021) Kat:2, Licht: 0","35777","2","6","2","6","7","3","","0","0","1","0","0"
"POINT (7.013788529000067 50.934694156000035)","Unfall 35787 (2021) Kat:3, Licht: 0","35787","3","3","3","12","12","3","","0","1","1","0","0"
"POINT (7.005626595000024 50.964424581000060)","Unfall 35789 (2021) Kat:3, Licht: 0","35789","3","3","5","2","13","2","","0","1","1","0","0"
"POINT (7.000345375000052 50.937672987000042)","Unfall 35793 (2021) Kat:3, Licht: 0","35793","3","2","5","2","10","3","","0","1","1","0","0"
"POINT (7.083078053000065 50.875912669000058)","Unfall 35795 (2021) Kat:3, Licht: 2","35795","3","4","6","9","20","6","","2","0","1","1","0"
"POINT (6.992713358000060 50.936542226000029)","Unfall 35801 (2021) Kat:3, Licht: 0","35801","3","3","5","2","16","5","","0","1","1","0","0"
"POINT (7.053617970000062 50.930344992000073)","Unfall 35803 (2021) Kat:2, Licht: 0","35803","2","3","3","6","8","2","","0","0","1","0","0"
"POINT (7.076616630000046 50.919092061000072)","Unfall 35808 (2021) Kat:3, Licht: 0","35808","3","6","3","5","9","2","","0","0","1","0","0"
"POINT (7.043014853000045 50.940563904000044)","Unfall 35813 (2021) Kat:3, Licht: 0","35813","3","6","2","6","11","6","","0","0","1","0","0"
"POINT (7.104650897000056 50.859123132000036)","Unfall 35829 (2021) Kat:2, Licht: 2","35829","2","2","6","11","17","7","","2","0","1","1","0"
"POINT (7.091131939000036 50.918596918000048)","Unfall 35830 (2021) Kat:2, Licht: 0","35830","2","6","2","10","11","2","","0","0","1","0","0"
"POINT (7.107370592000052 50.866147163000051)","Unfall 35833 (2021) Kat:3, Licht: 0","35833","3","3","0","7","15","5","","0","1","1","0","0"
"POINT (6.988838876000045 50.867102688000045)","Unfall 35839 (2021) Kat:3, Licht: 0","35839","3","6","2","5","14","7","","0","0","1","0","0"
"POINT (7.050825142000065 50.933050980000075)","Unfall 35844 (2021) Kat:2, Licht: 0","35844","2","6","3","12","12","2","","0","0","1","0","0"
"POINT (7.016650559000027 50.983279590000052)","Unfall 35845 (2021) Kat:3, Licht: 0","35845","3","6","9","1","8","2","","0","0","1","0","0"
"POINT (6.996252367000068 50.904562267000074)","Unfall 35864 (2021) Kat:3, Licht: 2","35864","3","6","3","2","6","3","","2","0","1","0","0"
"POINT (7.089141792000021 50.857893022000042)","Unfall 35868 (2021) Kat:3, Licht: 0","35868","3","2","5","9","18","4","","0","0","1","0","0"
"POINT (6.999662356000044 50.987206003000040)","Unfall 35871 (2021) Kat:2, Licht: 2","35871","2","1","2","2","21","4","","2","0","1","0","1"
"POINT (7.024791517000040 50.950123380000036)","Unfall 35881 (2021) Kat:2, Licht: 0","35881","2","6","2","3","15","7","","0","0","1","0","0"
"POINT (7.015491731000054 50.951710646000038)","Unfall 35882 (2021) Kat:3, Licht: 2","35882","3","3","5","12","7","2","","2","1","1","0","0"
"POINT (7.028396194000038 50.966133380000031)","Unfall 35908 (2021) Kat:3, Licht: 2","35908","3","7","5","4","20","3","","2","1","1","0","0"
"POINT (7.096457207000071 50.917352724000068)","Unfall 35914 (2021) Kat:3, Licht: 0","35914","3","6","2","6","8","3","","0","0","0","0","0"
"POINT (6.995801389000064 50.937291902000027)","Unfall 35920 (2021) Kat:3, Licht: 0","35920","3","3","0","5","11","5","","0","1","1","0","0"
"POINT (6.990779956000040 50.867318619000059)","Unfall 35934 (2021) Kat:3, Licht: 0","35934","3","6","2","10","14","4","","0","0","1","0","0"
"POINT (7.106898844000057 50.915424370000039)","Unfall 35952 (2021) Kat:3, Licht: 0","35952","3","6","2","6","11","5","","0","0","1","0","0"
"POINT (7.046059291000063 50.937562136000054)","Unfall 35970 (2021) Kat:3, Licht: 0","35970","3","6","2","2","12","5","","0","0","1","0","0"
"POINT (7.029489134000073 50.971692889000053)","Unfall 35971 (2021) Kat:3, Licht: 0","35971","3","6","1","9","12","4","","0","0","0","0","0"
"POINT (7.017765726000050 50.976818179000077)","Unfall 35980 (2021) Kat:3, Licht: 0","35980","3","1","9","12","8","6","","0","0","1","0","0"
"POINT (7.006184130000065 50.961041641000065)","Unfall 35983 (2021) Kat:3, Licht: 0","35983","3","4","6","10","15","2","","0","0","1","1","0"
"POINT (6.993249119000041 51.011198477000050)","Unfall 35996 (2021) Kat:3, Licht: 0","35996","3","3","5","3","11","2","","0","1","1","0","0"
"POINT (7.027718163000031 50.965991547000044)","Unfall 36047 (2021) Kat:3, Licht: 0","36047","3","6","2","3","16","7","","0","0","1","0","0"
"POINT (7.021205624000061 50.903752604000033)","Unfall 36048 (2021) Kat:2, Licht: 2","36048","2","1","0","12","21","6","","2","0","1","0","0"
"POINT (7.096935275000021 50.858894602000078)","Unfall 36053 (2021) Kat:3, Licht: 2","36053","3","6","2","10","20","3","","2","0","1","0","0"
"POINT (7.040910736000058 50.929698078000058)","Unfall 36060 (2021) Kat:3, Licht: 0","36060","3","6","1","4","19","3","","0","0","1","0","0"
"POINT (7.057554039000024 50.907148865000067)","Unfall 36066 (2021) Kat:3, Licht: 2","36066","3","1","8","1","21","2","","2","0","1","0","0"
"POINT (7.049344973000075 50.929694845000029)","Unfall 36072 (2021) Kat:3, Licht: 0","36072","3","3","5","2","17","4","","0","0","1","0","0"
"POINT (7.074026981000031 50.979944478000050)","Unfall 36077 (2021) Kat:3, Licht: 2","36077","3","2","2","12","18","1","","2","0","1","0","0"
"POINT (7.069348885000068 50.925491511000075)","Unfall 36080 (2021) Kat:3, Licht: 0","36080","3","1","0","10","11","6","","0","1","0","0","0"
"POINT (7.080908065000074 50.946064357000068)","Unfall 36105 (2021) Kat:3, Licht: 2","36105","3","6","1","5","21","2","","2","0","1","0","0"
"POINT (6.985099351000031 50.920557511000027)","Unfall 36108 (2021) Kat:3, Licht: 0","36108","3","7","0","6","13","6","","0","1","0","0","0"
"POINT (7.013738162000038 50.954706639000051)","Unfall 36121 (2021) Kat:3, Licht: 0","36121","3","7","0","10","14","4","","0","0","0","0","0"
"POINT (7.006239703000062 50.976919236000072)","Unfall 36123 (2021) Kat:3, Licht: 0","36123","3","2","3","4","15","3","","0","0","1","0","1"
"POINT (6.989021426000022 50.891260129000045)","Unfall 36132 (2021) Kat:3, Licht: 0","36132","3","5","1","2","15","1","","0","1","1","0","0"
"POINT (7.034286781000048 50.999442025000064)","Unfall 36136 (2021) Kat:3, Licht: 0","36136","3","2","5","1","16","3","","0","0","1","0","1"
"POINT (6.995398774000023 50.903621551000072)","Unfall 36147 (2021) Kat:3, Licht: 0","36147","3","6","2","3","14","6","","0","0","1","0","0"
"POINT (7.057197151000025 50.949574751000057)","Unfall 36156 (2021) Kat:3, Licht: 0","36156","3","2","5","6","5","2","","0","0","1","0","0"
"POINT (7.029488143000037 50.971695437000051)","Unfall 36160 (2021) Kat:2, Licht: 0","36160","2","6","2","6","10","7","","0","0","1","0","0"
"POINT (7.005633324000030 50.964435687000048)","Unfall 36172 (2021) Kat:3, Licht: 0","36172","3","3","5","12","11","4","","0","1","1","0","0"
"POINT (7.142425717000037 50.878009935000080)","Unfall 36175 (2021) Kat:3, Licht: 0","36175","3","1","0","9","18","6","","0","0","0","0","1"
"POINT (7.096160323000049 50.842349693000074)","Unfall 36178 (2021) Kat:2, Licht: 0","36178","2","6","2","10","14","6","","0","0","1","0","0"
"POINT (6.989462494000065 50.883857254000077)","Unfall 36182 (2021) Kat:3, Licht: 0","36182","3","6","1","12","11","3","","0","0","1","0","0"
"POINT (7.048160484000050 50.929770156000075)","Unfall 36184 (2021) Kat:2, Licht: 0","36184","2","4","6","10","15","3","","0","0","1","1","0"
"POINT (7.050347897000051 50.918627352000044)","Unfall 36187 (2021) Kat:3, Licht: 0","36187","3","3","5","1","13","3","","0","0","1","0","0"
"POINT (7.038811404000057 50.932118218000028)","Unfall 36188 (2021) Kat:3, Licht: 1","36188","3","1","0","2","17","3","","1","1","0","0","0"
"POINT (7.122775135000040 50.911874721000061)","Unfall 36198 (2021) Kat:2, Licht: 0","36198","2","7","0","5","17","2","","0","0","0","0","0"
"POINT (7.013183537000032 50.999807444000055)","Unfall 36209 (2021) Kat:3, Licht: 0","36209","3","6","2","7","14","5","","0","0","1","0","0"
"POINT (7.079806576000067 50.922822815000075)","Unfall 36214 (2021) Kat:3, Licht: 2","36214","3","1","9","3","20","6","","2","1","0","0","0"
"POINT (7.047491796000031 50.992825028000027)","Unfall 36223 (2021) Kat:3, Licht: 0","36223","3","2","5","6","10","6","","0","1","1","0","0"
"POINT (7.003587449000065 50.938050864000047)","Unfall 36227 (2021) Kat:3, Licht: 2","36227","3","5","0","10","18","6","","2","1","1","0","0"
"POINT (7.074738563000039 50.949322801000051)","Unfall 36231 (2021) Kat:2, Licht: 2","36231","2","6","2","1","18","5","","2","0","1","0","0"
"POINT (7.000619447000076 50.882439806000036)","Unfall 36241 (2021) Kat:3, Licht: 0","36241","3","6","2","10","16","7","","0","0","1","0","0"
"POINT (7.040296542000021 50.943984501000045)","Unfall 36249 (2021) Kat:3, Licht: 0","36249","3","6","3","4","19","5","","0","0","1","0","0"
"POINT (7.078331724000066 50.891629530000046)","Unfall 36252 (2021) Kat:2, Licht: 0","36252","2","2","5","11","13","7","","0","0","1","0","0"
"POINT (7.026963064000029 50.961317451000070)","Unfall 36263 (2021) Kat:3, Licht: 0","36263","3","2","2","9","17","6","","0","0","1","0","0"
"POINT (7.039626452000050 50.945546309000065)","Unfall 36271 (2021) Kat:3, Licht: 0","36271","3","6","1","9","12","3","","0","0","1","0","0"
"POINT (6.999950815000034 50.870631294000077)","Unfall 36278 (2021) Kat:3, Licht: 2","36278","3","1","0","12","21","5","","2","1","0","0","0"
"POINT (7.082240566000053 50.882084274000078)","Unfall 36280 (2021) Kat:3, Licht: 0","36280","3","3","5","10","10","3","","0","1","1","0","0"
"POINT (6.993561346000035 50.914887179000061)","Unfall 36284 (2021) Kat:3, Licht: 2","36284","3","2","6","12","19","2","","2","0","1","1","0"
"POINT (7.053004356000031 50.877743704000068)","Unfall 36286 (2021) Kat:3, Licht: 0","36286","3","3","5","7","8","5","","0","1","1","0","0"
"POINT (6.999308644000052 50.989439539000045)","Unfall 36287 (2021) Kat:3, Licht: 0","36287","3","3","0","5","14","3","","0","0","1","0","1"
"POINT (7.055584407000026 50.912496242000032)","Unfall 36294 (2021) Kat:3, Licht: 0","36294","3","6","2","9","16","6","","0","0","1","0","0"
"POINT (7.030377025000064 50.968656615000043)","Unfall 36298 (2021) Kat:3, Licht: 0","36298","3","3","3","3","7","4","","0","0","1","0","0"
"POINT (7.004552845000035 50.962688112000080)","Unfall 36311 (2021) Kat:3, Licht: 0","36311","3","6","2","6","16","5","","0","0","1","0","0"
"POINT (7.106139324000026 50.880405285000052)","Unfall 36312 (2021) Kat:3, Licht: 0","36312","3","2","3","5","12","4","","0","1","1","0","0"