WKT,Name,OBJECTID,UKATEGORIE,UTYP1,UART,UMONAT,USTUNDE,UWOCHENTAG,STRZUSTAND,ULICHTVERH,ISTRAD,ISTPKW,ISTFUSS,ISTKRAD
"POINT (6.829199623000022 50.957449997000026)","Unfall 48250 (2021) Kat:3, Licht: 0","48250","3","3","5","8","7","3","","0","1","1","0","0"
"POINT (6.935194355000021 50.935423874000037)","Unfall 48256 (2021) Kat:3, Licht: 0","48256","3","2","3","8","7","3","","0","0","1","0","0"
"POINT (7.035827675000064 50.931243728000027)","Unfall 48273 (2021) Kat:2, Licht: 0","48273","2","3","0","4","10","2","","0","0","0","0","1"
"POINT (6.877253050000036 51.007749023000031)","Unfall 48283 (2021) Kat:3, Licht: 0","48283","3","6","2","8","14","7","","0","0","1","0","0"
"POINT (7.040459388000045 50.865610959000037)","Unfall 48301 (2021) Kat:2, Licht: 0","48301","2","1","8","8","14","2","","0","0","1","0","0"
"POINT (7.070730103000074 50.909601877000057)","Unfall 48304 (2021) Kat:3, Licht: 0","48304","3","6","1","8","17","3","","0","0","1","0","0"
"POINT (6.935546815000066 50.942255580000051)","Unfall 48312 (2021) Kat:2, Licht: 2","48312","2","1","0","8","22","1","","2","1","0","0","0"
"POINT (7.069339087000060 50.978268303000050)","Unfall 48317 (2021) Kat:3, Licht: 0","48317","3","6","2","8","16","2","","0","0","1","0","0"
"POINT (6.946531191000076 50.994529552000074)","Unfall 48327 (2021) Kat:2, Licht: 0","48327","2","1","9","8","7","1","","0","0","1","0","0"
"POINT (6.978997407000065 50.939549211000042)","Unfall 48328 (2021) Kat:3, Licht: 0","48328","3","1","0","8","7","4","","0","0","0","0","1"
"POINT (6.929883104000055 50.925738107000029)","Unfall 48332 (2021) Kat:3, Licht: 0","48332","3","3","5","8","17","3","","0","1","0","0","0"
"POINT (6.920211678000044 50.953781380000066)","Unfall 48337 (2021) Kat:3, Licht: 2","48337","3","1","0","8","1","7","","2","1","0","0","0"
"POINT (6.913184436000051 50.936774903000071)","Unfall 48343 (2021) Kat:3, Licht: 0","48343","3","3","0","8","10","6","","0","1","0","0","0"
"POINT (6.918845641000075 50.952199999000072)","Unfall 48354 (2021) Kat:3, Licht: 0","48354","3","5","6","7","12","2","","0","0","1","1","0"
"POINT (7.078530683000054 50.891375312000037)","Unfall 48370 (2021) Kat:3, Licht: 0","48370","3","7","9","7","13","7","","0","0","0","0","0"
"POINT (6.953337159000057 50.966616487000067)","Unfall 48374 (2021) Kat:3, Licht: 2","48374","3","4","6","7","22","6","","2","1","0","1","0"
"POINT (6.911632649000069 50.924616429000082)","Unfall 48375 (2021) Kat:3, Licht: 0","48375","3","6","2","8","13","2","","0","0","1","0","0"
"POINT (6.939351018000025 50.938276084000051)","Unfall 48387 (2021) Kat:3, Licht: 0","48387","3","3","5","7","17","1","","0","1","0","0","0"
"POINT (7.091054268000050 50.921730524000054)","Unfall 48400 (2021) Kat:3, Licht: 2","48400","3","1","0","8","21","2","","2","0","1","0","0"
"POINT (6.954455382000049 50.960948988000041)","Unfall 48406 (2021) Kat:3, Licht: 0","48406","3","5","1","7","19","7","","0","1","1","0","0"
"POINT (6.920211678000044 50.953781380000066)","Unfall 48425 (2021) Kat:3, Licht: 0","48425","3","3","5","8","14","5","","0","1","1","0","0"
"POINT (6.935794106000060 50.935404256000027)","Unfall 48431 (2021) Kat:3, Licht: 0","48431","3","6","3","4","9","5","","0","1","0","0","0"
"POINT (7.080648318000044 50.911075220000043)","Unfall 48434 (2021) Kat:3, Licht: 2","48434","3","6","0","8","23","6","","2","0","1","0","1"
"POINT (6.962509697000030 50.941779285000052)","Unfall 48457 (2021) Kat:3, Licht: 0","48457","3","3","5","8","17","2","","0","0","1","0","0"
"POINT (6.947874332000026 50.893349860000058)","Unfall 48458 (2021) Kat:3, Licht: 0","48458","3","3","5","8","18","3","","0","1","1","0","0"
"POINT (6.959937650000029 50.921226321000063)","Unfall 48462 (2021) Kat:3, Licht: 0","48462","3","7","6","8","16","1","","0","0","0","1","0"
"POINT (7.005448941000054 50.964129347000039)","Unfall 48468 (2021) Kat:3, Licht: 0","48468","3","6","0","8","11","4","","0","0","1","0","0"
"POINT (6.910813882000070 50.939938130000030)","Unfall 48474 (2021) Kat:3, Licht: 0","48474","3","2","5","6","20","1","","0","0","1","0","0"
"POINT (7.021826375000046 50.920768347000035)","Unfall 48480 (2021) Kat:3, Licht: 0","48480","3","3","0","8","18","5","","0","0","1","0","1"
"POINT (7.011653543000023 50.957182328000044)","Unfall 48487 (2021) Kat:3, Licht: 0","48487","3","6","2","8","11","3","","0","0","1","0","0"
"POINT (7.078438612000070 50.983267150000074)","Unfall 48491 (2021) Kat:3, Licht: 0","48491","3","6","2","8","18","6","","0","0","1","0","1"
"POINT (6.957416590000037 50.935298889000080)","Unfall 48492 (2021) Kat:3, Licht: 0","48492","3","6","3","7","13","5","","0","1","1","0","0"
"POINT (6.924124965000033 50.912029770000061)","Unfall 48495 (2021) Kat:2, Licht: 0","48495","2","7","9","7","10","3","","0","0","1","0","0"
"POINT (7.012109636000048 51.022197544000051)","Unfall 48501 (2021) Kat:3, Licht: 0","48501","3","6","2","8","18","6","","0","0","1","0","0"
"POINT (6.920241096000041 50.948355220000053)","Unfall 48503 (2021) Kat:3, Licht: 2","48503","3","2","5","8","21","7","","2","1","1","0","0"
"POINT (6.918930470000021 50.907732050000050)","Unfall 48504 (2021) Kat:2, Licht: 0","48504","2","2","5","8","8","2","","0","1","1","0","0"
"POINT (7.108292147000043 50.857395459000031)","Unfall 48507 (2021) Kat:2, Licht: 1","48507","2","1","8","7","21","5","","1","0","0","0","1"
"POINT (6.957799665000039 50.957668355000067)","Unfall 48510 (2021) Kat:3, Licht: 0","48510","3","3","0","8","12","6","","0","1","1","0","0"
"POINT (6.949022950000028 50.935429119000048)","Unfall 48516 (2021) Kat:3, Licht: 0","48516","3","3","5","8","7","3","","0","1","0","0","0"
"POINT (7.019841968000037 50.948968420000028)","Unfall 48527 (2021) Kat:3, Licht: 0","48527","3","1","0","6","12","1","","0","1","0","0","0"
"POINT (6.969468939000024 50.863265146000060)","Unfall 48530 (2021) Kat:3, Licht: 0","48530","3","6","2","8","19","1","","0","0","1","0","0"
"POINT (6.937822444000062 50.931106813000042)","Unfall 48533 (2021) Kat:3, Licht: 2","48533","3","1","0","8","23","5","","2","0","0","0","0"
"POINT (7.100555947000032 50.839655694000044)","Unfall 48548 (2021) Kat:2, Licht: 2","48548","2","3","5","8","21","2","","2","0","1","0","1"
"POINT (6.910463118000052 50.928443613000070)","Unfall 48549 (2021) Kat:3, Licht: 0","48549","3","3","5","7","18","5","","0","0","1","0","1"
"POINT (6.939622674000020 50.939195493000057)","Unfall 48561 (2021) Kat:3, Licht: 2","48561","3","5","0","8","3","2","","2","1","0","1","0"
"POINT (6.976163784000050 50.953993563000040)","Unfall 48572 (2021) Kat:3, Licht: 0","48572","3","6","1","7","14","6","","0","0","1","0","0"
"POINT (6.969642905000057 50.936688912000079)","Unfall 48578 (2021) Kat:2, Licht: 2","48578","2","1","8","8","22","5","","2","0","1","0","0"
"POINT (7.091004465000026 50.892325555000070)","Unfall 48591 (2021) Kat:3, Licht: 0","48591","3","7","2","7","14","2","","0","0","1","0","0"
"POINT (6.915565221000065 50.930460009000058)","Unfall 48596 (2021) Kat:3, Licht: 0","48596","3","1","0","8","12","7","","0","1","0","0","0"
"POINT (6.848189610000077 50.938157290000049)","Unfall 48606 (2021) Kat:3, Licht: 0","48606","3","2","3","6","7","5","","0","1","0","0","0"
"POINT (6.948000325000066 50.954834254000048)","Unfall 48615 (2021) Kat:3, Licht: 0","48615","3","6","2","7","9","2","","0","0","1","0","0"
"POINT (6.947213540000064 50.930117647000031)","Unfall 48618 (2021) Kat:2, Licht: 0","48618","2","2","5","8","11","5","","0","1","1","0","0"
"POINT (6.921398837000027 51.016149805000055)","Unfall 48627 (2021) Kat:2, Licht: 0","48627","2","1","8","7","19","3","","0","0","1","0","0"
"POINT (6.924290240000062 50.946661371000062)","Unfall 48628 (2021) Kat:3, Licht: 0","48628","3","2","0","7","10","4","","0","1","0","0","1"
"POINT (6.954567483000062 50.959691877000068)","Unfall 48638 (2021) Kat:3, Licht: 2","48638","3","1","0","8","0","2","","2","0","0","0","0"
"POINT (7.029818848000048 50.941326689000050)","Unfall 48644 (2021) Kat:2, Licht: 0","48644","2","1","0","8","17","7","","0","0","0","0","0"
"POINT (6.977760724000063 50.889351273000045)","Unfall 48645 (2021) Kat:3, Licht: 2","48645","3","6","2","8","23","4","","2","0","1","0","0"
"POINT (6.946472873000062 50.860500184000045)","Unfall 48659 (2021) Kat:1, Licht: 0","48659","1","1","0","8","19","7","","0","0","1","0","1"
"POINT (6.934404335000067 50.936532938000028)","Unfall 48662 (2021) Kat:3, Licht: 0","48662","3","7","0","8","14","2","","0","0","0","0","0"
"POINT (7.039643876000071 50.945510168000055)","Unfall 48674 (2021) Kat:3, Licht: 0","48674","3","6","2","7","16","4","","0","0","1","0","0"
"POINT (6.953662183000063 50.964808909000055)","Unfall 48686 (2021) Kat:3, Licht: 1","48686","3","2","3","8","18","3","","1","1","1","0","0"
"POINT (6.829190523000022 50.957740826000077)","Unfall 48703 (2021) Kat:3, Licht: 0","48703","3","3","5","8","8","3","","0","1","1","0","0"
"POINT (7.014020343000027 50.986466360000065)","Unfall 48708 (2021) Kat:3, Licht: 0","48708","3","6","2","7","15","1","","0","0","1","0","0"
"POINT (6.908163754000043 50.935073809000073)","Unfall 48709 (2021) Kat:3, Licht: 2","48709","3","1","0","8","2","6","","2","0","0","0","0"
"POINT (6.923980647000064 50.912219650000054)","Unfall 48712 (2021) Kat:3, Licht: 0","48712","3","2","3","8","17","7","","0","1","1","0","0"
"POINT (6.932806905000064 50.948597953000046)","Unfall 48720 (2021) Kat:3, Licht: 0","48720","3","3","0","8","14","7","","0","0","1","0","0"
"POINT (6.828631097000027 50.928966961000071)","Unfall 48725 (2021) Kat:3, Licht: 0","48725","3","6","2","8","7","3","","0","0","1","0","0"
"POINT (7.093146915000034 50.920874879000053)","Unfall 48736 (2021) Kat:3, Licht: 0","48736","3","2","3","4","13","1","","0","0","1","0","1"
"POINT (6.864500393000071 50.952580299000033)","Unfall 48744 (2021) Kat:2, Licht: 0","48744","2","7","0","7","12","3","","0","1","0","0","0"
"POINT (6.934419720000051 50.933001669000078)","Unfall 48749 (2021) Kat:3, Licht: 0","48749","3","2","4","4","16","5","","0","1","1","0","0"
"POINT (6.881977133000021 51.034003671000050)","Unfall 48750 (2021) Kat:3, Licht: 1","48750","3","1","0","8","20","2","","1","0","0","0","1"
"POINT (6.909234812000022 51.006443223000076)","Unfall 48758 (2021) Kat:3, Licht: 0","48758","3","6","3","8","17","4","","0","0","1","0","0"
"POINT (7.031404683000062 50.966756136000072)","Unfall 48765 (2021) Kat:3, Licht: 0","48765","3","6","2","7","17","6","","0","0","1","0","0"
"POINT (7.045919488000038 50.937468602000081)","Unfall 48778 (2021) Kat:3, Licht: 0","48778","3","6","2","8","10","7","","0","0","1","0","0"
"POINT (6.989393402000076 50.883912749000046)","Unfall 48779 (2021) Kat:3, Licht: 0","48779","3","2","5","8","15","7","","0","0","1","0","0"
"POINT (6.920763515000033 50.954087160000029)","Unfall 48790 (2021) Kat:3, Licht: 0","48790","3","2","0","7","15","4","","0","0","1","0","0"
"POINT (7.002507403000038 50.979674105000072)","Unfall 48795 (2021) Kat:2, Licht: 0","48795","2","3","5","8","13","7","","0","1","1","0","0"
"POINT (6.949075171000061 50.935413481000069)","Unfall 48796 (2021) Kat:3, Licht: 0","48796","3","1","0","7","18","3","","0","0","0","0","1"
"POINT (6.923596330000066 50.912594395000042)","Unfall 48799 (2021) Kat:2, Licht: 1","48799","2","4","6","7","21","2","","1","0","1","1","0"
"POINT (6.936821763000069 50.950242788000025)","Unfall 48808 (2021) Kat:3, Licht: 0","48808","3","6","0","8","12","1","","0","1","0","1","0"
"POINT (7.035194812000043 50.967531857000040)","Unfall 48813 (2021) Kat:3, Licht: 0","48813","3","3","5","7","14","6","","0","0","1","0","0"
"POINT (7.096867386000042 50.845226425000078)","Unfall 48829 (2021) Kat:3, Licht: 0","48829","3","6","2","8","19","5","","0","0","1","0","0"
"POINT (7.041928336000069 50.942235361000030)","Unfall 48847 (2021) Kat:3, Licht: 0","48847","3","6","3","8","6","2","","0","0","1","0","0"
"POINT (7.073633760000064 50.899295768000059)","Unfall 48848 (2021) Kat:3, Licht: 0","48848","3","6","6","7","13","7","","0","1","0","1","0"
"POINT (6.911080106000043 50.925162801000056)","Unfall 48853 (2021) Kat:3, Licht: 0","48853","3","4","6","7","19","5","","0","1","0","1","0"
"POINT (6.942854333000071 50.990427065000063)","Unfall 48865 (2021) Kat:3, Licht: 2","48865","3","6","3","8","3","4","","2","1","1","0","0"
"POINT (6.877437506000035 50.937855999000078)","Unfall 48866 (2021) Kat:3, Licht: 0","48866","3","6","2","8","18","6","","0","0","1","0","0"
"POINT (6.888532218000023 51.051691033000054)","Unfall 48868 (2021) Kat:3, Licht: 0","48868","3","1","8","7","18","1","","0","0","1","0","0"
"POINT (6.919986069000061 50.914685080000027)","Unfall 48871 (2021) Kat:3, Licht: 0","48871","3","6","0","8","19","2","","0","1","0","0","0"
"POINT (7.079127173000074 50.981640910000067)","Unfall 48882 (2021) Kat:2, Licht: 0","48882","2","7","0","7","14","1","","0","1","0","0","0"
"POINT (6.924086827000053 50.936556950000067)","Unfall 48883 (2021) Kat:3, Licht: 1","48883","3","7","0","8","19","5","","1","1","1","0","0"
"POINT (6.915639685000031 50.950892446000069)","Unfall 48894 (2021) Kat:3, Licht: 0","48894","3","5","0","8","17","1","","0","1","1","0","0"
"POINT (6.953008272000034 50.967977842000039)","Unfall 48899 (2021) Kat:3, Licht: 0","48899","3","2","6","7","12","2","","0","0","1","1","0"
"POINT (6.906561505000070 50.926888461000033)","Unfall 48914 (2021) Kat:3, Licht: 0","48914","3","1","0","8","10","6","","0","0","0","0","1"
"POINT (7.013177340000027 50.999778438000078)","Unfall 48927 (2021) Kat:3, Licht: 2","48927","3","1","3","7","4","5","","2","0","1","0","0"
"POINT (6.981418646000066 50.937200342000040)","Unfall 48928 (2021) Kat:3, Licht: 0","48928","3","6","2","7","16","6","","0","0","1","0","0"
"POINT (6.855341166000073 50.937880684000049)","Unfall 48951 (2021) Kat:3, Licht: 0","48951","3","1","0","8","15","7","","0","1","0","0","0"
"POINT (6.864683006000064 50.918789638000078)","Unfall 48956 (2021) Kat:3, Licht: 2","48956","3","6","2","8","1","3","","2","0","1","0","0"
"POINT (6.849071290000040 50.934615706000045)","Unfall 48967 (2021) Kat:3, Licht: 0","48967","3","6","2","8","12","7","","0","0","1","0","0"
"POINT (6.916780190000054 50.950156042000060)","Unfall 48979 (2021) Kat:3, Licht: 0","48979","3","3","5","7","13","7","","0","1","1","0","0"
"POINT (7.080746977000047 50.909971755000072)","Unfall 48980 (2021) Kat:2, Licht: 0","48980","2","1","8","8","14","3","","0","0","0","0","1"
"POINT (6.904150930000071 50.977245863000064)","Unfall 48985 (2021) Kat:3, Licht: 0","48985","3","2","2","8","14","3","","0","0","1","0","0"
"POINT (6.924480084000038 50.946581288000061)","Unfall 48996 (2021) Kat:3, Licht: 0","48996","3","5","3","8","16","5","","0","1","1","0","0"
"POINT (6.938538045000030 50.926268930000049)","Unfall 49000 (2021) Kat:3, Licht: 0","49000","3","6","3","7","18","1","","0","0","1","0","1"
"POINT (6.898170152000034 50.958613126000046)","Unfall 49006 (2021) Kat:3, Licht: 0","49006","3","2","6","7","10","7","","0","0","1","1","0"
"POINT (6.939519929000028 50.938821274000077)","Unfall 49012 (2021) Kat:3, Licht: 0","49012","3","2","5","8","11","2","","0","1","1","0","0"
"POINT (6.836247686000036 51.051808701000027)","Unfall 49015 (2021) Kat:2, Licht: 0","49015","2","1","9","4","18","3","","0","1","1","0","0"
"POINT (7.022523372000023 50.915931412000077)","Unfall 49017 (2021) Kat:3, Licht: 0","49017","3","1","8","8","21","3","","0","0","1","0","0"
"POINT (6.916834931000039 50.950117857000066)","Unfall 49024 (2021) Kat:2, Licht: 0","49024","2","4","6","8","17","5","","0","0","0","1","0"
"POINT (7.063100240000040 50.905090996000069)","Unfall 49034 (2021) Kat:3, Licht: 0","49034","3","6","2","8","15","7","","0","0","1","0","0"
"POINT (6.927738965000060 50.945241472000077)","Unfall 49042 (2021) Kat:2, Licht: 2","49042","2","1","0","8","3","1","","2","0","0","0","0"
"POINT (7.021338221000065 50.964714432000051)","Unfall 49046 (2021) Kat:3, Licht: 0","49046","3","5","0","8","11","3","","0","1","0","0","0"
"POINT (6.892370254000070 50.961296235000077)","Unfall 49052 (2021) Kat:3, Licht: 0","49052","3","5","0","8","18","3","","0","0","1","0","1"
"POINT (6.896403062000047 50.992380511000079)","Unfall 49058 (2021) Kat:2, Licht: 0","49058","2","1","9","7","17","5","","0","0","0","0","1"
"POINT (6.925186666000059 51.012223213000027)","Unfall 49068 (2021) Kat:3, Licht: 0","49068","3","6","4","6","12","1","","0","1","0","0","0"
"POINT (6.882137583000031 50.937787717000049)","Unfall 49086 (2021) Kat:2, Licht: 0","49086","2","3","5","8","12","5","","0","1","1","0","0"
"POINT (7.107206699000074 50.878050833000032)","Unfall 49087 (2021) Kat:3, Licht: 0","49087","3","3","5","8","13","2","","0","0","1","0","0"
"POINT (7.067788459000042 50.925879898000062)","Unfall 49091 (2021) Kat:3, Licht: 2","49091","3","7","2","8","21","6","","2","0","1","0","1"
"POINT (6.969381703000067 50.936674002000075)","Unfall 49102 (2021) Kat:3, Licht: 0","49102","3","6","0","8","18","1","","0","1","0","0","0"
"POINT (6.926199464000035 50.914676926000027)","Unfall 49106 (2021) Kat:3, Licht: 1","49106","3","3","5","8","6","6","","1","0","1","0","0"
"POINT (6.956305757000052 50.950198587000045)","Unfall 49113 (2021) Kat:3, Licht: 0","49113","3","6","0","8","15","7","","0","0","1","0","0"
"POINT (7.104618698000024 50.859395496000047)","Unfall 49115 (2021) Kat:3, Licht: 0","49115","3","6","6","8","17","3","","0","0","1","1","0"
"POINT (6.914059898000062 50.972169865000069)","Unfall 49117 (2021) Kat:3, Licht: 0","49117","3","2","5","7","18","3","","0","0","1","0","0"
"POINT (6.939252300000021 50.930272788000082)","Unfall 49118 (2021) Kat:3, Licht: 0","49118","3","2","3","4","14","1","","0","1","1","0","0"
"POINT (6.933438716000069 50.943299746000037)","Unfall 49128 (2021) Kat:3, Licht: 2","49128","3","1","0","7","4","5","","2","0","0","0","0"
"POINT (6.964751727000021 50.925687626000069)","Unfall 49134 (2021) Kat:2, Licht: 2","49134","2","1","8","7","4","7","","2","0","0","0","0"
"POINT (6.939166056000033 50.937470986000051)","Unfall 49147 (2021) Kat:3, Licht: 0","49147","3","7","0","8","8","4","","0","1","0","0","0"
"POINT (6.974174726000058 50.956305564000047)","Unfall 49159 (2021) Kat:3, Licht: 0","49159","3","3","5","8","18","2","","0","1","1","0","0"
"POINT (6.953394501000048 50.935217499000032)","Unfall 49166 (2021) Kat:2, Licht: 0","49166","2","3","5","8","18","1","","0","1","1","0","0"
"POINT (6.985306370000046 50.920415773000059)","Unfall 49177 (2021) Kat:3, Licht: 1","49177","3","4","6","8","20","1","","1","0","1","1","0"
"POINT (6.829018822000023 50.953861407000034)","Unfall 49183 (2021) Kat:3, Licht: 0","49183","3","3","5","8","7","7","","0","1","1","0","0"
"POINT (6.934730480000042 50.936527951000073)","Unfall 49189 (2021) Kat:3, Licht: 0","49189","3","7","0","8","17","5","","0","0","0","1","0"
"POINT (7.104004737000025 50.864400095000065)","Unfall 49190 (2021) Kat:3, Licht: 2","49190","3","3","5","8","0","4","","2","1","1","0","0"
"POINT (6.956763128000034 50.950214638000034)","Unfall 49199 (2021) Kat:2, Licht: 0","49199","2","5","1","8","6","4","","0","1","1","0","0"
"POINT (6.962758242000064 50.929638046000036)","Unfall 49204 (2021) Kat:2, Licht: 0","49204","2","1","0","7","18","1","","0","0","0","0","0"
"POINT (7.045864648000077 50.942022665000081)","Unfall 49214 (2021) Kat:3, Licht: 0","49214","3","6","1","8","10","6","","0","0","1","0","0"
"POINT (6.954336824000052 50.961748859000068)","Unfall 49226 (2021) Kat:3, Licht: 0","49226","3","6","3","8","10","3","","0","1","1","0","0"
"POINT (6.863293013000032 50.937805701000059)","Unfall 49232 (2021) Kat:3, Licht: 0","49232","3","3","3","8","7","2","","0","1","0","0","0"
"POINT (6.959824301000026 50.920953935000057)","Unfall 49238 (2021) Kat:2, Licht: 0","49238","2","7","0","8","13","4","","0","0","0","1","0"
"POINT (6.903169985000034 50.956674338000028)","Unfall 49244 (2021) Kat:3, Licht: 2","49244","3","2","5","4","20","3","","2","1","1","0","0"
"POINT (6.999307848000058 50.989448606000053)","Unfall 49248 (2021) Kat:2, Licht: 0","49248","2","2","0","8","13","7","","0","0","1","0","0"
"POINT (6.958694927000067 50.950135690000081)","Unfall 49260 (2021) Kat:3, Licht: 0","49260","3","3","5","8","18","4","","0","0","1","0","1"
"POINT (7.083707747000062 50.863121700000079)","Unfall 49263 (2021) Kat:3, Licht: 0","49263","3","3","5","7","8","3","","0","1","1","0","0"
"POINT (6.848949666000067 50.932822569000052)","Unfall 49289 (2021) Kat:2, Licht: 0","49289","2","6","3","8","9","5","","0","0","1","0","0"
"POINT (6.984115642000063 50.900933459000044)","Unfall 49301 (2021) Kat:3, Licht: 0","49301","3","2","0","8","8","6","","0","1","1","0","0"
"POINT (6.953146086000061 50.967411241000036)","Unfall 49310 (2021) Kat:3, Licht: 0","49310","3","6","3","7","8","1","","0","1","0","0","0"
"POINT (7.042559144000052 50.941429740000046)","Unfall 49316 (2021) Kat:3, Licht: 0","49316","3","6","2","7","17","3","","0","0","1","0","0"
"POINT (7.053004356000031 50.877743704000068)","Unfall 49318 (2021) Kat:3, Licht: 0","49318","3","3","5","7","12","2","","0","1","1","0","0"
"POINT (6.949775886000054 50.955480634000025)","Unfall 49328 (2021) Kat:3, Licht: 0","49328","3","6","3","7","14","4","","0","0","1","0","0"
"POINT (6.945109279000064 50.987406330000056)","Unfall 49333 (2021) Kat:2, Licht: 0","49333","2","1","0","8","14","6","","0","0","0","0","1"
"POINT (6.924268644000051 50.936757768000064)","Unfall 49334 (2021) Kat:3, Licht: 0","49334","3","6","4","8","13","2","","0","1","0","0","0"
"POINT (6.945337929000061 50.904660035000063)","Unfall 49338 (2021) Kat:3, Licht: 0","49338","3","4","6","8","16","2","","0","0","1","1","0"
"POINT (6.978724928000076 50.952538815000025)","Unfall 49346 (2021) Kat:3, Licht: 0","49346","3","6","2","8","17","6","","0","0","1","0","0"
"POINT (7.063462959000049 50.904893913000080)","Unfall 49347 (2021) Kat:3, Licht: 0","49347","3","6","2","8","14","2","","0","0","1","0","0"
"POINT (6.850103581000042 50.938279432000058)","Unfall 49363 (2021) Kat:3, Licht: 0","49363","3","6","3","8","15","4","","0","0","1","0","0"
"POINT (6.977760724000063 50.889351273000045)","Unfall 49364 (2021) Kat:3, Licht: 0","49364","3","6","3","7","15","6","","0","0","1","0","0"
"POINT (7.083254044000057 50.926027180000062)","Unfall 49367 (2021) Kat:3, Licht: 0","49367","3","7","0","7","16","7","","0","0","1","0","0"
"POINT (7.013153019000072 50.956147942000030)","Unfall 49372 (2021) Kat:3, Licht: 0","49372","3","2","5","7","19","7","","0","1","1","0","0"
"POINT (6.884739143000047 50.935452137000027)","Unfall 49378 (2021) Kat:2, Licht: 0","49378","2","1","0","8","10","2","","0","0","0","0","1"
"POINT (6.828796015000023 50.952611626000078)","Unfall 49388 (2021) Kat:3, Licht: 0","49388","3","7","8","8","12","5","","0","0","0","0","0"
"POINT (7.002677356000049 50.960075339000070)","Unfall 49395 (2021) Kat:3, Licht: 0","49395","3","1","0","8","18","2","","0","0","0","0","1"
"POINT (7.037105744000030 50.997285276000071)","Unfall 49400 (2021) Kat:3, Licht: 0","49400","3","5","1","8","12","7","","0","1","1","0","0"
"POINT (6.866108580000059 50.937975025000071)","Unfall 49401 (2021) Kat:3, Licht: 0","49401","3","2","5","7","13","5","","0","0","1","0","0"
"POINT (6.845076155000072 50.916344281000079)","Unfall 49406 (2021) Kat:3, Licht: 0","49406","3","6","2","4","12","2","","0","0","1","0","0"
"POINT (6.999647899000024 50.986058600000035)","Unfall 49418 (2021) Kat:3, Licht: 0","49418","3","6","2","8","12","5","","0","0","1","0","0"
"POINT (6.924251800000036 50.936554329000046)","Unfall 49419 (2021) Kat:3, Licht: 0","49419","3","6","2","7","6","3","","0","0","1","0","0"
"POINT (6.861807291000048 51.011976570000058)","Unfall 49429 (2021) Kat:3, Licht: 0","49429","3","3","5","5","16","7","","0","1","1","0","0"
"POINT (7.017311006000057 50.933572096000034)","Unfall 49437 (2021) Kat:3, Licht: 0","49437","3","7","8","8","6","4","","0","0","1","0","0"
"POINT (6.895553926000048 50.993403670000077)","Unfall 49448 (2021) Kat:2, Licht: 0","49448","2","6","3","8","18","6","","0","0","1","0","1"
"POINT (6.961465666000038 50.884064543000079)","Unfall 49451 (2021) Kat:3, Licht: 0","49451","3","6","3","8","16","3","","0","0","1","0","0"
"POINT (6.924086827000053 50.936556950000067)","Unfall 49465 (2021) Kat:2, Licht: 0","49465","2","3","5","8","10","6","","0","1","1","0","0"
"POINT (6.918533753000077 50.949091414000065)","Unfall 49476 (2021) Kat:3, Licht: 0","49476","3","6","3","7","11","6","","0","1","1","0","0"
"POINT (7.107997894000050 50.858115991000034)","Unfall 49478 (2021) Kat:2, Licht: 0","49478","2","7","0","7","20","5","","0","0","1","0","1"
"POINT (6.850341425000067 50.969159292000029)","Unfall 49480 (2021) Kat:3, Licht: 0","49480","3","1","8","8","8","6","","0","0","1","0","0"
"POINT (7.030500504000031 50.931771724000043)","Unfall 49481 (2021) Kat:3, Licht: 2","49481","3","3","5","8","23","6","","2","0","1","0","0"
"POINT (6.840701995000074 51.034152243000051)","Unfall 49482 (2021) Kat:3, Licht: 0","49482","3","6","9","8","8","1","","0","0","1","0","0"
"POINT (6.963277635000054 50.933639408000033)","Unfall 49505 (2021) Kat:3, Licht: 1","49505","3","2","0","8","20","2","","1","0","1","0","0"
"POINT (6.880372777000048 50.966737460000047)","Unfall 49521 (2021) Kat:3, Licht: 0","49521","3","7","0","8","16","6","","0","1","1","0","0"
"POINT (6.998458855000024 50.963317980000056)","Unfall 49528 (2021) Kat:3, Licht: 0","49528","3","6","0","7","18","1","","0","0","1","0","0"
"POINT (6.969034348000037 50.879425030000050)","Unfall 49536 (2021) Kat:3, Licht: 0","49536","3","6","2","8","15","4","","0","0","0","0","0"
"POINT (6.909780958000056 51.049359866000032)","Unfall 49537 (2021) Kat:3, Licht: 1","49537","3","3","5","8","20","4","","1","0","1","0","1"
"POINT (6.971817748000035 50.914009567000051)","Unfall 49541 (2021) Kat:3, Licht: 0","49541","3","4","6","8","7","2","","0","0","1","1","0"
"POINT (6.908100634000050 50.955056202000037)","Unfall 49547 (2021) Kat:3, Licht: 0","49547","3","1","7","8","9","1","","0","1","0","0","0"
"POINT (6.962643018000051 50.936283914000057)","Unfall 49553 (2021) Kat:2, Licht: 0","49553","2","1","0","7","15","1","","0","1","0","0","0"
"POINT (7.066461903000061 50.903265668000074)","Unfall 49556 (2021) Kat:2, Licht: 0","49556","2","7","4","6","16","4","","0","0","1","0","0"
"POINT (6.916834931000039 50.950117857000066)","Unfall 49564 (2021) Kat:3, Licht: 0","49564","3","1","0","8","14","4","","0","1","0","0","0"
"POINT (6.917669767000064 50.969662952000078)","Unfall 49569 (2021) Kat:3, Licht: 0","49569","3","6","2","8","13","2","","0","0","1","0","0"
"POINT (7.055365774000052 50.928483218000054)","Unfall 49570 (2021) Kat:3, Licht: 0","49570","3","1","0","8","7","4","","0","0","1","0","0"
"POINT (7.082398340000054 50.944006100000081)","Unfall 49580 (2021) Kat:3, Licht: 0","49580","3","2","5","8","6","4","","0","0","1","0","0"