WKT,Name,OBJECTID,UKATEGORIE,UTYP1,UART,UMONAT,USTUNDE,UWOCHENTAG,STRZUSTAND,ULICHTVERH,ISTRAD,ISTPKW,ISTFUSS,ISTKRAD
"POINT (7.076645206000023 50.902201756000068)","Unfall 49581 (2021) Kat:3, Licht: 2","49581","3","6","2","8","23","7","","2","0","1","0","0"
"POINT (6.977795762000028 50.846759949000045)","Unfall 49585 (2021) Kat:3, Licht: 0","49585","3","6","2","8","12","7","","0","0","1","0","0"
"POINT (6.850632782000048 50.961956962000045)","Unfall 49592 (2021) Kat:3, Licht: 0","49592","3","1","0","8","17","5","","0","0","1","0","0"
"POINT (7.073906123000029 50.919858795000039)","Unfall 49604 (2021) Kat:3, Licht: 0","49604","3","6","3","8","16","3","","0","0","1","0","0"
"POINT (6.948142602000075 50.954899695000051)","Unfall 49611 (2021) Kat:3, Licht: 0","49611","3","6","0","7","6","4","","0","1","0","0","0"
"POINT (7.005389965000063 50.963832626000055)","Unfall 49617 (2021) Kat:2, Licht: 0","49617","2","3","5","7","16","7","","0","1","0","0","0"
"POINT (6.902989024000021 50.990725936000047)","Unfall 49623 (2021) Kat:3, Licht: 0","49623","3","2","5","7","14","5","","0","1","1","0","0"
"POINT (7.055576733000066 50.881241773000056)","Unfall 49625 (2021) Kat:3, Licht: 1","49625","3","3","5","4","20","3","","1","1","1","0","0"
"POINT (6.924698599000067 50.912903751000044)","Unfall 49629 (2021) Kat:1, Licht: 0","49629","1","5","1","7","9","6","","0","1","1","0","0"
"POINT (6.841342080000061 50.981625262000080)","Unfall 49641 (2021) Kat:3, Licht: 2","49641","3","2","5","8","2","3","","2","0","1","0","0"
"POINT (6.963191258000052 50.935658631000081)","Unfall 49642 (2021) Kat:3, Licht: 1","49642","3","6","4","7","21","1","","1","1","0","0","0"
"POINT (6.969820180000056 50.866969566000080)","Unfall 49643 (2021) Kat:2, Licht: 0","49643","2","6","3","8","16","4","","0","0","1","0","0"
"POINT (6.957195766000041 50.953284426000039)","Unfall 49653 (2021) Kat:3, Licht: 0","49653","3","2","0","5","13","7","","0","1","1","0","0"
"POINT (6.860527151000042 50.977991974000076)","Unfall 49659 (2021) Kat:3, Licht: 0","49659","3","1","0","8","12","7","","0","1","0","0","0"
"POINT (6.955088904000036 51.004904460000034)","Unfall 49670 (2021) Kat:3, Licht: 0","49670","3","1","0","8","11","7","","0","1","0","0","0"
"POINT (6.908822547000057 50.927771126000039)","Unfall 49675 (2021) Kat:3, Licht: 0","49675","3","2","0","8","19","4","","0","0","1","0","1"
"POINT (6.905983180000021 50.999792972000080)","Unfall 49686 (2021) Kat:3, Licht: 0","49686","3","6","2","8","9","4","","0","0","1","0","0"
"POINT (7.053004356000031 50.877743704000068)","Unfall 49688 (2021) Kat:3, Licht: 0","49688","3","3","5","8","15","4","","0","0","1","0","0"
"POINT (6.991781008000032 50.915923698000029)","Unfall 49692 (2021) Kat:3, Licht: 2","49692","3","4","6","11","18","6","","2","0","1","1","0"
"POINT (7.037187211000060 50.951600400000075)","Unfall 49698 (2021) Kat:3, Licht: 0","49698","3","6","2","7","17","5","","0","0","1","0","0"
"POINT (6.989127547000066 50.936606290000043)","Unfall 49704 (2021) Kat:3, Licht: 1","49704","3","1","0","7","20","7","","1","1","0","0","0"
"POINT (6.849478520000048 50.945802378000053)","Unfall 49715 (2021) Kat:3, Licht: 0","49715","3","6","1","8","16","2","","0","0","1","0","0"
"POINT (7.022302104000062 50.979233276000059)","Unfall 49720 (2021) Kat:3, Licht: 0","49720","3","1","9","7","19","2","","0","0","1","0","0"
"POINT (6.932681689000049 50.934021342000051)","Unfall 49721 (2021) Kat:3, Licht: 0","49721","3","2","3","8","18","5","","0","1","1","0","0"
"POINT (6.940176075000068 50.968231635000052)","Unfall 51499 (2021) Kat:3, Licht: 0","51499","3","6","1","6","12","1","","0","0","1","0","0"
"POINT (7.031518638000023 50.966461858000059)","Unfall 51591 (2021) Kat:3, Licht: 0","51591","3","6","2","8","18","5","","0","0","1","0","0"
"POINT (6.888449667000032 50.929397929000061)","Unfall 51687 (2021) Kat:3, Licht: 0","51687","3","6","2","8","16","4","","0","0","1","0","0"
"POINT (7.006754967000063 50.968045999000026)","Unfall 51733 (2021) Kat:2, Licht: 2","51733","2","1","0","7","22","3","","2","1","0","0","0"
"POINT (7.108981149000044 50.853566300000068)","Unfall 51758 (2021) Kat:2, Licht: 0","51758","2","3","5","8","10","1","","0","0","1","0","1"
"POINT (6.939051063000022 50.935392929000045)","Unfall 51820 (2021) Kat:3, Licht: 0","51820","3","2","3","7","17","3","","0","1","1","0","0"
"POINT (6.848810991000050 50.924741775000030)","Unfall 51890 (2021) Kat:3, Licht: 0","51890","3","6","2","8","18","4","","0","0","1","0","0"
"POINT (6.915625736000038 50.970985917000064)","Unfall 51919 (2021) Kat:3, Licht: 0","51919","3","6","0","8","14","1","","0","0","1","0","0"
"POINT (6.905272060000073 50.955979465000041)","Unfall 52123 (2021) Kat:2, Licht: 0","52123","2","3","5","8","10","7","","0","1","1","0","0"
"POINT (7.076160442000059 50.945104109000056)","Unfall 52148 (2021) Kat:3, Licht: 0","52148","3","1","0","8","17","1","","0","1","0","0","0"
"POINT (6.947895875000029 50.981536543000061)","Unfall 52352 (2021) Kat:2, Licht: 0","52352","2","1","1","8","19","3","","0","0","1","0","1"
"POINT (6.940176075000068 50.968231635000052)","Unfall 52397 (2021) Kat:3, Licht: 0","52397","3","6","2","7","14","6","","0","0","1","0","0"
"POINT (6.857919465000066 51.013104579000071)","Unfall 52521 (2021) Kat:3, Licht: 0","52521","3","7","0","8","15","6","","0","1","0","0","0"
"POINT (7.038674049000065 50.968230876000064)","Unfall 52538 (2021) Kat:3, Licht: 0","52538","3","2","4","8","14","4","","0","1","1","0","0"
"POINT (6.944266830000061 50.889274539000041)","Unfall 52556 (2021) Kat:3, Licht: 2","52556","3","1","0","8","7","5","","2","1","0","0","0"
"POINT (6.902111744000024 50.937054245000070)","Unfall 52604 (2021) Kat:3, Licht: 0","52604","3","1","1","7","11","3","","0","1","1","0","0"
"POINT (6.900362544000075 50.937277220000055)","Unfall 52625 (2021) Kat:3, Licht: 0","52625","3","2","5","7","20","5","","0","0","1","0","0"
"POINT (7.030057724000073 50.940260725000030)","Unfall 52787 (2021) Kat:3, Licht: 0","52787","3","3","5","7","13","6","","0","1","0","0","0"
"POINT (7.053912836000052 50.978740318000064)","Unfall 52814 (2021) Kat:3, Licht: 0","52814","3","1","0","8","13","3","","0","0","0","0","1"
"POINT (7.062909075000050 50.905194865000055)","Unfall 53015 (2021) Kat:2, Licht: 2","53015","2","3","5","7","22","5","","2","0","1","0","0"
"POINT (7.031518638000023 50.966461858000059)","Unfall 53106 (2021) Kat:3, Licht: 0","53106","3","1","8","7","7","1","","0","0","1","0","0"
"POINT (7.039960617000077 50.909997353000051)","Unfall 53175 (2021) Kat:2, Licht: 0","53175","2","6","2","8","12","4","","0","0","1","0","0"
"POINT (6.940176075000068 50.968231635000052)","Unfall 53198 (2021) Kat:3, Licht: 0","53198","3","2","5","8","16","5","","0","0","1","0","1"
"POINT (7.092946032000043 50.929667023000036)","Unfall 53264 (2021) Kat:3, Licht: 0","53264","3","2","0","7","16","3","","0","1","1","0","0"
"POINT (6.951858860000073 50.971196603000067)","Unfall 53342 (2021) Kat:3, Licht: 0","53342","3","6","8","7","16","2","","0","1","1","0","0"
"POINT (7.083498165000037 50.869512248000035)","Unfall 53367 (2021) Kat:3, Licht: 0","53367","3","3","5","8","19","1","","0","1","1","0","0"
"POINT (6.966634920000047 50.839985189000060)","Unfall 53429 (2021) Kat:3, Licht: 0","53429","3","6","2","8","17","3","","0","0","1","0","0"
"POINT (6.945740981000029 50.946575543000051)","Unfall 53436 (2021) Kat:3, Licht: 0","53436","3","2","0","8","18","3","","0","1","1","0","0"
"POINT (6.939109476000056 50.935121411000068)","Unfall 53450 (2021) Kat:2, Licht: 0","53450","2","7","1","8","15","2","","0","0","1","0","1"
"POINT (7.033247858000038 50.938625898000055)","Unfall 53545 (2021) Kat:3, Licht: 0","53545","3","3","5","8","18","5","","0","0","1","0","0"
"POINT (6.890339913000048 50.924675158000070)","Unfall 53614 (2021) Kat:2, Licht: 0","53614","2","2","5","8","16","5","","0","0","1","0","0"
"POINT (6.953324341000041 50.935071733000029)","Unfall 53711 (2021) Kat:2, Licht: 2","53711","2","3","5","8","1","7","","2","0","1","0","0"
"POINT (6.942820229000063 50.935785234000036)","Unfall 53743 (2021) Kat:3, Licht: 0","53743","3","3","0","7","14","4","","0","1","1","0","0"
"POINT (6.932605960000046 50.934119087000056)","Unfall 53810 (2021) Kat:3, Licht: 0","53810","3","6","1","8","13","2","","0","0","1","0","0"
"POINT (7.099831655000060 50.909460272000047)","Unfall 53916 (2021) Kat:3, Licht: 0","53916","3","3","5","7","10","7","","0","1","1","0","0"
"POINT (6.928525429000047 50.936704450000036)","Unfall 54001 (2021) Kat:3, Licht: 0","54001","3","1","5","6","14","7","","0","1","0","0","0"
"POINT (7.043011690000071 50.919404506000035)","Unfall 54056 (2021) Kat:3, Licht: 0","54056","3","6","2","8","16","3","","0","0","1","0","0"
"POINT (7.044993357000067 50.868694812000058)","Unfall 54106 (2021) Kat:3, Licht: 0","54106","3","5","1","7","9","7","","0","1","1","0","0"
"POINT (7.003799979000064 50.938082893000058)","Unfall 54313 (2021) Kat:3, Licht: 0","54313","3","3","5","4","11","2","","0","1","1","0","0"
"POINT (6.998077093000063 50.937522065000053)","Unfall 54511 (2021) Kat:3, Licht: 0","54511","3","1","8","8","17","6","","0","0","0","0","0"
"POINT (6.968561321000038 50.885433621000061)","Unfall 54530 (2021) Kat:3, Licht: 2","54530","3","1","8","8","2","2","","2","0","1","0","0"
"POINT (6.927495472000032 50.960428335000074)","Unfall 54615 (2021) Kat:3, Licht: 0","54615","3","6","2","8","16","6","","0","0","1","0","0"
"POINT (6.910746365000023 50.954049639000061)","Unfall 54620 (2021) Kat:3, Licht: 0","54620","3","7","6","7","17","1","","0","1","0","1","0"
"POINT (6.904721634000055 50.900477936000073)","Unfall 54637 (2021) Kat:3, Licht: 0","54637","3","6","2","8","10","7","","0","0","1","0","0"
"POINT (6.873452900000075 50.967613038000081)","Unfall 156380 (2021) Kat:2, Licht: 2","156380","2","3","0","10","20","4","","2","0","1","0","0"
"POINT (6.870940200000064 50.965597382000055)","Unfall 156414 (2021) Kat:3, Licht: 0","156414","3","5","5","2","14","7","","0","0","1","0","1"
"POINT (6.854434008000055 51.011297130000059)","Unfall 156423 (2021) Kat:2, Licht: 0","156423","2","1","0","5","16","4","","0","0","1","0","0"
"POINT (6.854892144000075 50.947223935000068)","Unfall 156438 (2021) Kat:3, Licht: 0","156438","3","7","6","7","11","5","","0","0","1","1","0"
"POINT (6.871631650000040 50.976339751000069)","Unfall 156450 (2021) Kat:3, Licht: 2","156450","3","3","5","1","6","5","","2","0","1","0","0"
"POINT (6.873478247000037 50.932410686000026)","Unfall 156458 (2021) Kat:3, Licht: 2","156458","3","1","0","1","19","5","","2","1","0","0","0"
"POINT (6.847392895000041 50.918494895000038)","Unfall 156469 (2021) Kat:3, Licht: 2","156469","3","3","5","12","6","4","","2","1","1","0","0"
"POINT (6.866745498000057 50.932181617000026)","Unfall 156473 (2021) Kat:3, Licht: 0","156473","3","3","5","6","13","7","","0","0","1","0","1"
"POINT (6.878677455000059 51.003215163000050)","Unfall 156487 (2021) Kat:3, Licht: 2","156487","3","6","0","9","21","7","","2","1","0","0","0"
"POINT (6.834465849000026 50.942743859000075)","Unfall 156496 (2021) Kat:3, Licht: 2","156496","3","1","0","9","0","1","","2","0","0","0","0"
"POINT (6.854206943000065 50.942112184000052)","Unfall 156505 (2021) Kat:3, Licht: 0","156505","3","6","3","1","16","3","","0","1","0","0","0"
"POINT (6.870387187000063 50.935660670000061)","Unfall 156513 (2021) Kat:3, Licht: 0","156513","3","3","5","12","12","7","","0","1","1","0","0"
"POINT (6.833240322000051 50.938891962000071)","Unfall 156525 (2021) Kat:3, Licht: 2","156525","3","1","0","1","21","6","","2","1","0","0","0"
"POINT (6.840064759000029 50.961187784000060)","Unfall 156542 (2021) Kat:3, Licht: 0","156542","3","7","0","7","15","5","","0","1","0","1","0"
"POINT (6.842931757000031 51.044598368000038)","Unfall 156566 (2021) Kat:3, Licht: 2","156566","3","3","0","4","15","3","","2","1","1","0","0"
"POINT (6.844141376000039 50.935566569000059)","Unfall 156617 (2021) Kat:2, Licht: 0","156617","2","2","6","12","10","6","","0","0","1","1","0"
"POINT (6.875322285000038 50.966784138000037)","Unfall 156636 (2021) Kat:3, Licht: 2","156636","3","1","1","12","21","6","","2","0","1","0","0"
"POINT (6.858765105000032 51.065392655000039)","Unfall 156659 (2021) Kat:3, Licht: 0","156659","3","1","6","9","9","4","","0","0","0","1","0"
"POINT (6.868010907000041 50.930483966000054)","Unfall 156689 (2021) Kat:3, Licht: 0","156689","3","3","5","11","15","5","","0","0","1","0","1"
"POINT (6.834460161000038 50.946525933000032)","Unfall 156691 (2021) Kat:3, Licht: 0","156691","3","4","6","12","15","3","","0","0","1","1","0"
"POINT (6.848045594000041 51.055284176000043)","Unfall 156693 (2021) Kat:3, Licht: 0","156693","3","6","6","3","16","4","","0","1","0","1","0"
"POINT (6.847334232000037 50.980148924000048)","Unfall 156702 (2021) Kat:3, Licht: 0","156702","3","3","5","12","12","5","","0","0","1","0","0"
"POINT (6.865995770000040 50.927333718000057)","Unfall 156706 (2021) Kat:3, Licht: 0","156706","3","3","5","11","9","3","","0","1","1","0","0"
"POINT (6.861674438000023 51.012561638000079)","Unfall 156733 (2021) Kat:2, Licht: 0","156733","2","1","0","9","10","5","","0","1","0","0","0"
"POINT (6.842921474000036 51.044606506000036)","Unfall 156760 (2021) Kat:2, Licht: 0","156760","2","6","1","10","15","7","","0","0","1","0","1"
"POINT (6.849493139000060 51.015427488000057)","Unfall 156778 (2021) Kat:3, Licht: 0","156778","3","7","0","5","20","4","","0","1","0","0","0"
"POINT (6.874684485000046 50.996841973000073)","Unfall 156787 (2021) Kat:3, Licht: 0","156787","3","5","8","6","9","7","","0","0","1","0","0"
"POINT (6.877323738000030 50.941040141000030)","Unfall 156794 (2021) Kat:3, Licht: 0","156794","3","1","8","6","17","5","","0","1","0","0","0"
"POINT (6.870951722000029 50.926066094000078)","Unfall 156801 (2021) Kat:2, Licht: 0","156801","2","1","0","5","17","5","","0","1","0","0","0"
"POINT (6.844386197000063 50.937366536000070)","Unfall 156816 (2021) Kat:3, Licht: 1","156816","3","3","5","10","17","5","","1","0","1","0","1"
"POINT (6.843318375000024 50.938672053000062)","Unfall 156863 (2021) Kat:3, Licht: 2","156863","3","4","6","11","18","2","","2","0","1","1","0"
"POINT (6.850891414000046 50.917577734000076)","Unfall 156870 (2021) Kat:3, Licht: 0","156870","3","1","0","9","17","4","","0","0","0","0","1"
"POINT (6.873570993000044 50.937605860000076)","Unfall 156934 (2021) Kat:3, Licht: 0","156934","3","1","7","12","14","2","","0","1","0","0","0"
"POINT (6.822854492000033 50.936848966000071)","Unfall 156937 (2021) Kat:3, Licht: 0","156937","3","2","5","10","11","3","","0","1","1","0","0"
"POINT (6.870282385000053 50.935273254000037)","Unfall 156942 (2021) Kat:3, Licht: 0","156942","3","1","0","9","13","3","","0","0","0","0","0"
"POINT (6.842197921000036 50.960890726000059)","Unfall 156954 (2021) Kat:2, Licht: 0","156954","2","6","6","2","18","6","","0","1","0","1","0"
"POINT (6.859891242000060 50.937014988000044)","Unfall 156959 (2021) Kat:3, Licht: 0","156959","3","5","1","3","12","3","","0","1","1","0","0"
"POINT (6.874691914000039 50.993953505000036)","Unfall 156973 (2021) Kat:3, Licht: 0","156973","3","3","5","2","16","4","","0","1","1","0","0"
"POINT (6.851387036000062 50.931001584000057)","Unfall 156992 (2021) Kat:2, Licht: 2","156992","2","1","0","12","17","5","","2","1","0","0","0"
"POINT (6.870106067000052 50.948896087000037)","Unfall 157022 (2021) Kat:2, Licht: 0","157022","2","7","0","5","15","1","","0","1","0","0","0"
"POINT (6.833839438000041 50.940606007000042)","Unfall 157024 (2021) Kat:3, Licht: 2","157024","3","3","5","1","18","3","","2","0","1","0","0"
"POINT (6.876266738000027 50.931992886000046)","Unfall 157053 (2021) Kat:3, Licht: 2","157053","3","2","5","12","16","3","","2","1","1","0","0"
"POINT (6.870115100000021 50.976427194000053)","Unfall 157073 (2021) Kat:2, Licht: 0","157073","2","4","6","7","14","3","","0","0","1","1","0"
"POINT (6.830867539000053 50.941900861000079)","Unfall 157084 (2021) Kat:3, Licht: 1","157084","3","7","0","1","8","3","","1","1","0","0","0"
"POINT (6.859934099000043 50.929684032000068)","Unfall 157099 (2021) Kat:3, Licht: 0","157099","3","7","0","9","10","2","","0","1","0","0","0"
"POINT (6.873524806000034 51.005657463000034)","Unfall 157104 (2021) Kat:3, Licht: 0","157104","3","1","0","3","17","4","","0","1","0","0","0"
"POINT (6.870985413000028 50.935610643000075)","Unfall 157126 (2021) Kat:3, Licht: 0","157126","3","5","0","9","17","4","","0","1","1","0","0"
"POINT (6.842920011000047 50.934539343000040)","Unfall 157137 (2021) Kat:3, Licht: 0","157137","3","5","0","9","13","2","","0","1","1","0","0"
"POINT (6.853244274000076 50.935497129000055)","Unfall 157148 (2021) Kat:3, Licht: 0","157148","3","2","5","7","18","3","","0","1","0","0","0"
"POINT (6.850786567000057 50.917694380000057)","Unfall 157175 (2021) Kat:3, Licht: 0","157175","3","3","0","7","11","6","","0","0","1","0","1"
"POINT (6.828379002000077 50.964373999000031)","Unfall 157177 (2021) Kat:3, Licht: 0","157177","3","6","2","5","14","2","","0","1","1","0","0"
"POINT (6.844393920000073 51.064552695000032)","Unfall 157178 (2021) Kat:3, Licht: 0","157178","3","1","4","9","15","2","","0","0","1","0","1"
"POINT (6.862667060000035 50.932089736000080)","Unfall 157239 (2021) Kat:3, Licht: 0","157239","3","6","1","9","8","4","","0","1","1","0","0"
"POINT (6.845062978000044 50.921768325000073)","Unfall 157255 (2021) Kat:2, Licht: 2","157255","2","1","8","2","0","5","","2","0","1","0","0"
"POINT (6.876500651000072 51.006487645000050)","Unfall 157268 (2021) Kat:3, Licht: 0","157268","3","1","9","3","12","6","","0","0","0","0","1"
"POINT (6.872846743000025 50.995873441000072)","Unfall 157289 (2021) Kat:3, Licht: 0","157289","3","3","5","9","15","4","","0","1","1","0","0"
"POINT (6.852933111000027 50.942201497000042)","Unfall 157380 (2021) Kat:3, Licht: 0","157380","3","2","0","4","18","2","","0","1","1","0","0"
"POINT (6.857264158000021 50.932075206000036)","Unfall 157386 (2021) Kat:2, Licht: 2","157386","2","1","0","5","22","6","","2","1","0","0","0"
"POINT (6.847842764000063 50.947709043000032)","Unfall 157392 (2021) Kat:3, Licht: 0","157392","3","2","5","7","9","7","","0","0","1","0","0"
"POINT (6.855179998000040 51.045350137000071)","Unfall 157425 (2021) Kat:3, Licht: 0","157425","3","7","0","5","21","1","","0","0","1","0","0"
"POINT (6.873212259000070 51.060677275000046)","Unfall 157440 (2021) Kat:3, Licht: 0","157440","3","6","6","9","17","4","","0","0","1","1","0"
"POINT (6.829155966000030 50.942080725000039)","Unfall 157485 (2021) Kat:3, Licht: 0","157485","3","5","1","5","9","2","","0","1","1","0","0"
"POINT (6.864705556000047 50.976342202000069)","Unfall 157520 (2021) Kat:3, Licht: 0","157520","3","5","1","5","8","6","","0","1","1","0","0"
"POINT (6.822843324000075 50.935466076000068)","Unfall 157535 (2021) Kat:2, Licht: 0","157535","2","1","0","2","10","3","","0","1","0","0","0"
"POINT (6.831618718000072 50.966359138000030)","Unfall 157540 (2021) Kat:3, Licht: 0","157540","3","3","5","12","14","4","","0","1","1","0","0"
"POINT (6.923989754000047 50.923066682000069)","Unfall 157547 (2021) Kat:3, Licht: 0","157547","3","1","0","10","15","3","","0","1","1","0","0"
"POINT (6.948726302000068 50.934277383000051)","Unfall 157550 (2021) Kat:3, Licht: 0","157550","3","5","3","9","8","5","","0","1","1","0","0"
"POINT (6.878749946000028 50.987624455000059)","Unfall 157553 (2021) Kat:3, Licht: 1","157553","3","3","5","3","7","4","","1","1","1","0","0"
"POINT (6.944563844000072 50.915429987000039)","Unfall 157554 (2021) Kat:3, Licht: 0","157554","3","1","0","9","14","1","","0","0","0","0","1"
"POINT (6.928055279000034 50.968954886000063)","Unfall 157556 (2021) Kat:3, Licht: 0","157556","3","3","5","6","14","3","","0","1","1","0","0"
"POINT (6.917415156000061 50.954853236000076)","Unfall 157557 (2021) Kat:3, Licht: 0","157557","3","3","5","1","9","1","","0","1","1","0","0"
"POINT (6.938130909000051 50.907896066000035)","Unfall 157558 (2021) Kat:3, Licht: 0","157558","3","5","0","1","9","6","","0","1","0","0","0"
"POINT (6.941430183000023 50.929220574000055)","Unfall 157560 (2021) Kat:3, Licht: 0","157560","3","6","2","11","11","7","","0","0","1","0","0"
"POINT (6.932606092000071 50.934089029000063)","Unfall 157561 (2021) Kat:3, Licht: 2","157561","3","2","0","12","18","6","","2","0","1","0","0"
"POINT (6.948156274000041 50.922294774000079)","Unfall 157563 (2021) Kat:3, Licht: 2","157563","3","2","5","9","20","3","","2","1","1","0","0"
"POINT (6.912234914000067 50.956913837000059)","Unfall 157564 (2021) Kat:3, Licht: 0","157564","3","4","6","4","12","5","","0","1","0","1","0"
"POINT (6.920593223000026 50.953638630000057)","Unfall 157565 (2021) Kat:3, Licht: 0","157565","3","3","4","9","18","4","","0","0","1","0","0"
"POINT (6.901146882000035 50.954857005000065)","Unfall 157566 (2021) Kat:3, Licht: 0","157566","3","2","3","3","13","2","","0","1","1","0","0"
"POINT (6.915510654000059 50.955612559000031)","Unfall 157568 (2021) Kat:3, Licht: 0","157568","3","1","0","12","14","7","","0","1","0","0","0"
"POINT (6.937590878000037 50.910986324000078)","Unfall 157569 (2021) Kat:3, Licht: 2","157569","3","5","1","6","2","5","","2","0","1","0","0"
"POINT (6.895424205000040 50.968429028000060)","Unfall 157570 (2021) Kat:3, Licht: 0","157570","3","3","0","9","11","6","","0","1","1","0","0"
"POINT (6.919250384000065 50.921369827000035)","Unfall 157574 (2021) Kat:3, Licht: 0","157574","3","1","0","12","11","1","","0","1","0","0","0"
"POINT (6.940631626000027 50.920703403000061)","Unfall 157575 (2021) Kat:3, Licht: 0","157575","3","1","0","10","13","6","","0","0","0","0","1"
"POINT (6.924341555000069 50.923186749000081)","Unfall 157577 (2021) Kat:3, Licht: 2","157577","3","5","1","12","18","6","","2","1","1","0","0"
"POINT (6.934924861000070 50.927782314000069)","Unfall 157578 (2021) Kat:3, Licht: 0","157578","3","1","0","12","15","7","","0","1","0","0","0"
"POINT (6.892185125000026 51.032671747000052)","Unfall 157579 (2021) Kat:3, Licht: 0","157579","3","1","9","6","17","4","","0","0","1","0","0"
"POINT (6.882845882000026 50.945225141000037)","Unfall 157581 (2021) Kat:3, Licht: 0","157581","3","7","0","3","15","1","","0","0","1","1","0"
"POINT (6.945626538000056 50.910319411000046)","Unfall 157582 (2021) Kat:3, Licht: 0","157582","3","2","5","6","11","2","","0","1","1","0","0"
"POINT (6.916903218000073 50.879350066000029)","Unfall 157584 (2021) Kat:3, Licht: 0","157584","3","6","2","9","17","2","","0","0","1","0","0"
"POINT (6.938862935000031 50.946782384000073)","Unfall 157585 (2021) Kat:2, Licht: 2","157585","2","1","9","3","4","1","","2","0","1","0","0"
"POINT (6.922173407000059 50.973072271000035)","Unfall 157587 (2021) Kat:2, Licht: 0","157587","2","1","8","9","15","5","","0","1","0","0","0"
"POINT (6.934323930000062 50.906421402000035)","Unfall 157589 (2021) Kat:3, Licht: 0","157589","3","2","5","11","15","3","","0","0","1","0","1"
"POINT (6.922137522000071 50.922411658000044)","Unfall 157592 (2021) Kat:3, Licht: 0","157592","3","7","0","4","8","5","","0","0","0","1","0"
"POINT (6.882000303000041 50.947530866000079)","Unfall 157593 (2021) Kat:3, Licht: 0","157593","3","6","4","9","6","4","","0","1","0","0","0"
"POINT (6.903108070000030 51.023102764000043)","Unfall 157594 (2021) Kat:3, Licht: 0","157594","3","7","0","6","16","3","","0","0","1","1","0"
"POINT (6.927214230000061 50.922723672000075)","Unfall 157595 (2021) Kat:3, Licht: 0","157595","3","4","6","3","15","2","","0","0","1","1","0"
"POINT (6.941564064000033 50.910847977000060)","Unfall 157599 (2021) Kat:2, Licht: 2","157599","2","2","4","10","18","4","","2","0","1","0","1"
"POINT (6.932730253000045 50.937365123000063)","Unfall 157600 (2021) Kat:3, Licht: 2","157600","3","1","0","9","3","7","","2","0","0","0","0"
"POINT (6.921075286000075 50.926487575000067)","Unfall 157602 (2021) Kat:3, Licht: 0","157602","3","5","3","10","13","7","","0","1","1","0","0"
"POINT (6.900072151000074 50.956058962000043)","Unfall 157603 (2021) Kat:3, Licht: 0","157603","3","7","6","7","17","7","","0","0","1","1","0"
"POINT (6.924691381000059 50.910459998000078)","Unfall 157604 (2021) Kat:3, Licht: 0","157604","3","4","6","4","10","1","","0","1","0","1","0"
"POINT (6.937622712000064 50.919168019000040)","Unfall 157605 (2021) Kat:3, Licht: 0","157605","3","6","2","5","14","7","","0","1","0","0","0"
"POINT (6.911726527000042 50.957117660000051)","Unfall 157608 (2021) Kat:2, Licht: 2","157608","2","2","5","6","21","6","","2","0","1","0","1"
"POINT (6.943885974000068 50.901024944000028)","Unfall 157610 (2021) Kat:3, Licht: 0","157610","3","5","5","7","17","4","","0","0","1","0","1"
"POINT (6.886240618000045 51.000618892000034)","Unfall 157611 (2021) Kat:3, Licht: 0","157611","3","6","2","12","13","3","","0","0","1","0","0"
"POINT (6.939211736000061 50.901553982000053)","Unfall 157614 (2021) Kat:3, Licht: 0","157614","3","5","1","3","12","2","","0","0","1","0","0"
"POINT (6.899448939000024 50.945939583000040)","Unfall 157615 (2021) Kat:3, Licht: 2","157615","3","3","5","11","21","2","","2","0","1","0","0"
"POINT (6.948547957000073 50.932016512000075)","Unfall 157617 (2021) Kat:3, Licht: 0","157617","3","5","1","5","18","1","","0","1","1","0","0"
"POINT (6.920666957000037 50.958008177000067)","Unfall 157618 (2021) Kat:3, Licht: 0","157618","3","1","0","1","13","3","","0","1","0","0","0"
"POINT (6.901129509000043 50.961174647000064)","Unfall 157619 (2021) Kat:3, Licht: 0","157619","3","4","6","2","10","4","","0","0","1","1","0"
"POINT (6.936707081000066 51.024827420000065)","Unfall 157621 (2021) Kat:3, Licht: 0","157621","3","2","5","11","7","3","","0","0","1","0","0"
"POINT (6.909300172000030 50.945222069000067)","Unfall 157624 (2021) Kat:3, Licht: 0","157624","3","7","3","9","7","4","","0","0","1","0","1"
"POINT (6.947554046000050 50.915476744000046)","Unfall 157626 (2021) Kat:3, Licht: 2","157626","3","1","0","10","7","7","","2","0","0","0","0"
"POINT (6.941282802000046 50.909552914000074)","Unfall 157628 (2021) Kat:3, Licht: 0","157628","3","2","6","11","7","3","","0","0","1","1","0"
"POINT (6.899107592000064 50.964867506000076)","Unfall 157629 (2021) Kat:3, Licht: 2","157629","3","3","5","10","18","6","","2","1","0","0","0"
"POINT (6.923393300000043 50.930542662000050)","Unfall 157630 (2021) Kat:3, Licht: 0","157630","3","6","4","7","10","1","","0","0","1","0","0"
"POINT (6.935526074000052 50.956753540000079)","Unfall 157631 (2021) Kat:3, Licht: 0","157631","3","4","6","4","13","3","","0","0","1","1","0"
"POINT (6.945206164000069 50.905650083000069)","Unfall 157635 (2021) Kat:3, Licht: 2","157635","3","1","0","6","0","1","","2","1","0","0","0"
"POINT (6.938891558000023 50.946176505000039)","Unfall 157638 (2021) Kat:3, Licht: 0","157638","3","4","6","11","8","3","","0","1","0","1","0"