WKT,Name,OBJECTID,UKATEGORIE,UTYP1,UART,UMONAT,USTUNDE,UWOCHENTAG,STRZUSTAND,ULICHTVERH,ISTRAD,ISTPKW,ISTFUSS,ISTKRAD
"POINT (6.921301478000032 50.922113866000075)","Unfall 157640 (2021) Kat:3, Licht: 0","157640","3","5","0","9","13","4","","0","0","1","0","0"
"POINT (6.933773286000076 50.964574965000054)","Unfall 157642 (2021) Kat:3, Licht: 0","157642","3","6","0","4","13","6","","0","0","1","0","0"
"POINT (6.886806854000042 50.944548793000081)","Unfall 157643 (2021) Kat:3, Licht: 2","157643","3","1","0","2","2","7","","2","0","0","0","0"
"POINT (6.949477529000035 50.918605816000081)","Unfall 157644 (2021) Kat:3, Licht: 0","157644","3","3","5","5","14","5","","0","1","0","0","0"
"POINT (6.906106960000045 50.960093432000065)","Unfall 157645 (2021) Kat:3, Licht: 0","157645","3","3","5","9","16","6","","0","0","1","0","0"
"POINT (6.921732674000054 50.953221061000079)","Unfall 157646 (2021) Kat:3, Licht: 0","157646","3","6","0","3","11","6","","0","0","1","0","0"
"POINT (6.915833675000044 50.961727393000047)","Unfall 157650 (2021) Kat:3, Licht: 2","157650","3","3","5","12","6","4","","2","1","1","0","0"
"POINT (6.902487372000053 50.918612147000033)","Unfall 157653 (2021) Kat:3, Licht: 0","157653","3","3","5","12","16","5","","0","1","1","0","0"
"POINT (6.919946597000035 50.953879119000078)","Unfall 157657 (2021) Kat:3, Licht: 0","157657","3","5","1","6","18","4","","0","1","1","0","0"
"POINT (6.900242362000029 51.002351071000078)","Unfall 157658 (2021) Kat:3, Licht: 0","157658","3","7","0","6","9","2","","0","1","1","0","0"
"POINT (6.925893083000062 50.917490474000033)","Unfall 157659 (2021) Kat:3, Licht: 2","157659","3","3","5","11","19","6","","2","1","1","0","0"
"POINT (6.936371187000020 50.947124755000061)","Unfall 157660 (2021) Kat:3, Licht: 0","157660","3","2","4","10","10","3","","0","1","1","0","0"
"POINT (6.910463749000030 50.919192474000056)","Unfall 157664 (2021) Kat:2, Licht: 2","157664","2","4","6","10","6","7","","2","0","0","1","0"
"POINT (6.944042244000059 50.923782974000062)","Unfall 157665 (2021) Kat:3, Licht: 0","157665","3","3","0","6","8","4","","0","1","1","0","0"
"POINT (6.946492297000020 50.965498259000071)","Unfall 157667 (2021) Kat:3, Licht: 0","157667","3","7","0","10","10","5","","0","0","1","0","0"
"POINT (6.919928402000039 51.032477975000063)","Unfall 157669 (2021) Kat:2, Licht: 2","157669","2","2","5","11","17","7","","2","0","0","0","1"
"POINT (6.939144588000033 50.930209248000040)","Unfall 157670 (2021) Kat:3, Licht: 1","157670","3","6","3","11","17","6","","1","1","1","0","0"
"POINT (6.898991954000053 50.960025306000034)","Unfall 157671 (2021) Kat:2, Licht: 0","157671","2","1","7","9","8","7","","0","0","1","0","0"
"POINT (6.923074114000030 50.924824016000059)","Unfall 157672 (2021) Kat:3, Licht: 0","157672","3","5","1","6","16","5","","0","1","1","0","0"
"POINT (6.890467007000041 50.939788051000050)","Unfall 157674 (2021) Kat:2, Licht: 0","157674","2","4","6","11","11","4","","0","0","1","1","0"
"POINT (6.908218329000022 50.921015457000067)","Unfall 157676 (2021) Kat:3, Licht: 0","157676","3","3","5","7","11","3","","0","1","1","0","0"
"POINT (6.945240831000035 50.960393525000029)","Unfall 157678 (2021) Kat:2, Licht: 0","157678","2","2","0","3","8","6","","0","0","1","0","1"
"POINT (6.904175791000057 50.934313034000070)","Unfall 157679 (2021) Kat:3, Licht: 0","157679","3","3","0","12","8","6","","0","1","1","0","0"
"POINT (6.927756222000028 50.924289856000030)","Unfall 157680 (2021) Kat:3, Licht: 0","157680","3","1","0","1","14","7","","0","1","0","0","0"
"POINT (6.917083656000045 50.955395198000076)","Unfall 157681 (2021) Kat:3, Licht: 2","157681","3","1","0","6","23","6","","2","0","0","0","0"
"POINT (6.938320825000062 50.934427465000056)","Unfall 157682 (2021) Kat:3, Licht: 2","157682","3","5","0","11","19","3","","2","1","0","0","0"
"POINT (6.888851933000069 50.920119445000068)","Unfall 157686 (2021) Kat:2, Licht: 1","157686","2","1","0","2","17","6","","1","1","0","0","0"
"POINT (6.906661355000040 50.967758611000079)","Unfall 157688 (2021) Kat:3, Licht: 2","157688","3","1","0","9","20","2","","2","0","0","0","0"
"POINT (6.923341283000070 50.944500298000037)","Unfall 157690 (2021) Kat:3, Licht: 0","157690","3","4","0","6","7","3","","0","1","1","1","0"
"POINT (6.935610363000023 50.956786033000071)","Unfall 157691 (2021) Kat:3, Licht: 2","157691","3","1","0","11","0","1","","2","0","0","0","0"
"POINT (6.912985619000040 50.956622335000077)","Unfall 157693 (2021) Kat:2, Licht: 2","157693","2","2","5","9","23","4","","2","0","1","0","1"
"POINT (6.930495397000072 50.954746760000035)","Unfall 157697 (2021) Kat:3, Licht: 0","157697","3","1","2","7","17","3","","0","0","1","0","0"
"POINT (6.917517010000040 50.955949360000034)","Unfall 157698 (2021) Kat:3, Licht: 0","157698","3","1","9","5","19","7","","0","1","0","0","0"
"POINT (6.938187749000065 50.946497169000054)","Unfall 157699 (2021) Kat:3, Licht: 2","157699","3","7","0","5","23","6","","2","1","1","0","0"
"POINT (6.942711560000021 50.944638660000066)","Unfall 157701 (2021) Kat:3, Licht: 0","157701","3","7","5","9","19","4","","0","1","1","0","0"
"POINT (6.934481241000071 50.934027286000060)","Unfall 157702 (2021) Kat:3, Licht: 0","157702","3","7","0","12","12","3","","0","0","1","0","1"
"POINT (6.888004481000053 50.967121182000028)","Unfall 157703 (2021) Kat:2, Licht: 0","157703","2","1","0","10","10","3","","0","0","0","0","1"
"POINT (6.950053358000048 50.944920945000035)","Unfall 157704 (2021) Kat:3, Licht: 0","157704","3","5","0","6","5","7","","0","0","1","0","0"
"POINT (6.905400782000072 50.959424721000062)","Unfall 157705 (2021) Kat:3, Licht: 0","157705","3","2","4","4","10","7","","0","0","1","0","0"
"POINT (6.921435086000031 50.920665749000079)","Unfall 157706 (2021) Kat:3, Licht: 0","157706","3","3","5","5","9","4","","0","1","0","0","0"
"POINT (6.880334090000076 50.947274531000062)","Unfall 157707 (2021) Kat:3, Licht: 0","157707","3","3","1","5","17","7","","0","1","1","0","0"
"POINT (6.902843722000057 50.938665425000067)","Unfall 157708 (2021) Kat:3, Licht: 0","157708","3","5","0","3","13","1","","0","1","1","0","0"
"POINT (6.915133852000054 50.944065336000051)","Unfall 157710 (2021) Kat:3, Licht: 0","157710","3","1","0","7","7","6","","0","0","0","0","1"
"POINT (6.936935601000073 50.928946369000073)","Unfall 157711 (2021) Kat:3, Licht: 2","157711","3","3","1","6","0","3","","2","1","0","0","0"
"POINT (6.932799627000065 50.912876543000039)","Unfall 157715 (2021) Kat:3, Licht: 0","157715","3","6","3","12","11","4","","0","1","1","0","0"
"POINT (6.920918981000057 50.958027626000046)","Unfall 157717 (2021) Kat:3, Licht: 0","157717","3","7","6","2","17","4","","0","0","1","1","0"
"POINT (6.940298953000024 50.941617449000034)","Unfall 157718 (2021) Kat:3, Licht: 2","157718","3","4","6","11","5","1","","2","0","1","1","0"
"POINT (6.924941235000063 50.917308777000073)","Unfall 157720 (2021) Kat:3, Licht: 0","157720","3","2","3","9","17","7","","0","1","1","0","0"
"POINT (6.936291406000066 50.968991684000059)","Unfall 157721 (2021) Kat:3, Licht: 2","157721","3","5","1","11","2","7","","2","0","1","0","0"
"POINT (6.892739334000055 50.956403958000067)","Unfall 157722 (2021) Kat:3, Licht: 2","157722","3","7","1","2","0","5","","2","1","1","0","0"
"POINT (6.943421872000044 50.946633651000070)","Unfall 157724 (2021) Kat:3, Licht: 2","157724","3","5","9","10","0","2","","2","0","1","0","0"
"POINT (6.946297629000071 50.931386281000073)","Unfall 157726 (2021) Kat:3, Licht: 0","157726","3","3","0","2","14","1","","0","1","1","0","0"
"POINT (6.919691639000064 50.912848158000031)","Unfall 157728 (2021) Kat:3, Licht: 0","157728","3","1","0","9","9","3","","0","1","0","0","0"
"POINT (6.899178015000075 50.952774615000067)","Unfall 157730 (2021) Kat:3, Licht: 0","157730","3","2","5","5","13","7","","0","1","1","0","0"
"POINT (6.923912872000074 50.952373624000074)","Unfall 157731 (2021) Kat:3, Licht: 0","157731","3","2","5","9","9","5","","0","1","0","0","0"
"POINT (6.933668880000027 50.943775058000028)","Unfall 157732 (2021) Kat:2, Licht: 2","157732","2","1","0","9","5","7","","2","0","0","0","0"
"POINT (6.912905312000021 50.953908892000072)","Unfall 157734 (2021) Kat:3, Licht: 0","157734","3","6","4","3","14","5","","0","1","1","0","0"
"POINT (6.907849977000069 50.947135453000044)","Unfall 157735 (2021) Kat:3, Licht: 0","157735","3","3","5","11","13","6","","0","0","1","0","1"
"POINT (6.917472152000073 50.960012328000062)","Unfall 157740 (2021) Kat:3, Licht: 0","157740","3","3","5","5","14","7","","0","1","1","0","0"
"POINT (6.938446295000062 50.938309881000066)","Unfall 157741 (2021) Kat:3, Licht: 0","157741","3","3","5","4","12","1","","0","1","1","0","0"
"POINT (6.897787454000024 50.948464860000058)","Unfall 157742 (2021) Kat:3, Licht: 0","157742","3","5","0","9","17","2","","0","1","1","0","0"
"POINT (6.941630863000057 50.916970479000042)","Unfall 157743 (2021) Kat:3, Licht: 0","157743","3","2","5","7","17","1","","0","0","1","0","0"
"POINT (6.933469085000070 50.927263047000054)","Unfall 157744 (2021) Kat:3, Licht: 2","157744","3","1","0","12","1","7","","2","1","0","0","0"
"POINT (6.906559810000033 50.906543357000032)","Unfall 157747 (2021) Kat:3, Licht: 1","157747","3","7","0","9","20","1","","1","1","0","1","0"
"POINT (6.920843395000077 50.995210342000064)","Unfall 157748 (2021) Kat:2, Licht: 0","157748","2","2","6","11","9","3","","0","0","1","1","0"
"POINT (6.899981624000077 50.937913498000057)","Unfall 157749 (2021) Kat:3, Licht: 0","157749","3","4","6","6","12","3","","0","1","0","1","0"
"POINT (6.927390345000049 50.969204375000061)","Unfall 157750 (2021) Kat:3, Licht: 0","157750","3","5","1","5","13","1","","0","1","1","0","0"
"POINT (6.915759504000050 50.992498419000071)","Unfall 157751 (2021) Kat:3, Licht: 0","157751","3","5","0","3","16","3","","0","1","1","0","0"
"POINT (6.895449456000051 50.956843475000028)","Unfall 157753 (2021) Kat:3, Licht: 0","157753","3","7","6","1","7","5","","0","0","1","1","0"
"POINT (6.940775164000058 50.918950422000080)","Unfall 157755 (2021) Kat:3, Licht: 0","157755","3","4","0","5","15","3","","0","1","0","1","0"
"POINT (6.943125042000077 50.932375051000065)","Unfall 157756 (2021) Kat:3, Licht: 0","157756","3","1","7","12","11","3","","0","1","0","0","0"
"POINT (6.918909520000057 50.956945983000026)","Unfall 157758 (2021) Kat:3, Licht: 2","157758","3","1","0","2","22","4","","2","0","0","0","0"
"POINT (6.940909704000035 50.939238818000035)","Unfall 157759 (2021) Kat:3, Licht: 0","157759","3","4","6","10","15","6","","0","0","0","1","0"
"POINT (6.898434454000039 50.943259443000045)","Unfall 157760 (2021) Kat:3, Licht: 2","157760","3","3","5","12","17","1","","2","1","1","0","0"
"POINT (6.924457531000030 50.930647395000051)","Unfall 157761 (2021) Kat:3, Licht: 0","157761","3","6","2","11","9","5","","0","0","1","0","0"
"POINT (6.934853944000054 51.026183987000081)","Unfall 157762 (2021) Kat:3, Licht: 0","157762","3","2","0","6","14","5","","0","0","1","0","1"
"POINT (6.926291455000069 50.862450905000060)","Unfall 157764 (2021) Kat:3, Licht: 0","157764","3","1","0","6","15","4","","0","0","0","0","1"
"POINT (6.914347404000068 50.953307612000060)","Unfall 157765 (2021) Kat:3, Licht: 0","157765","3","7","0","12","13","7","","0","1","0","0","0"
"POINT (6.936531329000047 50.929472589000056)","Unfall 157766 (2021) Kat:2, Licht: 0","157766","2","1","8","7","19","4","","0","1","1","0","0"
"POINT (6.911004701000024 50.916972329000032)","Unfall 157768 (2021) Kat:2, Licht: 0","157768","2","5","0","5","15","1","","0","0","1","0","1"
"POINT (6.941099365000071 50.933239635000064)","Unfall 157769 (2021) Kat:3, Licht: 0","157769","3","3","5","1","8","6","","0","0","1","0","0"
"POINT (6.943912538000063 50.923891406000052)","Unfall 157770 (2021) Kat:3, Licht: 0","157770","3","3","5","5","12","7","","0","0","1","0","0"
"POINT (6.947558936000064 51.002603851000060)","Unfall 157771 (2021) Kat:3, Licht: 1","157771","3","3","5","2","6","3","","1","0","1","0","0"
"POINT (6.912016720000054 50.952375940000081)","Unfall 157772 (2021) Kat:3, Licht: 0","157772","3","5","1","9","15","4","","0","0","1","0","0"
"POINT (6.925725452000052 50.916835168000034)","Unfall 157776 (2021) Kat:3, Licht: 0","157776","3","4","6","6","8","2","","0","1","0","1","0"
"POINT (6.936231241000030 50.947256171000049)","Unfall 157777 (2021) Kat:3, Licht: 2","157777","3","2","5","11","3","6","","2","0","1","0","0"
"POINT (6.891910784000061 50.934547317000067)","Unfall 157778 (2021) Kat:3, Licht: 0","157778","3","6","2","5","12","7","","0","0","1","0","1"
"POINT (6.907797042000027 51.010865130000070)","Unfall 157779 (2021) Kat:3, Licht: 0","157779","3","1","0","10","18","7","","0","0","0","0","1"
"POINT (6.946354479000036 50.971656455000073)","Unfall 157781 (2021) Kat:3, Licht: 0","157781","3","1","0","2","12","7","","0","0","0","0","1"
"POINT (6.923906671000054 50.917282291000049)","Unfall 157786 (2021) Kat:3, Licht: 0","157786","3","4","6","9","8","5","","0","1","0","1","0"
"POINT (6.933793508000065 50.927371691000076)","Unfall 157787 (2021) Kat:2, Licht: 1","157787","2","1","0","5","18","7","","1","1","0","0","0"
"POINT (6.949111360000074 50.941338841000061)","Unfall 157789 (2021) Kat:3, Licht: 0","157789","3","5","0","12","16","3","","0","1","1","0","0"
"POINT (6.912768673000073 50.915892962000044)","Unfall 157790 (2021) Kat:3, Licht: 0","157790","3","3","5","9","9","5","","0","0","1","0","1"
"POINT (6.945007531000044 50.935083273000032)","Unfall 157793 (2021) Kat:3, Licht: 0","157793","3","6","6","9","17","3","","0","1","0","1","0"
"POINT (6.917218031000061 50.922976914000060)","Unfall 157796 (2021) Kat:3, Licht: 0","157796","3","7","0","11","8","3","","0","1","1","0","0"
"POINT (6.938261461000025 50.944210953000038)","Unfall 157797 (2021) Kat:3, Licht: 1","157797","3","5","1","2","17","5","","1","1","1","0","0"
"POINT (6.897675540000023 50.942016929000033)","Unfall 157798 (2021) Kat:3, Licht: 2","157798","3","6","3","2","18","4","","2","1","1","0","0"
"POINT (6.941511112000057 50.911025773000063)","Unfall 157799 (2021) Kat:3, Licht: 0","157799","3","5","0","6","11","3","","0","1","1","0","0"
"POINT (6.948560043000043 50.917021377000026)","Unfall 157802 (2021) Kat:3, Licht: 2","157802","3","1","3","10","21","3","","2","0","1","0","1"
"POINT (6.912071337000043 50.999093545000051)","Unfall 157803 (2021) Kat:3, Licht: 0","157803","3","3","5","12","13","2","","0","0","1","0","0"
"POINT (6.920510330000070 50.913726212000029)","Unfall 157804 (2021) Kat:3, Licht: 0","157804","3","1","0","4","13","7","","0","1","0","0","0"
"POINT (6.925131993000036 50.917194622000068)","Unfall 157806 (2021) Kat:3, Licht: 0","157806","3","4","6","9","12","2","","0","1","0","1","0"
"POINT (6.885707955000044 50.983712592000074)","Unfall 157808 (2021) Kat:3, Licht: 0","157808","3","3","5","6","15","7","","0","0","1","0","1"
"POINT (6.909995681000055 50.987779603000035)","Unfall 157810 (2021) Kat:3, Licht: 0","157810","3","7","0","4","9","3","","0","0","0","0","0"
"POINT (6.943133897000052 50.930386942000041)","Unfall 157811 (2021) Kat:3, Licht: 0","157811","3","4","0","6","11","3","","0","1","0","1","0"
"POINT (6.945864888000074 50.958710637000081)","Unfall 157812 (2021) Kat:3, Licht: 0","157812","3","1","0","9","15","7","","0","1","0","0","0"
"POINT (6.918153467000025 50.988607358000081)","Unfall 157813 (2021) Kat:3, Licht: 0","157813","3","1","0","12","8","6","","0","1","0","0","0"
"POINT (6.941285833000052 50.909380919000057)","Unfall 157814 (2021) Kat:3, Licht: 0","157814","3","3","6","2","15","4","","0","0","0","1","0"
"POINT (6.899811291000049 50.924149181000075)","Unfall 157815 (2021) Kat:2, Licht: 0","157815","2","7","0","6","10","5","","0","1","0","0","0"
"POINT (6.934986505000040 50.956545058000074)","Unfall 157817 (2021) Kat:2, Licht: 2","157817","2","6","3","9","2","1","","2","1","0","0","0"
"POINT (6.907353460000024 50.921595463000074)","Unfall 157820 (2021) Kat:3, Licht: 0","157820","3","3","5","10","15","4","","0","1","0","1","0"
"POINT (6.945503079000048 50.978092514000082)","Unfall 157822 (2021) Kat:3, Licht: 0","157822","3","6","3","10","13","6","","0","0","1","0","1"
"POINT (6.929486780000047 50.941135223000060)","Unfall 157823 (2021) Kat:3, Licht: 0","157823","3","7","6","7","7","3","","0","0","1","1","0"
"POINT (6.916190402000041 50.952540038000052)","Unfall 157824 (2021) Kat:3, Licht: 0","157824","3","6","2","4","20","5","","0","0","1","0","0"
"POINT (6.898230916000045 51.023442223000075)","Unfall 157826 (2021) Kat:2, Licht: 0","157826","2","3","5","6","17","4","","0","1","1","0","0"
"POINT (6.922504688000060 50.940609900000027)","Unfall 157827 (2021) Kat:3, Licht: 2","157827","3","1","0","11","0","6","","2","1","0","0","0"
"POINT (6.942327483000042 50.938346926000065)","Unfall 157828 (2021) Kat:2, Licht: 2","157828","2","1","7","9","22","6","","2","0","0","0","0"
"POINT (6.933895969000048 50.927404603000070)","Unfall 157829 (2021) Kat:2, Licht: 2","157829","2","1","0","6","2","1","","2","0","0","0","0"
"POINT (6.887623959000052 50.946063441000035)","Unfall 157830 (2021) Kat:1, Licht: 1","157830","1","1","0","9","19","1","","1","0","0","0","1"
"POINT (6.948715133000064 50.933273574000054)","Unfall 157831 (2021) Kat:3, Licht: 0","157831","3","1","9","6","16","1","","0","0","0","0","0"
"POINT (6.906006537000053 50.990699157000051)","Unfall 157833 (2021) Kat:3, Licht: 2","157833","3","1","8","12","1","2","","2","0","1","0","0"
"POINT (6.922506217000034 50.952939377000064)","Unfall 157834 (2021) Kat:3, Licht: 0","157834","3","7","1","6","17","1","","0","0","1","0","1"
"POINT (6.892313052000077 50.940695746000074)","Unfall 157836 (2021) Kat:3, Licht: 0","157836","3","3","5","4","9","2","","0","1","1","0","0"
"POINT (6.907744452000031 51.011897731000033)","Unfall 157837 (2021) Kat:2, Licht: 0","157837","2","3","5","9","14","1","","0","0","1","0","1"
"POINT (6.927612016000069 50.953658870000027)","Unfall 157840 (2021) Kat:3, Licht: 0","157840","3","3","5","5","18","6","","0","1","1","0","0"
"POINT (6.923736963000067 50.962242784000068)","Unfall 157844 (2021) Kat:3, Licht: 0","157844","3","4","6","6","11","3","","0","0","1","0","0"
"POINT (6.934628448000069 50.927643625000030)","Unfall 157845 (2021) Kat:3, Licht: 2","157845","3","1","0","10","19","4","","2","1","0","0","0"
"POINT (6.890725060000022 50.996740460000069)","Unfall 157846 (2021) Kat:2, Licht: 0","157846","2","1","8","10","14","1","","0","0","0","0","1"
"POINT (6.949094054000057 50.959888340000077)","Unfall 157847 (2021) Kat:3, Licht: 0","157847","3","3","5","5","17","5","","0","0","1","0","0"
"POINT (6.922416704000057 50.984513380000067)","Unfall 157849 (2021) Kat:3, Licht: 0","157849","3","6","9","9","7","5","","0","1","1","0","0"
"POINT (6.927386550000051 50.920052912000074)","Unfall 157852 (2021) Kat:3, Licht: 1","157852","3","6","2","11","16","1","","1","0","1","0","0"
"POINT (6.914143194000076 51.052806563000047)","Unfall 157853 (2021) Kat:3, Licht: 0","157853","3","1","0","5","16","1","","0","1","0","0","0"
"POINT (6.937930240000071 50.929521620000060)","Unfall 157854 (2021) Kat:3, Licht: 1","157854","3","1","0","5","20","6","","1","1","0","0","0"
"POINT (6.941841454000041 50.958539592000079)","Unfall 157856 (2021) Kat:3, Licht: 0","157856","3","7","2","9","7","4","","0","1","1","0","0"
"POINT (6.932580325000060 50.926870008000037)","Unfall 157857 (2021) Kat:2, Licht: 2","157857","2","1","0","6","1","1","","2","0","0","0","0"
"POINT (6.888086205000036 50.947105774000079)","Unfall 157858 (2021) Kat:3, Licht: 2","157858","3","3","5","9","20","5","","2","0","1","0","0"
"POINT (6.948506724000026 50.909748255000068)","Unfall 157859 (2021) Kat:3, Licht: 0","157859","3","3","5","6","17","2","","0","1","0","0","0"
"POINT (6.920438822000051 50.913649519000046)","Unfall 157860 (2021) Kat:3, Licht: 2","157860","3","1","0","1","7","2","","2","1","0","0","0"
"POINT (6.901218199000027 50.917721019000055)","Unfall 157861 (2021) Kat:3, Licht: 0","157861","3","5","1","9","18","2","","0","1","1","0","0"
"POINT (6.924698041000056 50.917454309000050)","Unfall 157862 (2021) Kat:3, Licht: 0","157862","3","5","0","10","13","6","","0","1","1","0","0"
"POINT (6.893733078000025 50.946442393000041)","Unfall 157865 (2021) Kat:2, Licht: 1","157865","2","3","1","9","6","4","","1","0","0","0","1"
"POINT (6.909037866000062 50.922400670000059)","Unfall 157866 (2021) Kat:3, Licht: 0","157866","3","5","2","11","16","2","","0","0","1","0","0"
"POINT (6.947068372000047 50.934989338000037)","Unfall 157869 (2021) Kat:3, Licht: 0","157869","3","1","7","6","14","1","","0","1","0","0","0"
"POINT (6.917674095000052 50.954750941000043)","Unfall 157870 (2021) Kat:2, Licht: 0","157870","2","4","6","6","15","6","","0","0","1","1","0"
"POINT (6.941223816000047 50.909537196000031)","Unfall 157871 (2021) Kat:2, Licht: 0","157871","2","3","0","9","17","5","","0","0","1","1","0"
"POINT (6.899774769000032 50.955382128000053)","Unfall 157872 (2021) Kat:3, Licht: 1","157872","3","3","5","12","15","4","","1","0","1","0","0"
"POINT (6.923740235000025 50.922978807000050)","Unfall 157873 (2021) Kat:3, Licht: 2","157873","3","1","0","11","18","4","","2","1","0","0","0"
"POINT (6.936315635000028 50.928587799000070)","Unfall 157874 (2021) Kat:3, Licht: 0","157874","3","1","0","6","19","2","","0","1","0","0","0"
"POINT (6.913076777000072 50.966172575000030)","Unfall 157877 (2021) Kat:3, Licht: 0","157877","3","2","6","11","9","5","","0","0","1","1","0"
"POINT (6.907620291000057 50.950295641000082)","Unfall 157878 (2021) Kat:3, Licht: 0","157878","3","2","0","7","12","6","","0","1","1","0","0"
"POINT (6.882307349000030 50.959148540000058)","Unfall 157879 (2021) Kat:3, Licht: 2","157879","3","6","0","10","19","1","","2","0","1","0","0"
"POINT (6.945500121000066 50.907759752000061)","Unfall 157880 (2021) Kat:3, Licht: 0","157880","3","1","0","6","16","2","","0","1","0","0","0"
"POINT (6.916483268000036 50.920602580000036)","Unfall 157882 (2021) Kat:2, Licht: 2","157882","2","3","5","9","6","1","","2","1","1","0","0"
"POINT (6.898191215000054 50.944750014000078)","Unfall 157884 (2021) Kat:3, Licht: 0","157884","3","2","3","9","16","5","","0","1","1","0","0"
"POINT (6.922374706000028 50.944932931000039)","Unfall 157885 (2021) Kat:3, Licht: 0","157885","3","1","0","9","12","4","","0","1","0","0","0"
"POINT (6.934597194000048 50.976828064000074)","Unfall 157887 (2021) Kat:3, Licht: 0","157887","3","3","5","6","20","3","","0","1","1","0","0"
"POINT (6.921724167000036 50.961553301000038)","Unfall 157891 (2021) Kat:3, Licht: 0","157891","3","3","0","6","7","5","","0","1","1","0","0"
"POINT (6.914467140000056 50.963221202000057)","Unfall 157895 (2021) Kat:3, Licht: 0","157895","3","2","5","4","17","4","","0","1","1","0","0"
"POINT (6.937496153000041 50.946786186000054)","Unfall 157896 (2021) Kat:3, Licht: 0","157896","3","6","4","10","17","6","","0","1","0","0","0"
"POINT (6.942291531000023 50.935012750000055)","Unfall 157899 (2021) Kat:3, Licht: 0","157899","3","3","5","5","19","4","","0","1","1","0","0"
"POINT (6.920874175000051 50.881422156000042)","Unfall 157902 (2021) Kat:3, Licht: 2","157902","3","6","2","12","19","5","","2","0","1","0","0"
"POINT (6.936093791000076 50.947509241000034)","Unfall 157905 (2021) Kat:3, Licht: 2","157905","3","6","3","3","22","5","","2","0","1","0","0"
"POINT (6.926403493000066 50.970182387000079)","Unfall 157910 (2021) Kat:2, Licht: 2","157910","2","1","0","5","23","6","","2","1","0","0","0"
"POINT (6.915244731000030 50.962383406000072)","Unfall 157911 (2021) Kat:3, Licht: 0","157911","3","1","0","6","13","1","","0","1","0","0","0"
"POINT (6.938675150000051 50.928768919000049)","Unfall 157912 (2021) Kat:3, Licht: 0","157912","3","3","1","11","11","4","","0","1","1","0","0"
"POINT (6.948341486000061 50.958708717000036)","Unfall 157917 (2021) Kat:3, Licht: 1","157917","3","6","3","11","7","3","","1","1","1","0","0"
"POINT (6.912064294000061 50.965302364000081)","Unfall 157918 (2021) Kat:3, Licht: 0","157918","3","3","5","6","6","7","","0","0","1","0","0"
"POINT (6.905021267000052 51.015826002000040)","Unfall 157919 (2021) Kat:3, Licht: 0","157919","3","7","0","6","16","3","","0","0","0","0","0"
"POINT (6.920915664000063 50.958014166000055)","Unfall 157920 (2021) Kat:3, Licht: 0","157920","3","1","0","11","11","6","","0","1","0","0","0"
"POINT (6.900753288000033 50.934321425000064)","Unfall 157921 (2021) Kat:3, Licht: 0","157921","3","3","5","6","19","4","","0","1","1","0","0"
"POINT (6.937433723000026 50.873287597000058)","Unfall 157923 (2021) Kat:3, Licht: 0","157923","3","1","0","11","12","7","","0","0","0","0","1"
"POINT (6.885416747000022 50.970524284000078)","Unfall 157924 (2021) Kat:3, Licht: 0","157924","3","6","2","9","19","6","","0","1","1","0","0"
"POINT (6.946795343000076 50.995568994000052)","Unfall 157929 (2021) Kat:3, Licht: 0","157929","3","6","1","12","15","2","","0","0","1","0","0"
"POINT (6.917960310000069 50.922812422000050)","Unfall 157931 (2021) Kat:2, Licht: 0","157931","2","7","6","7","14","5","","0","0","1","1","0"
"POINT (6.899775842000054 50.938535917000081)","Unfall 157933 (2021) Kat:3, Licht: 0","157933","3","3","5","1","14","4","","0","0","1","0","0"
"POINT (6.936387466000042 50.947201985000049)","Unfall 157935 (2021) Kat:3, Licht: 2","157935","3","3","0","11","17","4","","2","1","1","0","0"
"POINT (6.890961066000045 50.950795317000029)","Unfall 157936 (2021) Kat:2, Licht: 0","157936","2","1","0","4","18","3","","0","1","0","0","0"
"POINT (6.912750686000038 50.915904223000041)","Unfall 157937 (2021) Kat:3, Licht: 0","157937","3","3","5","11","16","5","","0","1","1","0","0"
"POINT (6.908259267000062 51.012116202000072)","Unfall 157938 (2021) Kat:3, Licht: 0","157938","3","2","5","5","13","6","","0","1","1","0","0"
"POINT (6.945086044000050 50.937789301000066)","Unfall 157940 (2021) Kat:2, Licht: 0","157940","2","2","6","11","12","2","","0","0","1","1","0"
"POINT (6.938449949000074 50.960530857000037)","Unfall 157943 (2021) Kat:3, Licht: 0","157943","3","5","0","11","15","3","","0","1","1","0","0"
"POINT (6.905614910000054 50.964200229000028)","Unfall 157949 (2021) Kat:3, Licht: 1","157949","3","7","2","9","19","6","","1","0","1","0","1"
"POINT (6.903598600000066 50.957351607000078)","Unfall 157952 (2021) Kat:3, Licht: 0","157952","3","5","1","11","11","4","","0","0","1","0","0"
"POINT (6.913925571000050 50.927477821000082)","Unfall 157954 (2021) Kat:2, Licht: 0","157954","2","7","0","6","7","2","","0","1","0","0","0"
"POINT (6.936593642000048 50.940307973000074)","Unfall 157955 (2021) Kat:3, Licht: 0","157955","3","5","1","7","10","3","","0","1","1","0","0"
"POINT (6.902422116000025 50.960688309000034)","Unfall 157957 (2021) Kat:3, Licht: 0","157957","3","3","5","4","12","5","","0","1","1","0","0"