WKT,Name,OBJECTID,UKATEGORIE,UTYP1,UART,UMONAT,USTUNDE,UWOCHENTAG,STRZUSTAND,ULICHTVERH,ISTRAD,ISTPKW,ISTFUSS,ISTKRAD
"POINT (6.941166138000028 50.915727921000041)","Unfall 157958 (2021) Kat:3, Licht: 2","157958","3","7","0","12","19","7","","2","1","0","0","0"
"POINT (6.944405524000047 50.967090664000068)","Unfall 157959 (2021) Kat:3, Licht: 0","157959","3","6","0","6","7","5","","0","1","1","0","0"
"POINT (6.940269114000046 50.967549095000038)","Unfall 157962 (2021) Kat:3, Licht: 0","157962","3","6","2","6","13","3","","0","0","1","0","0"
"POINT (6.925789132000034 50.946656769000072)","Unfall 157965 (2021) Kat:3, Licht: 0","157965","3","5","1","2","17","5","","0","1","1","0","0"
"POINT (6.892740189000051 51.014967319000050)","Unfall 157967 (2021) Kat:2, Licht: 1","157967","2","1","8","9","6","5","","1","0","0","0","0"
"POINT (6.950539364000065 50.949289581000073)","Unfall 157968 (2021) Kat:3, Licht: 0","157968","3","5","1","5","15","1","","0","1","1","0","0"
"POINT (6.945912555000064 50.941814077000060)","Unfall 157972 (2021) Kat:3, Licht: 0","157972","3","7","4","6","15","6","","0","1","0","0","0"
"POINT (6.939573896000070 50.926891111000032)","Unfall 157975 (2021) Kat:2, Licht: 0","157975","2","4","6","6","10","4","","0","0","0","1","1"
"POINT (6.923252713000068 51.030148868000026)","Unfall 157977 (2021) Kat:2, Licht: 0","157977","2","4","6","12","14","3","","0","0","1","1","0"
"POINT (6.934092223000050 50.948119702000042)","Unfall 157978 (2021) Kat:3, Licht: 0","157978","3","1","0","6","13","2","","0","1","0","0","0"
"POINT (6.948925727000073 50.935060500000077)","Unfall 157980 (2021) Kat:3, Licht: 0","157980","3","5","1","6","13","7","","0","1","1","0","0"
"POINT (6.880677637000076 50.947326946000032)","Unfall 157982 (2021) Kat:3, Licht: 0","157982","3","3","5","11","16","6","","0","1","1","0","0"
"POINT (6.944673119000072 50.915612749000047)","Unfall 157983 (2021) Kat:3, Licht: 0","157983","3","7","0","7","16","5","","0","1","0","0","0"
"POINT (6.938330769000061 50.929747745000043)","Unfall 157987 (2021) Kat:3, Licht: 2","157987","3","1","0","9","20","2","","2","1","0","0","0"
"POINT (6.943531075000067 50.968325023000034)","Unfall 157988 (2021) Kat:3, Licht: 0","157988","3","1","0","11","7","4","","0","1","0","0","0"
"POINT (6.940240842000037 50.946607829000072)","Unfall 157993 (2021) Kat:3, Licht: 2","157993","3","1","0","5","22","7","","2","1","0","0","0"
"POINT (6.922836172000075 50.916159954000079)","Unfall 157995 (2021) Kat:2, Licht: 2","157995","2","1","0","10","0","7","","2","1","1","0","0"
"POINT (6.933623436000062 50.954070984000055)","Unfall 157996 (2021) Kat:2, Licht: 2","157996","2","1","0","1","23","6","","2","1","0","0","0"
"POINT (6.890979646000062 50.969078594000052)","Unfall 157997 (2021) Kat:3, Licht: 2","157997","3","4","6","1","18","5","","2","0","1","1","0"
"POINT (6.884020091000025 50.984564241000044)","Unfall 158000 (2021) Kat:3, Licht: 0","158000","3","3","5","3","15","2","","0","0","1","0","0"
"POINT (6.945108400000038 50.933939394000049)","Unfall 158001 (2021) Kat:3, Licht: 2","158001","3","1","0","1","23","4","","2","0","0","0","0"
"POINT (6.904216663000057 50.919470304000072)","Unfall 158002 (2021) Kat:3, Licht: 0","158002","3","6","2","12","12","6","","0","0","1","0","0"
"POINT (6.916316747000053 50.955284088000042)","Unfall 158004 (2021) Kat:3, Licht: 0","158004","3","6","1","4","17","2","","0","0","1","0","0"
"POINT (6.932733183000039 50.931712310000080)","Unfall 158008 (2021) Kat:3, Licht: 2","158008","3","2","6","2","18","7","","2","0","1","1","0"
"POINT (6.949710983000045 50.930880140000056)","Unfall 158010 (2021) Kat:3, Licht: 0","158010","3","1","0","6","17","7","","0","1","0","0","0"
"POINT (6.905761940000048 50.959332925000069)","Unfall 158011 (2021) Kat:2, Licht: 0","158011","2","2","4","4","10","6","","0","0","1","0","1"
"POINT (6.922564894000061 50.941060970000080)","Unfall 158012 (2021) Kat:3, Licht: 0","158012","3","2","5","11","10","2","","0","0","1","0","0"
"POINT (6.913889809000068 50.966864797000028)","Unfall 158014 (2021) Kat:3, Licht: 0","158014","3","6","3","1","8","2","","0","0","1","0","1"
"POINT (6.926152084000023 50.994733103000044)","Unfall 158015 (2021) Kat:3, Licht: 0","158015","3","2","5","12","14","3","","0","0","1","0","0"
"POINT (6.915970538000067 50.968489269000031)","Unfall 158016 (2021) Kat:3, Licht: 2","158016","3","7","5","11","17","2","","2","0","1","0","1"
"POINT (6.941062898000041 51.025315644000045)","Unfall 158020 (2021) Kat:3, Licht: 0","158020","3","6","0","11","14","3","","0","0","0","0","0"
"POINT (6.943663621000042 50.924247553000043)","Unfall 158021 (2021) Kat:3, Licht: 0","158021","3","1","0","5","9","4","","0","0","0","0","1"
"POINT (6.947733631000062 50.926714966000077)","Unfall 158022 (2021) Kat:3, Licht: 2","158022","3","3","5","6","23","4","","2","0","1","0","0"
"POINT (6.920361373000048 50.950963395000031)","Unfall 158023 (2021) Kat:2, Licht: 0","158023","2","5","0","4","15","2","","0","1","1","0","0"
"POINT (6.940330124000070 50.942942638000034)","Unfall 158024 (2021) Kat:3, Licht: 0","158024","3","6","0","5","18","3","","0","0","1","0","1"
"POINT (6.900022151000030 51.002940897000030)","Unfall 158025 (2021) Kat:3, Licht: 1","158025","3","7","0","9","18","2","","1","1","0","1","0"
"POINT (6.924641229000031 50.930678358000080)","Unfall 158026 (2021) Kat:3, Licht: 0","158026","3","3","5","7","9","3","","0","1","1","0","0"
"POINT (6.934879452000075 50.956503673000043)","Unfall 158027 (2021) Kat:3, Licht: 0","158027","3","1","9","5","20","1","","0","1","0","0","0"
"POINT (6.917134842000053 50.922968756000046)","Unfall 158034 (2021) Kat:2, Licht: 2","158034","2","5","1","10","19","5","","2","1","1","0","0"
"POINT (6.938987926000038 50.931465466000077)","Unfall 158035 (2021) Kat:3, Licht: 0","158035","3","5","0","12","11","3","","0","0","0","0","0"
"POINT (6.897945903000050 50.946766251000042)","Unfall 158036 (2021) Kat:3, Licht: 0","158036","3","7","0","3","10","4","","0","0","1","0","0"
"POINT (6.923172830000055 51.034952987000054)","Unfall 158037 (2021) Kat:3, Licht: 0","158037","3","3","5","10","12","6","","0","0","0","0","0"
"POINT (6.933561400000031 50.927295265000055)","Unfall 158038 (2021) Kat:2, Licht: 2","158038","2","1","0","10","1","6","","2","0","0","0","0"
"POINT (6.890358709000054 50.934477790000074)","Unfall 158039 (2021) Kat:3, Licht: 0","158039","3","7","0","9","11","3","","0","1","1","0","0"
"POINT (6.906740443000047 50.922056251000072)","Unfall 158041 (2021) Kat:3, Licht: 2","158041","3","6","3","4","4","1","","2","1","1","0","0"
"POINT (6.937811493000027 50.957614594000063)","Unfall 158046 (2021) Kat:3, Licht: 2","158046","3","1","0","10","1","1","","2","0","0","0","0"
"POINT (6.941430183000023 50.929220574000055)","Unfall 158048 (2021) Kat:3, Licht: 2","158048","3","1","1","11","19","3","","2","1","1","0","0"
"POINT (6.933415788000048 50.994005674000050)","Unfall 158049 (2021) Kat:2, Licht: 0","158049","2","2","5","2","10","4","","0","1","1","0","0"
"POINT (6.948018850000039 50.953127744000028)","Unfall 158051 (2021) Kat:3, Licht: 0","158051","3","1","0","10","14","4","","0","0","0","0","1"
"POINT (6.937219831000050 50.918773009000063)","Unfall 158055 (2021) Kat:3, Licht: 1","158055","3","6","2","2","17","1","","1","0","1","0","0"
"POINT (6.944104443000072 50.933793451000042)","Unfall 158059 (2021) Kat:3, Licht: 2","158059","3","4","6","10","0","1","","2","1","0","1","0"
"POINT (6.941770698000028 50.925779531000046)","Unfall 158061 (2021) Kat:3, Licht: 2","158061","3","1","0","12","16","2","","2","1","0","0","0"
"POINT (6.932508353000060 50.933205256000065)","Unfall 158062 (2021) Kat:2, Licht: 2","158062","2","5","1","10","5","1","","2","1","1","0","0"
"POINT (6.901310649000038 50.929481152000051)","Unfall 158066 (2021) Kat:3, Licht: 0","158066","3","1","0","11","11","4","","0","1","0","0","0"
"POINT (6.926048749000074 50.908487921000074)","Unfall 158067 (2021) Kat:3, Licht: 0","158067","3","1","0","9","13","1","","0","1","0","0","0"
"POINT (6.915688227000032 50.982624601000055)","Unfall 158068 (2021) Kat:3, Licht: 0","158068","3","5","0","2","17","5","","0","0","1","0","0"
"POINT (6.937711269000033 50.929394980000041)","Unfall 158069 (2021) Kat:2, Licht: 2","158069","2","1","1","12","0","4","","2","1","1","0","0"
"POINT (6.909407118000047 50.923527179000075)","Unfall 158071 (2021) Kat:3, Licht: 2","158071","3","1","9","12","1","6","","2","1","0","0","0"
"POINT (6.942956456000047 50.946292527000026)","Unfall 158072 (2021) Kat:3, Licht: 0","158072","3","3","5","9","16","2","","0","1","1","0","0"
"POINT (6.946119744000043 50.946145331000082)","Unfall 158073 (2021) Kat:2, Licht: 0","158073","2","5","1","2","10","5","","0","0","1","0","0"
"POINT (6.919628545000023 50.912780485000042)","Unfall 158074 (2021) Kat:3, Licht: 0","158074","3","1","0","7","10","3","","0","1","0","0","0"
"POINT (6.941000439000049 50.958420620000027)","Unfall 158075 (2021) Kat:3, Licht: 2","158075","3","4","6","1","7","3","","2","0","1","1","0"
"POINT (6.899235855000029 50.953039507000028)","Unfall 158076 (2021) Kat:3, Licht: 0","158076","3","3","5","6","12","6","","0","1","1","0","0"
"POINT (6.935329297000067 50.919711002000042)","Unfall 158078 (2021) Kat:3, Licht: 0","158078","3","5","0","4","11","2","","0","1","0","0","0"
"POINT (6.950202759000035 50.915858941000067)","Unfall 158080 (2021) Kat:2, Licht: 2","158080","2","6","3","12","18","4","","2","1","1","0","0"
"POINT (6.906987809000043 51.025501987000041)","Unfall 158081 (2021) Kat:3, Licht: 0","158081","3","1","0","12","15","3","","0","1","0","0","0"
"POINT (6.944977037000058 50.940376256000036)","Unfall 158083 (2021) Kat:3, Licht: 2","158083","3","6","2","7","0","7","","2","0","1","0","0"
"POINT (6.928448506000052 50.973022791000062)","Unfall 158084 (2021) Kat:3, Licht: 0","158084","3","5","0","5","20","6","","0","0","0","1","1"
"POINT (6.938973913000041 50.928803729000037)","Unfall 158086 (2021) Kat:3, Licht: 0","158086","3","5","1","2","17","6","","0","1","1","0","0"
"POINT (6.923132500000065 50.952711312000076)","Unfall 158088 (2021) Kat:3, Licht: 0","158088","3","3","3","3","13","7","","0","1","1","0","0"
"POINT (6.948948039000072 50.944270621000044)","Unfall 158092 (2021) Kat:3, Licht: 0","158092","3","7","0","11","12","5","","0","0","0","1","0"
"POINT (6.906489911000051 50.953883801000075)","Unfall 158093 (2021) Kat:3, Licht: 0","158093","3","1","0","7","8","2","","0","1","0","0","0"
"POINT (6.922010749000037 50.923931576000030)","Unfall 158094 (2021) Kat:3, Licht: 0","158094","3","1","0","4","8","4","","0","0","0","0","0"
"POINT (6.882055128000047 50.967263070000058)","Unfall 158095 (2021) Kat:2, Licht: 0","158095","2","1","0","5","18","5","","0","0","0","0","0"
"POINT (6.913862972000061 50.996288881000055)","Unfall 158098 (2021) Kat:3, Licht: 0","158098","3","4","6","1","8","7","","0","0","1","1","0"
"POINT (6.938210608000077 50.957761940000069)","Unfall 158099 (2021) Kat:3, Licht: 0","158099","3","1","0","11","9","4","","0","0","0","0","1"
"POINT (6.894546952000042 50.934711557000071)","Unfall 158100 (2021) Kat:2, Licht: 0","158100","2","3","0","6","14","4","","0","1","1","0","0"
"POINT (6.941631610000059 50.916973442000028)","Unfall 158101 (2021) Kat:3, Licht: 0","158101","3","1","0","6","16","2","","0","1","0","0","0"
"POINT (6.932818951000058 50.912903592000077)","Unfall 158102 (2021) Kat:2, Licht: 0","158102","2","7","0","2","15","4","","0","1","0","0","0"
"POINT (6.912195865000058 50.949818305000065)","Unfall 158104 (2021) Kat:3, Licht: 2","158104","3","1","0","5","21","5","","2","1","0","0","0"
"POINT (6.901131047000035 51.024017345000061)","Unfall 158106 (2021) Kat:3, Licht: 2","158106","3","1","7","5","23","4","","2","0","0","0","1"
"POINT (6.924439981000035 50.954660695000030)","Unfall 158107 (2021) Kat:3, Licht: 2","158107","3","7","6","12","17","2","","2","0","0","1","0"
"POINT (6.936805950000064 50.918987243000061)","Unfall 158108 (2021) Kat:3, Licht: 0","158108","3","3","5","1","14","6","","0","0","1","0","0"
"POINT (6.891933555000037 50.914812938000068)","Unfall 158110 (2021) Kat:3, Licht: 0","158110","3","4","6","3","17","6","","0","0","1","1","0"
"POINT (6.909015002000046 50.970668255000078)","Unfall 158111 (2021) Kat:3, Licht: 0","158111","3","3","5","10","11","3","","0","1","0","0","1"
"POINT (6.943772736000028 50.924147998000080)","Unfall 158112 (2021) Kat:3, Licht: 0","158112","3","3","4","6","15","6","","0","0","1","0","0"
"POINT (6.947250449000023 50.914923566000027)","Unfall 158114 (2021) Kat:3, Licht: 2","158114","3","6","2","1","18","6","","2","0","1","0","0"
"POINT (6.918134489000067 50.956599267000058)","Unfall 158115 (2021) Kat:3, Licht: 2","158115","3","1","1","6","22","7","","2","0","1","0","0"
"POINT (6.898893477000058 51.027108411000029)","Unfall 158117 (2021) Kat:3, Licht: 0","158117","3","5","6","6","19","6","","0","0","1","1","0"
"POINT (6.923615313000028 50.979722667000033)","Unfall 158118 (2021) Kat:3, Licht: 1","158118","3","2","5","1","16","3","","1","0","1","0","1"
"POINT (6.936297867000064 50.969776230000036)","Unfall 158119 (2021) Kat:3, Licht: 2","158119","3","5","0","12","7","4","","2","0","1","0","1"
"POINT (6.912994956000034 50.956618710000043)","Unfall 158122 (2021) Kat:3, Licht: 0","158122","3","2","5","11","14","7","","0","0","1","0","0"
"POINT (6.915896589000056 50.906637441000044)","Unfall 158127 (2021) Kat:3, Licht: 0","158127","3","4","1","3","20","4","","0","1","1","1","0"
"POINT (6.946372845000042 50.980230666000068)","Unfall 158130 (2021) Kat:3, Licht: 0","158130","3","4","6","9","15","1","","0","0","1","1","0"
"POINT (6.919040128000063 50.924284217000036)","Unfall 158131 (2021) Kat:3, Licht: 2","158131","3","1","0","9","20","3","","2","1","0","0","0"
"POINT (6.941250110000055 50.918045154000026)","Unfall 158132 (2021) Kat:3, Licht: 0","158132","3","1","0","4","15","3","","0","1","0","0","0"
"POINT (6.935547651000036 50.928139861000034)","Unfall 158135 (2021) Kat:3, Licht: 0","158135","3","1","0","10","7","2","","0","1","0","0","0"
"POINT (6.889583065000068 50.998286492000034)","Unfall 158136 (2021) Kat:3, Licht: 2","158136","3","6","2","12","18","5","","2","0","1","0","0"
"POINT (6.907014898000057 50.955970248000028)","Unfall 158138 (2021) Kat:3, Licht: 0","158138","3","2","5","11","15","4","","0","1","1","0","0"
"POINT (6.945378320000032 50.946869221000043)","Unfall 158140 (2021) Kat:2, Licht: 0","158140","2","5","1","9","6","7","","0","0","1","0","0"
"POINT (6.927794539000047 51.026923871000065)","Unfall 158141 (2021) Kat:3, Licht: 0","158141","3","3","5","4","17","6","","0","0","1","0","0"
"POINT (6.939577691000068 50.929009784000073)","Unfall 158143 (2021) Kat:3, Licht: 0","158143","3","1","0","12","8","2","","0","0","0","0","0"
"POINT (6.921948139000051 50.933424363000029)","Unfall 158145 (2021) Kat:3, Licht: 0","158145","3","3","6","6","17","3","","0","0","0","1","0"
"POINT (6.942396321000047 50.973582775000068)","Unfall 158146 (2021) Kat:3, Licht: 0","158146","3","1","0","1","10","4","","0","0","0","0","1"
"POINT (6.922053255000037 50.953104323000048)","Unfall 158151 (2021) Kat:3, Licht: 0","158151","3","1","0","3","16","2","","0","0","0","0","1"
"POINT (6.914269760000025 50.922604153000066)","Unfall 158155 (2021) Kat:3, Licht: 0","158155","3","6","0","4","7","2","","0","1","0","0","0"
"POINT (6.894151920000070 51.029419709000081)","Unfall 158157 (2021) Kat:3, Licht: 0","158157","3","2","2","9","15","5","","0","0","1","0","0"
"POINT (6.902496566000025 50.918617726000036)","Unfall 158158 (2021) Kat:3, Licht: 0","158158","3","7","5","7","12","6","","0","1","1","0","0"
"POINT (6.942300086000046 50.937773179000033)","Unfall 158159 (2021) Kat:3, Licht: 0","158159","3","2","4","12","15","5","","0","1","1","0","0"
"POINT (6.932584226000074 50.949785954000049)","Unfall 158160 (2021) Kat:3, Licht: 0","158160","3","5","1","2","14","1","","0","0","0","1","0"
"POINT (6.900351666000063 50.945886725000037)","Unfall 158163 (2021) Kat:2, Licht: 0","158163","2","1","7","6","7","4","","0","1","0","0","0"
"POINT (6.937249788000031 50.918757503000052)","Unfall 158165 (2021) Kat:3, Licht: 0","158165","3","2","5","6","7","3","","0","0","1","0","0"
"POINT (6.944393623000053 50.959308468000074)","Unfall 158170 (2021) Kat:3, Licht: 0","158170","3","3","5","2","14","4","","0","1","1","0","0"
"POINT (6.919895363000023 50.951132756000050)","Unfall 158174 (2021) Kat:3, Licht: 2","158174","3","1","0","11","1","7","","2","0","0","0","0"
"POINT (6.922845993000067 50.921489098000052)","Unfall 158177 (2021) Kat:3, Licht: 0","158177","3","3","5","12","16","4","","0","1","1","0","0"
"POINT (6.934120499000073 50.956210262000070)","Unfall 158178 (2021) Kat:2, Licht: 0","158178","2","4","6","4","17","2","","0","0","1","1","0"
"POINT (6.950244931000043 51.029445942000052)","Unfall 158180 (2021) Kat:3, Licht: 0","158180","3","1","7","6","15","5","","0","1","0","0","0"
"POINT (6.907779964000042 50.945299374000058)","Unfall 158182 (2021) Kat:3, Licht: 0","158182","3","2","0","7","14","5","","0","0","1","0","0"
"POINT (6.944480286000044 50.900522147000061)","Unfall 158184 (2021) Kat:3, Licht: 0","158184","3","1","0","11","10","1","","0","1","0","0","0"
"POINT (6.903863564000062 50.957431992000068)","Unfall 158185 (2021) Kat:3, Licht: 0","158185","3","2","5","7","11","6","","0","1","1","0","0"
"POINT (6.942123848000051 50.940092984000046)","Unfall 158190 (2021) Kat:3, Licht: 0","158190","3","1","0","9","11","6","","0","1","0","0","0"
"POINT (6.931654501000025 50.931433120000065)","Unfall 158191 (2021) Kat:3, Licht: 2","158191","3","4","6","4","20","1","","2","1","0","1","0"
"POINT (6.888901032000035 51.029249589000074)","Unfall 158192 (2021) Kat:2, Licht: 0","158192","2","3","0","4","16","1","","0","1","1","0","0"
"POINT (6.950054411000053 50.992598948000079)","Unfall 158193 (2021) Kat:3, Licht: 2","158193","3","6","0","10","22","3","","2","0","1","0","1"
"POINT (6.905170345000045 50.953648211000029)","Unfall 158195 (2021) Kat:3, Licht: 0","158195","3","3","0","9","13","7","","0","1","1","0","0"
"POINT (6.926393648000044 50.942856290000066)","Unfall 158198 (2021) Kat:3, Licht: 2","158198","3","3","4","11","17","3","","2","1","1","0","0"
"POINT (6.914532347000033 50.914795439000045)","Unfall 158199 (2021) Kat:3, Licht: 0","158199","3","7","0","10","15","2","","0","1","1","0","0"
"POINT (6.894964154000036 50.946318913000027)","Unfall 158201 (2021) Kat:3, Licht: 2","158201","3","3","5","1","18","6","","2","1","1","0","0"
"POINT (6.940554827000028 50.920542458000057)","Unfall 158203 (2021) Kat:3, Licht: 0","158203","3","5","1","5","12","6","","0","0","0","0","0"
"POINT (6.944270694000068 50.983050544000037)","Unfall 158204 (2021) Kat:2, Licht: 0","158204","2","1","0","5","14","7","","0","0","0","0","1"
"POINT (6.948042505000046 50.943110075000050)","Unfall 158205 (2021) Kat:3, Licht: 0","158205","3","7","3","6","12","6","","0","0","1","0","1"
"POINT (6.920927453000047 50.899591121000071)","Unfall 158206 (2021) Kat:2, Licht: 0","158206","2","1","0","5","7","5","","0","1","0","0","0"
"POINT (6.941347354000072 50.973307598000076)","Unfall 158207 (2021) Kat:3, Licht: 0","158207","3","2","5","6","11","4","","0","1","1","0","0"
"POINT (6.934602288000065 50.927634946000069)","Unfall 158209 (2021) Kat:3, Licht: 0","158209","3","1","0","6","8","5","","0","1","0","0","0"
"POINT (6.950056861000064 50.959722957000054)","Unfall 158211 (2021) Kat:3, Licht: 0","158211","3","7","0","4","15","5","","0","1","0","0","0"
"POINT (6.921708168000066 50.953229984000075)","Unfall 158213 (2021) Kat:3, Licht: 2","158213","3","5","0","10","20","3","","2","1","1","0","0"
"POINT (6.926328184000056 50.924924085000043)","Unfall 158216 (2021) Kat:3, Licht: 0","158216","3","1","0","9","8","6","","0","1","0","0","0"
"POINT (6.914932385000043 50.922071626000047)","Unfall 158217 (2021) Kat:3, Licht: 0","158217","3","6","4","12","14","5","","0","1","0","0","0"
"POINT (6.937059867000073 50.918855810000082)","Unfall 158218 (2021) Kat:3, Licht: 0","158218","3","7","0","9","16","5","","0","1","1","0","0"
"POINT (6.902194968000060 50.918416216000026)","Unfall 158220 (2021) Kat:3, Licht: 0","158220","3","1","0","10","7","2","","0","1","0","0","0"
"POINT (6.931303618000072 50.949245742000073)","Unfall 158222 (2021) Kat:3, Licht: 0","158222","3","1","0","2","18","2","","0","1","0","0","0"
"POINT (6.947552481000059 50.941100140000060)","Unfall 158223 (2021) Kat:3, Licht: 2","158223","3","1","0","11","4","7","","2","0","0","0","1"
"POINT (6.940417715000024 50.930948809000029)","Unfall 158225 (2021) Kat:3, Licht: 2","158225","3","1","0","9","2","1","","2","0","0","0","0"
"POINT (6.935902734000024 50.933781537000073)","Unfall 158228 (2021) Kat:3, Licht: 2","158228","3","6","2","11","17","4","","2","0","1","0","1"
"POINT (6.910605550000071 50.950435145000029)","Unfall 158230 (2021) Kat:3, Licht: 0","158230","3","1","0","11","10","3","","0","0","0","0","1"
"POINT (6.947469799000032 50.933679651000034)","Unfall 158233 (2021) Kat:3, Licht: 2","158233","3","3","0","12","19","2","","2","0","1","0","1"
"POINT (6.917590826000037 50.995689220000031)","Unfall 158235 (2021) Kat:2, Licht: 0","158235","2","4","6","7","9","6","","0","0","1","1","0"
"POINT (6.939592194000056 50.959511927000051)","Unfall 158236 (2021) Kat:3, Licht: 0","158236","3","7","0","12","12","3","","0","0","0","0","0"
"POINT (6.924031893000063 50.923081523000064)","Unfall 158238 (2021) Kat:2, Licht: 0","158238","2","1","0","10","8","5","","0","1","0","0","0"
"POINT (6.933739400000036 50.927354311000045)","Unfall 158239 (2021) Kat:3, Licht: 2","158239","3","1","0","9","2","1","","2","0","0","0","0"
"POINT (6.890650857000026 51.025039908000053)","Unfall 158240 (2021) Kat:3, Licht: 0","158240","3","2","4","6","7","4","","0","0","1","0","0"
"POINT (6.907835507000073 50.944909577000033)","Unfall 158241 (2021) Kat:3, Licht: 0","158241","3","6","1","5","10","2","","0","0","1","0","0"
"POINT (6.904151993000028 50.951520653000046)","Unfall 158244 (2021) Kat:3, Licht: 0","158244","3","6","2","9","12","2","","0","0","1","0","1"
"POINT (6.929481037000073 50.994463510000060)","Unfall 158245 (2021) Kat:3, Licht: 2","158245","3","6","2","1","20","4","","2","0","1","0","0"
"POINT (6.937992415000053 50.960638247000077)","Unfall 158247 (2021) Kat:3, Licht: 1","158247","3","7","0","11","8","6","","1","0","0","1","0"
"POINT (6.941461058000073 50.911193387000026)","Unfall 158249 (2021) Kat:3, Licht: 0","158249","3","1","0","4","12","7","","0","1","0","0","0"
"POINT (6.932806905000064 50.948597953000046)","Unfall 158250 (2021) Kat:3, Licht: 0","158250","3","3","5","10","16","6","","0","1","1","0","0"
"POINT (6.887802143000044 50.982302248000053)","Unfall 158251 (2021) Kat:3, Licht: 0","158251","3","2","2","3","15","5","","0","0","1","0","0"
"POINT (6.920201717000054 50.921713432000047)","Unfall 158253 (2021) Kat:3, Licht: 0","158253","3","5","0","9","7","4","","0","0","1","0","0"
"POINT (6.940827929000022 50.912192282000035)","Unfall 158260 (2021) Kat:3, Licht: 1","158260","3","1","0","11","15","2","","1","1","0","0","0"
"POINT (6.947250449000023 50.914923566000027)","Unfall 158262 (2021) Kat:3, Licht: 0","158262","3","2","1","9","17","3","","0","1","1","0","0"
"POINT (6.904846657000064 50.976129511000067)","Unfall 158264 (2021) Kat:3, Licht: 0","158264","3","1","0","5","13","2","","0","0","0","0","0"
"POINT (6.919149115000039 50.921338472000059)","Unfall 158265 (2021) Kat:3, Licht: 0","158265","3","5","1","5","15","3","","0","0","1","0","0"
"POINT (6.924652117000051 50.942521867000039)","Unfall 158268 (2021) Kat:3, Licht: 0","158268","3","7","1","5","12","2","","0","0","0","0","1"
"POINT (6.935652152000046 50.929090943000062)","Unfall 158269 (2021) Kat:3, Licht: 0","158269","3","5","1","7","12","3","","0","1","1","0","0"
"POINT (6.907817610000052 50.967598478000070)","Unfall 158271 (2021) Kat:3, Licht: 0","158271","3","7","1","5","15","6","","0","0","1","0","1"
"POINT (6.944728652000038 50.943867676000082)","Unfall 158273 (2021) Kat:3, Licht: 0","158273","3","1","0","12","12","4","","0","0","0","0","1"
"POINT (6.939651117000039 50.959724972000060)","Unfall 158276 (2021) Kat:3, Licht: 2","158276","3","1","8","2","19","5","","2","0","1","0","0"
"POINT (6.923850361000063 50.923017591000075)","Unfall 158278 (2021) Kat:3, Licht: 0","158278","3","5","1","10","15","6","","0","1","1","0","0"
"POINT (6.934655012000064 50.927681403000065)","Unfall 158279 (2021) Kat:3, Licht: 0","158279","3","1","0","6","15","1","","0","1","0","0","0"
"POINT (6.901069566000047 50.930590064000057)","Unfall 158280 (2021) Kat:3, Licht: 0","158280","3","1","0","11","16","2","","0","1","0","0","0"
"POINT (6.924371206000046 51.013462926000045)","Unfall 158281 (2021) Kat:3, Licht: 0","158281","3","3","0","10","14","7","","0","0","0","0","1"
"POINT (6.934750319000045 50.911038165000036)","Unfall 158282 (2021) Kat:2, Licht: 2","158282","2","1","0","11","1","6","","2","0","0","0","0"
"POINT (6.906810803000042 50.967737277000026)","Unfall 158284 (2021) Kat:3, Licht: 0","158284","3","6","2","7","15","6","","0","0","1","0","0"
"POINT (6.918657814000028 50.921203442000035)","Unfall 158288 (2021) Kat:3, Licht: 2","158288","3","1","0","10","18","4","","2","1","0","0","0"
"POINT (6.939806032000035 50.933021498000073)","Unfall 158289 (2021) Kat:3, Licht: 2","158289","3","1","0","10","3","1","","2","0","0","0","0"
"POINT (6.923969464000038 50.952362980000032)","Unfall 158291 (2021) Kat:3, Licht: 0","158291","3","3","5","12","15","5","","0","0","1","0","0"
"POINT (6.933448358000021 50.950879534000080)","Unfall 158292 (2021) Kat:2, Licht: 0","158292","2","3","5","11","10","6","","0","1","0","0","0"
"POINT (6.906349625000075 50.938599901000032)","Unfall 158295 (2021) Kat:3, Licht: 0","158295","3","2","5","6","11","5","","0","0","1","0","0"
"POINT (6.878786150000053 50.964283496000064)","Unfall 158296 (2021) Kat:3, Licht: 2","158296","3","6","2","1","16","2","","2","0","1","0","0"
"POINT (6.903909216000045 50.961689968000030)","Unfall 158298 (2021) Kat:3, Licht: 1","158298","3","2","3","3","18","5","","1","1","0","0","0"
"POINT (6.917357407000054 50.943796353000039)","Unfall 158300 (2021) Kat:3, Licht: 0","158300","3","1","0","6","13","2","","0","1","0","0","0"
"POINT (6.938006638000047 50.968587198000080)","Unfall 158301 (2021) Kat:3, Licht: 0","158301","3","3","5","9","8","2","","0","1","1","0","0"
"POINT (6.897859477000054 51.019173707000050)","Unfall 158302 (2021) Kat:3, Licht: 0","158302","3","3","5","10","15","2","","0","1","0","0","0"
"POINT (6.941633591000027 50.981280457000082)","Unfall 158303 (2021) Kat:2, Licht: 0","158303","2","5","1","11","9","2","","0","0","1","0","0"
"POINT (6.933465916000046 50.927261941000040)","Unfall 158304 (2021) Kat:3, Licht: 0","158304","3","1","0","7","10","3","","0","1","0","0","0"