WKT,Name,OBJECTID,UKATEGORIE,UTYP1,UART,UMONAT,USTUNDE,UWOCHENTAG,STRZUSTAND,ULICHTVERH,ISTRAD,ISTPKW,ISTFUSS,ISTKRAD
"POINT (6.948588303000065 50.943010026000081)","Unfall 158306 (2021) Kat:3, Licht: 0","158306","3","7","3","3","12","5","","0","0","1","0","0"
"POINT (6.920637645000056 50.994821244000036)","Unfall 158307 (2021) Kat:3, Licht: 0","158307","3","6","0","9","16","4","","0","1","1","0","0"
"POINT (6.926995480000073 50.956715476000056)","Unfall 158309 (2021) Kat:3, Licht: 2","158309","3","4","0","11","19","7","","2","0","1","1","0"
"POINT (6.913974266000025 51.052705823000053)","Unfall 158310 (2021) Kat:3, Licht: 0","158310","3","1","0","5","11","1","","0","1","0","0","0"
"POINT (6.936871606000068 50.918953258000045)","Unfall 158311 (2021) Kat:2, Licht: 0","158311","2","5","0","1","15","7","","0","0","1","0","1"
"POINT (6.910691239000073 50.945144813000070)","Unfall 158314 (2021) Kat:3, Licht: 0","158314","3","2","3","5","12","4","","0","1","1","0","0"
"POINT (6.943535155000063 50.924565754000071)","Unfall 158315 (2021) Kat:3, Licht: 1","158315","3","6","3","11","7","5","","1","1","0","0","0"
"POINT (6.941082600000072 50.934842343000071)","Unfall 158318 (2021) Kat:3, Licht: 2","158318","3","7","6","7","2","1","","2","0","1","1","0"
"POINT (6.898293903000024 50.959925234000082)","Unfall 158319 (2021) Kat:3, Licht: 0","158319","3","1","0","3","14","6","","0","0","0","0","1"
"POINT (6.913228533000051 50.927231782000035)","Unfall 158320 (2021) Kat:3, Licht: 0","158320","3","5","1","5","17","5","","0","1","1","0","0"
"POINT (6.934687285000052 50.939485071000036)","Unfall 158322 (2021) Kat:3, Licht: 0","158322","3","4","0","10","8","5","","0","1","1","1","0"
"POINT (6.890869423000026 50.970557958000029)","Unfall 158323 (2021) Kat:3, Licht: 0","158323","3","2","3","9","16","4","","0","1","1","0","0"
"POINT (6.907452327000044 50.919244385000070)","Unfall 158324 (2021) Kat:3, Licht: 2","158324","3","3","5","12","18","3","","2","1","0","0","0"
"POINT (6.945588832000055 50.936685220000072)","Unfall 158326 (2021) Kat:3, Licht: 0","158326","3","4","6","9","10","6","","0","1","0","1","0"
"POINT (6.928031395000062 50.908515000000079)","Unfall 158327 (2021) Kat:3, Licht: 2","158327","3","4","6","12","18","4","","2","1","0","1","0"
"POINT (6.916901193000058 50.922392412000079)","Unfall 158328 (2021) Kat:2, Licht: 0","158328","2","6","3","3","9","7","","0","1","0","0","0"
"POINT (6.942370358000062 50.910770716000059)","Unfall 158332 (2021) Kat:2, Licht: 0","158332","2","1","0","6","8","2","","0","1","0","0","0"
"POINT (6.934155880000048 50.878630844000043)","Unfall 158333 (2021) Kat:3, Licht: 0","158333","3","7","6","9","18","4","","0","1","0","1","0"
"POINT (6.922688395000023 50.942514140000071)","Unfall 158337 (2021) Kat:3, Licht: 0","158337","3","4","0","2","15","5","","0","1","0","1","0"
"POINT (6.915871410000022 50.951798598000039)","Unfall 158340 (2021) Kat:3, Licht: 1","158340","3","7","0","9","21","3","","1","0","0","0","0"
"POINT (6.941558763000046 50.910866897000062)","Unfall 158343 (2021) Kat:3, Licht: 0","158343","3","1","9","3","17","2","","0","0","1","1","0"
"POINT (6.932568320000030 50.931886071000065)","Unfall 158344 (2021) Kat:3, Licht: 0","158344","3","1","0","6","14","4","","0","1","0","0","0"
"POINT (6.913579093000067 50.999282481000080)","Unfall 158346 (2021) Kat:3, Licht: 0","158346","3","5","0","12","9","3","","0","0","1","0","0"
"POINT (6.920984086000033 50.978501157000039)","Unfall 158347 (2021) Kat:3, Licht: 1","158347","3","2","2","1","8","3","","1","0","1","0","0"
"POINT (6.899955542000043 50.952404918000070)","Unfall 158348 (2021) Kat:3, Licht: 0","158348","3","3","5","6","18","2","","0","1","1","0","0"
"POINT (6.906613954000022 50.997126066000078)","Unfall 158351 (2021) Kat:3, Licht: 0","158351","3","5","1","3","8","5","","0","1","1","0","0"
"POINT (6.922726437000051 50.973688458000026)","Unfall 158352 (2021) Kat:2, Licht: 2","158352","2","1","8","7","22","2","","2","0","0","0","1"
"POINT (6.882161115000031 50.955609419000041)","Unfall 158353 (2021) Kat:3, Licht: 0","158353","3","6","0","5","17","6","","0","1","1","0","0"
"POINT (6.926281176000032 50.917865898000059)","Unfall 158355 (2021) Kat:3, Licht: 0","158355","3","1","0","11","16","3","","0","1","0","0","0"
"POINT (6.913877118000073 51.052647920000027)","Unfall 158356 (2021) Kat:2, Licht: 1","158356","2","1","7","9","18","6","","1","1","0","0","0"
"POINT (6.938078478000023 50.957713160000026)","Unfall 158357 (2021) Kat:3, Licht: 0","158357","3","1","0","2","14","7","","0","1","0","0","0"
"POINT (6.894973709000055 50.990333003000046)","Unfall 158358 (2021) Kat:3, Licht: 0","158358","3","2","5","7","12","4","","0","0","0","0","1"
"POINT (6.888294349000034 51.013463542000068)","Unfall 158361 (2021) Kat:3, Licht: 2","158361","3","3","5","12","20","3","","2","0","1","0","0"
"POINT (6.947748537000052 50.941409954000051)","Unfall 158362 (2021) Kat:3, Licht: 0","158362","3","6","0","9","13","6","","0","0","0","1","0"
"POINT (6.920179115000053 50.953793387000076)","Unfall 158363 (2021) Kat:2, Licht: 0","158363","2","7","0","5","12","1","","0","1","0","0","0"
"POINT (6.901048526000068 50.930704382000044)","Unfall 158364 (2021) Kat:3, Licht: 0","158364","3","7","0","6","17","5","","0","1","0","0","0"
"POINT (6.943245194000042 50.929986251000059)","Unfall 158371 (2021) Kat:2, Licht: 2","158371","2","1","0","9","20","7","","2","0","0","0","0"
"POINT (6.945687136000060 50.906838108000045)","Unfall 158373 (2021) Kat:3, Licht: 2","158373","3","5","1","6","3","1","","2","0","1","0","0"
"POINT (6.918051876000050 50.969817200000080)","Unfall 158374 (2021) Kat:3, Licht: 0","158374","3","3","5","9","11","4","","0","1","1","0","0"
"POINT (6.941294580000033 50.909683831000052)","Unfall 158375 (2021) Kat:3, Licht: 2","158375","3","5","0","9","21","7","","2","0","1","0","1"
"POINT (6.899855421000041 50.938326504000031)","Unfall 158376 (2021) Kat:2, Licht: 0","158376","2","1","0","7","6","2","","0","1","0","0","0"
"POINT (6.923567501000036 51.035631619000071)","Unfall 158378 (2021) Kat:3, Licht: 1","158378","3","6","0","9","5","5","","1","0","1","0","0"
"POINT (6.934686010000064 50.939089983000031)","Unfall 158379 (2021) Kat:2, Licht: 0","158379","2","7","6","4","9","3","","0","0","0","1","0"
"POINT (6.907619082000053 50.950288080000064)","Unfall 158381 (2021) Kat:3, Licht: 2","158381","3","2","0","3","19","3","","2","1","1","0","0"
"POINT (6.944774095000071 50.972057221000057)","Unfall 158383 (2021) Kat:2, Licht: 0","158383","2","7","0","1","14","6","","0","1","1","0","0"
"POINT (6.939941333000036 50.974351190000050)","Unfall 158386 (2021) Kat:3, Licht: 2","158386","3","1","0","1","6","4","","2","1","0","0","0"
"POINT (6.922127917000068 50.922408202000042)","Unfall 158388 (2021) Kat:3, Licht: 0","158388","3","1","0","4","14","4","","0","1","0","0","0"
"POINT (6.933783185000038 50.956079854000052)","Unfall 158390 (2021) Kat:3, Licht: 0","158390","3","1","0","6","9","5","","0","0","0","0","1"
"POINT (6.905425049000030 51.011375507000082)","Unfall 158393 (2021) Kat:3, Licht: 0","158393","3","5","0","4","10","5","","0","0","1","0","1"
"POINT (6.922179387000028 50.973116427000036)","Unfall 158394 (2021) Kat:3, Licht: 0","158394","3","2","5","1","16","6","","0","1","1","0","0"
"POINT (6.915557890000059 50.951808544000073)","Unfall 158398 (2021) Kat:3, Licht: 1","158398","3","7","0","9","19","2","","1","1","0","0","0"
"POINT (6.941420583000024 50.907711600000027)","Unfall 158401 (2021) Kat:3, Licht: 1","158401","3","4","6","3","7","2","","1","1","0","1","0"
"POINT (6.913231545000031 50.964201518000039)","Unfall 158404 (2021) Kat:3, Licht: 0","158404","3","2","5","5","9","7","","0","0","1","0","0"
"POINT (6.920135058000028 50.945791495000037)","Unfall 158405 (2021) Kat:3, Licht: 0","158405","3","5","3","4","15","7","","0","1","1","0","0"
"POINT (6.901367301000050 50.958382874000051)","Unfall 158406 (2021) Kat:3, Licht: 2","158406","3","1","0","11","7","2","","2","0","0","0","0"
"POINT (6.925450878000049 50.973262482000052)","Unfall 158407 (2021) Kat:3, Licht: 2","158407","3","6","2","11","17","6","","2","0","1","0","0"
"POINT (6.913605769000071 50.933667788000037)","Unfall 158408 (2021) Kat:2, Licht: 2","158408","2","7","9","12","0","7","","2","1","0","0","0"
"POINT (6.909688340000059 50.931392460000041)","Unfall 158412 (2021) Kat:3, Licht: 0","158412","3","3","5","12","15","6","","0","1","1","0","0"
"POINT (6.945829927000034 50.912528121000037)","Unfall 158415 (2021) Kat:3, Licht: 0","158415","3","2","6","3","13","3","","0","0","1","1","0"
"POINT (6.930588931000045 50.968919291000077)","Unfall 158417 (2021) Kat:3, Licht: 2","158417","3","7","6","10","23","1","","2","0","0","1","0"
"POINT (6.918018392000022 50.959314362000043)","Unfall 158418 (2021) Kat:3, Licht: 0","158418","3","1","0","9","10","2","","0","1","0","0","0"
"POINT (6.938979459000052 50.911506018000068)","Unfall 158419 (2021) Kat:3, Licht: 0","158419","3","3","5","6","16","4","","0","1","1","0","0"
"POINT (6.924013797000043 50.919152575000055)","Unfall 158421 (2021) Kat:3, Licht: 0","158421","3","1","0","10","22","6","","0","1","0","0","0"
"POINT (6.933807017000049 50.927376031000051)","Unfall 158422 (2021) Kat:3, Licht: 0","158422","3","1","0","11","15","7","","0","1","0","0","0"
"POINT (6.926048388000027 50.916638146000082)","Unfall 158426 (2021) Kat:3, Licht: 0","158426","3","6","5","9","8","4","","0","1","1","0","0"
"POINT (6.943467501000043 50.968488816000047)","Unfall 158431 (2021) Kat:3, Licht: 0","158431","3","3","3","9","12","5","","0","1","1","0","0"
"POINT (6.885677704000045 50.983718898000063)","Unfall 158432 (2021) Kat:3, Licht: 2","158432","3","3","5","10","6","6","","2","0","1","0","1"
"POINT (6.918856205000054 50.958254810000028)","Unfall 158434 (2021) Kat:3, Licht: 0","158434","3","6","3","4","19","7","","0","1","1","0","0"
"POINT (6.939126821000059 50.930198767000036)","Unfall 158435 (2021) Kat:2, Licht: 0","158435","2","1","0","7","16","3","","0","1","0","0","0"
"POINT (6.936449606000053 50.947187485000029)","Unfall 158438 (2021) Kat:3, Licht: 0","158438","3","2","5","3","9","6","","0","1","1","0","0"
"POINT (6.945197317000066 50.924820428000032)","Unfall 158443 (2021) Kat:3, Licht: 2","158443","3","1","1","1","19","5","","2","0","1","0","0"
"POINT (6.927902074000031 50.920558502000063)","Unfall 158444 (2021) Kat:3, Licht: 0","158444","3","7","4","1","12","7","","0","1","1","0","0"
"POINT (6.917308858000069 50.981517433000079)","Unfall 158445 (2021) Kat:3, Licht: 0","158445","3","7","0","5","16","3","","0","0","1","0","1"
"POINT (6.942543026000067 50.987032042000067)","Unfall 158448 (2021) Kat:3, Licht: 0","158448","3","3","5","5","6","2","","0","1","1","0","0"
"POINT (6.926122222000060 50.917952195000055)","Unfall 158456 (2021) Kat:3, Licht: 0","158456","3","1","8","6","9","4","","0","1","0","0","1"
"POINT (6.936616982000032 50.992724900000042)","Unfall 158458 (2021) Kat:3, Licht: 0","158458","3","7","3","6","8","2","","0","0","1","0","0"
"POINT (6.902104538000060 50.999106572000073)","Unfall 158460 (2021) Kat:3, Licht: 2","158460","3","1","0","1","19","5","","2","1","0","0","0"
"POINT (6.941431642000055 50.911296410000034)","Unfall 158461 (2021) Kat:2, Licht: 1","158461","2","1","0","11","17","5","","1","1","1","0","0"
"POINT (6.931697697000061 50.940472018000037)","Unfall 158462 (2021) Kat:3, Licht: 0","158462","3","3","0","3","11","7","","0","1","1","0","0"
"POINT (6.948425073000067 50.946296921000055)","Unfall 158463 (2021) Kat:3, Licht: 0","158463","3","6","3","6","13","6","","0","1","0","0","0"
"POINT (6.920249019000039 50.913445955000043)","Unfall 158464 (2021) Kat:3, Licht: 0","158464","3","1","9","3","17","3","","0","1","0","0","0"
"POINT (6.935194615000057 50.972073611000042)","Unfall 158469 (2021) Kat:3, Licht: 0","158469","3","4","0","9","13","7","","0","0","1","1","0"
"POINT (6.893126317000053 50.989926134000029)","Unfall 158470 (2021) Kat:3, Licht: 2","158470","3","6","2","1","21","6","","2","0","1","0","0"
"POINT (6.947413752000045 50.932747608000057)","Unfall 158473 (2021) Kat:3, Licht: 0","158473","3","3","5","5","15","5","","0","1","1","0","0"
"POINT (6.931154231000050 50.910572734000027)","Unfall 158474 (2021) Kat:3, Licht: 0","158474","3","3","5","2","16","4","","0","1","0","0","0"
"POINT (6.940142288000061 50.968338313000061)","Unfall 158476 (2021) Kat:3, Licht: 0","158476","3","7","0","5","12","4","","0","0","0","0","0"
"POINT (6.899777085000039 50.938533070000062)","Unfall 158477 (2021) Kat:3, Licht: 0","158477","3","3","5","9","6","6","","0","1","1","0","0"
"POINT (6.923297391000062 50.943699447000029)","Unfall 158478 (2021) Kat:3, Licht: 0","158478","3","5","1","10","14","2","","0","1","1","0","0"
"POINT (6.949294859000076 50.965922425000031)","Unfall 158481 (2021) Kat:2, Licht: 0","158481","2","1","0","10","12","5","","0","0","0","0","1"
"POINT (6.907521600000052 50.989644794000071)","Unfall 158482 (2021) Kat:3, Licht: 0","158482","3","3","5","11","10","4","","0","0","1","0","0"
"POINT (6.904282470000055 50.954780067000058)","Unfall 158485 (2021) Kat:3, Licht: 0","158485","3","4","6","3","17","4","","0","0","1","1","0"
"POINT (6.916308438000044 50.955026123000039)","Unfall 158487 (2021) Kat:3, Licht: 2","158487","3","7","0","1","21","7","","2","1","0","0","0"
"POINT (6.941550575000065 50.934894399000029)","Unfall 158490 (2021) Kat:3, Licht: 0","158490","3","7","1","2","14","4","","0","1","1","0","0"
"POINT (6.933467262000022 50.927262411000072)","Unfall 158491 (2021) Kat:3, Licht: 2","158491","3","1","0","12","22","5","","2","1","0","0","0"
"POINT (6.948322600000040 50.938859987000058)","Unfall 158493 (2021) Kat:3, Licht: 0","158493","3","1","0","5","15","7","","0","0","0","0","0"
"POINT (6.901296672000058 50.955008295000027)","Unfall 158495 (2021) Kat:3, Licht: 0","158495","3","3","0","7","15","1","","0","0","1","0","0"
"POINT (6.927374734000068 50.953539262000049)","Unfall 158496 (2021) Kat:3, Licht: 0","158496","3","3","5","6","17","3","","0","0","1","0","0"
"POINT (6.937696135000067 50.927841733000037)","Unfall 158498 (2021) Kat:3, Licht: 0","158498","3","7","1","11","11","7","","0","1","1","0","0"
"POINT (6.882372630000020 50.932692705000079)","Unfall 158499 (2021) Kat:3, Licht: 2","158499","3","1","0","12","19","1","","2","1","0","0","0"
"POINT (6.904430361000038 50.968688424000050)","Unfall 158501 (2021) Kat:3, Licht: 0","158501","3","3","0","10","16","5","","0","1","1","0","0"
"POINT (6.928154168000049 50.958397043000048)","Unfall 158502 (2021) Kat:3, Licht: 2","158502","3","1","8","9","2","6","","2","0","0","0","0"
"POINT (6.942099118000044 50.958358747000034)","Unfall 158506 (2021) Kat:2, Licht: 0","158506","2","4","0","6","10","2","","0","0","1","1","0"
"POINT (6.933416933000046 50.994008352000037)","Unfall 158507 (2021) Kat:2, Licht: 2","158507","2","2","6","12","17","6","","2","0","1","1","0"
"POINT (6.905458352000039 50.967200523000031)","Unfall 158510 (2021) Kat:3, Licht: 0","158510","3","3","5","5","13","6","","0","1","1","0","0"
"POINT (6.926311658000031 50.862813183000071)","Unfall 158513 (2021) Kat:3, Licht: 0","158513","3","7","6","12","14","7","","0","0","0","1","0"
"POINT (6.937392018000025 50.937203759000056)","Unfall 158515 (2021) Kat:3, Licht: 0","158515","3","5","1","7","10","2","","0","1","1","0","0"
"POINT (6.909372091000023 50.993312927000034)","Unfall 158517 (2021) Kat:3, Licht: 2","158517","3","1","0","12","19","5","","2","0","0","0","0"
"POINT (6.941063527000040 50.915487315000064)","Unfall 158518 (2021) Kat:3, Licht: 0","158518","3","2","3","11","15","6","","0","1","1","0","0"
"POINT (6.920890454000073 50.971795979000035)","Unfall 158521 (2021) Kat:3, Licht: 0","158521","3","7","7","7","12","6","","0","1","0","0","0"
"POINT (6.900217857000030 50.956391608000047)","Unfall 158523 (2021) Kat:3, Licht: 0","158523","3","7","1","3","13","4","","0","1","1","0","0"
"POINT (6.913077762000057 50.966197211000065)","Unfall 158524 (2021) Kat:3, Licht: 2","158524","3","2","6","11","17","6","","2","0","1","1","0"
"POINT (6.936276636000059 50.928585659000078)","Unfall 158526 (2021) Kat:3, Licht: 2","158526","3","3","5","6","0","7","","2","1","1","0","0"
"POINT (6.891730170000073 50.983373663000066)","Unfall 158527 (2021) Kat:2, Licht: 0","158527","2","2","0","9","10","2","","0","0","1","0","0"
"POINT (6.907779964000042 50.945299374000058)","Unfall 158529 (2021) Kat:3, Licht: 0","158529","3","2","5","9","17","5","","0","1","1","0","0"
"POINT (6.930976978000047 50.966012860000035)","Unfall 158532 (2021) Kat:3, Licht: 0","158532","3","4","8","4","11","3","","0","1","0","1","0"
"POINT (6.919107465000025 50.912210053000081)","Unfall 158533 (2021) Kat:3, Licht: 0","158533","3","7","0","10","17","3","","0","1","1","0","0"
"POINT (6.933632206000027 50.927319416000046)","Unfall 158537 (2021) Kat:3, Licht: 0","158537","3","3","5","9","8","6","","0","1","0","0","0"
"POINT (6.948961575000055 50.948677563000047)","Unfall 158539 (2021) Kat:3, Licht: 0","158539","3","7","0","2","15","2","","0","1","1","0","0"
"POINT (6.881268316000046 50.956529844000045)","Unfall 158541 (2021) Kat:3, Licht: 0","158541","3","3","5","3","13","4","","0","1","1","0","0"
"POINT (6.944454140000062 50.923742188000062)","Unfall 158542 (2021) Kat:3, Licht: 2","158542","3","2","6","1","7","3","","2","0","1","1","0"
"POINT (6.903912935000051 50.957574877000070)","Unfall 158543 (2021) Kat:3, Licht: 0","158543","3","7","0","5","15","6","","0","0","1","0","0"
"POINT (6.926957413000025 50.924076273000026)","Unfall 158544 (2021) Kat:3, Licht: 0","158544","3","2","5","5","9","4","","0","1","1","0","0"
"POINT (6.937853492000045 50.941637663000051)","Unfall 158546 (2021) Kat:3, Licht: 0","158546","3","6","2","7","19","4","","0","1","1","0","0"
"POINT (6.894092013000034 50.942151892000027)","Unfall 158547 (2021) Kat:2, Licht: 0","158547","2","1","0","10","7","3","","0","0","0","0","0"
"POINT (6.941888959000039 50.941690008000080)","Unfall 158548 (2021) Kat:3, Licht: 0","158548","3","5","7","3","8","6","","0","1","1","0","0"
"POINT (6.931604460000074 50.931417287000045)","Unfall 158549 (2021) Kat:3, Licht: 0","158549","3","3","5","4","17","6","","0","1","0","0","1"
"POINT (6.888543679000065 50.942345131000081)","Unfall 158550 (2021) Kat:3, Licht: 0","158550","3","6","3","6","15","4","","0","1","1","0","0"
"POINT (6.948553674000038 50.917022780000082)","Unfall 158551 (2021) Kat:2, Licht: 0","158551","2","3","5","5","16","2","","0","1","1","0","0"
"POINT (6.920211678000044 50.953781380000066)","Unfall 158552 (2021) Kat:3, Licht: 0","158552","3","2","3","10","14","2","","0","0","1","0","1"
"POINT (6.900686535000034 50.934464411000079)","Unfall 158553 (2021) Kat:3, Licht: 0","158553","3","1","8","10","9","7","","0","1","0","0","0"
"POINT (6.937491137000052 50.946788191000053)","Unfall 158555 (2021) Kat:3, Licht: 0","158555","3","6","2","1","9","5","","0","0","1","0","0"
"POINT (6.892209645000037 50.939731870000060)","Unfall 158557 (2021) Kat:2, Licht: 0","158557","2","2","6","2","9","5","","0","0","1","1","0"
"POINT (6.909790059000045 50.945197364000080)","Unfall 158558 (2021) Kat:2, Licht: 2","158558","2","1","7","6","2","1","","2","1","1","0","0"
"POINT (6.943108608000045 50.940018625000050)","Unfall 158559 (2021) Kat:3, Licht: 0","158559","3","5","0","6","13","4","","0","1","1","0","0"
"POINT (6.946914119000041 50.938835737000034)","Unfall 158560 (2021) Kat:3, Licht: 0","158560","3","6","3","12","15","7","","0","1","0","0","0"
"POINT (6.918430136000040 50.923119667000037)","Unfall 158561 (2021) Kat:3, Licht: 0","158561","3","5","0","9","13","5","","0","1","1","0","0"
"POINT (6.940554131000056 50.920540707000043)","Unfall 158562 (2021) Kat:3, Licht: 0","158562","3","5","1","10","14","7","","0","1","1","0","0"
"POINT (6.922853354000040 50.927623968000034)","Unfall 158564 (2021) Kat:3, Licht: 0","158564","3","7","0","6","16","5","","0","1","1","0","0"
"POINT (6.934840012000052 50.941191574000072)","Unfall 158565 (2021) Kat:3, Licht: 0","158565","3","3","5","6","15","6","","0","0","1","0","0"
"POINT (6.890869503000033 50.970568140000069)","Unfall 158566 (2021) Kat:3, Licht: 0","158566","3","2","3","4","8","4","","0","1","1","0","0"
"POINT (6.910738388000027 50.919371962000071)","Unfall 158571 (2021) Kat:3, Licht: 0","158571","3","6","1","11","13","4","","0","0","1","0","0"
"POINT (6.943314593000025 50.916116982000062)","Unfall 158573 (2021) Kat:2, Licht: 2","158573","2","5","0","10","5","6","","2","0","1","0","1"
"POINT (6.946874655000045 50.914289518000032)","Unfall 158574 (2021) Kat:3, Licht: 0","158574","3","6","3","5","8","5","","0","1","1","0","0"
"POINT (6.919900373000075 50.952171819000057)","Unfall 158575 (2021) Kat:3, Licht: 0","158575","3","1","0","5","13","2","","0","1","0","0","0"
"POINT (6.941030228000045 50.914939942000046)","Unfall 158576 (2021) Kat:3, Licht: 0","158576","3","1","0","6","8","3","","0","0","0","0","1"
"POINT (6.899007025000060 51.043108642000050)","Unfall 158577 (2021) Kat:3, Licht: 0","158577","3","6","2","1","15","4","","0","0","1","0","0"
"POINT (6.925533779000034 50.951691890000063)","Unfall 158578 (2021) Kat:3, Licht: 0","158578","3","2","5","12","13","5","","0","1","1","0","0"
"POINT (6.935511665000035 50.940224006000051)","Unfall 158579 (2021) Kat:3, Licht: 0","158579","3","5","0","4","15","5","","0","0","1","1","0"
"POINT (6.907198147000031 50.958702559000074)","Unfall 158581 (2021) Kat:3, Licht: 0","158581","3","5","1","7","15","3","","0","1","1","0","0"
"POINT (6.923456960000067 50.961361610000040)","Unfall 158588 (2021) Kat:3, Licht: 0","158588","3","7","6","5","18","2","","0","1","0","1","0"
"POINT (6.934531123000056 50.967128361000050)","Unfall 158590 (2021) Kat:3, Licht: 0","158590","3","1","1","4","17","1","","0","0","1","0","1"
"POINT (6.890925056000071 50.976897396000027)","Unfall 158591 (2021) Kat:3, Licht: 0","158591","3","4","6","3","14","4","","0","0","1","1","0"
"POINT (6.948942517000035 50.935148668000068)","Unfall 158592 (2021) Kat:3, Licht: 2","158592","3","3","5","4","23","5","","2","1","1","0","0"
"POINT (6.902177251000069 50.918404051000039)","Unfall 158596 (2021) Kat:3, Licht: 0","158596","3","1","0","7","13","6","","0","1","1","0","0"
"POINT (6.927245611000046 51.014785309000047)","Unfall 158597 (2021) Kat:3, Licht: 0","158597","3","2","4","6","19","2","","0","1","0","0","0"
"POINT (6.914683260000061 50.944248287000050)","Unfall 158598 (2021) Kat:3, Licht: 2","158598","3","4","6","11","7","6","","2","0","1","1","0"
"POINT (6.938833878000025 50.905124483000066)","Unfall 158599 (2021) Kat:3, Licht: 0","158599","3","2","0","6","11","3","","0","0","1","0","0"
"POINT (6.895107946000053 50.990266978000079)","Unfall 158600 (2021) Kat:3, Licht: 1","158600","3","6","4","2","7","5","","1","0","1","0","0"
"POINT (6.932503984000050 50.932527216000040)","Unfall 158602 (2021) Kat:3, Licht: 0","158602","3","1","7","9","13","7","","0","0","0","0","1"
"POINT (6.913604705000068 50.933676024000079)","Unfall 158605 (2021) Kat:2, Licht: 0","158605","2","1","5","10","8","2","","0","1","0","0","0"
"POINT (6.920357746000036 50.958039468000038)","Unfall 158606 (2021) Kat:2, Licht: 2","158606","2","1","0","6","1","4","","2","1","0","0","0"
"POINT (6.913067194000064 51.014497721000055)","Unfall 158608 (2021) Kat:3, Licht: 0","158608","3","6","2","6","15","6","","0","0","1","0","0"
"POINT (6.924723518000064 50.940133185000036)","Unfall 158609 (2021) Kat:3, Licht: 0","158609","3","2","5","12","14","7","","0","0","1","0","0"
"POINT (6.937091703000021 50.946950711000056)","Unfall 158610 (2021) Kat:3, Licht: 0","158610","3","6","0","6","10","1","","0","1","0","0","0"
"POINT (6.908384495000064 50.995535865000079)","Unfall 158613 (2021) Kat:3, Licht: 2","158613","3","4","0","1","7","4","","2","0","1","1","0"
"POINT (6.945770232000029 50.910785139000041)","Unfall 158616 (2021) Kat:3, Licht: 0","158616","3","1","0","5","17","7","","0","1","0","0","0"
"POINT (6.918699646000050 50.954346319000081)","Unfall 158617 (2021) Kat:3, Licht: 0","158617","3","1","0","10","14","2","","0","0","1","1","0"
"POINT (6.939866878000032 50.909662422000054)","Unfall 158618 (2021) Kat:3, Licht: 2","158618","3","7","6","12","17","6","","2","0","1","1","0"
"POINT (6.923339376000058 50.921975836000058)","Unfall 158620 (2021) Kat:2, Licht: 0","158620","2","1","0","10","18","2","","0","1","0","0","0"
"POINT (6.936328395000032 50.928595180000059)","Unfall 158621 (2021) Kat:3, Licht: 0","158621","3","1","0","11","15","6","","0","1","0","0","0"
"POINT (6.889079061000075 50.946960873000080)","Unfall 158622 (2021) Kat:3, Licht: 0","158622","3","1","0","2","9","1","","0","0","0","0","1"
"POINT (6.907455899000070 50.949820944000066)","Unfall 158624 (2021) Kat:3, Licht: 0","158624","3","2","4","1","11","5","","0","1","0","0","0"
"POINT (6.944890938000071 50.966745249000041)","Unfall 158626 (2021) Kat:3, Licht: 0","158626","3","6","2","9","17","4","","0","0","1","0","0"
"POINT (6.916265978000069 50.982273067000051)","Unfall 158628 (2021) Kat:3, Licht: 2","158628","3","2","5","3","5","5","","2","0","1","0","0"
"POINT (6.942379462000076 50.932974935000061)","Unfall 158631 (2021) Kat:3, Licht: 2","158631","3","3","5","11","20","6","","2","1","1","0","0"
"POINT (6.915115010000022 50.925363987000026)","Unfall 158639 (2021) Kat:3, Licht: 2","158639","3","1","0","12","7","4","","2","0","0","0","1"
"POINT (6.937099810000063 50.918835134000062)","Unfall 158640 (2021) Kat:3, Licht: 0","158640","3","7","6","11","10","4","","0","0","0","1","0"
"POINT (6.945495417000075 50.907478977000039)","Unfall 158643 (2021) Kat:3, Licht: 0","158643","3","3","0","6","13","2","","0","1","1","0","0"
"POINT (6.916754249000064 50.913759784000035)","Unfall 158645 (2021) Kat:2, Licht: 2","158645","2","1","0","10","21","2","","2","0","0","0","0"
"POINT (6.939376308000021 50.903902939000034)","Unfall 158646 (2021) Kat:2, Licht: 0","158646","2","4","6","3","16","7","","0","0","1","1","0"
"POINT (6.897613611000054 50.952746874000070)","Unfall 158647 (2021) Kat:2, Licht: 0","158647","2","2","4","4","18","6","","0","0","1","0","0"
"POINT (6.922205991000055 50.935509460000048)","Unfall 158648 (2021) Kat:2, Licht: 2","158648","2","1","0","10","2","7","","2","0","0","0","0"
"POINT (6.933850065000058 50.951273370000081)","Unfall 158650 (2021) Kat:3, Licht: 0","158650","3","6","3","5","10","6","","0","1","0","0","0"
"POINT (6.887916827000026 51.027624262000074)","Unfall 158651 (2021) Kat:3, Licht: 0","158651","3","3","5","12","8","2","","0","1","1","0","0"
"POINT (6.912369017000060 50.964918273000080)","Unfall 158653 (2021) Kat:3, Licht: 0","158653","3","7","0","6","15","2","","0","0","0","0","0"
"POINT (6.906114772000024 50.957097632000057)","Unfall 158654 (2021) Kat:3, Licht: 0","158654","3","7","0","6","17","6","","0","1","0","1","0"
"POINT (6.926392983000028 51.014364753000052)","Unfall 158657 (2021) Kat:3, Licht: 0","158657","3","1","8","9","15","2","","0","0","0","0","0"