WKT,Name,OBJECTID,UKATEGORIE,UTYP1,UART,UMONAT,USTUNDE,UWOCHENTAG,STRZUSTAND,ULICHTVERH,ISTRAD,ISTPKW,ISTFUSS,ISTKRAD
"POINT (6.938311912000074 50.927529452000044)","Unfall 158659 (2021) Kat:3, Licht: 0","158659","3","6","3","10","16","4","","0","1","1","0","0"
"POINT (6.894776673000024 50.968921788000046)","Unfall 158660 (2021) Kat:3, Licht: 0","158660","3","3","5","6","17","3","","0","1","1","0","0"
"POINT (6.941485343000068 50.917596718000027)","Unfall 158662 (2021) Kat:2, Licht: 1","158662","2","1","0","6","22","7","","1","1","0","0","0"
"POINT (6.932657568000025 50.931916709000063)","Unfall 158663 (2021) Kat:2, Licht: 2","158663","2","7","0","6","1","7","","2","0","0","0","0"
"POINT (6.948248510000042 50.959810773000072)","Unfall 158664 (2021) Kat:2, Licht: 0","158664","2","3","5","3","9","3","","0","0","1","0","1"
"POINT (6.920521796000060 50.913738510000030)","Unfall 158666 (2021) Kat:3, Licht: 0","158666","3","5","0","1","7","4","","0","1","0","0","0"
"POINT (6.925929265000036 50.947483527000031)","Unfall 158669 (2021) Kat:3, Licht: 2","158669","3","7","5","5","22","7","","2","1","1","0","0"
"POINT (6.936741863000066 51.024834851000037)","Unfall 158670 (2021) Kat:3, Licht: 0","158670","3","6","2","5","14","4","","0","0","0","0","1"
"POINT (6.944420931000025 50.924164085000029)","Unfall 158674 (2021) Kat:3, Licht: 0","158674","3","3","5","11","12","6","","0","0","1","0","0"
"POINT (6.884496290000072 51.010984112000074)","Unfall 158675 (2021) Kat:3, Licht: 0","158675","3","6","3","6","10","2","","0","0","1","0","0"
"POINT (6.946256532000064 50.973352759000079)","Unfall 158676 (2021) Kat:2, Licht: 0","158676","2","5","0","2","12","7","","0","0","1","0","0"
"POINT (6.917979024000033 50.935512582000058)","Unfall 158678 (2021) Kat:3, Licht: 2","158678","3","1","0","9","23","4","","2","1","0","0","0"
"POINT (6.939721816000031 50.917772825000043)","Unfall 158679 (2021) Kat:2, Licht: 2","158679","2","3","5","11","7","3","","2","1","0","0","0"
"POINT (6.923145968000028 50.922769514000038)","Unfall 158681 (2021) Kat:3, Licht: 2","158681","3","1","0","10","20","6","","2","1","0","0","0"
"POINT (6.936391165000032 50.947201122000081)","Unfall 158682 (2021) Kat:3, Licht: 0","158682","3","2","5","10","15","7","","0","1","1","0","0"
"POINT (6.908213723000074 50.957609527000045)","Unfall 158684 (2021) Kat:3, Licht: 0","158684","3","1","0","6","15","1","","0","1","0","0","0"
"POINT (6.883410217000062 50.933035618000076)","Unfall 158685 (2021) Kat:3, Licht: 0","158685","3","1","0","10","17","6","","0","1","0","0","0"
"POINT (6.930360715000063 50.914637153000058)","Unfall 158688 (2021) Kat:3, Licht: 0","158688","3","5","5","3","13","5","","0","0","1","0","0"
"POINT (6.922798402000069 50.930549272000064)","Unfall 158697 (2021) Kat:3, Licht: 0","158697","3","6","2","4","20","3","","0","0","1","0","0"
"POINT (6.904699634000053 50.973074457000052)","Unfall 158700 (2021) Kat:3, Licht: 2","158700","3","3","5","2","18","5","","2","1","1","0","0"
"POINT (6.936642309000035 50.928776739000057)","Unfall 158703 (2021) Kat:3, Licht: 2","158703","3","1","0","10","22","3","","2","0","0","0","0"
"POINT (6.941117367000061 50.933242218000032)","Unfall 158706 (2021) Kat:3, Licht: 0","158706","3","3","5","9","15","2","","0","1","1","0","0"
"POINT (6.948171537000064 50.900569072000053)","Unfall 158708 (2021) Kat:3, Licht: 0","158708","3","6","4","1","9","5","","0","0","1","0","0"
"POINT (6.912112778000051 50.956962762000046)","Unfall 158709 (2021) Kat:3, Licht: 0","158709","3","6","2","5","19","6","","0","1","1","0","0"
"POINT (6.920858255000041 50.953541362000067)","Unfall 158710 (2021) Kat:3, Licht: 2","158710","3","5","0","9","21","5","","2","1","1","0","0"
"POINT (6.924440648000029 50.954104869000048)","Unfall 158713 (2021) Kat:3, Licht: 2","158713","3","3","5","11","18","2","","2","1","0","0","0"
"POINT (6.936339486000065 50.947213181000052)","Unfall 158714 (2021) Kat:3, Licht: 0","158714","3","2","5","5","16","3","","0","1","1","0","0"
"POINT (6.892657843000052 51.021983024000065)","Unfall 158715 (2021) Kat:3, Licht: 2","158715","3","6","6","11","2","2","","2","0","1","1","0"
"POINT (6.907514300000059 51.011808670000050)","Unfall 158718 (2021) Kat:3, Licht: 0","158718","3","2","0","2","15","7","","0","0","0","1","1"
"POINT (6.919244793000075 50.912368883000056)","Unfall 158722 (2021) Kat:3, Licht: 0","158722","3","1","0","2","8","3","","0","1","0","0","0"
"POINT (6.941919038000037 50.925703646000045)","Unfall 158724 (2021) Kat:3, Licht: 2","158724","3","6","2","3","19","3","","2","0","1","0","0"
"POINT (6.931605314000024 50.931417523000050)","Unfall 158725 (2021) Kat:3, Licht: 0","158725","3","3","5","2","9","5","","0","1","1","0","0"
"POINT (6.947594482000056 50.936975787000051)","Unfall 158726 (2021) Kat:3, Licht: 0","158726","3","7","6","5","15","1","","0","1","0","1","0"
"POINT (6.905140787000050 50.958749991000047)","Unfall 158727 (2021) Kat:3, Licht: 0","158727","3","2","5","6","15","4","","0","0","1","0","0"
"POINT (6.920258870000055 50.913456520000068)","Unfall 158728 (2021) Kat:2, Licht: 0","158728","2","1","0","10","15","7","","0","1","0","0","0"
"POINT (6.900706091000075 51.021768473000066)","Unfall 158729 (2021) Kat:3, Licht: 1","158729","3","3","5","10","7","2","","1","1","1","0","0"
"POINT (6.924393100000032 50.917696052000053)","Unfall 158730 (2021) Kat:3, Licht: 0","158730","3","2","3","2","9","5","","0","1","1","0","0"
"POINT (6.934829803000071 50.933013826000035)","Unfall 158731 (2021) Kat:2, Licht: 1","158731","2","7","6","11","17","7","","1","0","1","1","0"
"POINT (6.884907108000050 50.977271649000045)","Unfall 158732 (2021) Kat:2, Licht: 0","158732","2","2","5","6","7","6","","0","1","1","0","0"
"POINT (6.909643061000054 50.919448763000048)","Unfall 158735 (2021) Kat:3, Licht: 0","158735","3","6","0","9","8","5","","0","0","1","0","0"
"POINT (6.943945728000074 50.972154036000063)","Unfall 158736 (2021) Kat:3, Licht: 0","158736","3","2","6","6","8","4","","0","0","1","1","0"
"POINT (6.930489573000045 50.925523793000082)","Unfall 158739 (2021) Kat:3, Licht: 0","158739","3","7","0","11","11","1","","0","1","0","0","0"
"POINT (6.939432649000025 50.964345515000048)","Unfall 158741 (2021) Kat:3, Licht: 0","158741","3","7","6","4","17","6","","0","0","1","1","0"
"POINT (6.890854889000025 50.970574682000063)","Unfall 158745 (2021) Kat:2, Licht: 0","158745","2","2","4","12","12","2","","0","1","1","0","0"
"POINT (6.944436248000045 50.943941367000036)","Unfall 158749 (2021) Kat:2, Licht: 2","158749","2","7","1","3","18","7","","2","1","1","0","0"
"POINT (6.904092043000048 50.957704428000056)","Unfall 158750 (2021) Kat:2, Licht: 0","158750","2","2","0","3","14","4","","0","1","1","0","0"
"POINT (6.930046956000069 50.949702287000036)","Unfall 158752 (2021) Kat:3, Licht: 0","158752","3","3","5","9","16","4","","0","0","1","0","0"
"POINT (6.917548867000050 50.988362292000033)","Unfall 158753 (2021) Kat:3, Licht: 0","158753","3","1","0","5","17","4","","0","0","0","0","0"
"POINT (6.932514661000027 50.926891707000038)","Unfall 158757 (2021) Kat:3, Licht: 2","158757","3","1","0","6","0","2","","2","0","0","0","0"
"POINT (6.888375370000063 50.969231295000043)","Unfall 158758 (2021) Kat:3, Licht: 2","158758","3","4","0","3","21","7","","2","0","1","1","0"
"POINT (6.949743546000036 50.918952905000026)","Unfall 158759 (2021) Kat:2, Licht: 0","158759","2","3","5","4","11","6","","0","1","1","0","0"
"POINT (6.905420855000045 50.959444834000067)","Unfall 158760 (2021) Kat:3, Licht: 2","158760","3","2","2","11","17","5","","2","0","1","0","0"
"POINT (6.922247453000068 50.976375098000062)","Unfall 158761 (2021) Kat:3, Licht: 0","158761","3","3","0","6","6","2","","0","1","0","0","0"
"POINT (6.914686607000021 50.969475069000055)","Unfall 158764 (2021) Kat:3, Licht: 0","158764","3","5","5","5","9","4","","0","1","1","0","0"
"POINT (6.937728591000052 50.957583864000071)","Unfall 158765 (2021) Kat:2, Licht: 2","158765","2","6","3","5","23","1","","2","0","0","0","0"
"POINT (6.911033212000063 50.950301831000047)","Unfall 158767 (2021) Kat:3, Licht: 0","158767","3","6","6","11","10","3","","0","0","1","0","0"
"POINT (6.940982059000021 50.914532054000063)","Unfall 158768 (2021) Kat:3, Licht: 0","158768","3","1","0","10","16","2","","0","1","0","0","0"
"POINT (6.948583729000063 50.993214289000036)","Unfall 158770 (2021) Kat:3, Licht: 2","158770","3","7","9","12","23","7","","2","0","1","0","0"
"POINT (6.918041829000060 50.942877967000072)","Unfall 158771 (2021) Kat:2, Licht: 2","158771","2","1","1","5","23","1","","2","0","1","0","0"
"POINT (6.892325237000023 50.956291168000064)","Unfall 158776 (2021) Kat:3, Licht: 0","158776","3","6","6","2","16","7","","0","1","0","1","0"
"POINT (6.907854470000075 50.946294257000034)","Unfall 158778 (2021) Kat:3, Licht: 2","158778","3","7","0","5","3","7","","2","1","0","0","0"
"POINT (6.944441740000059 50.955732781000052)","Unfall 158780 (2021) Kat:3, Licht: 0","158780","3","6","3","6","9","2","","0","1","1","0","0"
"POINT (6.928402068000025 50.924490484000046)","Unfall 158781 (2021) Kat:3, Licht: 1","158781","3","5","1","3","19","4","","1","1","1","0","0"
"POINT (6.916950328000041 50.981775141000071)","Unfall 158782 (2021) Kat:3, Licht: 0","158782","3","4","0","2","8","5","","0","0","1","1","0"
"POINT (6.940153647000045 51.025333116000070)","Unfall 158783 (2021) Kat:3, Licht: 0","158783","3","6","0","9","15","4","","0","0","0","0","1"
"POINT (6.934641242000055 50.938002844000039)","Unfall 158786 (2021) Kat:3, Licht: 0","158786","3","5","1","6","15","1","","0","1","1","0","0"
"POINT (6.948791701000061 50.937668811000037)","Unfall 158788 (2021) Kat:3, Licht: 0","158788","3","4","6","12","12","5","","0","1","0","1","0"
"POINT (6.921574225000029 50.918195578000052)","Unfall 158789 (2021) Kat:3, Licht: 0","158789","3","7","0","5","12","4","","0","1","0","0","0"
"POINT (6.926676809000071 50.942675199000064)","Unfall 158792 (2021) Kat:3, Licht: 0","158792","3","7","6","11","13","3","","0","0","0","1","0"
"POINT (6.913958383000022 50.996272318000081)","Unfall 158793 (2021) Kat:3, Licht: 2","158793","3","3","5","11","20","5","","2","0","1","0","0"
"POINT (6.938144342000044 50.946658848000027)","Unfall 158794 (2021) Kat:3, Licht: 0","158794","3","6","2","12","11","3","","0","0","1","0","0"
"POINT (6.941628972000046 50.916962980000051)","Unfall 158795 (2021) Kat:3, Licht: 0","158795","3","2","3","9","12","4","","0","0","1","0","0"
"POINT (6.933420410000053 50.994016485000031)","Unfall 158796 (2021) Kat:3, Licht: 0","158796","3","2","0","9","17","7","","0","1","1","0","0"
"POINT (6.955401715000050 50.951102451000054)","Unfall 158799 (2021) Kat:3, Licht: 0","158799","3","5","3","12","11","2","","0","0","1","0","1"
"POINT (7.005310689000055 50.944474880000030)","Unfall 158800 (2021) Kat:3, Licht: 0","158800","3","4","0","9","13","5","","0","0","1","1","0"
"POINT (6.959463266000057 50.922110599000064)","Unfall 158808 (2021) Kat:3, Licht: 0","158808","3","1","0","12","14","6","","0","0","0","0","0"
"POINT (6.975893194000037 50.901496119000058)","Unfall 158809 (2021) Kat:3, Licht: 0","158809","3","3","0","9","13","3","","0","1","1","0","0"
"POINT (6.951264596000044 50.962070814000072)","Unfall 158810 (2021) Kat:3, Licht: 0","158810","3","5","3","3","10","4","","0","1","1","0","0"
"POINT (6.954482804000065 50.948238792000041)","Unfall 158812 (2021) Kat:3, Licht: 0","158812","3","4","6","4","19","3","","0","1","0","1","0"
"POINT (6.970555771000022 50.963846687000057)","Unfall 158814 (2021) Kat:3, Licht: 0","158814","3","3","4","2","17","1","","0","1","1","0","0"
"POINT (6.959442856000067 50.933632452000040)","Unfall 158818 (2021) Kat:3, Licht: 0","158818","3","6","3","9","17","5","","0","0","1","0","0"
"POINT (6.968708234000076 50.900671084000066)","Unfall 158821 (2021) Kat:3, Licht: 2","158821","3","3","5","11","17","3","","2","1","1","0","0"
"POINT (6.981168214000036 50.915264207000064)","Unfall 158826 (2021) Kat:2, Licht: 2","158826","2","1","0","9","22","1","","2","1","0","0","0"
"POINT (7.003909975000056 50.977120765000052)","Unfall 158827 (2021) Kat:3, Licht: 0","158827","3","3","5","9","10","6","","0","1","1","0","0"
"POINT (6.957043779000060 50.930031965000069)","Unfall 158828 (2021) Kat:3, Licht: 2","158828","3","3","5","11","18","5","","2","1","1","0","0"
"POINT (6.973865405000026 50.944905474000052)","Unfall 158830 (2021) Kat:3, Licht: 2","158830","3","1","0","12","7","3","","2","0","0","0","1"
"POINT (7.010913230000028 50.866540448000080)","Unfall 158831 (2021) Kat:3, Licht: 0","158831","3","6","4","9","15","1","","0","1","1","0","0"
"POINT (6.966884665000066 50.894955724000056)","Unfall 158832 (2021) Kat:3, Licht: 0","158832","3","6","2","10","16","3","","0","0","1","0","0"
"POINT (7.003281896000033 50.921914539000056)","Unfall 158838 (2021) Kat:3, Licht: 0","158838","3","3","1","6","17","6","","0","0","1","0","0"
"POINT (6.955272129000036 50.972632007000072)","Unfall 158839 (2021) Kat:3, Licht: 0","158839","3","3","5","6","8","6","","0","1","1","0","0"
"POINT (7.005659205000029 50.956419627000059)","Unfall 158840 (2021) Kat:3, Licht: 0","158840","3","7","0","9","13","2","","0","0","0","0","1"
"POINT (6.962235703000033 50.934979618000057)","Unfall 158845 (2021) Kat:3, Licht: 0","158845","3","2","5","9","12","2","","0","0","0","0","1"
"POINT (7.001321460000042 50.950190357000054)","Unfall 158850 (2021) Kat:3, Licht: 0","158850","3","6","1","11","15","2","","0","0","1","0","0"
"POINT (6.953846128000066 50.917161179000061)","Unfall 158851 (2021) Kat:3, Licht: 0","158851","3","5","1","9","18","4","","0","0","1","0","0"
"POINT (6.982606743000076 50.997238868000068)","Unfall 158853 (2021) Kat:3, Licht: 0","158853","3","3","6","12","12","3","","0","0","1","1","0"
"POINT (6.958969587000070 50.923182337000071)","Unfall 158856 (2021) Kat:3, Licht: 0","158856","3","3","5","3","12","2","","0","1","1","0","0"
"POINT (6.995327033000024 50.893521292000059)","Unfall 158857 (2021) Kat:3, Licht: 0","158857","3","2","2","11","10","1","","0","0","1","0","0"
"POINT (6.975699034000058 50.963842127000078)","Unfall 158858 (2021) Kat:3, Licht: 1","158858","3","6","4","1","16","2","","1","1","0","0","0"
"POINT (6.969262007000054 50.974376131000042)","Unfall 158859 (2021) Kat:3, Licht: 2","158859","3","2","3","1","3","5","","2","1","1","0","0"
"POINT (6.968526048000058 50.912727051000047)","Unfall 158860 (2021) Kat:3, Licht: 0","158860","3","1","0","1","14","2","","0","1","0","0","0"
"POINT (7.000645989000020 50.936669570000049)","Unfall 158861 (2021) Kat:3, Licht: 2","158861","3","1","0","11","22","5","","2","0","0","0","0"
"POINT (6.953015526000058 50.961049595000077)","Unfall 158862 (2021) Kat:3, Licht: 0","158862","3","2","2","10","10","4","","0","0","1","0","0"
"POINT (6.960355824000032 50.990784113000075)","Unfall 158864 (2021) Kat:2, Licht: 0","158864","2","5","8","6","11","2","","0","0","1","1","0"
"POINT (6.981297953000023 50.903258924000056)","Unfall 158865 (2021) Kat:3, Licht: 2","158865","3","7","6","11","20","4","","2","1","0","1","0"
"POINT (7.007830047000027 50.940520069000058)","Unfall 158866 (2021) Kat:2, Licht: 2","158866","2","1","0","6","1","3","","2","0","0","0","0"
"POINT (6.968991312000071 50.939960903000042)","Unfall 158873 (2021) Kat:3, Licht: 0","158873","3","3","5","3","15","2","","0","1","1","0","0"
"POINT (6.961121967000054 50.936356415000034)","Unfall 158877 (2021) Kat:3, Licht: 0","158877","3","1","0","7","13","2","","0","1","0","0","0"
"POINT (7.003673686000070 50.950689772000032)","Unfall 158879 (2021) Kat:3, Licht: 0","158879","3","2","3","3","11","7","","0","0","1","0","0"
"POINT (6.957364442000028 50.920607972000028)","Unfall 158880 (2021) Kat:3, Licht: 0","158880","3","2","3","7","11","2","","0","1","0","0","0"
"POINT (6.998820885000043 50.946951297000055)","Unfall 158881 (2021) Kat:3, Licht: 2","158881","3","7","8","11","23","5","","2","1","0","0","0"
"POINT (6.973445279000032 50.939914622000060)","Unfall 158882 (2021) Kat:2, Licht: 0","158882","2","2","5","9","19","4","","0","1","1","0","0"
"POINT (7.011045403000026 50.868069936000040)","Unfall 158883 (2021) Kat:3, Licht: 0","158883","3","7","5","5","15","3","","0","1","0","0","0"
"POINT (6.967808121000076 50.981997323000030)","Unfall 158884 (2021) Kat:3, Licht: 2","158884","3","1","9","1","22","6","","2","0","1","0","0"
"POINT (6.998768676000054 50.920064649000039)","Unfall 158885 (2021) Kat:3, Licht: 0","158885","3","3","5","5","19","7","","0","0","1","0","0"
"POINT (6.960518290000039 50.976897723000036)","Unfall 158888 (2021) Kat:3, Licht: 0","158888","3","1","0","7","13","4","","0","0","0","0","0"
"POINT (6.955824369000027 50.951678948000051)","Unfall 158892 (2021) Kat:3, Licht: 2","158892","3","7","0","10","21","5","","2","1","0","0","0"
"POINT (7.010718847000021 50.891640618000054)","Unfall 158894 (2021) Kat:3, Licht: 0","158894","3","1","0","2","17","3","","0","1","0","0","0"
"POINT (6.965753361000054 50.912011918000076)","Unfall 158895 (2021) Kat:3, Licht: 0","158895","3","1","0","12","14","2","","0","1","0","0","0"
"POINT (6.996810892000042 50.891560776000063)","Unfall 158896 (2021) Kat:3, Licht: 0","158896","3","3","0","3","10","4","","0","0","1","0","0"
"POINT (6.962529607000022 50.924505078000038)","Unfall 158899 (2021) Kat:3, Licht: 0","158899","3","3","0","10","12","7","","0","1","0","0","0"
"POINT (6.960008348000031 50.919687562000036)","Unfall 158900 (2021) Kat:3, Licht: 0","158900","3","7","0","6","17","5","","0","1","0","0","0"
"POINT (6.996472280000035 50.891838454000037)","Unfall 158901 (2021) Kat:3, Licht: 0","158901","3","7","0","1","10","4","","0","0","1","0","0"
"POINT (6.976116176000062 50.972582610000075)","Unfall 158902 (2021) Kat:3, Licht: 2","158902","3","1","9","9","6","7","","2","0","1","0","0"
"POINT (6.962591086000032 50.917341096000030)","Unfall 158903 (2021) Kat:3, Licht: 0","158903","3","6","4","11","14","2","","0","0","1","0","1"
"POINT (6.950644767000028 50.918521138000074)","Unfall 158904 (2021) Kat:3, Licht: 0","158904","3","7","5","4","9","2","","0","1","0","0","0"
"POINT (7.000789858000076 50.936122567000041)","Unfall 158905 (2021) Kat:3, Licht: 0","158905","3","6","2","6","16","3","","0","0","1","0","0"
"POINT (6.953789005000033 50.925847549000082)","Unfall 158906 (2021) Kat:3, Licht: 2","158906","3","2","5","12","6","5","","2","1","1","0","0"
"POINT (7.007669264000072 50.934171612000057)","Unfall 158907 (2021) Kat:3, Licht: 0","158907","3","2","0","6","14","6","","0","1","0","0","0"
"POINT (7.004752817000053 50.864461282000036)","Unfall 158909 (2021) Kat:3, Licht: 0","158909","3","7","0","5","14","1","","0","1","1","0","0"
"POINT (6.957671843000071 50.946099454000034)","Unfall 158910 (2021) Kat:3, Licht: 2","158910","3","1","0","10","19","5","","2","1","0","0","0"
"POINT (6.952884546000064 50.941551288000028)","Unfall 158916 (2021) Kat:3, Licht: 0","158916","3","7","1","1","10","3","","0","0","1","0","0"
"POINT (6.978208925000047 50.966654286000050)","Unfall 158920 (2021) Kat:2, Licht: 2","158920","2","1","0","11","20","6","","2","0","0","0","0"
"POINT (7.003868777000037 50.930222829000058)","Unfall 158921 (2021) Kat:3, Licht: 0","158921","3","3","5","10","16","4","","0","0","1","0","0"
"POINT (6.955744473000038 50.929201271000068)","Unfall 158922 (2021) Kat:3, Licht: 1","158922","3","6","2","12","17","5","","1","0","1","0","0"
"POINT (6.967601973000058 50.962907847000054)","Unfall 158925 (2021) Kat:3, Licht: 0","158925","3","6","1","5","18","7","","0","0","1","0","0"
"POINT (6.999338024000053 50.964217338000026)","Unfall 158926 (2021) Kat:3, Licht: 2","158926","3","4","0","2","19","6","","2","0","1","1","0"
"POINT (6.959757146000072 50.974134036000066)","Unfall 158930 (2021) Kat:3, Licht: 0","158930","3","7","1","2","11","2","","0","0","1","0","1"
"POINT (7.002640364000058 50.959765656000059)","Unfall 158933 (2021) Kat:3, Licht: 0","158933","3","2","5","9","14","7","","0","1","1","0","0"
"POINT (6.954556910000065 50.919567062000056)","Unfall 158934 (2021) Kat:2, Licht: 2","158934","2","1","0","10","23","3","","2","0","0","0","1"
"POINT (7.005515834000050 50.951139522000062)","Unfall 158935 (2021) Kat:3, Licht: 0","158935","3","3","0","4","15","3","","0","1","1","0","0"
"POINT (6.965430007000066 50.974243252000065)","Unfall 158937 (2021) Kat:3, Licht: 0","158937","3","2","5","12","14","6","","0","1","0","0","0"
"POINT (6.992950939000025 50.998113581000041)","Unfall 158940 (2021) Kat:2, Licht: 2","158940","2","1","1","10","0","5","","2","0","0","0","0"
"POINT (6.966693059000022 50.982554402000062)","Unfall 158943 (2021) Kat:3, Licht: 2","158943","3","6","2","1","22","7","","2","0","1","0","0"
"POINT (6.991298923000045 50.955978695000056)","Unfall 158946 (2021) Kat:3, Licht: 0","158946","3","1","9","12","15","5","","0","0","0","0","0"
"POINT (6.960032632000036 50.919601370000066)","Unfall 158947 (2021) Kat:3, Licht: 0","158947","3","5","1","1","14","6","","0","1","1","0","0"
"POINT (6.978161780000050 50.969999656000027)","Unfall 158948 (2021) Kat:3, Licht: 2","158948","3","6","1","11","19","5","","2","0","1","0","0"
"POINT (7.002747807000048 50.960216435000063)","Unfall 158950 (2021) Kat:2, Licht: 0","158950","2","4","6","9","15","3","","0","0","0","1","0"
"POINT (6.956381465000050 50.950850648000028)","Unfall 158951 (2021) Kat:2, Licht: 0","158951","2","7","6","5","14","6","","0","0","1","1","0"
"POINT (7.005251593000025 50.940978099000063)","Unfall 158958 (2021) Kat:3, Licht: 0","158958","3","4","6","6","7","3","","0","0","1","1","0"
"POINT (6.958754167000052 50.963417244000027)","Unfall 158959 (2021) Kat:3, Licht: 2","158959","3","1","0","10","19","1","","2","0","0","0","0"
"POINT (6.997577486000068 50.935071887000049)","Unfall 158960 (2021) Kat:3, Licht: 0","158960","3","1","0","5","11","3","","0","1","0","0","0"
"POINT (6.962759273000074 50.910031766000031)","Unfall 158962 (2021) Kat:3, Licht: 0","158962","3","6","6","4","15","4","","0","1","0","1","0"
"POINT (6.950837840000077 50.969160876000046)","Unfall 158963 (2021) Kat:3, Licht: 0","158963","3","3","5","6","15","5","","0","1","0","0","0"
"POINT (6.955099518000054 50.930461586000035)","Unfall 158965 (2021) Kat:3, Licht: 0","158965","3","6","2","7","17","3","","0","0","1","0","0"
"POINT (6.980124348000061 51.001245460000064)","Unfall 158968 (2021) Kat:3, Licht: 2","158968","3","3","5","12","18","7","","2","0","1","0","1"
"POINT (7.005134633000068 50.951002566000057)","Unfall 158969 (2021) Kat:3, Licht: 1","158969","3","4","6","11","15","2","","1","1","0","1","0"
"POINT (6.994842069000072 50.916509961000031)","Unfall 158971 (2021) Kat:3, Licht: 0","158971","3","7","0","11","8","1","","0","0","0","0","0"
"POINT (6.975662665000073 50.867336958000067)","Unfall 158972 (2021) Kat:3, Licht: 0","158972","3","5","1","3","12","2","","0","0","1","0","1"
"POINT (6.968578017000027 50.979288162000046)","Unfall 158973 (2021) Kat:2, Licht: 0","158973","2","3","5","10","17","1","","0","1","1","0","0"
"POINT (6.952783680000039 50.909546685000066)","Unfall 158975 (2021) Kat:3, Licht: 0","158975","3","7","0","3","18","7","","0","1","0","1","0"
"POINT (6.978720334000059 50.937048001000051)","Unfall 158979 (2021) Kat:3, Licht: 0","158979","3","6","4","11","13","5","","0","1","0","0","0"
"POINT (6.955742206000025 50.932588577000047)","Unfall 158981 (2021) Kat:3, Licht: 1","158981","3","6","1","4","20","3","","1","1","1","0","0"
"POINT (7.005670665000025 50.968747683000061)","Unfall 158982 (2021) Kat:3, Licht: 0","158982","3","6","2","4","12","7","","0","0","1","0","0"
"POINT (6.971433841000021 50.910065851000070)","Unfall 158983 (2021) Kat:3, Licht: 0","158983","3","3","5","10","17","3","","0","1","1","0","0"
"POINT (6.966137022000055 50.984177529000078)","Unfall 158984 (2021) Kat:3, Licht: 0","158984","3","7","6","4","7","3","","0","0","1","1","0"
"POINT (6.998799977000033 50.920064261000050)","Unfall 158985 (2021) Kat:3, Licht: 1","158985","3","3","5","11","17","4","","1","0","1","0","1"
"POINT (6.986005435000038 50.952846275000070)","Unfall 158986 (2021) Kat:3, Licht: 0","158986","3","6","0","2","15","1","","0","1","0","1","0"
"POINT (6.963635395000040 50.907158033000030)","Unfall 158988 (2021) Kat:3, Licht: 0","158988","3","2","5","6","8","4","","0","1","0","0","0"
"POINT (6.952108267000028 50.924834958000076)","Unfall 158991 (2021) Kat:2, Licht: 0","158991","2","1","8","10","12","7","","0","0","0","0","0"
"POINT (7.001623246000065 50.945679472000052)","Unfall 158992 (2021) Kat:3, Licht: 0","158992","3","2","5","9","11","1","","0","0","1","0","0"
"POINT (6.989271223000060 50.969433281000079)","Unfall 158997 (2021) Kat:2, Licht: 0","158997","2","1","0","3","14","3","","0","1","0","0","0"
"POINT (6.996035783000025 50.935315076000052)","Unfall 159000 (2021) Kat:3, Licht: 0","159000","3","1","0","10","11","1","","0","0","0","0","0"
"POINT (7.000422331000038 50.962004750000062)","Unfall 159004 (2021) Kat:3, Licht: 0","159004","3","1","1","1","9","4","","0","0","1","0","1"
"POINT (6.952927892000048 50.974605577000034)","Unfall 159005 (2021) Kat:3, Licht: 0","159005","3","1","0","6","15","1","","0","1","0","0","0"
"POINT (6.961723566000046 50.914491132000080)","Unfall 159007 (2021) Kat:3, Licht: 0","159007","3","6","2","9","16","4","","0","1","1","0","0"
"POINT (6.957109189000050 50.907492217000026)","Unfall 159010 (2021) Kat:3, Licht: 0","159010","3","4","0","5","12","3","","0","1","0","1","0"
"POINT (6.992180100000041 50.928777425000078)","Unfall 159011 (2021) Kat:3, Licht: 0","159011","3","3","5","11","10","3","","0","1","1","0","0"
"POINT (6.958869294000067 50.967403760000082)","Unfall 159015 (2021) Kat:3, Licht: 0","159015","3","3","5","3","18","4","","0","1","1","0","0"
"POINT (6.995370565000030 50.949337267000033)","Unfall 159016 (2021) Kat:3, Licht: 0","159016","3","1","0","9","9","3","","0","1","0","0","0"
"POINT (6.968497761000037 50.905612001000065)","Unfall 159018 (2021) Kat:3, Licht: 0","159018","3","3","5","12","13","2","","0","1","1","0","0"
"POINT (6.961342138000020 50.941907551000043)","Unfall 159019 (2021) Kat:3, Licht: 0","159019","3","3","0","9","8","3","","0","1","0","0","1"
"POINT (6.961735035000061 50.914516931000037)","Unfall 159024 (2021) Kat:3, Licht: 0","159024","3","3","5","5","14","4","","0","1","0","0","0"
"POINT (6.960273276000066 50.918793024000081)","Unfall 159034 (2021) Kat:3, Licht: 2","159034","3","5","0","12","17","3","","2","1","1","0","0"
"POINT (6.977612528000066 50.948251158000062)","Unfall 159035 (2021) Kat:3, Licht: 2","159035","3","1","0","1","21","6","","2","0","1","0","0"
"POINT (6.956626254000071 50.947379704000070)","Unfall 159037 (2021) Kat:3, Licht: 2","159037","3","5","1","11","3","6","","2","0","1","0","1"
"POINT (6.963081764000037 50.908937710000032)","Unfall 159045 (2021) Kat:3, Licht: 0","159045","3","3","5","6","11","4","","0","0","1","0","0"