WKT,Name,OBJECTID,UKATEGORIE,UTYP1,UART,UMONAT,USTUNDE,UWOCHENTAG,STRZUSTAND,ULICHTVERH,ISTRAD,ISTPKW,ISTFUSS,ISTKRAD
"POINT (6.959959404000074 50.919868081000061)","Unfall 159046 (2021) Kat:3, Licht: 2","159046","3","1","7","12","0","1","","2","1","0","0","0"
"POINT (6.951016194000033 50.966533250000055)","Unfall 159048 (2021) Kat:3, Licht: 0","159048","3","1","0","6","15","7","","0","1","0","0","0"
"POINT (6.954441110000062 50.938205742000036)","Unfall 159050 (2021) Kat:3, Licht: 0","159050","3","5","1","6","16","2","","0","0","1","0","0"
"POINT (6.999831104000066 50.928454655000053)","Unfall 159060 (2021) Kat:3, Licht: 2","159060","3","7","3","6","23","4","","2","0","1","0","0"
"POINT (6.953400001000034 50.948882551000054)","Unfall 159061 (2021) Kat:3, Licht: 0","159061","3","5","3","6","13","6","","0","0","1","0","0"
"POINT (7.007111185000042 50.886038890000066)","Unfall 159062 (2021) Kat:3, Licht: 0","159062","3","7","1","4","16","7","","0","0","1","0","1"
"POINT (6.962024034000024 50.920819710000046)","Unfall 159063 (2021) Kat:2, Licht: 0","159063","2","2","6","5","16","2","","0","1","0","1","0"
"POINT (7.003712263000068 50.877238719000047)","Unfall 159065 (2021) Kat:3, Licht: 1","159065","3","2","5","10","7","6","","1","1","1","0","0"
"POINT (6.958051514000033 50.926527875000033)","Unfall 159066 (2021) Kat:3, Licht: 0","159066","3","3","5","4","11","3","","0","1","1","0","0"
"POINT (6.994605618000037 50.945886362000067)","Unfall 159067 (2021) Kat:3, Licht: 0","159067","3","1","9","7","6","3","","0","0","0","0","1"
"POINT (6.973421393000024 50.941517738000073)","Unfall 159068 (2021) Kat:3, Licht: 0","159068","3","6","0","2","13","1","","0","0","1","0","1"
"POINT (6.972233229000040 50.956941442000073)","Unfall 159069 (2021) Kat:3, Licht: 0","159069","3","3","5","2","17","3","","0","0","1","0","0"
"POINT (6.979089331000068 50.968024138000033)","Unfall 159074 (2021) Kat:3, Licht: 0","159074","3","3","0","3","16","7","","0","1","0","0","0"
"POINT (6.952232949000063 50.936431350000078)","Unfall 159075 (2021) Kat:3, Licht: 0","159075","3","3","0","10","15","6","","0","0","0","1","0"
"POINT (6.956699084000036 50.948093241000038)","Unfall 159077 (2021) Kat:3, Licht: 0","159077","3","4","6","11","10","2","","0","0","0","1","0"
"POINT (7.006209717000047 50.923163187000057)","Unfall 159078 (2021) Kat:3, Licht: 0","159078","3","3","5","6","20","6","","0","0","1","0","0"
"POINT (7.010369643000047 50.955778344000066)","Unfall 159079 (2021) Kat:2, Licht: 0","159079","2","7","0","11","8","6","","0","1","0","0","0"
"POINT (7.010949372000027 50.972202830000072)","Unfall 159086 (2021) Kat:3, Licht: 0","159086","3","6","4","11","8","3","","0","0","1","0","0"
"POINT (6.960373393000054 50.979524251000043)","Unfall 159090 (2021) Kat:3, Licht: 0","159090","3","1","0","6","21","6","","0","0","0","0","0"
"POINT (7.002716096000029 50.923478175000071)","Unfall 159092 (2021) Kat:3, Licht: 1","159092","3","3","5","9","6","4","","1","1","0","0","0"
"POINT (6.955850515000066 50.942411340000035)","Unfall 159093 (2021) Kat:3, Licht: 0","159093","3","3","0","11","11","6","","0","1","0","0","0"
"POINT (7.008979729000032 50.878704385000049)","Unfall 159095 (2021) Kat:2, Licht: 0","159095","2","7","0","1","12","7","","0","0","1","0","0"
"POINT (6.990836527000056 50.955338755000071)","Unfall 159099 (2021) Kat:3, Licht: 2","159099","3","6","3","10","18","3","","2","1","1","0","0"
"POINT (6.962662090000038 50.910349912000072)","Unfall 159100 (2021) Kat:3, Licht: 0","159100","3","1","0","1","13","5","","0","1","1","1","0"
"POINT (6.959818287000076 50.916502173000026)","Unfall 159101 (2021) Kat:3, Licht: 2","159101","3","2","5","11","20","7","","2","0","1","0","0"
"POINT (6.997243755000056 50.891265473000033)","Unfall 159102 (2021) Kat:2, Licht: 2","159102","2","7","0","9","0","1","","2","0","0","0","0"
"POINT (6.977156084000057 50.932884821000073)","Unfall 159103 (2021) Kat:3, Licht: 0","159103","3","3","5","10","8","6","","0","1","1","0","0"
"POINT (7.001426895000066 50.943490101000066)","Unfall 159105 (2021) Kat:3, Licht: 0","159105","3","2","5","6","21","2","","0","1","1","0","0"
"POINT (6.983659457000044 50.912738351000030)","Unfall 159108 (2021) Kat:3, Licht: 2","159108","3","6","4","9","22","6","","2","1","1","0","0"
"POINT (6.989511594000021 50.985370055000033)","Unfall 159109 (2021) Kat:3, Licht: 0","159109","3","7","6","12","14","3","","0","0","1","1","0"
"POINT (6.959210344000041 50.949319713000079)","Unfall 159111 (2021) Kat:3, Licht: 2","159111","3","1","0","10","3","3","","2","0","0","0","0"
"POINT (6.974748271000067 50.968626270000073)","Unfall 159113 (2021) Kat:3, Licht: 0","159113","3","6","1","12","8","4","","0","0","1","0","1"
"POINT (6.968929804000027 50.969837227000028)","Unfall 159114 (2021) Kat:3, Licht: 0","159114","3","6","2","6","16","2","","0","0","1","0","0"
"POINT (6.998649593000039 50.986133353000071)","Unfall 159126 (2021) Kat:2, Licht: 2","159126","2","2","6","10","19","6","","2","0","1","1","0"
"POINT (6.978382034000049 50.969523139000046)","Unfall 159130 (2021) Kat:3, Licht: 0","159130","3","2","0","5","18","4","","0","1","1","0","0"
"POINT (6.952448813000046 50.965045142000065)","Unfall 159131 (2021) Kat:2, Licht: 0","159131","2","1","0","5","12","6","","0","1","0","0","0"
"POINT (6.956357906000051 50.949256181000067)","Unfall 159133 (2021) Kat:3, Licht: 2","159133","3","1","8","11","18","6","","2","1","0","0","0"
"POINT (7.005837970000073 50.959852975000047)","Unfall 159134 (2021) Kat:3, Licht: 0","159134","3","7","6","3","8","6","","0","0","1","1","0"
"POINT (7.009391136000033 50.966038469000068)","Unfall 159135 (2021) Kat:3, Licht: 2","159135","3","2","0","11","20","5","","2","1","1","0","0"
"POINT (6.964977066000074 50.893603001000031)","Unfall 159136 (2021) Kat:3, Licht: 0","159136","3","5","0","12","12","7","","0","1","1","0","0"
"POINT (6.958632192000039 50.924498696000057)","Unfall 159140 (2021) Kat:3, Licht: 0","159140","3","2","4","5","15","7","","0","1","1","0","0"
"POINT (6.962608263000050 50.910526123000068)","Unfall 159143 (2021) Kat:3, Licht: 0","159143","3","2","0","6","15","6","","0","0","1","0","0"
"POINT (6.951596458000040 51.030408495000074)","Unfall 159144 (2021) Kat:2, Licht: 0","159144","2","7","2","5","7","2","","0","1","1","0","0"
"POINT (7.001614158000052 50.947474823000050)","Unfall 159145 (2021) Kat:2, Licht: 0","159145","2","7","0","7","19","4","","0","0","1","0","1"
"POINT (6.968118631000038 50.981696585000066)","Unfall 159153 (2021) Kat:3, Licht: 0","159153","3","5","1","10","15","6","","0","0","1","0","0"
"POINT (6.962539389000028 50.910744655000030)","Unfall 159154 (2021) Kat:3, Licht: 0","159154","3","7","7","5","14","6","","0","0","0","0","1"
"POINT (6.959766585000068 50.940368785000032)","Unfall 159155 (2021) Kat:3, Licht: 0","159155","3","1","8","6","19","7","","0","1","0","0","0"
"POINT (6.976761911000040 50.937141134000058)","Unfall 159157 (2021) Kat:3, Licht: 0","159157","3","5","9","6","10","2","","0","0","1","0","1"
"POINT (6.962481541000045 50.910964751000051)","Unfall 159158 (2021) Kat:2, Licht: 2","159158","2","4","6","1","20","4","","2","0","1","1","0"
"POINT (6.950945117000060 50.942565655000067)","Unfall 159159 (2021) Kat:2, Licht: 0","159159","2","7","0","12","17","5","","0","0","0","0","1"
"POINT (7.001154117000056 50.939649589000055)","Unfall 159160 (2021) Kat:3, Licht: 0","159160","3","5","0","5","11","7","","0","1","1","0","0"
"POINT (6.969388809000066 50.938515795000058)","Unfall 159163 (2021) Kat:3, Licht: 0","159163","3","6","4","7","20","2","","0","1","0","0","0"
"POINT (6.982804713000064 50.920171289000052)","Unfall 159165 (2021) Kat:3, Licht: 0","159165","3","4","0","5","19","3","","0","0","1","1","0"
"POINT (6.958031901000027 50.905272142000058)","Unfall 159168 (2021) Kat:2, Licht: 0","159168","2","6","6","6","17","4","","0","1","0","1","0"
"POINT (6.995215216000076 50.952016674000049)","Unfall 159169 (2021) Kat:3, Licht: 0","159169","3","4","6","5","13","4","","0","0","1","1","0"
"POINT (6.975241061000077 50.936815756000044)","Unfall 159170 (2021) Kat:3, Licht: 0","159170","3","1","0","6","13","3","","0","0","0","0","0"
"POINT (6.952957492000053 50.924568021000027)","Unfall 159173 (2021) Kat:3, Licht: 0","159173","3","3","5","9","16","3","","0","1","1","0","0"
"POINT (7.007146167000030 50.966633840000043)","Unfall 159174 (2021) Kat:3, Licht: 0","159174","3","3","5","6","15","5","","0","0","1","0","0"
"POINT (6.957346681000047 50.928815690000079)","Unfall 159178 (2021) Kat:3, Licht: 0","159178","3","4","0","5","18","2","","0","1","0","1","0"
"POINT (6.967941292000035 50.961590210000054)","Unfall 159182 (2021) Kat:3, Licht: 0","159182","3","7","0","6","17","7","","0","0","1","0","0"
"POINT (6.959885938000070 50.975261250000074)","Unfall 159186 (2021) Kat:3, Licht: 0","159186","3","7","0","10","14","6","","0","1","1","0","0"
"POINT (6.952775247000034 50.931015097000056)","Unfall 159188 (2021) Kat:3, Licht: 0","159188","3","6","2","6","12","2","","0","1","1","0","0"
"POINT (7.002657223000028 50.971582448000049)","Unfall 159189 (2021) Kat:3, Licht: 0","159189","3","4","6","11","15","6","","0","1","0","1","0"
"POINT (6.956227323000064 50.917184048000081)","Unfall 159190 (2021) Kat:3, Licht: 0","159190","3","1","0","2","9","5","","0","1","0","0","0"
"POINT (7.005535904000055 50.892075316000046)","Unfall 159191 (2021) Kat:3, Licht: 0","159191","3","3","0","4","14","6","","0","1","0","0","0"
"POINT (7.010643673000061 50.941000722000069)","Unfall 159192 (2021) Kat:3, Licht: 0","159192","3","4","6","12","10","7","","0","0","0","1","0"
"POINT (6.989308592000043 50.951765885000043)","Unfall 159195 (2021) Kat:3, Licht: 0","159195","3","3","5","10","17","6","","0","0","1","0","0"
"POINT (6.959146378000071 50.948417011000060)","Unfall 159198 (2021) Kat:3, Licht: 2","159198","3","2","6","12","17","5","","2","0","1","1","0"
"POINT (6.961357558000032 50.915008659000080)","Unfall 159206 (2021) Kat:2, Licht: 2","159206","2","1","0","9","2","7","","2","1","0","0","0"
"POINT (7.004287426000076 50.953660079000031)","Unfall 159209 (2021) Kat:3, Licht: 0","159209","3","1","0","12","11","3","","0","1","0","0","0"
"POINT (6.957105627000033 50.945770919000040)","Unfall 159210 (2021) Kat:3, Licht: 0","159210","3","1","0","12","13","2","","0","0","0","0","1"
"POINT (6.973191705000033 50.940144171000043)","Unfall 159212 (2021) Kat:3, Licht: 0","159212","3","6","3","6","15","2","","0","1","0","0","0"
"POINT (6.969262007000054 50.974376131000042)","Unfall 159213 (2021) Kat:3, Licht: 1","159213","3","2","4","9","19","7","","1","0","1","0","0"
"POINT (7.000514892000069 50.928822569000033)","Unfall 159215 (2021) Kat:2, Licht: 0","159215","2","7","3","10","17","4","","0","0","1","0","1"
"POINT (6.960728731000074 50.911177596000073)","Unfall 159218 (2021) Kat:3, Licht: 2","159218","3","7","0","1","20","5","","2","0","1","0","0"
"POINT (6.978382034000049 50.969523139000046)","Unfall 159219 (2021) Kat:3, Licht: 0","159219","3","2","5","5","15","2","","0","1","1","0","0"
"POINT (6.955554678000055 50.927431130000059)","Unfall 159221 (2021) Kat:2, Licht: 2","159221","2","7","0","12","18","5","","2","0","1","0","0"
"POINT (7.005936757000029 50.959690132000048)","Unfall 159222 (2021) Kat:3, Licht: 0","159222","3","2","4","11","9","3","","0","1","1","0","0"
"POINT (6.998903679000023 50.922560398000030)","Unfall 159225 (2021) Kat:3, Licht: 0","159225","3","6","1","12","15","5","","0","0","1","0","0"
"POINT (6.986296078000066 50.868069544000036)","Unfall 159226 (2021) Kat:3, Licht: 0","159226","3","1","0","11","12","2","","0","1","0","0","0"
"POINT (6.991417716000058 50.972152357000027)","Unfall 159227 (2021) Kat:2, Licht: 0","159227","2","1","0","9","18","1","","0","1","0","0","0"
"POINT (7.000620352000055 50.884943208000038)","Unfall 159230 (2021) Kat:2, Licht: 2","159230","2","1","0","6","3","7","","2","0","0","0","0"
"POINT (6.953453725000031 50.944787445000031)","Unfall 159231 (2021) Kat:3, Licht: 0","159231","3","6","2","10","17","3","","0","0","1","0","0"
"POINT (6.987290452000025 50.949442883000074)","Unfall 159232 (2021) Kat:3, Licht: 2","159232","3","1","0","10","18","5","","2","1","1","0","0"
"POINT (7.007056116000058 50.966671158000054)","Unfall 159233 (2021) Kat:3, Licht: 2","159233","3","3","5","11","22","6","","2","0","1","0","0"
"POINT (6.960040872000036 50.976604622000082)","Unfall 159234 (2021) Kat:2, Licht: 0","159234","2","2","5","10","13","3","","0","1","0","0","0"
"POINT (6.979640449000044 50.952569316000051)","Unfall 159235 (2021) Kat:3, Licht: 0","159235","3","7","0","9","10","6","","0","1","0","0","0"
"POINT (7.003428416000077 50.962909230000037)","Unfall 159236 (2021) Kat:3, Licht: 2","159236","3","4","6","10","22","7","","2","0","1","1","0"
"POINT (6.955473121000068 50.947899141000050)","Unfall 159237 (2021) Kat:3, Licht: 0","159237","3","4","6","6","19","3","","0","0","1","1","0"
"POINT (6.992470337000043 50.987502755000037)","Unfall 159238 (2021) Kat:3, Licht: 0","159238","3","7","7","9","7","2","","0","0","1","1","0"
"POINT (6.963596894000034 50.922569596000073)","Unfall 159243 (2021) Kat:3, Licht: 0","159243","3","5","1","4","8","4","","0","1","1","0","0"
"POINT (6.959663763000037 50.973245897000027)","Unfall 159244 (2021) Kat:3, Licht: 0","159244","3","2","5","9","8","6","","0","1","0","0","0"
"POINT (6.976907991000076 50.971693329000061)","Unfall 159245 (2021) Kat:3, Licht: 0","159245","3","3","5","1","13","2","","0","1","1","0","0"
"POINT (6.953773609000052 50.900327435000065)","Unfall 159248 (2021) Kat:3, Licht: 2","159248","3","1","0","9","20","7","","2","1","0","0","0"
"POINT (6.989369548000070 50.936027492000051)","Unfall 159253 (2021) Kat:3, Licht: 0","159253","3","3","5","3","15","4","","0","0","1","0","1"
"POINT (6.972782446000053 50.852301306000072)","Unfall 159254 (2021) Kat:3, Licht: 0","159254","3","7","4","6","12","6","","0","1","1","0","0"
"POINT (7.004808370000035 50.951658907000080)","Unfall 159255 (2021) Kat:2, Licht: 0","159255","2","1","0","10","14","5","","0","0","1","0","0"
"POINT (6.995696422000037 50.957273119000035)","Unfall 159257 (2021) Kat:3, Licht: 0","159257","3","6","3","9","10","6","","0","0","0","0","0"
"POINT (6.974641572000053 50.964726911000071)","Unfall 159258 (2021) Kat:3, Licht: 0","159258","3","5","0","9","8","2","","0","1","1","0","0"
"POINT (6.960923160000050 50.916592299000058)","Unfall 159260 (2021) Kat:3, Licht: 2","159260","3","1","0","6","23","7","","2","0","0","0","0"
"POINT (6.953095446000020 50.939857329000063)","Unfall 159262 (2021) Kat:3, Licht: 0","159262","3","6","1","9","15","6","","0","0","1","0","0"
"POINT (6.961376729000051 50.946046395000053)","Unfall 159264 (2021) Kat:2, Licht: 0","159264","2","3","5","10","17","1","","0","1","1","0","0"
"POINT (7.003569925000022 50.892117827000050)","Unfall 159266 (2021) Kat:3, Licht: 2","159266","3","5","1","9","20","7","","2","1","1","0","0"
"POINT (6.992606595000041 50.996250517000078)","Unfall 159268 (2021) Kat:3, Licht: 0","159268","3","4","6","5","15","2","","0","0","1","1","0"
"POINT (6.973168609000027 50.941442883000036)","Unfall 159269 (2021) Kat:3, Licht: 0","159269","3","7","3","9","17","5","","0","1","0","0","0"
"POINT (6.965745563000041 50.899712332000036)","Unfall 159271 (2021) Kat:3, Licht: 0","159271","3","1","0","6","13","3","","0","0","0","0","0"
"POINT (6.998230492000062 50.982055662000050)","Unfall 159272 (2021) Kat:2, Licht: 1","159272","2","5","1","6","21","4","","1","1","1","0","0"
"POINT (6.960113575000037 50.977224693000039)","Unfall 159275 (2021) Kat:3, Licht: 0","159275","3","1","7","11","13","2","","0","0","1","0","0"
"POINT (6.977767526000036 50.966148883000074)","Unfall 159276 (2021) Kat:2, Licht: 0","159276","2","4","6","6","7","2","","0","1","0","1","0"
"POINT (6.956580882000026 50.947135240000080)","Unfall 159278 (2021) Kat:3, Licht: 0","159278","3","4","0","10","13","6","","0","1","0","1","0"
"POINT (7.005873675000032 50.938949366000031)","Unfall 159279 (2021) Kat:3, Licht: 0","159279","3","1","0","6","15","7","","0","0","0","0","0"
"POINT (6.964671512000052 50.902735479000057)","Unfall 159281 (2021) Kat:3, Licht: 0","159281","3","1","0","10","20","1","","0","1","0","0","0"
"POINT (6.997864334000042 50.887826236000080)","Unfall 159282 (2021) Kat:2, Licht: 0","159282","2","7","5","10","15","7","","0","1","1","0","0"
"POINT (6.992011057000070 50.889315579000026)","Unfall 159284 (2021) Kat:3, Licht: 0","159284","3","7","6","9","15","3","","0","1","0","1","0"
"POINT (6.997687748000033 50.899389147000079)","Unfall 159287 (2021) Kat:2, Licht: 1","159287","2","7","0","5","19","1","","1","1","0","0","0"
"POINT (6.951052936000053 50.966122246000054)","Unfall 159289 (2021) Kat:3, Licht: 0","159289","3","5","0","3","12","2","","0","0","0","0","0"
"POINT (6.954373648000058 50.931130451000058)","Unfall 159291 (2021) Kat:3, Licht: 0","159291","3","6","0","10","17","5","","0","0","1","0","1"
"POINT (6.969002245000070 50.968659976000026)","Unfall 159299 (2021) Kat:3, Licht: 0","159299","3","2","5","5","8","2","","0","0","0","1","0"
"POINT (6.953401461000055 50.933316756000067)","Unfall 159301 (2021) Kat:3, Licht: 2","159301","3","6","1","11","1","1","","2","0","1","0","0"
"POINT (6.951828975000069 50.966506749000075)","Unfall 159303 (2021) Kat:3, Licht: 0","159303","3","3","0","3","19","1","","0","1","1","0","0"
"POINT (6.953713087000040 50.936876820000066)","Unfall 159305 (2021) Kat:3, Licht: 0","159305","3","6","6","10","18","3","","0","0","0","1","0"
"POINT (7.005072166000048 50.956148479000035)","Unfall 159309 (2021) Kat:3, Licht: 0","159309","3","5","1","3","13","2","","0","0","1","0","0"
"POINT (6.959370112000045 50.949315883000054)","Unfall 159310 (2021) Kat:3, Licht: 2","159310","3","1","7","3","19","2","","2","1","0","0","0"
"POINT (6.974999860000025 50.936805104000030)","Unfall 159312 (2021) Kat:3, Licht: 2","159312","3","1","0","3","3","1","","2","0","0","0","0"
"POINT (6.952886344000035 50.941529247000062)","Unfall 159315 (2021) Kat:3, Licht: 0","159315","3","3","5","7","9","6","","0","1","1","0","0"
"POINT (6.957060932000047 50.930033697000056)","Unfall 159320 (2021) Kat:3, Licht: 2","159320","3","7","0","12","23","6","","2","0","0","0","0"
"POINT (6.992933518000029 50.940565609000032)","Unfall 159321 (2021) Kat:3, Licht: 0","159321","3","6","2","9","15","4","","0","0","1","0","0"
"POINT (6.973936249000076 50.936768773000040)","Unfall 159322 (2021) Kat:3, Licht: 0","159322","3","5","3","3","10","7","","0","1","1","0","0"
"POINT (6.960420024000030 50.940383348000069)","Unfall 159327 (2021) Kat:3, Licht: 0","159327","3","1","0","6","16","3","","0","1","0","0","0"
"POINT (6.952344965000066 50.961301050000031)","Unfall 159329 (2021) Kat:3, Licht: 0","159329","3","5","0","1","9","2","","0","1","1","0","0"
"POINT (6.956169382000041 50.936107957000047)","Unfall 159331 (2021) Kat:3, Licht: 0","159331","3","2","4","9","16","7","","0","1","1","0","0"
"POINT (6.964268116000028 50.904685295000036)","Unfall 159334 (2021) Kat:3, Licht: 0","159334","3","5","2","12","11","4","","0","0","1","0","1"
"POINT (6.990364543000055 50.885523713000055)","Unfall 159337 (2021) Kat:3, Licht: 0","159337","3","1","0","6","13","5","","0","1","0","0","0"
"POINT (6.962363799000059 50.922688388000040)","Unfall 159338 (2021) Kat:3, Licht: 0","159338","3","1","0","3","14","1","","0","1","0","0","0"
"POINT (6.959455863000073 50.936238951000064)","Unfall 159339 (2021) Kat:3, Licht: 2","159339","3","5","0","10","0","7","","2","1","1","0","0"
"POINT (7.001144649000025 50.939626533000080)","Unfall 159343 (2021) Kat:3, Licht: 2","159343","3","5","1","1","19","6","","2","1","1","0","0"
"POINT (6.969391131000066 50.973556009000049)","Unfall 159346 (2021) Kat:3, Licht: 0","159346","3","3","5","10","17","3","","0","1","1","0","0"
"POINT (7.005182286000036 50.870227544000045)","Unfall 159349 (2021) Kat:3, Licht: 0","159349","3","2","6","10","15","6","","0","0","1","1","0"
"POINT (6.958229692000032 50.905503133000082)","Unfall 159350 (2021) Kat:3, Licht: 0","159350","3","2","5","12","14","5","","0","1","1","0","0"
"POINT (6.995663462000039 50.930423098000063)","Unfall 159351 (2021) Kat:3, Licht: 0","159351","3","7","0","9","17","2","","0","0","1","0","0"
"POINT (6.999921670000049 50.957496336000077)","Unfall 159354 (2021) Kat:3, Licht: 0","159354","3","5","1","1","12","1","","0","1","1","0","0"
"POINT (6.953143679000050 50.938341087000026)","Unfall 159355 (2021) Kat:3, Licht: 0","159355","3","3","5","3","15","6","","0","0","1","0","0"
"POINT (6.960277243000064 50.936774314000047)","Unfall 159357 (2021) Kat:3, Licht: 2","159357","3","4","6","12","19","4","","2","0","1","1","0"
"POINT (6.981203405000031 50.915227141000059)","Unfall 159358 (2021) Kat:3, Licht: 0","159358","3","2","3","4","16","3","","0","0","1","0","1"
"POINT (7.004155741000034 50.990224131000048)","Unfall 159359 (2021) Kat:3, Licht: 0","159359","3","6","2","5","20","1","","0","0","1","0","0"
"POINT (6.993434644000047 50.939296107000075)","Unfall 159361 (2021) Kat:3, Licht: 0","159361","3","6","2","2","18","4","","0","0","1","0","0"
"POINT (6.973196278000046 50.957262839000066)","Unfall 159362 (2021) Kat:3, Licht: 0","159362","3","7","0","3","15","1","","0","0","0","0","0"
"POINT (6.965831940000044 50.927326364000066)","Unfall 159365 (2021) Kat:2, Licht: 0","159365","2","6","6","3","16","2","","0","1","0","1","0"
"POINT (6.999566873000049 50.964402337000081)","Unfall 159366 (2021) Kat:2, Licht: 0","159366","2","6","0","2","12","1","","0","1","0","0","0"
"POINT (6.986527285000022 50.969720090000067)","Unfall 159367 (2021) Kat:3, Licht: 1","159367","3","6","2","11","17","4","","1","0","1","0","0"
"POINT (6.959667103000072 50.973277418000066)","Unfall 159369 (2021) Kat:3, Licht: 0","159369","3","3","5","11","13","7","","0","0","1","0","0"
"POINT (6.980122945000062 51.001245196000070)","Unfall 159373 (2021) Kat:3, Licht: 2","159373","3","2","6","10","19","1","","2","0","1","1","0"
"POINT (6.956699062000041 50.906008905000078)","Unfall 159375 (2021) Kat:3, Licht: 0","159375","3","3","4","12","8","7","","0","1","0","0","0"
"POINT (6.993295028000034 50.888683314000048)","Unfall 159376 (2021) Kat:3, Licht: 0","159376","3","2","6","11","15","3","","0","0","1","1","0"
"POINT (6.973144292000029 50.974911545000055)","Unfall 159377 (2021) Kat:3, Licht: 0","159377","3","7","3","3","14","7","","0","0","1","0","0"
"POINT (6.998271441000043 50.935506964000069)","Unfall 159380 (2021) Kat:3, Licht: 0","159380","3","1","0","7","18","4","","0","1","0","0","0"
"POINT (6.987590531000023 50.879271706000054)","Unfall 159381 (2021) Kat:3, Licht: 0","159381","3","3","5","5","8","3","","0","1","1","0","0"
"POINT (6.973410322000063 50.941535916000078)","Unfall 159382 (2021) Kat:3, Licht: 0","159382","3","6","4","11","9","3","","0","1","0","0","0"
"POINT (6.960739788000069 50.965135059000033)","Unfall 159383 (2021) Kat:2, Licht: 0","159383","2","1","8","9","10","7","","0","0","0","0","1"
"POINT (7.002998710000043 50.929090796000025)","Unfall 159386 (2021) Kat:3, Licht: 0","159386","3","3","5","3","17","4","","0","0","1","0","0"
"POINT (7.006038575000048 50.948687654000082)","Unfall 159388 (2021) Kat:3, Licht: 2","159388","3","3","5","12","18","6","","2","0","1","0","0"
"POINT (6.990710403000037 50.955319210000027)","Unfall 159393 (2021) Kat:3, Licht: 2","159393","3","1","0","6","0","6","","2","1","0","0","0"
"POINT (6.962591086000032 50.917341096000030)","Unfall 159394 (2021) Kat:3, Licht: 0","159394","3","2","5","9","14","3","","0","1","1","0","0"
"POINT (6.959546806000048 50.972142064000082)","Unfall 159395 (2021) Kat:3, Licht: 0","159395","3","1","0","10","16","1","","0","0","0","0","0"
"POINT (6.951341466000031 50.923151445000030)","Unfall 159399 (2021) Kat:3, Licht: 0","159399","3","7","2","5","13","4","","0","1","1","0","0"
"POINT (7.004439908000052 50.865416326000059)","Unfall 159405 (2021) Kat:3, Licht: 0","159405","3","4","6","7","16","6","","0","0","1","1","0"
"POINT (6.958090319000064 50.936269758000037)","Unfall 159406 (2021) Kat:3, Licht: 0","159406","3","3","5","10","12","2","","0","1","0","0","0"
"POINT (6.994794741000021 50.893371116000026)","Unfall 159407 (2021) Kat:3, Licht: 0","159407","3","3","5","4","16","2","","0","0","1","0","1"
"POINT (6.974102014000039 50.900574868000035)","Unfall 159408 (2021) Kat:3, Licht: 0","159408","3","6","3","4","11","7","","0","1","1","0","0"
"POINT (6.969338224000069 50.913223849000076)","Unfall 159409 (2021) Kat:3, Licht: 0","159409","3","1","8","11","13","2","","0","0","0","0","0"
"POINT (6.968014049000033 50.911239547000037)","Unfall 159410 (2021) Kat:3, Licht: 0","159410","3","3","3","4","14","2","","0","0","1","0","0"
"POINT (6.999750274000064 50.927524994000066)","Unfall 159411 (2021) Kat:3, Licht: 0","159411","3","2","5","7","14","3","","0","0","1","0","0"
"POINT (6.952808271000038 50.949845038000035)","Unfall 159412 (2021) Kat:3, Licht: 0","159412","3","5","0","11","16","5","","0","1","1","0","0"
"POINT (7.007009619000030 50.941939153000078)","Unfall 159413 (2021) Kat:3, Licht: 0","159413","3","6","1","3","8","6","","0","0","1","0","1"
"POINT (7.004134563000036 50.875943486000040)","Unfall 159416 (2021) Kat:3, Licht: 0","159416","3","4","6","11","8","4","","0","0","1","1","0"
"POINT (6.955850515000066 50.942411340000035)","Unfall 159417 (2021) Kat:3, Licht: 0","159417","3","3","5","4","15","7","","0","1","1","0","0"
"POINT (6.986447163000037 50.914393816000029)","Unfall 159423 (2021) Kat:3, Licht: 0","159423","3","1","9","9","17","1","","0","0","0","0","1"
"POINT (6.991533976000028 50.995097819000080)","Unfall 159424 (2021) Kat:3, Licht: 0","159424","3","1","9","3","9","4","","0","1","0","0","0"
"POINT (6.963093262000029 50.964211725000041)","Unfall 159425 (2021) Kat:3, Licht: 0","159425","3","2","4","12","12","5","","0","1","1","0","0"
"POINT (6.959853057000032 50.974221289000070)","Unfall 159426 (2021) Kat:3, Licht: 1","159426","3","2","5","12","16","6","","1","0","1","0","0"
"POINT (6.951923974000067 50.917872571000032)","Unfall 159428 (2021) Kat:2, Licht: 0","159428","2","7","6","1","11","5","","0","0","0","1","0"
"POINT (6.954906271000027 50.972256460000040)","Unfall 159430 (2021) Kat:3, Licht: 0","159430","3","1","0","6","18","2","","0","0","0","0","0"
"POINT (7.005823242000076 50.943761160000065)","Unfall 159431 (2021) Kat:3, Licht: 0","159431","3","6","2","1","15","4","","0","0","1","0","1"
"POINT (7.010490799000024 50.934044642000060)","Unfall 159432 (2021) Kat:3, Licht: 2","159432","3","7","1","12","22","4","","2","0","1","0","0"
"POINT (6.959229068000070 50.951269049000075)","Unfall 159438 (2021) Kat:3, Licht: 0","159438","3","6","1","10","9","6","","0","0","1","0","0"
"POINT (6.994768301000022 50.916385028000036)","Unfall 159439 (2021) Kat:3, Licht: 2","159439","3","1","0","5","21","7","","2","0","0","0","1"