WKT,Name,OBJECTID,UKATEGORIE,UTYP1,UART,UMONAT,USTUNDE,UWOCHENTAG,STRZUSTAND,ULICHTVERH,ISTRAD,ISTPKW,ISTFUSS,ISTKRAD
"POINT (6.974687180000046 50.936791294000045)","Unfall 159440 (2021) Kat:3, Licht: 0","159440","3","4","6","3","14","4","","0","1","0","1","0"
"POINT (6.953373173000045 50.944747692000078)","Unfall 159444 (2021) Kat:3, Licht: 2","159444","3","1","8","11","21","6","","2","0","1","0","0"
"POINT (6.961355693000030 50.925912746000051)","Unfall 159446 (2021) Kat:3, Licht: 0","159446","3","2","3","9","15","2","","0","0","1","0","0"
"POINT (6.956656395000039 50.947754528000075)","Unfall 159449 (2021) Kat:3, Licht: 0","159449","3","6","0","4","14","3","","0","0","1","1","0"
"POINT (7.005733778000035 50.952826102000074)","Unfall 159450 (2021) Kat:2, Licht: 2","159450","2","1","0","3","22","7","","2","1","0","0","0"
"POINT (6.964449908000063 50.904057880000039)","Unfall 159452 (2021) Kat:3, Licht: 0","159452","3","3","5","10","15","7","","0","1","1","0","0"
"POINT (6.962485521000076 50.910939969000026)","Unfall 159455 (2021) Kat:3, Licht: 0","159455","3","2","5","7","10","2","","0","1","1","0","0"
"POINT (6.958962936000034 50.910631735000038)","Unfall 159456 (2021) Kat:3, Licht: 0","159456","3","3","5","6","9","6","","0","1","1","0","0"
"POINT (6.997697060000064 50.899385480000035)","Unfall 159457 (2021) Kat:3, Licht: 0","159457","3","1","0","2","9","4","","0","1","0","0","0"
"POINT (6.962543678000031 50.906447873000047)","Unfall 159459 (2021) Kat:3, Licht: 2","159459","3","6","0","9","20","3","","2","0","0","1","0"
"POINT (7.001390955000034 50.946762254000078)","Unfall 159461 (2021) Kat:3, Licht: 0","159461","3","1","0","10","8","4","","0","1","1","0","0"
"POINT (6.954877821000025 50.910825771000077)","Unfall 159462 (2021) Kat:3, Licht: 0","159462","3","5","1","10","10","7","","0","1","1","0","0"
"POINT (6.961759508000057 50.910801718000073)","Unfall 159464 (2021) Kat:3, Licht: 0","159464","3","2","5","1","14","2","","0","0","1","0","0"
"POINT (6.956877185000053 50.949781517000076)","Unfall 159467 (2021) Kat:3, Licht: 0","159467","3","4","6","1","14","6","","0","1","0","1","0"
"POINT (6.994724302000066 50.940839917000062)","Unfall 159468 (2021) Kat:3, Licht: 1","159468","3","7","1","12","17","3","","1","0","1","1","0"
"POINT (7.000590920000036 50.967404469000030)","Unfall 159471 (2021) Kat:3, Licht: 0","159471","3","1","0","9","15","4","","0","0","0","0","0"
"POINT (6.953146871000058 50.938341037000043)","Unfall 159472 (2021) Kat:3, Licht: 0","159472","3","3","5","5","12","3","","0","0","1","0","0"
"POINT (6.986685389000058 50.923025623000058)","Unfall 159473 (2021) Kat:3, Licht: 0","159473","3","7","5","2","16","4","","0","1","1","0","0"
"POINT (6.960108122000065 50.919341367000072)","Unfall 159475 (2021) Kat:3, Licht: 0","159475","3","5","1","7","8","4","","0","1","1","0","0"
"POINT (7.003637681000043 50.939200771000060)","Unfall 159477 (2021) Kat:3, Licht: 0","159477","3","3","5","12","13","7","","0","0","1","0","0"
"POINT (6.966455607000057 50.978763723000043)","Unfall 159480 (2021) Kat:3, Licht: 0","159480","3","5","2","10","8","6","","0","1","1","0","0"
"POINT (6.998902167000040 50.922494138000047)","Unfall 159481 (2021) Kat:3, Licht: 0","159481","3","2","2","11","12","6","","0","0","1","0","0"
"POINT (6.963474616000042 50.907515213000067)","Unfall 159484 (2021) Kat:3, Licht: 1","159484","3","5","1","1","7","2","","1","0","1","0","0"
"POINT (6.951947489000077 50.945103878000054)","Unfall 159487 (2021) Kat:3, Licht: 0","159487","3","3","6","12","10","5","","0","0","1","1","0"
"POINT (7.001254811000024 50.933774811000035)","Unfall 159488 (2021) Kat:3, Licht: 2","159488","3","7","2","3","0","5","","2","0","1","0","0"
"POINT (6.987892943000077 50.889266278000036)","Unfall 159492 (2021) Kat:3, Licht: 1","159492","3","4","6","10","18","6","","1","1","0","1","0"
"POINT (7.005039851000049 50.951528511000049)","Unfall 159493 (2021) Kat:3, Licht: 0","159493","3","5","1","7","19","4","","0","1","1","0","0"
"POINT (6.958997434000025 50.968406509000033)","Unfall 159494 (2021) Kat:3, Licht: 0","159494","3","6","1","6","9","6","","0","0","1","0","0"
"POINT (6.996170644000074 50.959817810000061)","Unfall 159495 (2021) Kat:3, Licht: 0","159495","3","1","5","3","15","5","","0","1","0","0","0"
"POINT (7.000018765000050 50.888875352000071)","Unfall 159499 (2021) Kat:3, Licht: 2","159499","3","3","5","12","21","6","","2","0","1","0","0"
"POINT (6.963995722000050 50.927596193000056)","Unfall 159503 (2021) Kat:2, Licht: 2","159503","2","6","0","6","0","1","","2","1","0","0","0"
"POINT (7.003817179000066 50.955583014000069)","Unfall 159506 (2021) Kat:3, Licht: 0","159506","3","3","5","6","14","6","","0","1","1","0","0"
"POINT (6.957126305000031 50.945769441000039)","Unfall 159507 (2021) Kat:3, Licht: 0","159507","3","3","5","10","12","1","","0","0","1","0","0"
"POINT (6.992469614000072 50.895123396000031)","Unfall 159508 (2021) Kat:3, Licht: 0","159508","3","4","6","9","18","7","","0","0","1","1","0"
"POINT (6.973445321000042 50.939916671000049)","Unfall 159509 (2021) Kat:2, Licht: 1","159509","2","2","5","4","20","1","","1","0","1","0","1"
"POINT (6.998951125000076 50.929333004000057)","Unfall 159512 (2021) Kat:3, Licht: 1","159512","3","5","1","11","15","6","","1","0","1","0","0"
"POINT (6.956204456000023 50.909290608000049)","Unfall 159517 (2021) Kat:3, Licht: 2","159517","3","1","8","10","0","7","","2","1","0","0","0"
"POINT (6.980552637000073 50.967731907000029)","Unfall 159519 (2021) Kat:3, Licht: 0","159519","3","5","1","5","13","1","","0","1","1","0","0"
"POINT (6.956735457000036 50.945579532000068)","Unfall 159521 (2021) Kat:3, Licht: 1","159521","3","6","1","10","17","3","","1","0","1","0","0"
"POINT (6.993332925000061 50.892088051000030)","Unfall 159522 (2021) Kat:3, Licht: 0","159522","3","1","0","5","15","6","","0","1","0","0","0"
"POINT (6.973303334000036 50.983368161000044)","Unfall 159523 (2021) Kat:3, Licht: 2","159523","3","4","6","3","20","4","","2","1","0","1","0"
"POINT (6.966884354000058 50.894957023000075)","Unfall 159524 (2021) Kat:2, Licht: 0","159524","2","1","0","10","10","5","","0","0","1","0","0"
"POINT (6.960351444000025 50.918349190000072)","Unfall 159528 (2021) Kat:3, Licht: 0","159528","3","1","0","9","14","6","","0","1","0","0","0"
"POINT (6.956287703000044 50.941526899000053)","Unfall 159531 (2021) Kat:2, Licht: 0","159531","2","1","0","11","14","3","","0","0","0","0","0"
"POINT (7.006455369000037 50.966871673000071)","Unfall 159532 (2021) Kat:3, Licht: 0","159532","3","2","0","11","9","5","","0","0","1","0","0"
"POINT (6.964445178000062 50.904074205000029)","Unfall 159534 (2021) Kat:3, Licht: 0","159534","3","6","0","9","14","7","","0","1","0","0","0"
"POINT (6.959618946000035 50.941635839000071)","Unfall 159539 (2021) Kat:3, Licht: 2","159539","3","7","0","10","21","6","","2","0","0","0","0"
"POINT (6.977582720000044 50.969329803000051)","Unfall 159540 (2021) Kat:3, Licht: 0","159540","3","5","1","12","9","4","","0","1","1","0","0"
"POINT (6.950790850000033 50.900422209000055)","Unfall 159541 (2021) Kat:2, Licht: 0","159541","2","4","0","10","16","3","","0","0","1","1","0"
"POINT (6.954467941000075 50.901154342000041)","Unfall 159543 (2021) Kat:3, Licht: 0","159543","3","5","5","10","16","3","","0","0","1","0","0"
"POINT (6.988437069000042 50.915713224000058)","Unfall 159546 (2021) Kat:2, Licht: 2","159546","2","1","0","12","17","5","","2","0","0","0","1"
"POINT (7.005213393000076 50.870234508000067)","Unfall 159547 (2021) Kat:3, Licht: 0","159547","3","7","0","9","9","7","","0","0","0","0","1"
"POINT (6.969031898000026 50.968659055000046)","Unfall 159551 (2021) Kat:3, Licht: 0","159551","3","3","5","9","12","1","","0","1","1","0","0"
"POINT (7.000247419000061 50.949892439000052)","Unfall 159552 (2021) Kat:3, Licht: 0","159552","3","6","6","11","10","4","","0","1","0","1","0"
"POINT (6.953350967000063 50.960597068000027)","Unfall 159553 (2021) Kat:3, Licht: 0","159553","3","5","0","3","14","6","","0","1","1","0","0"
"POINT (7.007061831000044 50.966668871000081)","Unfall 159554 (2021) Kat:3, Licht: 2","159554","3","3","5","6","22","3","","2","1","1","0","0"
"POINT (6.961156712000047 50.986313804000076)","Unfall 159555 (2021) Kat:3, Licht: 0","159555","3","3","5","10","16","3","","0","1","1","0","0"
"POINT (7.003730784000027 50.955355354000062)","Unfall 159558 (2021) Kat:2, Licht: 2","159558","2","1","0","1","21","7","","2","0","1","0","0"
"POINT (6.956813846000045 50.974166242000081)","Unfall 159559 (2021) Kat:3, Licht: 0","159559","3","2","2","9","17","2","","0","1","0","0","1"
"POINT (6.973834200000056 50.940277426000080)","Unfall 159561 (2021) Kat:3, Licht: 0","159561","3","2","5","10","12","5","","0","1","1","0","0"
"POINT (6.967877235000060 50.912791537000032)","Unfall 159562 (2021) Kat:3, Licht: 0","159562","3","1","0","9","17","5","","0","1","0","0","0"
"POINT (6.987021689000073 51.000975763000042)","Unfall 159564 (2021) Kat:3, Licht: 0","159564","3","7","0","10","12","5","","0","0","1","1","0"
"POINT (6.960334782000075 50.918588808000038)","Unfall 159565 (2021) Kat:3, Licht: 0","159565","3","2","0","4","14","3","","0","0","1","0","0"
"POINT (7.003288012000041 50.950597801000072)","Unfall 159568 (2021) Kat:3, Licht: 2","159568","3","1","0","11","21","2","","2","1","0","0","0"
"POINT (6.955649215000051 51.024686000000031)","Unfall 159569 (2021) Kat:3, Licht: 0","159569","3","3","1","1","11","4","","0","1","1","0","0"
"POINT (6.964431759000036 50.904120515000045)","Unfall 159572 (2021) Kat:3, Licht: 0","159572","3","3","5","9","16","2","","0","0","1","0","0"
"POINT (6.997247988000026 50.918552161000036)","Unfall 159573 (2021) Kat:3, Licht: 0","159573","3","3","5","4","19","3","","0","0","1","0","0"
"POINT (6.959782001000065 50.974220941000056)","Unfall 159576 (2021) Kat:3, Licht: 0","159576","3","2","6","1","7","5","","0","0","1","1","0"
"POINT (6.951995817000068 50.922744808000061)","Unfall 159579 (2021) Kat:3, Licht: 0","159579","3","2","5","10","16","4","","0","1","1","0","0"
"POINT (6.953691504000062 50.960399857000027)","Unfall 159581 (2021) Kat:3, Licht: 0","159581","3","1","9","5","17","7","","0","1","1","0","0"
"POINT (7.008066527000040 50.970127153000078)","Unfall 159582 (2021) Kat:3, Licht: 0","159582","3","6","2","11","15","5","","0","0","0","0","0"
"POINT (6.983550182000045 50.999498515000028)","Unfall 159584 (2021) Kat:3, Licht: 0","159584","3","7","6","10","13","6","","0","0","0","1","0"
"POINT (6.989069920000077 50.888162998000041)","Unfall 159585 (2021) Kat:3, Licht: 0","159585","3","2","6","5","8","3","","0","0","1","1","0"
"POINT (6.962533280000059 50.918853202000037)","Unfall 159591 (2021) Kat:2, Licht: 0","159591","2","1","0","12","8","3","","0","1","1","0","0"
"POINT (6.959798036000052 50.974221019000026)","Unfall 159592 (2021) Kat:2, Licht: 0","159592","2","2","4","4","18","1","","0","0","1","0","1"
"POINT (6.976768040000024 50.901604765000059)","Unfall 159594 (2021) Kat:3, Licht: 0","159594","3","3","5","6","15","2","","0","1","0","0","0"
"POINT (6.951040651000028 50.975074297000049)","Unfall 159595 (2021) Kat:3, Licht: 0","159595","3","6","2","12","12","5","","0","0","1","0","0"
"POINT (6.954218946000026 50.936491931000035)","Unfall 159597 (2021) Kat:3, Licht: 0","159597","3","6","4","5","20","1","","0","0","0","0","0"
"POINT (6.989775124000062 50.895083144000068)","Unfall 159600 (2021) Kat:3, Licht: 0","159600","3","7","3","11","8","2","","0","1","1","0","0"
"POINT (7.004861526000070 50.963192262000064)","Unfall 159602 (2021) Kat:3, Licht: 0","159602","3","6","2","1","14","6","","0","0","1","0","1"
"POINT (6.968909741000061 50.969173790000070)","Unfall 159606 (2021) Kat:3, Licht: 2","159606","3","1","9","10","6","1","","2","0","1","0","0"
"POINT (7.000481846000071 50.963878746000034)","Unfall 159607 (2021) Kat:3, Licht: 0","159607","3","4","0","2","15","3","","0","0","1","1","0"
"POINT (6.953357305000054 50.925091882000061)","Unfall 159608 (2021) Kat:3, Licht: 2","159608","3","6","3","7","0","2","","2","1","1","0","0"
"POINT (6.961710025000059 50.914475416000073)","Unfall 159610 (2021) Kat:3, Licht: 2","159610","3","3","5","1","7","3","","2","1","1","0","0"
"POINT (6.972539561000076 50.978901240000027)","Unfall 159612 (2021) Kat:3, Licht: 0","159612","3","1","0","10","9","7","","0","0","0","0","0"
"POINT (6.993415456000037 50.914339257000051)","Unfall 159615 (2021) Kat:3, Licht: 0","159615","3","7","8","6","9","1","","0","0","1","0","0"
"POINT (6.967086624000046 50.900488409000047)","Unfall 159617 (2021) Kat:3, Licht: 0","159617","3","3","5","9","9","6","","0","1","1","0","0"
"POINT (6.987620601000060 50.949830951000081)","Unfall 159619 (2021) Kat:3, Licht: 0","159619","3","1","0","9","8","3","","0","0","0","0","0"
"POINT (6.973196257000041 50.930657142000030)","Unfall 159620 (2021) Kat:2, Licht: 0","159620","2","7","4","4","15","5","","0","1","0","0","0"
"POINT (6.960520289000044 50.917943425000033)","Unfall 159621 (2021) Kat:3, Licht: 0","159621","3","6","4","10","15","6","","0","0","1","0","0"
"POINT (6.952659692000054 50.943864527000073)","Unfall 159623 (2021) Kat:3, Licht: 0","159623","3","6","0","1","15","2","","0","0","1","0","0"
"POINT (6.955618590000029 50.863474584000073)","Unfall 159625 (2021) Kat:3, Licht: 0","159625","3","3","5","9","17","2","","0","1","1","0","0"
"POINT (7.006175513000073 50.948419804000082)","Unfall 159626 (2021) Kat:3, Licht: 2","159626","3","6","0","5","21","3","","2","0","1","0","0"
"POINT (6.965605053000047 50.972146073000033)","Unfall 159628 (2021) Kat:3, Licht: 0","159628","3","5","1","6","7","6","","0","1","1","0","0"
"POINT (6.997926344000064 50.857402576000027)","Unfall 159629 (2021) Kat:3, Licht: 0","159629","3","6","4","4","12","7","","0","0","1","0","0"
"POINT (6.984238954000034 50.943577769000058)","Unfall 159630 (2021) Kat:3, Licht: 0","159630","3","3","5","6","18","4","","0","0","0","0","1"
"POINT (6.989166366000063 50.968049284000074)","Unfall 159631 (2021) Kat:3, Licht: 0","159631","3","1","0","6","18","3","","0","1","0","0","0"
"POINT (6.962481213000046 50.910966794000046)","Unfall 159632 (2021) Kat:3, Licht: 0","159632","3","2","5","4","13","6","","0","0","1","0","0"
"POINT (6.997516974000064 50.929799851000041)","Unfall 159634 (2021) Kat:3, Licht: 0","159634","3","4","6","6","13","6","","0","0","1","1","0"
"POINT (6.951935271000025 50.917866848000074)","Unfall 159636 (2021) Kat:3, Licht: 2","159636","3","3","5","11","19","7","","2","1","0","0","0"
"POINT (7.001238301000058 50.864290788000062)","Unfall 159637 (2021) Kat:3, Licht: 0","159637","3","6","3","5","16","2","","0","1","1","0","0"
"POINT (6.953796425000064 50.919785469000033)","Unfall 159638 (2021) Kat:2, Licht: 2","159638","2","1","0","5","22","1","","2","0","0","0","0"
"POINT (7.005140607000044 50.870234306000043)","Unfall 159643 (2021) Kat:3, Licht: 0","159643","3","6","2","6","13","4","","0","0","1","0","0"
"POINT (6.957825348000028 50.927233734000026)","Unfall 159644 (2021) Kat:2, Licht: 2","159644","2","1","1","6","22","1","","2","0","1","0","0"
"POINT (6.968596031000061 50.977848781000034)","Unfall 159647 (2021) Kat:3, Licht: 0","159647","3","3","4","10","14","3","","0","1","1","0","0"
"POINT (6.953057192000074 50.937848691000056)","Unfall 159649 (2021) Kat:3, Licht: 0","159649","3","6","3","4","15","5","","0","0","1","0","1"
"POINT (6.963770452000063 50.966966205000062)","Unfall 159652 (2021) Kat:3, Licht: 0","159652","3","5","1","6","16","6","","0","1","1","0","0"
"POINT (6.960079227000051 50.976931802000081)","Unfall 159653 (2021) Kat:3, Licht: 0","159653","3","2","0","12","10","6","","0","0","1","0","1"
"POINT (7.003458176000038 50.962966024000082)","Unfall 159655 (2021) Kat:3, Licht: 0","159655","3","7","4","2","16","4","","0","0","0","0","1"
"POINT (6.993474174000028 50.939195963000031)","Unfall 159657 (2021) Kat:3, Licht: 0","159657","3","6","2","5","19","7","","0","0","1","0","0"
"POINT (7.005176324000047 50.870226210000055)","Unfall 159660 (2021) Kat:3, Licht: 0","159660","3","6","1","5","15","3","","0","0","1","0","0"
"POINT (6.958599351000032 50.924527391000026)","Unfall 159661 (2021) Kat:3, Licht: 0","159661","3","6","4","6","8","5","","0","1","0","0","0"
"POINT (6.995257213000059 50.939297113000066)","Unfall 159662 (2021) Kat:3, Licht: 0","159662","3","3","5","11","14","3","","0","0","1","0","0"
"POINT (6.968501576000051 50.979687105000039)","Unfall 159664 (2021) Kat:3, Licht: 0","159664","3","6","2","12","13","3","","0","0","1","0","0"
"POINT (6.960127222000040 51.002498656000057)","Unfall 159668 (2021) Kat:2, Licht: 0","159668","2","1","0","7","19","6","","0","1","0","0","0"
"POINT (6.957726076000029 50.910641116000079)","Unfall 159671 (2021) Kat:3, Licht: 0","159671","3","3","5","9","13","7","","0","1","0","0","0"
"POINT (6.966058495000027 50.917157131000067)","Unfall 159674 (2021) Kat:2, Licht: 0","159674","2","6","3","4","16","5","","0","1","0","0","0"
"POINT (6.999464807000038 50.937084802000072)","Unfall 159675 (2021) Kat:3, Licht: 0","159675","3","5","1","10","18","7","","0","0","1","0","0"
"POINT (6.959960541000044 50.951781189000030)","Unfall 159678 (2021) Kat:3, Licht: 0","159678","3","5","1","10","13","4","","0","1","1","0","0"
"POINT (7.005282593000061 50.946255199000063)","Unfall 159689 (2021) Kat:3, Licht: 0","159689","3","6","2","5","20","1","","0","0","1","0","0"
"POINT (6.958377069000051 50.925400245000048)","Unfall 159690 (2021) Kat:3, Licht: 0","159690","3","6","4","11","16","6","","0","1","0","0","0"
"POINT (6.962815716000023 50.923822088000065)","Unfall 159693 (2021) Kat:3, Licht: 0","159693","3","5","1","10","16","6","","0","0","1","0","0"
"POINT (7.001300320000041 50.940005586000041)","Unfall 159695 (2021) Kat:3, Licht: 0","159695","3","5","0","12","10","2","","0","1","1","0","0"
"POINT (6.955007410000064 50.926986597000052)","Unfall 159696 (2021) Kat:3, Licht: 2","159696","3","6","1","11","17","5","","2","0","1","0","0"
"POINT (6.960968576000027 50.908707506000042)","Unfall 159698 (2021) Kat:3, Licht: 0","159698","3","2","5","12","15","1","","0","1","1","0","0"
"POINT (7.003479140000024 50.955620255000042)","Unfall 159701 (2021) Kat:3, Licht: 0","159701","3","4","6","11","9","3","","0","0","1","1","0"
"POINT (6.957594224000047 50.928010392000033)","Unfall 159702 (2021) Kat:3, Licht: 0","159702","3","5","4","2","15","6","","0","1","0","0","0"
"POINT (6.994094712000049 50.937591690000033)","Unfall 159703 (2021) Kat:3, Licht: 0","159703","3","1","0","6","15","3","","0","0","0","0","0"
"POINT (6.968403958000067 50.955671528000039)","Unfall 159705 (2021) Kat:3, Licht: 0","159705","3","2","2","5","9","3","","0","0","1","0","0"
"POINT (7.000561452000056 50.938202150000052)","Unfall 159706 (2021) Kat:3, Licht: 0","159706","3","7","6","6","15","1","","0","0","1","1","0"
"POINT (7.006580526000050 50.868007311000042)","Unfall 159708 (2021) Kat:3, Licht: 0","159708","3","3","5","6","10","5","","0","1","1","0","0"
"POINT (6.959985759000062 50.942690795000033)","Unfall 159709 (2021) Kat:3, Licht: 0","159709","3","7","4","6","10","2","","0","1","1","0","0"
"POINT (6.978470820000041 50.969568101000050)","Unfall 159710 (2021) Kat:3, Licht: 0","159710","3","3","5","9","14","7","","0","1","1","0","0"
"POINT (6.955675220000046 50.973033497000074)","Unfall 159712 (2021) Kat:3, Licht: 1","159712","3","4","6","11","16","4","","1","0","1","1","0"
"POINT (7.009543631000042 50.945416302000069)","Unfall 159714 (2021) Kat:3, Licht: 0","159714","3","7","0","10","16","2","","0","0","0","1","0"
"POINT (6.998270880000064 50.890382830000078)","Unfall 159716 (2021) Kat:3, Licht: 0","159716","3","6","2","5","13","7","","0","0","1","0","0"
"POINT (6.986194422000040 50.990803749000065)","Unfall 159717 (2021) Kat:3, Licht: 0","159717","3","7","1","3","13","3","","0","0","1","0","0"
"POINT (6.963229213000034 50.953549908000070)","Unfall 159719 (2021) Kat:3, Licht: 0","159719","3","3","5","4","17","4","","0","1","1","0","0"
"POINT (6.959511276000057 50.971809240000027)","Unfall 159720 (2021) Kat:3, Licht: 0","159720","3","6","4","5","14","4","","0","0","1","0","0"
"POINT (6.976214620000064 50.874215336000077)","Unfall 159721 (2021) Kat:3, Licht: 2","159721","3","1","7","12","20","3","","2","0","1","0","0"
"POINT (7.001040612000054 50.939373204000049)","Unfall 159723 (2021) Kat:3, Licht: 2","159723","3","3","5","11","20","3","","2","0","1","0","0"
"POINT (6.984551917000033 50.917673987000057)","Unfall 159726 (2021) Kat:3, Licht: 0","159726","3","3","5","9","15","6","","0","1","1","0","0"
"POINT (6.959342007000032 50.931497590000049)","Unfall 159729 (2021) Kat:3, Licht: 0","159729","3","5","4","5","7","4","","0","1","1","0","0"
"POINT (6.963428495000073 50.886966327000039)","Unfall 159734 (2021) Kat:3, Licht: 0","159734","3","1","8","10","16","3","","0","0","0","0","1"
"POINT (6.950782102000062 50.969154898000056)","Unfall 159737 (2021) Kat:3, Licht: 0","159737","3","1","0","10","17","3","","0","1","0","0","0"
"POINT (6.954083850000075 50.962970675000065)","Unfall 159739 (2021) Kat:2, Licht: 0","159739","2","7","0","12","10","1","","0","1","0","1","0"
"POINT (6.989576558000067 50.921236979000071)","Unfall 159744 (2021) Kat:3, Licht: 1","159744","3","3","5","11","16","4","","1","1","1","0","0"
"POINT (6.958254532000069 50.961165026000060)","Unfall 159746 (2021) Kat:3, Licht: 2","159746","3","2","6","12","18","3","","2","0","1","1","0"
"POINT (6.995089872000051 50.941129683000042)","Unfall 159747 (2021) Kat:3, Licht: 0","159747","3","5","1","12","12","6","","0","1","1","0","0"
"POINT (6.961026012000048 50.974227040000073)","Unfall 159750 (2021) Kat:3, Licht: 0","159750","3","1","0","4","10","3","","0","1","0","0","0"
"POINT (7.001048341000057 50.935282858000051)","Unfall 159751 (2021) Kat:3, Licht: 0","159751","3","2","5","9","17","6","","0","1","1","0","0"
"POINT (6.953092334000075 50.970399091000047)","Unfall 159752 (2021) Kat:3, Licht: 0","159752","3","3","5","3","7","6","","0","1","1","0","0"
"POINT (7.007937188000028 50.966298127000073)","Unfall 159753 (2021) Kat:3, Licht: 0","159753","3","6","3","9","16","1","","0","0","1","0","0"
"POINT (6.961317204000068 50.954458179000028)","Unfall 159754 (2021) Kat:3, Licht: 0","159754","3","2","5","12","15","5","","0","1","1","0","0"
"POINT (6.957252461000053 50.929116142000055)","Unfall 159758 (2021) Kat:3, Licht: 0","159758","3","6","3","9","16","5","","0","0","1","0","0"
"POINT (6.978397501000074 50.969527250000056)","Unfall 159766 (2021) Kat:3, Licht: 0","159766","3","2","4","5","12","6","","0","1","1","0","0"
"POINT (6.956000935000077 50.942545383000038)","Unfall 159768 (2021) Kat:3, Licht: 0","159768","3","3","5","11","14","3","","0","1","1","0","0"
"POINT (6.998029925000026 50.935390730000051)","Unfall 159772 (2021) Kat:3, Licht: 0","159772","3","4","0","6","16","2","","0","1","0","1","0"
"POINT (6.959819985000024 50.974688083000046)","Unfall 159776 (2021) Kat:3, Licht: 0","159776","3","5","3","6","19","5","","0","1","1","0","0"
"POINT (6.977498049000076 50.970901689000073)","Unfall 159777 (2021) Kat:3, Licht: 0","159777","3","6","2","9","7","6","","0","0","1","0","0"
"POINT (7.001640561000045 50.886477495000065)","Unfall 159779 (2021) Kat:3, Licht: 0","159779","3","6","6","11","16","4","","0","1","1","1","0"
"POINT (6.954370443000073 50.917100738000045)","Unfall 159780 (2021) Kat:3, Licht: 0","159780","3","2","0","9","18","4","","0","0","1","0","0"
"POINT (7.008433507000063 50.942725132000078)","Unfall 159781 (2021) Kat:3, Licht: 0","159781","3","3","5","6","15","5","","0","0","0","0","0"
"POINT (6.995880078000027 50.949230933000081)","Unfall 159786 (2021) Kat:3, Licht: 2","159786","3","7","0","9","0","6","","2","0","0","0","0"
"POINT (6.968001847000039 50.955376642000033)","Unfall 159788 (2021) Kat:3, Licht: 1","159788","3","1","0","6","5","6","","1","0","0","0","0"
"POINT (7.000236582000070 50.959108245000039)","Unfall 159789 (2021) Kat:3, Licht: 0","159789","3","1","0","9","11","5","","0","0","0","0","0"
"POINT (6.953405293000060 50.950471480000033)","Unfall 159790 (2021) Kat:3, Licht: 2","159790","3","7","0","6","1","7","","2","1","0","0","0"
"POINT (7.006768238000063 50.947379323000064)","Unfall 159791 (2021) Kat:3, Licht: 0","159791","3","1","0","12","7","5","","0","1","0","0","0"
"POINT (6.961297018000039 50.941246575000037)","Unfall 159792 (2021) Kat:3, Licht: 0","159792","3","2","4","5","19","1","","0","0","1","0","0"
"POINT (6.958005884000045 50.926670675000082)","Unfall 159795 (2021) Kat:3, Licht: 2","159795","3","6","3","2","18","7","","2","1","0","0","0"
"POINT (6.994478358000038 50.928388705000032)","Unfall 159796 (2021) Kat:2, Licht: 2","159796","2","1","0","1","18","2","","2","1","0","0","0"
"POINT (6.987761087000024 50.949996081000052)","Unfall 159800 (2021) Kat:3, Licht: 0","159800","3","5","1","6","9","4","","0","0","1","0","0"
"POINT (6.973101879000069 50.935196443000052)","Unfall 159801 (2021) Kat:3, Licht: 0","159801","3","5","0","10","9","5","","0","1","1","0","0"
"POINT (6.961002197000028 50.977173090000065)","Unfall 159804 (2021) Kat:3, Licht: 0","159804","3","3","5","7","18","2","","0","1","1","0","0"
"POINT (6.952863262000051 50.941494659000057)","Unfall 159806 (2021) Kat:3, Licht: 2","159806","3","1","9","9","22","3","","2","0","1","0","0"
"POINT (6.961434623000059 50.914747467000041)","Unfall 159808 (2021) Kat:2, Licht: 1","159808","2","2","3","12","16","3","","1","1","1","0","0"
"POINT (6.956758786000023 50.903817785000058)","Unfall 159811 (2021) Kat:3, Licht: 0","159811","3","6","3","2","11","6","","0","1","0","0","0"
"POINT (6.992077002000030 50.889480624000043)","Unfall 159812 (2021) Kat:3, Licht: 0","159812","3","4","6","4","16","5","","0","1","0","1","0"
"POINT (6.979487278000022 50.967198513000028)","Unfall 159818 (2021) Kat:2, Licht: 0","159818","2","3","0","4","20","2","","0","0","1","0","0"
"POINT (6.952741396000022 50.937357968000072)","Unfall 159819 (2021) Kat:3, Licht: 0","159819","3","6","2","6","16","4","","0","0","1","0","0"
"POINT (6.955697611000062 50.927631095000038)","Unfall 159821 (2021) Kat:3, Licht: 1","159821","3","1","0","7","21","2","","1","0","0","0","1"
"POINT (6.991775457000074 50.986358404000043)","Unfall 159827 (2021) Kat:2, Licht: 0","159827","2","3","5","6","12","6","","0","1","0","0","0"
"POINT (6.962649183000053 50.910392168000044)","Unfall 159828 (2021) Kat:3, Licht: 2","159828","3","5","0","11","19","5","","2","1","0","0","0"
"POINT (6.976907816000050 50.901655607000066)","Unfall 159831 (2021) Kat:3, Licht: 2","159831","3","6","4","11","20","2","","2","0","0","0","1"
"POINT (6.951249954000048 50.901431302000049)","Unfall 159832 (2021) Kat:3, Licht: 2","159832","3","5","0","5","0","1","","2","1","0","0","0"
"POINT (6.953767738000067 50.900320448000059)","Unfall 159834 (2021) Kat:3, Licht: 0","159834","3","6","1","2","14","3","","0","0","1","0","0"