WKT,Name,OBJECTID,UKATEGORIE,UTYP1,UART,UMONAT,USTUNDE,UWOCHENTAG,STRZUSTAND,ULICHTVERH,ISTRAD,ISTPKW,ISTFUSS,ISTKRAD
"POINT (6.972582550000027 50.936814913000035)","Unfall 159836 (2021) Kat:3, Licht: 0","159836","3","4","6","11","13","6","","0","1","0","1","0"
"POINT (6.983059619000073 50.994202416000064)","Unfall 159837 (2021) Kat:3, Licht: 0","159837","3","6","3","4","17","5","","0","0","1","0","1"
"POINT (6.959048783000071 50.946448961000044)","Unfall 159841 (2021) Kat:3, Licht: 2","159841","3","3","0","10","17","1","","2","0","1","0","1"
"POINT (6.995246923000025 50.958668081000042)","Unfall 159842 (2021) Kat:3, Licht: 0","159842","3","3","5","12","16","5","","0","0","1","0","1"
"POINT (6.974206515000049 50.965185365000082)","Unfall 159843 (2021) Kat:3, Licht: 0","159843","3","5","0","3","12","7","","0","1","1","0","0"
"POINT (7.000786428000026 50.928728290000038)","Unfall 159845 (2021) Kat:3, Licht: 0","159845","3","5","0","11","16","6","","0","0","1","0","0"
"POINT (6.953217618000053 50.944347386000061)","Unfall 159846 (2021) Kat:3, Licht: 0","159846","3","1","0","5","19","4","","0","0","0","0","1"
"POINT (7.006854243000021 50.946573827000066)","Unfall 159847 (2021) Kat:3, Licht: 0","159847","3","6","0","10","17","6","","0","0","1","0","0"
"POINT (6.960240930000055 50.918900418000078)","Unfall 159848 (2021) Kat:3, Licht: 0","159848","3","5","3","5","15","4","","0","1","1","0","0"
"POINT (6.980758943000069 50.898012642000026)","Unfall 159849 (2021) Kat:3, Licht: 0","159849","3","6","1","3","14","5","","0","0","1","0","0"
"POINT (6.957501093000076 50.928588595000065)","Unfall 159851 (2021) Kat:2, Licht: 2","159851","2","4","0","11","17","5","","2","1","1","1","0"
"POINT (6.993561867000039 50.873195188000068)","Unfall 159852 (2021) Kat:3, Licht: 0","159852","3","2","5","10","15","5","","0","0","1","0","1"
"POINT (6.966971542000067 50.894677195000043)","Unfall 159856 (2021) Kat:3, Licht: 0","159856","3","6","2","12","12","6","","0","0","1","0","0"
"POINT (6.998346006000077 50.934910083000034)","Unfall 159857 (2021) Kat:2, Licht: 0","159857","2","1","8","6","12","2","","0","0","1","0","1"
"POINT (6.959780890000047 50.974220935000062)","Unfall 159860 (2021) Kat:3, Licht: 0","159860","3","3","5","6","17","5","","0","0","1","0","0"
"POINT (6.978174832000036 50.906232913000053)","Unfall 159861 (2021) Kat:3, Licht: 2","159861","3","3","5","4","5","3","","2","0","1","0","0"
"POINT (6.952726884000072 50.941724963000070)","Unfall 159862 (2021) Kat:3, Licht: 1","159862","3","6","2","10","18","3","","1","0","1","0","0"
"POINT (7.002053851000028 50.979805733000035)","Unfall 159863 (2021) Kat:3, Licht: 0","159863","3","2","5","6","17","5","","0","1","1","0","0"
"POINT (6.956290243000069 50.938445062000028)","Unfall 159864 (2021) Kat:3, Licht: 0","159864","3","7","6","6","18","6","","0","0","0","1","0"
"POINT (7.010764765000033 50.866654041000061)","Unfall 159866 (2021) Kat:3, Licht: 0","159866","3","1","0","7","18","5","","0","1","0","0","0"
"POINT (6.984230641000067 50.937609913000074)","Unfall 159867 (2021) Kat:3, Licht: 0","159867","3","2","4","3","15","3","","0","0","1","0","1"
"POINT (6.958609846000058 50.964669373000049)","Unfall 159870 (2021) Kat:3, Licht: 2","159870","3","3","5","11","17","7","","2","0","1","0","0"
"POINT (6.996682065000073 50.932518786000060)","Unfall 159871 (2021) Kat:3, Licht: 2","159871","3","7","0","12","19","2","","2","0","1","1","0"
"POINT (6.976828002000047 50.971562166000069)","Unfall 159872 (2021) Kat:3, Licht: 0","159872","3","3","0","4","13","4","","0","1","1","0","0"
"POINT (7.009393856000031 50.966041653000048)","Unfall 159880 (2021) Kat:3, Licht: 0","159880","3","1","0","12","8","6","","0","1","0","0","0"
"POINT (6.997258880000061 50.918558988000029)","Unfall 159883 (2021) Kat:3, Licht: 2","159883","3","2","2","3","23","2","","2","0","1","0","0"
"POINT (6.959731654000052 50.920719559000077)","Unfall 159886 (2021) Kat:3, Licht: 0","159886","3","1","0","2","11","4","","0","1","0","0","0"
"POINT (6.976548157000025 50.964535833000070)","Unfall 159888 (2021) Kat:3, Licht: 0","159888","3","7","0","4","9","6","","0","0","0","0","0"
"POINT (6.963026996000053 50.934919808000075)","Unfall 159889 (2021) Kat:3, Licht: 0","159889","3","1","0","11","13","6","","0","1","0","0","0"
"POINT (7.001261858000021 50.933712504000027)","Unfall 159891 (2021) Kat:3, Licht: 0","159891","3","2","0","12","10","6","","0","1","0","0","0"
"POINT (6.963963929000045 50.905752326000027)","Unfall 159894 (2021) Kat:3, Licht: 0","159894","3","6","3","5","15","4","","0","0","1","0","0"
"POINT (6.990275062000023 50.952915325000049)","Unfall 159896 (2021) Kat:3, Licht: 0","159896","3","7","0","3","10","6","","0","1","0","0","0"
"POINT (6.963669909000032 50.906810435000068)","Unfall 159897 (2021) Kat:3, Licht: 0","159897","3","6","2","5","14","5","","0","0","1","0","0"
"POINT (6.958557379000069 50.962613148000059)","Unfall 159899 (2021) Kat:3, Licht: 0","159899","3","2","5","6","11","5","","0","1","1","0","0"
"POINT (6.974881394000022 50.968647207000060)","Unfall 159901 (2021) Kat:3, Licht: 0","159901","3","3","5","3","14","4","","0","1","1","0","0"
"POINT (6.999744539000062 50.943008771000052)","Unfall 159903 (2021) Kat:3, Licht: 0","159903","3","3","5","4","20","6","","0","0","1","0","0"
"POINT (6.953154179000023 50.938340924000045)","Unfall 159904 (2021) Kat:3, Licht: 0","159904","3","3","5","4","15","5","","0","0","1","0","0"
"POINT (7.006936172000053 50.865243472000031)","Unfall 159905 (2021) Kat:3, Licht: 0","159905","3","5","1","1","13","7","","0","1","1","0","0"
"POINT (6.960846001000050 50.983566102000054)","Unfall 159906 (2021) Kat:3, Licht: 0","159906","3","4","0","3","15","2","","0","0","1","1","0"
"POINT (6.973362488000021 50.974955887000078)","Unfall 159911 (2021) Kat:3, Licht: 0","159911","3","2","5","1","15","4","","0","0","1","0","0"
"POINT (7.010974086000033 50.926256763000026)","Unfall 159912 (2021) Kat:3, Licht: 0","159912","3","5","1","5","12","5","","0","1","1","0","0"
"POINT (6.959929499000054 50.952117489000045)","Unfall 159918 (2021) Kat:3, Licht: 0","159918","3","1","1","1","16","6","","0","1","1","0","0"
"POINT (6.954979805000050 50.948067941000033)","Unfall 159922 (2021) Kat:3, Licht: 2","159922","3","5","6","2","22","1","","2","0","1","1","0"
"POINT (6.989761486000020 50.912059954000028)","Unfall 159927 (2021) Kat:3, Licht: 0","159927","3","2","0","4","17","2","","0","1","1","0","0"
"POINT (6.962445063000075 50.914355745000080)","Unfall 159928 (2021) Kat:2, Licht: 0","159928","2","5","1","6","17","5","","0","1","1","0","0"
"POINT (6.963730132000023 50.951648007000074)","Unfall 159929 (2021) Kat:2, Licht: 0","159929","2","5","1","6","16","5","","0","1","1","0","0"
"POINT (7.005090116000076 50.951048715000070)","Unfall 159930 (2021) Kat:2, Licht: 0","159930","2","2","5","2","14","1","","0","0","1","0","1"
"POINT (6.958985237000036 50.950652286000036)","Unfall 159931 (2021) Kat:2, Licht: 0","159931","2","7","0","1","13","5","","0","0","0","1","0"
"POINT (6.995370261000062 50.917416160000073)","Unfall 159932 (2021) Kat:3, Licht: 0","159932","3","1","1","11","9","1","","0","0","1","0","0"
"POINT (6.974813093000023 50.968636465000031)","Unfall 159933 (2021) Kat:3, Licht: 0","159933","3","3","5","4","16","6","","0","0","1","0","0"
"POINT (6.962818042000038 50.909839371000032)","Unfall 159934 (2021) Kat:3, Licht: 0","159934","3","7","0","12","11","5","","0","0","1","0","0"
"POINT (6.952999650000038 50.961047692000079)","Unfall 159937 (2021) Kat:3, Licht: 0","159937","3","2","5","5","18","6","","0","0","1","0","0"
"POINT (6.969758880000029 50.911515930000064)","Unfall 159939 (2021) Kat:3, Licht: 0","159939","3","6","4","10","9","2","","0","0","1","0","0"
"POINT (6.962078470000051 50.926058996000052)","Unfall 159940 (2021) Kat:2, Licht: 0","159940","2","3","5","2","9","6","","0","1","1","0","0"
"POINT (6.973231810000073 50.943470249000029)","Unfall 159945 (2021) Kat:3, Licht: 0","159945","3","7","0","5","18","1","","0","0","0","0","0"
"POINT (7.011225785000022 50.972471756000061)","Unfall 159946 (2021) Kat:3, Licht: 0","159946","3","4","6","10","16","3","","0","0","1","1","0"
"POINT (6.967427808000025 50.984340106000047)","Unfall 159948 (2021) Kat:3, Licht: 0","159948","3","5","1","6","10","2","","0","0","1","0","1"
"POINT (7.000185233000025 50.965045256000053)","Unfall 159949 (2021) Kat:3, Licht: 1","159949","3","1","0","6","22","7","","1","0","0","0","0"
"POINT (7.007315757000072 50.942627030000040)","Unfall 159951 (2021) Kat:2, Licht: 0","159951","2","4","6","5","18","4","","0","0","1","1","0"
"POINT (6.960517371000037 50.976897140000062)","Unfall 159952 (2021) Kat:2, Licht: 0","159952","2","3","5","6","8","7","","0","0","1","0","1"
"POINT (6.955081039000049 50.938400198000068)","Unfall 159955 (2021) Kat:3, Licht: 0","159955","3","5","1","2","12","5","","0","1","1","0","0"
"POINT (6.963950356000055 50.920787588000053)","Unfall 159957 (2021) Kat:3, Licht: 0","159957","3","3","5","6","18","4","","0","0","1","0","1"
"POINT (6.995297291000043 50.929438842000081)","Unfall 159961 (2021) Kat:2, Licht: 2","159961","2","1","0","9","2","1","","2","0","0","0","0"
"POINT (6.974221897000064 50.968585478000080)","Unfall 159962 (2021) Kat:3, Licht: 2","159962","3","3","5","1","18","5","","2","1","1","0","0"
"POINT (6.969262007000054 50.974376131000042)","Unfall 159963 (2021) Kat:2, Licht: 2","159963","2","2","5","10","20","6","","2","0","1","0","0"
"POINT (7.000618663000068 50.967247193000048)","Unfall 159965 (2021) Kat:2, Licht: 0","159965","2","1","0","4","12","5","","0","1","0","0","0"
"POINT (6.952767541000071 50.943119708000040)","Unfall 159966 (2021) Kat:3, Licht: 2","159966","3","3","5","12","21","1","","2","1","1","0","0"
"POINT (6.960756018000041 50.917162606000034)","Unfall 159969 (2021) Kat:3, Licht: 0","159969","3","5","0","10","16","5","","0","1","1","0","0"
"POINT (6.979604521000056 50.967540637000070)","Unfall 159970 (2021) Kat:3, Licht: 2","159970","3","2","5","12","16","7","","2","1","1","0","0"
"POINT (7.004279567000026 50.934752463000052)","Unfall 159971 (2021) Kat:3, Licht: 2","159971","3","3","5","12","18","3","","2","0","1","0","0"
"POINT (6.966844692000052 50.959654568000076)","Unfall 159974 (2021) Kat:3, Licht: 0","159974","3","1","0","11","12","6","","0","1","0","0","0"
"POINT (6.986388700000020 50.910326166000061)","Unfall 159976 (2021) Kat:2, Licht: 0","159976","2","1","7","11","14","3","","0","0","1","1","0"
"POINT (6.963781110000070 50.911350610000056)","Unfall 159979 (2021) Kat:3, Licht: 0","159979","3","1","8","6","16","4","","0","0","0","0","0"
"POINT (6.959805549000066 50.976475827000058)","Unfall 159980 (2021) Kat:3, Licht: 2","159980","3","1","8","1","20","1","","2","0","0","0","1"
"POINT (6.951550589000021 50.952690184000062)","Unfall 159982 (2021) Kat:3, Licht: 0","159982","3","7","0","1","11","6","","0","1","0","0","0"
"POINT (6.954396382000027 50.948782191000078)","Unfall 159984 (2021) Kat:3, Licht: 0","159984","3","6","2","9","16","3","","0","1","1","0","0"
"POINT (6.964139397000054 50.905129528000032)","Unfall 159987 (2021) Kat:3, Licht: 0","159987","3","7","6","3","7","5","","0","1","0","1","0"
"POINT (6.959216143000049 50.924512728000082)","Unfall 159991 (2021) Kat:3, Licht: 0","159991","3","6","4","9","9","5","","0","1","1","0","0"
"POINT (6.974396665000029 50.940264920000061)","Unfall 159993 (2021) Kat:2, Licht: 0","159993","2","1","0","2","11","1","","0","1","0","0","0"
"POINT (6.968971531000022 50.910594061000040)","Unfall 159994 (2021) Kat:3, Licht: 0","159994","3","5","0","7","17","3","","0","1","1","0","0"
"POINT (6.962190972000030 50.893861562000041)","Unfall 159995 (2021) Kat:3, Licht: 0","159995","3","7","0","6","11","3","","0","0","1","0","0"
"POINT (6.953009260000044 50.938374034000049)","Unfall 159997 (2021) Kat:3, Licht: 2","159997","3","6","2","11","18","4","","2","0","1","0","0"
"POINT (7.008212909000065 50.943292776000078)","Unfall 159998 (2021) Kat:3, Licht: 0","159998","3","3","5","9","11","3","","0","0","1","0","0"
"POINT (6.961491904000070 50.909313440000062)","Unfall 159999 (2021) Kat:3, Licht: 2","159999","3","5","5","10","18","3","","2","0","1","0","0"
"POINT (7.004073100000028 50.864864069000078)","Unfall 160001 (2021) Kat:3, Licht: 0","160001","3","4","6","6","10","3","","0","0","1","1","0"
"POINT (6.957231655000044 50.974163113000031)","Unfall 160002 (2021) Kat:3, Licht: 0","160002","3","6","2","1","11","6","","0","0","1","0","0"
"POINT (6.992644576000032 50.999011437000036)","Unfall 160003 (2021) Kat:3, Licht: 0","160003","3","2","5","9","9","5","","0","0","1","0","0"
"POINT (6.986815694000029 50.909517401000073)","Unfall 160007 (2021) Kat:2, Licht: 0","160007","2","1","0","3","10","4","","0","0","0","0","1"
"POINT (6.960971058000041 50.984545621000052)","Unfall 160008 (2021) Kat:3, Licht: 2","160008","3","2","6","12","19","5","","2","0","1","1","0"
"POINT (7.002183704000061 50.965130545000079)","Unfall 160010 (2021) Kat:3, Licht: 0","160010","3","2","2","9","14","2","","0","0","1","0","0"
"POINT (7.005302854000035 50.951086288000056)","Unfall 160012 (2021) Kat:3, Licht: 2","160012","3","1","0","9","19","3","","2","0","0","0","0"
"POINT (6.997636113000056 50.935060503000045)","Unfall 160014 (2021) Kat:3, Licht: 2","160014","3","5","2","12","17","6","","2","0","1","0","0"
"POINT (6.986321599000064 50.868063663000044)","Unfall 160015 (2021) Kat:3, Licht: 0","160015","3","3","4","10","8","6","","0","0","1","0","0"
"POINT (6.962434085000041 50.911906368000075)","Unfall 160017 (2021) Kat:3, Licht: 0","160017","3","3","0","2","14","3","","0","1","1","0","0"
"POINT (6.959902045000035 50.975401218000059)","Unfall 160018 (2021) Kat:3, Licht: 0","160018","3","7","0","10","10","3","","0","0","1","0","1"
"POINT (6.977442031000066 50.970849157000032)","Unfall 160020 (2021) Kat:3, Licht: 2","160020","3","1","0","12","6","4","","2","0","0","0","1"
"POINT (6.951954354000065 50.917857180000055)","Unfall 160021 (2021) Kat:3, Licht: 0","160021","3","3","5","11","15","4","","0","0","1","0","1"
"POINT (7.001568064000026 50.941632575000028)","Unfall 160022 (2021) Kat:3, Licht: 0","160022","3","2","6","9","12","1","","0","0","1","1","0"
"POINT (7.018458491000047 50.874888511000051)","Unfall 160025 (2021) Kat:3, Licht: 0","160025","3","3","5","7","11","7","","0","1","0","0","0"
"POINT (7.080547981000052 50.883896252000056)","Unfall 160031 (2021) Kat:3, Licht: 0","160031","3","1","0","10","15","2","","0","1","0","0","0"
"POINT (7.073789759000022 50.920521005000069)","Unfall 160034 (2021) Kat:3, Licht: 0","160034","3","3","5","3","8","5","","0","1","1","0","0"
"POINT (7.066644876000055 50.977321952000068)","Unfall 160035 (2021) Kat:3, Licht: 0","160035","3","2","5","6","8","4","","0","1","1","0","0"
"POINT (7.017529764000074 50.876230735000036)","Unfall 160036 (2021) Kat:3, Licht: 0","160036","3","6","2","11","15","5","","0","1","1","0","0"
"POINT (7.021987433000049 50.934036419000051)","Unfall 160043 (2021) Kat:3, Licht: 0","160043","3","5","1","7","11","1","","0","1","1","0","0"
"POINT (7.071227575000023 50.941843207000034)","Unfall 160045 (2021) Kat:2, Licht: 0","160045","2","6","6","12","16","4","","0","0","1","1","0"
"POINT (7.014316324000049 50.958471705000079)","Unfall 160047 (2021) Kat:3, Licht: 0","160047","3","6","0","4","13","3","","0","0","1","0","0"
"POINT (7.021645071000023 50.942461687000048)","Unfall 160052 (2021) Kat:3, Licht: 0","160052","3","1","0","5","20","6","","0","1","0","0","0"
"POINT (7.013478065000072 50.864101484000059)","Unfall 160056 (2021) Kat:3, Licht: 0","160056","3","1","0","5","16","6","","0","1","0","0","0"
"POINT (7.054509090000067 50.884036223000066)","Unfall 160058 (2021) Kat:3, Licht: 0","160058","3","6","4","12","11","2","","0","1","1","0","0"
"POINT (7.018383032000031 50.874876609000069)","Unfall 160061 (2021) Kat:3, Licht: 0","160061","3","3","5","9","16","4","","0","0","1","0","1"
"POINT (7.050475607000067 50.908942507000063)","Unfall 160068 (2021) Kat:3, Licht: 0","160068","3","3","5","3","9","3","","0","0","1","0","0"
"POINT (7.067482385000062 50.894555453000066)","Unfall 160073 (2021) Kat:2, Licht: 0","160073","2","4","6","5","11","5","","0","1","0","1","0"
"POINT (7.032573223000043 50.981167597000081)","Unfall 160077 (2021) Kat:2, Licht: 0","160077","2","6","2","9","8","6","","0","0","1","0","0"
"POINT (7.085729123000021 50.874338312000077)","Unfall 160083 (2021) Kat:3, Licht: 0","160083","3","3","5","9","10","5","","0","1","0","0","0"
"POINT (7.056743374000064 50.874681374000033)","Unfall 160084 (2021) Kat:3, Licht: 2","160084","3","5","1","12","7","5","","2","0","1","0","0"
"POINT (7.064943881000033 50.942345591000048)","Unfall 160085 (2021) Kat:3, Licht: 2","160085","3","3","5","10","6","6","","2","1","1","0","0"
"POINT (7.078726987000039 50.946138639000026)","Unfall 160090 (2021) Kat:3, Licht: 0","160090","3","2","0","10","13","6","","0","1","0","0","0"
"POINT (7.014400935000026 50.880990753000049)","Unfall 160097 (2021) Kat:3, Licht: 0","160097","3","2","0","6","13","7","","0","0","1","0","1"
"POINT (7.090118107000023 50.882981169000061)","Unfall 160104 (2021) Kat:3, Licht: 2","160104","3","5","1","10","2","4","","2","0","1","0","0"
"POINT (7.061981414000059 50.896991324000055)","Unfall 160106 (2021) Kat:3, Licht: 0","160106","3","6","2","2","14","7","","0","0","1","0","0"
"POINT (7.012881871000047 50.975156051000056)","Unfall 160107 (2021) Kat:3, Licht: 0","160107","3","7","0","7","13","5","","0","1","1","0","0"
"POINT (7.073210748000065 50.984059508000030)","Unfall 160110 (2021) Kat:3, Licht: 0","160110","3","2","5","5","6","4","","0","1","1","0","0"
"POINT (7.018764675000057 50.960855147000075)","Unfall 160112 (2021) Kat:3, Licht: 0","160112","3","7","1","2","14","1","","0","0","1","0","1"
"POINT (7.039611037000043 50.971696640000062)","Unfall 160115 (2021) Kat:3, Licht: 0","160115","3","6","3","6","8","2","","0","1","1","0","0"
"POINT (7.050904998000021 50.866983866000055)","Unfall 160120 (2021) Kat:3, Licht: 0","160120","3","3","5","2","15","4","","0","1","1","0","0"
"POINT (7.011644981000074 50.963927064000075)","Unfall 160121 (2021) Kat:2, Licht: 2","160121","2","2","6","4","21","4","","2","0","1","1","0"
"POINT (7.033971502000043 50.999678538000069)","Unfall 160123 (2021) Kat:3, Licht: 0","160123","3","6","2","12","13","6","","0","0","1","0","0"
"POINT (7.023295369000039 50.935998691000066)","Unfall 160129 (2021) Kat:3, Licht: 0","160129","3","5","1","2","15","1","","0","1","1","0","0"
"POINT (7.032544789000042 50.980030971000076)","Unfall 160130 (2021) Kat:3, Licht: 0","160130","3","7","5","7","15","3","","0","0","1","0","0"
"POINT (7.020229721000021 50.982789037000032)","Unfall 160140 (2021) Kat:3, Licht: 0","160140","3","4","6","5","10","1","","0","0","1","1","0"
"POINT (7.060897825000040 50.885207899000079)","Unfall 160144 (2021) Kat:3, Licht: 2","160144","3","7","1","12","0","3","","2","0","1","0","0"
"POINT (7.081170930000042 50.862882538000065)","Unfall 160146 (2021) Kat:3, Licht: 0","160146","3","3","5","7","11","6","","0","1","1","0","0"
"POINT (7.019460802000026 50.910161457000072)","Unfall 160151 (2021) Kat:3, Licht: 0","160151","3","2","5","4","12","3","","0","1","1","0","0"
"POINT (7.068309916000032 50.983291585000075)","Unfall 160156 (2021) Kat:3, Licht: 2","160156","3","3","5","12","20","3","","2","1","1","0","0"
"POINT (7.047836362000055 50.944343456000070)","Unfall 160157 (2021) Kat:3, Licht: 0","160157","3","7","0","5","11","5","","0","1","0","1","0"
"POINT (7.059523346000049 50.888501481000048)","Unfall 160162 (2021) Kat:3, Licht: 2","160162","3","1","0","10","17","1","","2","0","0","0","0"
"POINT (7.019569563000061 50.957729914000026)","Unfall 160168 (2021) Kat:3, Licht: 2","160168","3","2","6","11","17","3","","2","0","1","1","0"
"POINT (7.024553859000036 50.960828929000058)","Unfall 160169 (2021) Kat:3, Licht: 2","160169","3","1","0","6","0","7","","2","0","0","0","1"
"POINT (7.016360452000072 50.979140192000045)","Unfall 160180 (2021) Kat:3, Licht: 0","160180","3","6","6","2","15","2","","0","0","1","1","0"
"POINT (7.022640298000056 50.899302590000048)","Unfall 160185 (2021) Kat:3, Licht: 0","160185","3","7","0","10","12","6","","0","0","0","1","0"
"POINT (7.069487308000021 50.905308175000073)","Unfall 160187 (2021) Kat:3, Licht: 0","160187","3","3","5","11","14","7","","0","0","1","0","0"
"POINT (7.083751312000061 50.864014767000072)","Unfall 160190 (2021) Kat:3, Licht: 0","160190","3","3","1","5","15","3","","0","0","1","0","0"
"POINT (7.025427685000068 50.898513040000068)","Unfall 160195 (2021) Kat:3, Licht: 0","160195","3","5","1","6","10","4","","0","0","1","0","0"
"POINT (7.044413287000054 50.919130095000071)","Unfall 160197 (2021) Kat:3, Licht: 0","160197","3","2","5","12","13","4","","0","0","1","0","1"
"POINT (7.067094650000058 50.871440771000039)","Unfall 160205 (2021) Kat:3, Licht: 0","160205","3","3","5","6","15","3","","0","1","1","0","0"
"POINT (7.038986900000054 50.969487940000079)","Unfall 160208 (2021) Kat:3, Licht: 0","160208","3","6","2","4","13","7","","0","0","1","0","0"
"POINT (7.065964810000025 50.980463797000027)","Unfall 160210 (2021) Kat:2, Licht: 0","160210","2","7","0","10","16","3","","0","1","0","1","0"
"POINT (7.032071285000029 50.861640527000077)","Unfall 160214 (2021) Kat:3, Licht: 0","160214","3","7","0","6","11","6","","0","1","0","0","0"
"POINT (7.014967536000029 50.950914896000029)","Unfall 160217 (2021) Kat:3, Licht: 1","160217","3","6","3","9","18","3","","1","1","1","0","0"
"POINT (7.056214666000074 50.969047895000074)","Unfall 160218 (2021) Kat:3, Licht: 0","160218","3","3","5","5","19","2","","0","1","1","0","0"
"POINT (7.062439314000073 50.884819838000055)","Unfall 160219 (2021) Kat:3, Licht: 0","160219","3","4","6","10","17","5","","0","0","0","1","1"
"POINT (7.042261704000055 50.965115179000065)","Unfall 160229 (2021) Kat:3, Licht: 0","160229","3","6","2","3","14","4","","0","0","1","0","0"
"POINT (7.062085728000056 50.932922604000055)","Unfall 160233 (2021) Kat:3, Licht: 0","160233","3","3","5","7","14","6","","0","1","1","0","0"
"POINT (7.037957830000039 50.863835089000077)","Unfall 160249 (2021) Kat:3, Licht: 0","160249","3","4","6","10","16","6","","0","0","1","1","0"
"POINT (7.060510335000060 50.928349052000044)","Unfall 160250 (2021) Kat:3, Licht: 0","160250","3","3","5","9","8","4","","0","1","1","0","0"
"POINT (7.080845651000061 50.946034431000044)","Unfall 160252 (2021) Kat:3, Licht: 0","160252","3","3","3","3","15","3","","0","1","1","0","0"
"POINT (7.023330585000053 50.958115739000050)","Unfall 160264 (2021) Kat:3, Licht: 1","160264","3","1","0","11","18","3","","1","1","0","0","0"
"POINT (7.031071815000075 50.922442540000077)","Unfall 160265 (2021) Kat:2, Licht: 0","160265","2","1","0","9","12","4","","0","1","0","0","0"
"POINT (7.069362629000068 50.985881057000029)","Unfall 160267 (2021) Kat:3, Licht: 0","160267","3","1","1","4","13","6","","0","0","1","0","0"
"POINT (7.075623496000048 50.972180072000072)","Unfall 160272 (2021) Kat:3, Licht: 0","160272","3","3","5","7","11","2","","0","1","1","0","0"
"POINT (7.021463804000064 50.967314118000047)","Unfall 160274 (2021) Kat:3, Licht: 2","160274","3","4","0","11","17","5","","2","0","0","1","1"
"POINT (7.012915041000042 50.935605949000035)","Unfall 160279 (2021) Kat:3, Licht: 0","160279","3","3","5","9","8","6","","0","0","1","0","0"
"POINT (7.019584522000059 50.957732432000057)","Unfall 160284 (2021) Kat:3, Licht: 0","160284","3","6","1","9","18","4","","0","0","1","0","0"
"POINT (7.043970549000051 50.933494599000028)","Unfall 160287 (2021) Kat:3, Licht: 0","160287","3","6","3","12","15","5","","0","0","0","0","1"
"POINT (7.012420871000074 50.968678597000064)","Unfall 160290 (2021) Kat:3, Licht: 0","160290","3","7","0","11","15","6","","0","0","1","0","1"
"POINT (7.089534618000073 50.862926678000065)","Unfall 160301 (2021) Kat:3, Licht: 0","160301","3","4","6","12","14","3","","0","0","1","1","0"
"POINT (7.057698545000051 50.977580795000051)","Unfall 160312 (2021) Kat:3, Licht: 2","160312","3","2","5","11","6","5","","2","0","1","1","0"
"POINT (7.066543934000038 50.896577411000067)","Unfall 160313 (2021) Kat:2, Licht: 0","160313","2","3","5","3","12","3","","0","1","1","0","0"
"POINT (7.032183907000046 50.970919288000061)","Unfall 160317 (2021) Kat:3, Licht: 0","160317","3","2","3","3","15","3","","0","1","1","0","0"
"POINT (7.068757815000026 50.886182209000026)","Unfall 160319 (2021) Kat:3, Licht: 1","160319","3","6","0","11","7","6","","1","0","1","1","0"
"POINT (7.085811266000064 50.875435561000074)","Unfall 160322 (2021) Kat:3, Licht: 0","160322","3","1","0","10","11","3","","0","0","1","0","0"
"POINT (7.056649773000061 50.899850877000063)","Unfall 160323 (2021) Kat:3, Licht: 0","160323","3","4","0","3","8","5","","0","0","1","1","0"
"POINT (7.076598062000073 50.893446521000044)","Unfall 160325 (2021) Kat:3, Licht: 0","160325","3","7","6","7","13","4","","0","0","0","1","0"
"POINT (7.021036437000021 50.945435858000053)","Unfall 160327 (2021) Kat:3, Licht: 0","160327","3","1","0","5","14","4","","0","0","0","0","0"
"POINT (7.044066530000066 50.932880630000056)","Unfall 160330 (2021) Kat:2, Licht: 0","160330","2","1","0","2","9","3","","0","0","0","0","0"
"POINT (7.059343255000044 50.885579314000040)","Unfall 160332 (2021) Kat:3, Licht: 0","160332","3","1","0","12","12","2","","0","1","0","0","0"
"POINT (7.080459602000076 50.925913368000067)","Unfall 160343 (2021) Kat:3, Licht: 0","160343","3","4","6","7","17","5","","0","0","1","1","0"
"POINT (7.050652852000042 50.938865573000044)","Unfall 160345 (2021) Kat:3, Licht: 0","160345","3","3","5","10","12","6","","0","1","1","0","0"
"POINT (7.033681675000025 50.968013612000050)","Unfall 160348 (2021) Kat:3, Licht: 0","160348","3","2","5","3","8","5","","0","1","1","0","0"
"POINT (7.022812238000029 50.924998493000032)","Unfall 160354 (2021) Kat:3, Licht: 0","160354","3","2","5","10","12","6","","0","0","1","0","0"
"POINT (7.032506944000033 50.980182472000081)","Unfall 160355 (2021) Kat:3, Licht: 0","160355","3","7","0","4","10","5","","0","0","0","1","0"
"POINT (7.041714972000022 50.999202973000081)","Unfall 160358 (2021) Kat:3, Licht: 0","160358","3","3","5","10","13","7","","0","0","1","0","1"
"POINT (7.032549261000042 50.977950132000046)","Unfall 160372 (2021) Kat:2, Licht: 0","160372","2","5","0","4","12","5","","0","0","1","0","0"
"POINT (7.084301933000063 50.942147643000055)","Unfall 160373 (2021) Kat:3, Licht: 2","160373","3","1","0","5","23","1","","2","0","1","0","0"
"POINT (7.055295827000066 50.904432561000078)","Unfall 160378 (2021) Kat:3, Licht: 2","160378","3","4","6","3","23","6","","2","0","1","1","0"
"POINT (7.020697066000025 50.943465032000063)","Unfall 160382 (2021) Kat:2, Licht: 0","160382","2","1","1","11","13","6","","0","0","1","0","1"