WKT,Name,OBJECTID,UKATEGORIE,UTYP1,UART,UMONAT,USTUNDE,UWOCHENTAG,STRZUSTAND,ULICHTVERH,ISTRAD,ISTPKW,ISTFUSS,ISTKRAD
"POINT (7.073336430000040 50.943383363000066)","Unfall 160391 (2021) Kat:3, Licht: 0","160391","3","3","5","2","13","6","","0","1","0","0","0"
"POINT (7.019604072000050 50.966927587000043)","Unfall 160393 (2021) Kat:3, Licht: 2","160393","3","1","8","3","20","2","","2","0","1","0","0"
"POINT (7.057237644000054 50.883768079000049)","Unfall 160397 (2021) Kat:3, Licht: 0","160397","3","4","6","6","17","5","","0","0","0","1","0"
"POINT (7.035054919000061 50.981901482000069)","Unfall 160404 (2021) Kat:3, Licht: 0","160404","3","3","1","6","16","2","","0","1","1","0","0"
"POINT (7.021791996000047 50.872437738000031)","Unfall 160411 (2021) Kat:3, Licht: 2","160411","3","1","0","1","21","1","","2","1","0","0","0"
"POINT (7.043282017000024 50.899615730000050)","Unfall 160414 (2021) Kat:3, Licht: 0","160414","3","3","1","4","13","6","","0","0","1","0","0"
"POINT (7.081956439000066 50.858721576000050)","Unfall 160417 (2021) Kat:3, Licht: 2","160417","3","7","0","2","17","4","","2","1","0","0","0"
"POINT (7.053734088000056 50.886622759000034)","Unfall 160418 (2021) Kat:3, Licht: 1","160418","3","6","0","5","21","1","","1","1","0","0","0"
"POINT (7.061684283000034 50.885550605000049)","Unfall 160425 (2021) Kat:3, Licht: 0","160425","3","7","6","9","15","2","","0","0","1","1","0"
"POINT (7.052972526000076 50.910728068000026)","Unfall 160432 (2021) Kat:3, Licht: 0","160432","3","7","8","11","12","7","","0","0","0","0","1"
"POINT (7.051403702000073 50.893175644000053)","Unfall 160443 (2021) Kat:3, Licht: 0","160443","3","5","8","7","16","1","","0","0","1","0","0"
"POINT (7.038695855000071 50.992935993000060)","Unfall 160449 (2021) Kat:3, Licht: 0","160449","3","3","0","7","21","6","","0","1","1","0","0"
"POINT (7.058132376000060 50.929534601000057)","Unfall 160450 (2021) Kat:3, Licht: 2","160450","3","4","0","12","7","6","","2","0","0","1","1"
"POINT (7.068041611000069 50.870375422000052)","Unfall 160451 (2021) Kat:2, Licht: 2","160451","2","1","4","1","20","5","","2","0","1","0","0"
"POINT (7.079848228000060 50.972206731000028)","Unfall 160452 (2021) Kat:3, Licht: 0","160452","3","6","4","7","16","6","","0","1","0","0","0"
"POINT (7.021862371000054 50.934433482000031)","Unfall 160455 (2021) Kat:3, Licht: 0","160455","3","3","0","6","13","5","","0","0","1","0","0"
"POINT (7.072201051000036 50.933343432000072)","Unfall 160457 (2021) Kat:3, Licht: 0","160457","3","1","0","5","19","1","","0","1","0","0","0"
"POINT (7.064370702000076 50.985801501000026)","Unfall 160461 (2021) Kat:3, Licht: 2","160461","3","1","8","6","23","7","","2","1","1","0","0"
"POINT (7.080942169000025 50.967446054000050)","Unfall 160469 (2021) Kat:2, Licht: 0","160469","2","1","0","4","13","6","","0","0","1","0","0"
"POINT (7.018344430000070 50.965265806000048)","Unfall 160473 (2021) Kat:2, Licht: 2","160473","2","1","0","5","23","7","","2","1","0","0","0"
"POINT (7.037131134000049 50.969336328000054)","Unfall 160476 (2021) Kat:3, Licht: 2","160476","3","1","0","9","20","4","","2","1","0","0","0"
"POINT (7.060251340000036 50.885361545000080)","Unfall 160477 (2021) Kat:3, Licht: 0","160477","3","1","0","11","9","3","","0","0","1","0","0"
"POINT (7.011459089000027 50.869271261000051)","Unfall 160478 (2021) Kat:2, Licht: 0","160478","2","3","0","6","17","2","","0","1","1","0","0"
"POINT (7.023794622000025 51.005553922000047)","Unfall 160490 (2021) Kat:3, Licht: 0","160490","3","4","6","11","13","3","","0","0","1","1","0"
"POINT (7.073959888000047 50.967473942000026)","Unfall 160496 (2021) Kat:3, Licht: 0","160496","3","7","5","6","11","1","","0","1","1","0","0"
"POINT (7.079116944000020 50.968752206000033)","Unfall 160502 (2021) Kat:3, Licht: 0","160502","3","5","5","6","18","2","","0","1","1","0","0"
"POINT (7.071128408000050 50.882979710000029)","Unfall 160506 (2021) Kat:3, Licht: 0","160506","3","4","6","5","16","7","","0","0","1","1","0"
"POINT (7.075325091000025 50.974167407000039)","Unfall 160511 (2021) Kat:3, Licht: 0","160511","3","1","0","6","19","3","","0","1","0","0","0"
"POINT (7.021309679000069 50.875514357000043)","Unfall 160513 (2021) Kat:2, Licht: 0","160513","2","7","6","3","16","2","","0","0","1","1","0"
"POINT (7.083086930000036 50.946582014000057)","Unfall 160518 (2021) Kat:3, Licht: 0","160518","3","6","2","9","14","5","","0","0","1","0","0"
"POINT (7.052672856000072 50.903813367000055)","Unfall 160519 (2021) Kat:3, Licht: 0","160519","3","2","5","3","14","3","","0","0","0","0","1"
"POINT (7.074809037000023 50.900056807000055)","Unfall 160520 (2021) Kat:3, Licht: 0","160520","3","4","6","10","13","7","","0","0","1","1","0"
"POINT (7.020201155000052 50.937960041000053)","Unfall 160522 (2021) Kat:3, Licht: 2","160522","3","7","0","7","22","7","","2","1","0","0","0"
"POINT (7.025972470000056 50.959202473000062)","Unfall 160523 (2021) Kat:2, Licht: 2","160523","2","7","0","11","22","3","","2","0","0","1","0"
"POINT (7.089474954000025 50.970622369000068)","Unfall 160524 (2021) Kat:3, Licht: 2","160524","3","3","5","12","7","3","","2","1","1","0","0"
"POINT (7.012666897000031 50.973845276000077)","Unfall 160527 (2021) Kat:3, Licht: 0","160527","3","1","0","6","11","4","","0","1","1","0","0"
"POINT (7.077911149000045 50.893652294000049)","Unfall 160537 (2021) Kat:3, Licht: 0","160537","3","2","6","10","8","3","","0","0","1","1","0"
"POINT (7.023363736000022 50.943219889000034)","Unfall 160539 (2021) Kat:3, Licht: 1","160539","3","3","5","12","17","1","","1","0","1","0","0"
"POINT (7.068689210000059 50.980935577000082)","Unfall 160542 (2021) Kat:3, Licht: 0","160542","3","1","0","11","11","6","","0","1","0","0","0"
"POINT (7.085196573000076 50.943674038000040)","Unfall 160545 (2021) Kat:3, Licht: 0","160545","3","3","5","5","16","2","","0","1","1","0","0"
"POINT (7.064920886000039 50.894464047000042)","Unfall 160547 (2021) Kat:3, Licht: 0","160547","3","7","1","10","16","5","","0","1","1","0","0"
"POINT (7.021143720000055 50.974385264000034)","Unfall 160550 (2021) Kat:3, Licht: 0","160550","3","1","0","12","11","4","","0","0","0","0","1"
"POINT (7.044584566000026 50.981592162000027)","Unfall 160552 (2021) Kat:2, Licht: 0","160552","2","2","3","4","15","6","","0","1","1","0","0"
"POINT (7.059536784000045 50.897203811000054)","Unfall 160554 (2021) Kat:3, Licht: 1","160554","3","1","0","12","7","3","","1","0","0","0","0"
"POINT (7.054839976000039 50.932923314000050)","Unfall 160557 (2021) Kat:3, Licht: 2","160557","3","7","0","11","23","7","","2","0","0","0","0"
"POINT (7.055745053000066 50.967212378000056)","Unfall 160559 (2021) Kat:3, Licht: 0","160559","3","5","6","5","11","5","","0","0","0","1","0"
"POINT (7.065034379000053 50.888637778000032)","Unfall 160560 (2021) Kat:2, Licht: 0","160560","2","7","1","1","14","7","","0","0","1","0","0"
"POINT (7.044308005000062 50.866271131000076)","Unfall 160566 (2021) Kat:3, Licht: 0","160566","3","4","6","3","7","6","","0","0","1","1","0"
"POINT (7.082199840000044 50.978356159000043)","Unfall 160569 (2021) Kat:2, Licht: 2","160569","2","1","9","1","0","4","","2","0","1","0","0"
"POINT (7.073926585000038 50.975336532000028)","Unfall 160571 (2021) Kat:3, Licht: 0","160571","3","2","5","9","10","5","","0","1","1","0","0"
"POINT (7.039750691000052 50.996539396000060)","Unfall 160576 (2021) Kat:3, Licht: 2","160576","3","3","5","1","19","7","","2","0","1","0","0"
"POINT (7.012321735000057 50.865357810000035)","Unfall 160578 (2021) Kat:3, Licht: 0","160578","3","5","1","5","19","7","","0","1","1","0","0"
"POINT (7.034516082000039 50.950973503000057)","Unfall 160580 (2021) Kat:3, Licht: 0","160580","3","7","9","6","12","1","","0","0","1","0","0"
"POINT (7.018175401000065 50.970738296000036)","Unfall 160585 (2021) Kat:3, Licht: 0","160585","3","5","1","12","11","3","","0","0","1","0","0"
"POINT (7.057907455000077 50.899113019000026)","Unfall 160586 (2021) Kat:3, Licht: 0","160586","3","5","1","6","14","3","","0","0","1","0","0"
"POINT (7.065860350000037 50.980694287000063)","Unfall 160587 (2021) Kat:3, Licht: 0","160587","3","1","8","11","12","3","","0","0","1","0","0"
"POINT (7.078365828000074 50.972386815000050)","Unfall 160588 (2021) Kat:3, Licht: 0","160588","3","6","3","9","15","4","","0","1","1","0","0"
"POINT (7.049966611000059 50.863844590000042)","Unfall 160589 (2021) Kat:3, Licht: 1","160589","3","3","5","10","7","3","","1","1","1","0","0"
"POINT (7.060942350000062 50.929064409000034)","Unfall 160606 (2021) Kat:3, Licht: 0","160606","3","3","5","2","14","6","","0","1","1","0","0"
"POINT (7.013578607000056 50.976375564000080)","Unfall 160607 (2021) Kat:3, Licht: 1","160607","3","1","0","6","20","7","","1","0","1","1","0"
"POINT (7.082760642000039 50.976929286000029)","Unfall 160608 (2021) Kat:3, Licht: 0","160608","3","1","0","10","13","2","","0","0","0","0","1"
"POINT (7.018513112000051 50.941784020000057)","Unfall 160613 (2021) Kat:3, Licht: 0","160613","3","7","6","3","8","3","","0","0","1","1","0"
"POINT (7.024300124000035 50.877942714000028)","Unfall 160614 (2021) Kat:3, Licht: 2","160614","3","2","0","6","23","4","","2","0","1","0","0"
"POINT (7.039206901000057 50.970965390000060)","Unfall 160617 (2021) Kat:3, Licht: 0","160617","3","6","1","2","8","2","","0","0","1","0","0"
"POINT (7.080565689000025 50.919506084000034)","Unfall 160620 (2021) Kat:3, Licht: 0","160620","3","5","1","2","13","3","","0","1","1","0","0"
"POINT (7.050109776000056 50.947972421000031)","Unfall 160621 (2021) Kat:3, Licht: 0","160621","3","7","0","9","14","4","","0","0","1","0","1"
"POINT (7.021978427000022 50.949967020000031)","Unfall 160622 (2021) Kat:3, Licht: 2","160622","3","1","8","12","21","2","","2","0","0","0","1"
"POINT (7.072278053000048 50.898386820000042)","Unfall 160624 (2021) Kat:3, Licht: 0","160624","3","1","0","11","14","5","","0","1","0","0","0"
"POINT (7.034321486000067 50.961542137000038)","Unfall 160640 (2021) Kat:3, Licht: 0","160640","3","6","4","3","8","2","","0","1","1","0","0"
"POINT (7.032181496000021 50.970922914000028)","Unfall 160647 (2021) Kat:3, Licht: 2","160647","3","2","5","2","5","6","","2","0","1","0","0"
"POINT (7.069159394000053 50.891591847000029)","Unfall 160648 (2021) Kat:3, Licht: 0","160648","3","1","0","6","18","3","","0","0","0","0","0"
"POINT (7.075216355000066 50.893083862000026)","Unfall 160653 (2021) Kat:3, Licht: 2","160653","3","2","5","12","18","7","","2","0","1","0","0"
"POINT (7.021782137000059 50.933028697000054)","Unfall 160655 (2021) Kat:3, Licht: 2","160655","3","6","0","9","23","2","","2","1","0","1","0"
"POINT (7.065121673000021 50.979019644000061)","Unfall 160665 (2021) Kat:2, Licht: 0","160665","2","1","7","6","11","6","","0","1","0","0","0"
"POINT (7.086521022000056 50.856607615000030)","Unfall 160667 (2021) Kat:2, Licht: 0","160667","2","2","4","9","19","5","","0","0","1","0","0"
"POINT (7.057105998000054 50.888792639000030)","Unfall 160668 (2021) Kat:3, Licht: 1","160668","3","2","5","11","18","4","","1","0","1","1","0"
"POINT (7.079237993000049 50.860203787000046)","Unfall 160670 (2021) Kat:3, Licht: 2","160670","3","5","1","12","1","7","","2","0","1","0","1"
"POINT (7.063425263000056 50.890689469000051)","Unfall 160680 (2021) Kat:3, Licht: 0","160680","3","3","5","12","15","2","","0","1","1","0","0"
"POINT (7.070124059000022 50.979023821000055)","Unfall 160685 (2021) Kat:3, Licht: 0","160685","3","7","0","5","12","6","","0","0","0","0","0"
"POINT (7.073220163000030 50.976080697000043)","Unfall 160690 (2021) Kat:3, Licht: 0","160690","3","4","6","10","11","4","","0","0","1","1","0"
"POINT (7.018544519000045 50.941524630000060)","Unfall 160692 (2021) Kat:3, Licht: 0","160692","3","7","0","9","16","6","","0","0","1","0","1"
"POINT (7.024046713000075 50.896581825000055)","Unfall 160693 (2021) Kat:3, Licht: 0","160693","3","1","3","9","11","6","","0","1","0","0","0"
"POINT (7.047188584000025 50.929141431000062)","Unfall 160695 (2021) Kat:3, Licht: 0","160695","3","3","5","10","14","4","","0","1","1","0","0"
"POINT (7.025145910000049 50.890676460000066)","Unfall 160706 (2021) Kat:3, Licht: 0","160706","3","7","0","9","15","1","","0","1","0","1","0"
"POINT (7.061352761000023 50.903183101000081)","Unfall 160709 (2021) Kat:3, Licht: 0","160709","3","6","0","12","12","2","","0","1","0","0","0"
"POINT (7.074714358000051 50.894130274000076)","Unfall 160714 (2021) Kat:3, Licht: 0","160714","3","5","1","6","14","5","","0","0","1","0","0"
"POINT (7.059159365000028 50.925797726000042)","Unfall 160718 (2021) Kat:3, Licht: 2","160718","3","6","2","11","7","3","","2","0","1","0","0"
"POINT (7.068222227000035 50.975384197000039)","Unfall 160719 (2021) Kat:3, Licht: 0","160719","3","3","5","7","8","6","","0","0","1","0","0"
"POINT (7.049857242000030 50.951183310000033)","Unfall 160721 (2021) Kat:3, Licht: 0","160721","3","4","6","7","18","1","","0","0","1","1","0"
"POINT (7.056133867000028 50.865065154000035)","Unfall 160728 (2021) Kat:3, Licht: 0","160728","3","5","3","4","17","2","","0","1","1","0","0"
"POINT (7.024247977000073 50.945305235000035)","Unfall 160743 (2021) Kat:3, Licht: 0","160743","3","7","0","9","12","3","","0","0","0","0","0"
"POINT (7.061181401000056 50.929482055000051)","Unfall 160746 (2021) Kat:3, Licht: 0","160746","3","7","0","10","18","6","","0","1","0","1","0"
"POINT (7.017563544000041 50.930380833000072)","Unfall 160752 (2021) Kat:3, Licht: 0","160752","3","3","5","3","15","2","","0","1","1","0","0"
"POINT (7.017594050000071 50.930363351000040)","Unfall 160766 (2021) Kat:3, Licht: 0","160766","3","3","5","2","15","3","","0","1","1","0","0"
"POINT (7.042656864000037 50.918461571000080)","Unfall 160777 (2021) Kat:3, Licht: 2","160777","3","6","4","12","21","5","","2","1","1","0","0"
"POINT (7.015505001000065 50.969137112000055)","Unfall 160778 (2021) Kat:2, Licht: 2","160778","2","1","8","1","20","7","","2","0","1","0","0"
"POINT (7.061867036000024 50.886775716000045)","Unfall 160789 (2021) Kat:3, Licht: 2","160789","3","7","2","3","20","3","","2","0","1","1","0"
"POINT (7.052828667000028 50.970375133000061)","Unfall 160792 (2021) Kat:3, Licht: 0","160792","3","1","0","2","9","3","","0","1","1","0","0"
"POINT (7.019065284000021 50.900376046000076)","Unfall 160795 (2021) Kat:3, Licht: 0","160795","3","1","0","3","15","2","","0","0","0","0","0"
"POINT (7.026085712000054 50.966636118000054)","Unfall 160796 (2021) Kat:3, Licht: 0","160796","3","7","6","5","11","5","","0","0","1","1","0"
"POINT (7.039598622000028 50.986395163000054)","Unfall 160798 (2021) Kat:3, Licht: 0","160798","3","3","5","5","18","2","","0","0","1","0","0"
"POINT (7.079798017000030 50.928646621000041)","Unfall 160801 (2021) Kat:3, Licht: 0","160801","3","7","6","5","12","1","","0","0","1","1","0"
"POINT (7.033779081000034 50.969237651000071)","Unfall 160802 (2021) Kat:2, Licht: 0","160802","2","1","0","9","17","1","","0","0","0","0","0"
"POINT (7.031016526000030 50.984899517000031)","Unfall 160814 (2021) Kat:3, Licht: 0","160814","3","1","8","10","15","3","","0","0","1","0","0"
"POINT (7.068539421000025 50.919323579000036)","Unfall 160816 (2021) Kat:3, Licht: 0","160816","3","1","0","3","17","3","","0","0","0","0","1"
"POINT (7.085577060000048 50.872065459000055)","Unfall 160819 (2021) Kat:3, Licht: 0","160819","3","3","5","4","14","6","","0","1","1","0","0"
"POINT (7.022344571000076 50.941046081000081)","Unfall 160831 (2021) Kat:3, Licht: 0","160831","3","5","1","5","15","6","","0","0","1","0","0"
"POINT (7.041766748000043 50.942960031000041)","Unfall 160835 (2021) Kat:2, Licht: 0","160835","2","4","6","11","8","3","","0","0","0","1","0"
"POINT (7.014380466000034 50.880998597000030)","Unfall 160836 (2021) Kat:3, Licht: 2","160836","3","1","5","10","7","6","","2","0","1","0","0"
"POINT (7.056189100000040 50.898623629000042)","Unfall 160838 (2021) Kat:3, Licht: 0","160838","3","3","1","6","5","6","","0","0","1","0","1"
"POINT (7.021018704000028 50.974211221000076)","Unfall 160842 (2021) Kat:3, Licht: 0","160842","3","1","0","9","11","2","","0","0","0","0","0"
"POINT (7.029065045000038 50.906035286000076)","Unfall 160843 (2021) Kat:3, Licht: 2","160843","3","7","0","5","2","1","","2","0","1","0","0"
"POINT (7.054407480000066 50.881489515000055)","Unfall 160848 (2021) Kat:3, Licht: 0","160848","3","6","3","6","16","2","","0","1","1","0","0"
"POINT (7.018901788000051 50.969825068000034)","Unfall 160851 (2021) Kat:3, Licht: 0","160851","3","3","5","4","8","4","","0","0","1","0","0"
"POINT (7.057923574000029 50.886780352000073)","Unfall 160855 (2021) Kat:3, Licht: 0","160855","3","3","0","6","16","5","","0","1","0","0","0"
"POINT (7.071171101000061 50.897871749000046)","Unfall 160861 (2021) Kat:2, Licht: 0","160861","2","3","5","3","18","4","","0","0","1","0","1"
"POINT (7.045284922000064 50.959333546000039)","Unfall 160877 (2021) Kat:3, Licht: 0","160877","3","7","6","3","11","4","","0","0","0","1","0"
"POINT (7.040792230000022 50.898600681000062)","Unfall 160881 (2021) Kat:3, Licht: 0","160881","3","7","0","9","20","7","","0","1","0","0","0"
"POINT (7.061702297000068 50.895532842000080)","Unfall 160882 (2021) Kat:3, Licht: 0","160882","3","7","0","6","9","3","","0","0","0","1","0"
"POINT (7.074373436000030 50.978237352000065)","Unfall 160887 (2021) Kat:3, Licht: 0","160887","3","2","5","12","8","5","","0","1","0","0","0"
"POINT (7.058399774000065 50.926367344000028)","Unfall 160891 (2021) Kat:2, Licht: 2","160891","2","7","8","4","22","2","","2","0","1","0","0"
"POINT (7.049978373000044 50.948976590000029)","Unfall 160894 (2021) Kat:2, Licht: 1","160894","2","1","0","9","20","6","","1","1","0","0","0"
"POINT (7.080218477000074 50.881245440000043)","Unfall 160909 (2021) Kat:3, Licht: 0","160909","3","2","5","3","16","2","","0","1","1","0","0"
"POINT (7.072295328000052 50.898397819000081)","Unfall 160913 (2021) Kat:3, Licht: 0","160913","3","3","5","6","19","7","","0","1","1","0","0"
"POINT (7.056379798000023 50.883874404000039)","Unfall 160916 (2021) Kat:2, Licht: 0","160916","2","7","0","9","10","6","","0","1","0","1","0"
"POINT (7.064413637000030 50.973591064000061)","Unfall 160917 (2021) Kat:3, Licht: 0","160917","3","6","0","4","12","3","","0","1","1","0","0"
"POINT (7.021389458000044 50.958035921000032)","Unfall 160921 (2021) Kat:3, Licht: 0","160921","3","7","0","9","7","6","","0","1","0","0","0"
"POINT (7.081328781000025 50.896503743000039)","Unfall 160926 (2021) Kat:3, Licht: 0","160926","3","7","0","11","14","4","","0","0","1","1","0"
"POINT (7.045185761000027 50.950596769000072)","Unfall 160929 (2021) Kat:3, Licht: 0","160929","3","7","0","6","18","5","","0","1","0","0","0"
"POINT (7.019035857000063 50.867104454000071)","Unfall 160930 (2021) Kat:3, Licht: 0","160930","3","3","5","9","12","7","","0","1","0","0","0"
"POINT (7.050477197000021 50.908943467000029)","Unfall 160938 (2021) Kat:3, Licht: 0","160938","3","3","5","7","15","2","","0","0","1","0","0"
"POINT (7.066735869000070 50.971737469000061)","Unfall 160943 (2021) Kat:3, Licht: 0","160943","3","5","1","2","15","6","","0","1","1","0","0"
"POINT (7.071019417000059 50.979883454000060)","Unfall 160949 (2021) Kat:3, Licht: 0","160949","3","1","0","6","10","2","","0","0","0","0","0"
"POINT (7.021343584000022 50.975536783000052)","Unfall 160956 (2021) Kat:3, Licht: 0","160956","3","1","8","3","16","4","","0","0","1","0","0"
"POINT (7.056543935000036 50.969191446000082)","Unfall 160965 (2021) Kat:3, Licht: 1","160965","3","7","0","9","6","5","","1","1","1","0","0"
"POINT (7.081406641000058 50.856058138000037)","Unfall 160974 (2021) Kat:3, Licht: 0","160974","3","7","6","2","11","6","","0","0","1","1","0"
"POINT (7.055225224000026 50.969837661000042)","Unfall 160975 (2021) Kat:3, Licht: 0","160975","3","5","1","3","12","5","","0","0","1","0","0"
"POINT (7.046342184000025 50.972217967000063)","Unfall 160977 (2021) Kat:3, Licht: 0","160977","3","3","5","5","14","5","","0","0","1","0","0"
"POINT (7.018570062000038 50.941319763000081)","Unfall 160978 (2021) Kat:2, Licht: 2","160978","2","1","6","1","19","7","","2","0","1","1","0"
"POINT (7.012462693000032 50.881845894000037)","Unfall 160983 (2021) Kat:3, Licht: 0","160983","3","3","5","11","10","7","","0","0","1","0","0"
"POINT (7.067387083000028 50.886443773000053)","Unfall 160993 (2021) Kat:3, Licht: 0","160993","3","4","0","2","15","5","","0","0","1","1","0"
"POINT (7.078408624000076 50.880330388000061)","Unfall 160994 (2021) Kat:3, Licht: 0","160994","3","2","6","5","11","7","","0","0","1","1","0"
"POINT (7.014822712000068 50.906345792000081)","Unfall 161002 (2021) Kat:3, Licht: 0","161002","3","6","4","6","13","4","","0","0","1","0","0"
"POINT (7.064094661000070 50.901156033000063)","Unfall 161005 (2021) Kat:3, Licht: 2","161005","3","2","5","1","7","3","","2","1","1","0","0"
"POINT (7.020208962000027 50.937948448000043)","Unfall 161008 (2021) Kat:3, Licht: 2","161008","3","3","5","12","18","5","","2","0","1","0","1"
"POINT (7.074953231000052 50.970677326000043)","Unfall 161017 (2021) Kat:3, Licht: 0","161017","3","7","0","6","12","4","","0","1","0","0","0"
"POINT (7.080122090000032 50.883418551000034)","Unfall 161023 (2021) Kat:3, Licht: 0","161023","3","1","0","12","9","2","","0","0","1","0","0"
"POINT (7.051408630000026 50.893173494000052)","Unfall 161025 (2021) Kat:3, Licht: 0","161025","3","5","1","9","9","6","","0","1","1","0","0"
"POINT (7.012050207000073 50.961662506000039)","Unfall 161026 (2021) Kat:3, Licht: 0","161026","3","6","9","6","14","2","","0","0","1","0","0"
"POINT (7.055176913000025 50.974264702000028)","Unfall 161029 (2021) Kat:3, Licht: 0","161029","3","5","5","4","17","5","","0","0","1","0","1"
"POINT (7.043970839000053 50.971937379000053)","Unfall 161035 (2021) Kat:3, Licht: 0","161035","3","3","5","6","15","3","","0","1","0","0","0"
"POINT (7.061206416000061 50.933506994000027)","Unfall 161037 (2021) Kat:2, Licht: 0","161037","2","7","6","11","10","4","","0","0","1","1","0"
"POINT (7.080226900000071 50.881237824000038)","Unfall 161039 (2021) Kat:3, Licht: 0","161039","3","2","5","3","12","2","","0","1","1","0","0"
"POINT (7.032596698000020 50.981174793000037)","Unfall 161052 (2021) Kat:3, Licht: 0","161052","3","3","5","6","20","6","","0","0","1","0","1"
"POINT (7.021360146000063 50.938666449000038)","Unfall 161062 (2021) Kat:3, Licht: 0","161062","3","6","4","9","11","5","","0","1","1","0","0"
"POINT (7.012792341000022 50.973957847000065)","Unfall 161067 (2021) Kat:3, Licht: 0","161067","3","3","5","7","9","2","","0","1","1","0","0"
"POINT (7.065514922000034 50.939329012000030)","Unfall 161078 (2021) Kat:2, Licht: 0","161078","2","3","5","5","8","5","","0","0","1","0","0"
"POINT (7.047799344000055 50.992789057000039)","Unfall 161092 (2021) Kat:2, Licht: 0","161092","2","6","1","9","17","7","","0","1","1","0","0"
"POINT (7.021786850000069 50.927195792000077)","Unfall 161093 (2021) Kat:3, Licht: 0","161093","3","3","0","9","11","1","","0","0","1","0","0"
"POINT (7.015681139000037 50.951702145000070)","Unfall 161098 (2021) Kat:3, Licht: 0","161098","3","2","4","6","21","6","","0","0","1","0","0"
"POINT (7.036888807000025 50.996521769000026)","Unfall 161102 (2021) Kat:3, Licht: 0","161102","3","2","5","9","14","7","","0","0","1","0","0"
"POINT (7.056865845000061 50.926329929000076)","Unfall 161103 (2021) Kat:3, Licht: 0","161103","3","6","3","6","10","5","","0","0","1","0","1"
"POINT (7.032545017000075 50.977909882000063)","Unfall 161108 (2021) Kat:3, Licht: 0","161108","3","4","6","6","5","3","","0","0","1","1","0"
"POINT (7.089604699000063 50.946978995000052)","Unfall 161120 (2021) Kat:3, Licht: 2","161120","3","7","7","11","18","3","","2","1","0","0","0"
"POINT (7.061780350000049 50.882832173000054)","Unfall 161122 (2021) Kat:3, Licht: 2","161122","3","1","8","1","7","2","","2","1","0","0","0"
"POINT (7.032530525000027 50.980089119000070)","Unfall 161139 (2021) Kat:2, Licht: 0","161139","2","2","5","12","10","3","","0","1","1","0","0"
"POINT (7.071591499000021 50.944489030000057)","Unfall 161140 (2021) Kat:3, Licht: 0","161140","3","3","5","5","15","3","","0","1","1","0","0"
"POINT (7.013029683000070 50.954936291000081)","Unfall 161151 (2021) Kat:3, Licht: 0","161151","3","5","1","6","20","4","","0","1","0","1","0"
"POINT (7.074552235000056 50.978354562000050)","Unfall 161154 (2021) Kat:2, Licht: 0","161154","2","7","1","11","15","5","","0","0","1","0","0"
"POINT (7.060289126000043 50.896113422000042)","Unfall 161159 (2021) Kat:2, Licht: 0","161159","2","5","1","4","12","5","","0","0","1","0","0"
"POINT (7.011600853000061 50.970966117000046)","Unfall 161160 (2021) Kat:3, Licht: 0","161160","3","2","0","9","18","7","","0","0","1","0","0"
"POINT (7.050450350000062 50.908904486000040)","Unfall 161163 (2021) Kat:3, Licht: 2","161163","3","3","5","10","21","4","","2","0","1","0","0"
"POINT (7.098470828000075 50.915056759000038)","Unfall 161234 (2021) Kat:3, Licht: 2","161234","3","3","5","11","18","2","","2","0","1","0","1"
"POINT (7.101644761000045 50.863931541000056)","Unfall 161241 (2021) Kat:3, Licht: 0","161241","3","3","5","6","13","2","","0","0","1","0","0"
"POINT (7.098259766000069 50.973025397000072)","Unfall 161260 (2021) Kat:3, Licht: 0","161260","3","4","6","3","9","2","","0","0","1","1","0"
"POINT (7.093112112000028 50.863119801000039)","Unfall 161433 (2021) Kat:3, Licht: 0","161433","3","5","8","9","13","4","","0","0","1","0","0"
"POINT (7.094261378000056 50.858187208000061)","Unfall 161567 (2021) Kat:3, Licht: 2","161567","3","3","5","9","5","2","","2","1","1","0","0"
"POINT (7.102757786000041 50.840550659000030)","Unfall 161652 (2021) Kat:3, Licht: 0","161652","3","3","1","1","13","2","","0","0","1","0","1"
"POINT (7.092760040000030 50.969206486000076)","Unfall 161674 (2021) Kat:3, Licht: 0","161674","3","1","7","5","18","1","","0","1","0","0","0"
"POINT (7.100356879000060 50.860858146000055)","Unfall 161698 (2021) Kat:3, Licht: 0","161698","3","5","5","7","5","7","","0","0","1","0","1"
"POINT (7.105010191000076 50.866837284000042)","Unfall 161706 (2021) Kat:3, Licht: 0","161706","3","1","0","2","8","6","","0","0","0","0","1"
"POINT (7.099510055000053 50.861742739000078)","Unfall 161714 (2021) Kat:3, Licht: 0","161714","3","6","0","6","8","3","","0","1","1","1","0"
"POINT (7.094082671000024 50.858671481000044)","Unfall 161719 (2021) Kat:3, Licht: 0","161719","3","2","6","10","15","4","","0","0","1","1","0"
"POINT (7.092617495000070 50.845914149000066)","Unfall 161727 (2021) Kat:2, Licht: 0","161727","2","1","0","10","15","1","","0","1","0","0","0"
"POINT (7.097831433000067 50.876205759000072)","Unfall 161776 (2021) Kat:3, Licht: 2","161776","3","3","0","10","3","7","","2","0","0","0","1"
"POINT (7.110556891000044 50.879988865000030)","Unfall 161790 (2021) Kat:3, Licht: 0","161790","3","1","0","12","13","7","","0","0","0","0","1"