WKT,Name,OBJECTID,UKATEGORIE,UTYP1,UART,UMONAT,USTUNDE,UWOCHENTAG,STRZUSTAND,ULICHTVERH,ISTRAD,ISTPKW,ISTFUSS,ISTKRAD
"POINT (7.099589028000025 50.850105228000075)","Unfall 161803 (2021) Kat:3, Licht: 2","161803","3","7","0","10","22","6","","2","0","1","0","0"
"POINT (7.115274632000023 50.877159276000043)","Unfall 161858 (2021) Kat:3, Licht: 2","161858","3","1","0","11","21","4","","2","1","1","0","0"
"POINT (7.104268554000043 50.850241821000054)","Unfall 161913 (2021) Kat:3, Licht: 0","161913","3","1","0","6","18","6","","0","1","0","0","0"
"POINT (7.096049419000053 50.863380162000055)","Unfall 161968 (2021) Kat:3, Licht: 0","161968","3","1","0","11","8","2","","0","0","0","0","1"
"POINT (7.113014332000034 50.880123111000046)","Unfall 162008 (2021) Kat:3, Licht: 0","162008","3","3","5","10","15","7","","0","0","1","0","0"
"POINT (7.106021445000067 50.872729629000048)","Unfall 162047 (2021) Kat:3, Licht: 0","162047","3","3","5","9","15","7","","0","1","1","0","0"
"POINT (7.115298265000035 50.877154551000046)","Unfall 162083 (2021) Kat:3, Licht: 2","162083","3","2","5","1","5","2","","2","1","1","0","0"
"POINT (7.093566496000051 50.845716864000053)","Unfall 162133 (2021) Kat:3, Licht: 0","162133","3","3","5","5","12","7","","0","1","1","0","0"
"POINT (7.096511206000059 50.915130952000027)","Unfall 162153 (2021) Kat:3, Licht: 0","162153","3","3","5","9","9","1","","0","0","1","0","0"
"POINT (7.098023548000072 50.872969481000041)","Unfall 162170 (2021) Kat:2, Licht: 2","162170","2","1","0","6","0","5","","2","1","0","0","0"
"POINT (7.095952165000028 50.971955244000071)","Unfall 162209 (2021) Kat:3, Licht: 0","162209","3","7","0","6","8","3","","0","1","1","0","0"
"POINT (7.097783352000022 50.926153751000072)","Unfall 162281 (2021) Kat:3, Licht: 0","162281","3","7","0","4","11","4","","0","0","0","0","0"
"POINT (7.005745304000072 50.939753282000027)","Unfall 167842 (2021) Kat:3, Licht: 0","167842","3","7","0","8","20","5","","0","0","0","0","0"
"POINT (6.906971465000026 50.966864545000078)","Unfall 167852 (2021) Kat:3, Licht: 0","167852","3","1","0","8","16","4","","0","0","0","0","0"
"POINT (6.948887601000024 50.934860295000078)","Unfall 167855 (2021) Kat:3, Licht: 0","167855","3","3","5","8","12","1","","0","1","1","0","0"
"POINT (7.054700269000023 50.886585709000030)","Unfall 167859 (2021) Kat:2, Licht: 0","167859","2","1","7","7","6","4","","0","0","0","0","0"
"POINT (6.974765839000042 50.931362046000061)","Unfall 167863 (2021) Kat:3, Licht: 0","167863","3","1","7","8","18","1","","0","0","0","0","0"
"POINT (6.958399878000023 50.949587260000044)","Unfall 167867 (2021) Kat:3, Licht: 0","167867","3","6","2","4","18","4","","0","0","1","0","0"
"POINT (6.945212575000028 50.943325250000044)","Unfall 167874 (2021) Kat:2, Licht: 1","167874","2","1","0","8","20","6","","1","1","0","0","0"
"POINT (6.968996465000032 50.975908758000060)","Unfall 167877 (2021) Kat:2, Licht: 0","167877","2","3","5","7","7","2","","0","1","1","0","0"
"POINT (7.063762492000023 50.886258254000040)","Unfall 167881 (2021) Kat:2, Licht: 0","167881","2","1","0","7","13","5","","0","1","0","0","0"
"POINT (6.934751782000035 50.927691188000040)","Unfall 167885 (2021) Kat:2, Licht: 2","167885","2","1","0","8","23","7","","2","1","0","0","0"
"POINT (6.994104358000072 50.957344961000047)","Unfall 167889 (2021) Kat:3, Licht: 0","167889","3","3","5","8","17","3","","0","1","1","0","0"
"POINT (6.917484973000057 50.959999151000034)","Unfall 167897 (2021) Kat:3, Licht: 0","167897","3","2","4","4","14","2","","0","1","1","0","0"
"POINT (6.916097056000069 50.920494845000064)","Unfall 167908 (2021) Kat:3, Licht: 0","167908","3","5","1","8","15","6","","0","1","1","0","0"
"POINT (6.977873479000039 50.948271466000051)","Unfall 167912 (2021) Kat:3, Licht: 0","167912","3","1","0","4","15","1","","0","1","0","0","0"
"POINT (6.960507926000048 50.943640615000049)","Unfall 167919 (2021) Kat:3, Licht: 0","167919","3","6","6","8","17","6","","0","1","0","1","0"
"POINT (6.945781167000064 50.935194409000076)","Unfall 167923 (2021) Kat:3, Licht: 0","167923","3","6","1","7","13","7","","0","1","1","0","0"
"POINT (6.908117443000037 50.975513278000051)","Unfall 167924 (2021) Kat:3, Licht: 0","167924","3","3","5","8","16","3","","0","0","1","0","0"
"POINT (7.011050047000026 50.971167452000032)","Unfall 167929 (2021) Kat:3, Licht: 0","167929","3","6","1","8","10","7","","0","1","1","0","0"
"POINT (6.959560054000065 50.963163940000072)","Unfall 167931 (2021) Kat:3, Licht: 0","167931","3","2","0","8","7","1","","0","1","0","0","0"
"POINT (6.939813283000035 50.926770550000072)","Unfall 167933 (2021) Kat:2, Licht: 2","167933","2","1","7","8","0","7","","2","0","0","0","0"
"POINT (6.947634474000040 50.948161180000056)","Unfall 167937 (2021) Kat:3, Licht: 0","167937","3","2","2","8","17","5","","0","0","1","0","1"
"POINT (6.955497811000043 50.924906404000069)","Unfall 167944 (2021) Kat:3, Licht: 0","167944","3","1","8","8","15","3","","0","0","0","0","0"
"POINT (6.956287954000061 50.941548290000071)","Unfall 167948 (2021) Kat:3, Licht: 1","167948","3","6","3","5","20","7","","1","1","0","0","0"
"POINT (6.940950828000041 50.911968034000040)","Unfall 167955 (2021) Kat:3, Licht: 0","167955","3","1","0","8","14","2","","0","1","0","0","0"
"POINT (7.039050845000077 50.970149570000046)","Unfall 167958 (2021) Kat:3, Licht: 0","167958","3","1","0","8","16","6","","0","1","0","0","0"
"POINT (6.941073014000040 50.940032575000032)","Unfall 167963 (2021) Kat:3, Licht: 2","167963","3","5","8","8","4","1","","2","0","1","0","0"
"POINT (6.961729023000032 50.914561191000075)","Unfall 167969 (2021) Kat:3, Licht: 0","167969","3","2","5","7","16","7","","0","1","1","0","0"
"POINT (6.953115287000060 50.938691327000072)","Unfall 167971 (2021) Kat:3, Licht: 0","167971","3","6","3","8","17","5","","0","0","1","0","1"
"POINT (7.001337615000068 50.933067323000046)","Unfall 167975 (2021) Kat:3, Licht: 2","167975","3","6","4","7","3","7","","2","0","1","0","0"
"POINT (6.959766227000046 50.974220863000028)","Unfall 167976 (2021) Kat:3, Licht: 0","167976","3","2","5","8","16","7","","0","0","1","0","1"
"POINT (6.928505066000071 50.931164505000027)","Unfall 167984 (2021) Kat:3, Licht: 0","167984","3","3","5","8","15","6","","0","1","0","0","0"
"POINT (7.007580017000066 50.958220124000036)","Unfall 167988 (2021) Kat:3, Licht: 0","167988","3","1","0","7","21","6","","0","1","0","0","0"
"POINT (6.957690775000060 50.918782722000060)","Unfall 167993 (2021) Kat:3, Licht: 0","167993","3","1","0","8","18","6","","0","1","0","0","0"
"POINT (6.956310812000027 50.939313181000045)","Unfall 167997 (2021) Kat:3, Licht: 0","167997","3","6","6","8","18","1","","0","0","0","1","0"
"POINT (7.018322898000065 50.965244417000065)","Unfall 168006 (2021) Kat:3, Licht: 0","168006","3","1","0","8","13","5","","0","0","0","0","0"
"POINT (6.958094862000053 50.939158369000040)","Unfall 168009 (2021) Kat:3, Licht: 0","168009","3","7","0","7","15","4","","0","0","0","1","0"
"POINT (6.953753390000031 50.900303371000064)","Unfall 168013 (2021) Kat:3, Licht: 0","168013","3","2","2","8","17","5","","0","0","1","0","0"
"POINT (6.932779986000071 50.926991363000070)","Unfall 168017 (2021) Kat:3, Licht: 0","168017","3","1","0","7","13","5","","0","0","0","0","1"
"POINT (6.934433497000043 50.932993889000045)","Unfall 168021 (2021) Kat:3, Licht: 0","168021","3","2","3","6","19","4","","0","1","1","0","0"
"POINT (6.914362675000064 50.931254126000056)","Unfall 168030 (2021) Kat:3, Licht: 0","168030","3","5","0","7","11","6","","0","1","1","0","0"
"POINT (6.920676294000032 50.953608142000064)","Unfall 168034 (2021) Kat:2, Licht: 2","168034","2","1","0","8","1","7","","2","1","0","0","0"
"POINT (6.953447323000034 50.944775031000063)","Unfall 168043 (2021) Kat:3, Licht: 0","168043","3","6","0","8","9","2","","0","0","1","0","1"
"POINT (7.041514395000036 50.993780594000043)","Unfall 168048 (2021) Kat:3, Licht: 0","168048","3","7","0","7","11","6","","0","1","1","0","0"
"POINT (6.840094349000026 50.966879304000031)","Unfall 168054 (2021) Kat:3, Licht: 0","168054","3","3","5","4","15","3","","0","1","0","0","0"
"POINT (7.003865142000052 50.935451909000051)","Unfall 168057 (2021) Kat:3, Licht: 0","168057","3","1","8","8","10","2","","0","0","1","1","0"
"POINT (6.991575192000028 50.888307017000045)","Unfall 168061 (2021) Kat:3, Licht: 0","168061","3","6","2","8","7","4","","0","1","1","0","0"
"POINT (7.004905337000025 50.867164287000037)","Unfall 168070 (2021) Kat:3, Licht: 0","168070","3","3","5","7","18","6","","0","0","1","0","1"
"POINT (6.941301885000030 50.907726567000054)","Unfall 168075 (2021) Kat:3, Licht: 0","168075","3","2","5","6","14","1","","0","1","1","0","0"
"POINT (6.956053609000037 50.941741560000025)","Unfall 168077 (2021) Kat:3, Licht: 0","168077","3","1","0","8","14","3","","0","0","0","0","0"
"POINT (6.919661382000072 50.921512821000078)","Unfall 168088 (2021) Kat:3, Licht: 0","168088","3","1","0","7","19","6","","0","1","0","0","0"
"POINT (6.956893318000027 50.939881455000034)","Unfall 168091 (2021) Kat:3, Licht: 1","168091","3","3","5","8","20","6","","1","0","0","0","0"
"POINT (6.913906664000024 50.927471156000081)","Unfall 168103 (2021) Kat:3, Licht: 0","168103","3","7","0","8","7","6","","0","0","0","0","0"
"POINT (6.958523541000034 50.925789795000071)","Unfall 168112 (2021) Kat:2, Licht: 0","168112","2","2","6","8","8","5","","0","0","1","1","0"
"POINT (6.850826719000054 50.948054020000029)","Unfall 168116 (2021) Kat:2, Licht: 0","168116","2","2","5","7","11","2","","0","0","1","0","0"
"POINT (6.951873897000041 50.939052510000067)","Unfall 168124 (2021) Kat:3, Licht: 0","168124","3","6","6","8","13","7","","0","1","0","1","0"
"POINT (7.005275303000076 50.960638639000081)","Unfall 168125 (2021) Kat:3, Licht: 0","168125","3","4","6","8","17","2","","0","1","0","1","0"
"POINT (7.000657467000053 50.936637435000080)","Unfall 168128 (2021) Kat:3, Licht: 0","168128","3","5","1","6","13","1","","0","1","1","0","0"
"POINT (7.020919975000027 50.973433180000029)","Unfall 168129 (2021) Kat:3, Licht: 0","168129","3","1","0","8","14","6","","0","0","0","0","1"
"POINT (7.039295915000025 50.971765153000035)","Unfall 168134 (2021) Kat:3, Licht: 0","168134","3","2","6","8","13","2","","0","0","1","1","0"
"POINT (7.063098514000046 50.896912067000073)","Unfall 168148 (2021) Kat:3, Licht: 0","168148","3","5","0","8","11","1","","0","1","1","0","0"
"POINT (6.955283009000027 50.972643172000062)","Unfall 168149 (2021) Kat:3, Licht: 0","168149","3","2","4","8","10","5","","0","0","1","0","1"
"POINT (7.011581696000064 50.963922046000050)","Unfall 168151 (2021) Kat:3, Licht: 0","168151","3","6","6","8","7","4","","0","0","1","1","0"
"POINT (6.893574808000039 51.016309331000059)","Unfall 168153 (2021) Kat:3, Licht: 0","168153","3","6","2","8","18","5","","0","0","1","0","0"
"POINT (6.927731391000066 50.953680929000029)","Unfall 168159 (2021) Kat:3, Licht: 2","168159","3","1","7","8","3","7","","2","1","0","0","0"
"POINT (6.931328408000070 50.922759203000055)","Unfall 168165 (2021) Kat:3, Licht: 0","168165","3","1","0","8","12","3","","0","0","0","0","0"
"POINT (6.834474687000068 50.942712925000080)","Unfall 168169 (2021) Kat:2, Licht: 2","168169","2","1","8","7","4","3","","2","0","0","0","1"
"POINT (6.953109964000021 50.938341611000055)","Unfall 168177 (2021) Kat:3, Licht: 0","168177","3","6","1","7","16","4","","0","0","1","0","0"
"POINT (6.914760555000043 50.962838165000051)","Unfall 168178 (2021) Kat:2, Licht: 2","168178","2","1","0","7","1","7","","2","1","0","0","0"
"POINT (6.961361722000049 50.936591247000081)","Unfall 168181 (2021) Kat:3, Licht: 0","168181","3","1","0","8","12","5","","0","1","0","0","0"
"POINT (6.957385268000053 50.974166227000069)","Unfall 168182 (2021) Kat:3, Licht: 0","168182","3","2","5","8","11","2","","0","0","1","0","0"
"POINT (7.081557607000036 50.875908414000037)","Unfall 168186 (2021) Kat:3, Licht: 0","168186","3","1","6","8","10","2","","0","0","1","1","0"
"POINT (6.972805373000028 50.932462741000052)","Unfall 168191 (2021) Kat:2, Licht: 0","168191","2","2","5","8","19","7","","0","0","1","0","1"
"POINT (6.999770286000057 50.957146383000065)","Unfall 168195 (2021) Kat:3, Licht: 0","168195","3","7","0","7","17","3","","0","1","1","0","0"
"POINT (6.967508501000054 50.923236619000079)","Unfall 168201 (2021) Kat:3, Licht: 0","168201","3","6","4","7","12","3","","0","0","0","0","0"
"POINT (6.958808820000058 50.939903506000064)","Unfall 168205 (2021) Kat:3, Licht: 2","168205","3","1","0","8","23","6","","2","0","0","0","0"
"POINT (6.960458884000047 50.918141419000051)","Unfall 168213 (2021) Kat:3, Licht: 0","168213","3","6","3","8","7","5","","0","1","1","0","0"
"POINT (6.943913042000077 50.940844376000030)","Unfall 168217 (2021) Kat:3, Licht: 2","168217","3","1","8","7","23","3","","2","0","0","0","0"
"POINT (7.011666037000055 50.963859929000080)","Unfall 168226 (2021) Kat:2, Licht: 0","168226","2","4","6","8","14","1","","0","0","1","1","0"
"POINT (6.945267229000024 50.932802188000039)","Unfall 168230 (2021) Kat:3, Licht: 1","168230","3","1","0","8","19","3","","1","1","0","0","0"
"POINT (6.950082866000059 50.895979640000064)","Unfall 168234 (2021) Kat:3, Licht: 0","168234","3","3","5","8","7","4","","0","0","1","0","1"
"POINT (6.854952274000027 50.926668067000037)","Unfall 168238 (2021) Kat:3, Licht: 0","168238","3","1","0","7","9","4","","0","1","0","0","0"
"POINT (6.871730862000049 50.947324632000061)","Unfall 168242 (2021) Kat:3, Licht: 0","168242","3","3","5","8","7","3","","0","1","0","0","0"
"POINT (6.939681925000059 50.917723316000036)","Unfall 168247 (2021) Kat:3, Licht: 0","168247","3","6","2","7","15","7","","0","0","1","0","0"
"POINT (6.951658205000058 50.942469970000047)","Unfall 168251 (2021) Kat:3, Licht: 0","168251","3","5","1","8","12","3","","0","1","1","0","0"
"POINT (6.912162708000039 50.999279771000033)","Unfall 168255 (2021) Kat:3, Licht: 0","168255","3","6","2","8","13","4","","0","0","1","0","0"
"POINT (6.938802154000030 50.930013018000068)","Unfall 168263 (2021) Kat:3, Licht: 0","168263","3","7","2","8","19","1","","0","0","1","0","0"
"POINT (6.926048388000027 50.916638146000082)","Unfall 168271 (2021) Kat:3, Licht: 0","168271","3","2","2","8","9","2","","0","1","1","0","0"
"POINT (7.093212792000031 50.965655321000042)","Unfall 168273 (2021) Kat:2, Licht: 0","168273","2","2","0","8","14","7","","0","1","1","0","0"
"POINT (6.954040717000055 50.939120573000082)","Unfall 168275 (2021) Kat:3, Licht: 0","168275","3","6","4","4","9","5","","0","0","1","0","0"
"POINT (7.040324026000064 50.931530636000048)","Unfall 168283 (2021) Kat:3, Licht: 0","168283","3","1","0","8","15","3","","0","1","0","0","0"
"POINT (6.919683575000022 50.952177438000035)","Unfall 168287 (2021) Kat:3, Licht: 0","168287","3","6","2","8","17","1","","0","0","1","0","0"
"POINT (6.923645974000067 50.908854442000063)","Unfall 168303 (2021) Kat:3, Licht: 1","168303","3","3","5","8","20","4","","1","1","1","0","0"
"POINT (6.913336289000029 50.964113401000077)","Unfall 168305 (2021) Kat:3, Licht: 0","168305","3","7","0","8","12","5","","0","1","0","0","0"
"POINT (7.002275339000050 50.928184339000040)","Unfall 168308 (2021) Kat:3, Licht: 0","168308","3","4","6","7","16","5","","0","0","1","1","0"
"POINT (6.948952136000059 50.948673890000066)","Unfall 168312 (2021) Kat:3, Licht: 0","168312","3","3","5","7","13","3","","0","1","0","0","0"
"POINT (6.937976142000025 50.940825110000048)","Unfall 168322 (2021) Kat:3, Licht: 0","168322","3","7","0","10","11","5","","0","0","0","1","0"
"POINT (6.946986890000062 50.914913475000048)","Unfall 168328 (2021) Kat:3, Licht: 0","168328","3","6","2","7","11","6","","0","0","1","0","1"
"POINT (6.933994010000049 50.921710420000068)","Unfall 168331 (2021) Kat:3, Licht: 0","168331","3","4","6","6","12","5","","0","0","1","1","0"
"POINT (6.920560025000043 50.945628054000053)","Unfall 168335 (2021) Kat:3, Licht: 2","168335","3","2","0","8","1","1","","2","1","1","0","0"
"POINT (7.048620013000061 50.865805625000064)","Unfall 168336 (2021) Kat:3, Licht: 0","168336","3","7","6","2","15","7","","0","0","0","1","0"
"POINT (6.941268916000070 50.916003527000044)","Unfall 168341 (2021) Kat:3, Licht: 0","168341","3","3","5","7","17","2","","0","1","1","0","0"
"POINT (6.898678745000041 50.941895457000044)","Unfall 168343 (2021) Kat:2, Licht: 0","168343","2","1","0","8","16","6","","0","1","0","0","0"
"POINT (7.063445261000027 50.895521063000047)","Unfall 168352 (2021) Kat:3, Licht: 0","168352","3","3","5","7","15","2","","0","1","1","0","0"
"POINT (7.034021477000067 50.961398955000050)","Unfall 168355 (2021) Kat:2, Licht: 0","168355","2","7","0","8","8","5","","0","0","0","1","0"
"POINT (7.001513510000052 50.928475844000047)","Unfall 168357 (2021) Kat:3, Licht: 0","168357","3","7","0","8","16","2","","0","0","0","0","0"
"POINT (6.918666132000055 50.955375757000070)","Unfall 168361 (2021) Kat:3, Licht: 0","168361","3","7","6","8","14","3","","0","0","1","1","0"
"POINT (6.921288058000073 50.922109078000062)","Unfall 168368 (2021) Kat:3, Licht: 0","168368","3","1","0","7","18","6","","0","1","0","0","0"
"POINT (6.973211415000037 50.941812788000050)","Unfall 168372 (2021) Kat:2, Licht: 0","168372","2","6","0","8","10","5","","0","0","1","0","1"
"POINT (6.937461786000028 50.938079628000025)","Unfall 168381 (2021) Kat:3, Licht: 0","168381","3","5","6","8","10","6","","0","0","1","1","0"
"POINT (6.907559413000058 50.970634300000029)","Unfall 168382 (2021) Kat:3, Licht: 0","168382","3","6","3","8","19","6","","0","1","0","0","0"
"POINT (6.891056414000047 51.017141223000067)","Unfall 168384 (2021) Kat:3, Licht: 0","168384","3","3","5","8","10","2","","0","1","1","0","0"
"POINT (6.953000123000038 50.934010403000059)","Unfall 168386 (2021) Kat:3, Licht: 2","168386","3","6","1","8","3","7","","2","0","1","0","1"
"POINT (6.953835151000021 50.938858739000068)","Unfall 168394 (2021) Kat:3, Licht: 0","168394","3","4","6","7","13","7","","0","0","0","1","0"
"POINT (6.977574583000035 50.970521592000068)","Unfall 168395 (2021) Kat:3, Licht: 0","168395","3","2","2","7","15","7","","0","0","1","0","0"
"POINT (6.904291766000028 50.934124905000033)","Unfall 168398 (2021) Kat:3, Licht: 0","168398","3","7","0","8","16","5","","0","1","0","1","0"
"POINT (6.969262007000054 50.974376131000042)","Unfall 168399 (2021) Kat:3, Licht: 0","168399","3","2","5","8","15","3","","0","1","0","0","0"
"POINT (6.920948716000055 50.886547598000050)","Unfall 168403 (2021) Kat:3, Licht: 0","168403","3","6","2","8","15","2","","0","0","1","0","0"
"POINT (6.965134119000027 50.983267961000081)","Unfall 168404 (2021) Kat:3, Licht: 0","168404","3","1","9","8","18","3","","0","0","1","0","0"
"POINT (6.973039033000020 50.926307092000059)","Unfall 168407 (2021) Kat:3, Licht: 1","168407","3","7","0","8","19","7","","1","1","0","1","0"
"POINT (6.960145321000027 50.919217858000081)","Unfall 168416 (2021) Kat:3, Licht: 0","168416","3","7","0","8","13","2","","0","0","1","0","0"
"POINT (6.993474174000028 50.939195963000031)","Unfall 168420 (2021) Kat:3, Licht: 1","168420","3","5","6","7","5","2","","1","1","0","1","0"
"POINT (7.051809819000027 50.967340027000034)","Unfall 168428 (2021) Kat:3, Licht: 0","168428","3","6","8","8","15","5","","0","1","0","0","0"
"POINT (6.962626029000035 50.934910036000076)","Unfall 168430 (2021) Kat:3, Licht: 0","168430","3","6","3","8","11","2","","0","1","1","0","0"
"POINT (6.904355620000047 51.016614105000031)","Unfall 168438 (2021) Kat:3, Licht: 0","168438","3","3","1","8","9","3","","0","1","1","0","0"
"POINT (6.934254607000071 50.927519801000074)","Unfall 168440 (2021) Kat:3, Licht: 0","168440","3","1","0","7","18","5","","0","1","0","0","0"
"POINT (6.920078198000056 50.953830596000046)","Unfall 168444 (2021) Kat:3, Licht: 0","168444","3","2","5","8","21","3","","0","1","1","0","0"
"POINT (6.867877704000023 50.932197241000040)","Unfall 168453 (2021) Kat:3, Licht: 2","168453","3","1","0","5","20","7","","2","1","0","0","0"
"POINT (6.944802447000029 50.947156262000078)","Unfall 168457 (2021) Kat:3, Licht: 0","168457","3","4","6","7","13","1","","0","1","0","1","0"
"POINT (7.126571558000023 50.873730389000059)","Unfall 168458 (2021) Kat:3, Licht: 2","168458","3","1","0","11","0","3","","2","0","0","0","0"
"POINT (6.972564991000070 50.944946825000045)","Unfall 168466 (2021) Kat:3, Licht: 0","168466","3","7","0","7","17","7","","0","1","0","0","0"
"POINT (7.044933974000060 50.994980961000067)","Unfall 168470 (2021) Kat:2, Licht: 0","168470","2","4","6","7","12","7","","0","0","0","1","0"
"POINT (6.959984145000021 50.934602115000075)","Unfall 168476 (2021) Kat:3, Licht: 0","168476","3","6","3","7","10","7","","0","1","1","0","0"
"POINT (6.957723177000048 50.927560577000065)","Unfall 168485 (2021) Kat:3, Licht: 0","168485","3","6","3","8","16","7","","0","1","1","0","0"
"POINT (7.016917109000076 50.958012222000036)","Unfall 168489 (2021) Kat:3, Licht: 0","168489","3","7","0","8","12","4","","0","0","1","0","0"
"POINT (7.010239253000066 50.942539049000061)","Unfall 168496 (2021) Kat:3, Licht: 0","168496","3","2","5","8","17","7","","0","0","1","0","1"
"POINT (6.975241533000030 50.898420383000030)","Unfall 168503 (2021) Kat:3, Licht: 0","168503","3","3","5","8","8","5","","0","0","1","0","0"
"POINT (6.942532319000065 50.944451448000052)","Unfall 168509 (2021) Kat:3, Licht: 2","168509","3","4","6","7","22","4","","2","1","0","1","0"
"POINT (6.897239721000062 51.019477914000049)","Unfall 168511 (2021) Kat:2, Licht: 0","168511","2","3","3","8","14","5","","0","0","1","0","1"
"POINT (6.965024836000055 50.988082793000046)","Unfall 168513 (2021) Kat:3, Licht: 0","168513","3","6","0","8","7","6","","0","1","1","0","0"
"POINT (6.975095202000034 50.964684875000046)","Unfall 168518 (2021) Kat:3, Licht: 0","168518","3","3","5","7","7","3","","0","1","1","0","0"
"POINT (6.934673601000043 50.927658606000080)","Unfall 168520 (2021) Kat:3, Licht: 0","168520","3","1","0","7","20","5","","0","0","0","0","0"
"POINT (7.039204755000071 50.897847429000080)","Unfall 168525 (2021) Kat:3, Licht: 1","168525","3","3","5","8","5","6","","1","1","1","0","0"
"POINT (6.957256906000055 50.918906515000060)","Unfall 168531 (2021) Kat:3, Licht: 0","168531","3","6","2","8","18","6","","0","1","1","0","0"
"POINT (7.000022398000056 50.958081168000035)","Unfall 168535 (2021) Kat:3, Licht: 0","168535","3","3","5","8","18","3","","0","1","1","0","0"
"POINT (7.005830257000071 50.863217765000059)","Unfall 168536 (2021) Kat:3, Licht: 0","168536","3","2","5","4","14","2","","0","0","1","0","1"
"POINT (6.943131084000072 50.943693790000054)","Unfall 168542 (2021) Kat:3, Licht: 0","168542","3","6","3","7","8","3","","0","1","1","0","0"
"POINT (6.953478928000038 50.932731480000029)","Unfall 168546 (2021) Kat:3, Licht: 2","168546","3","1","0","8","21","7","","2","0","0","0","1"
"POINT (7.021259336000071 50.974963590000073)","Unfall 168547 (2021) Kat:3, Licht: 0","168547","3","3","5","8","16","7","","0","1","1","0","0"
"POINT (6.927492683000025 50.928980698000032)","Unfall 168555 (2021) Kat:3, Licht: 0","168555","3","3","5","7","9","3","","0","1","0","0","0"
"POINT (7.093771127000025 50.863183648000074)","Unfall 168561 (2021) Kat:3, Licht: 0","168561","3","4","0","8","13","5","","0","0","0","1","0"
"POINT (6.908207048000065 51.012097720000043)","Unfall 168563 (2021) Kat:3, Licht: 0","168563","3","1","0","8","12","4","","0","1","0","0","0"
"POINT (6.919839054000022 50.921578350000061)","Unfall 168566 (2021) Kat:3, Licht: 0","168566","3","1","0","7","12","4","","0","1","0","0","0"
"POINT (7.004768166000076 50.940954751000049)","Unfall 168570 (2021) Kat:3, Licht: 0","168570","3","6","3","6","12","5","","0","0","1","0","0"
"POINT (6.881583482000053 50.959531172000027)","Unfall 168577 (2021) Kat:2, Licht: 0","168577","2","1","0","8","13","5","","0","1","0","0","0"
"POINT (6.907384937000074 50.919243362000032)","Unfall 168583 (2021) Kat:3, Licht: 1","168583","3","1","0","8","17","3","","1","0","0","0","1"
"POINT (6.882470104000049 50.943326192000029)","Unfall 168587 (2021) Kat:3, Licht: 0","168587","3","3","5","8","10","2","","0","0","0","0","1"
"POINT (6.947618981000062 50.937412745000074)","Unfall 168598 (2021) Kat:3, Licht: 0","168598","3","7","0","7","21","5","","0","0","0","0","0"
"POINT (7.010920226000053 50.976118685000074)","Unfall 168599 (2021) Kat:3, Licht: 0","168599","3","4","0","7","15","1","","0","0","1","1","0"
"POINT (7.021372038000038 50.975533676000055)","Unfall 168604 (2021) Kat:2, Licht: 0","168604","2","3","5","8","11","5","","0","0","1","0","1"
"POINT (6.936934948000044 50.928945991000035)","Unfall 168607 (2021) Kat:3, Licht: 0","168607","3","6","3","8","19","4","","0","1","1","0","0"
"POINT (6.885982747000071 50.947345653000070)","Unfall 168612 (2021) Kat:3, Licht: 0","168612","3","1","0","8","13","1","","0","0","0","0","0"
"POINT (6.928373189000069 50.924481513000046)","Unfall 168617 (2021) Kat:3, Licht: 1","168617","3","1","0","8","17","6","","1","1","0","0","0"
"POINT (6.955434690000061 50.939710717000025)","Unfall 168621 (2021) Kat:3, Licht: 0","168621","3","6","0","4","11","2","","0","1","0","0","0"
"POINT (6.977324842000030 50.996732660000077)","Unfall 168625 (2021) Kat:3, Licht: 0","168625","3","7","0","8","11","3","","0","1","0","0","0"
"POINT (6.920165725000061 50.917232135000063)","Unfall 168628 (2021) Kat:3, Licht: 0","168628","3","2","5","8","14","2","","0","1","0","0","0"
"POINT (6.889061604000062 50.967119928000045)","Unfall 168630 (2021) Kat:3, Licht: 0","168630","3","1","0","7","12","7","","0","0","0","1","0"
"POINT (6.940892472000030 50.939154510000037)","Unfall 168632 (2021) Kat:3, Licht: 0","168632","3","3","5","6","10","6","","0","1","1","0","0"
"POINT (6.947618981000062 50.937412745000074)","Unfall 168641 (2021) Kat:3, Licht: 0","168641","3","1","0","7","21","5","","0","0","0","0","0"
"POINT (6.977565785000024 50.969325737000077)","Unfall 168642 (2021) Kat:3, Licht: 0","168642","3","6","0","7","19","2","","0","1","0","1","0"
"POINT (6.947295299000075 50.932709935000048)","Unfall 168645 (2021) Kat:3, Licht: 0","168645","3","7","0","7","16","7","","0","1","1","0","0"
"POINT (7.073728101000029 50.884294277000038)","Unfall 168649 (2021) Kat:3, Licht: 0","168649","3","1","0","8","18","2","","0","1","0","0","0"
"POINT (7.047270666000031 50.930412690000026)","Unfall 168654 (2021) Kat:3, Licht: 0","168654","3","5","1","8","16","5","","0","0","1","0","0"
"POINT (7.017236399000069 50.948162182000033)","Unfall 168658 (2021) Kat:2, Licht: 2","168658","2","1","0","8","0","1","","2","0","0","0","0"
"POINT (6.949283529000070 50.918015584000045)","Unfall 168663 (2021) Kat:2, Licht: 1","168663","2","1","0","8","20","7","","1","1","0","0","0"