WKT,Name,OBJECTID,UKATEGORIE,UTYP1,UART,UMONAT,USTUNDE,UWOCHENTAG,STRZUSTAND,ULICHTVERH,ISTRAD,ISTPKW,ISTFUSS,ISTKRAD
"POINT (6.973332468000024 50.940715728000043)","Unfall 168667 (2021) Kat:3, Licht: 0","168667","3","6","2","8","17","3","","0","0","1","0","0"
"POINT (6.934293930000024 50.914828271000033)","Unfall 168675 (2021) Kat:2, Licht: 2","168675","2","5","1","8","3","7","","2","1","1","0","0"
"POINT (6.939123128000062 50.931029110000054)","Unfall 168679 (2021) Kat:3, Licht: 2","168679","3","7","0","8","23","3","","2","1","1","0","0"
"POINT (6.903835365000020 50.924190890000034)","Unfall 168688 (2021) Kat:3, Licht: 0","168688","3","3","3","8","10","5","","0","1","0","0","0"
"POINT (7.080478249000066 50.856984513000043)","Unfall 168693 (2021) Kat:3, Licht: 1","168693","3","5","1","7","21","7","","1","0","1","0","0"
"POINT (6.941819651000060 50.931740732000037)","Unfall 168700 (2021) Kat:3, Licht: 0","168700","3","1","0","8","16","6","","0","1","0","0","0"
"POINT (6.923642334000021 50.949109183000076)","Unfall 168704 (2021) Kat:3, Licht: 0","168704","3","5","9","8","17","3","","0","0","1","0","0"
"POINT (6.962533280000059 50.918853202000037)","Unfall 168709 (2021) Kat:3, Licht: 0","168709","3","7","0","5","20","4","","0","1","1","0","0"
"POINT (6.879404102000024 50.940927628000054)","Unfall 168712 (2021) Kat:3, Licht: 0","168712","3","6","1","8","15","3","","0","0","1","0","0"
"POINT (6.950082235000025 50.984750350000070)","Unfall 168716 (2021) Kat:3, Licht: 0","168716","3","1","0","8","18","6","","0","0","0","0","0"
"POINT (6.948579957000049 50.917016992000072)","Unfall 168720 (2021) Kat:3, Licht: 2","168720","3","6","8","8","5","2","","2","0","1","0","0"
"POINT (7.004089116000046 50.964173232000064)","Unfall 168722 (2021) Kat:3, Licht: 2","168722","3","1","1","7","23","6","","2","1","1","0","0"
"POINT (6.954722275000051 50.926624329000049)","Unfall 168726 (2021) Kat:3, Licht: 0","168726","3","3","5","7","16","3","","0","1","1","0","0"
"POINT (7.002264268000033 50.959812647000035)","Unfall 168730 (2021) Kat:3, Licht: 0","168730","3","1","0","8","14","1","","0","0","0","0","0"
"POINT (6.996372645000065 50.891920158000062)","Unfall 168731 (2021) Kat:3, Licht: 0","168731","3","7","0","8","16","7","","0","0","0","1","0"
"POINT (6.957912212000053 50.918574294000052)","Unfall 168736 (2021) Kat:3, Licht: 2","168736","3","1","0","8","1","7","","2","0","0","0","0"
"POINT (6.955871006000052 50.943461755000044)","Unfall 168740 (2021) Kat:3, Licht: 0","168740","3","7","4","7","10","3","","0","1","1","0","0"
"POINT (6.848056221000036 51.055270339000060)","Unfall 168743 (2021) Kat:3, Licht: 0","168743","3","1","7","6","14","7","","0","0","0","0","1"
"POINT (6.941012290000060 50.911896502000047)","Unfall 168746 (2021) Kat:3, Licht: 0","168746","3","5","0","8","15","5","","0","1","1","0","0"
"POINT (6.974180616000069 50.938762705000045)","Unfall 168748 (2021) Kat:3, Licht: 0","168748","3","2","0","8","7","6","","0","1","1","0","0"
"POINT (6.896725836000030 50.936087223000072)","Unfall 168751 (2021) Kat:3, Licht: 1","168751","3","1","0","7","20","3","","1","0","0","0","0"
"POINT (6.897149999000021 50.977615236000076)","Unfall 168752 (2021) Kat:3, Licht: 0","168752","3","2","6","7","20","4","","0","0","1","1","0"
"POINT (7.062910695000028 50.891006809000032)","Unfall 168756 (2021) Kat:3, Licht: 0","168756","3","3","5","8","13","6","","0","0","1","0","0"
"POINT (6.945429817000047 50.905640641000048)","Unfall 168760 (2021) Kat:3, Licht: 0","168760","3","2","5","8","15","2","","0","0","1","0","0"
"POINT (7.028206086000068 50.940955007000071)","Unfall 168762 (2021) Kat:2, Licht: 2","168762","2","7","6","8","0","1","","2","0","0","1","0"
"POINT (6.968978210000046 50.971409294000068)","Unfall 168771 (2021) Kat:3, Licht: 0","168771","3","6","1","8","13","6","","0","0","1","0","0"
"POINT (6.955627005000053 50.963327309000078)","Unfall 168773 (2021) Kat:2, Licht: 2","168773","2","1","0","8","21","6","","2","0","0","0","0"
"POINT (6.989883553000027 50.999849044000030)","Unfall 168777 (2021) Kat:3, Licht: 0","168777","3","1","8","7","18","3","","0","0","1","0","0"
"POINT (6.938508906000038 50.946334576000027)","Unfall 168781 (2021) Kat:3, Licht: 0","168781","3","4","0","8","16","5","","0","1","0","1","0"
"POINT (6.927748332000021 50.925195728000062)","Unfall 168787 (2021) Kat:3, Licht: 0","168787","3","7","0","7","16","2","","0","1","0","0","0"
"POINT (6.922647950000055 50.942038246000038)","Unfall 168791 (2021) Kat:3, Licht: 0","168791","3","5","0","8","7","4","","0","1","1","0","0"
"POINT (6.917435827000077 50.995714046000046)","Unfall 168794 (2021) Kat:3, Licht: 0","168794","3","7","0","7","12","4","","0","0","0","0","0"
"POINT (6.955883160000042 50.902807520000067)","Unfall 168797 (2021) Kat:3, Licht: 0","168797","3","3","5","7","10","4","","0","1","1","0","0"
"POINT (6.924294461000045 50.935512994000078)","Unfall 168803 (2021) Kat:3, Licht: 0","168803","3","3","5","7","11","6","","0","1","1","0","0"
"POINT (6.989548912000032 50.971097846000077)","Unfall 168804 (2021) Kat:3, Licht: 2","168804","3","6","3","8","21","3","","2","0","0","0","1"
"POINT (7.061488451000059 50.885133372000041)","Unfall 168809 (2021) Kat:3, Licht: 0","168809","3","3","5","5","9","5","","0","1","1","0","0"
"POINT (6.977427767000052 50.970842610000034)","Unfall 168810 (2021) Kat:3, Licht: 0","168810","3","6","1","7","14","7","","0","1","0","0","0"
"POINT (6.933714345000055 50.927346263000061)","Unfall 168814 (2021) Kat:3, Licht: 1","168814","3","1","0","8","6","7","","1","0","0","0","1"
"POINT (6.917902106000042 50.954660746000059)","Unfall 168818 (2021) Kat:2, Licht: 0","168818","2","3","5","8","18","3","","0","1","1","0","0"
"POINT (7.049559942000030 50.868251302000033)","Unfall 168819 (2021) Kat:3, Licht: 0","168819","3","1","0","8","18","2","","0","0","0","0","1"
"POINT (6.953307322000057 50.956261074000054)","Unfall 168830 (2021) Kat:3, Licht: 0","168830","3","3","5","8","18","2","","0","1","1","0","0"
"POINT (7.052214881000054 50.862667215000045)","Unfall 168831 (2021) Kat:3, Licht: 2","168831","3","1","1","7","23","1","","2","1","1","0","0"
"POINT (6.944732617000057 50.924406621000060)","Unfall 168836 (2021) Kat:3, Licht: 0","168836","3","1","1","7","14","7","","0","1","1","0","0"
"POINT (7.026118437000036 50.940563557000075)","Unfall 168840 (2021) Kat:3, Licht: 0","168840","3","6","2","8","13","1","","0","0","1","0","0"
"POINT (6.939389124000058 50.998215109000057)","Unfall 168844 (2021) Kat:3, Licht: 0","168844","3","6","2","4","17","5","","0","0","1","0","0"
"POINT (6.950975588000063 50.961577308000074)","Unfall 168850 (2021) Kat:3, Licht: 0","168850","3","5","1","7","18","4","","0","1","1","0","0"
"POINT (7.001005414000076 50.935284245000048)","Unfall 168853 (2021) Kat:3, Licht: 0","168853","3","2","3","8","13","2","","0","1","1","0","0"
"POINT (7.047270666000031 50.930412690000026)","Unfall 168861 (2021) Kat:3, Licht: 0","168861","3","4","6","7","16","3","","0","0","1","1","0"
"POINT (7.126571558000023 50.873730389000059)","Unfall 168866 (2021) Kat:2, Licht: 2","168866","2","4","6","4","3","4","","2","0","1","1","0"
"POINT (6.989576558000067 50.921236979000071)","Unfall 168870 (2021) Kat:3, Licht: 0","168870","3","7","8","8","8","1","","0","0","1","0","0"
"POINT (6.898196009000060 50.944720976000042)","Unfall 168873 (2021) Kat:3, Licht: 0","168873","3","3","5","8","12","4","","0","0","1","0","1"
"POINT (6.968796580000060 50.965971417000048)","Unfall 169928 (2021) Kat:3, Licht: 0","169928","3","6","2","7","14","6","","0","0","1","0","0"
"POINT (6.907779964000042 50.945299374000058)","Unfall 169943 (2021) Kat:3, Licht: 0","169943","3","3","0","8","16","4","","0","1","0","0","0"
"POINT (7.066317824000066 50.897029513000064)","Unfall 169946 (2021) Kat:3, Licht: 2","169946","3","3","5","8","4","7","","2","0","1","0","0"
"POINT (6.983692843000028 50.919002472000045)","Unfall 169984 (2021) Kat:3, Licht: 0","169984","3","3","5","8","15","2","","0","1","1","0","0"
"POINT (7.080343127000049 50.881948180000052)","Unfall 170036 (2021) Kat:3, Licht: 0","170036","3","5","1","8","11","3","","0","1","1","0","0"
"POINT (7.049313893000033 50.972885483000027)","Unfall 170041 (2021) Kat:2, Licht: 0","170041","2","4","6","7","20","2","","0","0","1","1","0"
"POINT (6.896784686000046 50.934487578000073)","Unfall 170045 (2021) Kat:3, Licht: 1","170045","3","1","0","7","19","2","","1","0","0","0","0"
"POINT (6.959454462000053 50.944043699000076)","Unfall 170142 (2021) Kat:3, Licht: 0","170142","3","7","4","7","18","4","","0","0","0","0","0"
"POINT (7.071629158000064 50.906498010000064)","Unfall 170191 (2021) Kat:3, Licht: 0","170191","3","7","2","8","11","3","","0","0","1","0","0"
"POINT (6.911707476000061 50.950044985000034)","Unfall 170238 (2021) Kat:3, Licht: 0","170238","3","7","0","8","16","2","","0","1","0","0","0"
"POINT (6.994604930000037 50.894943940000076)","Unfall 170249 (2021) Kat:3, Licht: 0","170249","3","1","0","6","19","3","","0","1","0","0","1"
"POINT (6.959364032000053 50.933546138000054)","Unfall 170252 (2021) Kat:3, Licht: 0","170252","3","6","0","7","11","5","","0","1","0","0","0"
"POINT (6.919370942000057 50.945910179000066)","Unfall 170357 (2021) Kat:2, Licht: 1","170357","2","5","0","7","21","5","","1","1","1","0","0"
"POINT (6.951221867000072 50.869352767000066)","Unfall 170391 (2021) Kat:2, Licht: 2","170391","2","1","1","5","22","5","","2","1","1","0","0"
"POINT (6.938330508000035 50.940212954000060)","Unfall 170404 (2021) Kat:3, Licht: 0","170404","3","7","0","7","19","6","","0","1","1","0","0"
"POINT (7.005081762000032 50.951051063000079)","Unfall 170408 (2021) Kat:2, Licht: 0","170408","2","3","5","4","7","1","","0","0","1","0","0"
"POINT (7.072091978000060 50.881449977000045)","Unfall 170413 (2021) Kat:3, Licht: 0","170413","3","1","0","8","11","2","","0","0","0","0","1"
"POINT (6.992559446000030 50.935691695000060)","Unfall 170450 (2021) Kat:3, Licht: 0","170450","3","7","0","7","20","5","","0","0","0","0","0"
"POINT (7.086151596000036 50.857385027000078)","Unfall 170463 (2021) Kat:3, Licht: 0","170463","3","3","5","8","16","4","","0","0","1","0","0"
"POINT (6.956534923000049 50.946770462000075)","Unfall 170498 (2021) Kat:2, Licht: 0","170498","2","7","6","7","17","4","","0","0","1","1","0"
"POINT (6.948776756000029 50.937669099000061)","Unfall 170547 (2021) Kat:3, Licht: 0","170547","3","4","0","8","18","5","","0","1","0","1","1"
"POINT (7.033247858000038 50.938625898000055)","Unfall 170560 (2021) Kat:2, Licht: 0","170560","2","3","5","5","15","7","","0","0","1","0","0"
"POINT (6.965239984000050 50.872606845000064)","Unfall 170605 (2021) Kat:2, Licht: 0","170605","2","2","5","8","18","2","","0","1","1","0","0"
"POINT (6.920156751000036 50.958059807000041)","Unfall 170654 (2021) Kat:3, Licht: 0","170654","3","1","0","8","16","5","","0","1","0","0","0"
"POINT (6.987308996000024 50.949464681000052)","Unfall 170667 (2021) Kat:3, Licht: 0","170667","3","6","2","8","15","7","","0","0","1","0","1"
"POINT (6.935419015000036 50.926632673000029)","Unfall 170757 (2021) Kat:3, Licht: 0","170757","3","3","5","8","14","4","","0","1","0","0","0"
"POINT (6.960363710000024 50.995787459000042)","Unfall 170758 (2021) Kat:3, Licht: 0","170758","3","6","4","8","15","6","","0","1","0","0","0"
"POINT (6.999641750000023 50.964820492000058)","Unfall 170791 (2021) Kat:3, Licht: 1","170791","3","7","0","8","6","6","","1","1","0","0","0"
"POINT (6.963993021000022 50.927601655000046)","Unfall 170819 (2021) Kat:2, Licht: 0","170819","2","1","0","8","7","4","","0","0","1","0","0"
"POINT (7.030250625000065 50.898857615000054)","Unfall 170828 (2021) Kat:3, Licht: 2","170828","3","7","0","8","0","7","","2","0","0","0","0"
"POINT (7.122846178000032 50.873768259000030)","Unfall 170849 (2021) Kat:3, Licht: 2","170849","3","5","1","7","3","2","","2","0","1","0","0"
"POINT (7.043644546000053 50.992880429000081)","Unfall 170859 (2021) Kat:3, Licht: 0","170859","3","3","5","7","18","6","","0","0","1","0","0"
"POINT (7.079161326000076 50.923282793000055)","Unfall 170865 (2021) Kat:3, Licht: 0","170865","3","7","4","8","10","4","","0","0","1","0","0"
"POINT (6.844888814000058 50.941988130000027)","Unfall 170894 (2021) Kat:2, Licht: 0","170894","2","3","5","7","7","2","","0","0","1","0","0"
"POINT (6.956753625000033 50.906270312000061)","Unfall 170918 (2021) Kat:3, Licht: 0","170918","3","7","1","7","20","1","","0","0","1","0","0"
"POINT (6.866604056000028 50.945802160000028)","Unfall 234181 (2021) Kat:3, Licht: 0","234181","3","7","0","5","15","1","","0","1","0","1","0"
"POINT (6.874772746000076 50.968823760000078)","Unfall 234185 (2021) Kat:3, Licht: 2","234185","3","1","0","9","20","7","","2","1","0","0","0"
"POINT (6.876227557000050 50.930097427000078)","Unfall 234187 (2021) Kat:2, Licht: 1","234187","2","7","0","5","21","5","","1","1","0","0","0"
"POINT (6.882291651000060 50.928117974000031)","Unfall 234192 (2021) Kat:3, Licht: 0","234192","3","7","7","2","17","7","","0","1","0","1","0"
"POINT (6.887806275000059 51.062526248000040)","Unfall 234197 (2021) Kat:3, Licht: 0","234197","3","7","7","6","12","5","","0","1","0","0","0"
"POINT (6.893404126000064 50.929026580000027)","Unfall 234200 (2021) Kat:2, Licht: 0","234200","2","3","5","3","17","4","","0","1","0","0","0"
"POINT (6.893560422000064 51.035751567000034)","Unfall 234201 (2021) Kat:2, Licht: 0","234201","2","1","0","1","11","6","","0","1","0","0","0"
"POINT (6.895658167000022 50.927273505000073)","Unfall 234204 (2021) Kat:2, Licht: 2","234204","2","7","0","12","17","3","","2","1","0","1","0"
"POINT (6.897918592000053 51.031639061000078)","Unfall 234205 (2021) Kat:3, Licht: 0","234205","3","1","0","6","20","4","","0","1","0","0","0"
"POINT (6.899513657000057 50.928883370000051)","Unfall 234207 (2021) Kat:3, Licht: 0","234207","3","7","0","11","13","2","","0","1","0","1","0"
"POINT (6.900251834000073 50.929076941000062)","Unfall 234208 (2021) Kat:3, Licht: 1","234208","3","3","5","10","17","4","","1","1","0","0","0"
"POINT (6.913478229000020 51.052619621000076)","Unfall 234213 (2021) Kat:3, Licht: 0","234213","3","1","0","4","15","6","","0","1","0","0","0"
"POINT (6.924428782000064 50.963443218000066)","Unfall 234217 (2021) Kat:3, Licht: 0","234217","3","6","3","9","18","4","","0","1","0","0","0"
"POINT (6.926201188000050 50.935334906000037)","Unfall 234219 (2021) Kat:3, Licht: 0","234219","3","7","0","9","16","2","","0","1","0","0","0"
"POINT (6.928238951000026 50.937885939000068)","Unfall 234220 (2021) Kat:3, Licht: 0","234220","3","6","4","6","15","6","","0","1","0","0","0"
"POINT (6.928536259000055 50.930988954000043)","Unfall 234221 (2021) Kat:3, Licht: 0","234221","3","3","4","4","8","3","","0","1","0","0","0"
"POINT (6.929395705000047 50.964262773000030)","Unfall 234222 (2021) Kat:3, Licht: 0","234222","3","5","1","10","8","3","","0","1","1","0","0"
"POINT (6.929501819000052 50.928999209000040)","Unfall 234223 (2021) Kat:3, Licht: 0","234223","3","1","0","11","16","5","","0","1","0","0","0"
"POINT (6.931627757000058 50.954238381000039)","Unfall 234225 (2021) Kat:3, Licht: 0","234225","3","1","0","1","15","4","","0","1","0","0","0"
"POINT (6.934137381000028 50.925160287000040)","Unfall 234228 (2021) Kat:3, Licht: 0","234228","3","7","0","6","12","2","","0","1","0","1","0"
"POINT (6.935211929000047 50.924099792000050)","Unfall 234229 (2021) Kat:3, Licht: 0","234229","3","1","0","9","15","2","","0","1","0","0","0"
"POINT (6.943277622000039 50.966010420000032)","Unfall 234232 (2021) Kat:3, Licht: 0","234232","3","3","5","12","14","5","","0","1","0","0","0"
"POINT (6.961673997000048 50.970223290000035)","Unfall 234243 (2021) Kat:3, Licht: 0","234243","3","7","0","10","13","1","","0","1","0","1","0"
"POINT (6.962046863000069 50.940761353000028)","Unfall 234244 (2021) Kat:2, Licht: 0","234244","2","6","4","3","13","4","","0","1","0","0","0"
"POINT (6.962823314000048 50.941211614000053)","Unfall 234245 (2021) Kat:3, Licht: 0","234245","3","6","4","7","17","5","","0","1","0","0","0"
"POINT (6.962851431000047 50.941696013000069)","Unfall 234246 (2021) Kat:3, Licht: 0","234246","3","1","0","4","9","7","","0","1","0","0","0"
"POINT (6.962808726000048 50.940415281000071)","Unfall 234247 (2021) Kat:3, Licht: 0","234247","3","6","6","6","15","2","","0","1","0","1","0"
"POINT (6.962827765000043 50.940052307000030)","Unfall 234248 (2021) Kat:3, Licht: 0","234248","3","4","6","4","7","3","","0","1","0","1","0"
"POINT (6.962820626000052 50.940180570000052)","Unfall 234250 (2021) Kat:3, Licht: 0","234250","3","4","6","9","9","4","","0","1","0","1","0"
"POINT (6.962814044000027 50.940303559000029)","Unfall 234251 (2021) Kat:3, Licht: 0","234251","3","6","4","6","17","2","","0","1","0","0","0"
"POINT (6.962937140000065 50.938983279000070)","Unfall 234252 (2021) Kat:3, Licht: 0","234252","3","6","4","5","13","6","","0","1","0","0","0"
"POINT (6.966528543000038 50.949646718000054)","Unfall 234254 (2021) Kat:2, Licht: 0","234254","2","7","0","12","13","6","","0","1","0","0","0"
"POINT (6.967065416000025 50.941568258000075)","Unfall 234255 (2021) Kat:3, Licht: 0","234255","3","6","2","11","13","6","","0","1","0","0","0"
"POINT (6.968817420000050 50.942559640000070)","Unfall 234256 (2021) Kat:3, Licht: 0","234256","3","3","5","10","17","6","","0","1","0","0","0"
"POINT (6.972143436000067 50.957280988000036)","Unfall 234258 (2021) Kat:3, Licht: 2","234258","3","3","5","12","19","4","","2","1","1","0","0"
"POINT (6.972314385000061 50.940471477000074)","Unfall 234259 (2021) Kat:3, Licht: 0","234259","3","4","0","7","13","6","","0","1","0","1","0"
"POINT (6.977594877000058 50.907454451000035)","Unfall 234262 (2021) Kat:2, Licht: 0","234262","2","6","3","3","19","3","","0","1","0","0","0"
"POINT (6.979846785000063 50.950500244000068)","Unfall 234264 (2021) Kat:3, Licht: 0","234264","3","7","6","10","14","1","","0","1","0","1","0"
"POINT (6.988494453000044 50.962159574000054)","Unfall 234271 (2021) Kat:3, Licht: 2","234271","3","7","0","10","19","2","","2","1","0","0","0"
"POINT (6.991284159000031 50.901833088000046)","Unfall 234273 (2021) Kat:3, Licht: 2","234273","3","1","0","9","20","5","","2","1","0","0","0"
"POINT (6.992026940000073 50.896507696000072)","Unfall 234274 (2021) Kat:3, Licht: 0","234274","3","3","0","6","18","4","","0","1","0","0","0"
"POINT (6.999377397000046 50.977331712000080)","Unfall 234279 (2021) Kat:3, Licht: 1","234279","3","7","0","11","16","3","","1","1","0","1","0"
"POINT (7.003995495000026 50.847312836000071)","Unfall 234282 (2021) Kat:2, Licht: 0","234282","2","1","7","7","14","3","","0","1","0","0","0"
"POINT (7.019491670000036 50.896332614000073)","Unfall 234290 (2021) Kat:3, Licht: 0","234290","3","1","0","9","17","7","","0","1","0","0","0"
"POINT (7.028060624000034 50.865932868000073)","Unfall 234299 (2021) Kat:3, Licht: 0","234299","3","6","4","6","18","2","","0","1","0","0","0"
"POINT (7.029585838000060 50.891469888000074)","Unfall 234301 (2021) Kat:2, Licht: 0","234301","2","6","3","6","16","7","","0","1","0","0","0"
"POINT (7.034915941000065 50.903027010000073)","Unfall 234303 (2021) Kat:3, Licht: 0","234303","3","6","4","9","18","5","","0","1","1","0","0"
"POINT (7.048101993000046 50.898106990000031)","Unfall 234314 (2021) Kat:3, Licht: 0","234314","3","7","0","10","10","4","","0","1","1","0","0"
"POINT (7.062008146000039 50.989103461000070)","Unfall 234324 (2021) Kat:3, Licht: 2","234324","3","7","0","10","6","2","","2","1","0","0","0"
"POINT (7.064229897000075 50.937195189000079)","Unfall 234325 (2021) Kat:2, Licht: 0","234325","2","1","0","12","12","1","","0","1","0","0","0"
"POINT (7.066854861000024 50.967896484000050)","Unfall 234326 (2021) Kat:3, Licht: 0","234326","3","3","3","4","16","7","","0","1","1","0","0"
"POINT (7.084878847000027 50.933191960000045)","Unfall 234337 (2021) Kat:3, Licht: 0","234337","3","1","0","4","15","4","","0","1","0","0","0"
"POINT (7.100719066000067 50.934551882000051)","Unfall 234350 (2021) Kat:3, Licht: 0","234350","3","7","5","12","12","1","","0","1","0","0","0"
"POINT (6.932315404000065 50.881249200000070)","Unfall 234835 (2021) Kat:3, Licht: 2","234835","3","1","0","5","5","6","","2","1","0","0","0"
"POINT (7.007305311000039 50.904679057000067)","Unfall 234836 (2021) Kat:3, Licht: 0","234836","3","1","0","7","17","7","","0","1","0","0","0"
"POINT (6.934852927000065 50.925815710000052)","Unfall 234837 (2021) Kat:3, Licht: 0","234837","3","6","4","7","10","5","","0","1","0","0","0"
"POINT (6.902557276000039 50.930420500000082)","Unfall 234838 (2021) Kat:3, Licht: 0","234838","3","3","0","7","16","6","","0","1","0","0","0"
"POINT (6.887413864000052 50.933706618000031)","Unfall 234839 (2021) Kat:3, Licht: 0","234839","3","7","5","4","13","1","","0","1","0","0","0"
"POINT (7.022899961000064 50.979336757000056)","Unfall 234840 (2021) Kat:2, Licht: 0","234840","2","1","0","8","18","4","","0","1","0","0","0"
"POINT (6.914755071000059 51.018090538000081)","Unfall 234999 (2021) Kat:2, Licht: 0","234999","2","6","4","8","7","3","","0","1","0","0","0"
"POINT (6.946472873000060 50.860500184000003)","Unfall 22108 (2022) Kat:3, Licht: 0","22108","3","1","9","01","15","3","","0","0","0","0","0"
"POINT (6.932806905000060 50.948597952999997)","Unfall 22151 (2022) Kat:2, Licht: 2","22151","2","3","5","01","05","7","","2","1","1","1","0"
"POINT (7.018715896000060 50.964185413000102)","Unfall 22266 (2022) Kat:3, Licht: 2","22266","3","2","5","01","17","5","","2","1","1","0","0"
"POINT (7.053741901000020 50.888703291000098)","Unfall 22326 (2022) Kat:3, Licht: 2","22326","3","2","6","01","19","5","","2","0","1","1","0"
"POINT (7.050376764000020 50.971472157000100)","Unfall 22424 (2022) Kat:3, Licht: 2","22424","3","1","0","01","19","3","","2","0","1","0","1"
"POINT (7.028573172000050 50.917051064000098)","Unfall 22734 (2022) Kat:3, Licht: 0","22734","3","1","8","01","13","5","","0","0","1","0","0"
"POINT (6.939971669000040 50.940549875000002)","Unfall 22928 (2022) Kat:3, Licht: 1","22928","3","7","8","01","07","7","","1","1","0","0","0"
"POINT (6.875722196000030 51.041285495000103)","Unfall 22994 (2022) Kat:3, Licht: 2","22994","3","6","4","01","19","1","","2","0","1","0","0"
"POINT (7.081358687000030 50.881498997999998)","Unfall 23020 (2022) Kat:3, Licht: 2","23020","3","4","6","01","18","2","","2","0","1","1","0"
"POINT (7.055430909000050 50.887724357000103)","Unfall 23158 (2022) Kat:3, Licht: 2","23158","3","6","2","01","18","4","","2","0","1","0","0"
"POINT (7.057244360000030 50.893303564000099)","Unfall 23344 (2022) Kat:3, Licht: 2","23344","3","1","0","01","18","7","","2","1","0","0","0"
"POINT (7.058568301000040 50.897349695999999)","Unfall 23478 (2022) Kat:3, Licht: 2","23478","3","2","5","01","20","7","","2","0","1","0","0"
"POINT (6.921910493000040 50.854990018000102)","Unfall 23567 (2022) Kat:3, Licht: 0","23567","3","1","0","01","15","1","","0","1","0","0","0"
"POINT (7.072506728000060 50.964627685000004)","Unfall 23720 (2022) Kat:3, Licht: 2","23720","3","3","5","01","16","2","","2","0","1","0","0"
"POINT (6.908255622000070 50.936926646000103)","Unfall 24067 (2022) Kat:3, Licht: 2","24067","3","6","1","01","17","4","","2","0","1","0","0"
"POINT (7.080038077000040 50.947333285000099)","Unfall 24117 (2022) Kat:3, Licht: 0","24117","3","3","0","01","14","3","","0","1","1","0","0"
"POINT (7.077899432000040 50.892364553000000)","Unfall 24128 (2022) Kat:3, Licht: 0","24128","3","7","8","01","14","2","","0","0","0","0","0"
"POINT (7.013235153000040 51.015845018000100)","Unfall 24232 (2022) Kat:3, Licht: 2","24232","3","6","2","01","17","1","","2","0","1","0","0"
"POINT (6.954752767000060 50.934918249000098)","Unfall 24280 (2022) Kat:3, Licht: 2","24280","3","2","5","01","17","5","","2","0","1","0","1"
"POINT (6.902442224000030 50.977518711000101)","Unfall 24386 (2022) Kat:3, Licht: 0","24386","3","1","8","01","15","4","","0","0","1","0","0"
"POINT (7.046133649000070 50.894703016999998)","Unfall 24444 (2022) Kat:3, Licht: 2","24444","3","2","5","01","07","7","","2","0","1","0","0"
"POINT (6.975648558000050 50.852612189000098)","Unfall 24697 (2022) Kat:3, Licht: 1","24697","3","4","6","01","07","4","","1","0","1","1","0"
"POINT (6.954039618000020 50.873515232999999)","Unfall 24758 (2022) Kat:3, Licht: 2","24758","3","3","5","01","17","1","","2","0","1","0","0"
"POINT (6.999307848000060 50.989448606000103)","Unfall 24768 (2022) Kat:3, Licht: 2","24768","3","3","5","01","18","2","","2","0","1","0","0"
"POINT (6.912856665000050 50.944994592999997)","Unfall 24769 (2022) Kat:3, Licht: 2","24769","3","3","5","01","17","6","","2","0","1","0","0"
"POINT (7.009920155000030 50.958415204000097)","Unfall 24787 (2022) Kat:2, Licht: 2","24787","2","2","0","01","20","5","","2","1","1","0","0"
"POINT (6.916619982000040 50.950258884000000)","Unfall 24790 (2022) Kat:3, Licht: 0","24790","3","3","5","01","13","5","","0","1","1","0","0"
"POINT (6.948173656000050 50.980234135000003)","Unfall 24795 (2022) Kat:1, Licht: 0","24795","1","4","6","01","10","6","","0","0","0","1","0"
"POINT (7.082693841000040 50.918995652000000)","Unfall 24814 (2022) Kat:3, Licht: 0","24814","3","6","3","01","16","4","","0","0","1","0","0"
"POINT (7.013290954000070 50.987741674000098)","Unfall 24827 (2022) Kat:3, Licht: 1","24827","3","6","2","01","16","4","","1","0","1","0","0"
"POINT (6.915625736000040 50.970985917000100)","Unfall 24842 (2022) Kat:3, Licht: 2","24842","3","3","5","01","17","4","","2","1","1","0","0"
"POINT (6.999168351000040 50.937625703999998)","Unfall 24848 (2022) Kat:2, Licht: 2","24848","2","4","6","01","18","2","","2","0","1","1","0"
"POINT (6.914233123000030 50.951801056000100)","Unfall 24856 (2022) Kat:3, Licht: 2","24856","3","1","0","01","17","7","","2","1","0","0","0"
"POINT (6.892550079000050 50.995904809000102)","Unfall 24886 (2022) Kat:3, Licht: 2","24886","3","6","8","01","23","7","","2","0","1","0","0"
"POINT (6.858806252000020 51.020233197000003)","Unfall 24898 (2022) Kat:3, Licht: 2","24898","3","6","2","01","21","2","","2","0","1","0","0"
"POINT (7.026125704000040 50.950632697000103)","Unfall 24916 (2022) Kat:2, Licht: 2","24916","2","6","3","01","06","3","","2","0","1","0","0"
"POINT (6.945365345000030 50.904494124000102)","Unfall 24931 (2022) Kat:3, Licht: 1","24931","3","3","0","01","16","4","","1","1","1","0","0"
"POINT (7.033928274000060 50.860832273000000)","Unfall 24955 (2022) Kat:3, Licht: 0","24955","3","1","0","01","15","2","","0","1","0","0","0"
"POINT (6.826427726000080 50.938555461000099)","Unfall 24957 (2022) Kat:2, Licht: 2","24957","2","1","0","01","02","1","","2","0","0","0","0"
"POINT (6.866188591000030 51.009547511999997)","Unfall 24999 (2022) Kat:3, Licht: 0","24999","3","6","4","01","12","2","","0","0","1","0","0"
"POINT (6.914472069000060 50.951647041999998)","Unfall 25009 (2022) Kat:3, Licht: 0","25009","3","2","5","01","15","2","","0","1","1","0","0"