WKT,Name,OBJECTID,UKATEGORIE,UTYP1,UART,UMONAT,USTUNDE,UWOCHENTAG,STRZUSTAND,ULICHTVERH,ISTRAD,ISTPKW,ISTFUSS,ISTKRAD
"POINT (6.957799664000050 50.957668355000102)","Unfall 25025 (2022) Kat:3, Licht: 2","25025","3","6","2","01","21","4","","2","0","1","0","0"
"POINT (7.056383419000040 50.911533487000000)","Unfall 25028 (2022) Kat:3, Licht: 0","25028","3","6","2","01","14","5","","0","0","0","0","1"
"POINT (6.900643170000020 51.017542640000002)","Unfall 25054 (2022) Kat:2, Licht: 0","25054","2","6","0","01","09","2","","0","0","1","0","0"
"POINT (7.007003173000040 50.970615223999999)","Unfall 25083 (2022) Kat:3, Licht: 2","25083","3","5","0","01","17","5","","2","1","0","0","0"
"POINT (6.935926353000070 50.935399928999999)","Unfall 25130 (2022) Kat:3, Licht: 0","25130","3","2","3","01","18","6","","0","0","1","0","0"
"POINT (6.938737522000050 50.926466361999999)","Unfall 25144 (2022) Kat:3, Licht: 0","25144","3","6","3","01","12","1","","0","0","1","0","1"
"POINT (6.852014877000040 50.951498202000003)","Unfall 25152 (2022) Kat:3, Licht: 2","25152","3","3","5","01","17","3","","2","1","1","0","0"
"POINT (6.948343290000030 50.894083299999998)","Unfall 25161 (2022) Kat:3, Licht: 2","25161","3","1","0","01","22","6","","2","0","0","0","0"
"POINT (7.070533881000070 50.949436179000003)","Unfall 25170 (2022) Kat:3, Licht: 2","25170","3","1","8","01","21","5","","2","0","1","0","0"
"POINT (7.083857082000070 50.863323950000101)","Unfall 25252 (2022) Kat:3, Licht: 2","25252","3","2","6","01","20","6","","2","0","1","1","0"
"POINT (6.935288951000080 50.950880247999997)","Unfall 25253 (2022) Kat:3, Licht: 0","25253","3","6","2","01","09","6","","0","0","1","0","0"
"POINT (6.925284040000070 50.913800602000002)","Unfall 25260 (2022) Kat:3, Licht: 2","25260","3","1","1","01","02","1","","2","0","1","0","0"
"POINT (7.031269180000040 50.937442263000001)","Unfall 25278 (2022) Kat:3, Licht: 0","25278","3","2","2","01","15","5","","0","0","0","0","0"
"POINT (6.939252300000020 50.930272788000103)","Unfall 25289 (2022) Kat:3, Licht: 0","25289","3","6","3","01","15","2","","0","1","0","0","0"
"POINT (6.978678152000040 50.905731199999998)","Unfall 25295 (2022) Kat:3, Licht: 0","25295","3","7","0","01","14","1","","0","0","0","1","0"
"POINT (6.944625250000060 50.954011321999999)","Unfall 25305 (2022) Kat:3, Licht: 2","25305","3","6","2","01","16","7","","2","0","1","0","0"
"POINT (6.977777453000040 50.935604580000103)","Unfall 25321 (2022) Kat:3, Licht: 0","25321","3","6","3","01","10","2","","0","1","1","0","0"
"POINT (6.927839511000060 50.944461062000101)","Unfall 25357 (2022) Kat:3, Licht: 0","25357","3","6","2","01","14","3","","0","0","1","0","0"
"POINT (6.911809883000050 50.924427250000100)","Unfall 25383 (2022) Kat:3, Licht: 2","25383","3","5","0","01","19","3","","2","1","1","0","0"
"POINT (7.058983003000040 50.908482047000099)","Unfall 25401 (2022) Kat:3, Licht: 0","25401","3","2","5","01","14","6","","0","0","1","0","0"
"POINT (6.959056652000070 51.025134542000004)","Unfall 25418 (2022) Kat:3, Licht: 0","25418","3","1","0","01","14","7","","0","1","0","0","0"
"POINT (7.013273625000070 50.991533142000002)","Unfall 25453 (2022) Kat:3, Licht: 0","25453","3","3","5","01","12","6","","0","0","1","0","0"
"POINT (6.968976515000070 50.877619749000097)","Unfall 25462 (2022) Kat:3, Licht: 0","25462","3","6","3","01","10","5","","0","0","1","0","0"
"POINT (6.980391302000040 50.941490197000100)","Unfall 25464 (2022) Kat:3, Licht: 1","25464","3","3","5","01","06","5","","1","1","1","0","0"
"POINT (6.938981978000070 50.936412873000101)","Unfall 25469 (2022) Kat:3, Licht: 2","25469","3","1","0","01","05","6","","2","0","0","0","0"
"POINT (6.928635677000050 50.945154162000101)","Unfall 25472 (2022) Kat:2, Licht: 0","25472","2","1","0","01","10","2","","0","1","0","0","0"
"POINT (6.989393402000080 50.883912748999997)","Unfall 25527 (2022) Kat:3, Licht: 0","25527","3","6","1","01","16","6","","0","0","1","0","0"
"POINT (7.013829532000050 51.013175736000100)","Unfall 25538 (2022) Kat:3, Licht: 0","25538","3","6","2","01","12","3","","0","0","0","0","0"
"POINT (6.942950046000020 51.023834565000101)","Unfall 25578 (2022) Kat:2, Licht: 2","25578","2","1","9","01","18","2","","2","0","0","0","0"
"POINT (6.963199492000060 50.848432889999998)","Unfall 25585 (2022) Kat:3, Licht: 0","25585","3","6","0","01","15","6","","0","0","1","0","0"
"POINT (6.941277610000040 50.930118037000099)","Unfall 25622 (2022) Kat:3, Licht: 0","25622","3","5","0","01","15","3","","0","1","1","0","0"
"POINT (7.078621436000050 50.981575059000100)","Unfall 25648 (2022) Kat:3, Licht: 0","25648","3","6","1","01","13","3","","0","0","1","0","0"
"POINT (6.907667096000070 50.936950104000097)","Unfall 25673 (2022) Kat:3, Licht: 2","25673","3","3","3","01","20","4","","2","0","1","0","0"
"POINT (6.944625250000060 50.954011321999999)","Unfall 25676 (2022) Kat:3, Licht: 2","25676","3","6","2","01","17","7","","2","0","1","0","0"
"POINT (7.026206401000020 50.950521610000102)","Unfall 25689 (2022) Kat:3, Licht: 2","25689","3","1","9","01","23","2","","2","0","1","0","0"
"POINT (7.045203734000040 50.938197425000098)","Unfall 25705 (2022) Kat:3, Licht: 2","25705","3","6","2","01","18","6","","2","0","1","0","0"
"POINT (7.100967250000050 50.899668460000001)","Unfall 25723 (2022) Kat:3, Licht: 0","25723","3","3","5","01","11","3","","0","1","1","0","0"
"POINT (7.097468533000040 50.948431324000097)","Unfall 25730 (2022) Kat:3, Licht: 2","25730","3","6","2","01","22","7","","2","0","1","0","0"
"POINT (6.940196647000050 50.941616892000098)","Unfall 25733 (2022) Kat:3, Licht: 1","25733","3","1","0","01","16","2","","1","1","0","0","0"
"POINT (6.938888412000040 50.953305974999999)","Unfall 25743 (2022) Kat:2, Licht: 0","25743","2","7","0","01","15","1","","0","1","0","0","0"
"POINT (6.977880829000070 50.936487114999998)","Unfall 25751 (2022) Kat:3, Licht: 0","25751","3","5","3","01","15","6","","0","0","1","0","0"
"POINT (7.002492094000050 50.959790353000102)","Unfall 25760 (2022) Kat:3, Licht: 2","25760","3","2","3","01","17","5","","2","0","1","0","0"
"POINT (6.999207980000050 50.989807992000102)","Unfall 25769 (2022) Kat:2, Licht: 2","25769","2","2","4","01","21","7","","2","1","1","0","0"
"POINT (7.020022815000060 50.933360780000001)","Unfall 25775 (2022) Kat:3, Licht: 2","25775","3","6","2","01","06","5","","2","1","1","0","0"
"POINT (6.995015239000050 50.903590723000001)","Unfall 25777 (2022) Kat:3, Licht: 0","25777","3","6","2","01","14","5","","0","0","1","0","0"
"POINT (6.885691947000050 51.030039664000100)","Unfall 25786 (2022) Kat:3, Licht: 2","25786","3","2","5","01","19","6","","2","1","1","0","0"
"POINT (6.920211678000040 50.953781380000102)","Unfall 25807 (2022) Kat:3, Licht: 2","25807","3","1","0","01","23","6","","2","1","0","0","0"
"POINT (6.940635489000040 50.931075180000100)","Unfall 25810 (2022) Kat:3, Licht: 0","25810","3","1","0","01","15","4","","0","1","0","0","0"
"POINT (6.961623346000070 50.848624823000101)","Unfall 25815 (2022) Kat:3, Licht: 0","25815","3","6","2","01","10","5","","0","0","1","0","0"
"POINT (7.058262492000040 50.924985341000102)","Unfall 25817 (2022) Kat:3, Licht: 2","25817","3","6","2","01","05","3","","2","0","1","0","0"
"POINT (6.914874846000030 50.948352466000102)","Unfall 25822 (2022) Kat:2, Licht: 2","25822","2","2","6","01","17","6","","2","0","1","1","0"
"POINT (7.055587054000060 50.928741211000002)","Unfall 25856 (2022) Kat:3, Licht: 0","25856","3","7","1","01","08","4","","0","0","0","0","0"
"POINT (6.928197590000020 50.928300462000003)","Unfall 25867 (2022) Kat:3, Licht: 2","25867","3","7","0","01","19","4","","2","1","0","1","0"
"POINT (6.993251849000050 51.011189528000003)","Unfall 25873 (2022) Kat:3, Licht: 2","25873","3","2","0","01","07","2","","2","0","1","1","0"
"POINT (6.938981978000070 50.936412873000101)","Unfall 25896 (2022) Kat:3, Licht: 0","25896","3","3","5","01","09","4","","0","0","1","0","0"
"POINT (7.072895158000050 50.919830779999998)","Unfall 25901 (2022) Kat:3, Licht: 1","25901","3","6","0","01","16","5","","1","0","1","0","0"
"POINT (6.988412872000030 50.891093725000097)","Unfall 25912 (2022) Kat:3, Licht: 0","25912","3","6","2","02","13","6","","0","0","1","0","0"
"POINT (6.860512134000030 50.933904921000099)","Unfall 25915 (2022) Kat:3, Licht: 0","25915","3","3","5","02","12","2","","0","1","1","0","0"
"POINT (7.027947509000060 50.901228656000100)","Unfall 25921 (2022) Kat:3, Licht: 0","25921","3","6","2","01","07","2","","0","0","1","0","1"
"POINT (6.992613772000030 50.936238684000003)","Unfall 25924 (2022) Kat:3, Licht: 2","25924","3","1","9","02","02","3","","2","0","1","0","0"
"POINT (6.926382766000070 50.930937366000101)","Unfall 25943 (2022) Kat:3, Licht: 0","25943","3","2","3","01","15","3","","0","1","1","0","0"
"POINT (7.048284310000040 50.935222693000100)","Unfall 25962 (2022) Kat:3, Licht: 0","25962","3","6","3","02","10","7","","0","0","1","0","0"
"POINT (7.096176938000040 50.864920208999997)","Unfall 25997 (2022) Kat:3, Licht: 1","25997","3","6","2","02","17","5","","1","0","1","0","0"
"POINT (6.942128845000070 50.944854534999997)","Unfall 26005 (2022) Kat:3, Licht: 2","26005","3","1","8","01","02","1","","2","0","1","0","0"
"POINT (7.038722884000040 50.999991640000097)","Unfall 26046 (2022) Kat:3, Licht: 0","26046","3","7","0","01","17","5","","0","0","1","0","0"
"POINT (6.976163785000040 50.953993562000100)","Unfall 26064 (2022) Kat:3, Licht: 0","26064","3","6","2","02","13","1","","0","0","1","0","0"
"POINT (7.070232905000070 50.920463213000097)","Unfall 26076 (2022) Kat:3, Licht: 0","26076","3","6","2","02","12","5","","0","0","1","0","0"
"POINT (6.940635489000040 50.931075180000100)","Unfall 26083 (2022) Kat:2, Licht: 0","26083","2","1","0","02","15","1","","0","1","0","0","0"
"POINT (6.938487746000020 50.952851043000102)","Unfall 26085 (2022) Kat:3, Licht: 0","26085","3","6","2","02","14","6","","0","0","1","0","0"
"POINT (7.049867419000070 50.933731778999999)","Unfall 26130 (2022) Kat:2, Licht: 2","26130","2","6","2","02","06","4","","2","0","1","0","0"
"POINT (6.934481610000030 50.942821455000100)","Unfall 26156 (2022) Kat:3, Licht: 2","26156","3","2","3","02","18","4","","2","1","1","0","0"
"POINT (7.004557601000040 50.909235293999998)","Unfall 26164 (2022) Kat:2, Licht: 0","26164","2","2","0","02","16","5","","0","0","1","0","0"
"POINT (7.051611631000070 50.932304541000100)","Unfall 26167 (2022) Kat:3, Licht: 0","26167","3","6","2","01","10","2","","0","0","1","0","0"
"POINT (6.855128698000040 51.001840068000000)","Unfall 26176 (2022) Kat:3, Licht: 0","26176","3","3","5","02","10","6","","0","0","1","0","0"
"POINT (6.977864883000050 50.936361409000000)","Unfall 26180 (2022) Kat:3, Licht: 2","26180","3","6","2","01","17","6","","2","0","1","0","0"
"POINT (6.946676283000040 50.995408314000002)","Unfall 26189 (2022) Kat:3, Licht: 0","26189","3","6","1","01","16","3","","0","0","1","0","0"
"POINT (6.926218671000070 50.936733748000101)","Unfall 26194 (2022) Kat:1, Licht: 0","26194","1","4","6","02","13","4","","0","0","0","1","0"
"POINT (6.990706497000080 50.867307080000003)","Unfall 26212 (2022) Kat:3, Licht: 0","26212","3","6","2","01","15","6","","0","0","1","0","0"
"POINT (7.010692143000030 50.957863668000101)","Unfall 26213 (2022) Kat:2, Licht: 2","26213","2","6","6","02","19","4","","2","1","0","1","0"
"POINT (6.949192932000070 50.955377177999999)","Unfall 26283 (2022) Kat:3, Licht: 2","26283","3","6","2","01","17","7","","2","0","1","0","0"
"POINT (7.013684783000030 50.974754796000099)","Unfall 26347 (2022) Kat:3, Licht: 2","26347","3","7","0","02","22","6","","2","0","1","1","0"
"POINT (7.056507258000070 50.974901779000000)","Unfall 26369 (2022) Kat:2, Licht: 0","26369","2","1","5","01","10","2","","0","1","1","0","0"
"POINT (6.930366422000080 50.924951917999998)","Unfall 26371 (2022) Kat:3, Licht: 2","26371","3","1","0","02","07","3","","2","1","0","0","0"
"POINT (6.933053671000040 50.920845079000102)","Unfall 26376 (2022) Kat:3, Licht: 2","26376","3","4","6","01","19","3","","2","0","0","1","0"
"POINT (6.867886274000060 50.989883641000098)","Unfall 26401 (2022) Kat:2, Licht: 2","26401","2","1","8","02","01","1","","2","0","1","0","0"
"POINT (7.104123444000040 50.864231725000103)","Unfall 26423 (2022) Kat:3, Licht: 2","26423","3","6","2","02","21","2","","2","0","1","0","0"
"POINT (6.941277610000040 50.930118037000099)","Unfall 26465 (2022) Kat:3, Licht: 0","26465","3","4","6","02","12","5","","0","1","0","1","0"
"POINT (6.960403340000030 50.921136374000099)","Unfall 26474 (2022) Kat:3, Licht: 0","26474","3","5","3","02","17","6","","0","1","1","0","0"
"POINT (7.029189512000070 50.914346389000102)","Unfall 26486 (2022) Kat:3, Licht: 2","26486","3","1","8","02","21","3","","2","0","1","0","0"
"POINT (7.006576831000070 50.966846404000101)","Unfall 26507 (2022) Kat:3, Licht: 0","26507","3","2","3","02","09","3","","0","1","1","0","0"
"POINT (7.043545991000030 50.940236696000099)","Unfall 26516 (2022) Kat:3, Licht: 0","26516","3","6","2","01","16","6","","0","0","1","0","0"
"POINT (7.064685368000030 50.904230161999998)","Unfall 26531 (2022) Kat:3, Licht: 0","26531","3","6","2","02","15","4","","0","0","1","0","0"
"POINT (6.948124350000060 50.993510157000102)","Unfall 26553 (2022) Kat:3, Licht: 0","26553","3","6","2","01","09","4","","0","0","1","0","0"
"POINT (6.860409608000050 50.921030330000100)","Unfall 26581 (2022) Kat:3, Licht: 2","26581","3","6","4","01","19","3","","2","1","0","0","0"
"POINT (7.018715896000060 50.964185413000102)","Unfall 26586 (2022) Kat:3, Licht: 2","26586","3","2","5","02","18","6","","2","1","1","0","0"
"POINT (6.946189549000050 50.935885311000000)","Unfall 26590 (2022) Kat:2, Licht: 0","26590","2","7","0","01","14","6","","0","0","0","0","0"
"POINT (6.903257862000030 50.992019452000100)","Unfall 26600 (2022) Kat:3, Licht: 0","26600","3","1","1","01","14","3","","0","0","1","0","0"
"POINT (6.977864883000050 50.936361409000000)","Unfall 26611 (2022) Kat:3, Licht: 0","26611","3","6","2","02","16","5","","0","0","1","0","0"
"POINT (6.869323747000070 50.968872372000099)","Unfall 26672 (2022) Kat:2, Licht: 2","26672","2","1","9","02","07","3","","2","0","1","0","0"
"POINT (6.934433497000040 50.932993889000002)","Unfall 26678 (2022) Kat:3, Licht: 2","26678","3","2","5","02","18","6","","2","1","1","0","0"
"POINT (6.950793580000040 50.948589235000000)","Unfall 26689 (2022) Kat:3, Licht: 0","26689","3","1","0","02","12","5","","0","0","0","0","1"
"POINT (6.926597382000070 50.942687522000000)","Unfall 26697 (2022) Kat:2, Licht: 2","26697","2","3","5","02","06","7","","2","0","1","0","0"
"POINT (6.992488648000060 50.935707584000099)","Unfall 26702 (2022) Kat:3, Licht: 1","26702","3","6","3","01","07","5","","1","0","1","0","0"
"POINT (7.033550194000040 50.967195846000003)","Unfall 26737 (2022) Kat:3, Licht: 1","26737","3","6","0","02","16","1","","1","0","1","0","0"
"POINT (7.032552445000020 50.962920014000098)","Unfall 26746 (2022) Kat:2, Licht: 0","26746","2","6","1","01","12","2","","0","0","1","0","0"
"POINT (6.902648673000040 50.990050185000001)","Unfall 26772 (2022) Kat:3, Licht: 0","26772","3","1","0","01","12","6","","0","1","0","0","0"
"POINT (6.922113641000070 50.947573765000101)","Unfall 26776 (2022) Kat:3, Licht: 2","26776","3","5","1","01","18","5","","2","1","1","0","0"
"POINT (7.047478522000060 50.935973244000103)","Unfall 26804 (2022) Kat:2, Licht: 0","26804","2","6","2","01","12","7","","0","0","1","0","1"
"POINT (6.922930311000070 50.964736156000100)","Unfall 26817 (2022) Kat:3, Licht: 0","26817","3","7","1","02","14","2","","0","0","1","0","0"
"POINT (6.888449668000020 50.929397925000004)","Unfall 26819 (2022) Kat:3, Licht: 0","26819","3","1","0","01","16","4","","0","1","0","0","0"
"POINT (6.869349691000020 51.000782188000102)","Unfall 26824 (2022) Kat:3, Licht: 2","26824","3","2","5","02","18","7","","2","0","1","0","1"
"POINT (6.908333104000060 50.927589101000102)","Unfall 26831 (2022) Kat:3, Licht: 0","26831","3","6","1","01","12","1","","0","0","1","0","0"
"POINT (7.037838830000060 50.968069843000102)","Unfall 26832 (2022) Kat:3, Licht: 1","26832","3","6","2","02","16","6","","1","0","1","0","0"
"POINT (7.021797598000030 50.933233335000097)","Unfall 26834 (2022) Kat:3, Licht: 0","26834","3","6","3","01","15","2","","0","0","1","0","0"
"POINT (7.049867419000070 50.933731778999999)","Unfall 26857 (2022) Kat:3, Licht: 0","26857","3","6","2","02","10","5","","0","0","1","0","0"
"POINT (6.944625250000060 50.954011321999999)","Unfall 26900 (2022) Kat:3, Licht: 0","26900","3","6","1","02","08","3","","0","0","1","0","0"
"POINT (6.862335335000070 51.062121368000099)","Unfall 26925 (2022) Kat:3, Licht: 2","26925","3","1","8","01","02","1","","2","0","1","0","0"
"POINT (6.896557088000070 50.991868565000097)","Unfall 26940 (2022) Kat:3, Licht: 2","26940","3","1","8","01","19","7","","2","0","1","0","0"
"POINT (6.989735252000060 50.895075615000103)","Unfall 26943 (2022) Kat:2, Licht: 2","26943","2","3","5","02","22","6","","2","0","1","0","1"
"POINT (6.962230684000080 50.930035829000097)","Unfall 26956 (2022) Kat:2, Licht: 2","26956","2","6","2","01","19","1","","2","1","1","0","0"
"POINT (7.019057065000030 50.949118460000101)","Unfall 26973 (2022) Kat:3, Licht: 2","26973","3","4","6","01","21","2","","2","0","0","1","0"
"POINT (7.078350314000030 50.891603135000103)","Unfall 26974 (2022) Kat:3, Licht: 2","26974","3","2","4","02","20","7","","2","1","1","0","0"
"POINT (6.960939105000020 50.928439839000099)","Unfall 26982 (2022) Kat:3, Licht: 0","26982","3","7","0","01","14","4","","0","0","0","0","1"
"POINT (6.956648847000050 50.955277274000103)","Unfall 26996 (2022) Kat:2, Licht: 0","26996","2","1","9","01","11","3","","0","0","1","0","0"
"POINT (6.971142847000070 50.932132485000103)","Unfall 27021 (2022) Kat:3, Licht: 0","27021","3","2","3","01","18","5","","0","0","1","0","0"
"POINT (7.107920468000030 50.917286680000103)","Unfall 27062 (2022) Kat:3, Licht: 0","27062","3","6","2","02","13","5","","0","0","1","0","0"
"POINT (6.907620162000060 50.932878101000000)","Unfall 27077 (2022) Kat:3, Licht: 2","27077","3","6","6","01","02","1","","2","1","0","1","0"
"POINT (6.972469764000040 50.930342281000001)","Unfall 27092 (2022) Kat:3, Licht: 2","27092","3","4","6","01","20","7","","2","0","1","1","0"
"POINT (6.933508011000070 50.964589994999997)","Unfall 27096 (2022) Kat:3, Licht: 0","27096","3","6","2","01","15","5","","0","0","1","0","0"
"POINT (6.927761127000050 50.959541268000102)","Unfall 27108 (2022) Kat:2, Licht: 0","27108","2","2","5","01","14","1","","0","1","1","0","0"
"POINT (7.005589018000020 50.961617960000098)","Unfall 27112 (2022) Kat:3, Licht: 2","27112","3","7","6","01","23","2","","2","0","0","1","0"
"POINT (6.912278698000020 50.999863103000102)","Unfall 27114 (2022) Kat:3, Licht: 1","27114","3","2","5","01","17","6","","1","0","1","0","0"
"POINT (7.106020981000030 50.859120820000001)","Unfall 27126 (2022) Kat:3, Licht: 0","27126","3","2","2","02","15","5","","0","0","1","0","0"
"POINT (7.077790118000050 50.892842154000000)","Unfall 27144 (2022) Kat:3, Licht: 2","27144","3","7","8","01","20","2","","2","0","1","0","0"
"POINT (6.900985380000070 50.937080172000002)","Unfall 27166 (2022) Kat:2, Licht: 2","27166","2","2","0","02","19","3","","2","1","1","0","0"
"POINT (6.954322151000040 50.961818952000002)","Unfall 27222 (2022) Kat:3, Licht: 0","27222","3","3","5","02","15","3","","0","1","1","0","0"
"POINT (7.039643876000070 50.945510167000101)","Unfall 27223 (2022) Kat:3, Licht: 0","27223","3","1","8","02","14","3","","0","0","1","0","0"
"POINT (7.060688324000070 50.903442357000102)","Unfall 27231 (2022) Kat:3, Licht: 1","27231","3","2","6","01","16","2","","1","0","1","1","0"
"POINT (7.015506293000040 50.975688234000103)","Unfall 27266 (2022) Kat:3, Licht: 1","27266","3","2","5","02","17","4","","1","0","1","0","1"
"POINT (6.942856126000040 50.928550142000098)","Unfall 27274 (2022) Kat:3, Licht: 2","27274","3","4","6","01","21","7","","2","0","0","1","0"
"POINT (6.912881796000020 50.936784848000102)","Unfall 27293 (2022) Kat:3, Licht: 1","27293","3","3","5","02","18","7","","1","0","1","0","0"
"POINT (6.992238019000070 50.915589994000101)","Unfall 27296 (2022) Kat:3, Licht: 1","27296","3","3","5","02","08","4","","1","1","1","0","0"
"POINT (7.024314251000020 50.977973942000098)","Unfall 27328 (2022) Kat:3, Licht: 2","27328","3","7","2","02","19","5","","2","0","1","0","0"
"POINT (6.970036377000040 50.869541484000102)","Unfall 27340 (2022) Kat:3, Licht: 2","27340","3","6","2","02","22","6","","2","0","1","0","0"
"POINT (7.032552445000020 50.962920014000098)","Unfall 27348 (2022) Kat:3, Licht: 0","27348","3","6","2","02","16","3","","0","0","1","0","0"
"POINT (6.886268289000040 50.934081597000002)","Unfall 27378 (2022) Kat:3, Licht: 0","27378","3","2","5","02","16","1","","0","0","1","0","0"
"POINT (6.956478077000040 50.955628664000102)","Unfall 27380 (2022) Kat:2, Licht: 0","27380","2","5","0","02","12","4","","0","1","1","0","0"
"POINT (7.020143077000060 50.948305877000102)","Unfall 27388 (2022) Kat:2, Licht: 2","27388","2","4","6","01","06","7","","2","0","1","1","0"
"POINT (6.941430183000020 50.929220574000098)","Unfall 27402 (2022) Kat:3, Licht: 1","27402","3","2","6","02","17","5","","1","0","1","1","0"
"POINT (6.884762512000070 50.989622285999999)","Unfall 27422 (2022) Kat:3, Licht: 1","27422","3","3","0","02","07","3","","1","1","1","0","0"
"POINT (7.013829532000050 51.013175736000100)","Unfall 27432 (2022) Kat:3, Licht: 0","27432","3","6","2","01","15","6","","0","0","1","0","0"
"POINT (6.981811452000040 50.939090184000101)","Unfall 27465 (2022) Kat:3, Licht: 0","27465","3","3","4","02","15","5","","0","1","0","0","0"
"POINT (7.096326715000030 50.843464388000001)","Unfall 27471 (2022) Kat:3, Licht: 0","27471","3","2","6","02","07","4","","0","0","1","1","0"
"POINT (6.916414600000050 50.905092772000003)","Unfall 27473 (2022) Kat:2, Licht: 0","27473","2","7","9","01","15","7","","0","0","1","0","0"
"POINT (6.956767809000040 50.903829446000003)","Unfall 27478 (2022) Kat:3, Licht: 0","27478","3","3","5","01","11","4","","0","0","1","0","0"
"POINT (6.895184761000050 50.993815924000003)","Unfall 27483 (2022) Kat:3, Licht: 0","27483","3","6","2","02","14","7","","0","0","1","0","0"
"POINT (6.937383503000040 50.931349458000099)","Unfall 27490 (2022) Kat:3, Licht: 0","27490","3","6","0","01","12","1","","0","0","1","0","0"
"POINT (7.003966484000050 50.961928100000101)","Unfall 27505 (2022) Kat:3, Licht: 0","27505","3","5","3","01","12","3","","0","0","0","0","0"
"POINT (7.045747975000040 50.866833638000102)","Unfall 27510 (2022) Kat:3, Licht: 0","27510","3","7","6","02","10","4","","0","0","1","1","0"
"POINT (6.941554720000060 50.935846224999999)","Unfall 27552 (2022) Kat:3, Licht: 0","27552","3","6","4","02","12","7","","0","1","1","0","0"
"POINT (7.084276892000050 50.897893850999999)","Unfall 27571 (2022) Kat:3, Licht: 0","27571","3","6","2","02","15","2","","0","0","1","0","0"
"POINT (7.012117412000070 50.991200102000100)","Unfall 27572 (2022) Kat:3, Licht: 2","27572","3","7","8","02","03","6","","2","1","0","0","0"
"POINT (6.953810378000070 50.964072559999998)","Unfall 27586 (2022) Kat:3, Licht: 0","27586","3","5","5","02","11","3","","0","1","1","0","0"
"POINT (7.082351078000040 50.881542812000099)","Unfall 27626 (2022) Kat:3, Licht: 0","27626","3","6","2","03","09","5","","0","0","1","0","0"
"POINT (7.035194812000040 50.967531856999997)","Unfall 27643 (2022) Kat:3, Licht: 0","27643","3","2","2","02","13","6","","0","0","1","0","0"
"POINT (6.872706811000060 51.001883491000100)","Unfall 27672 (2022) Kat:3, Licht: 0","27672","3","3","5","03","11","7","","0","1","1","0","0"
"POINT (6.985281247000050 50.944638069000099)","Unfall 27715 (2022) Kat:3, Licht: 1","27715","3","6","3","03","18","4","","1","0","1","0","1"
"POINT (6.908319219000020 50.937123913999997)","Unfall 27719 (2022) Kat:2, Licht: 0","27719","2","3","5","03","10","4","","0","0","0","0","1"
"POINT (6.922785369000050 50.956037144000000)","Unfall 27726 (2022) Kat:2, Licht: 0","27726","2","6","3","02","14","3","","0","0","1","0","1"
"POINT (6.912855796000030 50.944865909999997)","Unfall 27731 (2022) Kat:3, Licht: 0","27731","3","1","0","03","13","5","","0","0","0","0","1"
"POINT (6.912105426000040 51.000039512000100)","Unfall 27749 (2022) Kat:3, Licht: 0","27749","3","7","0","02","15","2","","0","0","1","0","0"
"POINT (7.027882043000030 50.965803225999998)","Unfall 27750 (2022) Kat:3, Licht: 2","27750","3","6","2","02","19","5","","2","0","1","0","0"
"POINT (7.005389965000060 50.963832626000098)","Unfall 27751 (2022) Kat:3, Licht: 2","27751","3","3","5","02","19","6","","2","0","0","0","0"
"POINT (6.974183292000020 50.864542505000003)","Unfall 27756 (2022) Kat:3, Licht: 2","27756","3","6","2","02","20","5","","2","0","1","0","0"
"POINT (6.848401068000040 50.936265262000099)","Unfall 27761 (2022) Kat:2, Licht: 0","27761","2","1","8","02","16","1","","0","0","1","0","0"
"POINT (6.941751723000040 50.928918228000001)","Unfall 27763 (2022) Kat:3, Licht: 0","27763","3","1","0","03","12","2","","0","1","0","0","0"
"POINT (6.900362545000060 50.937277220000098)","Unfall 27790 (2022) Kat:3, Licht: 2","27790","3","1","8","02","21","7","","2","1","0","0","0"
"POINT (6.944593771000030 50.954009440000000)","Unfall 27791 (2022) Kat:3, Licht: 0","27791","3","6","2","02","16","2","","0","0","1","0","0"
"POINT (6.911071554000050 50.940239416000097)","Unfall 27800 (2022) Kat:3, Licht: 0","27800","3","1","0","03","09","3","","0","1","0","0","0"
"POINT (7.088834808000060 50.857834392000001)","Unfall 27854 (2022) Kat:3, Licht: 0","27854","3","5","1","02","16","5","","0","1","1","0","0"
"POINT (6.972469764000040 50.930342281000001)","Unfall 27872 (2022) Kat:3, Licht: 0","27872","3","4","0","03","07","4","","0","0","1","1","0"
"POINT (7.065419235000040 50.836998741999999)","Unfall 27881 (2022) Kat:3, Licht: 1","27881","3","3","5","03","18","7","","1","1","1","0","0"
"POINT (6.952695576000050 50.935352962000103)","Unfall 27900 (2022) Kat:2, Licht: 0","27900","2","2","6","02","11","7","","0","0","1","1","0"
"POINT (7.067271989000060 50.908847315999999)","Unfall 27923 (2022) Kat:3, Licht: 0","27923","3","6","2","03","13","6","","0","0","1","0","0"
"POINT (6.878354046000030 50.996947701000103)","Unfall 27939 (2022) Kat:3, Licht: 0","27939","3","7","0","03","10","3","","0","0","0","1","0"
"POINT (6.991801404000060 50.947440201000099)","Unfall 27952 (2022) Kat:2, Licht: 0","27952","2","7","8","02","12","3","","0","0","1","0","0"
"POINT (6.999307848000060 50.989448606000103)","Unfall 27969 (2022) Kat:3, Licht: 0","27969","3","6","1","02","15","2","","0","0","1","0","0"