WKT,Name,OBJECTID,UKATEGORIE,UTYP1,UART,UMONAT,USTUNDE,UWOCHENTAG,STRZUSTAND,ULICHTVERH,ISTRAD,ISTPKW,ISTFUSS,ISTKRAD
"POINT (7.046114076000040 50.937281249000101)","Unfall 27986 (2022) Kat:3, Licht: 0","27986","3","6","2","03","07","3","","0","0","1","0","0"
"POINT (6.953728760000050 50.964468452000098)","Unfall 27989 (2022) Kat:3, Licht: 0","27989","3","7","1","03","17","3","","0","1","1","0","0"
"POINT (6.950096895000060 50.935282848999996)","Unfall 27997 (2022) Kat:3, Licht: 2","27997","3","3","5","03","20","5","","2","0","1","0","0"
"POINT (6.957415636000060 50.935298824000000)","Unfall 27998 (2022) Kat:3, Licht: 0","27998","3","7","5","02","11","7","","0","0","1","0","0"
"POINT (6.964563052000070 50.880325372000101)","Unfall 28025 (2022) Kat:3, Licht: 0","28025","3","6","2","02","13","2","","0","1","1","0","0"
"POINT (6.891205479000060 50.996950441000102)","Unfall 28030 (2022) Kat:2, Licht: 0","28030","2","6","2","03","16","2","","0","0","1","0","0"
"POINT (6.852423003000070 50.937940780000098)","Unfall 28032 (2022) Kat:3, Licht: 2","28032","3","2","5","03","22","6","","2","0","1","0","0"
"POINT (6.860344931000040 51.069667762000101)","Unfall 28055 (2022) Kat:3, Licht: 0","28055","3","2","4","03","17","4","","0","1","1","0","0"
"POINT (6.920636251000080 50.948189398000103)","Unfall 28059 (2022) Kat:3, Licht: 1","28059","3","5","0","03","17","4","","1","1","1","0","0"
"POINT (7.042655225000030 50.969056578000000)","Unfall 28116 (2022) Kat:3, Licht: 0","28116","3","2","5","02","16","2","","0","1","1","0","0"
"POINT (7.057776623000050 50.974116221000003)","Unfall 28126 (2022) Kat:3, Licht: 0","28126","3","2","6","02","10","2","","0","0","0","1","0"
"POINT (6.934433497000040 50.932993889000002)","Unfall 28155 (2022) Kat:3, Licht: 2","28155","3","1","0","02","22","7","","2","0","0","0","1"
"POINT (6.962230684000080 50.930035829000097)","Unfall 28174 (2022) Kat:3, Licht: 0","28174","3","6","2","03","16","5","","0","0","1","0","0"
"POINT (6.895730244000050 50.914676708999998)","Unfall 28196 (2022) Kat:3, Licht: 2","28196","3","2","5","02","22","4","","2","0","1","0","0"
"POINT (7.105247855000070 50.882878425999998)","Unfall 28201 (2022) Kat:3, Licht: 0","28201","3","3","0","02","16","2","","0","1","1","0","0"
"POINT (7.006828360000040 50.968631852999998)","Unfall 28206 (2022) Kat:3, Licht: 0","28206","3","6","1","03","14","6","","0","0","1","0","0"
"POINT (6.942110180000040 50.991197960000100)","Unfall 28217 (2022) Kat:3, Licht: 1","28217","3","1","0","02","07","2","","1","1","0","0","0"
"POINT (6.933881783000060 50.943103791000098)","Unfall 28218 (2022) Kat:3, Licht: 0","28218","3","1","0","02","11","5","","0","1","0","0","0"
"POINT (7.027718163000030 50.965991547000002)","Unfall 28222 (2022) Kat:3, Licht: 2","28222","3","2","5","02","19","4","","2","0","1","0","0"
"POINT (6.979934097000070 50.951588474000097)","Unfall 28227 (2022) Kat:3, Licht: 0","28227","3","3","5","02","17","2","","0","0","1","0","0"
"POINT (7.012958326000050 50.914094794000100)","Unfall 28234 (2022) Kat:2, Licht: 0","28234","2","6","1","03","14","6","","0","0","1","0","0"
"POINT (6.947443586000080 50.984031727999998)","Unfall 28259 (2022) Kat:2, Licht: 2","28259","2","3","5","03","21","4","","2","0","1","0","1"
"POINT (7.157867709000070 50.874056037999999)","Unfall 28285 (2022) Kat:3, Licht: 0","28285","3","7","0","03","17","5","","0","1","0","1","0"
"POINT (7.064943403000030 50.915709121000098)","Unfall 28290 (2022) Kat:3, Licht: 0","28290","3","6","2","02","13","1","","0","0","1","0","0"
"POINT (7.006161416000050 50.961057607000001)","Unfall 28322 (2022) Kat:3, Licht: 0","28322","3","6","0","03","12","3","","0","0","1","0","0"
"POINT (6.966576997000060 50.923344595000103)","Unfall 28330 (2022) Kat:3, Licht: 0","28330","3","6","1","03","14","5","","0","0","1","0","0"
"POINT (6.889554841000060 50.907549898000099)","Unfall 28393 (2022) Kat:3, Licht: 0","28393","3","7","9","03","09","5","","0","0","0","0","0"
"POINT (6.916743158000030 50.930920141999998)","Unfall 28396 (2022) Kat:3, Licht: 0","28396","3","2","0","02","10","3","","0","0","1","0","0"
"POINT (6.885856856000030 50.989960788000097)","Unfall 28398 (2022) Kat:3, Licht: 0","28398","3","6","2","02","15","4","","0","0","1","0","0"
"POINT (6.994514519000060 50.949532834000102)","Unfall 28432 (2022) Kat:3, Licht: 2","28432","3","6","2","02","21","3","","2","0","1","0","0"
"POINT (6.826659723000030 50.938390722000101)","Unfall 28457 (2022) Kat:3, Licht: 0","28457","3","7","0","02","13","6","","0","0","0","0","0"
"POINT (7.036600854000030 50.996185492000102)","Unfall 28462 (2022) Kat:3, Licht: 0","28462","3","7","6","02","12","2","","0","0","1","1","0"
"POINT (6.920568975000040 50.914601011000101)","Unfall 28487 (2022) Kat:3, Licht: 0","28487","3","5","0","02","14","2","","0","1","1","0","0"
"POINT (6.924086827000050 50.936556950000103)","Unfall 28516 (2022) Kat:3, Licht: 0","28516","3","3","5","02","15","5","","0","1","1","0","0"
"POINT (6.895424749000030 50.999540578999998)","Unfall 28531 (2022) Kat:3, Licht: 0","28531","3","6","4","03","14","4","","0","1","0","0","0"
"POINT (7.002732964000070 50.937922362000101)","Unfall 28664 (2022) Kat:3, Licht: 0","28664","3","4","6","02","10","5","","0","0","1","1","0"
"POINT (7.049701798000060 50.952368366000002)","Unfall 28665 (2022) Kat:3, Licht: 2","28665","3","6","3","02","06","6","","2","0","1","0","0"
"POINT (6.929535773000050 50.926253860000003)","Unfall 28679 (2022) Kat:3, Licht: 0","28679","3","6","0","02","11","3","","0","1","0","0","0"
"POINT (6.908014128000050 50.935996332000101)","Unfall 28721 (2022) Kat:3, Licht: 0","28721","3","6","1","02","15","2","","0","0","1","0","0"
"POINT (6.911936390000050 50.929019713999999)","Unfall 28735 (2022) Kat:3, Licht: 0","28735","3","2","3","02","10","3","","0","1","1","0","0"
"POINT (6.962509697000030 50.941779285000102)","Unfall 28738 (2022) Kat:3, Licht: 2","28738","3","1","2","02","00","1","","2","0","1","0","0"
"POINT (6.962649859000070 50.943005284000002)","Unfall 28753 (2022) Kat:3, Licht: 0","28753","3","6","6","02","17","7","","0","1","0","1","0"
"POINT (6.970152603000030 50.916401108000102)","Unfall 28763 (2022) Kat:3, Licht: 0","28763","3","6","4","03","13","5","","0","1","0","0","0"
"POINT (7.049837633000040 50.929651591000002)","Unfall 28770 (2022) Kat:3, Licht: 0","28770","3","6","1","02","14","6","","0","0","1","0","0"
"POINT (6.942000552000020 50.869042082000099)","Unfall 28780 (2022) Kat:3, Licht: 0","28780","3","3","8","02","06","2","","0","1","1","0","0"
"POINT (6.906652851000050 51.012332247000103)","Unfall 28783 (2022) Kat:3, Licht: 0","28783","3","6","3","03","16","2","","0","0","1","0","1"
"POINT (7.094086336000030 50.858653479000097)","Unfall 28839 (2022) Kat:2, Licht: 1","28839","2","2","0","02","17","1","","1","1","1","0","0"
"POINT (7.012451850000050 50.995304772000097)","Unfall 28840 (2022) Kat:3, Licht: 0","28840","3","6","2","03","10","5","","0","0","1","0","0"
"POINT (7.037858627000050 50.949853384000100)","Unfall 28841 (2022) Kat:3, Licht: 2","28841","3","6","3","03","01","6","","2","0","1","0","0"
"POINT (7.058574904000070 50.897366415000100)","Unfall 28855 (2022) Kat:3, Licht: 2","28855","3","2","5","03","21","7","","2","0","1","0","0"
"POINT (6.948083150000060 50.936373724000099)","Unfall 28873 (2022) Kat:2, Licht: 2","28873","2","1","0","03","00","7","","2","0","0","0","0"
"POINT (7.002849310000040 50.937939827000001)","Unfall 28899 (2022) Kat:3, Licht: 2","28899","3","4","6","03","19","7","","2","0","1","1","0"
"POINT (6.929883104000060 50.925738107000001)","Unfall 28911 (2022) Kat:2, Licht: 0","28911","2","1","0","03","08","5","","0","1","0","0","0"
"POINT (6.938995304000060 50.936221711000002)","Unfall 28928 (2022) Kat:3, Licht: 0","28928","3","7","0","02","11","6","","0","1","0","0","0"
"POINT (7.085335410000030 50.897446608999999)","Unfall 28936 (2022) Kat:3, Licht: 0","28936","3","6","2","02","12","4","","0","0","1","0","0"
"POINT (6.879822259000040 51.005590038000001)","Unfall 28939 (2022) Kat:3, Licht: 0","28939","3","6","2","02","16","2","","0","0","1","0","0"
"POINT (6.920378095000050 50.948297791000101)","Unfall 28947 (2022) Kat:2, Licht: 0","28947","2","4","6","02","09","4","","0","0","0","1","0"
"POINT (7.097081114000050 50.855951437999998)","Unfall 28971 (2022) Kat:3, Licht: 0","28971","3","6","2","02","14","5","","0","0","1","0","0"
"POINT (6.848712501000020 51.054003510000001)","Unfall 28985 (2022) Kat:3, Licht: 2","28985","3","3","5","03","18","5","","2","0","1","0","0"
"POINT (6.982398147000030 50.888803684000003)","Unfall 29001 (2022) Kat:3, Licht: 2","29001","3","6","2","02","19","6","","2","0","1","0","0"
"POINT (7.022302103000070 50.979233276000102)","Unfall 29003 (2022) Kat:2, Licht: 0","29003","2","6","2","02","15","5","","0","0","1","0","0"
"POINT (6.979077015000030 50.939480436000103)","Unfall 29017 (2022) Kat:3, Licht: 2","29017","3","7","0","03","00","2","","2","1","0","0","0"
"POINT (7.013640395000040 51.014066405000101)","Unfall 29050 (2022) Kat:3, Licht: 0","29050","3","5","8","03","16","2","","0","0","1","0","0"
"POINT (6.936868574000070 50.906613941000003)","Unfall 29074 (2022) Kat:3, Licht: 2","29074","3","1","8","02","21","7","","2","0","0","0","0"
"POINT (6.972783634000050 50.870046899000002)","Unfall 29076 (2022) Kat:3, Licht: 0","29076","3","3","5","03","10","4","","0","1","1","0","0"
"POINT (6.946472873000060 50.860500184000003)","Unfall 29087 (2022) Kat:2, Licht: 0","29087","2","6","4","02","13","3","","0","0","1","0","0"
"POINT (7.055489425000080 50.973302975000102)","Unfall 29092 (2022) Kat:3, Licht: 0","29092","3","1","0","03","14","5","","0","1","0","0","0"
"POINT (6.946343484000070 50.850466367000102)","Unfall 29105 (2022) Kat:3, Licht: 0","29105","3","6","2","02","13","3","","0","0","1","0","0"
"POINT (7.083500424000020 50.869471607999998)","Unfall 29110 (2022) Kat:3, Licht: 0","29110","3","3","0","02","17","5","","0","1","1","0","0"
"POINT (6.969112291000040 50.847343336999998)","Unfall 29111 (2022) Kat:3, Licht: 2","29111","3","6","2","02","18","6","","2","0","1","0","0"
"POINT (6.930121260000020 50.909163829000100)","Unfall 29122 (2022) Kat:2, Licht: 0","29122","2","2","5","03","11","2","","0","0","1","0","1"
"POINT (7.013121215000070 50.974094461999996)","Unfall 29137 (2022) Kat:3, Licht: 2","29137","3","7","9","03","23","7","","2","0","1","0","0"
"POINT (6.947097046000070 50.935670408000099)","Unfall 29139 (2022) Kat:3, Licht: 2","29139","3","4","6","03","00","3","","2","0","0","1","0"
"POINT (7.052641591000050 50.915892665000101)","Unfall 29147 (2022) Kat:3, Licht: 0","29147","3","7","6","03","17","5","","0","0","1","1","0"
"POINT (6.947769954000020 50.982764762999999)","Unfall 29148 (2022) Kat:3, Licht: 2","29148","3","4","6","02","20","7","","2","0","1","1","0"
"POINT (7.004536845000080 50.962661937000099)","Unfall 29171 (2022) Kat:3, Licht: 0","29171","3","5","1","02","21","7","","0","0","1","0","0"
"POINT (6.953394500000060 50.935217500000100)","Unfall 29215 (2022) Kat:3, Licht: 2","29215","3","1","7","02","21","5","","2","0","1","0","0"
"POINT (6.963277635000050 50.933639407999998)","Unfall 29263 (2022) Kat:3, Licht: 2","29263","3","6","4","03","19","5","","2","0","1","0","0"
"POINT (6.894789420000050 50.915192428000097)","Unfall 29277 (2022) Kat:3, Licht: 0","29277","3","2","2","03","13","1","","0","0","1","0","1"
"POINT (6.894033736000040 50.995090236000102)","Unfall 29288 (2022) Kat:3, Licht: 0","29288","3","6","2","03","15","6","","0","0","1","0","0"
"POINT (6.895708530000040 50.914687899999997)","Unfall 29329 (2022) Kat:3, Licht: 2","29329","3","6","2","02","23","5","","2","0","1","0","0"
"POINT (7.083809530000050 50.863233903999998)","Unfall 29332 (2022) Kat:3, Licht: 1","29332","3","4","6","02","18","2","","1","0","0","1","0"
"POINT (6.910625545000070 50.925702111000099)","Unfall 29337 (2022) Kat:3, Licht: 0","29337","3","2","5","03","11","6","","0","1","1","0","0"
"POINT (6.983595631000070 50.901360791999998)","Unfall 29348 (2022) Kat:3, Licht: 2","29348","3","6","3","03","21","7","","2","0","1","0","0"
"POINT (7.057276299000020 50.907256314000101)","Unfall 29349 (2022) Kat:2, Licht: 1","29349","2","7","8","03","17","3","","1","0","1","0","0"
"POINT (6.947213540000060 50.930117647000003)","Unfall 29360 (2022) Kat:3, Licht: 0","29360","3","7","1","03","07","5","","0","1","1","0","0"
"POINT (6.869992626000060 51.040578337000099)","Unfall 29378 (2022) Kat:3, Licht: 0","29378","3","6","3","02","14","6","","0","0","1","0","1"
"POINT (6.945324291000080 50.987104350999999)","Unfall 29381 (2022) Kat:3, Licht: 0","29381","3","7","4","02","14","6","","0","0","0","0","0"
"POINT (6.873581671000070 50.968756468999999)","Unfall 29385 (2022) Kat:2, Licht: 2","29385","2","7","6","03","23","1","","2","0","0","1","0"
"POINT (7.046684424000030 50.936732096000100)","Unfall 29387 (2022) Kat:3, Licht: 0","29387","3","6","3","02","10","4","","0","0","1","0","0"
"POINT (6.916644663000060 50.918026640000100)","Unfall 29395 (2022) Kat:3, Licht: 0","29395","3","7","5","03","07","2","","0","1","0","1","0"
"POINT (7.015750950000040 50.951733173000001)","Unfall 29407 (2022) Kat:3, Licht: 0","29407","3","3","5","02","15","4","","0","1","1","0","0"
"POINT (6.939971669000040 50.940549875000002)","Unfall 29411 (2022) Kat:3, Licht: 0","29411","3","4","6","03","17","3","","0","0","1","1","0"
"POINT (7.105522490000060 50.913704049000003)","Unfall 29419 (2022) Kat:3, Licht: 0","29419","3","6","2","02","08","2","","0","0","1","0","0"
"POINT (6.939584539000070 50.939047432999999)","Unfall 29420 (2022) Kat:3, Licht: 0","29420","3","7","6","03","10","4","","0","1","0","1","0"
"POINT (6.829773920000040 50.957594513000103)","Unfall 29479 (2022) Kat:3, Licht: 2","29479","3","1","8","02","02","1","","2","0","1","0","0"
"POINT (6.835849485000040 50.938098295000003)","Unfall 29488 (2022) Kat:2, Licht: 0","29488","2","7","6","02","17","2","","0","0","0","1","0"
"POINT (6.956171793000070 50.935169141000102)","Unfall 29510 (2022) Kat:3, Licht: 0","29510","3","4","6","03","17","7","","0","1","0","1","0"
"POINT (6.880373303000060 50.993714562999997)","Unfall 29542 (2022) Kat:3, Licht: 0","29542","3","6","2","02","15","4","","0","0","1","0","0"
"POINT (7.068029282000050 50.908646754000102)","Unfall 29548 (2022) Kat:3, Licht: 2","29548","3","6","2","03","20","5","","2","0","1","0","0"
"POINT (7.052166117000070 50.916444775999999)","Unfall 29565 (2022) Kat:3, Licht: 0","29565","3","7","7","03","16","5","","0","0","1","0","0"
"POINT (7.023782678000030 50.916085941000098)","Unfall 29580 (2022) Kat:3, Licht: 1","29580","3","6","2","02","07","6","","1","0","1","0","0"
"POINT (7.083498165000040 50.869512247999999)","Unfall 29582 (2022) Kat:3, Licht: 1","29582","3","3","5","02","06","5","","1","1","1","0","0"
"POINT (6.845207946000070 50.925574521999998)","Unfall 29595 (2022) Kat:3, Licht: 0","29595","3","7","0","03","12","6","","0","0","0","0","0"
"POINT (7.067965828000070 50.908412740000102)","Unfall 29596 (2022) Kat:3, Licht: 0","29596","3","3","5","03","07","2","","0","0","1","0","0"
"POINT (6.887422562000040 50.924499720000000)","Unfall 29616 (2022) Kat:3, Licht: 0","29616","3","7","0","02","16","7","","0","1","0","0","0"
"POINT (6.892627037000070 50.961176235000003)","Unfall 29623 (2022) Kat:2, Licht: 2","29623","2","1","0","02","22","2","","2","0","0","0","1"
"POINT (7.004155741000030 50.990224130999998)","Unfall 29652 (2022) Kat:3, Licht: 1","29652","3","2","5","02","07","3","","1","1","1","0","0"
"POINT (6.940369427000060 50.931687846999999)","Unfall 29657 (2022) Kat:3, Licht: 2","29657","3","4","6","02","23","5","","2","0","1","1","0"
"POINT (7.060150670000040 50.927763612000000)","Unfall 29661 (2022) Kat:3, Licht: 0","29661","3","2","5","03","11","7","","0","0","1","0","0"
"POINT (6.934579804000070 50.936530016000098)","Unfall 29663 (2022) Kat:2, Licht: 2","29663","2","2","6","02","20","4","","2","0","1","1","0"
"POINT (6.916619982000040 50.950258884000000)","Unfall 29671 (2022) Kat:2, Licht: 2","29671","2","3","5","03","19","2","","2","1","1","1","0"
"POINT (7.046306961000030 50.907980463999998)","Unfall 29684 (2022) Kat:2, Licht: 1","29684","2","6","2","03","19","3","","1","0","1","0","0"
"POINT (6.953769520000040 50.964270740000103)","Unfall 29757 (2022) Kat:3, Licht: 0","29757","3","5","3","03","17","6","","0","1","1","0","0"
"POINT (6.899750176000050 50.990343358000104)","Unfall 29830 (2022) Kat:3, Licht: 0","29830","3","6","2","03","17","4","","0","0","1","0","0"
"POINT (7.080305950000020 50.922357684000097)","Unfall 29837 (2022) Kat:3, Licht: 0","29837","3","2","6","03","11","5","","0","0","1","1","0"
"POINT (6.920898324000060 50.954498792999999)","Unfall 29914 (2022) Kat:2, Licht: 0","29914","2","4","6","03","06","3","","0","0","0","1","0"
"POINT (6.940921300000070 50.849656851000098)","Unfall 29935 (2022) Kat:3, Licht: 1","29935","3","6","1","03","07","2","","1","0","1","0","0"
"POINT (6.930121260000020 50.909163829000100)","Unfall 29952 (2022) Kat:3, Licht: 1","29952","3","1","0","03","18","1","","1","1","0","0","0"
"POINT (6.851227001000040 50.919182067000101)","Unfall 29956 (2022) Kat:3, Licht: 0","29956","3","6","2","03","08","6","","0","0","1","0","0"
"POINT (6.845438888000050 50.914463234999999)","Unfall 29964 (2022) Kat:3, Licht: 0","29964","3","6","2","03","10","2","","0","0","1","0","0"
"POINT (7.055552848000050 50.912533199999999)","Unfall 29968 (2022) Kat:3, Licht: 0","29968","3","1","0","03","16","3","","0","0","0","0","1"
"POINT (6.893092739000050 50.997694667000097)","Unfall 29972 (2022) Kat:3, Licht: 0","29972","3","6","2","03","15","3","","0","0","1","0","0"
"POINT (7.006416380000080 50.963543193000099)","Unfall 29992 (2022) Kat:3, Licht: 2","29992","3","6","0","03","18","4","","2","0","1","0","0"
"POINT (6.993255081000030 50.902177201000001)","Unfall 30000 (2022) Kat:3, Licht: 0","30000","3","6","2","03","11","3","","0","0","1","0","0"
"POINT (7.095750288000030 50.868507676000000)","Unfall 30009 (2022) Kat:3, Licht: 0","30009","3","6","2","03","14","6","","0","0","1","0","0"
"POINT (7.028442493000060 50.942391746000098)","Unfall 30013 (2022) Kat:3, Licht: 0","30013","3","6","2","03","16","5","","0","0","1","0","1"
"POINT (6.953986836000070 50.963261390000099)","Unfall 30034 (2022) Kat:3, Licht: 0","30034","3","5","1","03","12","7","","0","1","1","0","0"
"POINT (6.923163789000060 50.947136516999997)","Unfall 30067 (2022) Kat:3, Licht: 0","30067","3","6","2","03","08","6","","0","0","1","0","0"
"POINT (6.973677778000020 50.929337511000000)","Unfall 30071 (2022) Kat:3, Licht: 0","30071","3","7","3","03","11","5","","0","0","1","0","0"
"POINT (7.035437022000050 50.999317473000097)","Unfall 30095 (2022) Kat:3, Licht: 0","30095","3","1","5","03","14","6","","0","0","1","0","0"
"POINT (7.027325566000060 50.916770178000000)","Unfall 30098 (2022) Kat:3, Licht: 2","30098","3","6","2","03","21","6","","2","0","1","0","0"
"POINT (6.986367227000070 50.919764089000097)","Unfall 30099 (2022) Kat:2, Licht: 0","30099","2","3","2","03","07","5","","0","0","1","0","0"
"POINT (6.949775885000070 50.955480633999997)","Unfall 30110 (2022) Kat:3, Licht: 0","30110","3","2","2","03","14","7","","0","0","1","0","1"
"POINT (6.844364182000050 50.951067409000103)","Unfall 30113 (2022) Kat:3, Licht: 0","30113","3","6","4","03","14","3","","0","0","1","0","0"
"POINT (6.985083699000030 50.947803804000003)","Unfall 30131 (2022) Kat:3, Licht: 1","30131","3","6","2","03","18","2","","1","0","1","0","0"
"POINT (7.014108442000070 51.004232539999997)","Unfall 30145 (2022) Kat:2, Licht: 0","30145","2","7","3","03","14","2","","0","0","1","0","0"
"POINT (6.953394500000060 50.935217500000100)","Unfall 30156 (2022) Kat:3, Licht: 0","30156","3","3","5","03","14","2","","0","0","1","0","1"
"POINT (6.913980918000050 50.951965756000000)","Unfall 30201 (2022) Kat:3, Licht: 0","30201","3","6","4","03","11","6","","0","1","0","0","0"
"POINT (7.055746958000040 50.885549642000100)","Unfall 30202 (2022) Kat:2, Licht: 0","30202","2","6","4","03","17","5","","0","0","1","0","1"
"POINT (7.067585525000030 50.921124139000000)","Unfall 30239 (2022) Kat:3, Licht: 0","30239","3","6","3","03","15","6","","0","0","1","0","0"
"POINT (6.993667182000020 50.889017475000102)","Unfall 30246 (2022) Kat:3, Licht: 0","30246","3","3","0","03","14","3","","0","1","1","0","0"
"POINT (7.034030705000020 50.967294068000101)","Unfall 30253 (2022) Kat:3, Licht: 2","30253","3","3","5","03","21","3","","2","0","1","0","0"
"POINT (6.968706830000030 50.854910412999999)","Unfall 30254 (2022) Kat:3, Licht: 0","30254","3","1","8","03","07","7","","0","0","1","0","0"
"POINT (6.856631100000070 50.922235832000098)","Unfall 30287 (2022) Kat:2, Licht: 2","30287","2","1","8","03","05","3","","2","0","1","0","0"
"POINT (7.053004356000030 50.877743704000103)","Unfall 30300 (2022) Kat:3, Licht: 0","30300","3","3","0","03","17","5","","0","0","1","0","1"
"POINT (6.947949112000060 50.954810699000099)","Unfall 30316 (2022) Kat:3, Licht: 0","30316","3","3","5","03","14","5","","0","0","0","0","0"
"POINT (6.928562361000050 50.936703938000100)","Unfall 30341 (2022) Kat:3, Licht: 0","30341","3","1","0","03","17","6","","0","1","0","0","0"
"POINT (6.880881257000060 50.937835933000002)","Unfall 30391 (2022) Kat:3, Licht: 2","30391","3","4","6","03","21","1","","2","0","1","1","0"
"POINT (6.997912111000060 50.946739123000000)","Unfall 30395 (2022) Kat:3, Licht: 0","30395","3","6","2","03","14","6","","0","0","1","0","0"
"POINT (7.073938757000060 50.842857824000099)","Unfall 30397 (2022) Kat:2, Licht: 2","30397","2","1","8","03","04","3","","2","0","1","0","0"
"POINT (6.898385339000070 50.996018343999999)","Unfall 30398 (2022) Kat:3, Licht: 0","30398","3","6","2","03","12","6","","0","0","1","0","0"
"POINT (6.930436685000070 50.918692288999999)","Unfall 30414 (2022) Kat:3, Licht: 0","30414","3","3","5","03","08","2","","0","1","1","0","0"
"POINT (6.928635677000050 50.945154162000101)","Unfall 30425 (2022) Kat:2, Licht: 1","30425","2","4","6","03","17","3","","1","0","1","1","0"
"POINT (6.927379722000070 50.915795158000002)","Unfall 30432 (2022) Kat:3, Licht: 2","30432","3","4","6","03","20","3","","2","0","0","1","0"
"POINT (7.009007349000060 50.968305932000099)","Unfall 30438 (2022) Kat:3, Licht: 1","30438","3","6","2","03","17","5","","1","0","1","0","1"
"POINT (6.966519068000030 50.903971104000000)","Unfall 30470 (2022) Kat:3, Licht: 0","30470","3","2","5","03","12","4","","0","1","1","0","0"
"POINT (6.971002460000020 50.954162852000103)","Unfall 30518 (2022) Kat:3, Licht: 0","30518","3","6","4","03","16","3","","0","1","0","0","0"
"POINT (7.087311056000030 50.896158372000102)","Unfall 30522 (2022) Kat:3, Licht: 0","30522","3","3","2","03","15","1","","0","0","1","0","0"
"POINT (7.039735058000080 50.931043192000097)","Unfall 30529 (2022) Kat:3, Licht: 2","30529","3","4","0","03","18","3","","2","0","1","1","0"
"POINT (7.005598104000060 50.961825376000000)","Unfall 30530 (2022) Kat:3, Licht: 0","30530","3","5","0","03","13","7","","0","0","1","0","0"
"POINT (6.985584784000030 50.947318174000003)","Unfall 30541 (2022) Kat:3, Licht: 0","30541","3","6","2","03","18","7","","0","0","1","0","0"
"POINT (7.101629569000070 50.858946259000000)","Unfall 30546 (2022) Kat:3, Licht: 0","30546","3","1","0","03","15","5","","0","1","0","0","0"
"POINT (7.040928085000080 50.929678228000100)","Unfall 30554 (2022) Kat:2, Licht: 2","30554","2","3","5","03","00","4","","2","0","1","0","0"
"POINT (7.081948879000040 50.882644164000098)","Unfall 30572 (2022) Kat:3, Licht: 0","30572","3","3","5","03","11","3","","0","1","1","0","0"
"POINT (6.915450768000030 51.010772181000000)","Unfall 30574 (2022) Kat:2, Licht: 0","30574","2","6","2","03","16","6","","0","0","1","0","0"
"POINT (6.962649380000070 50.943002167000003)","Unfall 30601 (2022) Kat:3, Licht: 0","30601","3","6","2","03","16","5","","0","0","1","0","0"
"POINT (7.073509324000040 50.881157073000097)","Unfall 30630 (2022) Kat:3, Licht: 0","30630","3","4","6","03","13","2","","0","0","0","1","0"
"POINT (7.052377958000020 50.889492089999997)","Unfall 30677 (2022) Kat:3, Licht: 0","30677","3","6","4","03","14","7","","0","0","1","0","0"
"POINT (6.971163798000020 50.932408191000000)","Unfall 30678 (2022) Kat:3, Licht: 0","30678","3","3","5","03","15","6","","0","1","0","0","0"
"POINT (6.957993652000030 50.921428964000000)","Unfall 30680 (2022) Kat:3, Licht: 0","30680","3","6","2","03","18","3","","0","1","1","0","0"
"POINT (6.955730692000030 50.957141083000103)","Unfall 30709 (2022) Kat:3, Licht: 0","30709","3","6","2","03","15","3","","0","0","1","0","0"
"POINT (6.916619982000040 50.950258884000000)","Unfall 30718 (2022) Kat:3, Licht: 0","30718","3","6","2","03","09","7","","0","0","1","0","0"
"POINT (6.984673484000040 50.894630511000102)","Unfall 30735 (2022) Kat:3, Licht: 0","30735","3","3","5","03","06","6","","0","1","1","0","0"
"POINT (6.924086827000050 50.936556950000103)","Unfall 30739 (2022) Kat:3, Licht: 0","30739","3","6","1","03","17","5","","0","1","0","0","0"
"POINT (7.060538955000030 50.906687948000098)","Unfall 30740 (2022) Kat:3, Licht: 0","30740","3","6","1","03","13","2","","0","0","1","0","0"
"POINT (6.914779133000020 50.951449122000000)","Unfall 30744 (2022) Kat:3, Licht: 0","30744","3","2","2","03","13","7","","0","0","1","0","0"
"POINT (6.955036815000030 51.002614426000001)","Unfall 30776 (2022) Kat:3, Licht: 0","30776","3","3","5","03","17","4","","0","0","1","0","0"
"POINT (6.923253003000070 50.936764904000000)","Unfall 30783 (2022) Kat:3, Licht: 0","30783","3","7","5","03","11","5","","0","0","0","0","0"
"POINT (6.850027532000070 50.953884455000001)","Unfall 30791 (2022) Kat:3, Licht: 0","30791","3","6","2","03","08","4","","0","0","1","0","0"
"POINT (7.057718111000040 50.926233146000101)","Unfall 30802 (2022) Kat:3, Licht: 0","30802","3","6","3","03","18","2","","0","0","1","0","0"
"POINT (6.967292244000020 50.842916197000100)","Unfall 30804 (2022) Kat:3, Licht: 0","30804","3","7","9","03","06","1","","0","0","1","0","0"
"POINT (6.942877133000020 50.945338413000101)","Unfall 30808 (2022) Kat:3, Licht: 2","30808","3","2","5","03","20","6","","2","1","1","0","0"
"POINT (7.049735625000040 50.585816881000000)","Unfall 30822 (2022) Kat:2, Licht: 0","30822","2","6","2","03","16","3","","0","0","1","0","0"
"POINT (6.842052645000020 50.968228891000102)","Unfall 30824 (2022) Kat:3, Licht: 0","30824","3","7","0","03","17","6","","0","1","0","0","0"
"POINT (7.083276865000070 50.875346549000000)","Unfall 30826 (2022) Kat:3, Licht: 0","30826","3","1","8","03","17","3","","0","1","0","0","0"
"POINT (6.926597382000070 50.942687522000000)","Unfall 30830 (2022) Kat:2, Licht: 2","30830","2","1","0","03","00","1","","2","1","0","0","0"
"POINT (6.940513807000060 50.931355382000000)","Unfall 30862 (2022) Kat:3, Licht: 2","30862","3","7","0","03","23","6","","2","0","0","1","0"