WKT,Name,OBJECTID,UKATEGORIE,UTYP1,UART,UMONAT,USTUNDE,UWOCHENTAG,STRZUSTAND,ULICHTVERH,ISTRAD,ISTPKW,ISTFUSS,ISTKRAD
"POINT (7.034222386000070 50.958550862000003)","Unfall 30866 (2022) Kat:3, Licht: 0","30866","3","6","2","03","08","5","","0","0","1","0","0"
"POINT (7.005861123000050 50.964642181999999)","Unfall 30892 (2022) Kat:2, Licht: 2","30892","2","3","5","03","05","2","","2","0","1","0","0"
"POINT (6.852460817000060 50.977861306000101)","Unfall 30907 (2022) Kat:3, Licht: 0","30907","3","6","2","03","08","2","","0","0","1","0","0"
"POINT (7.089442061000060 50.881613437000098)","Unfall 30909 (2022) Kat:3, Licht: 0","30909","3","3","0","03","16","4","","0","0","1","0","1"
"POINT (6.974793943000070 50.893734344999999)","Unfall 30913 (2022) Kat:3, Licht: 0","30913","3","6","2","03","17","5","","0","0","1","0","0"
"POINT (7.006576831000070 50.966846404000101)","Unfall 30918 (2022) Kat:2, Licht: 0","30918","2","2","4","03","17","1","","0","0","1","0","0"
"POINT (6.908680379000030 50.982904810999997)","Unfall 30938 (2022) Kat:2, Licht: 0","30938","2","6","0","03","08","3","","0","0","0","0","1"
"POINT (6.933586829000030 50.935467723999999)","Unfall 30967 (2022) Kat:3, Licht: 0","30967","3","7","6","03","13","6","","0","1","1","1","0"
"POINT (7.034030705000020 50.967294068000101)","Unfall 30970 (2022) Kat:3, Licht: 0","30970","3","6","2","03","15","6","","0","0","1","0","0"
"POINT (6.851251595000060 51.054537955999997)","Unfall 30995 (2022) Kat:3, Licht: 0","30995","3","3","0","03","14","7","","0","1","1","0","0"
"POINT (7.005333860000060 50.924801602999999)","Unfall 30996 (2022) Kat:3, Licht: 0","30996","3","6","2","03","13","6","","0","0","1","0","0"
"POINT (6.988096368000070 50.965328714000101)","Unfall 31002 (2022) Kat:3, Licht: 2","31002","3","1","8","03","01","1","","2","0","1","0","0"
"POINT (6.919721099000070 50.908496883000097)","Unfall 31038 (2022) Kat:3, Licht: 0","31038","3","6","2","04","15","5","","0","0","1","0","0"
"POINT (7.037357610000070 50.897434626000098)","Unfall 31045 (2022) Kat:3, Licht: 0","31045","3","1","0","04","14","3","","0","1","0","0","0"
"POINT (6.851291856000050 51.054445250000100)","Unfall 31070 (2022) Kat:3, Licht: 0","31070","3","2","5","04","17","2","","0","1","1","0","0"
"POINT (7.092035537000070 50.930260273000002)","Unfall 31091 (2022) Kat:3, Licht: 2","31091","3","7","8","03","06","4","","2","0","0","0","0"
"POINT (6.915897284000040 50.950725966000000)","Unfall 31148 (2022) Kat:3, Licht: 0","31148","3","2","5","04","17","6","","0","1","1","0","0"
"POINT (7.001654703000040 50.962509156000102)","Unfall 31157 (2022) Kat:3, Licht: 0","31157","3","6","4","04","17","3","","0","1","0","0","0"
"POINT (7.038194319000070 50.948979866999998)","Unfall 31160 (2022) Kat:3, Licht: 0","31160","3","6","3","03","10","5","","0","0","1","0","0"
"POINT (6.843145514000070 50.918672145000102)","Unfall 31178 (2022) Kat:3, Licht: 0","31178","3","6","2","04","07","3","","0","0","1","0","0"
"POINT (7.002868321000050 50.960367371000103)","Unfall 31203 (2022) Kat:3, Licht: 0","31203","3","3","5","04","14","4","","0","1","1","0","0"
"POINT (7.095954326000030 50.866712266000000)","Unfall 31214 (2022) Kat:3, Licht: 0","31214","3","6","2","03","16","2","","0","0","1","0","0"
"POINT (6.933370368000060 50.936550152999999)","Unfall 31262 (2022) Kat:2, Licht: 0","31262","2","7","0","04","13","4","","0","0","0","1","0"
"POINT (7.056297503000050 50.927795379000003)","Unfall 31268 (2022) Kat:2, Licht: 0","31268","2","6","3","03","13","2","","0","0","1","0","0"
"POINT (7.056355604000030 50.891890693000100)","Unfall 31281 (2022) Kat:3, Licht: 0","31281","3","1","8","04","15","1","","0","0","0","0","0"
"POINT (6.918454715000050 50.916063516000101)","Unfall 31302 (2022) Kat:3, Licht: 0","31302","3","2","5","04","13","3","","0","1","1","0","0"
"POINT (7.018367665000030 50.940193665999999)","Unfall 31306 (2022) Kat:2, Licht: 0","31306","2","4","6","03","08","5","","0","0","1","1","0"
"POINT (6.890417554000070 50.924678669999999)","Unfall 31349 (2022) Kat:3, Licht: 2","31349","3","3","5","04","21","6","","2","0","1","0","0"
"POINT (6.932600928000060 50.935267340999999)","Unfall 31364 (2022) Kat:3, Licht: 0","31364","3","6","3","04","17","3","","0","1","1","0","0"
"POINT (6.999647899000020 50.986058596000099)","Unfall 31393 (2022) Kat:3, Licht: 2","31393","3","2","6","04","20","6","","2","0","1","1","0"
"POINT (7.031565484000050 50.899380512999997)","Unfall 31395 (2022) Kat:3, Licht: 0","31395","3","6","2","04","12","4","","0","0","1","0","0"
"POINT (7.051266271000030 50.971791967000101)","Unfall 31404 (2022) Kat:3, Licht: 0","31404","3","7","8","03","12","3","","0","0","1","0","0"
"POINT (7.066659916000050 50.977303996000003)","Unfall 31407 (2022) Kat:3, Licht: 0","31407","3","6","1","03","18","1","","0","0","1","0","0"
"POINT (6.915625736000040 50.970985917000100)","Unfall 31409 (2022) Kat:3, Licht: 0","31409","3","3","5","03","09","2","","0","1","1","0","0"
"POINT (7.080755161000070 50.881413776999999)","Unfall 31412 (2022) Kat:3, Licht: 0","31412","3","2","6","04","08","4","","0","0","1","1","0"
"POINT (6.908002932000040 50.932109957000101)","Unfall 31414 (2022) Kat:3, Licht: 0","31414","3","1","8","04","10","2","","0","0","1","0","1"
"POINT (7.092946032000040 50.929667023000000)","Unfall 31418 (2022) Kat:3, Licht: 0","31418","3","6","2","04","12","4","","0","0","1","0","0"
"POINT (7.013235153000040 51.015845018000100)","Unfall 31473 (2022) Kat:3, Licht: 0","31473","3","7","2","04","11","4","","0","0","1","0","0"
"POINT (7.005861123000050 50.964642181999999)","Unfall 31477 (2022) Kat:3, Licht: 0","31477","3","2","3","04","10","5","","0","0","1","0","1"
"POINT (6.962631936000040 50.903818957000098)","Unfall 31519 (2022) Kat:3, Licht: 0","31519","3","3","5","04","16","3","","0","0","1","0","0"
"POINT (6.877921175000040 50.967538354000098)","Unfall 31528 (2022) Kat:3, Licht: 0","31528","3","6","2","03","16","7","","0","0","1","0","0"
"POINT (7.034051357000070 50.918016239000103)","Unfall 31536 (2022) Kat:3, Licht: 0","31536","3","6","3","03","11","1","","0","0","1","0","0"
"POINT (6.914272653000070 50.921654466000099)","Unfall 31539 (2022) Kat:3, Licht: 1","31539","3","6","2","04","19","7","","1","0","1","0","0"
"POINT (6.957635749000080 50.957618951000001)","Unfall 31540 (2022) Kat:3, Licht: 0","31540","3","3","5","04","10","4","","0","1","1","0","0"
"POINT (7.023099568000020 50.916097727000100)","Unfall 31549 (2022) Kat:3, Licht: 0","31549","3","6","2","03","12","4","","0","0","0","0","0"
"POINT (7.077940425000070 50.897212123000003)","Unfall 31607 (2022) Kat:3, Licht: 0","31607","3","6","2","03","15","1","","0","0","1","0","0"
"POINT (6.983711945000040 50.921463660000001)","Unfall 31609 (2022) Kat:3, Licht: 0","31609","3","4","6","03","13","2","","0","0","0","1","0"
"POINT (6.988062164000040 50.945509340000100)","Unfall 31612 (2022) Kat:3, Licht: 0","31612","3","3","5","04","18","2","","0","0","1","0","1"
"POINT (7.026421563000040 50.998147777000000)","Unfall 31622 (2022) Kat:3, Licht: 0","31622","3","3","5","04","16","5","","0","0","1","0","0"
"POINT (6.882137583000030 50.937787716999999)","Unfall 31673 (2022) Kat:3, Licht: 0","31673","3","6","2","03","14","4","","0","0","1","0","0"
"POINT (7.013482778000030 50.963097425999997)","Unfall 31689 (2022) Kat:3, Licht: 0","31689","3","7","5","04","15","2","","0","0","1","0","0"
"POINT (6.936861550000060 50.931637712000096)","Unfall 31699 (2022) Kat:3, Licht: 0","31699","3","4","0","04","14","1","","0","1","0","1","0"
"POINT (7.003966484000050 50.961928100000101)","Unfall 31724 (2022) Kat:2, Licht: 2","31724","2","3","3","03","23","1","","2","0","1","0","0"
"POINT (6.934478576000060 50.907486032000101)","Unfall 31730 (2022) Kat:3, Licht: 2","31730","3","1","0","03","22","7","","2","1","0","0","0"
"POINT (7.074697580000080 50.900120190999999)","Unfall 31736 (2022) Kat:3, Licht: 0","31736","3","2","2","04","13","4","","0","0","1","0","0"
"POINT (6.892066761000020 50.992144701000001)","Unfall 31770 (2022) Kat:3, Licht: 0","31770","3","3","5","03","12","7","","0","0","1","0","0"
"POINT (6.913040939000040 50.952575641000102)","Unfall 31787 (2022) Kat:2, Licht: 0","31787","2","6","4","04","18","6","","0","1","1","0","0"
"POINT (7.050254240000070 50.929593597000100)","Unfall 31791 (2022) Kat:3, Licht: 0","31791","3","6","2","03","11","7","","0","0","1","0","0"
"POINT (6.839165602000040 50.982253663000101)","Unfall 31810 (2022) Kat:3, Licht: 0","31810","3","2","2","04","12","6","","0","0","1","0","0"
"POINT (6.912856665000050 50.944994592999997)","Unfall 31837 (2022) Kat:3, Licht: 0","31837","3","2","0","03","12","3","","0","0","1","0","0"
"POINT (6.962629888000040 50.942879043000097)","Unfall 31858 (2022) Kat:3, Licht: 0","31858","3","6","3","04","15","7","","0","0","1","0","0"
"POINT (6.968583093000060 50.853663349000001)","Unfall 31861 (2022) Kat:3, Licht: 0","31861","3","6","2","04","07","2","","0","0","1","0","0"
"POINT (6.960205328000030 50.958916068000100)","Unfall 31866 (2022) Kat:3, Licht: 2","31866","3","6","2","04","21","4","","2","0","1","0","0"
"POINT (7.077147469000070 50.923577373000100)","Unfall 31872 (2022) Kat:3, Licht: 0","31872","3","6","2","04","08","3","","0","0","1","0","0"
"POINT (6.908869854000050 50.908227332000102)","Unfall 31884 (2022) Kat:3, Licht: 0","31884","3","2","2","04","11","1","","0","0","1","0","0"
"POINT (7.100555947000030 50.839655694000001)","Unfall 31888 (2022) Kat:3, Licht: 0","31888","3","2","5","03","18","4","","0","0","1","0","0"
"POINT (7.013644651000050 50.973477652000000)","Unfall 31914 (2022) Kat:3, Licht: 0","31914","3","1","8","04","12","3","","0","0","1","0","0"
"POINT (6.977115262000040 50.907359511000003)","Unfall 31936 (2022) Kat:3, Licht: 0","31936","3","7","3","04","09","2","","0","0","1","0","0"
"POINT (7.026860023000040 50.983556460000003)","Unfall 31946 (2022) Kat:3, Licht: 0","31946","3","3","5","04","08","5","","0","0","1","0","1"
"POINT (6.839959160000030 50.938271415000003)","Unfall 31950 (2022) Kat:3, Licht: 1","31950","3","3","0","03","15","5","","1","1","0","0","0"
"POINT (7.046052157000080 50.867093503000000)","Unfall 31970 (2022) Kat:3, Licht: 0","31970","3","2","2","03","18","1","","0","0","1","0","0"
"POINT (6.954754532000040 50.903769089999997)","Unfall 31972 (2022) Kat:3, Licht: 0","31972","3","6","2","03","18","2","","0","0","1","0","0"
"POINT (6.904978689000070 50.936991442000100)","Unfall 32005 (2022) Kat:3, Licht: 0","32005","3","5","0","04","15","3","","0","1","1","0","0"
"POINT (6.912728125000060 50.952776319000101)","Unfall 32012 (2022) Kat:3, Licht: 0","32012","3","7","5","04","17","6","","0","0","1","0","1"
"POINT (6.884762512000070 50.989622285999999)","Unfall 32042 (2022) Kat:3, Licht: 0","32042","3","6","1","03","16","3","","0","0","1","0","0"
"POINT (7.013725762000040 50.954344200999998)","Unfall 32043 (2022) Kat:3, Licht: 0","32043","3","2","5","04","07","2","","0","1","1","0","0"
"POINT (6.988784318000060 50.867097755000003)","Unfall 32053 (2022) Kat:3, Licht: 0","32053","3","6","2","04","13","2","","0","0","1","0","0"
"POINT (6.873867994000020 50.923753560000101)","Unfall 32057 (2022) Kat:3, Licht: 0","32057","3","2","0","04","12","7","","0","0","1","0","1"
"POINT (6.950377167000060 50.974638336000098)","Unfall 32084 (2022) Kat:3, Licht: 0","32084","3","2","5","04","16","3","","0","0","1","0","1"
"POINT (6.939799472000060 50.933000237000002)","Unfall 32097 (2022) Kat:2, Licht: 2","32097","2","1","0","04","03","1","","2","1","0","0","0"
"POINT (6.939130167000030 50.935025232999998)","Unfall 32132 (2022) Kat:3, Licht: 0","32132","3","7","0","04","16","6","","0","1","1","0","0"
"POINT (6.923027500000050 50.856538316000098)","Unfall 32135 (2022) Kat:3, Licht: 0","32135","3","2","3","04","15","4","","0","1","1","0","0"
"POINT (6.886268289000040 50.934081597000002)","Unfall 32136 (2022) Kat:3, Licht: 0","32136","3","2","5","04","12","4","","0","1","1","0","0"
"POINT (6.835849485000040 50.938098295000003)","Unfall 32144 (2022) Kat:2, Licht: 0","32144","2","1","0","03","12","5","","0","0","1","0","0"
"POINT (6.915583530000050 50.950928736999998)","Unfall 32188 (2022) Kat:3, Licht: 0","32188","3","5","0","03","13","7","","0","1","1","0","0"
"POINT (6.941230569000030 50.927577133000099)","Unfall 32198 (2022) Kat:2, Licht: 2","32198","2","6","8","03","06","2","","2","0","1","0","0"
"POINT (6.937745349000070 50.881753453000002)","Unfall 32200 (2022) Kat:3, Licht: 1","32200","3","6","4","04","20","4","","1","1","0","0","0"
"POINT (6.844919883000050 50.938054405000102)","Unfall 32205 (2022) Kat:3, Licht: 0","32205","3","3","0","04","11","6","","0","0","1","0","1"
"POINT (7.042941282000070 50.941503452000099)","Unfall 32218 (2022) Kat:3, Licht: 0","32218","3","1","9","03","16","5","","0","0","1","0","0"
"POINT (6.975501098000050 50.939849352000103)","Unfall 32254 (2022) Kat:3, Licht: 1","32254","3","2","0","03","06","2","","1","1","1","0","0"
"POINT (6.884762512000070 50.989622285999999)","Unfall 32267 (2022) Kat:2, Licht: 0","32267","2","3","0","04","17","1","","0","1","1","0","0"
"POINT (6.958004439000040 50.950952314000098)","Unfall 32292 (2022) Kat:3, Licht: 0","32292","3","5","0","03","13","5","","0","1","1","0","0"
"POINT (7.038674049000060 50.968230876000099)","Unfall 32294 (2022) Kat:3, Licht: 2","32294","3","2","6","04","06","3","","2","0","0","1","0"
"POINT (6.976156426000050 50.954176663000098)","Unfall 32328 (2022) Kat:3, Licht: 0","32328","3","6","2","04","14","3","","0","0","1","0","0"
"POINT (7.013697205000030 50.953877261999999)","Unfall 32340 (2022) Kat:3, Licht: 0","32340","3","4","6","03","11","4","","0","1","0","1","0"
"POINT (6.918736518000060 50.931577851000000)","Unfall 32358 (2022) Kat:3, Licht: 2","32358","3","7","6","03","21","7","","2","1","0","1","0"
"POINT (7.024090195000040 50.949933489999999)","Unfall 32368 (2022) Kat:3, Licht: 0","32368","3","6","2","03","17","2","","0","0","1","0","0"
"POINT (7.086421798000060 50.947177274000097)","Unfall 32373 (2022) Kat:3, Licht: 0","32373","3","1","0","04","15","6","","0","1","0","0","0"
"POINT (7.058214957000080 50.896219090999999)","Unfall 32444 (2022) Kat:3, Licht: 0","32444","3","2","5","03","10","1","","0","0","1","0","0"
"POINT (6.969019023000040 50.847359943000100)","Unfall 32446 (2022) Kat:3, Licht: 0","32446","3","6","3","03","15","2","","0","0","1","0","0"
"POINT (7.026141403000050 50.950503316999999)","Unfall 32448 (2022) Kat:3, Licht: 0","32448","3","6","3","04","19","4","","0","0","1","0","0"
"POINT (7.005684935000030 50.925050960000100)","Unfall 32457 (2022) Kat:3, Licht: 0","32457","3","6","3","03","09","4","","0","0","1","0","0"
"POINT (7.082267076000050 50.878321579999998)","Unfall 32459 (2022) Kat:3, Licht: 0","32459","3","7","6","04","10","5","","0","0","1","1","0"
"POINT (7.002507404000030 50.979674101999997)","Unfall 32469 (2022) Kat:2, Licht: 0","32469","2","7","5","04","18","4","","0","0","1","0","0"
"POINT (7.012887120000070 50.947886455999999)","Unfall 32474 (2022) Kat:3, Licht: 0","32474","3","6","2","04","13","6","","0","0","1","0","0"
"POINT (7.022826632000030 50.946349676000096)","Unfall 32476 (2022) Kat:3, Licht: 2","32476","3","1","3","04","04","4","","2","0","1","0","1"
"POINT (6.951143919000060 50.935402399000097)","Unfall 32502 (2022) Kat:3, Licht: 0","32502","3","2","3","04","12","3","","0","0","1","0","0"
"POINT (6.959523030000070 50.930673382000101)","Unfall 32518 (2022) Kat:3, Licht: 2","32518","3","1","0","03","00","1","","2","1","0","0","0"
"POINT (7.055650637000040 50.883129358000097)","Unfall 32521 (2022) Kat:3, Licht: 0","32521","3","6","2","04","17","7","","0","0","1","0","0"
"POINT (6.874496708000040 51.009797704999997)","Unfall 32524 (2022) Kat:3, Licht: 0","32524","3","6","2","04","15","2","","0","0","1","0","0"
"POINT (7.026954373000020 50.950643642999999)","Unfall 32527 (2022) Kat:3, Licht: 0","32527","3","6","3","04","14","6","","0","0","1","0","0"
"POINT (6.829199623000020 50.957449996999998)","Unfall 32529 (2022) Kat:3, Licht: 2","32529","3","3","5","04","06","4","","2","0","1","0","1"
"POINT (7.049072392000030 50.934474195000099)","Unfall 32541 (2022) Kat:2, Licht: 2","32541","2","6","2","04","05","3","","2","0","1","0","0"
"POINT (7.032552445000020 50.962920014000098)","Unfall 32556 (2022) Kat:3, Licht: 1","32556","3","1","9","04","18","2","","1","0","0","0","1"
"POINT (6.970726654000030 50.935368355000001)","Unfall 32595 (2022) Kat:3, Licht: 0","32595","3","3","5","03","17","1","","0","0","1","0","0"
"POINT (6.924089039000020 50.957351469999999)","Unfall 32615 (2022) Kat:3, Licht: 0","32615","3","5","1","03","12","5","","0","0","1","0","0"
"POINT (6.945036035000040 50.926904541000098)","Unfall 32643 (2022) Kat:3, Licht: 0","32643","3","2","3","04","12","7","","0","1","1","0","0"
"POINT (6.942292593000050 50.935790295000103)","Unfall 32666 (2022) Kat:3, Licht: 2","32666","3","1","0","04","23","6","","2","1","0","0","0"
"POINT (7.054156710000030 50.879388660000103)","Unfall 32683 (2022) Kat:3, Licht: 1","32683","3","4","6","04","20","5","","1","1","0","1","0"
"POINT (6.926382766000070 50.930937366000101)","Unfall 32687 (2022) Kat:3, Licht: 0","32687","3","3","5","05","15","6","","0","1","0","0","0"
"POINT (7.021130158000060 50.903792381000102)","Unfall 32694 (2022) Kat:3, Licht: 0","32694","3","7","6","04","12","4","","0","0","0","1","0"
"POINT (7.012945718000030 50.939680373000002)","Unfall 32726 (2022) Kat:3, Licht: 0","32726","3","3","5","04","16","2","","0","0","1","0","0"
"POINT (6.984115643000050 50.900933458000097)","Unfall 32733 (2022) Kat:3, Licht: 0","32733","3","7","0","04","15","7","","0","1","0","0","0"
"POINT (7.083498165000040 50.869512247999999)","Unfall 32742 (2022) Kat:3, Licht: 0","32742","3","3","5","04","15","5","","0","1","1","0","0"
"POINT (6.969187548000040 50.875826144000001)","Unfall 32756 (2022) Kat:3, Licht: 0","32756","3","6","2","04","13","7","","0","0","1","0","0"
"POINT (6.985281247000050 50.944638069000099)","Unfall 32823 (2022) Kat:3, Licht: 0","32823","3","7","0","04","07","3","","0","0","0","0","1"
"POINT (6.964587645000050 50.903657179000000)","Unfall 32837 (2022) Kat:3, Licht: 2","32837","3","2","5","04","00","7","","2","1","1","0","0"
"POINT (7.077698339000050 50.945275688999999)","Unfall 32854 (2022) Kat:3, Licht: 0","32854","3","4","0","05","08","5","","0","0","1","1","0"
"POINT (6.942477860000050 50.935782465999999)","Unfall 32887 (2022) Kat:3, Licht: 1","32887","3","7","0","04","06","2","","1","1","0","0","0"
"POINT (7.107139174000050 50.884012404000003)","Unfall 32909 (2022) Kat:3, Licht: 0","32909","3","1","0","05","09","5","","0","0","0","0","1"
"POINT (6.852108579000060 50.977522991000100)","Unfall 32910 (2022) Kat:3, Licht: 2","32910","3","6","2","05","21","3","","2","0","1","0","0"
"POINT (7.005150541000030 50.947151529999999)","Unfall 32912 (2022) Kat:3, Licht: 0","32912","3","6","2","04","12","7","","0","0","1","0","0"
"POINT (6.955954900000050 50.956699589000003)","Unfall 32918 (2022) Kat:3, Licht: 0","32918","3","6","2","04","15","5","","0","0","1","0","0"
"POINT (7.083331152000030 50.875190583000098)","Unfall 32924 (2022) Kat:3, Licht: 0","32924","3","1","0","05","10","2","","0","1","0","0","0"
"POINT (6.945823211000060 50.935767027000097)","Unfall 32936 (2022) Kat:3, Licht: 0","32936","3","4","6","05","19","3","","0","1","0","1","0"
"POINT (6.983950404000040 50.944311492000097)","Unfall 32948 (2022) Kat:3, Licht: 0","32948","3","6","2","05","07","6","","0","0","1","0","0"
"POINT (7.051085448000040 50.952159096999999)","Unfall 32960 (2022) Kat:3, Licht: 0","32960","3","6","8","04","12","3","","0","0","1","0","0"
"POINT (6.972469764000040 50.930342281000001)","Unfall 33009 (2022) Kat:3, Licht: 0","33009","3","2","5","05","10","5","","0","0","1","0","0"
"POINT (6.826839034000050 50.938518579000103)","Unfall 33016 (2022) Kat:3, Licht: 2","33016","3","1","9","04","01","7","","2","0","1","0","0"
"POINT (6.995537739000040 50.964306581000102)","Unfall 33074 (2022) Kat:3, Licht: 0","33074","3","6","2","04","10","5","","0","0","1","0","0"
"POINT (7.030665999000060 50.940701904000001)","Unfall 33107 (2022) Kat:3, Licht: 0","33107","3","6","1","04","12","5","","0","0","1","0","1"
"POINT (6.844983898000070 50.924903094999998)","Unfall 33108 (2022) Kat:3, Licht: 0","33108","3","1","9","04","11","3","","0","0","1","0","0"
"POINT (6.921398837000030 51.016149805000097)","Unfall 33116 (2022) Kat:3, Licht: 0","33116","3","6","4","05","13","5","","0","1","0","0","0"
"POINT (6.847696315000060 50.929264441999997)","Unfall 33117 (2022) Kat:3, Licht: 0","33117","3","6","2","05","09","3","","0","0","1","0","0"
"POINT (6.983979105000060 50.901031245000098)","Unfall 33136 (2022) Kat:3, Licht: 0","33136","3","6","2","04","16","4","","0","0","1","0","0"
"POINT (6.957707860000030 50.935330350000100)","Unfall 33179 (2022) Kat:3, Licht: 2","33179","3","1","8","04","04","1","","2","0","0","0","0"
"POINT (6.966230525000070 50.949882066999997)","Unfall 33183 (2022) Kat:3, Licht: 0","33183","3","6","2","04","17","5","","0","0","1","0","1"
"POINT (6.911443015000030 50.953608215000003)","Unfall 33185 (2022) Kat:3, Licht: 0","33185","3","1","0","04","11","6","","0","1","0","0","0"
"POINT (6.983355339000070 50.949529761000100)","Unfall 33203 (2022) Kat:3, Licht: 0","33203","3","1","0","04","09","2","","0","0","0","0","0"
"POINT (6.897080660000030 50.925706068000103)","Unfall 33230 (2022) Kat:3, Licht: 0","33230","3","2","4","04","12","7","","0","0","1","0","1"
"POINT (7.002492094000050 50.959790353000102)","Unfall 33237 (2022) Kat:3, Licht: 0","33237","3","6","2","05","14","6","","0","0","1","0","0"
"POINT (7.002734665000050 50.979629760000101)","Unfall 33239 (2022) Kat:3, Licht: 0","33239","3","6","2","04","14","5","","0","0","1","0","0"
"POINT (6.939001389000050 50.936669809000101)","Unfall 33286 (2022) Kat:3, Licht: 2","33286","3","4","0","04","22","6","","2","1","0","1","0"
"POINT (6.910667059000050 50.939766452000100)","Unfall 33288 (2022) Kat:2, Licht: 0","33288","2","2","4","04","12","1","","0","0","1","0","1"
"POINT (7.042559140000040 50.941429744000096)","Unfall 33327 (2022) Kat:3, Licht: 0","33327","3","6","2","04","14","6","","0","0","1","0","0"
"POINT (6.849136385000070 50.935963591000103)","Unfall 33334 (2022) Kat:3, Licht: 0","33334","3","6","3","04","15","3","","0","0","1","0","0"
"POINT (6.890417554000070 50.924678669999999)","Unfall 33349 (2022) Kat:1, Licht: 1","33349","1","7","8","04","06","6","","1","0","1","0","0"
"POINT (7.099757855000060 50.909343665999998)","Unfall 33376 (2022) Kat:3, Licht: 0","33376","3","6","2","04","17","4","","0","0","1","0","0"
"POINT (6.831527805000060 50.938422102000096)","Unfall 33384 (2022) Kat:3, Licht: 0","33384","3","5","3","04","18","7","","0","0","1","0","1"
"POINT (6.912604668000030 50.943316465000102)","Unfall 33388 (2022) Kat:3, Licht: 0","33388","3","1","0","04","19","1","","0","1","0","0","0"
"POINT (6.961052520000070 50.921424930999997)","Unfall 33393 (2022) Kat:3, Licht: 2","33393","3","5","3","04","21","6","","2","1","1","0","0"
"POINT (7.004619984000040 50.938218276999997)","Unfall 33403 (2022) Kat:3, Licht: 1","33403","3","7","0","04","21","4","","1","1","1","0","0"
"POINT (6.942393266000070 50.929001923999998)","Unfall 33406 (2022) Kat:3, Licht: 2","33406","3","2","5","04","03","3","","2","1","1","0","0"
"POINT (6.969769929000050 50.866396127000002)","Unfall 33429 (2022) Kat:3, Licht: 1","33429","3","6","1","04","20","6","","1","0","1","0","0"
"POINT (6.956262436000030 50.956074201000000)","Unfall 33487 (2022) Kat:3, Licht: 0","33487","3","7","5","04","18","7","","0","0","1","0","0"
"POINT (6.940635489000040 50.931075180000100)","Unfall 33494 (2022) Kat:3, Licht: 0","33494","3","1","0","04","15","5","","0","1","0","0","0"
"POINT (6.851972267000060 51.053066225000101)","Unfall 33497 (2022) Kat:3, Licht: 0","33497","3","6","1","04","12","6","","0","0","0","0","0"
"POINT (6.973941319000060 50.956384642000003)","Unfall 33509 (2022) Kat:2, Licht: 0","33509","2","2","0","04","09","4","","0","1","0","0","0"
"POINT (6.994439971000080 50.945987988000098)","Unfall 33541 (2022) Kat:3, Licht: 0","33541","3","6","2","04","08","2","","0","0","1","0","0"
"POINT (7.033550194000040 50.967195846000003)","Unfall 33546 (2022) Kat:3, Licht: 0","33546","3","2","4","04","18","7","","0","0","1","0","0"
"POINT (6.933160617000060 50.948878532999998)","Unfall 33554 (2022) Kat:3, Licht: 0","33554","3","6","0","04","18","3","","0","0","1","0","0"
"POINT (7.005067571000040 50.975013384000100)","Unfall 33564 (2022) Kat:3, Licht: 0","33564","3","3","5","04","11","4","","0","1","1","0","0"
"POINT (6.896185401000030 50.959541684999998)","Unfall 33568 (2022) Kat:3, Licht: 0","33568","3","4","6","04","13","7","","0","0","0","1","0"
"POINT (6.950377167000060 50.974638336000098)","Unfall 33578 (2022) Kat:3, Licht: 0","33578","3","3","0","05","15","2","","0","1","1","0","0"
"POINT (6.935157560000050 50.935425078000002)","Unfall 33582 (2022) Kat:2, Licht: 0","33582","2","6","4","04","16","4","","0","1","0","0","0"
"POINT (6.981947792000030 50.892033470000101)","Unfall 33593 (2022) Kat:3, Licht: 0","33593","3","6","2","05","06","7","","0","0","1","0","0"
"POINT (6.940304599000060 50.885788368000100)","Unfall 33612 (2022) Kat:2, Licht: 0","33612","2","1","3","04","10","4","","0","0","1","0","0"
"POINT (7.019974362000030 50.964436948000099)","Unfall 33613 (2022) Kat:3, Licht: 0","33613","3","5","0","05","17","1","","0","1","1","0","0"
"POINT (6.973876082000060 50.864526350000098)","Unfall 33647 (2022) Kat:3, Licht: 1","33647","3","2","4","04","20","2","","1","0","1","0","0"
"POINT (6.915453052000030 50.904195114000103)","Unfall 33662 (2022) Kat:3, Licht: 0","33662","3","6","0","04","17","6","","0","0","1","0","0"
"POINT (6.881249903000030 50.966447680000002)","Unfall 33677 (2022) Kat:3, Licht: 0","33677","3","2","0","04","12","7","","0","0","0","0","0"
"POINT (6.956648847000050 50.955277274000103)","Unfall 33700 (2022) Kat:3, Licht: 2","33700","3","1","0","05","02","7","","2","0","0","0","0"
"POINT (6.901533346000060 50.988940378000102)","Unfall 33712 (2022) Kat:2, Licht: 0","33712","2","6","2","04","14","5","","0","0","1","0","1"
"POINT (6.940834266000020 50.931197630000000)","Unfall 33722 (2022) Kat:3, Licht: 0","33722","3","1","0","05","16","5","","0","1","0","0","0"
"POINT (6.860393730000060 50.937778815999998)","Unfall 33723 (2022) Kat:3, Licht: 0","33723","3","2","5","05","08","3","","0","0","1","0","0"
"POINT (6.825386013000070 50.938419434000103)","Unfall 33755 (2022) Kat:3, Licht: 0","33755","3","6","0","04","13","7","","0","1","0","1","0"
"POINT (6.882137583000030 50.937787716999999)","Unfall 33762 (2022) Kat:3, Licht: 0","33762","3","2","5","04","12","5","","0","1","1","0","0"