WKT,Name,OBJECTID,UKATEGORIE,UTYP1,UART,UMONAT,USTUNDE,UWOCHENTAG,STRZUSTAND,ULICHTVERH,ISTRAD,ISTPKW,ISTFUSS,ISTKRAD
"POINT (6.961956540000070 50.936228788000101)","Unfall 39108 (2022) Kat:3, Licht: 0","39108","3","1","0","06","18","4","","0","0","0","0","1"
"POINT (6.934112029000060 50.887503875000000)","Unfall 39116 (2022) Kat:3, Licht: 0","39116","3","6","2","06","18","2","","0","0","1","0","0"
"POINT (6.903063215000030 50.956711718000101)","Unfall 39121 (2022) Kat:3, Licht: 0","39121","3","3","5","06","21","3","","0","1","1","0","0"
"POINT (6.930121260000020 50.909163829000100)","Unfall 39122 (2022) Kat:3, Licht: 0","39122","3","2","4","06","13","4","","0","1","1","0","0"
"POINT (7.072895158000050 50.919830779999998)","Unfall 39130 (2022) Kat:3, Licht: 0","39130","3","6","3","06","18","2","","0","0","1","0","0"
"POINT (7.006931386000080 50.969350458000100)","Unfall 39149 (2022) Kat:3, Licht: 0","39149","3","2","3","06","15","2","","0","1","1","0","0"
"POINT (6.934089450000040 51.019886314000097)","Unfall 39154 (2022) Kat:3, Licht: 0","39154","3","7","2","06","18","7","","0","0","1","0","0"
"POINT (7.049829852000070 50.873300960999998)","Unfall 39171 (2022) Kat:2, Licht: 0","39171","2","2","6","06","13","4","","0","0","1","1","0"
"POINT (6.967613724000050 50.921307744000003)","Unfall 39172 (2022) Kat:2, Licht: 2","39172","2","6","0","06","01","2","","2","0","1","0","1"
"POINT (6.940860964000020 50.930547490000002)","Unfall 39238 (2022) Kat:3, Licht: 0","39238","3","1","0","06","08","2","","0","1","0","0","0"
"POINT (6.907550434000030 50.983920418000103)","Unfall 39253 (2022) Kat:1, Licht: 0","39253","1","1","8","06","19","7","","0","0","1","0","0"
"POINT (7.032552445000020 50.962920014000098)","Unfall 39256 (2022) Kat:3, Licht: 0","39256","3","6","2","06","12","2","","0","0","1","0","0"
"POINT (6.921661494000030 50.913558722000097)","Unfall 39272 (2022) Kat:3, Licht: 0","39272","3","5","3","06","14","7","","0","1","0","0","0"
"POINT (6.916501010000050 50.949817116000098)","Unfall 39280 (2022) Kat:3, Licht: 0","39280","3","1","0","06","18","2","","0","1","0","0","0"
"POINT (6.875170224000040 51.002801722000100)","Unfall 39295 (2022) Kat:3, Licht: 2","39295","3","6","5","06","23","4","","2","0","1","0","0"
"POINT (6.995801389000060 50.937291901999998)","Unfall 39324 (2022) Kat:3, Licht: 0","39324","3","3","5","06","14","3","","0","0","1","0","0"
"POINT (6.928635677000050 50.945154162000101)","Unfall 39329 (2022) Kat:3, Licht: 0","39329","3","3","0","06","07","7","","0","0","1","0","1"
"POINT (7.058983003000040 50.908482047000099)","Unfall 39331 (2022) Kat:3, Licht: 0","39331","3","2","2","06","14","7","","0","0","1","0","0"
"POINT (6.909988835000040 50.981705230000003)","Unfall 39338 (2022) Kat:2, Licht: 0","39338","2","6","3","06","18","3","","0","0","1","0","1"
"POINT (6.839036167000070 51.041220461000101)","Unfall 39339 (2022) Kat:2, Licht: 2","39339","2","3","5","06","22","7","","2","0","1","0","0"
"POINT (7.050538547000030 50.907603473999998)","Unfall 39360 (2022) Kat:3, Licht: 0","39360","3","6","2","06","08","5","","0","0","1","0","0"
"POINT (7.028974563000080 50.940247639000098)","Unfall 39377 (2022) Kat:3, Licht: 0","39377","3","7","4","06","13","5","","0","0","1","0","1"
"POINT (6.956648847000050 50.955277274000103)","Unfall 39391 (2022) Kat:2, Licht: 0","39391","2","6","1","06","13","7","","0","1","0","0","0"
"POINT (6.951166986000030 50.930765981000000)","Unfall 39420 (2022) Kat:2, Licht: 2","39420","2","7","0","06","23","2","","2","0","0","0","0"
"POINT (6.919728131000060 50.953387226000103)","Unfall 39437 (2022) Kat:3, Licht: 2","39437","3","7","0","06","01","7","","2","0","0","1","0"
"POINT (7.018456688000070 50.920894964000098)","Unfall 39458 (2022) Kat:3, Licht: 0","39458","3","1","9","06","16","4","","0","0","1","0","0"
"POINT (6.933053671000040 50.920845079000102)","Unfall 39459 (2022) Kat:3, Licht: 2","39459","3","7","0","06","00","1","","2","1","0","0","0"
"POINT (6.940995705000030 50.953777350999999)","Unfall 39465 (2022) Kat:3, Licht: 2","39465","3","1","0","06","23","5","","2","0","0","0","0"
"POINT (6.931328408000070 50.922759203000098)","Unfall 39472 (2022) Kat:3, Licht: 0","39472","3","3","0","06","20","4","","0","1","1","0","0"
"POINT (6.974159154000060 50.864541179000099)","Unfall 39483 (2022) Kat:3, Licht: 0","39483","3","6","2","06","09","6","","0","0","1","0","0"
"POINT (6.890417554000070 50.924678669999999)","Unfall 39496 (2022) Kat:3, Licht: 0","39496","3","6","3","06","18","4","","0","0","1","0","0"
"POINT (7.097497211000070 50.921360329000002)","Unfall 39504 (2022) Kat:3, Licht: 0","39504","3","3","5","06","16","3","","0","1","1","0","0"
"POINT (7.005067571000040 50.975013384000100)","Unfall 39580 (2022) Kat:3, Licht: 0","39580","3","3","5","06","07","2","","0","1","1","0","0"
"POINT (6.852712704000060 51.024000172000100)","Unfall 39585 (2022) Kat:3, Licht: 0","39585","3","6","2","06","09","3","","0","0","1","0","0"
"POINT (6.941533032000050 50.953823755000002)","Unfall 39586 (2022) Kat:3, Licht: 0","39586","3","6","1","06","12","4","","0","0","1","0","0"
"POINT (6.869237555000040 50.968884272000103)","Unfall 39603 (2022) Kat:3, Licht: 0","39603","3","6","2","06","05","6","","0","0","1","0","0"
"POINT (6.977289773000050 50.958116781999998)","Unfall 39610 (2022) Kat:3, Licht: 0","39610","3","1","7","06","08","5","","0","1","0","0","0"
"POINT (6.924568977000040 50.936549855000102)","Unfall 39615 (2022) Kat:3, Licht: 0","39615","3","6","0","06","14","6","","0","0","1","0","0"
"POINT (6.935678288000080 50.936514957999997)","Unfall 39616 (2022) Kat:3, Licht: 0","39616","3","7","6","06","19","3","","0","0","0","1","0"
"POINT (6.825521393000030 50.966531781000100)","Unfall 39617 (2022) Kat:3, Licht: 0","39617","3","7","6","06","09","7","","0","0","1","1","0"
"POINT (6.902264734000030 50.988161028000000)","Unfall 39637 (2022) Kat:3, Licht: 0","39637","3","1","9","06","11","2","","0","0","1","0","0"
"POINT (6.916414120000070 50.918452295000101)","Unfall 39659 (2022) Kat:2, Licht: 0","39659","2","6","0","06","19","6","","0","1","0","0","0"
"POINT (6.924208172000020 51.016035017000000)","Unfall 39683 (2022) Kat:3, Licht: 0","39683","3","6","1","06","06","4","","0","0","0","0","1"
"POINT (6.965388228000050 50.925192863000099)","Unfall 39714 (2022) Kat:3, Licht: 0","39714","3","2","3","06","08","5","","0","1","1","0","0"
"POINT (6.935635151000040 50.950615880000001)","Unfall 39716 (2022) Kat:2, Licht: 0","39716","2","6","3","06","05","2","","0","1","0","0","0"
"POINT (7.058299259000020 50.896488849999997)","Unfall 39720 (2022) Kat:3, Licht: 0","39720","3","6","2","06","12","3","","0","0","1","0","0"
"POINT (6.881729909000060 51.004328029000099)","Unfall 39729 (2022) Kat:2, Licht: 0","39729","2","6","2","06","12","5","","0","0","0","0","0"
"POINT (6.983741527000060 50.893816011000098)","Unfall 39740 (2022) Kat:3, Licht: 0","39740","3","6","2","06","18","2","","0","0","1","0","0"
"POINT (6.956767809000040 50.903829446000003)","Unfall 39755 (2022) Kat:3, Licht: 0","39755","3","6","1","06","13","4","","0","0","0","0","0"
"POINT (6.947869377000070 50.893985049000001)","Unfall 39762 (2022) Kat:3, Licht: 0","39762","3","6","2","06","12","5","","0","0","1","0","0"
"POINT (6.972381777000070 50.913125997000101)","Unfall 39768 (2022) Kat:3, Licht: 0","39768","3","1","4","06","11","7","","0","1","0","0","0"
"POINT (6.852423003000070 50.937940780000098)","Unfall 39774 (2022) Kat:3, Licht: 2","39774","3","3","5","06","22","4","","2","1","0","0","0"
"POINT (6.941670597000040 50.850151104000098)","Unfall 39790 (2022) Kat:2, Licht: 0","39790","2","1","9","06","11","4","","0","0","0","0","1"
"POINT (6.967335966000060 50.892929621000100)","Unfall 39802 (2022) Kat:3, Licht: 0","39802","3","6","1","06","15","4","","0","0","1","0","0"
"POINT (7.095810335000070 50.844721267000097)","Unfall 39817 (2022) Kat:3, Licht: 0","39817","3","2","5","06","14","6","","0","1","1","0","0"
"POINT (6.908319219000020 50.937123913999997)","Unfall 39826 (2022) Kat:2, Licht: 1","39826","2","3","5","06","22","5","","1","1","0","0","1"
"POINT (6.926144389000060 51.011197242000001)","Unfall 39832 (2022) Kat:3, Licht: 0","39832","3","3","5","06","14","3","","0","1","1","0","0"
"POINT (6.976531583000050 50.953937365000101)","Unfall 39850 (2022) Kat:3, Licht: 0","39850","3","6","2","06","12","6","","0","0","1","0","0"
"POINT (6.829176824000060 50.942993419000103)","Unfall 39851 (2022) Kat:2, Licht: 0","39851","2","3","5","06","09","4","","0","1","1","0","0"
"POINT (6.976163785000040 50.953993562000100)","Unfall 39852 (2022) Kat:2, Licht: 2","39852","2","7","4","06","23","5","","2","1","0","0","0"
"POINT (6.972934504000020 50.846112312000102)","Unfall 39853 (2022) Kat:3, Licht: 0","39853","3","6","1","06","16","2","","0","0","1","0","1"
"POINT (7.049850223000020 50.872798375999999)","Unfall 39859 (2022) Kat:3, Licht: 0","39859","3","1","8","06","07","3","","0","0","0","0","1"
"POINT (6.981668417000040 50.937209780000003)","Unfall 39868 (2022) Kat:3, Licht: 0","39868","3","3","5","06","08","4","","0","1","1","0","0"
"POINT (6.910667059000050 50.939766452000100)","Unfall 39894 (2022) Kat:3, Licht: 2","39894","3","6","0","06","22","6","","2","1","0","0","0"
"POINT (6.933871219000030 50.922029178999999)","Unfall 39895 (2022) Kat:3, Licht: 0","39895","3","5","1","06","17","3","","0","0","1","0","1"
"POINT (6.998480712000060 50.937563109999999)","Unfall 39913 (2022) Kat:3, Licht: 0","39913","3","4","6","06","17","2","","0","0","1","1","0"
"POINT (6.941230569000030 50.927577133000099)","Unfall 39925 (2022) Kat:3, Licht: 0","39925","3","3","5","06","14","5","","0","0","1","0","0"
"POINT (6.916554690000050 50.930854516000103)","Unfall 39935 (2022) Kat:3, Licht: 0","39935","3","5","3","06","19","6","","0","1","1","1","0"
"POINT (6.971142847000070 50.932132485000103)","Unfall 39956 (2022) Kat:3, Licht: 0","39956","3","7","3","06","10","5","","0","0","1","0","0"
"POINT (6.899224395000030 50.902964148000102)","Unfall 39963 (2022) Kat:3, Licht: 0","39963","3","6","2","06","13","3","","0","0","0","0","0"
"POINT (6.942209338000050 50.928613149000100)","Unfall 39993 (2022) Kat:3, Licht: 0","39993","3","1","7","06","06","7","","0","0","0","0","0"
"POINT (7.088915957000040 50.894663178000002)","Unfall 40010 (2022) Kat:3, Licht: 0","40010","3","7","8","06","20","6","","0","0","1","0","0"
"POINT (6.966687942000020 50.839068144000102)","Unfall 40060 (2022) Kat:3, Licht: 0","40060","3","6","3","06","18","1","","0","0","1","0","0"
"POINT (6.911202914000060 50.953762431000001)","Unfall 40066 (2022) Kat:3, Licht: 0","40066","3","5","0","06","10","5","","0","0","1","0","1"
"POINT (6.865670027000020 50.989168298999999)","Unfall 40080 (2022) Kat:3, Licht: 2","40080","3","1","9","06","03","2","","2","0","1","0","0"
"POINT (6.968544067000040 50.882105393000103)","Unfall 40158 (2022) Kat:3, Licht: 0","40158","3","6","2","06","06","2","","0","0","1","0","0"
"POINT (6.877437506000040 50.937855999000099)","Unfall 40165 (2022) Kat:3, Licht: 0","40165","3","2","2","06","10","6","","0","0","1","0","0"
"POINT (7.138132749000020 50.880787128000101)","Unfall 40201 (2022) Kat:2, Licht: 0","40201","2","1","0","07","17","1","","0","0","0","0","1"
"POINT (7.058983003000040 50.908482047000099)","Unfall 40227 (2022) Kat:3, Licht: 0","40227","3","3","5","06","12","4","","0","1","1","0","0"
"POINT (7.001169436000050 50.962636979000102)","Unfall 40252 (2022) Kat:2, Licht: 0","40252","2","1","0","07","13","7","","0","0","0","0","1"
"POINT (6.920386833000070 50.953714376000100)","Unfall 40255 (2022) Kat:3, Licht: 0","40255","3","1","0","07","09","4","","0","1","0","0","0"
"POINT (6.863473440000060 50.937817960000103)","Unfall 40293 (2022) Kat:2, Licht: 1","40293","2","1","0","07","22","1","","1","1","0","0","0"
"POINT (6.867453277000040 50.922449800000003)","Unfall 40301 (2022) Kat:2, Licht: 0","40301","2","3","0","06","12","5","","0","1","0","0","0"
"POINT (6.971237906000060 50.936156650999997)","Unfall 40316 (2022) Kat:3, Licht: 0","40316","3","2","5","07","20","2","","0","0","0","0","0"
"POINT (6.944222092000080 50.935803377000099)","Unfall 40319 (2022) Kat:3, Licht: 0","40319","3","1","0","06","08","3","","0","1","0","0","0"
"POINT (7.057527938000020 50.974026883000100)","Unfall 40324 (2022) Kat:3, Licht: 0","40324","3","6","4","06","12","6","","0","0","1","0","0"
"POINT (7.040767286000060 51.001395092000102)","Unfall 40342 (2022) Kat:3, Licht: 0","40342","3","3","5","07","14","2","","0","0","1","0","0"
"POINT (7.034632145000050 50.591277782000098)","Unfall 40354 (2022) Kat:2, Licht: 0","40354","2","6","2","06","17","5","","0","0","0","0","0"
"POINT (6.957799664000050 50.957668355000102)","Unfall 40362 (2022) Kat:3, Licht: 1","40362","3","2","5","06","21","6","","1","1","1","0","0"
"POINT (6.852680270000060 51.014482160000099)","Unfall 40373 (2022) Kat:2, Licht: 2","40373","2","1","8","06","23","3","","2","0","0","0","1"
"POINT (6.914978091000020 50.948445460000102)","Unfall 40377 (2022) Kat:3, Licht: 0","40377","3","2","5","06","17","2","","0","1","1","0","0"
"POINT (6.935419250000050 50.877406548000103)","Unfall 40378 (2022) Kat:2, Licht: 0","40378","2","1","9","07","16","7","","0","0","0","0","1"
"POINT (7.006741476000060 50.967925824000098)","Unfall 40419 (2022) Kat:3, Licht: 0","40419","3","2","5","06","11","1","","0","0","1","0","0"
"POINT (7.053004356000030 50.877743704000103)","Unfall 40520 (2022) Kat:2, Licht: 2","40520","2","6","2","07","23","3","","2","1","0","0","0"
"POINT (7.031518636000040 50.966461862000102)","Unfall 40526 (2022) Kat:3, Licht: 0","40526","3","6","2","07","06","2","","0","0","1","0","0"
"POINT (7.018720791000020 50.940205413999998)","Unfall 40549 (2022) Kat:3, Licht: 0","40549","3","3","0","06","15","2","","0","1","1","0","0"
"POINT (6.889788008000040 50.996502513000102)","Unfall 40578 (2022) Kat:3, Licht: 0","40578","3","6","2","06","14","4","","0","0","1","0","0"
"POINT (7.001206236000030 50.957077169999998)","Unfall 40591 (2022) Kat:3, Licht: 0","40591","3","2","3","06","08","5","","0","1","1","0","0"
"POINT (6.956262436000030 50.956074201000000)","Unfall 40603 (2022) Kat:3, Licht: 0","40603","3","2","5","07","07","3","","0","0","1","0","1"
"POINT (6.992238019000070 50.915589994000101)","Unfall 40615 (2022) Kat:2, Licht: 0","40615","2","2","5","06","18","6","","0","1","1","0","0"
"POINT (6.949913350000030 50.955518370999997)","Unfall 40617 (2022) Kat:2, Licht: 0","40617","2","2","5","06","11","1","","0","1","1","0","0"
"POINT (7.046332094000040 50.970014508000098)","Unfall 40624 (2022) Kat:3, Licht: 0","40624","3","5","0","07","13","6","","0","0","1","0","1"
"POINT (7.057527938000020 50.974026883000100)","Unfall 40662 (2022) Kat:3, Licht: 0","40662","3","2","3","07","08","2","","0","1","1","0","0"
"POINT (7.040928085000080 50.929678228000100)","Unfall 40665 (2022) Kat:3, Licht: 0","40665","3","6","2","06","17","3","","0","0","1","0","0"
"POINT (7.024021989000060 50.965251851000097)","Unfall 40685 (2022) Kat:3, Licht: 2","40685","3","7","6","07","01","7","","2","0","1","1","0"
"POINT (6.925621376000040 50.939754869000097)","Unfall 40720 (2022) Kat:3, Licht: 0","40720","3","6","2","07","14","6","","0","0","1","0","1"
"POINT (6.939334588000070 50.905560256999998)","Unfall 40739 (2022) Kat:2, Licht: 0","40739","2","6","3","06","15","6","","0","0","1","0","0"
"POINT (6.998087845000040 50.937523157999998)","Unfall 40757 (2022) Kat:3, Licht: 0","40757","3","6","2","06","12","5","","0","0","1","0","0"
"POINT (6.932473785000070 50.952901199000102)","Unfall 40790 (2022) Kat:3, Licht: 2","40790","3","6","3","06","23","5","","2","0","1","0","0"
"POINT (6.974919105000030 50.932038819000098)","Unfall 40815 (2022) Kat:3, Licht: 2","40815","3","6","1","07","23","4","","2","0","1","0","0"
"POINT (6.952636500000040 50.935364041000099)","Unfall 40818 (2022) Kat:2, Licht: 2","40818","2","7","0","06","02","7","","2","0","0","0","0"
"POINT (7.018459481000040 50.920872046000099)","Unfall 40832 (2022) Kat:2, Licht: 2","40832","2","1","8","07","03","4","","2","0","1","0","0"
"POINT (7.056569882000080 50.892083818000103)","Unfall 40833 (2022) Kat:3, Licht: 0","40833","3","6","1","07","16","2","","0","0","1","0","0"
"POINT (6.974698254000030 50.858182816000102)","Unfall 40851 (2022) Kat:3, Licht: 0","40851","3","6","1","06","20","1","","0","0","1","0","0"
"POINT (6.986553445000030 50.899171746999997)","Unfall 40864 (2022) Kat:3, Licht: 1","40864","3","6","3","07","21","6","","1","1","0","0","0"
"POINT (6.969218828000070 50.875557819999997)","Unfall 40872 (2022) Kat:3, Licht: 0","40872","3","6","2","06","15","4","","0","0","1","0","0"
"POINT (6.922000906000050 50.947620625000098)","Unfall 40902 (2022) Kat:3, Licht: 0","40902","3","5","3","06","14","5","","0","1","1","0","0"
"POINT (6.939242192000050 50.934613790000100)","Unfall 40934 (2022) Kat:3, Licht: 2","40934","3","1","0","07","03","1","","2","0","0","0","0"
"POINT (6.881094556000050 51.057789155000101)","Unfall 40958 (2022) Kat:3, Licht: 0","40958","3","6","4","06","16","4","","0","1","0","0","0"
"POINT (7.059229038000070 50.951718812000102)","Unfall 40961 (2022) Kat:2, Licht: 0","40961","2","1","9","07","17","6","","0","0","0","0","1"
"POINT (7.082629724000070 50.943741895000102)","Unfall 40991 (2022) Kat:3, Licht: 0","40991","3","1","0","06","09","7","","0","1","0","0","0"
"POINT (6.927510653000070 50.862119536000101)","Unfall 40993 (2022) Kat:3, Licht: 0","40993","3","6","2","07","19","1","","0","0","1","0","0"
"POINT (7.006567147000060 50.960772413000001)","Unfall 41012 (2022) Kat:3, Licht: 0","41012","3","5","0","07","18","3","","0","1","1","0","0"
"POINT (6.865959092000030 50.970609124000099)","Unfall 41023 (2022) Kat:3, Licht: 0","41023","3","2","5","07","09","1","","0","1","1","0","0"
"POINT (6.920241096000040 50.948355220000103)","Unfall 41036 (2022) Kat:3, Licht: 0","41036","3","2","0","06","15","1","","0","1","1","0","0"
"POINT (6.893950011000070 50.960655438000103)","Unfall 41038 (2022) Kat:3, Licht: 0","41038","3","2","5","06","15","6","","0","1","1","0","0"
"POINT (6.946320392000080 50.985685472999997)","Unfall 41054 (2022) Kat:3, Licht: 0","41054","3","7","0","06","11","6","","0","0","0","1","0"
"POINT (6.933053671000040 50.920845079000102)","Unfall 41070 (2022) Kat:3, Licht: 0","41070","3","6","1","07","19","7","","0","0","1","0","0"
"POINT (6.962862439000050 50.944389573000102)","Unfall 41074 (2022) Kat:3, Licht: 0","41074","3","6","0","07","16","2","","0","1","0","0","0"
"POINT (6.974218461000020 50.956331294999998)","Unfall 41107 (2022) Kat:3, Licht: 0","41107","3","3","5","06","05","3","","0","1","1","0","0"
"POINT (6.940097048000040 50.968477677000102)","Unfall 41117 (2022) Kat:2, Licht: 2","41117","2","3","5","07","22","2","","2","0","1","0","0"
"POINT (6.982881838000030 50.944268484000098)","Unfall 41127 (2022) Kat:3, Licht: 0","41127","3","7","5","06","12","4","","0","0","1","0","0"
"POINT (6.891710449000070 50.961808758000103)","Unfall 41131 (2022) Kat:3, Licht: 0","41131","3","1","4","06","14","7","","0","1","0","0","0"
"POINT (6.999307848000060 50.989448606000103)","Unfall 41167 (2022) Kat:3, Licht: 0","41167","3","2","1","07","06","6","","0","0","1","0","0"
"POINT (6.975974151000060 50.927597351000003)","Unfall 41169 (2022) Kat:2, Licht: 0","41169","2","6","4","07","17","7","","0","1","0","0","0"
"POINT (6.902689609000050 50.901392218000098)","Unfall 41183 (2022) Kat:3, Licht: 0","41183","3","6","2","06","11","5","","0","0","0","0","0"
"POINT (6.851251595000060 51.054537955999997)","Unfall 41200 (2022) Kat:3, Licht: 0","41200","3","2","5","06","14","5","","0","1","1","0","0"
"POINT (6.942190775000030 50.905059162000001)","Unfall 41226 (2022) Kat:3, Licht: 0","41226","3","2","5","07","14","6","","0","1","1","0","0"
"POINT (7.094677402000060 50.879266708000003)","Unfall 41254 (2022) Kat:3, Licht: 0","41254","3","6","2","06","07","2","","0","0","1","0","0"
"POINT (7.039677882000030 50.929730430000099)","Unfall 41258 (2022) Kat:3, Licht: 0","41258","3","2","0","07","11","2","","0","0","1","0","0"
"POINT (6.937501756000070 50.941186991999999)","Unfall 41263 (2022) Kat:3, Licht: 2","41263","3","1","0","06","02","6","","2","0","0","0","0"
"POINT (6.917197415000030 50.949883485000001)","Unfall 41277 (2022) Kat:3, Licht: 2","41277","3","5","0","06","22","7","","2","1","1","0","0"
"POINT (6.923216330000060 50.936765114000103)","Unfall 41303 (2022) Kat:3, Licht: 0","41303","3","3","0","06","10","3","","0","1","0","0","0"
"POINT (6.933293686000070 50.943367328000100)","Unfall 41309 (2022) Kat:3, Licht: 2","41309","3","1","0","06","00","4","","2","1","0","0","0"
"POINT (7.006825434000060 50.968608492999998)","Unfall 41323 (2022) Kat:3, Licht: 0","41323","3","3","0","06","17","5","","0","1","0","0","0"
"POINT (6.829331209000030 50.938279152000099)","Unfall 41359 (2022) Kat:3, Licht: 0","41359","3","2","5","07","18","6","","0","1","1","0","0"
"POINT (7.004910428000070 50.938266228000003)","Unfall 41363 (2022) Kat:3, Licht: 0","41363","3","6","3","07","14","3","","0","1","1","0","0"
"POINT (6.958082222000030 50.935429700000000)","Unfall 41371 (2022) Kat:3, Licht: 0","41371","3","6","2","06","05","7","","0","0","1","0","0"
"POINT (6.895654152000080 50.914665559000099)","Unfall 41399 (2022) Kat:3, Licht: 0","41399","3","2","4","07","12","2","","0","0","1","0","0"
"POINT (7.088411274000070 50.881558787000102)","Unfall 41417 (2022) Kat:3, Licht: 0","41417","3","7","0","07","18","1","","0","0","0","1","0"
"POINT (6.981688887000080 50.937365880000101)","Unfall 41434 (2022) Kat:2, Licht: 2","41434","2","3","5","07","00","5","","2","0","1","0","0"
"POINT (6.979352858000030 50.952138413999997)","Unfall 41438 (2022) Kat:3, Licht: 0","41438","3","6","2","07","14","6","","0","0","1","0","0"
"POINT (6.935684721000030 50.935407834000003)","Unfall 41464 (2022) Kat:3, Licht: 0","41464","3","2","0","07","16","3","","0","0","1","0","0"
"POINT (7.091135448000050 50.918596098000101)","Unfall 41473 (2022) Kat:3, Licht: 0","41473","3","6","2","07","18","1","","0","0","1","0","0"
"POINT (6.989268314000070 50.898448007000098)","Unfall 41475 (2022) Kat:3, Licht: 0","41475","3","6","0","07","07","2","","0","1","0","0","0"
"POINT (7.058568301000040 50.897349695999999)","Unfall 41501 (2022) Kat:3, Licht: 0","41501","3","6","2","07","18","6","","0","0","1","0","0"
"POINT (6.926268926000030 50.896243495000100)","Unfall 41523 (2022) Kat:3, Licht: 0","41523","3","6","3","07","20","3","","0","0","1","0","0"
"POINT (6.946372312000050 50.850554002000102)","Unfall 41529 (2022) Kat:3, Licht: 0","41529","3","7","0","07","13","2","","0","0","0","0","1"
"POINT (6.912783887000050 50.943302698000103)","Unfall 41530 (2022) Kat:2, Licht: 0","41530","2","4","6","07","08","4","","0","0","0","1","0"
"POINT (6.852485867000040 50.938108172000099)","Unfall 41532 (2022) Kat:3, Licht: 0","41532","3","3","5","07","13","5","","0","0","1","0","0"
"POINT (6.907974889000060 50.927451040000101)","Unfall 41550 (2022) Kat:3, Licht: 0","41550","3","6","3","07","11","2","","0","0","1","0","0"
"POINT (6.927598963000040 50.929006913000102)","Unfall 41566 (2022) Kat:3, Licht: 0","41566","3","2","5","07","13","2","","0","1","1","0","0"
"POINT (6.869988050000070 50.906642883000103)","Unfall 41571 (2022) Kat:2, Licht: 0","41571","2","1","0","07","14","2","","0","1","0","0","0"
"POINT (6.976544227000030 50.953750990000103)","Unfall 41578 (2022) Kat:3, Licht: 0","41578","3","6","2","07","16","3","","0","0","1","0","0"
"POINT (6.902689609000050 50.901392218000098)","Unfall 41588 (2022) Kat:3, Licht: 0","41588","3","6","2","07","11","4","","0","0","0","0","0"
"POINT (6.840800977000070 50.967799677000102)","Unfall 41606 (2022) Kat:3, Licht: 0","41606","3","3","5","07","06","4","","0","1","1","0","0"
"POINT (6.826375796000040 51.056244246000098)","Unfall 41619 (2022) Kat:3, Licht: 2","41619","3","1","8","07","00","6","","2","0","1","0","0"
"POINT (6.880373304000050 50.993714562999997)","Unfall 41625 (2022) Kat:3, Licht: 0","41625","3","6","2","07","13","3","","0","0","1","0","0"
"POINT (6.840253300000030 50.952800621000101)","Unfall 41644 (2022) Kat:2, Licht: 2","41644","2","1","8","07","00","7","","2","0","1","0","0"
"POINT (7.073970754000070 50.924365216000098)","Unfall 41658 (2022) Kat:3, Licht: 0","41658","3","7","0","07","09","3","","0","1","1","0","0"
"POINT (7.097709399000050 50.881371422000001)","Unfall 41660 (2022) Kat:3, Licht: 0","41660","3","4","6","07","18","7","","0","0","1","1","0"
"POINT (6.955004887000030 50.949788393000098)","Unfall 41662 (2022) Kat:3, Licht: 0","41662","3","1","0","07","17","4","","0","0","0","0","0"
"POINT (7.013153019000070 50.956147942000001)","Unfall 41697 (2022) Kat:3, Licht: 0","41697","3","7","0","07","06","2","","0","1","0","0","0"
"POINT (7.083341375000030 50.872140379000001)","Unfall 41707 (2022) Kat:3, Licht: 0","41707","3","3","5","07","13","6","","0","1","1","0","0"
"POINT (6.851027366000040 50.969576743000097)","Unfall 41720 (2022) Kat:3, Licht: 0","41720","3","6","0","07","17","1","","0","1","0","0","0"
"POINT (7.073413925000070 50.979728518000101)","Unfall 41731 (2022) Kat:3, Licht: 0","41731","3","7","0","07","17","5","","0","1","1","0","0"
"POINT (6.905655422000050 50.976966990000101)","Unfall 41756 (2022) Kat:3, Licht: 0","41756","3","1","0","07","16","6","","0","1","0","0","0"
"POINT (6.910514671000040 50.939226903000097)","Unfall 41783 (2022) Kat:3, Licht: 0","41783","3","1","8","07","09","2","","0","0","1","0","0"
"POINT (7.014086076000070 50.974970560000003)","Unfall 41808 (2022) Kat:3, Licht: 0","41808","3","1","0","07","07","5","","0","1","0","0","0"
"POINT (7.021213828000040 50.933259420000098)","Unfall 41813 (2022) Kat:3, Licht: 0","41813","3","1","0","07","08","5","","0","1","0","0","0"
"POINT (7.080635142000060 50.881381269000002)","Unfall 41815 (2022) Kat:3, Licht: 0","41815","3","2","6","07","12","3","","0","0","1","1","0"
"POINT (7.097388763000030 50.855903485000098)","Unfall 41826 (2022) Kat:3, Licht: 0","41826","3","1","9","07","10","2","","0","0","1","0","0"
"POINT (6.933242206000050 50.921430385000100)","Unfall 41829 (2022) Kat:3, Licht: 2","41829","3","1","0","07","23","5","","2","0","0","0","1"
"POINT (6.839719262000070 51.035499164000001)","Unfall 41843 (2022) Kat:3, Licht: 0","41843","3","7","8","07","12","2","","0","0","1","0","0"
"POINT (6.990397278000050 50.945567379000103)","Unfall 41849 (2022) Kat:3, Licht: 0","41849","3","6","2","07","16","6","","0","0","1","0","0"
"POINT (6.852687566000040 50.980576618999997)","Unfall 41866 (2022) Kat:3, Licht: 0","41866","3","6","3","07","10","5","","0","0","1","0","0"
"POINT (6.908869854000050 50.908227332000102)","Unfall 41875 (2022) Kat:3, Licht: 0","41875","3","3","5","07","07","6","","0","1","0","0","0"
"POINT (6.968876318000070 50.955848811000102)","Unfall 41881 (2022) Kat:3, Licht: 0","41881","3","6","4","07","15","3","","0","1","0","0","1"