WKT,Name,OBJECTID,UKATEGORIE,UTYP1,UART,UMONAT,USTUNDE,UWOCHENTAG,STRZUSTAND,ULICHTVERH,ISTRAD,ISTPKW,ISTFUSS,ISTKRAD
"POINT (7.113008569000040 50.844407595000099)","Unfall 41935 (2022) Kat:3, Licht: 0","41935","3","5","1","07","06","4","","0","1","0","0","0"
"POINT (7.037978323000060 50.948702071000099)","Unfall 41957 (2022) Kat:3, Licht: 0","41957","3","6","3","07","07","6","","0","0","1","0","0"
"POINT (6.931091538000030 50.947190267000103)","Unfall 41967 (2022) Kat:3, Licht: 0","41967","3","6","2","07","15","3","","0","0","1","0","0"
"POINT (6.912800259000050 50.936787185000099)","Unfall 41973 (2022) Kat:3, Licht: 0","41973","3","2","0","07","13","7","","0","0","1","0","0"
"POINT (6.977727861000060 50.935323386999997)","Unfall 41997 (2022) Kat:3, Licht: 0","41997","3","2","3","07","15","2","","0","0","1","0","0"
"POINT (6.908047887000070 50.934369908000100)","Unfall 42048 (2022) Kat:3, Licht: 0","42048","3","2","3","07","17","3","","0","1","1","0","0"
"POINT (6.850462678000040 50.957738247000101)","Unfall 42063 (2022) Kat:3, Licht: 2","42063","3","1","0","07","22","7","","2","0","0","0","1"
"POINT (7.029090822000060 50.969267664000000)","Unfall 42094 (2022) Kat:3, Licht: 0","42094","3","6","2","07","16","2","","0","0","1","0","0"
"POINT (6.923850365000020 50.912426089000100)","Unfall 42115 (2022) Kat:2, Licht: 0","42115","2","2","4","07","18","6","","0","1","1","0","0"
"POINT (7.082351078000040 50.881542812000099)","Unfall 42118 (2022) Kat:3, Licht: 0","42118","3","6","3","07","12","5","","0","0","1","0","0"
"POINT (7.111615804000050 50.846640127999997)","Unfall 42122 (2022) Kat:3, Licht: 0","42122","3","1","0","07","17","6","","0","1","0","0","0"
"POINT (6.983407560000050 50.897098976000102)","Unfall 42131 (2022) Kat:2, Licht: 2","42131","2","1","8","07","22","2","","2","0","1","1","0"
"POINT (6.870783125000060 50.937789404000100)","Unfall 42144 (2022) Kat:3, Licht: 0","42144","3","6","1","07","19","5","","0","0","1","0","0"
"POINT (6.908111628000030 50.937130024000098)","Unfall 42146 (2022) Kat:2, Licht: 0","42146","2","1","0","07","21","3","","0","0","0","0","1"
"POINT (6.909930672000030 50.954446549000103)","Unfall 42148 (2022) Kat:2, Licht: 0","42148","2","2","2","07","07","7","","0","0","1","0","1"
"POINT (6.902442224000030 50.977518711000101)","Unfall 42168 (2022) Kat:2, Licht: 0","42168","2","3","0","07","11","3","","0","0","1","0","1"
"POINT (7.053245000000060 50.930699406000002)","Unfall 42173 (2022) Kat:3, Licht: 0","42173","3","6","2","07","16","7","","0","0","1","0","0"
"POINT (6.855806308000070 51.072944401000001)","Unfall 42190 (2022) Kat:3, Licht: 0","42190","3","6","0","07","11","4","","0","1","0","0","0"
"POINT (6.930744618000060 50.895363975000102)","Unfall 42212 (2022) Kat:3, Licht: 0","42212","3","6","2","07","15","4","","0","0","1","0","0"
"POINT (6.916619982000040 50.950258884000000)","Unfall 42231 (2022) Kat:3, Licht: 0","42231","3","1","0","07","07","3","","0","1","0","0","0"
"POINT (7.038074037000060 50.897307347999998)","Unfall 42232 (2022) Kat:3, Licht: 2","42232","3","6","1","07","23","2","","2","0","1","0","0"
"POINT (6.918153516000070 50.949290474000101)","Unfall 42235 (2022) Kat:3, Licht: 0","42235","3","5","1","07","16","5","","0","1","1","0","0"
"POINT (6.925621376000040 50.939754869000097)","Unfall 42270 (2022) Kat:3, Licht: 0","42270","3","1","0","07","17","5","","0","0","0","0","1"
"POINT (6.844848114000060 50.968652222999999)","Unfall 42274 (2022) Kat:3, Licht: 0","42274","3","1","0","07","10","3","","0","0","0","0","0"
"POINT (7.034388338000040 50.898049030000003)","Unfall 42327 (2022) Kat:3, Licht: 0","42327","3","1","0","07","17","2","","0","0","0","0","0"
"POINT (7.016951724000020 50.933595691999997)","Unfall 42332 (2022) Kat:3, Licht: 0","42332","3","3","5","07","15","2","","0","0","1","0","0"
"POINT (6.910800199000050 50.925494895999996)","Unfall 42372 (2022) Kat:3, Licht: 0","42372","3","5","1","07","18","5","","0","0","1","0","1"
"POINT (7.006735828000050 50.970785468000003)","Unfall 42391 (2022) Kat:3, Licht: 0","42391","3","6","3","07","07","4","","0","0","1","0","0"
"POINT (6.976101320000050 50.894876754999999)","Unfall 42405 (2022) Kat:3, Licht: 0","42405","3","6","2","07","12","3","","0","0","1","0","1"
"POINT (6.913078322000050 50.978681092000002)","Unfall 42417 (2022) Kat:3, Licht: 0","42417","3","6","2","07","17","5","","0","0","1","0","0"
"POINT (6.834064125000050 51.053129823000098)","Unfall 42418 (2022) Kat:3, Licht: 0","42418","3","6","2","07","17","1","","0","0","1","0","0"
"POINT (7.096751299000060 50.858639874000097)","Unfall 42427 (2022) Kat:3, Licht: 0","42427","3","6","0","07","11","7","","0","0","0","0","1"
"POINT (7.054439605000030 50.879608231000098)","Unfall 42434 (2022) Kat:3, Licht: 0","42434","3","1","0","07","14","1","","0","0","0","0","1"
"POINT (7.084695918000020 50.922182652000103)","Unfall 42436 (2022) Kat:3, Licht: 0","42436","3","2","0","07","08","2","","0","1","1","0","0"
"POINT (6.915811846000050 50.950781183000103)","Unfall 42447 (2022) Kat:3, Licht: 0","42447","3","3","5","07","17","3","","0","1","1","0","0"
"POINT (6.862217396000060 51.068902357000098)","Unfall 42452 (2022) Kat:3, Licht: 0","42452","3","1","8","07","12","5","","0","0","0","0","0"
"POINT (6.988843343000040 50.898087804000099)","Unfall 42456 (2022) Kat:2, Licht: 0","42456","2","7","9","07","13","6","","0","0","1","0","0"
"POINT (6.941430183000020 50.929220574000098)","Unfall 42461 (2022) Kat:2, Licht: 0","42461","2","6","3","07","14","3","","0","1","0","0","0"
"POINT (7.097090813000020 50.858784514000000)","Unfall 42470 (2022) Kat:3, Licht: 0","42470","3","4","0","07","09","2","","0","0","1","1","0"
"POINT (6.925439112000050 50.932332987000102)","Unfall 42489 (2022) Kat:3, Licht: 0","42489","3","1","9","07","07","1","","0","0","0","0","0"
"POINT (6.849475592000030 50.946878175999998)","Unfall 42491 (2022) Kat:2, Licht: 2","42491","2","7","2","07","03","2","","2","0","1","0","0"
"POINT (6.917410467000020 50.949745730000103)","Unfall 42526 (2022) Kat:3, Licht: 0","42526","3","5","0","07","08","2","","0","1","1","0","0"
"POINT (6.931328408000070 50.922759203000098)","Unfall 42545 (2022) Kat:3, Licht: 2","42545","3","1","0","07","22","2","","2","0","0","0","0"
"POINT (7.081649679000070 50.981804184000097)","Unfall 42548 (2022) Kat:3, Licht: 1","42548","3","2","1","07","06","5","","1","0","1","0","0"
"POINT (6.942877133000020 50.945338413000101)","Unfall 42565 (2022) Kat:3, Licht: 2","42565","3","1","0","07","23","2","","2","0","0","0","1"
"POINT (6.939001389000050 50.936669809000101)","Unfall 42571 (2022) Kat:3, Licht: 2","42571","3","6","2","07","22","6","","2","1","1","0","0"
"POINT (6.927598963000040 50.929006913000102)","Unfall 42601 (2022) Kat:3, Licht: 0","42601","3","3","5","07","14","3","","0","1","1","0","0"
"POINT (7.004155741000030 50.990224130999998)","Unfall 42605 (2022) Kat:3, Licht: 0","42605","3","3","5","07","12","2","","0","1","1","0","0"
"POINT (6.953847178000050 50.949422380999998)","Unfall 42606 (2022) Kat:3, Licht: 0","42606","3","7","0","07","06","7","","0","1","0","0","0"
"POINT (7.085335410000030 50.897446608999999)","Unfall 42640 (2022) Kat:2, Licht: 0","42640","2","6","3","07","17","1","","0","0","1","0","0"
"POINT (6.930232669000080 50.936626779000100)","Unfall 42651 (2022) Kat:3, Licht: 0","42651","3","3","5","07","17","7","","0","1","1","0","0"
"POINT (6.861790735000060 51.069076768000102)","Unfall 42654 (2022) Kat:3, Licht: 0","42654","3","1","0","07","13","6","","0","1","0","0","0"
"POINT (6.939434553000070 50.938545711000103)","Unfall 42655 (2022) Kat:3, Licht: 0","42655","3","6","3","07","17","6","","0","1","1","0","0"
"POINT (7.020280818000060 50.980500337000102)","Unfall 42688 (2022) Kat:3, Licht: 0","42688","3","1","7","07","14","1","","0","0","0","0","1"
"POINT (7.013177341000070 50.999778442000000)","Unfall 42719 (2022) Kat:3, Licht: 2","42719","3","6","0","07","01","1","","2","0","1","0","0"
"POINT (7.028638411000030 50.966184046000102)","Unfall 42727 (2022) Kat:3, Licht: 0","42727","3","5","1","07","13","6","","0","0","1","0","0"
"POINT (6.849182378000020 50.936862048000101)","Unfall 42729 (2022) Kat:2, Licht: 0","42729","2","6","2","07","16","5","","0","0","1","0","0"
"POINT (6.912346682000020 50.953029597000103)","Unfall 42764 (2022) Kat:3, Licht: 0","42764","3","3","5","07","14","4","","0","1","1","0","0"
"POINT (6.920935468000040 50.970034910999999)","Unfall 42779 (2022) Kat:3, Licht: 2","42779","3","1","9","07","00","1","","2","0","0","0","1"
"POINT (6.845607077000070 50.914685202000001)","Unfall 42794 (2022) Kat:3, Licht: 0","42794","3","6","1","07","15","3","","0","0","1","0","0"
"POINT (6.886175321000050 50.964272754000000)","Unfall 42807 (2022) Kat:3, Licht: 0","42807","3","3","0","07","17","5","","0","0","1","0","1"
"POINT (6.910667059000050 50.939766452000100)","Unfall 42828 (2022) Kat:3, Licht: 0","42828","3","7","5","07","16","4","","0","0","1","0","0"
"POINT (6.923515178000060 50.957189932000098)","Unfall 42849 (2022) Kat:3, Licht: 0","42849","3","6","2","07","08","2","","0","0","1","0","0"
"POINT (7.030500504000030 50.931771724000001)","Unfall 42875 (2022) Kat:3, Licht: 0","42875","3","1","0","07","09","3","","0","0","0","0","0"
"POINT (7.033247858000040 50.938625898000097)","Unfall 42887 (2022) Kat:3, Licht: 1","42887","3","1","0","07","14","5","","1","1","0","0","0"
"POINT (6.850391600000020 50.966444105000100)","Unfall 42896 (2022) Kat:3, Licht: 0","42896","3","6","2","07","12","6","","0","0","1","0","0"
"POINT (6.996825057000020 50.998162155000003)","Unfall 42927 (2022) Kat:2, Licht: 0","42927","2","1","0","07","06","7","","0","0","0","0","1"
"POINT (6.962643019000040 50.936283914000100)","Unfall 42929 (2022) Kat:3, Licht: 2","42929","3","6","4","07","21","6","","2","1","0","0","0"
"POINT (6.916717688000060 50.895229256000100)","Unfall 42960 (2022) Kat:3, Licht: 0","42960","3","6","2","07","15","4","","0","0","1","0","0"
"POINT (6.898278383000050 50.958563795000003)","Unfall 42964 (2022) Kat:3, Licht: 0","42964","3","1","0","07","14","3","","0","1","1","0","0"
"POINT (6.871937797000040 50.991127645000098)","Unfall 42993 (2022) Kat:2, Licht: 0","42993","2","6","2","07","14","1","","0","0","1","0","0"
"POINT (7.019413667000040 50.940228674000103)","Unfall 43017 (2022) Kat:3, Licht: 0","43017","3","5","1","07","14","2","","0","1","1","0","0"
"POINT (6.912717571000030 50.952783089000000)","Unfall 43040 (2022) Kat:2, Licht: 0","43040","2","4","0","07","07","4","","0","1","0","1","0"
"POINT (6.879822259000040 51.005590038000001)","Unfall 43043 (2022) Kat:2, Licht: 0","43043","2","6","2","07","16","2","","0","0","1","0","0"
"POINT (6.913496814000040 50.929644450000097)","Unfall 43050 (2022) Kat:3, Licht: 2","43050","3","1","9","07","02","6","","2","0","0","0","0"
"POINT (6.986825534000050 50.898984665000100)","Unfall 43052 (2022) Kat:3, Licht: 0","43052","3","7","0","07","17","1","","0","1","0","0","0"
"POINT (6.940635489000040 50.931075180000100)","Unfall 43065 (2022) Kat:3, Licht: 2","43065","3","1","0","07","22","6","","2","1","0","0","0"
"POINT (6.999920659000050 50.870702890000103)","Unfall 43070 (2022) Kat:3, Licht: 0","43070","3","3","5","07","17","3","","0","1","1","0","0"
"POINT (7.039622695000050 50.945554102000102)","Unfall 43083 (2022) Kat:3, Licht: 0","43083","3","6","2","07","13","1","","0","0","1","0","0"
"POINT (6.898385339000070 50.996018343999999)","Unfall 43101 (2022) Kat:3, Licht: 0","43101","3","6","3","07","10","2","","0","0","1","0","0"
"POINT (7.003196213000020 50.937991903000103)","Unfall 43119 (2022) Kat:3, Licht: 0","43119","3","5","3","08","13","5","","0","1","0","0","0"
"POINT (7.033717328000020 50.959861859000100)","Unfall 43128 (2022) Kat:3, Licht: 0","43128","3","6","2","08","12","7","","0","0","1","0","0"
"POINT (6.880039713000030 50.993613004000103)","Unfall 43137 (2022) Kat:3, Licht: 0","43137","3","6","1","08","17","2","","0","0","1","0","0"
"POINT (7.001057129000060 50.937731472000102)","Unfall 43148 (2022) Kat:3, Licht: 0","43148","3","6","2","08","20","4","","0","0","1","1","0"
"POINT (6.935775881000040 50.923404111000103)","Unfall 43172 (2022) Kat:2, Licht: 2","43172","2","4","6","08","23","7","","2","0","0","1","0"
"POINT (6.924607928000060 50.937479443000001)","Unfall 43191 (2022) Kat:3, Licht: 0","43191","3","6","2","07","15","7","","0","0","1","0","0"
"POINT (6.934029263000070 50.933222140000098)","Unfall 43208 (2022) Kat:3, Licht: 0","43208","3","4","6","08","18","7","","0","0","1","1","0"
"POINT (6.938433327000040 50.926165284000000)","Unfall 43250 (2022) Kat:3, Licht: 0","43250","3","6","2","08","19","4","","0","0","0","0","0"
"POINT (6.856991433000080 50.926693190000002)","Unfall 43277 (2022) Kat:3, Licht: 0","43277","3","1","8","08","12","3","","0","1","0","0","0"
"POINT (6.951978681000070 50.970917989999997)","Unfall 43280 (2022) Kat:3, Licht: 0","43280","3","6","0","08","13","6","","0","0","0","0","0"
"POINT (6.869366797000050 50.922837637999997)","Unfall 43289 (2022) Kat:3, Licht: 0","43289","3","6","2","08","13","3","","0","0","1","0","0"
"POINT (6.965358000000040 50.925229592000100)","Unfall 43292 (2022) Kat:3, Licht: 0","43292","3","4","6","07","13","7","","0","0","0","1","0"
"POINT (6.896320204000060 50.937369696000097)","Unfall 43319 (2022) Kat:3, Licht: 0","43319","3","7","6","08","13","6","","0","1","0","1","0"
"POINT (6.943756421000050 50.989304310000101)","Unfall 43320 (2022) Kat:3, Licht: 1","43320","3","1","0","08","20","5","","1","1","0","0","0"
"POINT (7.009899072000050 50.979666195000000)","Unfall 43333 (2022) Kat:3, Licht: 0","43333","3","7","0","07","11","6","","0","0","0","0","0"
"POINT (6.944587660000020 50.935805479000102)","Unfall 43343 (2022) Kat:3, Licht: 0","43343","3","6","2","07","16","4","","0","0","1","0","0"
"POINT (7.037217487000020 50.967950393000102)","Unfall 43347 (2022) Kat:3, Licht: 0","43347","3","2","5","08","12","2","","0","0","1","0","1"
"POINT (7.051085448000040 50.952159096999999)","Unfall 43374 (2022) Kat:2, Licht: 0","43374","2","6","3","07","16","5","","0","0","1","0","0"
"POINT (6.920847370000050 50.914087684999998)","Unfall 43384 (2022) Kat:2, Licht: 0","43384","2","1","0","08","15","6","","0","1","0","0","0"
"POINT (7.004359359000030 50.977028093999998)","Unfall 43391 (2022) Kat:3, Licht: 0","43391","3","1","8","08","06","1","","0","0","1","0","0"
"POINT (6.939457075000060 50.905493825000100)","Unfall 43393 (2022) Kat:3, Licht: 0","43393","3","3","5","08","08","3","","0","0","1","0","0"
"POINT (6.938981978000070 50.936412873000101)","Unfall 43414 (2022) Kat:3, Licht: 2","43414","3","3","5","08","01","1","","2","1","1","0","0"
"POINT (6.897392185000060 50.925788402000101)","Unfall 43423 (2022) Kat:3, Licht: 0","43423","3","6","3","08","17","5","","0","0","1","0","1"
"POINT (6.927379722000070 50.915795158000002)","Unfall 43450 (2022) Kat:3, Licht: 0","43450","3","3","0","07","11","5","","0","1","0","0","0"
"POINT (7.022515302000040 50.979360773000103)","Unfall 43452 (2022) Kat:3, Licht: 0","43452","3","6","2","08","10","7","","0","0","1","0","0"
"POINT (7.019569840000030 50.948903340000101)","Unfall 43463 (2022) Kat:3, Licht: 0","43463","3","6","2","08","15","7","","0","0","1","0","0"
"POINT (6.941131612000050 50.929881084000002)","Unfall 43464 (2022) Kat:3, Licht: 0","43464","3","7","7","08","12","1","","0","1","0","0","0"
"POINT (7.031387721000040 50.966752667000002)","Unfall 43507 (2022) Kat:3, Licht: 0","43507","3","6","3","08","16","5","","0","0","1","0","1"
"POINT (6.975258448000030 50.954570795999999)","Unfall 43525 (2022) Kat:3, Licht: 0","43525","3","6","2","08","14","6","","0","0","1","0","0"
"POINT (6.957146939000040 50.952722353000098)","Unfall 43538 (2022) Kat:3, Licht: 0","43538","3","7","0","08","11","7","","0","1","0","0","0"
"POINT (6.920211678000040 50.953781380000102)","Unfall 43561 (2022) Kat:3, Licht: 0","43561","3","1","0","07","10","6","","0","1","0","0","0"
"POINT (6.925488519000060 50.939846600000102)","Unfall 43563 (2022) Kat:2, Licht: 2","43563","2","2","5","08","21","6","","2","0","1","0","0"
"POINT (6.948417259000050 50.893988886999999)","Unfall 43571 (2022) Kat:3, Licht: 0","43571","3","6","2","08","10","4","","0","0","1","0","0"
"POINT (6.904052325000070 50.937191760000097)","Unfall 43578 (2022) Kat:3, Licht: 0","43578","3","2","5","08","10","2","","0","0","1","0","0"
"POINT (6.855208564000070 50.938060997999997)","Unfall 43589 (2022) Kat:3, Licht: 0","43589","3","2","4","08","18","4","","0","1","1","0","0"
"POINT (6.918454715000050 50.916063516000101)","Unfall 43613 (2022) Kat:2, Licht: 2","43613","2","1","0","08","00","7","","2","1","0","0","0"
"POINT (6.871668731000060 50.976338319000000)","Unfall 43619 (2022) Kat:2, Licht: 0","43619","2","3","5","08","08","1","","0","0","1","0","0"
"POINT (7.109623461000070 50.882288888000097)","Unfall 43625 (2022) Kat:3, Licht: 0","43625","3","6","2","08","18","4","","0","0","1","0","0"
"POINT (6.882137583000030 50.937787716999999)","Unfall 43648 (2022) Kat:2, Licht: 0","43648","2","3","5","08","17","3","","0","1","1","0","0"
"POINT (6.942856126000040 50.928550142000098)","Unfall 43672 (2022) Kat:3, Licht: 0","43672","3","1","0","07","07","1","","0","0","0","0","0"
"POINT (6.945823211000060 50.935767027000097)","Unfall 43684 (2022) Kat:3, Licht: 0","43684","3","1","0","08","13","1","","0","1","0","0","0"
"POINT (7.010602733000040 50.957927471000097)","Unfall 43690 (2022) Kat:3, Licht: 0","43690","3","4","6","08","13","4","","0","0","1","1","0"
"POINT (6.981021695000040 50.923098580000001)","Unfall 43725 (2022) Kat:3, Licht: 0","43725","3","3","5","08","00","1","","0","0","1","0","0"
"POINT (6.975448706000070 50.851109700000102)","Unfall 43726 (2022) Kat:3, Licht: 0","43726","3","6","0","08","07","6","","0","1","0","0","0"
"POINT (6.938477117000050 50.935365778000097)","Unfall 43748 (2022) Kat:2, Licht: 0","43748","2","1","0","08","20","5","","0","0","0","0","0"
"POINT (6.959850326000040 50.928801715000098)","Unfall 43762 (2022) Kat:3, Licht: 0","43762","3","6","2","08","16","2","","0","0","1","0","0"
"POINT (6.910285609000030 50.954319091000102)","Unfall 43764 (2022) Kat:3, Licht: 0","43764","3","1","8","08","15","6","","0","1","0","0","0"
"POINT (6.853121201000020 50.981444502999999)","Unfall 43790 (2022) Kat:3, Licht: 0","43790","3","6","3","08","12","2","","0","0","1","0","1"
"POINT (6.898608430000020 51.042991524999998)","Unfall 43803 (2022) Kat:3, Licht: 1","43803","3","1","0","08","05","2","","1","0","0","0","1"
"POINT (7.077841922000060 50.892536613000097)","Unfall 43814 (2022) Kat:3, Licht: 0","43814","3","6","1","07","12","4","","0","0","1","0","0"
"POINT (6.977115262000040 50.907359511000003)","Unfall 43823 (2022) Kat:3, Licht: 0","43823","3","6","2","08","15","3","","0","0","1","0","0"
"POINT (6.929943175000060 50.925184785000098)","Unfall 43860 (2022) Kat:3, Licht: 2","43860","3","1","0","08","21","1","","2","1","0","0","0"
"POINT (6.915565219000030 50.930460008000097)","Unfall 43876 (2022) Kat:3, Licht: 0","43876","3","4","6","08","17","2","","0","1","0","1","0"
"POINT (6.989653500000030 50.893942529000100)","Unfall 43889 (2022) Kat:3, Licht: 2","43889","3","5","1","07","22","4","","2","0","1","0","0"
"POINT (6.954478520000070 50.960660449000002)","Unfall 43898 (2022) Kat:3, Licht: 0","43898","3","5","1","08","10","6","","0","1","1","0","0"
"POINT (6.940810739000030 50.936164435000101)","Unfall 43901 (2022) Kat:3, Licht: 0","43901","3","1","0","07","05","1","","0","0","0","0","0"
"POINT (6.963303142000030 50.950838460000099)","Unfall 43913 (2022) Kat:3, Licht: 0","43913","3","4","0","07","19","4","","0","0","1","1","0"
"POINT (7.097835464000070 50.858809266999998)","Unfall 43949 (2022) Kat:3, Licht: 0","43949","3","3","5","08","19","4","","0","1","1","0","0"
"POINT (6.955730692000030 50.957141083000103)","Unfall 43972 (2022) Kat:3, Licht: 0","43972","3","2","5","08","12","2","","0","1","0","0","0"
"POINT (6.951654603000070 50.948902083000100)","Unfall 43988 (2022) Kat:3, Licht: 0","43988","3","1","7","07","17","4","","0","1","0","0","0"
"POINT (6.961996964000040 50.921416726000103)","Unfall 43996 (2022) Kat:3, Licht: 0","43996","3","3","0","07","15","6","","0","1","0","0","0"
"POINT (6.992436247000060 50.915451604000097)","Unfall 44010 (2022) Kat:3, Licht: 0","44010","3","3","5","08","17","3","","0","1","1","0","0"
"POINT (7.001558181000060 50.962389534000103)","Unfall 44017 (2022) Kat:3, Licht: 1","44017","3","6","4","08","21","4","","1","1","0","0","0"
"POINT (6.918454715000050 50.916063516000101)","Unfall 44023 (2022) Kat:3, Licht: 0","44023","3","1","0","08","18","4","","0","0","0","0","1"
"POINT (7.096402334000060 50.863128409000097)","Unfall 44036 (2022) Kat:3, Licht: 2","44036","3","1","8","08","22","4","","2","0","0","0","0"
"POINT (7.028231196000040 50.942416129999998)","Unfall 44083 (2022) Kat:3, Licht: 0","44083","3","1","1","08","18","3","","0","1","1","0","0"
"POINT (6.963383011000080 50.945411856000099)","Unfall 44097 (2022) Kat:3, Licht: 0","44097","3","1","0","07","12","5","","0","0","0","0","0"
"POINT (6.838703134000070 50.967635663000102)","Unfall 44120 (2022) Kat:3, Licht: 0","44120","3","3","5","08","15","2","","0","1","1","0","0"
"POINT (6.963286131000070 50.934254352000004)","Unfall 44146 (2022) Kat:3, Licht: 0","44146","3","7","4","07","19","5","","0","1","0","0","0"
"POINT (6.980150781000020 50.930326397999998)","Unfall 44150 (2022) Kat:3, Licht: 0","44150","3","6","2","08","09","7","","0","0","1","0","1"
"POINT (7.032552445000020 50.962920014000098)","Unfall 44154 (2022) Kat:3, Licht: 0","44154","3","6","2","08","08","3","","0","0","1","0","0"
"POINT (6.899897093000050 50.937104797000103)","Unfall 44156 (2022) Kat:3, Licht: 0","44156","3","2","0","08","11","6","","0","1","1","0","0"
"POINT (6.974756797000050 50.932368622000098)","Unfall 44187 (2022) Kat:3, Licht: 0","44187","3","6","4","08","15","6","","0","1","0","0","0"
"POINT (6.895728241000030 50.937197842000003)","Unfall 44196 (2022) Kat:3, Licht: 0","44196","3","7","1","08","17","3","","0","0","1","0","0"
"POINT (6.929072411000050 50.936444762000100)","Unfall 44199 (2022) Kat:2, Licht: 0","44199","2","7","9","07","08","7","","0","0","1","0","0"
"POINT (7.160761090000050 50.871788617000000)","Unfall 44212 (2022) Kat:2, Licht: 0","44212","2","1","9","07","19","1","","0","0","0","0","1"
"POINT (7.022195352000040 50.980033112000100)","Unfall 44216 (2022) Kat:3, Licht: 0","44216","3","2","0","08","16","7","","0","0","0","0","1"
"POINT (6.985887092000040 50.936479231000099)","Unfall 44222 (2022) Kat:3, Licht: 0","44222","3","6","2","08","09","3","","0","0","1","0","1"
"POINT (6.990288642000050 50.965932189999997)","Unfall 44227 (2022) Kat:3, Licht: 0","44227","3","1","0","08","13","5","","0","0","1","0","1"
"POINT (6.849967130000040 50.970935600000097)","Unfall 44239 (2022) Kat:3, Licht: 0","44239","3","6","2","07","15","6","","0","0","1","0","0"
"POINT (6.924948306000030 50.936548541999997)","Unfall 44249 (2022) Kat:3, Licht: 0","44249","3","2","3","07","15","4","","0","1","1","0","0"
"POINT (6.937402104000060 50.941240733000001)","Unfall 44254 (2022) Kat:3, Licht: 0","44254","3","1","0","08","19","7","","0","1","1","1","0"
"POINT (6.840137983000030 51.046547609000100)","Unfall 44266 (2022) Kat:2, Licht: 0","44266","2","7","4","08","14","4","","0","0","1","0","0"
"POINT (7.043269201000040 51.006306846000001)","Unfall 44297 (2022) Kat:2, Licht: 0","44297","2","4","6","08","12","6","","0","0","1","1","0"
"POINT (6.864378945000060 50.970647757999998)","Unfall 44301 (2022) Kat:2, Licht: 2","44301","2","7","6","08","23","3","","2","1","0","1","0"
"POINT (7.060630958000050 50.906581721000101)","Unfall 44466 (2022) Kat:3, Licht: 0","44466","3","2","4","08","14","5","","0","1","1","0","0"
"POINT (6.835890701000040 50.938365684000097)","Unfall 44467 (2022) Kat:2, Licht: 0","44467","2","4","6","07","16","6","","0","0","0","1","0"
"POINT (7.006278137000040 50.973358476000001)","Unfall 44475 (2022) Kat:3, Licht: 0","44475","3","3","5","08","14","7","","0","1","0","0","0"
"POINT (6.934538130000020 50.935445336999997)","Unfall 44483 (2022) Kat:3, Licht: 2","44483","3","3","5","08","21","1","","2","1","0","0","0"
"POINT (7.107566766000050 50.872599680000100)","Unfall 44484 (2022) Kat:3, Licht: 2","44484","3","1","0","08","04","2","","2","1","0","0","0"
"POINT (6.955036815000030 51.002614426000001)","Unfall 44495 (2022) Kat:3, Licht: 0","44495","3","6","1","08","14","4","","0","0","1","0","0"
"POINT (6.977757249000040 50.953155964000103)","Unfall 44515 (2022) Kat:3, Licht: 0","44515","3","6","2","07","12","5","","0","0","1","0","0"
"POINT (6.983979105000060 50.901031245000098)","Unfall 44526 (2022) Kat:3, Licht: 0","44526","3","1","4","08","18","6","","0","1","0","0","0"
"POINT (7.099475113000040 50.908556921000098)","Unfall 44536 (2022) Kat:2, Licht: 0","44536","2","7","8","08","14","3","","0","0","1","0","0"
"POINT (6.947883063000060 50.981663767000001)","Unfall 44580 (2022) Kat:3, Licht: 2","44580","3","1","0","07","23","1","","2","0","1","0","1"
"POINT (7.045937235000050 50.969875726000097)","Unfall 44586 (2022) Kat:3, Licht: 0","44586","3","7","0","08","08","3","","0","0","1","0","1"
"POINT (7.082854913000060 50.876547068000001)","Unfall 44591 (2022) Kat:3, Licht: 0","44591","3","1","0","08","07","1","","0","0","0","0","0"
"POINT (6.922547852000040 50.913286781000103)","Unfall 44619 (2022) Kat:3, Licht: 0","44619","3","3","5","07","15","4","","0","1","0","0","1"
"POINT (6.929134193000040 50.936694004000103)","Unfall 44631 (2022) Kat:3, Licht: 1","44631","3","6","4","08","21","6","","1","1","0","0","0"
"POINT (6.942209338000050 50.928613149000100)","Unfall 44643 (2022) Kat:3, Licht: 1","44643","3","1","8","07","22","7","","1","0","0","0","0"
"POINT (6.916596079000040 50.936667184999997)","Unfall 44654 (2022) Kat:3, Licht: 0","44654","3","7","0","08","17","5","","0","0","0","1","0"
"POINT (6.980558656000030 50.898063020000102)","Unfall 44667 (2022) Kat:3, Licht: 0","44667","3","7","0","08","17","2","","0","1","1","0","0"
"POINT (6.816372324000040 50.938626223000000)","Unfall 44670 (2022) Kat:3, Licht: 0","44670","3","3","5","08","17","5","","0","0","1","0","0"
"POINT (7.026599253000030 50.950595090000000)","Unfall 44706 (2022) Kat:3, Licht: 0","44706","3","6","3","08","07","2","","0","0","1","0","0"
"POINT (7.028717878000070 50.973698538000100)","Unfall 44726 (2022) Kat:2, Licht: 0","44726","2","6","2","08","14","3","","0","0","1","0","0"
"POINT (6.859620918000080 51.019729993000098)","Unfall 44728 (2022) Kat:3, Licht: 0","44728","3","6","2","08","11","6","","0","0","1","0","0"
"POINT (6.884640839000040 50.937697472000103)","Unfall 44737 (2022) Kat:3, Licht: 2","44737","3","1","0","08","00","3","","2","1","0","0","0"