WKT,Name,OBJECTID,UKATEGORIE,UTYP1,UART,UMONAT,USTUNDE,UWOCHENTAG,STRZUSTAND,ULICHTVERH,ISTRAD,ISTPKW,ISTFUSS,ISTKRAD
"POINT (6.978756738000070 50.930497817999999)","Unfall 44764 (2022) Kat:3, Licht: 0","44764","3","6","2","08","08","3","","0","0","1","0","0"
"POINT (6.933208487000060 51.039328323000099)","Unfall 44765 (2022) Kat:3, Licht: 0","44765","3","2","3","08","20","1","","0","1","0","0","0"
"POINT (6.816372324000040 50.938626223000000)","Unfall 44794 (2022) Kat:3, Licht: 0","44794","3","6","1","07","13","4","","0","0","1","0","1"
"POINT (6.953394500000060 50.935217500000100)","Unfall 44813 (2022) Kat:3, Licht: 0","44813","3","6","2","08","14","3","","0","0","1","0","0"
"POINT (6.868565605000070 50.951579052000099)","Unfall 44816 (2022) Kat:2, Licht: 0","44816","2","3","5","08","13","3","","0","0","1","0","1"
"POINT (7.031549301000040 50.966382673000098)","Unfall 44831 (2022) Kat:2, Licht: 0","44831","2","6","3","08","07","6","","0","0","1","0","0"
"POINT (6.976163785000040 50.953993562000100)","Unfall 44837 (2022) Kat:3, Licht: 0","44837","3","6","0","08","13","7","","0","0","1","0","0"
"POINT (6.902443200000050 50.937046614000103)","Unfall 44839 (2022) Kat:3, Licht: 0","44839","3","1","0","08","11","4","","0","1","0","0","0"
"POINT (6.950865606000040 50.973504455000104)","Unfall 44840 (2022) Kat:3, Licht: 0","44840","3","2","5","08","06","3","","0","1","1","0","0"
"POINT (6.885401780000050 50.995411535000102)","Unfall 44849 (2022) Kat:3, Licht: 0","44849","3","6","2","08","10","5","","0","0","1","0","0"
"POINT (6.921824347000040 50.947694012000099)","Unfall 44853 (2022) Kat:3, Licht: 0","44853","3","7","3","08","19","5","","0","1","1","0","0"
"POINT (7.061368257000030 50.927458905999998)","Unfall 44859 (2022) Kat:3, Licht: 0","44859","3","1","0","08","16","4","","0","1","0","0","0"
"POINT (6.925499931000050 50.939875835000102)","Unfall 44871 (2022) Kat:3, Licht: 0","44871","3","2","5","08","18","6","","0","1","1","0","0"
"POINT (7.021659186000020 50.947200049999999)","Unfall 44883 (2022) Kat:3, Licht: 0","44883","3","5","8","08","07","2","","0","0","1","0","0"
"POINT (7.006931386000080 50.969350458000100)","Unfall 44900 (2022) Kat:3, Licht: 0","44900","3","7","0","07","19","7","","0","1","1","0","0"
"POINT (6.916644663000060 50.918026640000100)","Unfall 44908 (2022) Kat:3, Licht: 0","44908","3","2","5","07","12","6","","0","0","1","0","0"
"POINT (7.039643876000070 50.945510167000101)","Unfall 44910 (2022) Kat:3, Licht: 0","44910","3","6","2","08","11","6","","0","0","1","0","0"
"POINT (6.928635677000050 50.945154162000101)","Unfall 44913 (2022) Kat:2, Licht: 2","44913","2","3","5","07","03","1","","2","0","1","0","0"
"POINT (7.063513992000030 50.921768763999999)","Unfall 44927 (2022) Kat:3, Licht: 0","44927","3","6","2","08","06","6","","0","0","1","0","0"
"POINT (6.920001650000070 50.953331777000102)","Unfall 44936 (2022) Kat:3, Licht: 0","44936","3","1","0","08","18","4","","0","1","0","0","0"
"POINT (6.933053671000040 50.920845079000102)","Unfall 44948 (2022) Kat:3, Licht: 0","44948","3","2","5","08","10","6","","0","1","1","0","0"
"POINT (6.983307182000030 50.937335969999999)","Unfall 44954 (2022) Kat:3, Licht: 0","44954","3","6","4","07","18","4","","0","1","0","0","0"
"POINT (7.096515643000030 50.862232093999999)","Unfall 44990 (2022) Kat:3, Licht: 0","44990","3","6","2","08","14","7","","0","0","1","0","0"
"POINT (6.926597382000070 50.942687522000000)","Unfall 45029 (2022) Kat:3, Licht: 0","45029","3","3","5","08","11","3","","0","1","1","0","0"
"POINT (7.046243220000060 50.869951147999998)","Unfall 45101 (2022) Kat:3, Licht: 0","45101","3","7","6","08","18","6","","0","0","1","1","0"
"POINT (7.032215351000050 50.963793456000097)","Unfall 45118 (2022) Kat:3, Licht: 0","45118","3","6","2","08","15","6","","0","0","1","0","0"
"POINT (6.969336826000070 50.936671440000097)","Unfall 45140 (2022) Kat:3, Licht: 0","45140","3","3","5","08","09","5","","0","1","1","0","0"
"POINT (7.039643876000070 50.945510167000101)","Unfall 45152 (2022) Kat:3, Licht: 0","45152","3","6","2","07","08","6","","0","0","1","0","0"
"POINT (6.845940018000020 50.937650763000100)","Unfall 45162 (2022) Kat:3, Licht: 0","45162","3","3","5","07","07","4","","0","0","1","0","1"
"POINT (7.080872017000050 50.921847067000002)","Unfall 45164 (2022) Kat:3, Licht: 0","45164","3","6","2","07","13","5","","0","0","1","0","1"
"POINT (6.967052091000030 50.922355091999997)","Unfall 45170 (2022) Kat:3, Licht: 0","45170","3","1","0","08","15","3","","0","1","0","0","0"
"POINT (7.036790018000030 50.930843690000103)","Unfall 45194 (2022) Kat:3, Licht: 0","45194","3","6","2","08","15","5","","0","0","1","0","0"
"POINT (6.863143292000070 50.937770553000099)","Unfall 45207 (2022) Kat:3, Licht: 0","45207","3","1","0","08","18","3","","0","1","0","0","0"
"POINT (6.927566919000070 50.895843280000101)","Unfall 45240 (2022) Kat:3, Licht: 0","45240","3","2","4","08","14","6","","0","0","1","0","0"
"POINT (6.915838848000020 50.971105444000003)","Unfall 45264 (2022) Kat:3, Licht: 0","45264","3","2","5","07","19","4","","0","0","1","0","1"
"POINT (7.083498165000040 50.869512247999999)","Unfall 45274 (2022) Kat:3, Licht: 0","45274","3","3","5","08","08","6","","0","1","1","0","0"
"POINT (6.960134172000040 50.921261333000103)","Unfall 45329 (2022) Kat:3, Licht: 0","45329","3","5","0","08","16","3","","0","1","1","0","0"
"POINT (6.968659069000070 50.885609330000101)","Unfall 45358 (2022) Kat:3, Licht: 0","45358","3","6","2","08","13","4","","0","0","1","0","0"
"POINT (7.095253372000060 50.858711358999997)","Unfall 45383 (2022) Kat:3, Licht: 0","45383","3","6","0","08","08","5","","0","0","1","0","0"
"POINT (6.945365345000030 50.904494124000102)","Unfall 45386 (2022) Kat:3, Licht: 0","45386","3","1","0","08","08","7","","0","1","0","0","0"
"POINT (6.940088479000050 50.932334773000001)","Unfall 45390 (2022) Kat:3, Licht: 0","45390","3","5","0","08","12","5","","0","1","1","0","0"
"POINT (7.083746843000030 50.865229183000103)","Unfall 45393 (2022) Kat:3, Licht: 2","45393","3","7","0","08","22","2","","2","0","0","0","0"
"POINT (7.049867419000070 50.933731778999999)","Unfall 45424 (2022) Kat:3, Licht: 0","45424","3","6","2","08","10","2","","0","0","1","0","0"
"POINT (6.924521305000040 50.913067526000098)","Unfall 45435 (2022) Kat:3, Licht: 0","45435","3","6","0","08","17","5","","0","0","1","0","1"
"POINT (6.923163789000060 50.947136516999997)","Unfall 45444 (2022) Kat:3, Licht: 0","45444","3","1","3","08","09","4","","0","1","0","0","0"
"POINT (7.096656875000060 50.920190603000002)","Unfall 45446 (2022) Kat:3, Licht: 0","45446","3","2","4","08","14","4","","0","1","1","0","0"
"POINT (6.939457075000060 50.905493825000100)","Unfall 45450 (2022) Kat:3, Licht: 0","45450","3","3","5","08","17","6","","0","1","0","0","0"
"POINT (7.033222146000070 50.961173513000098)","Unfall 45481 (2022) Kat:2, Licht: 2","45481","2","7","2","08","22","5","","2","0","1","0","0"
"POINT (6.936423929000060 50.936504732000103)","Unfall 45489 (2022) Kat:3, Licht: 0","45489","3","3","2","08","06","3","","0","0","1","0","0"
"POINT (6.943477632000050 50.935799187999997)","Unfall 45500 (2022) Kat:2, Licht: 0","45500","2","4","6","08","14","7","","0","1","0","1","0"
"POINT (6.940176075000070 50.968231635000102)","Unfall 45508 (2022) Kat:3, Licht: 0","45508","3","3","5","08","08","6","","0","0","1","0","0"
"POINT (6.989373553000060 50.897457279999998)","Unfall 45532 (2022) Kat:2, Licht: 0","45532","2","1","0","08","13","4","","0","1","0","0","0"
"POINT (6.971485324000070 50.936795707999998)","Unfall 45566 (2022) Kat:3, Licht: 0","45566","3","7","0","08","13","5","","0","1","1","0","0"
"POINT (7.023947131000060 50.940277713999997)","Unfall 45569 (2022) Kat:3, Licht: 0","45569","3","5","1","08","09","7","","0","1","1","0","0"
"POINT (6.954402739000050 50.961418864000102)","Unfall 45576 (2022) Kat:3, Licht: 0","45576","3","5","3","08","09","2","","0","1","1","0","0"
"POINT (6.941669743000030 50.929329403000096)","Unfall 45590 (2022) Kat:3, Licht: 0","45590","3","2","0","08","13","5","","0","0","1","0","0"
"POINT (7.096515643000030 50.862232092000099)","Unfall 45593 (2022) Kat:3, Licht: 0","45593","3","6","2","08","17","2","","0","0","1","0","0"
"POINT (6.912800259000050 50.936787185000099)","Unfall 45620 (2022) Kat:3, Licht: 0","45620","3","2","5","08","19","5","","0","0","1","0","0"
"POINT (6.876042458000030 50.968141764000102)","Unfall 45629 (2022) Kat:3, Licht: 1","45629","3","4","6","08","06","4","","1","0","0","1","0"
"POINT (6.917756078000020 51.019374950000000)","Unfall 45630 (2022) Kat:3, Licht: 0","45630","3","2","4","08","12","4","","0","0","1","0","1"
"POINT (6.922083503000070 50.898992453000098)","Unfall 45633 (2022) Kat:2, Licht: 0","45633","2","2","5","08","14","2","","0","0","1","0","1"
"POINT (6.943531375000020 50.935927667999998)","Unfall 45645 (2022) Kat:3, Licht: 2","45645","3","5","1","08","02","1","","2","1","1","0","0"
"POINT (6.938060712000040 50.936475560000098)","Unfall 45650 (2022) Kat:3, Licht: 2","45650","3","1","0","08","01","6","","2","0","0","0","0"
"POINT (6.927601297000020 50.895833429000000)","Unfall 45658 (2022) Kat:3, Licht: 0","45658","3","2","5","08","10","1","","0","1","1","0","0"
"POINT (6.932806905000060 50.948597952999997)","Unfall 45673 (2022) Kat:3, Licht: 1","45673","3","6","2","08","18","5","","1","0","1","0","0"
"POINT (6.979981663000050 50.904417033000101)","Unfall 45716 (2022) Kat:3, Licht: 0","45716","3","6","2","08","09","2","","0","0","1","0","0"
"POINT (6.940009935000030 50.932515629000100)","Unfall 45731 (2022) Kat:2, Licht: 0","45731","2","1","8","08","12","2","","0","1","0","0","0"
"POINT (6.877221013000050 51.007565259000003)","Unfall 45740 (2022) Kat:3, Licht: 0","45740","3","6","2","08","14","4","","0","0","0","0","0"
"POINT (7.063431287000070 50.976149857000102)","Unfall 45772 (2022) Kat:3, Licht: 0","45772","3","5","0","08","08","3","","0","1","1","0","0"
"POINT (6.962665848000030 50.936149784000101)","Unfall 45773 (2022) Kat:3, Licht: 0","45773","3","6","0","08","18","6","","0","1","0","0","0"
"POINT (6.960852815000070 50.921389355000002)","Unfall 45777 (2022) Kat:3, Licht: 0","45777","3","5","1","08","13","6","","0","1","1","0","0"
"POINT (7.076612537000070 50.901639635000002)","Unfall 45793 (2022) Kat:3, Licht: 0","45793","3","2","5","08","08","6","","0","0","1","0","0"
"POINT (6.959632058000070 50.921216566000098)","Unfall 45819 (2022) Kat:3, Licht: 0","45819","3","6","4","08","19","7","","0","0","0","0","0"
"POINT (6.930121260000020 50.909163829000100)","Unfall 45827 (2022) Kat:2, Licht: 0","45827","2","1","8","08","15","5","","0","0","1","0","0"
"POINT (6.902224932000020 51.039424939000099)","Unfall 45833 (2022) Kat:3, Licht: 0","45833","3","1","0","08","14","3","","0","1","0","0","0"
"POINT (6.909847522000060 50.905261327000098)","Unfall 45860 (2022) Kat:3, Licht: 0","45860","3","6","2","08","15","4","","0","0","1","0","0"
"POINT (6.853442813000070 50.951627459000100)","Unfall 45861 (2022) Kat:3, Licht: 0","45861","3","6","2","08","13","6","","0","0","1","0","1"
"POINT (7.081324279000060 50.915253203000098)","Unfall 45878 (2022) Kat:2, Licht: 0","45878","2","7","4","08","12","4","","0","0","1","0","0"
"POINT (6.941857415000070 51.023615955000103)","Unfall 45880 (2022) Kat:3, Licht: 0","45880","3","6","2","08","15","5","","0","0","1","0","0"
"POINT (6.849646338000070 50.943101394999999)","Unfall 45885 (2022) Kat:3, Licht: 0","45885","3","6","2","08","08","6","","0","0","1","0","0"
"POINT (6.924937890000020 50.933613460000103)","Unfall 45888 (2022) Kat:3, Licht: 0","45888","3","6","4","08","18","3","","0","1","1","0","0"
"POINT (6.976600240000040 50.953893571000002)","Unfall 45907 (2022) Kat:2, Licht: 0","45907","2","6","2","08","17","5","","0","0","1","0","0"
"POINT (6.849646338000070 50.943101394999999)","Unfall 45922 (2022) Kat:3, Licht: 0","45922","3","6","2","08","13","6","","0","0","0","0","1"
"POINT (7.004725452000060 50.947123036000100)","Unfall 45932 (2022) Kat:3, Licht: 0","45932","3","6","2","08","18","7","","0","0","1","0","0"
"POINT (6.875867755000060 50.924161345000101)","Unfall 45939 (2022) Kat:3, Licht: 0","45939","3","2","6","08","08","6","","0","0","1","1","0"
"POINT (7.105792157000050 50.865257350000000)","Unfall 45961 (2022) Kat:2, Licht: 2","45961","2","1","0","08","23","7","","2","0","0","0","0"
"POINT (6.913044204000070 50.936946151000001)","Unfall 45968 (2022) Kat:3, Licht: 0","45968","3","7","3","08","09","2","","0","1","1","0","0"
"POINT (7.039993002000070 50.930748076000000)","Unfall 45976 (2022) Kat:3, Licht: 0","45976","3","6","2","08","14","6","","0","0","1","0","0"
"POINT (6.945200857000030 50.894129800000002)","Unfall 45982 (2022) Kat:3, Licht: 2","45982","3","1","0","08","23","5","","2","1","1","0","0"
"POINT (6.953561313000020 50.935037373000100)","Unfall 46016 (2022) Kat:3, Licht: 2","46016","3","3","4","08","23","7","","2","0","1","0","0"
"POINT (6.880953105000060 50.924623408000102)","Unfall 46019 (2022) Kat:3, Licht: 0","46019","3","1","0","08","13","4","","0","1","0","0","0"
"POINT (7.018853877000030 50.964213125000100)","Unfall 46020 (2022) Kat:3, Licht: 0","46020","3","1","0","08","15","5","","0","1","0","0","0"
"POINT (7.083498165000040 50.869512247999999)","Unfall 46033 (2022) Kat:3, Licht: 0","46033","3","3","5","08","13","7","","0","1","1","0","0"
"POINT (7.097459506000060 50.948126178999999)","Unfall 46054 (2022) Kat:3, Licht: 0","46054","3","6","2","08","17","5","","0","0","1","0","0"
"POINT (6.901441620000070 50.993740211999999)","Unfall 46069 (2022) Kat:3, Licht: 0","46069","3","2","0","08","18","3","","0","1","0","0","0"
"POINT (7.065251138000060 50.882881434000097)","Unfall 46074 (2022) Kat:3, Licht: 2","46074","3","1","0","08","02","1","","2","0","0","0","0"
"POINT (6.960307173000050 51.033710118000002)","Unfall 46077 (2022) Kat:3, Licht: 2","46077","3","1","8","08","21","4","","2","1","0","0","0"
"POINT (6.893064934000050 50.924857685000099)","Unfall 46083 (2022) Kat:3, Licht: 0","46083","3","6","2","08","11","6","","0","0","1","0","0"
"POINT (6.936416523000050 50.941772233999998)","Unfall 46086 (2022) Kat:3, Licht: 0","46086","3","2","5","08","08","4","","0","1","1","0","0"
"POINT (6.948997506000070 50.935437413999999)","Unfall 46113 (2022) Kat:3, Licht: 2","46113","3","3","5","08","22","7","","2","0","1","0","0"
"POINT (7.027841709000030 50.942679815000098)","Unfall 46115 (2022) Kat:3, Licht: 2","46115","3","6","1","08","04","4","","2","0","1","0","1"
"POINT (6.908319219000020 50.937123913999997)","Unfall 46119 (2022) Kat:3, Licht: 0","46119","3","4","6","08","08","2","","0","0","0","1","1"
"POINT (6.965705958000060 50.892761018999998)","Unfall 46132 (2022) Kat:3, Licht: 0","46132","3","3","5","08","13","1","","0","1","1","0","0"
"POINT (6.910875820000060 50.928605866000098)","Unfall 46154 (2022) Kat:3, Licht: 2","46154","3","1","0","08","01","7","","2","1","0","0","0"
"POINT (6.848810990000060 50.924741775000001)","Unfall 46164 (2022) Kat:3, Licht: 0","46164","3","6","3","08","15","5","","0","0","1","0","0"
"POINT (7.053835844000050 50.972715366000003)","Unfall 46170 (2022) Kat:3, Licht: 0","46170","3","7","0","08","18","6","","0","0","1","0","0"
"POINT (7.076913214000060 50.982299074000103)","Unfall 46177 (2022) Kat:2, Licht: 0","46177","2","6","0","08","15","3","","0","1","1","0","0"
"POINT (6.946421167000040 50.994616098999998)","Unfall 46199 (2022) Kat:3, Licht: 0","46199","3","2","2","08","15","4","","0","0","1","0","0"
"POINT (6.893862617000020 50.937238212000103)","Unfall 46200 (2022) Kat:3, Licht: 0","46200","3","7","6","08","11","5","","0","0","0","1","0"
"POINT (6.912856665000050 50.944994592999997)","Unfall 46203 (2022) Kat:3, Licht: 0","46203","3","2","0","08","07","2","","0","1","0","0","0"
"POINT (6.898385339000070 50.996018343999999)","Unfall 46206 (2022) Kat:3, Licht: 0","46206","3","6","1","08","16","6","","0","0","1","0","0"
"POINT (6.913779613000030 50.936755341000001)","Unfall 46210 (2022) Kat:3, Licht: 0","46210","3","6","9","08","13","6","","0","1","1","0","0"
"POINT (6.919910406000040 50.936610115000100)","Unfall 46216 (2022) Kat:3, Licht: 0","46216","3","1","0","08","16","5","","0","1","0","0","0"
"POINT (6.938866441000070 50.967938880000098)","Unfall 46218 (2022) Kat:3, Licht: 0","46218","3","2","2","08","12","2","","0","1","0","0","0"
"POINT (6.933356116000030 50.943338416000103)","Unfall 46253 (2022) Kat:3, Licht: 2","46253","3","6","0","08","21","7","","2","1","0","0","0"
"POINT (6.935419250000050 50.877406548000103)","Unfall 46257 (2022) Kat:3, Licht: 0","46257","3","6","1","08","13","5","","0","0","1","0","0"
"POINT (7.079023023000050 50.923427853000099)","Unfall 46260 (2022) Kat:3, Licht: 0","46260","3","5","1","08","14","2","","0","0","1","0","1"
"POINT (7.099475113000040 50.908556921000098)","Unfall 46261 (2022) Kat:3, Licht: 0","46261","3","6","2","08","08","5","","0","0","1","0","0"
"POINT (7.045919488000040 50.937468602000102)","Unfall 46262 (2022) Kat:3, Licht: 0","46262","3","3","3","08","16","3","","0","0","1","0","0"
"POINT (7.073318613000030 50.946018197999997)","Unfall 46266 (2022) Kat:3, Licht: 0","46266","3","1","0","08","09","4","","0","1","0","0","0"
"POINT (7.103662725000050 50.887275411000097)","Unfall 46311 (2022) Kat:2, Licht: 0","46311","2","7","3","08","11","7","","0","0","1","0","1"
"POINT (6.934360815000050 50.922485055999999)","Unfall 46320 (2022) Kat:3, Licht: 0","46320","3","2","5","08","15","5","","0","0","1","0","0"
"POINT (6.871668731000060 50.976338319000000)","Unfall 46321 (2022) Kat:3, Licht: 0","46321","3","3","5","08","08","6","","0","0","1","0","0"
"POINT (7.042411185000050 50.927874951000000)","Unfall 46326 (2022) Kat:3, Licht: 0","46326","3","4","6","08","07","3","","0","0","1","1","0"
"POINT (7.030193091000060 50.966504116000102)","Unfall 46339 (2022) Kat:3, Licht: 2","46339","3","1","0","08","01","7","","2","1","1","0","0"
"POINT (6.924114981000060 50.946735300000100)","Unfall 46368 (2022) Kat:2, Licht: 0","46368","2","1","0","08","15","7","","0","1","0","0","0"
"POINT (7.076473838000030 50.945119201000097)","Unfall 46372 (2022) Kat:3, Licht: 2","46372","3","2","5","08","21","5","","2","1","1","0","0"
"POINT (7.015888052000040 50.963600789000097)","Unfall 46375 (2022) Kat:3, Licht: 0","46375","3","6","1","08","16","2","","0","0","1","0","1"
"POINT (6.945592727000080 50.904629815000099)","Unfall 46410 (2022) Kat:3, Licht: 2","46410","3","1","0","08","00","6","","2","0","0","0","0"
"POINT (6.862069659000040 50.987768942999999)","Unfall 46411 (2022) Kat:2, Licht: 0","46411","2","6","2","08","12","4","","0","0","1","0","1"
"POINT (6.895482170000040 50.914577290000103)","Unfall 46456 (2022) Kat:3, Licht: 0","46456","3","7","0","08","11","5","","0","1","0","1","0"
"POINT (6.860344931000040 51.069667762000101)","Unfall 46469 (2022) Kat:2, Licht: 0","46469","2","1","0","08","09","4","","0","1","0","0","0"
"POINT (6.976501150000050 50.842891813999998)","Unfall 46500 (2022) Kat:2, Licht: 0","46500","2","1","8","08","06","5","","0","0","0","0","0"
"POINT (7.002365344000050 50.937867175000100)","Unfall 46504 (2022) Kat:3, Licht: 0","46504","3","6","3","08","11","4","","0","0","1","0","0"
"POINT (6.985394090000060 50.930268345000101)","Unfall 46508 (2022) Kat:2, Licht: 0","46508","2","1","8","08","14","7","","0","0","1","0","0"
"POINT (6.842135119000030 50.938140899000103)","Unfall 46518 (2022) Kat:3, Licht: 0","46518","3","7","0","08","07","6","","0","1","1","0","0"
"POINT (6.935288951000080 50.950880247999997)","Unfall 46529 (2022) Kat:3, Licht: 0","46529","3","3","5","08","11","5","","0","0","1","0","0"
"POINT (6.956648847000050 50.955277274000103)","Unfall 46545 (2022) Kat:3, Licht: 0","46545","3","2","3","08","17","5","","0","1","1","0","0"
"POINT (7.026528121000070 50.950585365000101)","Unfall 46552 (2022) Kat:3, Licht: 0","46552","3","6","2","08","18","5","","0","0","1","0","0"
"POINT (6.902442224000030 50.977518711000101)","Unfall 46555 (2022) Kat:3, Licht: 0","46555","3","3","0","08","07","2","","0","1","1","0","0"
"POINT (6.916619982000040 50.950258884000000)","Unfall 46574 (2022) Kat:3, Licht: 2","46574","3","3","5","08","00","7","","2","0","1","0","1"
"POINT (6.929535773000050 50.926253860000003)","Unfall 46612 (2022) Kat:3, Licht: 0","46612","3","6","2","08","15","2","","0","0","1","0","0"
"POINT (7.056569882000080 50.892083818000103)","Unfall 46618 (2022) Kat:3, Licht: 0","46618","3","3","3","09","09","5","","0","0","1","0","1"
"POINT (6.978682229000070 50.939527686000098)","Unfall 46624 (2022) Kat:3, Licht: 0","46624","3","1","8","08","18","3","","0","1","0","0","0"
"POINT (6.893092739000050 50.997694667000097)","Unfall 46630 (2022) Kat:3, Licht: 1","46630","3","6","2","08","06","4","","1","0","0","0","0"
"POINT (6.887013350000070 50.932540565000103)","Unfall 46652 (2022) Kat:2, Licht: 0","46652","2","6","2","09","12","7","","0","0","1","0","0"
"POINT (6.854318352000060 51.055254871999999)","Unfall 46669 (2022) Kat:3, Licht: 1","46669","3","3","5","09","18","3","","1","0","1","0","1"
"POINT (6.924967370000050 50.933560300000103)","Unfall 46699 (2022) Kat:2, Licht: 2","46699","2","2","3","08","22","3","","2","0","1","0","0"
"POINT (7.034998008000060 50.591141933000102)","Unfall 46703 (2022) Kat:3, Licht: 0","46703","3","6","2","09","18","6","","0","0","1","0","0"
"POINT (6.928369785000030 50.863770671000097)","Unfall 46725 (2022) Kat:3, Licht: 0","46725","3","6","2","09","13","7","","0","0","1","0","0"
"POINT (6.894426658000040 50.994706862000001)","Unfall 46730 (2022) Kat:3, Licht: 0","46730","3","6","3","09","18","6","","0","0","1","0","0"
"POINT (6.916334177000070 50.949666858000100)","Unfall 46755 (2022) Kat:3, Licht: 0","46755","3","7","0","09","18","4","","0","1","0","1","0"
"POINT (7.103696876000070 50.946385538000101)","Unfall 46757 (2022) Kat:3, Licht: 0","46757","3","6","2","09","08","2","","0","0","1","0","0"
"POINT (7.095255463000060 50.858711460000102)","Unfall 46774 (2022) Kat:3, Licht: 0","46774","3","6","2","09","15","4","","0","0","1","0","0"
"POINT (7.055552848000050 50.912533199999999)","Unfall 46793 (2022) Kat:3, Licht: 0","46793","3","6","1","09","12","5","","0","0","1","0","0"
"POINT (6.829234615000080 50.948457353999999)","Unfall 46804 (2022) Kat:3, Licht: 0","46804","3","5","1","08","17","2","","0","1","1","0","0"
"POINT (6.927346704000060 50.915421463000001)","Unfall 46834 (2022) Kat:3, Licht: 0","46834","3","4","6","09","17","6","","0","0","1","1","0"
"POINT (6.875544355000050 50.968300862000000)","Unfall 46859 (2022) Kat:3, Licht: 0","46859","3","6","3","08","13","2","","0","1","0","0","0"
"POINT (7.054053750000040 50.907454874999999)","Unfall 46870 (2022) Kat:3, Licht: 0","46870","3","6","2","09","08","5","","0","0","1","0","0"
"POINT (7.040928085000080 50.929678228000100)","Unfall 46884 (2022) Kat:2, Licht: 0","46884","2","6","3","09","12","6","","0","0","1","0","0"
"POINT (6.903246752000030 50.937028109000003)","Unfall 46923 (2022) Kat:3, Licht: 0","46923","3","6","0","08","14","2","","0","1","0","0","0"
"POINT (6.913154774000020 50.936775877000102)","Unfall 46942 (2022) Kat:3, Licht: 0","46942","3","2","3","09","10","5","","0","0","1","0","0"
"POINT (6.989393402000080 50.883912748999997)","Unfall 46946 (2022) Kat:2, Licht: 2","46946","2","1","0","09","02","1","","2","0","0","0","0"
"POINT (7.083754181000070 50.863036348000001)","Unfall 46968 (2022) Kat:3, Licht: 0","46968","3","6","6","09","07","4","","0","1","0","1","0"
"POINT (7.011565748000070 50.970977090000098)","Unfall 46969 (2022) Kat:3, Licht: 0","46969","3","3","5","08","08","3","","0","0","1","0","0"
"POINT (7.084044516000060 50.863106129000101)","Unfall 46975 (2022) Kat:3, Licht: 0","46975","3","3","5","08","13","4","","0","1","1","0","0"
"POINT (6.865993252000070 51.067216952000102)","Unfall 46985 (2022) Kat:3, Licht: 0","46985","3","5","1","09","17","2","","0","1","1","0","0"
"POINT (6.963687349000050 50.921668512000103)","Unfall 47000 (2022) Kat:3, Licht: 0","47000","3","3","5","09","19","6","","0","1","0","0","0"
"POINT (7.049256035000040 50.871336597000003)","Unfall 47009 (2022) Kat:3, Licht: 0","47009","3","6","4","08","11","1","","0","0","1","0","1"
"POINT (6.932516210000070 50.908120373000003)","Unfall 47020 (2022) Kat:2, Licht: 0","47020","2","1","0","09","11","1","","0","1","0","0","0"
"POINT (6.989268314000070 50.898448007000098)","Unfall 47021 (2022) Kat:3, Licht: 0","47021","3","6","2","09","16","4","","0","0","1","0","0"
"POINT (6.898490220000040 50.937136185999996)","Unfall 47053 (2022) Kat:3, Licht: 0","47053","3","5","1","09","09","6","","0","0","1","0","1"
"POINT (6.896635702000030 50.994803879000102)","Unfall 47067 (2022) Kat:2, Licht: 0","47067","2","1","9","09","13","7","","0","0","0","0","1"
"POINT (7.019039049000070 50.915262054999999)","Unfall 47070 (2022) Kat:3, Licht: 0","47070","3","6","2","08","11","2","","0","0","1","0","0"
"POINT (6.869323747000070 50.968872372000099)","Unfall 47112 (2022) Kat:3, Licht: 0","47112","3","3","0","09","08","5","","0","1","1","0","0"
"POINT (6.926597382000070 50.942687522000000)","Unfall 47168 (2022) Kat:2, Licht: 0","47168","2","3","5","09","15","1","","0","1","1","0","0"
"POINT (6.960333704000050 50.921296879000103)","Unfall 47171 (2022) Kat:3, Licht: 0","47171","3","5","2","09","09","2","","0","1","1","1","0"
"POINT (6.830460845000060 50.961680865000098)","Unfall 47181 (2022) Kat:3, Licht: 0","47181","3","3","5","09","11","7","","0","0","1","0","1"
"POINT (7.096794347000070 50.917274081000102)","Unfall 47188 (2022) Kat:3, Licht: 0","47188","3","6","2","09","11","5","","0","0","1","0","0"
"POINT (6.855135875000030 50.983300664000097)","Unfall 47203 (2022) Kat:2, Licht: 0","47203","2","1","9","09","12","5","","0","0","0","0","1"
"POINT (7.062909075000050 50.905194865000098)","Unfall 47211 (2022) Kat:3, Licht: 2","47211","3","2","5","08","21","1","","2","0","1","0","0"
"POINT (6.922576952000040 50.912961137000103)","Unfall 47214 (2022) Kat:3, Licht: 1","47214","3","2","5","09","20","3","","1","1","1","0","0"
"POINT (6.947126714000040 50.993745048999997)","Unfall 47239 (2022) Kat:2, Licht: 0","47239","2","1","8","08","19","2","","0","0","0","0","1"
"POINT (7.058065648000020 50.882452434000101)","Unfall 47240 (2022) Kat:3, Licht: 0","47240","3","6","4","09","12","3","","0","0","1","0","0"
"POINT (6.924824160000070 50.911696785000103)","Unfall 47243 (2022) Kat:3, Licht: 1","47243","3","1","8","09","19","5","","1","0","0","0","0"
"POINT (6.962654895000070 50.943038027999997)","Unfall 47253 (2022) Kat:3, Licht: 0","47253","3","6","3","08","17","2","","0","0","1","0","0"
"POINT (6.936907492000050 50.952076413999997)","Unfall 47277 (2022) Kat:3, Licht: 0","47277","3","1","0","08","17","2","","0","1","0","0","0"
"POINT (6.943801865000070 50.904687916999997)","Unfall 47286 (2022) Kat:2, Licht: 2","47286","2","1","9","09","03","1","","2","0","0","0","0"