WKT,Name,OBJECTID,UKATEGORIE,UTYP1,UART,UMONAT,USTUNDE,UWOCHENTAG,STRZUSTAND,ULICHTVERH,ISTRAD,ISTPKW,ISTFUSS,ISTKRAD
"POINT (7.080992150000040 50.854841686000000)","Unfall 47314 (2022) Kat:3, Licht: 0","47314","3","1","8","09","13","7","","0","1","0","0","0"
"POINT (6.953266578000070 50.883832520000098)","Unfall 47317 (2022) Kat:3, Licht: 0","47317","3","6","3","08","16","2","","0","0","1","0","0"
"POINT (6.936416523000050 50.941772233999998)","Unfall 47335 (2022) Kat:3, Licht: 2","47335","3","1","0","09","01","5","","2","0","0","0","0"
"POINT (6.955036815000030 51.002614426000001)","Unfall 47345 (2022) Kat:3, Licht: 0","47345","3","7","0","09","13","6","","0","0","1","0","0"
"POINT (6.931328408000070 50.922759203000098)","Unfall 47362 (2022) Kat:3, Licht: 2","47362","3","7","0","09","23","4","","2","1","0","0","0"
"POINT (7.010211738000070 50.958206857000100)","Unfall 47367 (2022) Kat:3, Licht: 0","47367","3","1","0","09","10","6","","0","0","0","0","0"
"POINT (6.917552504000070 50.949653890999997)","Unfall 47389 (2022) Kat:3, Licht: 0","47389","3","7","2","09","12","7","","0","1","0","0","0"
"POINT (6.937363563000080 50.925123608000000)","Unfall 47396 (2022) Kat:3, Licht: 0","47396","3","4","6","09","14","5","","0","0","1","1","0"
"POINT (6.932621428000060 50.936560968000002)","Unfall 47402 (2022) Kat:3, Licht: 0","47402","3","6","3","08","09","3","","0","1","1","0","0"
"POINT (6.921549276000060 51.015996407000003)","Unfall 47407 (2022) Kat:3, Licht: 1","47407","3","1","0","09","20","3","","1","1","0","0","0"
"POINT (7.083341857000050 50.872126116000103)","Unfall 47409 (2022) Kat:3, Licht: 0","47409","3","2","0","08","08","4","","0","0","1","0","1"
"POINT (6.993251849000050 51.011189528000003)","Unfall 47412 (2022) Kat:2, Licht: 0","47412","2","3","5","09","17","5","","0","0","0","0","1"
"POINT (7.022061050000050 50.920623142000103)","Unfall 47434 (2022) Kat:3, Licht: 0","47434","3","6","5","09","11","5","","0","0","1","0","1"
"POINT (7.042132531000050 50.929687753000103)","Unfall 47447 (2022) Kat:3, Licht: 0","47447","3","4","6","09","13","6","","0","0","1","1","0"
"POINT (6.935550864000050 50.907090406000101)","Unfall 47468 (2022) Kat:3, Licht: 0","47468","3","6","3","09","09","6","","0","1","0","0","0"
"POINT (6.940343968000040 50.942160348000101)","Unfall 47478 (2022) Kat:3, Licht: 0","47478","3","6","4","08","16","1","","0","1","0","0","0"
"POINT (6.940097048000040 50.968477677000102)","Unfall 47482 (2022) Kat:3, Licht: 0","47482","3","1","0","08","09","4","","0","0","0","0","0"
"POINT (6.855187368000030 50.951779209999998)","Unfall 47510 (2022) Kat:3, Licht: 0","47510","3","3","5","09","08","5","","0","0","1","0","1"
"POINT (6.962633216000030 50.938254407000002)","Unfall 47518 (2022) Kat:3, Licht: 0","47518","3","6","4","08","16","1","","0","1","0","0","0"
"POINT (6.939160369000040 50.930326663000102)","Unfall 47520 (2022) Kat:3, Licht: 2","47520","3","6","3","08","22","2","","2","0","1","0","1"
"POINT (6.929943175000060 50.925184785000098)","Unfall 47553 (2022) Kat:3, Licht: 0","47553","3","2","3","08","18","3","","0","1","1","0","0"
"POINT (6.927909414000060 50.945186409000002)","Unfall 47558 (2022) Kat:3, Licht: 0","47558","3","7","3","09","13","3","","0","1","0","0","0"
"POINT (6.928623899000060 50.855568214000101)","Unfall 47580 (2022) Kat:3, Licht: 1","47580","3","2","4","09","18","7","","1","1","1","0","0"
"POINT (7.018338177000030 50.933505394000100)","Unfall 47602 (2022) Kat:3, Licht: 1","47602","3","2","5","09","08","5","","1","1","1","0","0"
"POINT (6.985099351000030 50.920557510999998)","Unfall 47608 (2022) Kat:3, Licht: 1","47608","3","2","5","08","21","3","","1","1","1","0","0"
"POINT (7.007005428000070 50.970386710000099)","Unfall 47634 (2022) Kat:3, Licht: 0","47634","3","6","1","09","21","7","","0","0","1","0","0"
"POINT (7.010336468000050 50.938023281000000)","Unfall 47638 (2022) Kat:3, Licht: 0","47638","3","7","0","09","16","3","","0","1","0","0","0"
"POINT (7.033247858000040 50.938625898000097)","Unfall 47641 (2022) Kat:3, Licht: 0","47641","3","3","5","09","17","5","","0","1","1","0","0"
"POINT (6.967905386000040 50.920680486999998)","Unfall 47672 (2022) Kat:3, Licht: 0","47672","3","3","5","08","12","2","","0","0","1","0","0"
"POINT (6.904978689000070 50.936991442000100)","Unfall 47687 (2022) Kat:2, Licht: 0","47687","2","6","3","09","12","6","","0","1","0","0","0"
"POINT (7.052293029000050 50.978110237000102)","Unfall 47701 (2022) Kat:3, Licht: 0","47701","3","3","5","09","09","5","","0","1","1","0","0"
"POINT (6.928891382000070 50.944876126000104)","Unfall 47717 (2022) Kat:3, Licht: 0","47717","3","6","3","09","17","5","","0","1","1","0","0"
"POINT (6.948924553000040 50.935458605000100)","Unfall 47723 (2022) Kat:3, Licht: 0","47723","3","3","5","08","13","3","","0","1","0","0","0"
"POINT (6.893064934000050 50.924857685000099)","Unfall 47728 (2022) Kat:3, Licht: 2","47728","3","1","0","09","22","3","","2","1","0","0","0"
"POINT (7.081212619000040 50.916623029000000)","Unfall 47730 (2022) Kat:3, Licht: 0","47730","3","3","5","08","16","4","","0","1","1","0","0"
"POINT (6.966395602000030 50.846364448000003)","Unfall 47748 (2022) Kat:2, Licht: 2","47748","2","1","9","08","22","4","","2","0","1","0","0"
"POINT (6.881249903000030 50.966447680000002)","Unfall 47756 (2022) Kat:3, Licht: 0","47756","3","2","5","09","16","4","","0","0","1","0","0"
"POINT (7.031518636000040 50.966461862000102)","Unfall 47760 (2022) Kat:3, Licht: 0","47760","3","1","3","09","19","6","","0","0","0","0","1"
"POINT (7.054097357000050 50.907613746000003)","Unfall 47791 (2022) Kat:3, Licht: 0","47791","3","6","2","09","15","6","","0","0","1","0","0"
"POINT (7.060150670000040 50.927763612000000)","Unfall 47793 (2022) Kat:3, Licht: 1","47793","3","3","5","09","06","5","","1","0","1","0","0"
"POINT (7.001558181000060 50.962389534000103)","Unfall 47801 (2022) Kat:3, Licht: 0","47801","3","6","4","08","16","1","","0","1","0","0","0"
"POINT (7.007413993000060 50.968019400000102)","Unfall 47805 (2022) Kat:3, Licht: 0","47805","3","6","0","08","07","4","","0","0","1","0","1"
"POINT (7.076574194000050 50.901605926000101)","Unfall 47827 (2022) Kat:3, Licht: 0","47827","3","7","3","09","13","7","","0","0","1","0","1"
"POINT (6.926482506000070 50.860386274000099)","Unfall 47839 (2022) Kat:3, Licht: 0","47839","3","7","0","09","17","2","","0","0","0","0","1"
"POINT (7.012231700000030 50.993522717000097)","Unfall 47866 (2022) Kat:3, Licht: 0","47866","3","6","2","08","16","2","","0","0","1","0","0"
"POINT (6.880322718000060 50.937815426000000)","Unfall 47884 (2022) Kat:3, Licht: 0","47884","3","3","5","08","14","4","","0","1","1","0","0"
"POINT (6.898739615000070 50.937130623000002)","Unfall 47912 (2022) Kat:3, Licht: 2","47912","3","6","2","09","21","5","","2","0","1","0","0"
"POINT (6.916954125000070 50.950040789000099)","Unfall 47926 (2022) Kat:3, Licht: 2","47926","3","1","0","09","21","5","","2","1","0","0","0"
"POINT (6.909234812000020 51.006443223000097)","Unfall 47937 (2022) Kat:3, Licht: 0","47937","3","6","2","08","16","4","","0","0","1","0","0"
"POINT (6.856401554000060 50.984380281000000)","Unfall 47985 (2022) Kat:3, Licht: 0","47985","3","6","2","09","13","6","","0","0","1","0","0"
"POINT (7.103606483000020 50.859031256999998)","Unfall 47994 (2022) Kat:3, Licht: 0","47994","3","5","1","08","10","1","","0","1","1","0","0"
"POINT (6.930492895000040 50.924752145000099)","Unfall 48002 (2022) Kat:3, Licht: 2","48002","3","1","0","09","21","5","","2","0","0","0","1"
"POINT (7.096676496000040 50.861475960000099)","Unfall 48007 (2022) Kat:3, Licht: 0","48007","3","6","2","09","08","4","","0","0","1","0","0"
"POINT (6.999307848000060 50.989448606000103)","Unfall 48011 (2022) Kat:3, Licht: 2","48011","3","3","5","09","00","2","","2","0","1","0","0"
"POINT (7.002089638000030 50.937825785000001)","Unfall 48057 (2022) Kat:3, Licht: 0","48057","3","5","1","09","16","3","","0","1","1","0","0"
"POINT (6.977668407000070 50.935039640000099)","Unfall 48066 (2022) Kat:3, Licht: 0","48066","3","6","3","08","08","3","","0","1","1","0","0"
"POINT (6.921169042000030 51.015969579000100)","Unfall 48071 (2022) Kat:3, Licht: 2","48071","3","3","5","09","20","3","","2","1","1","0","0"
"POINT (7.083860957000070 50.942641665000103)","Unfall 48083 (2022) Kat:3, Licht: 0","48083","3","1","0","09","11","6","","0","1","0","0","0"
"POINT (7.057344964000040 50.893593268000103)","Unfall 48110 (2022) Kat:3, Licht: 0","48110","3","6","6","09","14","3","","0","1","0","1","0"
"POINT (7.013080247000060 50.973961629000001)","Unfall 48120 (2022) Kat:3, Licht: 0","48120","3","3","5","08","10","3","","0","0","1","0","0"
"POINT (6.851027366000040 50.969576743000097)","Unfall 48127 (2022) Kat:3, Licht: 0","48127","3","6","2","08","07","4","","0","0","1","0","0"
"POINT (6.999610426000060 50.924668844999999)","Unfall 48135 (2022) Kat:3, Licht: 0","48135","3","3","3","09","15","6","","0","0","1","0","0"
"POINT (7.051611631000070 50.932304541000100)","Unfall 48143 (2022) Kat:3, Licht: 0","48143","3","6","2","08","18","3","","0","0","1","0","0"
"POINT (7.047122575000060 50.929837352000000)","Unfall 48145 (2022) Kat:3, Licht: 1","48145","3","6","2","08","21","1","","1","0","1","0","1"
"POINT (7.080441898000060 50.854608198000101)","Unfall 48202 (2022) Kat:3, Licht: 2","48202","3","6","2","09","21","3","","2","0","1","0","0"
"POINT (7.001147452000050 50.937738893000102)","Unfall 48227 (2022) Kat:3, Licht: 0","48227","3","4","6","09","12","3","","0","0","1","1","0"
"POINT (6.948417259000050 50.893988886999999)","Unfall 48248 (2022) Kat:3, Licht: 2","48248","3","6","2","09","22","6","","2","0","0","0","1"
"POINT (6.963665232000040 50.926910860000099)","Unfall 48266 (2022) Kat:2, Licht: 1","48266","2","4","0","09","06","5","","1","0","1","1","0"
"POINT (6.978909757000050 50.939749536000100)","Unfall 48289 (2022) Kat:3, Licht: 0","48289","3","1","0","09","15","1","","0","1","0","0","0"
"POINT (6.981306720000020 50.942764182000097)","Unfall 48315 (2022) Kat:2, Licht: 2","48315","2","1","0","09","03","7","","2","0","0","0","0"
"POINT (7.024136082000040 50.932648063999999)","Unfall 48325 (2022) Kat:3, Licht: 0","48325","3","7","1","09","11","5","","0","0","0","0","1"
"POINT (6.945823211000060 50.935767027000097)","Unfall 48332 (2022) Kat:2, Licht: 0","48332","2","3","5","09","17","4","","0","1","1","0","0"
"POINT (7.059028403000070 50.944603728000097)","Unfall 48350 (2022) Kat:3, Licht: 0","48350","3","6","2","09","10","3","","0","0","1","0","0"
"POINT (7.023927526000020 50.981349050000098)","Unfall 48374 (2022) Kat:3, Licht: 2","48374","3","6","2","09","01","1","","2","0","1","0","0"
"POINT (6.979184913000040 50.939466944999999)","Unfall 48405 (2022) Kat:3, Licht: 1","48405","3","6","3","09","18","1","","1","0","1","0","0"
"POINT (6.924937890000020 50.933613460000103)","Unfall 48408 (2022) Kat:3, Licht: 2","48408","3","1","0","09","01","7","","2","1","0","0","0"
"POINT (6.999568705000060 50.883638288000000)","Unfall 48422 (2022) Kat:3, Licht: 0","48422","3","7","3","09","09","6","","0","0","1","0","1"
"POINT (6.927432946000070 50.945349800000002)","Unfall 48426 (2022) Kat:3, Licht: 0","48426","3","7","5","09","07","4","","0","1","1","0","0"
"POINT (6.953649172000040 50.964875447000097)","Unfall 48427 (2022) Kat:3, Licht: 0","48427","3","5","3","09","15","2","","0","1","1","0","0"
"POINT (6.938981978000070 50.936412873000101)","Unfall 48438 (2022) Kat:3, Licht: 0","48438","3","3","5","10","14","7","","0","0","1","0","0"
"POINT (6.955079342000030 51.019454446000097)","Unfall 48470 (2022) Kat:3, Licht: 2","48470","3","3","5","09","05","1","","2","1","0","0","0"
"POINT (6.912733230000070 50.901607015000103)","Unfall 48475 (2022) Kat:3, Licht: 0","48475","3","6","2","09","17","2","","0","0","1","0","1"
"POINT (6.958082222000030 50.935429700000000)","Unfall 48477 (2022) Kat:3, Licht: 2","48477","3","1","0","09","23","2","","2","0","0","0","0"
"POINT (6.949671351000060 50.955452008000101)","Unfall 48494 (2022) Kat:1, Licht: 0","48494","1","3","5","09","08","5","","0","1","0","0","1"
"POINT (6.930575729000050 50.918824284000003)","Unfall 48501 (2022) Kat:3, Licht: 0","48501","3","6","2","09","15","6","","0","1","1","0","0"
"POINT (6.920870447000030 50.914072691000101)","Unfall 48503 (2022) Kat:3, Licht: 0","48503","3","2","5","09","16","6","","0","1","1","0","0"
"POINT (6.947949112000060 50.954810699000099)","Unfall 48514 (2022) Kat:3, Licht: 0","48514","3","3","5","09","16","5","","0","1","1","0","0"
"POINT (7.077911149000040 50.893652293999999)","Unfall 48519 (2022) Kat:3, Licht: 0","48519","3","2","6","09","18","5","","0","0","1","1","0"
"POINT (7.030687377000050 50.967816798999998)","Unfall 48530 (2022) Kat:2, Licht: 0","48530","2","6","3","09","13","4","","0","0","1","0","0"
"POINT (7.078374811000060 50.881097813000103)","Unfall 48543 (2022) Kat:3, Licht: 0","48543","3","2","4","09","14","5","","0","1","1","0","0"
"POINT (6.945698527000050 50.890937422000000)","Unfall 48545 (2022) Kat:2, Licht: 2","48545","2","1","9","09","01","3","","2","0","1","0","0"
"POINT (6.844240679000050 50.917822948999998)","Unfall 48546 (2022) Kat:3, Licht: 0","48546","3","6","2","09","12","3","","0","0","1","0","0"
"POINT (7.005615882000030 50.964406900000000)","Unfall 48555 (2022) Kat:3, Licht: 0","48555","3","3","5","09","11","7","","0","1","1","0","0"
"POINT (6.848210219000070 50.930650795000098)","Unfall 48577 (2022) Kat:2, Licht: 0","48577","2","3","3","09","14","2","","0","0","1","0","0"
"POINT (6.910612601000030 50.939715057999997)","Unfall 48579 (2022) Kat:3, Licht: 0","48579","3","2","2","09","11","2","","0","0","1","0","0"
"POINT (6.912233394000050 50.906543177000103)","Unfall 48586 (2022) Kat:3, Licht: 0","48586","3","1","0","09","15","3","","0","1","0","0","0"
"POINT (6.971683200000030 50.892739108000100)","Unfall 48590 (2022) Kat:3, Licht: 0","48590","3","6","3","09","19","4","","0","0","1","0","0"
"POINT (7.040928085000080 50.929678228000100)","Unfall 48592 (2022) Kat:3, Licht: 0","48592","3","6","2","09","15","5","","0","0","1","0","0"
"POINT (6.924782542000060 50.936867936000098)","Unfall 48624 (2022) Kat:2, Licht: 1","48624","2","3","0","09","17","5","","1","1","1","0","0"
"POINT (6.940302475000070 50.884703094000002)","Unfall 48660 (2022) Kat:3, Licht: 0","48660","3","6","4","09","18","3","","0","1","0","0","0"
"POINT (7.081499956000070 50.946203615000101)","Unfall 48692 (2022) Kat:3, Licht: 0","48692","3","1","0","09","12","4","","0","1","0","0","0"
"POINT (6.875867755000060 50.924161345000101)","Unfall 48702 (2022) Kat:3, Licht: 0","48702","3","6","2","09","16","7","","0","0","1","0","0"
"POINT (6.864835607000030 51.067831167000101)","Unfall 48709 (2022) Kat:3, Licht: 0","48709","3","7","0","09","16","1","","0","1","0","0","0"
"POINT (7.095096084000030 50.881565078000101)","Unfall 48722 (2022) Kat:3, Licht: 2","48722","3","2","5","09","20","6","","2","1","1","0","0"
"POINT (6.864652680000060 50.952576379999996)","Unfall 48738 (2022) Kat:3, Licht: 0","48738","3","6","4","10","17","7","","0","0","1","0","1"
"POINT (7.157493022000040 50.874079320000099)","Unfall 48766 (2022) Kat:2, Licht: 2","48766","2","1","8","09","20","5","","2","0","0","0","1"
"POINT (6.923676395000030 50.912257560999997)","Unfall 48779 (2022) Kat:3, Licht: 0","48779","3","2","3","09","13","6","","0","1","1","0","0"
"POINT (6.932806905000060 50.948597952999997)","Unfall 48785 (2022) Kat:3, Licht: 0","48785","3","7","1","09","18","5","","0","1","1","0","0"
"POINT (6.910667059000050 50.939766452000100)","Unfall 48796 (2022) Kat:3, Licht: 0","48796","3","2","5","09","06","3","","0","0","1","0","0"
"POINT (7.050538547000030 50.907603473999998)","Unfall 48810 (2022) Kat:3, Licht: 0","48810","3","6","2","09","16","6","","0","0","1","0","0"
"POINT (7.005861123000050 50.964642181999999)","Unfall 48811 (2022) Kat:3, Licht: 0","48811","3","2","2","09","16","3","","0","0","1","0","0"
"POINT (6.990263590000040 50.891646256999998)","Unfall 48834 (2022) Kat:3, Licht: 0","48834","3","3","5","09","08","6","","0","1","1","0","0"
"POINT (6.946676283000040 50.995408314000002)","Unfall 48840 (2022) Kat:2, Licht: 0","48840","2","1","0","09","11","7","","0","0","0","0","1"
"POINT (7.070499089000070 50.909520412000099)","Unfall 48861 (2022) Kat:3, Licht: 0","48861","3","2","5","09","08","2","","0","1","1","0","0"
"POINT (6.998819729000050 50.912858460999999)","Unfall 48883 (2022) Kat:3, Licht: 0","48883","3","6","2","09","15","5","","0","0","1","0","0"
"POINT (6.837546757000040 50.967327374000000)","Unfall 48895 (2022) Kat:3, Licht: 0","48895","3","2","2","09","16","2","","0","1","1","0","0"
"POINT (7.039643876000070 50.945510167000101)","Unfall 48950 (2022) Kat:3, Licht: 0","48950","3","6","2","09","14","1","","0","0","1","0","0"
"POINT (6.962817737000020 50.932517738999998)","Unfall 48956 (2022) Kat:3, Licht: 2","48956","3","3","5","10","20","7","","2","0","1","0","0"
"POINT (7.064811454000050 50.972110129000001)","Unfall 48961 (2022) Kat:3, Licht: 0","48961","3","3","5","09","07","3","","0","1","1","0","0"
"POINT (6.939276047000020 50.937967878999999)","Unfall 48990 (2022) Kat:2, Licht: 2","48990","2","1","0","09","03","5","","2","0","0","0","0"
"POINT (6.939971669000040 50.940549875000002)","Unfall 49002 (2022) Kat:3, Licht: 2","49002","3","6","5","09","20","2","","2","0","1","0","0"
"POINT (6.953836873000060 50.963944044000101)","Unfall 49003 (2022) Kat:3, Licht: 0","49003","3","7","3","09","17","5","","0","1","1","0","0"
"POINT (6.940356307000060 50.942759941000098)","Unfall 49017 (2022) Kat:2, Licht: 2","49017","2","1","0","09","03","3","","2","0","0","0","0"
"POINT (6.959996140000040 50.921063224000100)","Unfall 49018 (2022) Kat:2, Licht: 2","49018","2","4","0","09","20","3","","2","0","0","1","0"
"POINT (6.991781011000060 50.915923696000000)","Unfall 49044 (2022) Kat:3, Licht: 0","49044","3","1","0","09","18","1","","0","1","0","0","0"
"POINT (6.935684721000030 50.935407834000003)","Unfall 49058 (2022) Kat:3, Licht: 0","49058","3","6","0","09","09","3","","0","0","1","0","0"
"POINT (7.006213528000050 50.961020978000100)","Unfall 49059 (2022) Kat:3, Licht: 0","49059","3","4","6","09","17","7","","0","0","1","1","0"
"POINT (7.065605158000040 50.913045059000098)","Unfall 49062 (2022) Kat:3, Licht: 2","49062","3","1","7","09","06","4","","2","0","1","0","0"
"POINT (6.976911370000040 50.845427110999999)","Unfall 49079 (2022) Kat:3, Licht: 0","49079","3","2","5","09","12","2","","0","0","1","0","0"
"POINT (7.077909439000050 50.892340219000097)","Unfall 49103 (2022) Kat:3, Licht: 0","49103","3","4","6","09","15","6","","0","0","1","1","0"
"POINT (6.953885437000050 50.963708474999997)","Unfall 49111 (2022) Kat:3, Licht: 2","49111","3","2","6","09","19","2","","2","0","1","1","0"
"POINT (6.953952223000040 50.963424768000003)","Unfall 49131 (2022) Kat:3, Licht: 0","49131","3","2","5","09","09","4","","0","0","1","0","0"
"POINT (7.030334795000040 50.968770888000101)","Unfall 49135 (2022) Kat:2, Licht: 0","49135","2","6","3","09","10","7","","0","0","1","0","0"
"POINT (7.079110262000030 50.923297358000099)","Unfall 49164 (2022) Kat:2, Licht: 0","49164","2","3","0","09","11","6","","0","1","1","0","0"
"POINT (6.902264734000030 50.988161028000000)","Unfall 49184 (2022) Kat:3, Licht: 0","49184","3","6","2","09","14","3","","0","0","1","0","0"
"POINT (6.892066761000020 50.992144701000001)","Unfall 49194 (2022) Kat:3, Licht: 0","49194","3","1","0","09","13","7","","0","0","0","0","1"
"POINT (7.030500504000030 50.931771724000001)","Unfall 49211 (2022) Kat:3, Licht: 0","49211","3","6","2","09","14","4","","0","0","1","0","0"
"POINT (6.941751723000040 50.928918228000001)","Unfall 49237 (2022) Kat:3, Licht: 0","49237","3","7","0","09","17","5","","0","1","0","0","0"
"POINT (6.920367977000070 50.953695647000103)","Unfall 49280 (2022) Kat:3, Licht: 2","49280","3","1","0","09","23","3","","2","1","0","0","0"
"POINT (7.001494378000070 50.910470531000001)","Unfall 49287 (2022) Kat:3, Licht: 0","49287","3","2","5","09","11","7","","0","1","1","0","0"
"POINT (6.971625995000070 50.931626698999999)","Unfall 49305 (2022) Kat:3, Licht: 0","49305","3","6","2","09","13","2","","0","0","1","0","0"
"POINT (6.995804228000050 50.951348905000003)","Unfall 49323 (2022) Kat:2, Licht: 2","49323","2","1","8","09","21","1","","2","0","1","0","0"
"POINT (6.969381703000070 50.936674002000103)","Unfall 49361 (2022) Kat:3, Licht: 2","49361","3","1","0","09","21","2","","2","0","0","0","0"
"POINT (6.934440568000070 50.942842481000099)","Unfall 49365 (2022) Kat:3, Licht: 0","49365","3","7","0","09","16","3","","0","0","1","0","1"
"POINT (6.950128830000040 50.975214811000100)","Unfall 49417 (2022) Kat:3, Licht: 0","49417","3","1","0","09","16","7","","0","0","0","0","1"
"POINT (7.058812514000070 50.883520716000099)","Unfall 49438 (2022) Kat:3, Licht: 0","49438","3","7","0","09","16","2","","0","0","1","1","0"
"POINT (6.884762512000070 50.989622285999999)","Unfall 49447 (2022) Kat:2, Licht: 1","49447","2","2","5","09","19","7","","1","0","1","0","0"
"POINT (6.955792168000070 50.957035104000099)","Unfall 49455 (2022) Kat:3, Licht: 2","49455","3","3","5","09","23","1","","2","1","0","0","0"
"POINT (6.962683378000070 50.928492523999999)","Unfall 49458 (2022) Kat:3, Licht: 0","49458","3","3","5","09","11","5","","0","0","1","0","0"
"POINT (6.908255622000070 50.936926646000103)","Unfall 49461 (2022) Kat:3, Licht: 0","49461","3","6","2","10","14","7","","0","0","1","0","0"
"POINT (6.999205857000050 50.937628156000102)","Unfall 49466 (2022) Kat:3, Licht: 0","49466","3","5","0","09","18","6","","0","1","1","0","0"
"POINT (7.043059067000060 51.004125850999998)","Unfall 49471 (2022) Kat:3, Licht: 0","49471","3","6","2","09","13","2","","0","0","1","0","0"
"POINT (7.099893433000030 50.948391454999999)","Unfall 49476 (2022) Kat:3, Licht: 0","49476","3","6","2","09","15","1","","0","0","1","0","0"
"POINT (7.031966163000050 50.938021928000097)","Unfall 49523 (2022) Kat:2, Licht: 0","49523","2","6","4","09","12","7","","0","0","1","0","0"
"POINT (7.056569882000080 50.892083818000103)","Unfall 49547 (2022) Kat:2, Licht: 0","49547","2","7","0","09","08","2","","0","0","1","0","1"
"POINT (6.917728614000050 50.949540021000097)","Unfall 49553 (2022) Kat:3, Licht: 0","49553","3","1","8","09","16","3","","0","1","0","0","0"
"POINT (6.871278272000040 50.975020315000101)","Unfall 49557 (2022) Kat:2, Licht: 0","49557","2","6","2","09","17","4","","0","0","1","0","0"
"POINT (7.018103504000070 50.948553328000102)","Unfall 49591 (2022) Kat:3, Licht: 2","49591","3","1","0","09","05","5","","2","0","0","0","1"
"POINT (6.956631576000060 50.922282119000002)","Unfall 49625 (2022) Kat:3, Licht: 0","49625","3","4","0","09","18","4","","0","1","0","1","0"
"POINT (6.901537821000030 50.926338106999999)","Unfall 49632 (2022) Kat:3, Licht: 0","49632","3","2","5","09","15","6","","0","0","1","0","1"
"POINT (7.011654913000030 50.907022382000001)","Unfall 49633 (2022) Kat:3, Licht: 0","49633","3","2","6","09","17","3","","0","0","1","0","0"
"POINT (7.035531131000030 50.955976333000102)","Unfall 49663 (2022) Kat:3, Licht: 0","49663","3","6","2","09","14","6","","0","0","1","0","0"
"POINT (6.948417259000050 50.893988886999999)","Unfall 49672 (2022) Kat:3, Licht: 2","49672","3","6","2","09","06","4","","2","0","1","0","0"
"POINT (6.979166347000050 50.952257437000100)","Unfall 49684 (2022) Kat:3, Licht: 0","49684","3","6","2","10","15","7","","0","0","1","0","0"
"POINT (7.031518636000040 50.966461862000102)","Unfall 49689 (2022) Kat:3, Licht: 1","49689","3","1","0","09","19","3","","1","0","1","0","0"
"POINT (7.094062541000030 50.858652280999998)","Unfall 49734 (2022) Kat:3, Licht: 0","49734","3","6","2","09","08","5","","0","0","1","0","0"
"POINT (6.938981978000070 50.936412873000101)","Unfall 49770 (2022) Kat:3, Licht: 2","49770","3","1","0","09","03","4","","2","0","0","0","0"
"POINT (7.094853519000030 50.920345589000100)","Unfall 49788 (2022) Kat:3, Licht: 0","49788","3","7","0","09","18","3","","0","0","1","0","0"
"POINT (6.946720308000070 50.995451484999997)","Unfall 49800 (2022) Kat:3, Licht: 0","49800","3","6","2","09","15","3","","0","0","1","0","0"
"POINT (7.005389965000060 50.963832626000098)","Unfall 49804 (2022) Kat:2, Licht: 0","49804","2","3","5","09","13","6","","0","1","0","0","0"
"POINT (6.948417259000050 50.893988886999999)","Unfall 49807 (2022) Kat:3, Licht: 0","49807","3","6","2","09","08","2","","0","0","1","0","0"
"POINT (6.922321626000040 50.910952635999998)","Unfall 49843 (2022) Kat:3, Licht: 0","49843","3","1","0","09","11","1","","0","0","0","0","0"
"POINT (6.923374911000050 50.933112489999999)","Unfall 49883 (2022) Kat:3, Licht: 0","49883","3","2","5","09","13","6","","0","1","1","0","0"
"POINT (6.979710968000060 50.904702976000102)","Unfall 49911 (2022) Kat:3, Licht: 0","49911","3","7","5","09","18","2","","0","0","1","0","1"
"POINT (7.032410067000060 50.968040534000103)","Unfall 49919 (2022) Kat:3, Licht: 0","49919","3","6","2","09","06","3","","0","0","1","0","0"
"POINT (6.936335291000030 50.998322768999998)","Unfall 49920 (2022) Kat:3, Licht: 0","49920","3","3","5","09","11","7","","0","0","1","0","1"
"POINT (6.922029655000070 50.936771887000099)","Unfall 49930 (2022) Kat:3, Licht: 0","49930","3","7","6","09","15","5","","0","1","0","1","0"
"POINT (6.986617925000080 50.936335374000102)","Unfall 49938 (2022) Kat:3, Licht: 0","49938","3","2","6","09","15","2","","0","0","1","1","0"
"POINT (6.902950469000070 50.956749456000097)","Unfall 49944 (2022) Kat:2, Licht: 2","49944","2","1","0","09","02","3","","2","0","0","0","0"
"POINT (6.830209312000020 50.964445521000101)","Unfall 49969 (2022) Kat:2, Licht: 0","49969","2","1","0","09","14","4","","0","1","0","0","0"
"POINT (6.912870782000030 50.944535737000102)","Unfall 49987 (2022) Kat:3, Licht: 2","49987","3","1","0","09","20","3","","2","1","0","0","0"
"POINT (6.927928714000070 50.959857307000000)","Unfall 50019 (2022) Kat:3, Licht: 1","50019","3","3","5","09","06","2","","1","0","1","0","0"
"POINT (7.046064159000030 50.867104253999997)","Unfall 50029 (2022) Kat:3, Licht: 0","50029","3","3","6","09","09","7","","0","0","1","1","0"
"POINT (6.867517624000070 50.922462856999999)","Unfall 50034 (2022) Kat:3, Licht: 2","50034","3","6","2","09","23","5","","2","0","1","0","0"
"POINT (6.836935752000040 50.938331914999999)","Unfall 50042 (2022) Kat:2, Licht: 2","50042","2","2","5","09","19","4","","2","0","1","0","0"
"POINT (6.876973899000060 50.998045498000103)","Unfall 50050 (2022) Kat:2, Licht: 2","50050","2","3","5","09","22","6","","2","0","1","0","1"
"POINT (6.961785782000050 50.921553378000098)","Unfall 50058 (2022) Kat:3, Licht: 2","50058","3","7","9","09","02","1","","2","0","0","0","0"