WKT,Name,OBJECTID,UKATEGORIE,UTYP1,UART,UMONAT,USTUNDE,UWOCHENTAG,STRZUSTAND,ULICHTVERH,ISTRAD,ISTPKW,ISTFUSS,ISTKRAD
"POINT (6.951150906000070 50.935402492999998)","Unfall 50066 (2022) Kat:3, Licht: 0","50066","3","2","3","09","08","5","","0","1","1","0","0"
"POINT (7.033247858000040 50.938625898000097)","Unfall 50075 (2022) Kat:3, Licht: 0","50075","3","6","2","09","15","6","","0","0","1","0","0"
"POINT (6.953009558000080 50.935286617000003)","Unfall 50077 (2022) Kat:3, Licht: 0","50077","3","6","3","09","15","6","","0","1","1","0","0"
"POINT (7.001950160000040 50.937804846000098)","Unfall 50082 (2022) Kat:3, Licht: 0","50082","3","2","0","09","12","2","","0","1","1","0","0"
"POINT (6.944905416000040 50.935955260000100)","Unfall 50087 (2022) Kat:3, Licht: 0","50087","3","1","0","09","17","1","","0","1","0","0","0"
"POINT (6.993561346000040 50.914887179000097)","Unfall 50130 (2022) Kat:3, Licht: 0","50130","3","6","1","09","09","4","","0","0","1","0","0"
"POINT (6.917371402000070 50.936643861999997)","Unfall 50148 (2022) Kat:3, Licht: 0","50148","3","1","0","09","15","1","","0","1","0","0","0"
"POINT (6.850512946000040 50.958364668999998)","Unfall 50150 (2022) Kat:3, Licht: 0","50150","3","6","2","09","09","3","","0","0","1","0","0"
"POINT (7.099137170000060 50.916722327000102)","Unfall 50185 (2022) Kat:3, Licht: 2","50185","3","6","2","09","06","4","","2","0","1","0","0"
"POINT (6.875867755000060 50.924161345000101)","Unfall 50206 (2022) Kat:3, Licht: 0","50206","3","1","0","09","12","1","","0","1","0","0","0"
"POINT (7.065552583000060 50.882806531000000)","Unfall 50210 (2022) Kat:3, Licht: 0","50210","3","1","0","09","10","5","","0","1","0","0","0"
"POINT (6.914455312000030 50.877213735000097)","Unfall 50223 (2022) Kat:3, Licht: 0","50223","3","1","8","09","12","7","","0","0","1","0","0"
"POINT (6.866088102000050 50.918159361999997)","Unfall 50233 (2022) Kat:3, Licht: 0","50233","3","6","2","09","12","4","","0","0","1","0","0"
"POINT (7.031518636000040 50.966461862000102)","Unfall 50236 (2022) Kat:3, Licht: 0","50236","3","7","0","09","14","1","","0","0","1","0","0"
"POINT (6.890612854000040 50.996872424000102)","Unfall 50259 (2022) Kat:3, Licht: 0","50259","3","6","3","09","16","4","","0","0","1","0","0"
"POINT (7.100506680000020 50.900512875000103)","Unfall 50262 (2022) Kat:3, Licht: 0","50262","3","1","7","09","13","7","","0","1","0","0","0"
"POINT (7.031516899000050 50.966779084999999)","Unfall 50270 (2022) Kat:3, Licht: 0","50270","3","6","1","10","10","7","","0","0","1","0","0"
"POINT (7.074790131000040 50.924162582000100)","Unfall 50301 (2022) Kat:3, Licht: 0","50301","3","6","2","09","07","4","","0","0","1","0","0"
"POINT (6.832839516000040 50.928487620000098)","Unfall 50306 (2022) Kat:3, Licht: 2","50306","3","6","3","09","05","2","","2","0","1","0","0"
"POINT (6.969970116000070 50.868531252000103)","Unfall 50321 (2022) Kat:3, Licht: 0","50321","3","6","3","09","15","5","","0","0","1","0","0"
"POINT (7.039499797000080 50.931312352000099)","Unfall 50326 (2022) Kat:3, Licht: 0","50326","3","2","6","09","08","5","","0","0","0","1","0"
"POINT (7.055833494000070 50.583551306000103)","Unfall 50337 (2022) Kat:2, Licht: 0","50337","2","6","3","09","11","4","","0","0","1","0","0"
"POINT (6.936268161000040 50.923867090999998)","Unfall 50339 (2022) Kat:3, Licht: 0","50339","3","5","1","09","15","5","","0","1","1","0","0"
"POINT (7.049452070000030 50.942847636000103)","Unfall 50350 (2022) Kat:3, Licht: 0","50350","3","2","0","09","15","5","","0","1","1","0","0"
"POINT (7.076473838000030 50.945119201000097)","Unfall 50365 (2022) Kat:3, Licht: 0","50365","3","2","5","09","08","4","","0","1","1","0","0"
"POINT (6.923059475000060 50.947179961000103)","Unfall 50401 (2022) Kat:3, Licht: 0","50401","3","6","0","09","18","3","","0","0","1","0","0"
"POINT (7.014293075000070 50.963271063000001)","Unfall 50433 (2022) Kat:3, Licht: 0","50433","3","3","5","10","13","7","","0","0","1","0","0"
"POINT (7.004193209000050 50.924811045000098)","Unfall 50440 (2022) Kat:3, Licht: 0","50440","3","6","2","09","16","6","","0","0","1","0","0"
"POINT (6.823482909000060 50.938450748999998)","Unfall 50444 (2022) Kat:3, Licht: 2","50444","3","1","1","09","22","5","","2","0","1","0","0"
"POINT (6.908319219000020 50.937123913999997)","Unfall 50459 (2022) Kat:3, Licht: 1","50459","3","3","5","09","19","3","","1","1","1","0","0"
"POINT (7.006010090000070 50.973952842000102)","Unfall 50463 (2022) Kat:3, Licht: 0","50463","3","6","1","09","17","4","","0","0","1","0","0"
"POINT (7.022642226000070 50.980367262000101)","Unfall 50484 (2022) Kat:3, Licht: 0","50484","3","6","2","09","15","1","","0","0","1","0","1"
"POINT (6.889554841000060 50.907549898000099)","Unfall 50491 (2022) Kat:2, Licht: 0","50491","2","1","1","09","10","2","","0","0","0","0","0"
"POINT (6.968576779000050 50.886504651000102)","Unfall 50508 (2022) Kat:3, Licht: 0","50508","3","6","2","09","15","4","","0","0","1","0","0"
"POINT (6.875795659000060 51.008840773000003)","Unfall 50516 (2022) Kat:3, Licht: 0","50516","3","6","1","09","13","1","","0","0","1","0","0"
"POINT (7.096867385000050 50.845226424000003)","Unfall 50530 (2022) Kat:2, Licht: 0","50530","2","6","3","09","14","7","","0","0","1","0","0"
"POINT (6.952875336000030 50.930008406000098)","Unfall 50533 (2022) Kat:2, Licht: 0","50533","2","4","6","09","17","4","","0","0","1","1","0"
"POINT (6.883821193000070 50.937861662000003)","Unfall 50545 (2022) Kat:3, Licht: 0","50545","3","3","5","09","18","6","","0","1","1","0","0"
"POINT (6.929883104000060 50.925738107000001)","Unfall 50550 (2022) Kat:3, Licht: 0","50550","3","7","0","09","14","6","","0","0","0","0","0"
"POINT (6.943477632000050 50.935799187999997)","Unfall 50566 (2022) Kat:3, Licht: 2","50566","3","6","4","09","19","5","","2","1","0","0","0"
"POINT (6.908822547000060 50.927771126000003)","Unfall 50593 (2022) Kat:3, Licht: 0","50593","3","1","7","09","10","1","","0","1","0","0","0"
"POINT (6.964868029000060 50.922292820000102)","Unfall 50626 (2022) Kat:2, Licht: 2","50626","2","7","6","09","22","3","","2","0","0","1","0"
"POINT (7.072895158000050 50.919830779999998)","Unfall 50627 (2022) Kat:3, Licht: 0","50627","3","6","3","09","13","3","","0","0","1","0","0"
"POINT (7.055858649000070 50.891329477000099)","Unfall 50642 (2022) Kat:3, Licht: 0","50642","3","3","5","10","14","4","","0","0","1","0","1"
"POINT (7.001558181000060 50.962389534000103)","Unfall 50686 (2022) Kat:3, Licht: 0","50686","3","6","0","10","14","4","","0","1","0","0","0"
"POINT (6.822304419000030 50.929429542000001)","Unfall 50688 (2022) Kat:3, Licht: 0","50688","3","6","2","10","09","3","","0","0","1","0","0"
"POINT (7.020656608000020 50.940270387000098)","Unfall 50729 (2022) Kat:3, Licht: 0","50729","3","1","0","10","13","7","","0","1","1","0","0"
"POINT (6.962730416000060 50.930501544000002)","Unfall 50737 (2022) Kat:3, Licht: 0","50737","3","1","0","10","18","4","","0","0","0","1","0"
"POINT (6.860344931000040 51.069667762000101)","Unfall 50750 (2022) Kat:3, Licht: 0","50750","3","4","6","10","11","3","","0","0","1","1","0"
"POINT (6.820383539000030 50.938489953999998)","Unfall 50754 (2022) Kat:3, Licht: 0","50754","3","6","2","10","07","4","","0","0","1","0","0"
"POINT (7.013850080000050 50.953125073000102)","Unfall 50766 (2022) Kat:3, Licht: 0","50766","3","6","1","10","18","4","","0","0","1","0","0"
"POINT (7.078074032000070 50.894094854999999)","Unfall 50769 (2022) Kat:3, Licht: 2","50769","3","6","2","10","21","7","","2","0","1","0","0"
"POINT (6.890417554000070 50.924678669999999)","Unfall 50786 (2022) Kat:3, Licht: 0","50786","3","3","5","10","09","5","","0","0","1","0","0"
"POINT (6.848631475000050 50.931500638999999)","Unfall 50818 (2022) Kat:3, Licht: 2","50818","3","6","3","10","06","4","","2","0","0","0","0"
"POINT (6.962806379000030 50.903660204000097)","Unfall 50825 (2022) Kat:3, Licht: 0","50825","3","3","5","10","13","5","","0","1","1","0","0"
"POINT (7.057090094000050 50.927049569000097)","Unfall 50849 (2022) Kat:3, Licht: 0","50849","3","6","2","10","11","1","","0","0","1","0","0"
"POINT (7.062909075000050 50.905194865000098)","Unfall 50853 (2022) Kat:2, Licht: 2","50853","2","2","4","10","20","1","","2","0","1","0","0"
"POINT (6.887027541000070 50.910254241000104)","Unfall 50856 (2022) Kat:3, Licht: 0","50856","3","2","4","10","16","2","","0","1","0","0","1"
"POINT (6.847639367000060 50.918392677999996)","Unfall 50863 (2022) Kat:3, Licht: 0","50863","3","6","2","10","14","5","","0","0","1","0","0"
"POINT (6.928465394000060 50.916491935000103)","Unfall 50881 (2022) Kat:2, Licht: 0","50881","2","6","1","10","18","7","","0","0","1","0","0"
"POINT (7.041509960000040 51.001818389000100)","Unfall 50899 (2022) Kat:3, Licht: 0","50899","3","6","1","10","14","2","","0","0","1","0","0"
"POINT (6.963220709000040 50.934986166000002)","Unfall 50914 (2022) Kat:3, Licht: 0","50914","3","6","4","10","15","5","","0","1","0","0","0"
"POINT (7.097901817000040 50.858811559000102)","Unfall 50917 (2022) Kat:3, Licht: 0","50917","3","2","0","10","12","4","","0","1","0","0","0"
"POINT (7.039909494000030 50.952790740000097)","Unfall 50919 (2022) Kat:3, Licht: 0","50919","3","6","2","10","14","3","","0","0","1","0","0"
"POINT (7.067015745000050 50.968020674000101)","Unfall 50962 (2022) Kat:3, Licht: 0","50962","3","6","0","10","16","4","","0","0","1","0","0"
"POINT (6.847656124000030 50.918522199000101)","Unfall 51012 (2022) Kat:3, Licht: 0","51012","3","6","2","10","18","5","","0","0","1","0","1"
"POINT (6.981555621000040 50.937351143000100)","Unfall 51016 (2022) Kat:3, Licht: 0","51016","3","6","4","10","08","6","","0","1","0","0","0"
"POINT (6.882936301000030 50.994499560000101)","Unfall 51018 (2022) Kat:3, Licht: 0","51018","3","6","2","10","16","7","","0","0","1","0","0"
"POINT (6.894839667000040 50.925193159999999)","Unfall 51051 (2022) Kat:3, Licht: 0","51051","3","2","5","10","16","5","","0","1","1","0","0"
"POINT (6.843256598000040 50.917764896000101)","Unfall 51054 (2022) Kat:3, Licht: 2","51054","3","6","2","10","06","4","","2","0","1","0","0"
"POINT (6.980047865000070 50.890810090999999)","Unfall 51083 (2022) Kat:2, Licht: 0","51083","2","6","2","10","16","7","","0","0","1","0","0"
"POINT (6.913090481000040 50.929480835000000)","Unfall 51084 (2022) Kat:3, Licht: 0","51084","3","7","6","10","17","1","","0","1","0","1","0"
"POINT (6.908822547000060 50.927771126000003)","Unfall 51097 (2022) Kat:3, Licht: 0","51097","3","2","5","10","17","4","","0","1","1","0","0"
"POINT (6.835849485000040 50.938098295000003)","Unfall 51109 (2022) Kat:2, Licht: 0","51109","2","1","0","10","17","5","","0","0","1","0","0"
"POINT (6.953490471000070 50.949305060000000)","Unfall 51125 (2022) Kat:3, Licht: 0","51125","3","6","0","10","11","3","","0","0","1","0","1"
"POINT (6.953558012000030 50.965342085000003)","Unfall 51151 (2022) Kat:3, Licht: 0","51151","3","5","1","10","11","3","","0","0","1","0","0"
"POINT (6.908884389000040 50.936902273999998)","Unfall 51167 (2022) Kat:3, Licht: 0","51167","3","1","0","10","12","5","","0","1","0","0","0"
"POINT (7.008479019000050 50.938926205000001)","Unfall 51236 (2022) Kat:3, Licht: 1","51236","3","4","6","10","06","3","","1","0","0","1","1"
"POINT (6.928516964000040 50.945052293000103)","Unfall 51239 (2022) Kat:3, Licht: 2","51239","3","2","4","10","22","4","","2","1","1","0","0"
"POINT (6.989832000000040 50.932461035000102)","Unfall 51240 (2022) Kat:3, Licht: 2","51240","3","6","2","10","19","3","","2","0","1","0","0"
"POINT (6.988406595000070 50.945861931000103)","Unfall 51251 (2022) Kat:3, Licht: 0","51251","3","6","2","10","11","4","","0","0","1","0","0"
"POINT (6.895035207000030 50.993808893999997)","Unfall 51257 (2022) Kat:3, Licht: 0","51257","3","6","2","10","15","5","","0","0","1","0","0"
"POINT (6.968216936000030 50.845660027000100)","Unfall 51268 (2022) Kat:2, Licht: 0","51268","2","7","0","10","18","1","","0","0","0","0","1"
"POINT (7.083341857000050 50.872126116000103)","Unfall 51289 (2022) Kat:3, Licht: 0","51289","3","3","5","10","13","2","","0","0","1","0","0"
"POINT (6.940995705000030 50.953777350999999)","Unfall 51310 (2022) Kat:3, Licht: 2","51310","3","1","0","10","03","7","","2","1","0","0","0"
"POINT (6.885691947000050 51.030039664000100)","Unfall 51366 (2022) Kat:3, Licht: 0","51366","3","3","5","10","18","6","","0","1","1","0","0"
"POINT (6.978255010000050 50.906147660000002)","Unfall 51397 (2022) Kat:3, Licht: 0","51397","3","6","3","10","11","7","","0","1","0","0","0"
"POINT (6.917596459000040 50.931203568000100)","Unfall 51403 (2022) Kat:3, Licht: 0","51403","3","6","4","10","12","5","","0","1","0","0","0"
"POINT (7.052537692000040 50.916013717000098)","Unfall 51412 (2022) Kat:3, Licht: 0","51412","3","7","3","10","16","6","","0","0","1","0","0"
"POINT (7.027827089000030 50.946194762000097)","Unfall 51454 (2022) Kat:2, Licht: 2","51454","2","6","2","10","00","1","","2","0","1","0","1"
"POINT (6.962633844000040 50.938251280000003)","Unfall 51456 (2022) Kat:3, Licht: 0","51456","3","1","0","10","16","5","","0","1","0","0","0"
"POINT (6.966230525000070 50.949882066999997)","Unfall 51468 (2022) Kat:3, Licht: 2","51468","3","1","0","10","01","1","","2","0","0","0","0"
"POINT (6.973566166000070 50.864511079000103)","Unfall 51471 (2022) Kat:3, Licht: 0","51471","3","7","2","10","14","2","","0","0","1","0","0"
"POINT (6.969655774000050 50.917583940999997)","Unfall 51478 (2022) Kat:3, Licht: 0","51478","3","7","9","10","09","3","","0","0","1","0","0"
"POINT (6.963665232000040 50.926910860000099)","Unfall 51499 (2022) Kat:3, Licht: 0","51499","3","1","2","10","15","4","","0","0","1","0","1"
"POINT (6.963193049000040 50.935783762000000)","Unfall 51549 (2022) Kat:3, Licht: 0","51549","3","1","0","10","16","5","","0","1","0","0","0"
"POINT (7.096412417000070 50.861323976999998)","Unfall 51558 (2022) Kat:3, Licht: 0","51558","3","6","3","10","09","4","","0","0","1","0","0"
"POINT (7.013072153000050 50.963009432000000)","Unfall 51559 (2022) Kat:3, Licht: 0","51559","3","4","6","10","15","6","","0","0","0","1","0"
"POINT (6.956575858000060 50.950615121000098)","Unfall 51561 (2022) Kat:3, Licht: 0","51561","3","1","9","10","19","7","","0","1","0","0","0"
"POINT (7.095416463000050 50.881541367000104)","Unfall 51572 (2022) Kat:3, Licht: 1","51572","3","3","5","10","18","1","","1","0","1","0","0"
"POINT (6.946720308000070 50.995451484999997)","Unfall 51573 (2022) Kat:3, Licht: 0","51573","3","1","0","10","09","6","","0","0","0","0","1"
"POINT (6.882137583000030 50.937787716999999)","Unfall 51576 (2022) Kat:3, Licht: 0","51576","3","1","0","10","13","1","","0","1","0","0","0"
"POINT (6.962752583000050 50.929817984000103)","Unfall 51610 (2022) Kat:3, Licht: 0","51610","3","6","4","10","07","5","","0","1","0","0","0"
"POINT (6.879637736000060 50.999925774000097)","Unfall 51623 (2022) Kat:3, Licht: 0","51623","3","3","5","10","17","2","","0","1","1","0","0"
"POINT (6.999558969000020 50.937583706000098)","Unfall 51627 (2022) Kat:2, Licht: 2","51627","2","6","6","10","20","4","","2","1","0","1","0"
"POINT (6.975279624000050 50.954735927999998)","Unfall 51631 (2022) Kat:3, Licht: 0","51631","3","6","2","10","17","6","","0","0","1","0","0"
"POINT (6.924086827000050 50.936556950000103)","Unfall 51645 (2022) Kat:2, Licht: 0","51645","2","2","5","10","17","5","","0","1","1","0","0"
"POINT (7.055510658000060 50.887679993000098)","Unfall 51652 (2022) Kat:2, Licht: 0","51652","2","2","2","10","14","7","","0","0","1","0","1"
"POINT (7.094932532000030 50.876576903000100)","Unfall 51661 (2022) Kat:3, Licht: 0","51661","3","6","2","10","11","4","","0","0","1","0","0"
"POINT (6.947138012000040 50.954441203999998)","Unfall 51677 (2022) Kat:3, Licht: 0","51677","3","6","2","10","17","3","","0","0","1","0","0"
"POINT (6.848806783000040 50.918740647000000)","Unfall 51692 (2022) Kat:3, Licht: 0","51692","3","2","0","10","17","1","","0","1","1","0","0"
"POINT (6.938074373000060 50.936475229000102)","Unfall 51694 (2022) Kat:3, Licht: 1","51694","3","6","2","10","17","5","","1","0","1","0","0"
"POINT (7.010024176000060 50.958340877000097)","Unfall 51705 (2022) Kat:3, Licht: 0","51705","3","2","6","10","13","1","","0","0","1","1","0"
"POINT (7.067095615000030 50.907861658000101)","Unfall 51718 (2022) Kat:3, Licht: 0","51718","3","6","2","10","10","6","","0","0","1","0","0"
"POINT (6.867649345000070 50.937792930999997)","Unfall 51728 (2022) Kat:3, Licht: 0","51728","3","3","5","10","14","4","","0","1","0","0","0"
"POINT (7.029489027000070 50.971693167000097)","Unfall 51729 (2022) Kat:3, Licht: 1","51729","3","6","3","10","07","3","","1","0","1","0","0"
"POINT (6.910736414000040 50.939847547000099)","Unfall 51740 (2022) Kat:3, Licht: 0","51740","3","2","3","10","08","4","","0","0","1","0","0"
"POINT (6.962562072000030 50.931159759000103)","Unfall 51741 (2022) Kat:3, Licht: 0","51741","3","1","2","10","15","6","","0","0","1","0","0"
"POINT (6.940270802000040 50.941890445000098)","Unfall 51744 (2022) Kat:3, Licht: 2","51744","3","6","1","10","21","1","","2","0","1","0","0"
"POINT (6.855826656000030 50.922552919000097)","Unfall 51842 (2022) Kat:3, Licht: 2","51842","3","6","3","10","22","7","","2","0","1","0","0"
"POINT (6.892616338000040 50.937450073000001)","Unfall 51878 (2022) Kat:3, Licht: 0","51878","3","6","3","10","15","7","","0","0","1","0","0"
"POINT (6.974823874000040 50.928631924000101)","Unfall 51891 (2022) Kat:3, Licht: 0","51891","3","6","4","10","08","3","","0","1","0","0","0"
"POINT (7.082351078000040 50.881542812000099)","Unfall 51899 (2022) Kat:3, Licht: 0","51899","3","4","6","10","09","2","","0","0","1","1","0"
"POINT (6.908822547000060 50.927771126000003)","Unfall 51963 (2022) Kat:3, Licht: 0","51963","3","1","0","10","16","6","","0","1","0","0","0"
"POINT (7.027205860000040 50.915635180999999)","Unfall 51966 (2022) Kat:3, Licht: 2","51966","3","1","9","10","05","1","","2","0","1","0","0"
"POINT (7.072499747000050 50.964633577000001)","Unfall 51967 (2022) Kat:3, Licht: 0","51967","3","3","5","10","10","3","","0","1","1","0","0"
"POINT (6.846444957000070 50.926645647000001)","Unfall 51971 (2022) Kat:3, Licht: 2","51971","3","1","9","10","21","1","","2","0","1","0","0"
"POINT (6.999662111000020 50.954829597000099)","Unfall 51998 (2022) Kat:3, Licht: 2","51998","3","3","5","10","21","5","","2","0","1","0","0"
"POINT (6.971227007000040 50.932278334999999)","Unfall 52029 (2022) Kat:3, Licht: 1","52029","3","6","2","10","07","3","","1","0","1","0","0"
"POINT (6.977639916000040 50.926075116000000)","Unfall 52032 (2022) Kat:2, Licht: 2","52032","2","6","2","10","03","1","","2","1","0","0","0"
"POINT (6.938737522000050 50.926466361999999)","Unfall 52037 (2022) Kat:3, Licht: 2","52037","3","2","6","10","22","7","","2","0","1","1","0"
"POINT (6.926382766000070 50.930937366000101)","Unfall 52056 (2022) Kat:2, Licht: 0","52056","2","6","0","10","12","4","","0","1","0","0","0"
"POINT (6.945936757000030 50.935937137000103)","Unfall 52084 (2022) Kat:3, Licht: 0","52084","3","3","5","10","10","6","","0","0","1","0","0"
"POINT (6.950854669000020 50.973529845000002)","Unfall 52112 (2022) Kat:3, Licht: 0","52112","3","3","5","10","11","2","","0","1","1","0","0"
"POINT (7.065825687000030 50.912157004999997)","Unfall 52115 (2022) Kat:2, Licht: 0","52115","2","6","2","10","14","2","","0","0","1","0","0"
"POINT (7.013177341000070 50.999778442000000)","Unfall 52117 (2022) Kat:3, Licht: 0","52117","3","6","2","10","14","3","","0","0","1","0","0"
"POINT (6.956738154000050 50.957366028000102)","Unfall 52133 (2022) Kat:3, Licht: 2","52133","3","6","2","10","21","7","","2","0","1","0","0"
"POINT (7.051171525000030 50.917630664999997)","Unfall 52141 (2022) Kat:2, Licht: 0","52141","2","7","0","10","13","6","","0","0","1","0","1"
"POINT (6.919570942000060 50.948644389999998)","Unfall 52144 (2022) Kat:2, Licht: 0","52144","2","5","2","10","15","4","","0","1","1","0","0"
"POINT (6.911392239000070 50.999864889999998)","Unfall 52145 (2022) Kat:2, Licht: 2","52145","2","1","9","10","03","1","","2","0","1","0","0"
"POINT (7.048293557000020 50.869741456000000)","Unfall 52161 (2022) Kat:3, Licht: 0","52161","3","2","3","10","12","5","","0","1","0","0","0"
"POINT (6.850302917000020 50.967339682000002)","Unfall 52196 (2022) Kat:3, Licht: 0","52196","3","6","2","10","12","3","","0","0","1","0","0"
"POINT (7.079848021000030 50.918936077000097)","Unfall 52204 (2022) Kat:3, Licht: 0","52204","3","6","3","10","16","6","","0","0","1","0","0"
"POINT (6.912276793000050 50.929155725000001)","Unfall 52223 (2022) Kat:2, Licht: 0","52223","2","5","0","10","15","4","","0","1","1","0","0"
"POINT (6.980568918000070 50.941434917999999)","Unfall 52232 (2022) Kat:3, Licht: 0","52232","3","2","5","10","12","4","","0","0","0","0","0"
"POINT (7.070474786000030 50.978674994000102)","Unfall 52233 (2022) Kat:3, Licht: 0","52233","3","6","0","10","18","2","","0","0","1","0","0"
"POINT (6.963665232000040 50.926910860000099)","Unfall 52253 (2022) Kat:3, Licht: 2","52253","3","6","1","10","18","1","","2","0","1","0","0"
"POINT (6.979981663000050 50.904417033000101)","Unfall 52256 (2022) Kat:3, Licht: 2","52256","3","7","1","10","21","4","","2","0","1","0","0"
"POINT (6.891593557000020 50.937306713000098)","Unfall 52259 (2022) Kat:3, Licht: 0","52259","3","5","0","10","09","3","","0","0","1","0","0"
"POINT (6.911133061000040 50.905869026000097)","Unfall 52264 (2022) Kat:3, Licht: 0","52264","3","1","0","10","09","1","","0","1","0","0","0"
"POINT (6.977783895000070 50.925735953000100)","Unfall 52279 (2022) Kat:3, Licht: 0","52279","3","3","5","10","16","5","","0","0","1","0","0"
"POINT (6.981051525000050 50.951055378000000)","Unfall 52297 (2022) Kat:3, Licht: 0","52297","3","6","2","10","12","6","","0","0","1","0","0"
"POINT (6.923499908000050 50.956757828000001)","Unfall 52300 (2022) Kat:3, Licht: 0","52300","3","3","5","10","11","4","","0","1","1","0","0"
"POINT (7.026127830000060 50.976600535000003)","Unfall 52302 (2022) Kat:3, Licht: 1","52302","3","6","2","10","07","3","","1","0","1","0","0"
"POINT (6.981044459000030 50.903481961000097)","Unfall 52306 (2022) Kat:3, Licht: 2","52306","3","6","3","10","19","1","","2","0","1","0","0"
"POINT (7.108104256000050 50.917215713000097)","Unfall 52368 (2022) Kat:3, Licht: 0","52368","3","2","1","10","13","7","","0","0","1","0","0"
"POINT (6.936939925000050 50.941489978000000)","Unfall 52373 (2022) Kat:3, Licht: 1","52373","3","6","3","10","18","6","","1","1","0","0","0"
"POINT (6.918062941000070 50.949341135000097)","Unfall 52384 (2022) Kat:3, Licht: 2","52384","3","6","2","10","19","1","","2","0","1","0","0"
"POINT (6.940757344000080 51.023047632999997)","Unfall 52388 (2022) Kat:2, Licht: 2","52388","2","1","0","10","05","2","","2","0","0","0","1"
"POINT (7.005845313000070 50.947195364000002)","Unfall 52389 (2022) Kat:3, Licht: 2","52389","3","6","2","10","19","7","","2","0","1","0","0"
"POINT (7.097280111000030 50.843373958000001)","Unfall 52416 (2022) Kat:3, Licht: 2","52416","3","2","4","10","21","6","","2","0","1","0","0"
"POINT (6.829172013000060 50.942965020000003)","Unfall 52422 (2022) Kat:3, Licht: 0","52422","3","2","0","10","14","3","","0","0","1","0","0"
"POINT (7.005615882000030 50.964406900000000)","Unfall 52429 (2022) Kat:3, Licht: 0","52429","3","3","5","10","11","4","","0","1","1","0","0"
"POINT (6.918600362000060 50.949062751000000)","Unfall 52430 (2022) Kat:3, Licht: 0","52430","3","7","3","10","12","2","","0","0","1","0","0"
"POINT (6.876453704000030 50.937759297000099)","Unfall 52442 (2022) Kat:3, Licht: 0","52442","3","3","5","10","12","2","","0","0","1","0","0"
"POINT (7.043681229000070 50.940078486000097)","Unfall 52459 (2022) Kat:3, Licht: 0","52459","3","6","2","10","15","1","","0","0","1","0","0"
"POINT (6.822864553000040 50.929529529000000)","Unfall 52466 (2022) Kat:3, Licht: 1","52466","3","6","2","10","18","4","","1","0","1","0","0"
"POINT (6.951144268000060 50.972859047000000)","Unfall 52501 (2022) Kat:2, Licht: 2","52501","2","7","8","10","19","3","","2","1","0","0","0"
"POINT (6.913986069000030 50.929841432000003)","Unfall 52508 (2022) Kat:3, Licht: 0","52508","3","3","5","10","08","4","","0","1","1","0","0"
"POINT (7.084934802000020 50.885615491000102)","Unfall 52542 (2022) Kat:3, Licht: 0","52542","3","6","2","10","12","7","","0","0","1","0","0"
"POINT (7.028645123000050 50.917974183000098)","Unfall 52548 (2022) Kat:3, Licht: 1","52548","3","6","2","10","17","5","","1","0","1","0","0"
"POINT (6.924787849000040 50.936754552000103)","Unfall 52553 (2022) Kat:3, Licht: 2","52553","3","3","5","10","20","6","","2","1","1","0","0"
"POINT (7.047977710000050 50.970611343000002)","Unfall 52561 (2022) Kat:3, Licht: 2","52561","3","2","4","10","20","7","","2","0","1","0","0"
"POINT (7.159411945000040 50.873439893000103)","Unfall 52570 (2022) Kat:2, Licht: 1","52570","2","1","8","10","18","6","","1","0","0","0","1"
"POINT (6.923676395000030 50.912257560999997)","Unfall 52623 (2022) Kat:3, Licht: 2","52623","3","7","2","10","18","6","","2","1","1","0","0"
"POINT (7.008172406000030 50.938850215000102)","Unfall 52626 (2022) Kat:3, Licht: 0","52626","3","6","2","10","11","4","","0","0","1","0","0"
"POINT (6.954823280000030 50.998453222000101)","Unfall 52636 (2022) Kat:2, Licht: 0","52636","2","3","5","10","09","4","","0","0","0","0","0"
"POINT (6.821567340000060 50.929478803000102)","Unfall 52653 (2022) Kat:3, Licht: 2","52653","3","6","2","10","00","3","","2","0","1","0","0"
"POINT (6.859020736000050 50.975615200999997)","Unfall 52670 (2022) Kat:2, Licht: 0","52670","2","3","5","10","12","1","","0","1","1","0","0"
"POINT (7.025777063000020 50.940238888000103)","Unfall 52683 (2022) Kat:3, Licht: 0","52683","3","2","5","10","15","5","","0","0","1","0","1"
"POINT (6.850643728000020 50.976400329000100)","Unfall 52699 (2022) Kat:2, Licht: 0","52699","2","6","2","10","08","2","","0","0","1","0","0"
"POINT (6.960156917000060 50.929723305000003)","Unfall 52705 (2022) Kat:2, Licht: 2","52705","2","1","0","10","22","6","","2","0","0","0","0"
"POINT (7.027969466000060 50.953485620999999)","Unfall 52713 (2022) Kat:3, Licht: 0","52713","3","6","2","10","11","3","","0","0","1","0","0"
"POINT (6.830061419000060 50.946087493000100)","Unfall 52719 (2022) Kat:3, Licht: 2","52719","3","2","5","10","22","4","","2","0","1","0","1"
"POINT (6.976163785000040 50.953993562000100)","Unfall 52721 (2022) Kat:3, Licht: 2","52721","3","6","0","10","21","7","","2","0","1","0","0"
"POINT (7.040928085000080 50.929678228000100)","Unfall 52746 (2022) Kat:3, Licht: 0","52746","3","3","5","10","16","5","","0","0","1","0","0"
"POINT (6.819913199000040 50.938631999000101)","Unfall 52769 (2022) Kat:3, Licht: 2","52769","3","3","5","10","07","5","","2","1","0","0","0"
"POINT (6.947443586000080 50.984031727999998)","Unfall 52771 (2022) Kat:1, Licht: 0","52771","1","2","5","10","09","6","","0","1","0","0","0"