WKT,Name,OBJECTID,UKATEGORIE,UTYP1,UART,UMONAT,USTUNDE,UWOCHENTAG,STRZUSTAND,ULICHTVERH,ISTRAD,ISTPKW,ISTFUSS,ISTKRAD
"POINT (6.962671218000030 50.943121636000100)","Unfall 52778 (2022) Kat:3, Licht: 2","52778","3","6","4","10","01","7","","2","1","0","0","0"
"POINT (6.998640788000050 50.884792574000102)","Unfall 52789 (2022) Kat:3, Licht: 0","52789","3","1","0","10","12","6","","0","1","0","0","0"
"POINT (7.107501334000060 50.875263271999998)","Unfall 52796 (2022) Kat:3, Licht: 2","52796","3","6","2","10","18","1","","2","0","1","0","1"
"POINT (6.927597708000060 50.915672963000098)","Unfall 52804 (2022) Kat:3, Licht: 0","52804","3","6","3","10","17","2","","0","0","1","0","1"
"POINT (6.980391302000040 50.941490197000100)","Unfall 52847 (2022) Kat:3, Licht: 0","52847","3","7","0","10","09","3","","0","0","1","0","0"
"POINT (6.982446576000030 50.935992122000101)","Unfall 52865 (2022) Kat:3, Licht: 0","52865","3","6","3","10","08","4","","0","0","1","0","0"
"POINT (7.040118105000030 50.944670897000002)","Unfall 52868 (2022) Kat:3, Licht: 0","52868","3","6","1","10","12","6","","0","0","1","0","0"
"POINT (6.910347653000030 50.954292925000097)","Unfall 52886 (2022) Kat:3, Licht: 0","52886","3","7","0","10","08","5","","0","1","1","1","0"
"POINT (6.933242206000050 50.921430385000100)","Unfall 52912 (2022) Kat:3, Licht: 0","52912","3","6","0","10","12","3","","0","1","0","0","0"
"POINT (7.105238571000030 50.913722925000101)","Unfall 52944 (2022) Kat:3, Licht: 0","52944","3","2","5","10","15","5","","0","0","1","0","0"
"POINT (6.971817748000030 50.914009567000100)","Unfall 52959 (2022) Kat:3, Licht: 0","52959","3","1","0","10","17","7","","0","0","0","0","0"
"POINT (6.924804219000070 50.935209923000102)","Unfall 52963 (2022) Kat:3, Licht: 0","52963","3","6","3","10","14","5","","0","0","1","0","1"
"POINT (7.085827723000020 50.951043512000098)","Unfall 52966 (2022) Kat:3, Licht: 0","52966","3","6","3","10","14","5","","0","0","1","0","0"
"POINT (7.036193128000040 50.954227982000099)","Unfall 52985 (2022) Kat:3, Licht: 0","52985","3","6","2","10","17","4","","0","0","1","0","0"
"POINT (6.923328150000030 50.933097061000097)","Unfall 53017 (2022) Kat:3, Licht: 0","53017","3","3","5","10","14","5","","0","0","1","0","1"
"POINT (7.039643876000070 50.945510167000101)","Unfall 53021 (2022) Kat:3, Licht: 0","53021","3","6","2","10","13","5","","0","0","1","0","0"
"POINT (6.934249974000070 50.887644006000102)","Unfall 53047 (2022) Kat:3, Licht: 2","53047","3","1","8","10","02","1","","2","0","1","0","0"
"POINT (6.918127416000060 50.951434517000102)","Unfall 53048 (2022) Kat:3, Licht: 1","53048","3","2","0","10","08","3","","1","0","1","1","0"
"POINT (6.935023593000040 50.842601942999998)","Unfall 53064 (2022) Kat:3, Licht: 0","53064","3","7","0","10","16","4","","0","1","0","1","0"
"POINT (6.978797878000020 50.893445502000098)","Unfall 53075 (2022) Kat:3, Licht: 0","53075","3","3","0","10","15","4","","0","1","0","0","1"
"POINT (6.882208416000030 50.937505313000003)","Unfall 53099 (2022) Kat:3, Licht: 0","53099","3","2","5","10","16","5","","0","1","1","0","0"
"POINT (7.031316911000030 50.937519316000099)","Unfall 53103 (2022) Kat:3, Licht: 0","53103","3","6","2","10","14","5","","0","0","1","0","0"
"POINT (7.105977163000030 50.913372745000103)","Unfall 53116 (2022) Kat:3, Licht: 2","53116","3","6","2","10","06","2","","2","0","1","0","0"
"POINT (6.935564954000030 50.942245499000101)","Unfall 53122 (2022) Kat:3, Licht: 0","53122","3","2","4","10","09","6","","0","1","1","0","0"
"POINT (6.932806905000060 50.948597952999997)","Unfall 53154 (2022) Kat:2, Licht: 0","53154","2","7","5","10","11","2","","0","0","1","0","1"
"POINT (7.021289388000070 50.979865857000000)","Unfall 53189 (2022) Kat:3, Licht: 0","53189","3","6","1","10","17","1","","0","0","1","0","0"
"POINT (6.911133061000040 50.905869026000097)","Unfall 53197 (2022) Kat:2, Licht: 0","53197","2","7","0","10","16","4","","0","1","0","0","0"
"POINT (6.966077071000030 50.847872969000001)","Unfall 53200 (2022) Kat:3, Licht: 2","53200","3","6","2","10","19","6","","2","0","1","0","0"
"POINT (7.076160442000060 50.945104109000098)","Unfall 53214 (2022) Kat:3, Licht: 0","53214","3","6","2","10","17","7","","0","0","1","0","0"
"POINT (7.007897239000040 50.959825371000100)","Unfall 53215 (2022) Kat:3, Licht: 0","53215","3","5","0","10","15","3","","0","0","0","1","0"
"POINT (7.095169034000040 50.872082882000001)","Unfall 53218 (2022) Kat:3, Licht: 0","53218","3","6","2","10","08","5","","0","0","1","0","0"
"POINT (6.987557045000070 50.898518097000100)","Unfall 53240 (2022) Kat:3, Licht: 0","53240","3","1","0","10","10","4","","0","1","0","0","0"
"POINT (6.944420686000060 50.889455916000003)","Unfall 53261 (2022) Kat:3, Licht: 0","53261","3","3","5","10","17","6","","0","0","1","0","0"
"POINT (7.011452099000050 50.957321422000099)","Unfall 53290 (2022) Kat:3, Licht: 0","53290","3","2","4","10","13","7","","0","0","1","0","0"
"POINT (6.860344931000040 51.069667762000101)","Unfall 53299 (2022) Kat:3, Licht: 0","53299","3","2","5","10","14","6","","0","0","0","0","0"
"POINT (7.037858627000050 50.949853384000100)","Unfall 53317 (2022) Kat:3, Licht: 0","53317","3","6","2","10","10","4","","0","0","1","0","0"
"POINT (6.930146142000070 50.924856020000000)","Unfall 53353 (2022) Kat:3, Licht: 0","53353","3","6","3","10","10","3","","0","1","0","0","0"
"POINT (6.954437092000030 50.961177077000102)","Unfall 53358 (2022) Kat:3, Licht: 0","53358","3","4","6","10","12","1","","0","0","1","1","0"
"POINT (6.989330540000030 50.931894145000101)","Unfall 53400 (2022) Kat:3, Licht: 0","53400","3","6","2","10","16","3","","0","0","1","0","0"
"POINT (7.005861123000050 50.964642181999999)","Unfall 53404 (2022) Kat:3, Licht: 0","53404","3","3","5","10","08","2","","0","0","1","0","0"
"POINT (6.865047204000060 50.988950905000102)","Unfall 53407 (2022) Kat:3, Licht: 0","53407","3","6","2","10","17","2","","0","0","1","0","0"
"POINT (7.083749626000040 50.865181393999997)","Unfall 53433 (2022) Kat:3, Licht: 0","53433","3","6","2","10","10","5","","0","0","1","0","0"
"POINT (7.033247858000040 50.938625898000097)","Unfall 53439 (2022) Kat:3, Licht: 0","53439","3","2","3","10","14","4","","0","0","1","0","0"
"POINT (6.915382043000020 50.920354897999999)","Unfall 53442 (2022) Kat:3, Licht: 0","53442","3","1","0","10","09","3","","0","1","0","0","0"
"POINT (6.933586829000030 50.935467723999999)","Unfall 53449 (2022) Kat:3, Licht: 0","53449","3","4","6","10","11","4","","0","1","1","1","0"
"POINT (6.898385339000070 50.996018343999999)","Unfall 53452 (2022) Kat:3, Licht: 0","53452","3","2","5","10","15","6","","0","1","1","0","0"
"POINT (6.845207946000070 50.925574521999998)","Unfall 53457 (2022) Kat:2, Licht: 0","53457","2","1","8","10","08","6","","0","0","1","0","0"
"POINT (6.901871923000040 50.957113143000100)","Unfall 53461 (2022) Kat:3, Licht: 2","53461","3","7","4","10","19","4","","2","1","1","0","0"
"POINT (7.054093407000040 50.888496265000100)","Unfall 53486 (2022) Kat:3, Licht: 0","53486","3","6","1","10","15","2","","0","0","1","0","0"
"POINT (6.979762342000070 50.890611127000099)","Unfall 53488 (2022) Kat:3, Licht: 0","53488","3","6","2","10","14","4","","0","0","0","0","0"
"POINT (7.062316608000060 50.974209512000101)","Unfall 53494 (2022) Kat:3, Licht: 2","53494","3","7","0","10","06","5","","2","0","1","0","1"
"POINT (6.928268754000040 50.863575902000001)","Unfall 53517 (2022) Kat:3, Licht: 0","53517","3","6","2","10","13","6","","0","0","1","0","0"
"POINT (6.856401554000060 50.984380281000000)","Unfall 53550 (2022) Kat:3, Licht: 1","53550","3","6","2","10","06","5","","1","0","1","0","0"
"POINT (6.981546884000070 50.937209754999998)","Unfall 53552 (2022) Kat:3, Licht: 1","53552","3","4","6","11","07","2","","1","0","1","1","0"
"POINT (6.938436602000020 50.935363862000003)","Unfall 53577 (2022) Kat:3, Licht: 2","53577","3","2","5","11","17","1","","2","1","1","0","0"
"POINT (6.946372312000050 50.850554002000102)","Unfall 53598 (2022) Kat:3, Licht: 2","53598","3","1","8","11","03","5","","2","0","1","0","0"
"POINT (6.905023234000050 50.986096881999998)","Unfall 53605 (2022) Kat:2, Licht: 0","53605","2","6","1","11","14","5","","0","0","1","0","0"
"POINT (6.978399708000040 50.938786759999999)","Unfall 53606 (2022) Kat:3, Licht: 0","53606","3","7","0","11","16","5","","0","0","0","0","0"
"POINT (6.934267882000030 50.936535210999999)","Unfall 53643 (2022) Kat:3, Licht: 2","53643","3","6","2","11","17","4","","2","0","1","0","0"
"POINT (6.939051063000020 50.935392929000002)","Unfall 53663 (2022) Kat:3, Licht: 2","53663","3","3","5","11","06","6","","2","0","1","0","0"
"POINT (6.926382766000070 50.930937366000101)","Unfall 53668 (2022) Kat:3, Licht: 2","53668","3","7","6","11","18","6","","2","0","1","1","0"
"POINT (6.813232676000040 50.940327648000000)","Unfall 53693 (2022) Kat:3, Licht: 0","53693","3","3","5","11","18","6","","0","1","1","0","0"
"POINT (7.019820219000050 50.948963118999998)","Unfall 53723 (2022) Kat:3, Licht: 0","53723","3","6","2","10","15","2","","0","0","1","0","0"
"POINT (6.948280294000030 50.893957382000103)","Unfall 53737 (2022) Kat:3, Licht: 2","53737","3","3","5","11","02","7","","2","0","1","0","0"
"POINT (7.014020342000040 50.986466361000097)","Unfall 53743 (2022) Kat:3, Licht: 2","53743","3","6","2","11","18","3","","2","0","1","0","0"
"POINT (6.917441861000040 50.936641743000102)","Unfall 53761 (2022) Kat:3, Licht: 0","53761","3","6","3","11","15","4","","0","0","1","0","1"
"POINT (6.919332823000050 50.936618095000000)","Unfall 53767 (2022) Kat:3, Licht: 0","53767","3","7","6","11","13","6","","0","0","0","1","0"
"POINT (6.857919465000070 51.013104579000100)","Unfall 53773 (2022) Kat:3, Licht: 0","53773","3","6","2","11","07","5","","0","0","1","0","0"
"POINT (6.981872833000070 50.937232592999997)","Unfall 53775 (2022) Kat:3, Licht: 0","53775","3","3","5","11","13","3","","0","0","1","0","0"
"POINT (6.920494344000080 50.948248981000098)","Unfall 53785 (2022) Kat:3, Licht: 0","53785","3","5","1","11","15","4","","0","1","1","0","0"
"POINT (6.945592727000080 50.904629815000099)","Unfall 53805 (2022) Kat:3, Licht: 0","53805","3","6","1","11","10","5","","0","0","1","0","0"
"POINT (6.904429576000040 51.003121417000003)","Unfall 53806 (2022) Kat:3, Licht: 0","53806","3","6","2","11","08","5","","0","0","1","0","0"
"POINT (7.021017335000070 50.933276143000100)","Unfall 53813 (2022) Kat:3, Licht: 0","53813","3","1","0","11","08","4","","0","0","0","0","1"
"POINT (6.943530595000030 50.989620542000097)","Unfall 53828 (2022) Kat:3, Licht: 0","53828","3","7","0","11","14","3","","0","1","1","0","0"
"POINT (7.011452099000050 50.957321422000099)","Unfall 53868 (2022) Kat:3, Licht: 0","53868","3","4","6","11","16","1","","0","0","1","1","0"
"POINT (6.958257221000050 50.921492079000103)","Unfall 53869 (2022) Kat:3, Licht: 2","53869","3","1","0","11","02","1","","2","0","0","0","0"
"POINT (6.911965378000050 51.000040900000002)","Unfall 53875 (2022) Kat:3, Licht: 0","53875","3","3","5","11","13","2","","0","0","1","0","0"
"POINT (6.991801401000030 50.947440200000102)","Unfall 53878 (2022) Kat:3, Licht: 0","53878","3","7","0","11","15","5","","0","0","0","1","0"
"POINT (7.006576831000070 50.966846404000101)","Unfall 53902 (2022) Kat:3, Licht: 0","53902","3","2","5","11","08","2","","0","0","1","0","0"
"POINT (7.049821447000060 50.865403004000001)","Unfall 53907 (2022) Kat:3, Licht: 0","53907","3","6","6","11","16","7","","0","0","1","1","0"
"POINT (6.842544782000060 51.031996725000099)","Unfall 53937 (2022) Kat:3, Licht: 2","53937","3","6","2","11","04","6","","2","0","1","0","0"
"POINT (6.967868598000050 50.883253027000102)","Unfall 54007 (2022) Kat:3, Licht: 0","54007","3","6","0","11","15","5","","0","0","1","0","0"
"POINT (6.967806138000070 50.891460660000099)","Unfall 54014 (2022) Kat:3, Licht: 0","54014","3","6","2","11","16","6","","0","0","1","0","0"
"POINT (6.974305653000040 50.955355860000097)","Unfall 54019 (2022) Kat:3, Licht: 2","54019","3","6","1","11","07","5","","2","0","1","0","0"
"POINT (6.840048641000070 51.043820529000101)","Unfall 54039 (2022) Kat:3, Licht: 0","54039","3","2","4","10","11","2","","0","0","1","0","0"
"POINT (6.928405492000020 50.944954879000100)","Unfall 54046 (2022) Kat:3, Licht: 2","54046","3","6","3","11","17","5","","2","0","1","0","1"
"POINT (6.861475571000030 50.987491959000103)","Unfall 54057 (2022) Kat:3, Licht: 0","54057","3","6","2","11","13","7","","0","0","1","0","0"
"POINT (7.008843935000070 50.959158724000098)","Unfall 54064 (2022) Kat:3, Licht: 2","54064","3","5","1","11","20","4","","2","0","1","0","0"
"POINT (6.937363563000080 50.925123608000000)","Unfall 54068 (2022) Kat:3, Licht: 0","54068","3","1","0","11","10","6","","0","1","0","0","0"
"POINT (6.912233394000050 50.906543177000103)","Unfall 54079 (2022) Kat:3, Licht: 0","54079","3","2","4","11","09","5","","0","0","1","0","0"
"POINT (6.850871496000020 51.054481625000101)","Unfall 54093 (2022) Kat:3, Licht: 2","54093","3","2","5","11","07","4","","2","0","1","0","0"
"POINT (6.969381894000040 50.874033149000098)","Unfall 54119 (2022) Kat:2, Licht: 0","54119","2","6","2","11","13","6","","0","0","1","0","0"
"POINT (7.030561223000060 50.968158178000103)","Unfall 54130 (2022) Kat:3, Licht: 2","54130","3","6","2","11","19","5","","2","0","1","0","0"
"POINT (7.051589669000070 50.932033154000102)","Unfall 54133 (2022) Kat:3, Licht: 0","54133","3","6","3","11","10","4","","0","0","1","0","0"
"POINT (6.941751723000040 50.928918228000001)","Unfall 54156 (2022) Kat:3, Licht: 0","54156","3","5","0","11","15","4","","0","1","1","0","0"
"POINT (7.021456358000020 50.940296961999998)","Unfall 54166 (2022) Kat:3, Licht: 0","54166","3","7","2","11","07","3","","0","0","0","0","1"
"POINT (6.947213540000060 50.930117647000003)","Unfall 54190 (2022) Kat:3, Licht: 0","54190","3","2","1","11","10","4","","0","0","1","0","0"
"POINT (6.961037755000060 50.935692140000100)","Unfall 54203 (2022) Kat:2, Licht: 0","54203","2","1","6","11","12","2","","0","0","1","1","0"
"POINT (6.929883104000060 50.925738107000001)","Unfall 54226 (2022) Kat:3, Licht: 0","54226","3","3","0","11","13","5","","0","1","1","0","0"
"POINT (7.035087900000060 50.911851706000000)","Unfall 54227 (2022) Kat:3, Licht: 2","54227","3","6","2","11","17","5","","2","0","1","0","0"
"POINT (6.902442224000030 50.977518711000101)","Unfall 54234 (2022) Kat:3, Licht: 0","54234","3","3","0","11","08","4","","0","1","1","0","0"
"POINT (7.051737703000070 50.982964643000102)","Unfall 54238 (2022) Kat:3, Licht: 0","54238","3","6","6","11","08","7","","0","1","0","1","0"
"POINT (6.969076457000030 50.955859838999999)","Unfall 54245 (2022) Kat:2, Licht: 0","54245","2","3","5","10","11","2","","0","1","1","0","0"
"POINT (6.926597382000070 50.942687522000000)","Unfall 54262 (2022) Kat:3, Licht: 2","54262","3","6","1","11","17","3","","2","0","1","0","0"
"POINT (6.882613113000050 51.003400215000099)","Unfall 54277 (2022) Kat:3, Licht: 0","54277","3","6","2","11","14","7","","0","0","1","0","0"
"POINT (7.079294925000060 50.890204144000101)","Unfall 54280 (2022) Kat:3, Licht: 0","54280","3","6","2","11","12","4","","0","0","1","0","0"
"POINT (6.976163785000040 50.953993562000100)","Unfall 54283 (2022) Kat:3, Licht: 0","54283","3","6","1","10","12","1","","0","0","1","0","0"
"POINT (6.981147388000070 50.959924746000098)","Unfall 54289 (2022) Kat:3, Licht: 2","54289","3","1","7","11","00","1","","2","1","0","0","0"
"POINT (6.933053671000040 50.920845079000102)","Unfall 54294 (2022) Kat:2, Licht: 2","54294","2","3","5","11","19","3","","2","0","1","0","0"
"POINT (6.924937890000020 50.933613460000103)","Unfall 54299 (2022) Kat:3, Licht: 2","54299","3","6","4","11","18","5","","2","1","1","0","0"
"POINT (7.113932119000030 50.914985678000100)","Unfall 54307 (2022) Kat:2, Licht: 0","54307","2","1","8","11","09","6","","0","0","1","0","0"
"POINT (6.990683306000050 50.916531920000097)","Unfall 54331 (2022) Kat:3, Licht: 0","54331","3","1","0","10","10","1","","0","0","0","0","1"
"POINT (7.043277800000060 50.929732168999998)","Unfall 54336 (2022) Kat:3, Licht: 2","54336","3","1","8","11","00","7","","2","0","1","0","0"
"POINT (6.890417554000070 50.924678669999999)","Unfall 54360 (2022) Kat:3, Licht: 0","54360","3","1","0","11","08","6","","0","1","0","0","0"
"POINT (7.090227413000040 50.858100354000001)","Unfall 54379 (2022) Kat:3, Licht: 2","54379","3","2","4","11","19","5","","2","1","1","0","0"
"POINT (6.944182136000050 50.935939427000100)","Unfall 54393 (2022) Kat:3, Licht: 2","54393","3","3","0","10","18","2","","2","1","0","0","0"
"POINT (6.909369414000030 50.928004187000099)","Unfall 54399 (2022) Kat:3, Licht: 0","54399","3","2","5","11","10","5","","0","1","1","0","0"
"POINT (6.960614949000050 50.928480805000000)","Unfall 54425 (2022) Kat:3, Licht: 0","54425","3","2","3","11","14","2","","0","1","0","0","0"
"POINT (6.967180474000030 50.891844677000101)","Unfall 54437 (2022) Kat:3, Licht: 0","54437","3","6","2","11","16","6","","0","0","1","0","0"
"POINT (7.000619447000080 50.882439806000001)","Unfall 54470 (2022) Kat:2, Licht: 0","54470","2","2","5","11","09","5","","0","1","1","0","0"
"POINT (6.865964505000020 50.937975761000096)","Unfall 54485 (2022) Kat:3, Licht: 2","54485","3","6","3","11","21","4","","2","1","0","0","0"
"POINT (6.975407427000050 50.957026616000100)","Unfall 54492 (2022) Kat:3, Licht: 1","54492","3","6","2","10","17","2","","1","0","0","0","1"
"POINT (6.869366821000030 50.922837643000001)","Unfall 54500 (2022) Kat:3, Licht: 1","54500","3","3","5","11","15","5","","1","0","0","0","1"
"POINT (6.954752767000060 50.934918249000098)","Unfall 54513 (2022) Kat:3, Licht: 2","54513","3","2","5","11","21","4","","2","0","1","0","0"
"POINT (7.083770800000020 50.864864740000002)","Unfall 54523 (2022) Kat:3, Licht: 0","54523","3","1","1","11","15","1","","0","0","1","0","0"
"POINT (6.940136462000050 50.941331716000001)","Unfall 54526 (2022) Kat:3, Licht: 0","54526","3","7","0","11","16","2","","0","1","1","0","0"
"POINT (6.932806905000060 50.948597952999997)","Unfall 54538 (2022) Kat:2, Licht: 2","54538","2","1","0","11","18","6","","2","0","0","0","0"
"POINT (6.939051063000020 50.935392929000002)","Unfall 54568 (2022) Kat:3, Licht: 2","54568","3","4","6","11","19","5","","2","0","1","1","0"
"POINT (6.849273368000070 50.938462614000102)","Unfall 54571 (2022) Kat:3, Licht: 0","54571","3","6","2","11","08","2","","0","0","1","0","0"
"POINT (6.925324580000050 50.939429201000102)","Unfall 54581 (2022) Kat:3, Licht: 0","54581","3","6","2","11","15","4","","0","0","1","0","0"
"POINT (6.861475571000030 50.987491959000103)","Unfall 54584 (2022) Kat:3, Licht: 0","54584","3","6","2","11","09","6","","0","0","1","0","0"
"POINT (6.890900254000030 50.922399794999997)","Unfall 54588 (2022) Kat:3, Licht: 0","54588","3","6","2","10","11","2","","0","0","1","0","0"
"POINT (6.988351845000070 50.918476828999999)","Unfall 54622 (2022) Kat:3, Licht: 0","54622","3","1","0","11","08","2","","0","0","0","0","1"
"POINT (6.937047565000060 50.924975882000098)","Unfall 54635 (2022) Kat:3, Licht: 0","54635","3","4","6","11","09","6","","0","1","0","1","0"
"POINT (7.088329040000080 50.857743126999999)","Unfall 54643 (2022) Kat:3, Licht: 1","54643","3","6","2","11","06","3","","1","0","1","0","0"
"POINT (6.976911370000040 50.845427110999999)","Unfall 54644 (2022) Kat:2, Licht: 2","54644","2","2","2","11","06","2","","2","0","1","0","1"
"POINT (6.989735252000060 50.895075615000103)","Unfall 54646 (2022) Kat:3, Licht: 0","54646","3","3","5","11","14","5","","0","0","1","0","0"
"POINT (6.936778542000070 50.931683324000097)","Unfall 54701 (2022) Kat:3, Licht: 0","54701","3","6","0","11","07","4","","0","1","1","0","0"
"POINT (6.949775885000070 50.955480633999997)","Unfall 54717 (2022) Kat:2, Licht: 2","54717","2","2","6","11","18","1","","2","0","1","1","0"
"POINT (6.850210068000020 50.968236907000097)","Unfall 54726 (2022) Kat:3, Licht: 2","54726","3","6","2","11","06","5","","2","0","1","0","0"
"POINT (7.022342407000050 50.920548417000099)","Unfall 54738 (2022) Kat:3, Licht: 0","54738","3","7","0","11","12","1","","0","0","1","0","0"
"POINT (6.883595790000070 51.002891961000003)","Unfall 54762 (2022) Kat:3, Licht: 2","54762","3","6","3","11","07","4","","2","0","1","0","0"
"POINT (7.127897773000030 50.910283956000100)","Unfall 54792 (2022) Kat:3, Licht: 0","54792","3","2","5","11","08","5","","0","0","1","0","0"
"POINT (6.981915150000020 50.943042525000102)","Unfall 54807 (2022) Kat:3, Licht: 0","54807","3","6","3","11","13","4","","0","1","0","0","0"
"POINT (6.914466711000050 50.936732755000001)","Unfall 54819 (2022) Kat:3, Licht: 0","54819","3","3","5","11","16","2","","0","1","1","0","0"
"POINT (7.105232056000030 50.913717754000103)","Unfall 54822 (2022) Kat:2, Licht: 0","54822","2","2","4","11","07","5","","0","0","1","0","1"
"POINT (7.014750154000070 50.933865906000101)","Unfall 54833 (2022) Kat:3, Licht: 0","54833","3","3","5","11","06","4","","0","1","1","0","0"
"POINT (6.928442554000070 50.910109929999997)","Unfall 54845 (2022) Kat:2, Licht: 0","54845","2","6","2","11","08","5","","0","0","1","0","0"
"POINT (6.939609447000070 50.939144138000103)","Unfall 54874 (2022) Kat:3, Licht: 2","54874","3","1","6","11","01","1","","2","0","0","1","0"
"POINT (7.052809264000080 50.930917376000103)","Unfall 54890 (2022) Kat:3, Licht: 0","54890","3","6","2","11","11","6","","0","0","1","0","0"
"POINT (6.977436347000040 50.934159868999998)","Unfall 54895 (2022) Kat:3, Licht: 0","54895","3","5","2","11","13","5","","0","0","1","0","1"
"POINT (6.974221840000040 50.955230944999997)","Unfall 54915 (2022) Kat:2, Licht: 0","54915","2","6","2","10","16","2","","0","0","1","0","0"
"POINT (6.924967370000050 50.933560300000103)","Unfall 54937 (2022) Kat:2, Licht: 0","54937","2","1","0","11","09","4","","0","1","0","0","0"
"POINT (6.938085426000040 50.952279420000103)","Unfall 54967 (2022) Kat:3, Licht: 2","54967","3","1","0","11","22","4","","2","1","0","0","0"
"POINT (6.850144457000060 50.972160920000100)","Unfall 54971 (2022) Kat:3, Licht: 0","54971","3","6","2","11","15","3","","0","0","1","0","0"
"POINT (6.944340242000070 50.935802412999998)","Unfall 54987 (2022) Kat:3, Licht: 0","54987","3","4","6","11","09","6","","0","1","0","1","0"
"POINT (6.969034347000050 50.879425033000103)","Unfall 55009 (2022) Kat:2, Licht: 0","55009","2","6","1","11","13","4","","0","0","0","0","0"
"POINT (7.081237772000070 50.915804913999999)","Unfall 55014 (2022) Kat:3, Licht: 1","55014","3","2","3","11","16","7","","1","1","1","0","0"
"POINT (6.957539862000030 50.875779754000099)","Unfall 55021 (2022) Kat:3, Licht: 0","55021","3","3","5","10","11","2","","0","1","1","0","0"
"POINT (6.835849485000040 50.938098295000003)","Unfall 55029 (2022) Kat:3, Licht: 0","55029","3","7","6","11","15","2","","0","0","0","1","0"
"POINT (6.962643766000040 50.942965671000103)","Unfall 55070 (2022) Kat:3, Licht: 0","55070","3","3","5","11","08","5","","0","1","1","0","0"
"POINT (6.939971669000040 50.940549875000002)","Unfall 55075 (2022) Kat:3, Licht: 2","55075","3","1","0","11","01","5","","2","0","0","0","0"
"POINT (6.970150774000050 50.886614631999997)","Unfall 55080 (2022) Kat:3, Licht: 1","55080","3","6","8","10","16","1","","1","0","0","0","1"
"POINT (7.012920655000070 51.018540516000002)","Unfall 55081 (2022) Kat:3, Licht: 1","55081","3","6","2","11","06","4","","1","0","1","0","0"
"POINT (6.945677543000040 50.926555047000100)","Unfall 55084 (2022) Kat:3, Licht: 2","55084","3","7","6","11","01","6","","2","0","0","1","0"
"POINT (6.937041283000040 50.880555268000101)","Unfall 55089 (2022) Kat:3, Licht: 0","55089","3","6","2","11","16","6","","0","0","1","0","0"
"POINT (7.019039049000070 50.915262054999999)","Unfall 55094 (2022) Kat:3, Licht: 0","55094","3","6","2","11","16","5","","0","0","1","0","0"
"POINT (6.991801404000060 50.947440201000099)","Unfall 55107 (2022) Kat:3, Licht: 2","55107","3","7","6","11","19","4","","2","0","0","1","0"
"POINT (6.837209406000060 51.039630094000103)","Unfall 55130 (2022) Kat:3, Licht: 2","55130","3","1","4","11","03","7","","2","0","1","0","0"
"POINT (6.898529537000060 51.043371768000000)","Unfall 55136 (2022) Kat:3, Licht: 0","55136","3","7","0","11","14","3","","0","1","0","0","0"
"POINT (7.075564061000020 50.902785375000100)","Unfall 55152 (2022) Kat:3, Licht: 0","55152","3","6","2","11","10","5","","0","0","1","0","0"
"POINT (6.971310664000040 50.936815232000100)","Unfall 55155 (2022) Kat:3, Licht: 1","55155","3","7","6","11","18","4","","1","0","1","0","0"
"POINT (7.031518636000040 50.966461862000102)","Unfall 55159 (2022) Kat:3, Licht: 0","55159","3","1","4","11","08","4","","0","0","1","0","0"
"POINT (6.956767809000040 50.903829446000003)","Unfall 55167 (2022) Kat:3, Licht: 2","55167","3","1","0","11","06","5","","2","1","0","0","0"
"POINT (6.911026138000070 50.953875971999999)","Unfall 55175 (2022) Kat:3, Licht: 0","55175","3","4","6","11","09","5","","0","0","0","1","0"
"POINT (6.975118350000060 50.956952081000097)","Unfall 55223 (2022) Kat:3, Licht: 0","55223","3","7","6","11","10","2","","0","0","1","1","0"
"POINT (6.884118882000050 50.995020892000099)","Unfall 55238 (2022) Kat:3, Licht: 2","55238","3","6","2","11","19","6","","2","0","1","0","0"
"POINT (6.940691812000070 50.936191448000002)","Unfall 55265 (2022) Kat:3, Licht: 2","55265","3","3","5","11","19","3","","2","1","1","0","0"
"POINT (7.078830462000040 50.895585484999998)","Unfall 55313 (2022) Kat:3, Licht: 0","55313","3","6","2","11","15","6","","0","1","1","0","0"
"POINT (6.924086827000050 50.936556950000103)","Unfall 55318 (2022) Kat:3, Licht: 2","55318","3","3","5","11","18","5","","2","1","1","0","0"
"POINT (6.903063215000030 50.956711718000101)","Unfall 55322 (2022) Kat:3, Licht: 0","55322","3","2","5","11","08","7","","0","1","1","0","0"
"POINT (7.078880575000030 50.896341964000001)","Unfall 55327 (2022) Kat:3, Licht: 0","55327","3","3","5","11","09","4","","0","0","1","0","0"
"POINT (6.851648094000040 51.053688287000099)","Unfall 55344 (2022) Kat:2, Licht: 0","55344","2","1","8","11","15","6","","0","0","1","0","0"
"POINT (7.059849439000060 50.883322552000003)","Unfall 55349 (2022) Kat:3, Licht: 0","55349","3","5","0","11","08","5","","0","1","0","0","0"
"POINT (6.816372324000040 50.938626223000000)","Unfall 55364 (2022) Kat:3, Licht: 1","55364","3","6","0","11","06","4","","1","0","1","0","0"
"POINT (6.962509697000030 50.941779285000102)","Unfall 55385 (2022) Kat:2, Licht: 0","55385","2","3","5","11","10","4","","0","0","1","0","0"
"POINT (6.918533753000080 50.949091414000101)","Unfall 55392 (2022) Kat:3, Licht: 0","55392","3","3","5","11","13","4","","0","0","1","0","1"