WKT,Name,OBJECTID,UKATEGORIE,UTYP1,UART,UMONAT,USTUNDE,UWOCHENTAG,STRZUSTAND,ULICHTVERH,ISTRAD,ISTPKW,ISTFUSS,ISTKRAD
"POINT (6.974509648000040 50.887812800000098)","Unfall 55425 (2022) Kat:3, Licht: 2","55425","3","6","2","11","06","2","","2","0","1","0","0"
"POINT (7.084709289000050 50.881279838000097)","Unfall 55428 (2022) Kat:3, Licht: 2","55428","3","5","3","11","18","5","","2","1","1","0","0"
"POINT (6.971862361000030 50.864363068999999)","Unfall 55431 (2022) Kat:3, Licht: 2","55431","3","6","2","11","17","4","","2","0","1","0","0"
"POINT (6.917552607000060 50.969900158000002)","Unfall 55435 (2022) Kat:3, Licht: 1","55435","3","6","4","11","16","4","","1","0","1","0","0"
"POINT (6.867536977000040 50.970903980999999)","Unfall 55445 (2022) Kat:3, Licht: 0","55445","3","6","3","10","07","2","","0","0","0","0","1"
"POINT (6.963277635000050 50.933639407999998)","Unfall 55450 (2022) Kat:3, Licht: 2","55450","3","6","3","11","05","3","","2","0","1","0","0"
"POINT (6.901866106000060 50.957115107000000)","Unfall 55452 (2022) Kat:3, Licht: 2","55452","3","3","5","11","21","2","","2","1","1","0","0"
"POINT (6.847460507000050 50.918359998000000)","Unfall 55458 (2022) Kat:2, Licht: 0","55458","2","3","5","11","12","4","","0","0","1","0","0"
"POINT (6.971900707000030 50.956768324000102)","Unfall 55462 (2022) Kat:3, Licht: 1","55462","3","4","6","11","18","3","","1","0","1","1","0"
"POINT (6.920837548000070 50.967095147000101)","Unfall 55466 (2022) Kat:3, Licht: 0","55466","3","6","2","10","15","2","","0","0","1","0","0"
"POINT (6.930485959000070 50.946693283000101)","Unfall 55506 (2022) Kat:3, Licht: 0","55506","3","2","3","11","15","4","","0","1","0","0","0"
"POINT (7.069204613000070 50.906328977000001)","Unfall 55515 (2022) Kat:3, Licht: 2","55515","3","6","2","11","18","1","","2","0","1","0","0"
"POINT (6.923163789000060 50.947136516999997)","Unfall 55521 (2022) Kat:3, Licht: 0","55521","3","3","5","11","16","2","","0","0","1","0","0"
"POINT (6.933881623000050 50.964511174000101)","Unfall 55530 (2022) Kat:3, Licht: 0","55530","3","3","5","11","12","4","","0","1","1","0","0"
"POINT (6.935546815000070 50.942255580000101)","Unfall 55532 (2022) Kat:3, Licht: 2","55532","3","1","2","11","20","6","","2","0","1","0","0"
"POINT (6.971301860000040 50.938530511000103)","Unfall 55574 (2022) Kat:3, Licht: 2","55574","3","6","2","11","01","7","","2","0","1","0","0"
"POINT (7.106398342000030 50.859133051000100)","Unfall 55576 (2022) Kat:2, Licht: 0","55576","2","4","6","11","12","5","","0","0","1","1","0"
"POINT (7.089721771000030 50.922184078999997)","Unfall 55591 (2022) Kat:3, Licht: 0","55591","3","3","5","11","08","5","","0","1","1","0","0"
"POINT (6.982130371000040 50.962902508000099)","Unfall 55606 (2022) Kat:3, Licht: 0","55606","3","1","0","11","09","7","","0","1","0","0","0"
"POINT (7.088915502000020 50.894663595000097)","Unfall 55623 (2022) Kat:3, Licht: 0","55623","3","6","3","11","14","3","","0","0","1","0","0"
"POINT (6.950884114000080 50.948623765000001)","Unfall 55651 (2022) Kat:3, Licht: 0","55651","3","7","0","11","16","3","","0","1","0","0","0"
"POINT (6.927601297000020 50.895833429000000)","Unfall 55683 (2022) Kat:3, Licht: 0","55683","3","2","5","11","13","4","","0","0","1","0","1"
"POINT (6.834114058000070 50.938378101000097)","Unfall 55728 (2022) Kat:3, Licht: 0","55728","3","6","2","11","15","3","","0","0","1","0","0"
"POINT (7.013829532000050 51.013175736000100)","Unfall 55739 (2022) Kat:2, Licht: 0","55739","2","6","2","11","11","6","","0","0","1","0","0"
"POINT (6.860233460000070 51.069713202999999)","Unfall 55759 (2022) Kat:3, Licht: 2","55759","3","2","6","11","05","4","","2","0","1","1","0"
"POINT (6.983307182000030 50.937335969999999)","Unfall 55766 (2022) Kat:3, Licht: 2","55766","3","6","3","11","20","3","","2","1","1","0","0"
"POINT (6.912856665000050 50.944994592999997)","Unfall 55777 (2022) Kat:3, Licht: 2","55777","3","5","5","11","22","4","","2","1","0","0","0"
"POINT (6.975360650000030 50.939853463000098)","Unfall 55778 (2022) Kat:3, Licht: 0","55778","3","2","5","11","07","2","","0","1","1","0","0"
"POINT (6.929883104000060 50.925738107000001)","Unfall 55814 (2022) Kat:3, Licht: 1","55814","3","1","0","11","16","4","","1","0","0","0","0"
"POINT (6.895980127000030 50.959639201000101)","Unfall 55854 (2022) Kat:2, Licht: 2","55854","2","4","6","11","18","4","","2","0","1","1","0"
"POINT (6.941968559000030 50.935809429000102)","Unfall 55855 (2022) Kat:3, Licht: 2","55855","3","7","0","11","17","3","","2","0","1","0","0"
"POINT (6.983307182000030 50.937335969999999)","Unfall 55860 (2022) Kat:3, Licht: 2","55860","3","2","3","11","05","2","","2","0","1","0","0"
"POINT (7.033247858000040 50.938625898000097)","Unfall 55861 (2022) Kat:3, Licht: 0","55861","3","6","3","11","16","3","","0","0","1","0","0"
"POINT (6.813860293000060 50.938753245000001)","Unfall 55872 (2022) Kat:3, Licht: 2","55872","3","6","3","11","18","4","","2","0","1","0","1"
"POINT (6.994068712000060 50.964761775000099)","Unfall 55876 (2022) Kat:3, Licht: 0","55876","3","6","1","11","10","6","","0","0","1","0","0"
"POINT (6.929943175000060 50.925184785000098)","Unfall 55882 (2022) Kat:3, Licht: 2","55882","3","2","6","11","17","4","","2","0","1","1","0"
"POINT (6.970989367000070 50.932910294000102)","Unfall 55884 (2022) Kat:3, Licht: 2","55884","3","7","3","11","18","7","","2","0","1","0","0"
"POINT (7.060150670000040 50.927763612000000)","Unfall 55934 (2022) Kat:3, Licht: 2","55934","3","2","5","11","16","4","","2","0","1","0","0"
"POINT (7.030187047000030 50.970211635000098)","Unfall 55989 (2022) Kat:3, Licht: 2","55989","3","1","5","11","21","4","","2","0","1","0","0"
"POINT (6.995801389000060 50.937291901999998)","Unfall 56001 (2022) Kat:3, Licht: 0","56001","3","3","5","11","10","3","","0","0","1","0","0"
"POINT (6.850302917000020 50.967339682000002)","Unfall 56028 (2022) Kat:3, Licht: 0","56028","3","6","2","11","12","6","","0","0","1","0","0"
"POINT (7.025777063000020 50.940238888000103)","Unfall 56059 (2022) Kat:3, Licht: 0","56059","3","1","0","11","12","2","","0","1","0","0","0"
"POINT (7.039643876000070 50.945510167000101)","Unfall 56063 (2022) Kat:3, Licht: 0","56063","3","6","2","11","09","7","","0","0","0","0","0"
"POINT (6.900685032000070 50.957527970999998)","Unfall 56096 (2022) Kat:3, Licht: 0","56096","3","3","5","11","09","4","","0","1","1","0","0"
"POINT (6.920942648000050 50.954545102000097)","Unfall 56097 (2022) Kat:3, Licht: 1","56097","3","4","0","11","16","3","","1","0","0","1","0"
"POINT (6.919325354000020 50.948750773000000)","Unfall 56117 (2022) Kat:3, Licht: 1","56117","3","3","5","12","07","5","","1","1","1","0","0"
"POINT (6.941761810000060 50.929371609000000)","Unfall 56135 (2022) Kat:3, Licht: 0","56135","3","2","3","11","10","3","","0","1","1","0","0"
"POINT (7.005210358000060 50.938315251000098)","Unfall 56157 (2022) Kat:3, Licht: 0","56157","3","2","5","11","14","3","","0","1","1","0","0"
"POINT (6.890271389000080 50.937517481000000)","Unfall 56164 (2022) Kat:2, Licht: 0","56164","2","3","0","11","12","4","","0","0","1","0","0"
"POINT (6.897661851000070 50.937154552000003)","Unfall 56167 (2022) Kat:3, Licht: 0","56167","3","6","6","11","12","5","","0","0","0","1","0"
"POINT (6.943830816000060 50.989200131000104)","Unfall 56171 (2022) Kat:3, Licht: 2","56171","3","6","2","12","18","5","","2","0","1","0","0"
"POINT (7.085202601000050 50.946973761000002)","Unfall 56179 (2022) Kat:3, Licht: 2","56179","3","6","2","11","17","4","","2","0","1","0","0"
"POINT (7.026844783000060 50.965818861000102)","Unfall 56196 (2022) Kat:3, Licht: 0","56196","3","6","3","11","13","2","","0","0","0","0","0"
"POINT (6.911180123000070 50.953777069000097)","Unfall 56218 (2022) Kat:3, Licht: 2","56218","3","7","6","11","21","2","","2","1","0","1","0"
"POINT (6.921906537000040 50.910552801999998)","Unfall 56228 (2022) Kat:3, Licht: 2","56228","3","2","5","12","17","5","","2","0","1","0","0"
"POINT (6.833314313000070 51.058620593000100)","Unfall 56236 (2022) Kat:3, Licht: 1","56236","3","6","2","11","07","4","","1","0","1","0","0"
"POINT (6.855341178000060 50.937880684000000)","Unfall 56248 (2022) Kat:3, Licht: 0","56248","3","7","6","11","11","3","","0","1","0","1","0"
"POINT (7.012868560000070 50.947884665000103)","Unfall 56253 (2022) Kat:3, Licht: 0","56253","3","6","2","11","08","2","","0","0","1","0","0"
"POINT (6.829453024000030 50.959786124000097)","Unfall 56256 (2022) Kat:3, Licht: 0","56256","3","3","5","11","12","6","","0","0","1","0","1"
"POINT (6.912955972000020 50.943177657000000)","Unfall 56301 (2022) Kat:3, Licht: 0","56301","3","6","0","11","13","3","","0","0","1","0","1"
"POINT (7.016273080000080 50.914913354000099)","Unfall 56309 (2022) Kat:3, Licht: 0","56309","3","6","2","11","14","6","","0","0","1","0","0"
"POINT (6.926382766000070 50.930937366000101)","Unfall 56316 (2022) Kat:3, Licht: 2","56316","3","3","5","11","06","1","","2","0","1","0","0"
"POINT (6.940622349000020 50.885701656000002)","Unfall 56334 (2022) Kat:2, Licht: 2","56334","2","6","2","11","07","3","","2","0","1","0","0"
"POINT (6.906319780000050 51.031573215999998)","Unfall 56335 (2022) Kat:3, Licht: 2","56335","3","1","0","11","17","6","","2","1","0","0","0"
"POINT (6.925426787000050 50.939689223000101)","Unfall 56343 (2022) Kat:3, Licht: 2","56343","3","1","0","11","04","7","","2","1","0","0","0"
"POINT (7.082430825000070 50.879374411000100)","Unfall 56349 (2022) Kat:3, Licht: 0","56349","3","6","2","11","09","3","","0","0","1","0","0"
"POINT (6.880373303000060 50.993714562999997)","Unfall 56351 (2022) Kat:3, Licht: 2","56351","3","6","3","11","17","6","","2","0","1","0","0"
"POINT (7.065368036000050 50.971378339000097)","Unfall 56357 (2022) Kat:3, Licht: 2","56357","3","3","5","11","17","4","","2","0","1","0","0"
"POINT (7.006931386000080 50.969350458000100)","Unfall 56359 (2022) Kat:3, Licht: 0","56359","3","1","0","11","13","7","","0","0","0","0","1"
"POINT (6.924268644000050 50.936757768000099)","Unfall 56360 (2022) Kat:3, Licht: 0","56360","3","3","5","11","16","5","","0","0","1","0","1"
"POINT (6.945129635000060 50.946303859000103)","Unfall 56380 (2022) Kat:3, Licht: 2","56380","3","2","3","11","19","4","","2","1","0","0","1"
"POINT (6.938722603000030 50.940740480999999)","Unfall 56433 (2022) Kat:3, Licht: 2","56433","3","2","3","11","19","3","","2","1","1","0","0"
"POINT (6.920777628000050 50.948130284000101)","Unfall 56449 (2022) Kat:3, Licht: 1","56449","3","6","1","11","17","4","","1","0","1","0","0"
"POINT (6.951150906000070 50.935402492999998)","Unfall 56451 (2022) Kat:3, Licht: 0","56451","3","6","2","11","11","7","","0","0","1","0","0"
"POINT (6.972790612000040 50.956488153000102)","Unfall 56471 (2022) Kat:3, Licht: 2","56471","3","7","8","11","02","3","","2","0","1","0","0"
"POINT (6.955600506000050 50.950238241000100)","Unfall 56477 (2022) Kat:3, Licht: 0","56477","3","5","1","11","11","3","","0","0","1","0","1"
"POINT (6.957321966000050 50.883618427999998)","Unfall 56494 (2022) Kat:2, Licht: 0","56494","2","6","2","11","11","2","","0","0","0","0","0"
"POINT (6.940235235000050 50.932548738999998)","Unfall 56508 (2022) Kat:3, Licht: 2","56508","3","1","0","11","03","7","","2","1","0","0","0"
"POINT (7.020061016000060 50.940250401000100)","Unfall 56518 (2022) Kat:3, Licht: 2","56518","3","1","0","11","04","1","","2","1","0","0","0"
"POINT (7.017444378000050 50.963922273000001)","Unfall 56529 (2022) Kat:2, Licht: 1","56529","2","2","4","11","16","6","","1","0","1","0","1"
"POINT (6.929479882000070 50.917787550000099)","Unfall 56548 (2022) Kat:3, Licht: 2","56548","3","1","0","11","18","1","","2","0","0","0","1"
"POINT (7.000345375000050 50.937672986999999)","Unfall 56571 (2022) Kat:3, Licht: 0","56571","3","7","0","11","14","3","","0","0","0","0","1"
"POINT (6.953689894000040 50.964667201000097)","Unfall 56579 (2022) Kat:3, Licht: 0","56579","3","5","5","11","12","3","","0","1","1","0","0"
"POINT (6.866480174000060 50.969974599000103)","Unfall 56624 (2022) Kat:3, Licht: 2","56624","3","6","2","11","18","4","","2","0","1","0","0"
"POINT (6.976486388000070 50.906485134000000)","Unfall 56631 (2022) Kat:3, Licht: 2","56631","3","3","5","11","17","2","","2","1","1","0","0"
"POINT (6.995550511000030 51.002603285000099)","Unfall 56632 (2022) Kat:3, Licht: 2","56632","3","1","9","11","03","3","","2","0","1","0","0"
"POINT (6.930159513000040 50.955309467000099)","Unfall 56639 (2022) Kat:3, Licht: 0","56639","3","7","0","11","09","4","","0","1","0","1","0"
"POINT (7.081503289000070 50.883884190000103)","Unfall 56642 (2022) Kat:3, Licht: 0","56642","3","7","0","11","15","7","","0","0","0","0","0"
"POINT (6.852423003000070 50.937940780000098)","Unfall 56670 (2022) Kat:3, Licht: 2","56670","3","2","3","11","07","2","","2","0","1","0","1"
"POINT (7.012868565000080 50.947884665000103)","Unfall 56674 (2022) Kat:3, Licht: 0","56674","3","6","2","11","08","2","","0","0","1","0","0"
"POINT (7.048787304000030 50.998930292000097)","Unfall 56696 (2022) Kat:3, Licht: 2","56696","3","5","0","11","20","4","","2","1","1","0","0"
"POINT (7.021368645000050 50.940294068000100)","Unfall 56702 (2022) Kat:3, Licht: 0","56702","3","6","1","11","15","5","","0","0","1","0","0"
"POINT (7.045919488000040 50.937468602000102)","Unfall 56727 (2022) Kat:3, Licht: 2","56727","3","6","3","11","18","3","","2","0","1","0","0"
"POINT (6.888085235000060 51.000180817999997)","Unfall 56740 (2022) Kat:3, Licht: 2","56740","3","1","0","11","16","4","","2","0","0","0","1"
"POINT (6.941203405000070 50.943911841000002)","Unfall 56771 (2022) Kat:3, Licht: 1","56771","3","3","5","11","16","7","","1","1","1","0","0"
"POINT (6.925891593000070 50.931676358000097)","Unfall 56777 (2022) Kat:3, Licht: 2","56777","3","6","2","11","22","3","","2","0","1","0","0"
"POINT (7.098073553000060 50.920046937000102)","Unfall 56807 (2022) Kat:3, Licht: 2","56807","3","6","2","11","07","3","","2","0","1","0","0"
"POINT (6.936778542000070 50.931683324000097)","Unfall 56859 (2022) Kat:3, Licht: 0","56859","3","7","0","11","11","4","","0","1","0","0","0"
"POINT (7.014166094000070 50.975011582000000)","Unfall 56867 (2022) Kat:3, Licht: 0","56867","3","1","0","11","09","3","","0","0","0","0","1"
"POINT (6.922785369000050 50.956037144000000)","Unfall 56881 (2022) Kat:3, Licht: 0","56881","3","2","5","12","08","5","","0","0","1","0","0"
"POINT (6.931326963000060 50.877649674000097)","Unfall 56901 (2022) Kat:3, Licht: 0","56901","3","6","1","11","15","2","","0","0","1","0","0"
"POINT (6.957799664000050 50.957668355000102)","Unfall 56905 (2022) Kat:3, Licht: 0","56905","3","2","2","11","12","2","","0","0","1","0","0"
"POINT (6.945128616000030 50.927051214000102)","Unfall 56921 (2022) Kat:3, Licht: 2","56921","3","2","5","12","21","2","","2","0","1","0","0"
"POINT (7.076684985000040 50.945142325000099)","Unfall 56928 (2022) Kat:3, Licht: 0","56928","3","5","1","12","11","6","","0","1","1","0","0"
"POINT (7.017385483000060 50.963910326000097)","Unfall 56938 (2022) Kat:3, Licht: 2","56938","3","1","0","12","16","2","","2","1","0","0","0"
"POINT (6.935419250000050 50.877406548000103)","Unfall 56940 (2022) Kat:3, Licht: 2","56940","3","2","4","12","20","3","","2","0","1","0","0"
"POINT (6.912800259000050 50.936787185000099)","Unfall 56953 (2022) Kat:3, Licht: 0","56953","3","2","2","12","12","3","","0","0","1","0","0"
"POINT (6.977958631000040 50.937100448000102)","Unfall 56959 (2022) Kat:3, Licht: 1","56959","3","3","5","12","07","4","","1","1","1","0","0"
"POINT (6.974786854000060 50.893939361999998)","Unfall 57013 (2022) Kat:3, Licht: 2","57013","3","6","2","12","18","3","","2","0","1","0","0"
"POINT (6.939330291000030 50.927013534000103)","Unfall 57038 (2022) Kat:3, Licht: 2","57038","3","3","5","12","22","6","","2","0","1","0","0"
"POINT (6.984115643000050 50.900933458000097)","Unfall 57040 (2022) Kat:3, Licht: 2","57040","3","6","2","12","17","4","","2","0","1","0","0"
"POINT (7.034052293000060 50.967298477000000)","Unfall 57053 (2022) Kat:2, Licht: 2","57053","2","3","5","12","00","1","","2","0","1","0","0"
"POINT (7.065368036000050 50.971378339000097)","Unfall 57080 (2022) Kat:3, Licht: 2","57080","3","2","5","12","17","3","","2","1","1","0","0"
"POINT (6.972995187000040 50.887182506000002)","Unfall 57083 (2022) Kat:3, Licht: 2","57083","3","6","2","12","18","4","","2","0","1","0","1"
"POINT (6.936937283000020 50.941491403000001)","Unfall 57084 (2022) Kat:3, Licht: 0","57084","3","5","0","12","09","6","","0","1","1","0","0"
"POINT (6.932785174000060 50.920823624999997)","Unfall 57110 (2022) Kat:3, Licht: 2","57110","3","3","5","12","17","4","","2","1","1","0","0"
"POINT (6.968544067000040 50.882105393000103)","Unfall 57143 (2022) Kat:3, Licht: 0","57143","3","6","2","12","15","6","","0","0","1","0","0"
"POINT (6.932806905000060 50.948597952999997)","Unfall 57145 (2022) Kat:3, Licht: 0","57145","3","3","5","12","06","4","","0","1","1","0","0"
"POINT (6.969526621000060 50.884143983000101)","Unfall 57156 (2022) Kat:3, Licht: 1","57156","3","6","2","12","07","3","","1","0","1","0","0"
"POINT (6.944448554000080 50.935802291000101)","Unfall 57194 (2022) Kat:3, Licht: 0","57194","3","6","2","12","14","2","","0","0","1","0","1"
"POINT (6.969076457000030 50.955859838999999)","Unfall 57227 (2022) Kat:3, Licht: 0","57227","3","2","4","12","14","5","","0","0","1","0","0"
"POINT (6.948862137000050 50.850524544999999)","Unfall 57283 (2022) Kat:3, Licht: 0","57283","3","1","8","12","14","5","","0","0","1","0","0"
"POINT (6.919473664000070 50.948686364000103)","Unfall 57294 (2022) Kat:3, Licht: 2","57294","3","2","3","12","19","4","","2","1","1","0","0"
"POINT (6.973347213000070 50.955956044000096)","Unfall 57319 (2022) Kat:3, Licht: 2","57319","3","6","2","12","17","4","","2","0","1","0","0"
"POINT (6.893756254000040 51.019765537000097)","Unfall 57333 (2022) Kat:3, Licht: 2","57333","3","1","8","12","01","6","","2","0","1","0","0"
"POINT (6.934433497000040 50.932993889000002)","Unfall 57356 (2022) Kat:2, Licht: 2","57356","2","4","6","12","22","3","","2","0","1","1","0"
"POINT (7.005267682000070 50.938324436000102)","Unfall 57357 (2022) Kat:3, Licht: 0","57357","3","7","6","12","14","6","","0","0","1","1","0"
"POINT (7.010918309000030 50.970083615000100)","Unfall 57358 (2022) Kat:3, Licht: 1","57358","3","3","0","12","16","7","","1","1","1","0","0"
"POINT (6.854933424000020 51.056084253000101)","Unfall 57390 (2022) Kat:3, Licht: 1","57390","3","4","6","12","08","6","","1","0","1","1","0"
"POINT (7.013032364000030 50.989089438000100)","Unfall 57397 (2022) Kat:3, Licht: 2","57397","3","6","2","12","17","4","","2","0","1","0","0"
"POINT (6.969381894000040 50.874033149000098)","Unfall 57401 (2022) Kat:3, Licht: 0","57401","3","6","2","12","14","6","","0","0","1","0","0"
"POINT (7.074165668000030 50.899707982999999)","Unfall 57404 (2022) Kat:3, Licht: 2","57404","3","2","5","12","08","2","","2","0","1","0","0"
"POINT (7.038194319000070 50.948979866999998)","Unfall 57435 (2022) Kat:3, Licht: 0","57435","3","3","3","12","08","3","","0","0","1","0","0"
"POINT (6.860356505000030 50.978307954999998)","Unfall 57459 (2022) Kat:3, Licht: 0","57459","3","1","8","12","12","2","","0","0","1","0","0"
"POINT (6.937363563000080 50.925123608000000)","Unfall 57464 (2022) Kat:3, Licht: 2","57464","3","6","3","12","17","1","","2","0","1","0","0"
"POINT (7.062197369000050 50.882939993000001)","Unfall 57474 (2022) Kat:3, Licht: 1","57474","3","3","5","12","15","2","","1","0","1","0","0"
"POINT (6.978888979000030 50.939730748999999)","Unfall 57480 (2022) Kat:3, Licht: 0","57480","3","1","0","12","08","6","","0","1","0","0","0"
"POINT (6.970036512000040 50.869526097000097)","Unfall 57485 (2022) Kat:3, Licht: 2","57485","3","6","2","12","19","5","","2","0","1","0","0"
"POINT (6.921910493000040 50.854990018000102)","Unfall 57489 (2022) Kat:3, Licht: 2","57489","3","1","0","12","17","4","","2","0","0","0","1"
"POINT (7.096106023000060 50.843564272999998)","Unfall 57490 (2022) Kat:3, Licht: 1","57490","3","7","9","12","17","3","","1","0","1","0","0"
"POINT (7.016273080000080 50.914913354000099)","Unfall 57554 (2022) Kat:3, Licht: 2","57554","3","6","1","12","05","3","","2","0","1","0","0"
"POINT (7.020896566000030 50.940278439000103)","Unfall 57563 (2022) Kat:3, Licht: 0","57563","3","1","0","12","13","5","","0","0","0","0","1"
"POINT (6.891031137000030 50.997084184000101)","Unfall 57587 (2022) Kat:3, Licht: 2","57587","3","6","3","12","06","5","","2","0","1","0","0"
"POINT (6.829142942000030 50.959666343000002)","Unfall 57599 (2022) Kat:3, Licht: 1","57599","3","2","0","12","16","3","","1","1","1","0","0"
"POINT (6.923897270000050 50.912138059000000)","Unfall 57602 (2022) Kat:3, Licht: 0","57602","3","6","5","12","09","5","","0","0","0","0","1"
"POINT (7.041433832000050 50.941281398999998)","Unfall 57610 (2022) Kat:3, Licht: 0","57610","3","6","2","12","14","2","","0","0","1","0","0"
"POINT (6.952729069000040 51.029456123999999)","Unfall 57619 (2022) Kat:2, Licht: 2","57619","2","7","2","12","16","2","","2","0","1","0","0"
"POINT (6.945404115000030 50.935795591000002)","Unfall 57639 (2022) Kat:3, Licht: 0","57639","3","3","0","12","08","5","","0","1","0","0","0"
"POINT (6.882061626000050 50.910929953999997)","Unfall 57643 (2022) Kat:3, Licht: 0","57643","3","6","3","12","12","3","","0","0","1","0","0"
"POINT (7.030057724000070 50.940260725000002)","Unfall 57663 (2022) Kat:3, Licht: 0","57663","3","2","0","12","13","6","","0","1","1","0","0"
"POINT (7.082666380000030 50.880367098000100)","Unfall 57669 (2022) Kat:3, Licht: 2","57669","3","5","1","12","18","4","","2","1","1","0","0"
"POINT (7.049452070000030 50.942847636000103)","Unfall 57671 (2022) Kat:3, Licht: 2","57671","3","2","5","12","20","1","","2","0","1","0","0"
"POINT (6.871649290000050 50.951411871000097)","Unfall 57673 (2022) Kat:3, Licht: 0","57673","3","6","3","12","14","6","","0","0","1","0","0"
"POINT (7.107999593000050 50.858076708000098)","Unfall 57680 (2022) Kat:3, Licht: 0","57680","3","7","0","12","08","7","","0","0","0","0","0"
"POINT (7.092946032000040 50.929667023000000)","Unfall 57685 (2022) Kat:3, Licht: 0","57685","3","2","4","12","15","3","","0","0","1","0","0"
"POINT (6.948385132000060 50.894080578999997)","Unfall 57694 (2022) Kat:3, Licht: 2","57694","3","3","5","12","19","5","","2","0","1","0","0"
"POINT (6.989735252000060 50.895075615000103)","Unfall 57727 (2022) Kat:3, Licht: 0","57727","3","3","5","12","07","6","","0","1","1","0","0"
"POINT (6.915897284000040 50.950725966000000)","Unfall 57729 (2022) Kat:3, Licht: 0","57729","3","2","5","12","12","4","","0","1","1","0","0"
"POINT (6.890417554000070 50.924678669999999)","Unfall 57769 (2022) Kat:3, Licht: 1","57769","3","2","5","12","19","3","","1","0","1","0","0"
"POINT (6.922484625000040 50.956158183000099)","Unfall 57773 (2022) Kat:3, Licht: 0","57773","3","4","5","12","17","6","","0","0","0","1","0"
"POINT (6.914164995000020 50.951844967000099)","Unfall 57785 (2022) Kat:3, Licht: 0","57785","3","2","5","12","10","6","","0","0","1","0","0"
"POINT (6.995774845000030 50.876159885000000)","Unfall 57806 (2022) Kat:3, Licht: 2","57806","3","6","2","12","07","2","","2","0","1","0","0"
"POINT (6.985405061000050 50.944978085000102)","Unfall 57820 (2022) Kat:3, Licht: 0","57820","3","6","2","12","13","1","","0","0","1","0","0"
"POINT (6.947902215000060 50.893646672999999)","Unfall 57826 (2022) Kat:3, Licht: 0","57826","3","2","2","12","14","1","","0","0","1","0","0"
"POINT (7.054574352000030 50.889692703000001)","Unfall 57829 (2022) Kat:3, Licht: 0","57829","3","3","5","12","13","2","","0","0","1","0","0"
"POINT (6.948479052000040 50.979167792000098)","Unfall 57835 (2022) Kat:3, Licht: 0","57835","3","4","6","12","15","6","","0","0","1","1","0"
"POINT (7.022678532000040 50.918726646000003)","Unfall 57837 (2022) Kat:3, Licht: 2","57837","3","1","0","12","18","4","","2","0","0","0","1"
"POINT (6.960857004000050 50.935604357999999)","Unfall 57840 (2022) Kat:3, Licht: 2","57840","3","6","6","12","19","5","","2","0","0","1","0"
"POINT (6.974556309000040 50.859506678999999)","Unfall 57871 (2022) Kat:3, Licht: 1","57871","3","7","8","12","16","2","","1","0","1","0","0"
"POINT (7.081430878000050 50.885778795000100)","Unfall 57878 (2022) Kat:3, Licht: 2","57878","3","6","2","12","18","6","","2","0","1","0","0"
"POINT (7.100088282000060 50.858878837000098)","Unfall 57888 (2022) Kat:3, Licht: 2","57888","3","2","6","12","07","2","","2","0","1","1","0"
"POINT (6.946372312000050 50.850554002000102)","Unfall 57899 (2022) Kat:3, Licht: 0","57899","3","6","2","12","08","5","","0","0","1","0","0"
"POINT (7.078314794000050 50.894504816000101)","Unfall 57901 (2022) Kat:3, Licht: 2","57901","3","6","1","12","17","7","","2","0","1","0","0"
"POINT (6.981546884000070 50.937209754999998)","Unfall 57919 (2022) Kat:3, Licht: 1","57919","3","6","2","12","18","5","","1","0","1","0","0"
"POINT (6.960964687000060 50.936020970000101)","Unfall 57953 (2022) Kat:3, Licht: 2","57953","3","4","6","12","19","1","","2","0","1","1","0"
"POINT (6.963004021000070 50.927683494000100)","Unfall 57967 (2022) Kat:3, Licht: 2","57967","3","6","0","12","07","3","","2","1","0","0","0"
"POINT (7.094222653000030 50.883755839999999)","Unfall 57968 (2022) Kat:3, Licht: 0","57968","3","6","2","12","14","7","","0","0","1","0","0"
"POINT (6.833385749000060 50.938390982999998)","Unfall 58007 (2022) Kat:3, Licht: 0","58007","3","2","3","12","10","2","","0","0","1","0","0"
"POINT (6.940834266000020 50.931197630000000)","Unfall 58008 (2022) Kat:3, Licht: 0","58008","3","1","0","12","13","4","","0","1","0","0","0"
"POINT (6.903773742000060 50.937196803000099)","Unfall 58044 (2022) Kat:3, Licht: 0","58044","3","2","5","12","08","2","","0","1","1","0","0"
"POINT (6.927938001000030 50.944595501000002)","Unfall 58047 (2022) Kat:3, Licht: 0","58047","3","1","0","12","08","7","","0","0","0","0","0"
"POINT (6.942871325000060 50.935785763000098)","Unfall 58061 (2022) Kat:3, Licht: 2","58061","3","3","5","12","19","6","","2","1","1","0","0"
"POINT (6.930243681000040 50.918509067999999)","Unfall 58076 (2022) Kat:3, Licht: 0","58076","3","5","1","12","11","1","","0","1","1","0","0"
"POINT (6.930527845000030 50.998149188000099)","Unfall 58080 (2022) Kat:3, Licht: 2","58080","3","6","2","12","18","6","","2","0","1","0","0"
"POINT (6.923676395000030 50.912257560999997)","Unfall 58095 (2022) Kat:2, Licht: 0","58095","2","2","2","12","15","3","","0","0","1","0","0"
"POINT (7.011043523000070 50.970292929000003)","Unfall 58107 (2022) Kat:3, Licht: 0","58107","3","3","5","12","14","4","","0","0","1","0","0"
"POINT (7.006416380000080 50.963543193000099)","Unfall 58115 (2022) Kat:3, Licht: 2","58115","3","6","0","12","23","1","","2","0","1","0","1"
"POINT (6.940342739000070 50.942155815000000)","Unfall 58128 (2022) Kat:3, Licht: 2","58128","3","5","1","12","19","6","","2","1","1","0","0"