WKT,Name,OBJECTID,UKATEGORIE,UTYP1,UART,UMONAT,USTUNDE,UWOCHENTAG,STRZUSTAND,ULICHTVERH,ISTRAD,ISTPKW,ISTFUSS,ISTKRAD
"POINT (6.895708530000040 50.914687899999997)","Unfall 58147 (2022) Kat:3, Licht: 0","58147","3","6","1","12","12","1","","0","0","1","0","0"
"POINT (6.981915150000020 50.943042525000102)","Unfall 58171 (2022) Kat:3, Licht: 0","58171","3","2","1","12","10","6","","0","1","1","0","0"
"POINT (6.854537465000020 50.976800519000101)","Unfall 58180 (2022) Kat:3, Licht: 2","58180","3","3","5","12","06","4","","2","0","1","0","0"
"POINT (6.947363492000020 50.884332502000099)","Unfall 58207 (2022) Kat:3, Licht: 2","58207","3","6","2","12","17","2","","2","0","1","0","0"
"POINT (6.932806905000060 50.948597952999997)","Unfall 58217 (2022) Kat:3, Licht: 1","58217","3","3","5","12","16","3","","1","1","1","0","0"
"POINT (6.896628028000070 50.994798486999997)","Unfall 58255 (2022) Kat:3, Licht: 2","58255","3","1","8","12","18","5","","2","0","1","0","0"
"POINT (6.946372312000050 50.850554002000102)","Unfall 58289 (2022) Kat:3, Licht: 1","58289","3","6","2","12","16","1","","1","0","1","0","0"
"POINT (7.059470238000070 50.974724821000102)","Unfall 58294 (2022) Kat:3, Licht: 0","58294","3","2","6","12","08","3","","0","0","1","1","0"
"POINT (7.038223704000070 50.940730803000100)","Unfall 58304 (2022) Kat:3, Licht: 0","58304","3","6","2","12","15","7","","0","0","1","0","0"
"POINT (6.933881623000050 50.964511174000101)","Unfall 58319 (2022) Kat:3, Licht: 2","58319","3","1","9","12","18","6","","2","0","1","0","0"
"POINT (6.931262071000050 50.947330217000101)","Unfall 58323 (2022) Kat:3, Licht: 1","58323","3","6","2","12","07","2","","1","0","1","0","0"
"POINT (6.977544946000020 50.934490625000102)","Unfall 58344 (2022) Kat:2, Licht: 1","58344","2","7","0","12","08","4","","1","0","1","0","0"
"POINT (6.927171216000030 50.915597637000097)","Unfall 58362 (2022) Kat:2, Licht: 0","58362","2","7","0","12","14","2","","0","0","0","0","0"
"POINT (6.865047204000060 50.988950905000102)","Unfall 58381 (2022) Kat:3, Licht: 2","58381","3","6","2","12","07","3","","2","0","1","0","0"
"POINT (6.927601297000020 50.895833429000000)","Unfall 58404 (2022) Kat:3, Licht: 2","58404","3","2","0","12","18","1","","2","0","1","0","0"
"POINT (7.002222905000050 50.980488381000001)","Unfall 58442 (2022) Kat:3, Licht: 2","58442","3","6","1","12","06","2","","2","0","1","0","0"
"POINT (7.003642187000030 50.947050654000101)","Unfall 58447 (2022) Kat:3, Licht: 2","58447","3","1","7","12","01","1","","2","1","0","0","0"
"POINT (6.901537821000030 50.926338106999999)","Unfall 58462 (2022) Kat:3, Licht: 2","58462","3","3","5","12","07","3","","2","0","1","0","0"
"POINT (6.940584446000060 50.992733938000100)","Unfall 58471 (2022) Kat:3, Licht: 0","58471","3","7","0","12","15","5","","0","0","0","1","0"
"POINT (7.054439605000030 50.879608231000098)","Unfall 58489 (2022) Kat:3, Licht: 2","58489","3","1","0","12","23","1","","2","1","0","0","0"
"POINT (6.995774845000030 50.876159885000000)","Unfall 58500 (2022) Kat:3, Licht: 2","58500","3","6","2","12","07","2","","2","0","1","0","0"
"POINT (7.013029542000030 51.016734545000098)","Unfall 58506 (2022) Kat:3, Licht: 1","58506","3","6","2","12","16","6","","1","0","1","0","0"
"POINT (7.010976409000020 50.957660813000103)","Unfall 58511 (2022) Kat:3, Licht: 0","58511","3","6","0","12","11","5","","0","0","1","0","0"
"POINT (6.917728614000050 50.949540021000097)","Unfall 58513 (2022) Kat:3, Licht: 0","58513","3","5","1","12","15","7","","0","1","1","0","0"
"POINT (6.987597706000030 50.936428403000001)","Unfall 58516 (2022) Kat:3, Licht: 2","58516","3","6","2","12","16","3","","2","0","1","0","1"
"POINT (6.891031137000030 50.997084184000101)","Unfall 58530 (2022) Kat:3, Licht: 2","58530","3","6","1","12","18","6","","2","0","1","0","0"
"POINT (6.924403064000050 50.936756704000103)","Unfall 58533 (2022) Kat:3, Licht: 0","58533","3","1","0","12","08","2","","0","1","0","0","0"
"POINT (6.909930672000030 50.954446549000103)","Unfall 58537 (2022) Kat:3, Licht: 0","58537","3","6","2","12","15","7","","0","0","1","0","0"
"POINT (6.908822547000060 50.927771126000003)","Unfall 58540 (2022) Kat:3, Licht: 2","58540","3","3","0","12","23","3","","2","0","1","0","1"
"POINT (6.886684635000050 50.995802181999998)","Unfall 58555 (2022) Kat:3, Licht: 1","58555","3","1","9","12","16","4","","1","0","1","0","0"
"POINT (7.095922439000050 50.858742720000102)","Unfall 58582 (2022) Kat:3, Licht: 2","58582","3","2","6","12","18","2","","2","0","1","1","0"
"POINT (7.013850080000050 50.953125073000102)","Unfall 58591 (2022) Kat:3, Licht: 0","58591","3","2","0","12","13","2","","0","1","1","0","0"
"POINT (6.924802039000040 50.935552947000097)","Unfall 58594 (2022) Kat:3, Licht: 0","58594","3","1","0","12","12","5","","0","0","0","0","1"
"POINT (7.016650385000050 50.983279755000098)","Unfall 58670 (2022) Kat:3, Licht: 0","58670","3","1","8","12","13","3","","0","0","1","0","0"
"POINT (6.877437506000040 50.937855999000099)","Unfall 58680 (2022) Kat:3, Licht: 0","58680","3","1","0","12","10","5","","0","0","0","0","1"
"POINT (7.013829532000050 51.013175736000100)","Unfall 58713 (2022) Kat:2, Licht: 2","58713","2","6","3","12","15","7","","2","0","1","0","0"
"POINT (6.915017314000070 50.903785499000001)","Unfall 58720 (2022) Kat:3, Licht: 0","58720","3","6","1","12","12","6","","0","0","1","0","0"
"POINT (6.890417554000070 50.924678669999999)","Unfall 58730 (2022) Kat:3, Licht: 0","58730","3","6","2","12","11","4","","0","0","1","0","0"
"POINT (6.926127584000030 50.914260970000001)","Unfall 58783 (2022) Kat:3, Licht: 0","58783","3","1","2","12","14","3","","0","0","1","0","0"
"POINT (6.981727222000070 50.937595488000099)","Unfall 58789 (2022) Kat:2, Licht: 2","58789","2","6","9","12","00","5","","2","0","1","0","0"
"POINT (6.914185011000030 50.921268081000100)","Unfall 58820 (2022) Kat:3, Licht: 0","58820","3","1","2","12","11","6","","0","0","1","0","0"
"POINT (7.014736433000050 50.975310979000000)","Unfall 58840 (2022) Kat:2, Licht: 0","58840","2","1","0","08","15","6","","0","1","0","0","0"
"POINT (6.940363933000070 50.942233998000098)","Unfall 58912 (2022) Kat:3, Licht: 0","58912","3","5","3","10","17","4","","0","1","1","0","0"
"POINT (7.095273981000050 50.949564443000000)","Unfall 58927 (2022) Kat:3, Licht: 2","58927","3","7","8","12","02","7","","2","0","1","0","0"
"POINT (6.900043821000050 50.957759090000103)","Unfall 58979 (2022) Kat:2, Licht: 0","58979","2","1","0","12","13","3","","0","1","0","0","0"
"POINT (7.013466248000040 50.999801130000002)","Unfall 59007 (2022) Kat:3, Licht: 0","59007","3","6","3","12","15","6","","0","0","1","0","0"
"POINT (6.992872546000060 50.948385639000001)","Unfall 59060 (2022) Kat:3, Licht: 2","59060","3","2","0","12","06","6","","2","1","0","0","0"
"POINT (6.927610248000060 50.928988640999997)","Unfall 59080 (2022) Kat:3, Licht: 0","59080","3","2","5","04","10","5","","0","1","1","0","0"
"POINT (6.927588083000050 50.895837215000000)","Unfall 59105 (2022) Kat:3, Licht: 1","59105","3","2","4","12","16","1","","1","0","1","0","0"
"POINT (6.983979105000060 50.901031245000098)","Unfall 59213 (2022) Kat:2, Licht: 2","59213","2","1","0","12","19","6","","2","1","0","0","0"
"POINT (6.924710590000070 50.937824310000103)","Unfall 59243 (2022) Kat:3, Licht: 0","59243","3","6","2","12","14","6","","0","0","1","0","0"
"POINT (6.998480712000060 50.937563109999999)","Unfall 59277 (2022) Kat:3, Licht: 0","59277","3","4","6","12","13","4","","0","1","0","1","0"
"POINT (7.035075705000050 50.967507527000102)","Unfall 59286 (2022) Kat:3, Licht: 0","59286","3","6","2","12","14","1","","0","0","1","0","0"
"POINT (7.037533892000060 50.933613153000103)","Unfall 59297 (2022) Kat:3, Licht: 0","59297","3","2","5","08","15","4","","0","0","1","0","1"
"POINT (6.978682229000070 50.939527686000098)","Unfall 59319 (2022) Kat:3, Licht: 2","59319","3","2","5","12","22","5","","2","0","1","0","0"
"POINT (6.921942919000060 50.947644727000103)","Unfall 59322 (2022) Kat:3, Licht: 2","59322","3","5","3","12","18","5","","2","1","1","0","0"
"POINT (6.947008674000070 50.930093964999998)","Unfall 59374 (2022) Kat:2, Licht: 2","59374","2","2","3","12","21","5","","2","0","1","0","0"
"POINT (7.022878346000030 50.980542464999999)","Unfall 59427 (2022) Kat:3, Licht: 2","59427","3","2","5","12","18","3","","2","0","1","0","1"
"POINT (6.940860964000020 50.930547490000002)","Unfall 59503 (2022) Kat:3, Licht: 2","59503","3","6","1","12","00","7","","2","0","1","0","0"
"POINT (7.016274576000060 50.940071867000000)","Unfall 59538 (2022) Kat:3, Licht: 2","59538","3","1","0","08","17","2","","2","0","0","0","0"
"POINT (6.916856212000030 50.936659360000100)","Unfall 59558 (2022) Kat:3, Licht: 2","59558","3","1","0","12","00","6","","2","1","0","0","0"
"POINT (6.981839617000050 50.851295101000098)","Unfall 59627 (2022) Kat:2, Licht: 0","59627","2","6","3","12","17","7","","0","1","0","0","0"
"POINT (7.079127173000070 50.981640910000102)","Unfall 59632 (2022) Kat:3, Licht: 1","59632","3","2","5","12","08","5","","1","1","1","0","0"
"POINT (7.007897239000040 50.959825371000100)","Unfall 59860 (2022) Kat:3, Licht: 2","59860","3","4","6","12","19","6","","2","0","1","1","0"
"POINT (6.899291815000030 50.990874736000102)","Unfall 59891 (2022) Kat:3, Licht: 0","59891","3","6","2","12","13","6","","0","0","1","0","0"
"POINT (6.931956367000050 50.919791611999997)","Unfall 59892 (2022) Kat:3, Licht: 0","59892","3","6","2","12","11","5","","0","0","1","0","0"
"POINT (7.020896728000030 50.949225501000100)","Unfall 59909 (2022) Kat:3, Licht: 2","59909","3","6","2","12","19","5","","2","0","1","0","0"
"POINT (6.900362545000060 50.937277220000098)","Unfall 59940 (2022) Kat:3, Licht: 0","59940","3","2","5","12","15","3","","0","1","1","0","0"
"POINT (7.070232905000070 50.920463213000097)","Unfall 59964 (2022) Kat:2, Licht: 0","59964","2","7","8","12","14","3","","0","0","1","0","0"
"POINT (6.969404110000030 50.931034271000001)","Unfall 59969 (2022) Kat:3, Licht: 0","59969","3","1","0","12","12","6","","0","1","0","0","0"
"POINT (7.017449835000040 50.982533658000101)","Unfall 59970 (2022) Kat:2, Licht: 2","59970","2","6","3","12","20","5","","2","0","1","0","0"
"POINT (6.940995705000030 50.953777350999999)","Unfall 59993 (2022) Kat:3, Licht: 0","59993","3","6","2","12","14","1","","0","0","1","0","0"
"POINT (6.924051653000050 50.946762012000100)","Unfall 60025 (2022) Kat:3, Licht: 0","60025","3","1","0","12","15","5","","0","1","0","0","0"
"POINT (7.097129851000030 50.857354717000099)","Unfall 60040 (2022) Kat:3, Licht: 0","60040","3","6","2","02","08","5","","0","0","1","0","0"
"POINT (7.009587980000050 50.962591818000099)","Unfall 60051 (2022) Kat:3, Licht: 0","60051","3","2","0","12","15","2","","0","0","1","1","0"
"POINT (6.971817748000030 50.914009567000100)","Unfall 60093 (2022) Kat:3, Licht: 0","60093","3","4","6","12","14","6","","0","0","1","1","0"
"POINT (6.940995705000030 50.953777350999999)","Unfall 60150 (2022) Kat:3, Licht: 1","60150","3","6","2","12","17","7","","1","0","1","0","0"
"POINT (7.041522525000060 50.932439829000003)","Unfall 166174 (2022) Kat:3, Licht: 0","166174","3","5","0","01","14","7","","0","1","1","0","0"
"POINT (6.900747458000070 50.934477103000098)","Unfall 166214 (2022) Kat:2, Licht: 0","166214","2","1","0","01","08","7","","0","1","0","0","0"
"POINT (6.927269810000040 51.014758211000100)","Unfall 166221 (2022) Kat:2, Licht: 0","166221","2","7","0","01","08","2","","0","1","0","0","0"
"POINT (6.925571769000040 50.951608880000002)","Unfall 166226 (2022) Kat:3, Licht: 2","166226","3","2","6","01","20","6","","2","0","1","1","0"
"POINT (6.849584922000080 50.947883318999999)","Unfall 166282 (2022) Kat:3, Licht: 0","166282","3","1","0","01","09","7","","0","1","0","0","0"
"POINT (6.903926426000060 51.023634366000103)","Unfall 166291 (2022) Kat:3, Licht: 2","166291","3","1","0","01","05","2","","2","1","0","0","0"
"POINT (6.960372842000030 50.910694772000099)","Unfall 166357 (2022) Kat:3, Licht: 2","166357","3","2","2","01","19","4","","2","1","1","0","0"
"POINT (7.005828095000030 50.949551495999998)","Unfall 166371 (2022) Kat:3, Licht: 2","166371","3","2","6","01","20","3","","2","0","1","1","0"
"POINT (7.020024605000060 50.900184068000002)","Unfall 166401 (2022) Kat:3, Licht: 0","166401","3","1","0","01","09","7","","0","1","0","0","0"
"POINT (6.941148341000030 50.911719668000003)","Unfall 166440 (2022) Kat:3, Licht: 0","166440","3","1","0","01","10","6","","0","1","0","0","0"
"POINT (7.066360656000030 50.897032418999999)","Unfall 166498 (2022) Kat:3, Licht: 2","166498","3","2","6","01","18","2","","2","0","1","1","0"
"POINT (6.956101144000060 50.955048777999998)","Unfall 166541 (2022) Kat:2, Licht: 2","166541","2","4","0","01","17","4","","2","1","0","1","0"
"POINT (6.922150960000070 50.973086702000003)","Unfall 166542 (2022) Kat:3, Licht: 0","166542","3","6","1","01","08","2","","0","0","1","0","0"
"POINT (6.938562517000040 50.929878162000101)","Unfall 166607 (2022) Kat:3, Licht: 2","166607","3","6","3","01","18","4","","2","0","1","0","0"
"POINT (6.949726612000060 50.918927070999999)","Unfall 166630 (2022) Kat:2, Licht: 2","166630","2","2","6","01","17","5","","2","0","1","1","0"
"POINT (7.022836621000070 50.924945354999998)","Unfall 166663 (2022) Kat:2, Licht: 2","166663","2","2","4","01","07","6","","2","0","1","0","1"
"POINT (6.879461813000030 50.956043534999999)","Unfall 166705 (2022) Kat:3, Licht: 0","166705","3","3","5","01","14","3","","0","0","1","0","0"
"POINT (7.083838146000060 50.917499104000100)","Unfall 166722 (2022) Kat:3, Licht: 0","166722","3","7","9","01","08","4","","0","0","1","0","0"
"POINT (7.097590429000040 50.878365553000002)","Unfall 166763 (2022) Kat:3, Licht: 2","166763","3","2","5","01","17","1","","2","1","1","0","0"
"POINT (6.867228775000060 51.062403333000098)","Unfall 166780 (2022) Kat:2, Licht: 0","166780","2","6","3","01","16","2","","0","1","0","0","1"
"POINT (6.849584930000050 50.947883320000102)","Unfall 166786 (2022) Kat:3, Licht: 0","166786","3","1","0","01","09","7","","0","1","0","0","0"
"POINT (6.945648727000050 50.959404454999998)","Unfall 166832 (2022) Kat:3, Licht: 0","166832","3","1","0","01","09","2","","0","1","0","0","0"
"POINT (7.004161449000040 50.967271681000099)","Unfall 166879 (2022) Kat:3, Licht: 1","166879","3","3","5","01","08","2","","1","1","1","0","0"
"POINT (7.067024283000020 50.871523048000000)","Unfall 166894 (2022) Kat:3, Licht: 2","166894","3","1","8","01","01","7","","2","0","1","0","0"
"POINT (6.900837143000050 50.934456992999998)","Unfall 166968 (2022) Kat:3, Licht: 2","166968","3","3","0","01","07","4","","2","1","1","0","0"
"POINT (7.005160857000020 50.870222748000103)","Unfall 166988 (2022) Kat:3, Licht: 0","166988","3","6","2","01","08","3","","0","0","1","0","0"
"POINT (6.952493936000050 50.950612335000102)","Unfall 166993 (2022) Kat:3, Licht: 2","166993","3","7","1","01","21","5","","2","1","1","0","0"
"POINT (7.061681783000040 50.967740016000100)","Unfall 167007 (2022) Kat:3, Licht: 2","167007","3","2","5","01","18","2","","2","0","1","0","0"
"POINT (7.030324152000050 50.873124991000097)","Unfall 167010 (2022) Kat:3, Licht: 2","167010","3","7","1","01","02","7","","2","0","1","1","0"
"POINT (6.998184678000030 50.935722609000003)","Unfall 167027 (2022) Kat:3, Licht: 0","167027","3","7","0","01","16","6","","0","0","0","1","1"
"POINT (6.833250509000040 50.967023422000103)","Unfall 167082 (2022) Kat:2, Licht: 1","167082","2","7","0","01","07","7","","1","1","0","0","0"
"POINT (6.940853071000050 50.913403340999999)","Unfall 167150 (2022) Kat:3, Licht: 2","167150","3","1","0","01","20","4","","2","0","0","0","0"
"POINT (6.941623071000040 50.916939577999997)","Unfall 167156 (2022) Kat:2, Licht: 0","167156","2","2","5","01","13","6","","0","0","1","0","0"
"POINT (6.927905927000040 50.950628748000000)","Unfall 167286 (2022) Kat:3, Licht: 2","167286","3","7","6","01","17","3","","2","1","0","1","0"
"POINT (6.960117573000050 50.996423231000101)","Unfall 167306 (2022) Kat:3, Licht: 2","167306","3","1","0","01","06","2","","2","1","0","0","0"
"POINT (6.938460940000030 50.929820999000100)","Unfall 167322 (2022) Kat:3, Licht: 2","167322","3","7","1","01","18","3","","2","1","1","0","0"
"POINT (6.959251786000040 50.922240322000100)","Unfall 167331 (2022) Kat:3, Licht: 2","167331","3","6","3","01","21","7","","2","1","1","0","0"
"POINT (6.948443328000050 50.942370359000101)","Unfall 167365 (2022) Kat:2, Licht: 0","167365","2","6","0","01","14","5","","0","1","1","0","0"
"POINT (7.011662315000020 50.941671407999998)","Unfall 167385 (2022) Kat:2, Licht: 0","167385","2","6","4","01","11","6","","0","1","1","0","0"
"POINT (6.960218304000020 50.918490503000001)","Unfall 167408 (2022) Kat:3, Licht: 1","167408","3","1","7","01","16","7","","1","0","0","0","0"
"POINT (7.060571691000060 50.885289766000000)","Unfall 167446 (2022) Kat:3, Licht: 0","167446","3","1","0","01","09","7","","0","0","0","0","0"
"POINT (6.920843352000080 50.953546830999997)","Unfall 167604 (2022) Kat:3, Licht: 2","167604","3","1","0","01","20","3","","2","1","0","0","0"
"POINT (7.005918505000070 50.959720219000097)","Unfall 167609 (2022) Kat:3, Licht: 0","167609","3","2","5","01","11","5","","0","1","1","0","0"
"POINT (6.937324713000070 50.937453179000002)","Unfall 167673 (2022) Kat:3, Licht: 0","167673","3","4","6","02","13","6","","0","0","0","1","0"
"POINT (6.995480784000050 50.894379602000100)","Unfall 167721 (2022) Kat:3, Licht: 0","167721","3","2","0","01","13","5","","0","0","1","1","0"
"POINT (6.959123353000050 50.947309498999999)","Unfall 167738 (2022) Kat:3, Licht: 1","167738","3","2","5","01","07","2","","1","1","1","0","0"
"POINT (6.945537364000070 50.959466937000101)","Unfall 167747 (2022) Kat:3, Licht: 0","167747","3","3","0","02","16","3","","0","0","1","0","0"
"POINT (6.921672646000050 50.922244378000102)","Unfall 167756 (2022) Kat:3, Licht: 1","167756","3","1","0","01","15","4","","1","1","0","0","0"
"POINT (6.933386977000050 50.952325176999999)","Unfall 167757 (2022) Kat:3, Licht: 1","167757","3","5","1","02","07","4","","1","1","1","0","0"
"POINT (6.996928682000030 50.961172466000100)","Unfall 167792 (2022) Kat:3, Licht: 1","167792","3","2","5","01","17","5","","1","1","1","0","0"
"POINT (7.010199378000040 50.971481454000099)","Unfall 167799 (2022) Kat:2, Licht: 0","167799","2","6","2","01","07","2","","0","0","1","0","0"
"POINT (6.890910159000040 50.976253777000103)","Unfall 167805 (2022) Kat:3, Licht: 0","167805","3","6","1","01","14","6","","0","0","1","0","0"
"POINT (6.958180133000040 50.926098952000103)","Unfall 167809 (2022) Kat:3, Licht: 0","167809","3","4","6","01","13","4","","0","0","0","1","0"
"POINT (7.063834069000050 50.890768258000001)","Unfall 167816 (2022) Kat:3, Licht: 2","167816","3","4","0","02","18","4","","2","0","1","1","0"
"POINT (7.018597444000020 50.874834040000103)","Unfall 167817 (2022) Kat:2, Licht: 1","167817","2","3","0","01","07","2","","1","1","1","0","0"
"POINT (6.931695343000060 50.955262913000098)","Unfall 167818 (2022) Kat:3, Licht: 2","167818","3","1","0","02","23","2","","2","1","1","0","0"
"POINT (6.957449629000050 50.950833922000101)","Unfall 167824 (2022) Kat:2, Licht: 0","167824","2","1","0","01","13","4","","0","0","0","0","1"
"POINT (7.032301849000020 50.975627883000101)","Unfall 167835 (2022) Kat:3, Licht: 2","167835","3","6","2","01","20","4","","2","0","1","0","0"
"POINT (6.959903926000040 50.975417563000100)","Unfall 167838 (2022) Kat:3, Licht: 2","167838","3","2","5","01","18","6","","2","0","1","0","0"
"POINT (6.956661498000070 50.966422986000097)","Unfall 167840 (2022) Kat:3, Licht: 0","167840","3","1","0","01","15","1","","0","0","0","0","0"
"POINT (6.918268399000060 50.982974906000003)","Unfall 167859 (2022) Kat:3, Licht: 0","167859","3","3","5","01","11","3","","0","1","0","0","0"
"POINT (6.922768194000070 50.952843977000001)","Unfall 167861 (2022) Kat:3, Licht: 2","167861","3","1","7","01","19","4","","2","1","0","0","0"
"POINT (6.958165375000020 50.948467127000100)","Unfall 167863 (2022) Kat:3, Licht: 2","167863","3","1","8","02","23","3","","2","0","0","0","0"
"POINT (6.950608085000060 50.949315921999997)","Unfall 167873 (2022) Kat:3, Licht: 1","167873","3","7","3","01","07","2","","1","1","1","0","0"
"POINT (7.011930544000050 50.881458635000101)","Unfall 167889 (2022) Kat:2, Licht: 0","167889","2","7","0","01","16","5","","0","1","0","0","0"
"POINT (6.953385386000040 50.944892860000003)","Unfall 167898 (2022) Kat:3, Licht: 2","167898","3","1","0","01","20","2","","2","0","0","0","1"
"POINT (6.947364026000060 50.914766954000100)","Unfall 167901 (2022) Kat:3, Licht: 0","167901","3","7","0","01","14","5","","0","0","0","0","0"
"POINT (6.957637597000030 50.873478552000101)","Unfall 167902 (2022) Kat:3, Licht: 1","167902","3","4","6","02","08","3","","1","0","1","1","0"
"POINT (6.958343814000050 50.925530824000099)","Unfall 167909 (2022) Kat:3, Licht: 0","167909","3","4","6","01","10","3","","0","1","0","1","0"
"POINT (7.010095304000060 50.925473130999997)","Unfall 167916 (2022) Kat:3, Licht: 0","167916","3","2","4","02","15","4","","0","0","0","0","1"
"POINT (6.892495805000070 51.015495414000000)","Unfall 167918 (2022) Kat:3, Licht: 2","167918","3","4","6","02","18","2","","2","0","1","1","0"
"POINT (6.926152254000040 50.994714579000103)","Unfall 167922 (2022) Kat:3, Licht: 1","167922","3","2","0","01","07","2","","1","0","1","0","0"
"POINT (6.951647235000050 50.936596865000098)","Unfall 167924 (2022) Kat:2, Licht: 2","167924","2","1","0","01","19","4","","2","0","0","0","0"
"POINT (6.940877390000030 50.912078973000099)","Unfall 167931 (2022) Kat:3, Licht: 0","167931","3","1","1","02","12","5","","0","1","1","0","0"
"POINT (6.954136960000030 50.966569950000100)","Unfall 167950 (2022) Kat:3, Licht: 0","167950","3","4","0","02","16","3","","0","0","0","1","0"
"POINT (6.977867425000060 50.970240586000003)","Unfall 167955 (2022) Kat:3, Licht: 2","167955","3","2","0","01","21","7","","2","1","1","0","0"
"POINT (6.910274879000040 50.919616382000100)","Unfall 167959 (2022) Kat:3, Licht: 0","167959","3","2","4","02","07","4","","0","0","1","0","1"
"POINT (6.909020625000040 51.011838347000001)","Unfall 167971 (2022) Kat:2, Licht: 0","167971","2","7","0","02","12","4","","0","1","0","1","0"
"POINT (6.922150960000070 50.973086702000003)","Unfall 167980 (2022) Kat:3, Licht: 2","167980","3","2","6","01","19","2","","2","0","1","1","0"
"POINT (6.991941757000060 50.889148898000002)","Unfall 167981 (2022) Kat:2, Licht: 2","167981","2","4","6","01","06","5","","2","0","0","1","0"
"POINT (6.964395002000060 50.974129322000103)","Unfall 167991 (2022) Kat:3, Licht: 0","167991","3","7","6","01","13","3","","0","1","0","1","0"
"POINT (6.913191315000060 50.953790680000097)","Unfall 168003 (2022) Kat:3, Licht: 0","168003","3","4","0","02","08","4","","0","1","0","1","0"
"POINT (7.015947488000050 50.927500064000100)","Unfall 168009 (2022) Kat:3, Licht: 2","168009","3","6","8","01","20","3","","2","1","1","0","0"
"POINT (6.896725136000040 50.979571054000097)","Unfall 168020 (2022) Kat:3, Licht: 0","168020","3","2","3","01","16","5","","0","1","0","0","0"
"POINT (6.947210744000070 50.914859164000099)","Unfall 168025 (2022) Kat:3, Licht: 1","168025","3","4","6","01","17","2","","1","0","1","1","0"
"POINT (6.941281810000020 50.911541571000001)","Unfall 168049 (2022) Kat:2, Licht: 2","168049","2","5","0","01","17","6","","2","0","1","0","0"
"POINT (6.954315249000050 50.945461188000102)","Unfall 168051 (2022) Kat:3, Licht: 0","168051","3","4","6","01","11","1","","0","0","1","1","0"
"POINT (7.061488451000060 50.885133371999999)","Unfall 168056 (2022) Kat:3, Licht: 2","168056","3","3","3","01","19","6","","2","1","1","0","0"
"POINT (6.922192380000070 50.930508755000098)","Unfall 168066 (2022) Kat:3, Licht: 0","168066","3","6","2","01","10","2","","0","0","1","0","0"
"POINT (6.968946737000070 50.970820957000100)","Unfall 168082 (2022) Kat:3, Licht: 2","168082","3","4","6","01","21","5","","2","0","1","1","0"
"POINT (6.991240967000070 50.909349684000098)","Unfall 168111 (2022) Kat:3, Licht: 0","168111","3","3","0","02","16","4","","0","1","0","0","0"
"POINT (6.966447126000050 50.914767568000102)","Unfall 168121 (2022) Kat:3, Licht: 1","168121","3","6","4","02","17","4","","1","1","0","0","0"
"POINT (6.956131098000070 50.940955476000099)","Unfall 168140 (2022) Kat:3, Licht: 2","168140","3","1","0","01","21","7","","2","0","0","0","0"
"POINT (7.045043182000030 50.934278898000102)","Unfall 168148 (2022) Kat:3, Licht: 2","168148","3","4","6","01","06","2","","2","0","1","1","0"
"POINT (6.958218768000050 50.920772914000104)","Unfall 168159 (2022) Kat:3, Licht: 2","168159","3","5","1","01","20","7","","2","1","1","0","0"
"POINT (6.932722771000040 50.936956543000100)","Unfall 168170 (2022) Kat:3, Licht: 2","168170","3","5","1","01","20","6","","2","1","0","0","0"
"POINT (6.933192536000040 50.950380342000102)","Unfall 168177 (2022) Kat:3, Licht: 2","168177","3","1","6","01","19","2","","2","0","1","1","0"
"POINT (7.007132973000070 50.941328353000102)","Unfall 168184 (2022) Kat:3, Licht: 2","168184","3","3","0","01","21","5","","2","1","1","0","0"
"POINT (6.938778910000050 50.920681393000102)","Unfall 168187 (2022) Kat:3, Licht: 2","168187","3","1","9","01","03","2","","2","0","1","0","0"
"POINT (6.866036904000050 51.063787595000100)","Unfall 168200 (2022) Kat:3, Licht: 0","168200","3","5","4","01","10","6","","0","0","1","0","1"
"POINT (6.896784686000050 50.934487578000102)","Unfall 168208 (2022) Kat:3, Licht: 1","168208","3","6","2","01","08","2","","1","1","1","0","0"
"POINT (6.944375805000050 50.905685136999999)","Unfall 168214 (2022) Kat:3, Licht: 2","168214","3","3","5","01","21","6","","2","0","1","0","0"
"POINT (6.962493506000040 50.910890239000103)","Unfall 168220 (2022) Kat:3, Licht: 2","168220","3","2","4","02","19","3","","2","1","0","0","0"
"POINT (6.916033432000060 50.955399557000099)","Unfall 168225 (2022) Kat:3, Licht: 0","168225","3","6","1","02","14","4","","0","0","1","0","0"
"POINT (6.939681925000060 50.917723316000000)","Unfall 168233 (2022) Kat:3, Licht: 2","168233","3","6","2","02","19","6","","2","0","1","0","0"
"POINT (6.926152254000040 50.994714579000103)","Unfall 168237 (2022) Kat:3, Licht: 0","168237","3","2","5","01","15","4","","0","0","1","0","0"
"POINT (7.069218906000060 50.888271197000101)","Unfall 168240 (2022) Kat:3, Licht: 0","168240","3","3","5","01","08","6","","0","0","1","0","1"
"POINT (6.877164650000050 50.938186906000098)","Unfall 168265 (2022) Kat:2, Licht: 2","168265","2","1","0","02","01","7","","2","0","0","0","0"
"POINT (6.919149115000040 50.921338472000102)","Unfall 168278 (2022) Kat:3, Licht: 0","168278","3","1","0","01","10","2","","0","1","0","0","0"