WKT,Name,OBJECTID,UKATEGORIE,UTYP1,UART,UMONAT,USTUNDE,UWOCHENTAG,STRZUSTAND,ULICHTVERH,ISTRAD,ISTPKW,ISTFUSS,ISTKRAD
"POINT (6.917471116000060 50.955901056000101)","Unfall 168292 (2022) Kat:3, Licht: 2","168292","3","3","0","02","19","4","","2","1","1","0","0"
"POINT (7.008585463000030 50.966015029000097)","Unfall 168302 (2022) Kat:3, Licht: 0","168302","3","4","6","02","12","2","","0","0","1","1","0"
"POINT (6.945378561000040 50.904654924000099)","Unfall 168346 (2022) Kat:3, Licht: 1","168346","3","2","3","02","17","4","","1","1","0","0","0"
"POINT (7.008246652000030 50.974180097000001)","Unfall 168361 (2022) Kat:3, Licht: 0","168361","3","6","0","01","16","7","","0","0","1","1","0"
"POINT (6.998960131000050 50.963770986000000)","Unfall 168364 (2022) Kat:3, Licht: 2","168364","3","4","6","01","18","4","","2","0","1","1","0"
"POINT (7.014518377000060 50.954424949000000)","Unfall 168398 (2022) Kat:3, Licht: 2","168398","3","5","1","01","17","3","","2","1","1","0","0"
"POINT (6.907839254000070 50.944176443000103)","Unfall 168399 (2022) Kat:3, Licht: 1","168399","3","2","1","01","16","5","","1","0","1","0","0"
"POINT (6.909087058000070 50.957583778000100)","Unfall 168407 (2022) Kat:3, Licht: 0","168407","3","3","5","01","14","2","","0","1","1","0","0"
"POINT (7.043666927000060 50.992870976000098)","Unfall 168420 (2022) Kat:3, Licht: 0","168420","3","6","2","02","14","3","","0","0","1","0","0"
"POINT (7.126571558000020 50.873730389000102)","Unfall 168423 (2022) Kat:3, Licht: 2","168423","3","2","6","01","21","5","","2","0","1","1","0"
"POINT (6.999748256000030 50.964543611000103)","Unfall 168444 (2022) Kat:3, Licht: 0","168444","3","1","0","01","12","5","","0","0","0","0","1"
"POINT (6.972423160000060 50.961578755000097)","Unfall 168449 (2022) Kat:3, Licht: 0","168449","3","3","5","01","12","5","","0","1","1","0","0"
"POINT (6.955753830000050 50.941366118000097)","Unfall 168459 (2022) Kat:3, Licht: 0","168459","3","1","0","02","14","4","","0","1","0","0","0"
"POINT (6.979985556000030 50.966164771000102)","Unfall 168471 (2022) Kat:3, Licht: 1","168471","3","2","1","01","15","2","","1","0","1","0","0"
"POINT (6.949743685000040 50.955895701000003)","Unfall 168485 (2022) Kat:2, Licht: 1","168485","2","7","0","02","07","3","","1","1","0","0","0"
"POINT (6.904754853000040 50.958368022999998)","Unfall 168490 (2022) Kat:3, Licht: 0","168490","3","4","6","01","15","6","","0","1","0","0","0"
"POINT (6.920869230000050 50.923619795999997)","Unfall 168498 (2022) Kat:3, Licht: 0","168498","3","2","6","01","13","5","","0","0","1","1","0"
"POINT (6.934787416000060 50.940639896999997)","Unfall 168505 (2022) Kat:3, Licht: 0","168505","3","5","1","02","11","2","","0","1","1","0","0"
"POINT (6.958916692000060 50.923290866000102)","Unfall 168510 (2022) Kat:3, Licht: 0","168510","3","5","1","01","09","4","","0","1","1","0","0"
"POINT (6.900877448000070 50.934402519999999)","Unfall 168522 (2022) Kat:3, Licht: 0","168522","3","3","0","01","15","2","","0","1","1","0","0"
"POINT (6.893284339000050 51.014481699999997)","Unfall 168526 (2022) Kat:2, Licht: 1","168526","2","3","5","02","17","4","","1","0","1","0","1"
"POINT (6.998699208000060 50.938250557000103)","Unfall 168550 (2022) Kat:3, Licht: 2","168550","3","6","3","01","20","7","","2","0","1","0","0"
"POINT (6.857518804000050 51.067804948999999)","Unfall 168554 (2022) Kat:3, Licht: 0","168554","3","4","0","01","12","6","","0","0","1","1","0"
"POINT (6.971596642000070 50.956910921000002)","Unfall 168566 (2022) Kat:3, Licht: 1","168566","3","2","3","01","17","7","","1","0","1","0","0"
"POINT (6.944657561000040 50.915597214000101)","Unfall 168571 (2022) Kat:2, Licht: 0","168571","2","5","0","01","09","5","","0","1","1","0","0"
"POINT (6.944042244000060 50.923782974000098)","Unfall 168574 (2022) Kat:3, Licht: 0","168574","3","2","3","01","12","4","","0","1","1","0","0"
"POINT (6.974431421000080 50.936813010000002)","Unfall 168584 (2022) Kat:3, Licht: 0","168584","3","3","5","01","10","6","","0","1","1","0","0"
"POINT (6.943375512000050 50.968768214000100)","Unfall 168592 (2022) Kat:3, Licht: 0","168592","3","6","2","01","15","2","","0","0","1","0","0"
"POINT (6.941282211000040 50.909534333000103)","Unfall 168620 (2022) Kat:3, Licht: 1","168620","3","5","0","02","16","5","","1","0","1","0","0"
"POINT (6.951918685000070 50.942458838999997)","Unfall 168625 (2022) Kat:3, Licht: 0","168625","3","6","1","02","15","3","","0","1","1","0","0"
"POINT (6.939140493000020 50.956282101000099)","Unfall 168635 (2022) Kat:3, Licht: 2","168635","3","3","5","01","22","4","","2","1","1","0","0"
"POINT (6.851764025000020 50.945430470000098)","Unfall 168669 (2022) Kat:2, Licht: 1","168669","2","3","5","01","17","3","","1","1","1","0","0"
"POINT (6.898406878000060 51.020522266999997)","Unfall 168679 (2022) Kat:2, Licht: 0","168679","2","4","6","01","11","7","","0","0","1","1","0"
"POINT (6.943918259000040 50.971997651000002)","Unfall 168688 (2022) Kat:3, Licht: 2","168688","3","7","1","02","22","6","","2","0","1","0","0"
"POINT (6.955717011000050 50.942535185000096)","Unfall 168715 (2022) Kat:3, Licht: 0","168715","3","3","5","02","09","6","","0","1","1","0","0"
"POINT (6.973670273000040 50.961247447000098)","Unfall 168719 (2022) Kat:3, Licht: 2","168719","3","2","6","03","20","1","","2","0","1","1","0"
"POINT (7.081097792000040 50.976481677000002)","Unfall 168728 (2022) Kat:3, Licht: 0","168728","3","2","2","02","12","1","","0","1","0","0","0"
"POINT (7.006867550000040 50.940476935000000)","Unfall 168733 (2022) Kat:3, Licht: 0","168733","3","3","5","02","08","3","","0","0","1","0","0"
"POINT (6.959786147000050 50.919644378000001)","Unfall 168741 (2022) Kat:2, Licht: 0","168741","2","4","0","02","15","2","","0","0","1","1","0"
"POINT (7.000563206000040 50.938206437000098)","Unfall 168745 (2022) Kat:2, Licht: 2","168745","2","7","0","02","18","4","","2","1","0","1","0"
"POINT (7.028644213000060 50.936223815000098)","Unfall 168767 (2022) Kat:3, Licht: 2","168767","3","1","0","02","00","2","","2","0","0","0","0"
"POINT (6.936339486000070 50.947213181000102)","Unfall 168784 (2022) Kat:3, Licht: 0","168784","3","3","5","02","10","7","","0","1","1","0","0"
"POINT (7.066512326000070 50.886315590000002)","Unfall 168785 (2022) Kat:3, Licht: 0","168785","3","3","0","03","07","6","","0","1","1","0","0"
"POINT (7.005160857000020 50.870222748000103)","Unfall 168792 (2022) Kat:2, Licht: 1","168792","2","2","4","02","18","4","","1","0","1","0","0"
"POINT (6.955746708000050 50.916942074000097)","Unfall 168806 (2022) Kat:3, Licht: 0","168806","3","1","0","02","15","4","","0","0","0","0","1"
"POINT (7.029660339000030 50.951427867000099)","Unfall 168810 (2022) Kat:2, Licht: 0","168810","2","6","9","02","10","1","","0","0","1","0","0"
"POINT (7.075216355000070 50.893083861999997)","Unfall 168813 (2022) Kat:2, Licht: 0","168813","2","2","4","02","15","2","","0","0","1","0","0"
"POINT (6.905417908000060 50.967917634999999)","Unfall 168830 (2022) Kat:3, Licht: 0","168830","3","2","5","03","14","6","","0","1","1","0","0"
"POINT (7.055404626000040 50.942284983999997)","Unfall 168833 (2022) Kat:2, Licht: 0","168833","2","3","5","02","14","2","","0","1","1","0","0"
"POINT (6.936972027000020 50.930481402000098)","Unfall 168836 (2022) Kat:3, Licht: 0","168836","3","3","5","02","13","2","","0","1","1","0","0"
"POINT (6.937291575000070 50.960392716999998)","Unfall 168837 (2022) Kat:3, Licht: 2","168837","3","6","3","03","21","3","","2","1","1","0","0"
"POINT (6.937777487000060 50.929433276000097)","Unfall 168839 (2022) Kat:3, Licht: 0","168839","3","1","0","02","12","4","","0","1","0","0","0"
"POINT (6.917268430000040 50.920819217000002)","Unfall 168844 (2022) Kat:3, Licht: 0","168844","3","6","0","02","13","1","","0","0","1","0","1"
"POINT (6.941156573000060 50.940325481999999)","Unfall 168849 (2022) Kat:3, Licht: 0","168849","3","6","6","03","13","5","","0","1","0","1","0"
"POINT (7.101679014000070 50.854600990999998)","Unfall 168858 (2022) Kat:3, Licht: 2","168858","3","5","5","02","18","3","","2","0","1","0","1"
"POINT (6.939990326000040 50.934735748000001)","Unfall 168864 (2022) Kat:3, Licht: 0","168864","3","5","0","02","17","4","","0","1","1","0","0"
"POINT (6.904892406000040 50.958505111000100)","Unfall 168867 (2022) Kat:3, Licht: 0","168867","3","2","3","02","12","6","","0","1","1","0","0"
"POINT (6.915335857000060 50.952911804999999)","Unfall 168872 (2022) Kat:3, Licht: 0","168872","3","3","5","02","14","7","","0","0","1","0","0"
"POINT (6.940073323000040 50.946537981000098)","Unfall 168874 (2022) Kat:2, Licht: 0","168874","2","1","0","02","15","3","","0","1","0","0","0"
"POINT (6.953519582000070 50.939019627999997)","Unfall 168880 (2022) Kat:3, Licht: 0","168880","3","4","6","02","12","7","","0","1","0","1","0"
"POINT (6.993277563000050 50.891948399000100)","Unfall 168915 (2022) Kat:3, Licht: 0","168915","3","1","0","02","11","4","","0","1","0","0","0"
"POINT (6.940122036000050 50.991435928999998)","Unfall 168928 (2022) Kat:2, Licht: 0","168928","2","4","6","02","11","1","","0","0","1","1","0"
"POINT (7.024583178000060 50.897554788999997)","Unfall 168936 (2022) Kat:3, Licht: 0","168936","3","5","1","03","11","3","","0","1","1","0","0"
"POINT (6.926171321000030 50.994241595000098)","Unfall 168940 (2022) Kat:3, Licht: 0","168940","3","6","3","02","09","6","","0","1","1","0","0"
"POINT (6.992035994000050 50.889376423000002)","Unfall 168950 (2022) Kat:3, Licht: 0","168950","3","4","0","02","09","5","","0","1","0","1","0"
"POINT (6.891769928000030 50.983355244999998)","Unfall 168961 (2022) Kat:3, Licht: 0","168961","3","2","3","03","07","3","","0","0","1","0","0"
"POINT (7.001005414000080 50.935284244999998)","Unfall 168990 (2022) Kat:3, Licht: 2","168990","3","2","6","02","18","5","","2","0","1","1","0"
"POINT (6.960660149000030 50.939776076999998)","Unfall 169016 (2022) Kat:3, Licht: 2","169016","3","4","6","02","18","5","","2","0","1","1","0"
"POINT (7.029780405000050 50.875820558999997)","Unfall 169022 (2022) Kat:3, Licht: 0","169022","3","6","4","02","07","3","","0","1","1","0","0"
"POINT (6.966611377000050 50.896091104000000)","Unfall 169038 (2022) Kat:3, Licht: 0","169038","3","6","2","03","08","5","","0","0","1","0","0"
"POINT (6.925318063000020 50.918388767000103)","Unfall 169051 (2022) Kat:3, Licht: 2","169051","3","1","0","02","19","6","","2","1","0","0","0"
"POINT (6.924078966000020 50.952371874000100)","Unfall 169055 (2022) Kat:3, Licht: 0","169055","3","6","2","02","09","2","","0","0","1","0","0"
"POINT (6.919661379000050 50.921512819999997)","Unfall 169098 (2022) Kat:3, Licht: 2","169098","3","1","0","02","01","5","","2","1","0","0","0"
"POINT (6.950845783000030 50.945143146000099)","Unfall 169120 (2022) Kat:3, Licht: 0","169120","3","6","1","03","15","4","","0","0","1","0","0"
"POINT (6.903582584000050 51.022215162000101)","Unfall 169123 (2022) Kat:3, Licht: 0","169123","3","5","0","02","13","4","","0","1","1","0","0"
"POINT (6.850197438000070 50.923112291999999)","Unfall 169139 (2022) Kat:3, Licht: 0","169139","3","6","4","02","10","2","","0","0","1","0","0"
"POINT (6.974398683000060 50.940264866000099)","Unfall 169161 (2022) Kat:3, Licht: 0","169161","3","1","0","02","09","1","","0","0","0","0","0"
"POINT (6.900634529000060 50.934380772000097)","Unfall 169173 (2022) Kat:2, Licht: 0","169173","2","4","6","03","10","7","","0","0","1","1","0"
"POINT (6.997774338000060 50.935137530000098)","Unfall 169187 (2022) Kat:2, Licht: 2","169187","2","1","0","02","19","3","","2","1","0","0","0"
"POINT (7.049507793000030 50.972941794000100)","Unfall 169195 (2022) Kat:3, Licht: 0","169195","3","6","3","02","14","2","","0","0","1","0","1"
"POINT (6.946318762000030 50.910200631000102)","Unfall 169226 (2022) Kat:3, Licht: 0","169226","3","6","0","02","17","1","","0","1","0","0","0"
"POINT (6.937501132000020 50.946784196000102)","Unfall 169231 (2022) Kat:3, Licht: 0","169231","3","6","3","02","08","3","","0","0","1","0","0"
"POINT (6.915382043000020 50.920354897999999)","Unfall 169257 (2022) Kat:3, Licht: 2","169257","3","1","0","03","19","5","","2","1","0","0","0"
"POINT (6.923380305000020 50.924305613999998)","Unfall 169284 (2022) Kat:3, Licht: 0","169284","3","3","5","03","15","6","","0","1","1","0","0"
"POINT (6.989067000000030 50.938487071000097)","Unfall 169285 (2022) Kat:3, Licht: 0","169285","3","6","2","02","14","6","","0","0","1","0","0"
"POINT (6.854327078000040 50.921268882000000)","Unfall 169317 (2022) Kat:2, Licht: 0","169317","2","2","5","02","15","7","","0","1","0","0","0"
"POINT (6.941185775000060 50.915783965999999)","Unfall 169322 (2022) Kat:3, Licht: 0","169322","3","2","3","02","16","6","","0","0","1","0","1"
"POINT (6.981438736000030 50.949891243000103)","Unfall 169325 (2022) Kat:3, Licht: 0","169325","3","1","0","03","13","7","","0","1","0","0","0"
"POINT (6.998822394000060 50.938510555999997)","Unfall 169327 (2022) Kat:3, Licht: 0","169327","3","6","2","02","14","2","","0","0","1","0","0"
"POINT (6.890584848000060 51.024941421999998)","Unfall 169328 (2022) Kat:3, Licht: 2","169328","3","2","0","02","20","7","","2","0","1","1","0"
"POINT (7.069279956000060 50.973402026000002)","Unfall 169338 (2022) Kat:3, Licht: 0","169338","3","3","5","02","08","3","","0","0","1","0","1"
"POINT (7.038987743000060 50.940758446000103)","Unfall 169343 (2022) Kat:3, Licht: 1","169343","3","3","5","02","18","6","","1","1","1","0","0"
"POINT (7.057477211000050 50.907976111000004)","Unfall 169346 (2022) Kat:3, Licht: 0","169346","3","6","1","03","10","7","","0","0","1","0","0"
"POINT (6.911886377000030 50.986171096000099)","Unfall 169350 (2022) Kat:3, Licht: 0","169350","3","7","6","02","16","3","","0","0","1","1","0"
"POINT (7.057477211000050 50.907976111000004)","Unfall 169394 (2022) Kat:3, Licht: 0","169394","3","3","5","02","16","2","","0","1","1","0","0"
"POINT (6.931943887000050 50.942168199000001)","Unfall 169427 (2022) Kat:2, Licht: 0","169427","2","5","0","02","11","7","","0","0","1","0","1"
"POINT (6.894057995000030 50.990808545999997)","Unfall 169434 (2022) Kat:3, Licht: 2","169434","3","3","5","03","19","6","","2","0","1","0","0"
"POINT (6.993230325000070 50.892211971000101)","Unfall 169440 (2022) Kat:3, Licht: 0","169440","3","1","9","02","15","2","","0","0","0","0","1"
"POINT (6.945763519000020 50.925324607000100)","Unfall 169446 (2022) Kat:3, Licht: 2","169446","3","1","0","02","23","6","","2","0","0","0","0"
"POINT (6.925395214000050 50.860400083000101)","Unfall 169463 (2022) Kat:3, Licht: 0","169463","3","7","0","03","13","7","","0","0","0","1","0"
"POINT (6.996558990000040 50.891767348000002)","Unfall 169465 (2022) Kat:3, Licht: 1","169465","3","3","5","02","17","2","","1","1","1","0","0"
"POINT (6.924078966000020 50.952371874000100)","Unfall 169470 (2022) Kat:3, Licht: 1","169470","3","2","3","02","07","5","","1","1","1","0","0"
"POINT (7.020522087000070 50.911523000000003)","Unfall 169475 (2022) Kat:3, Licht: 1","169475","3","6","1","02","17","5","","1","0","1","0","0"
"POINT (6.942023372000050 50.905667820000097)","Unfall 169476 (2022) Kat:3, Licht: 0","169476","3","6","6","02","14","7","","0","0","0","1","0"
"POINT (6.954149240000050 50.931705290000103)","Unfall 169489 (2022) Kat:3, Licht: 0","169489","3","6","2","02","14","2","","0","0","1","0","1"
"POINT (6.893317421000060 51.025690924999999)","Unfall 169494 (2022) Kat:3, Licht: 0","169494","3","6","3","02","07","4","","0","0","1","0","0"
"POINT (7.005259155000030 50.944455470000001)","Unfall 169514 (2022) Kat:3, Licht: 0","169514","3","2","6","03","15","6","","0","0","1","1","0"
"POINT (6.927794539000050 51.026923871000101)","Unfall 169525 (2022) Kat:2, Licht: 2","169525","2","1","9","02","00","6","","2","0","1","0","0"
"POINT (7.079709644000050 50.859446237999997)","Unfall 169531 (2022) Kat:3, Licht: 0","169531","3","3","5","02","14","3","","0","0","1","0","0"
"POINT (6.897249015000060 51.023113124000098)","Unfall 169532 (2022) Kat:3, Licht: 0","169532","3","3","6","03","09","2","","0","1","0","1","0"
"POINT (6.939326360000050 50.945996888000103)","Unfall 169533 (2022) Kat:2, Licht: 1","169533","2","6","3","02","17","3","","1","1","0","0","0"
"POINT (6.935917269000070 50.916908943000102)","Unfall 169536 (2022) Kat:3, Licht: 2","169536","3","5","1","02","00","7","","2","0","1","0","0"
"POINT (6.927997161000060 50.968953457000097)","Unfall 169545 (2022) Kat:3, Licht: 0","169545","3","1","0","03","07","3","","0","0","0","0","1"
"POINT (6.961783462000030 50.913029033000001)","Unfall 169549 (2022) Kat:2, Licht: 0","169549","2","6","3","02","11","6","","0","1","1","0","0"
"POINT (6.941001909000020 50.958449143999999)","Unfall 169563 (2022) Kat:3, Licht: 0","169563","3","3","5","03","12","6","","0","1","1","0","0"
"POINT (6.952785296000060 50.937353636000097)","Unfall 169564 (2022) Kat:3, Licht: 0","169564","3","6","3","02","11","6","","0","0","1","0","1"
"POINT (6.905597302000050 50.964473257000101)","Unfall 169596 (2022) Kat:3, Licht: 0","169596","3","4","6","02","16","5","","0","0","1","1","0"
"POINT (6.920342829000050 50.952136207000102)","Unfall 169599 (2022) Kat:3, Licht: 0","169599","3","7","1","03","16","4","","0","0","1","0","0"
"POINT (6.934090687000040 50.948458893000101)","Unfall 169602 (2022) Kat:3, Licht: 0","169602","3","2","5","02","12","5","","0","1","1","0","0"
"POINT (6.999527800000070 50.935413408999999)","Unfall 169606 (2022) Kat:3, Licht: 2","169606","3","1","0","02","18","2","","2","1","0","0","0"
"POINT (6.948946067000070 50.993745431999997)","Unfall 169631 (2022) Kat:3, Licht: 0","169631","3","6","2","03","16","4","","0","0","1","0","0"
"POINT (6.959780596000030 50.920536585000001)","Unfall 169638 (2022) Kat:3, Licht: 0","169638","3","7","5","02","15","2","","0","0","1","0","0"
"POINT (6.919864180000050 50.986113067000097)","Unfall 169640 (2022) Kat:3, Licht: 0","169640","3","1","8","03","15","1","","0","0","1","0","0"
"POINT (6.930871800000030 50.898707780000102)","Unfall 169655 (2022) Kat:2, Licht: 1","169655","2","6","3","02","18","4","","1","1","1","0","0"
"POINT (6.936739912000060 51.024824812000098)","Unfall 169675 (2022) Kat:3, Licht: 0","169675","3","2","4","03","17","2","","0","0","1","0","0"
"POINT (6.880666443000050 50.954793933000097)","Unfall 169690 (2022) Kat:3, Licht: 0","169690","3","3","0","02","08","4","","0","1","1","0","0"
"POINT (6.957175172000060 50.968143324000003)","Unfall 169694 (2022) Kat:3, Licht: 0","169694","3","1","0","03","15","7","","0","0","0","0","0"
"POINT (6.980693978000030 50.950753612000000)","Unfall 169700 (2022) Kat:3, Licht: 0","169700","3","1","4","03","13","4","","0","1","0","0","0"
"POINT (7.001779349000060 50.955997124000099)","Unfall 169705 (2022) Kat:3, Licht: 0","169705","3","3","5","03","16","2","","0","1","1","0","0"
"POINT (6.932521092000060 50.937519125999998)","Unfall 169706 (2022) Kat:3, Licht: 2","169706","3","1","0","03","22","6","","2","0","0","0","1"
"POINT (6.832375399000060 50.933679335000100)","Unfall 169721 (2022) Kat:3, Licht: 0","169721","3","3","5","03","15","1","","0","1","1","0","0"
"POINT (6.888987238000030 50.969150718000002)","Unfall 169724 (2022) Kat:2, Licht: 0","169724","2","2","4","03","08","6","","0","1","1","0","0"
"POINT (6.898785491000070 50.959113168000002)","Unfall 169742 (2022) Kat:3, Licht: 0","169742","3","5","1","03","15","5","","0","1","1","0","0"
"POINT (7.030054068000030 50.990454651999997)","Unfall 169747 (2022) Kat:3, Licht: 0","169747","3","6","2","03","15","3","","0","0","1","0","0"
"POINT (6.891181897000020 51.017472005000101)","Unfall 169759 (2022) Kat:3, Licht: 0","169759","3","3","0","03","17","4","","0","1","0","0","0"
"POINT (6.968656011000060 50.963662333999999)","Unfall 169762 (2022) Kat:2, Licht: 0","169762","2","3","5","03","15","6","","0","1","1","0","0"
"POINT (6.929839093000060 50.912712611000103)","Unfall 169772 (2022) Kat:2, Licht: 0","169772","2","7","0","03","13","5","","0","1","0","0","0"
"POINT (7.001620802000050 50.940882030000097)","Unfall 169776 (2022) Kat:3, Licht: 0","169776","3","2","4","03","11","7","","0","1","1","0","0"
"POINT (6.924379866000040 50.928092092000000)","Unfall 169788 (2022) Kat:3, Licht: 0","169788","3","5","4","03","14","5","","0","1","1","0","0"
"POINT (6.953344990000060 50.939589892000100)","Unfall 169792 (2022) Kat:3, Licht: 0","169792","3","6","2","03","15","4","","0","0","1","0","1"
"POINT (6.951856982000040 50.961476255999997)","Unfall 169793 (2022) Kat:2, Licht: 0","169793","2","5","1","03","14","3","","0","1","1","0","0"
"POINT (6.922150960000070 50.973086702000003)","Unfall 169796 (2022) Kat:2, Licht: 0","169796","2","6","1","03","17","6","","0","0","1","0","0"
"POINT (6.879340394000050 50.941522812000102)","Unfall 169800 (2022) Kat:3, Licht: 0","169800","3","1","3","03","11","5","","0","1","1","0","0"
"POINT (7.058664051000050 50.989269453000098)","Unfall 169810 (2022) Kat:2, Licht: 2","169810","2","6","8","03","00","7","","2","0","1","0","0"
"POINT (7.003200782000020 50.940913400000099)","Unfall 169819 (2022) Kat:2, Licht: 0","169819","2","7","6","03","18","2","","0","0","1","1","0"
"POINT (6.872909653000020 51.059035236000099)","Unfall 169820 (2022) Kat:3, Licht: 0","169820","3","7","0","03","16","4","","0","1","0","0","0"
"POINT (6.915535165000050 51.014605168999999)","Unfall 169821 (2022) Kat:3, Licht: 0","169821","3","7","0","03","16","5","","0","1","0","1","0"
"POINT (6.964925008000020 50.916604166000099)","Unfall 169836 (2022) Kat:2, Licht: 0","169836","2","1","9","03","16","4","","0","1","0","0","0"
"POINT (6.973211415000040 50.941812788000000)","Unfall 169848 (2022) Kat:3, Licht: 1","169848","3","6","3","03","18","6","","1","0","1","0","0"
"POINT (6.968313765000060 50.912901542000000)","Unfall 169849 (2022) Kat:3, Licht: 2","169849","3","3","0","03","23","5","","2","0","1","0","0"
"POINT (7.072278053000050 50.898386819999999)","Unfall 169864 (2022) Kat:3, Licht: 0","169864","3","2","2","03","09","2","","0","0","1","0","0"
"POINT (6.924078966000020 50.952371874000100)","Unfall 169880 (2022) Kat:2, Licht: 2","169880","2","1","0","03","23","1","","2","1","0","0","0"
"POINT (7.002013208000050 50.890504853000003)","Unfall 169884 (2022) Kat:3, Licht: 0","169884","3","3","5","03","15","5","","0","1","1","0","0"
"POINT (7.016561587000070 50.927955883000003)","Unfall 169899 (2022) Kat:3, Licht: 2","169899","3","6","6","03","17","3","","2","0","1","1","0"
"POINT (6.877187166000060 50.949156683000098)","Unfall 169914 (2022) Kat:3, Licht: 0","169914","3","7","6","03","13","2","","0","0","0","1","0"
"POINT (6.959169355000030 50.975999442000003)","Unfall 169919 (2022) Kat:3, Licht: 0","169919","3","4","6","03","17","4","","0","1","0","1","0"
"POINT (6.935854148000030 50.947405932999999)","Unfall 169920 (2022) Kat:2, Licht: 0","169920","2","6","1","03","09","5","","0","0","1","0","1"
"POINT (6.949101952000030 50.966508466000100)","Unfall 169939 (2022) Kat:2, Licht: 2","169939","2","1","0","03","22","1","","2","1","0","0","0"
"POINT (6.998768676000050 50.920064648999997)","Unfall 169940 (2022) Kat:3, Licht: 2","169940","3","3","5","03","18","2","","2","1","1","0","0"
"POINT (6.939794123000070 50.945803651000098)","Unfall 169948 (2022) Kat:3, Licht: 0","169948","3","2","5","03","07","5","","0","1","1","0","0"
"POINT (6.934006320000040 50.940781981000001)","Unfall 169952 (2022) Kat:2, Licht: 2","169952","2","5","1","03","01","7","","2","0","1","0","0"
"POINT (6.960041986000020 50.976614241000000)","Unfall 169956 (2022) Kat:3, Licht: 0","169956","3","1","7","03","11","3","","0","0","0","0","0"
"POINT (6.888294349000030 51.013463542000103)","Unfall 169986 (2022) Kat:3, Licht: 0","169986","3","3","5","03","13","7","","0","0","1","0","0"
"POINT (6.895333175000080 51.011557367000101)","Unfall 169996 (2022) Kat:3, Licht: 1","169996","3","6","1","03","18","4","","1","0","1","0","0"
"POINT (6.958087719000050 50.922195012000003)","Unfall 169997 (2022) Kat:3, Licht: 0","169997","3","4","6","03","12","5","","0","1","0","1","0"
"POINT (7.044012712000040 50.920103640999997)","Unfall 170005 (2022) Kat:2, Licht: 0","170005","2","3","5","03","14","6","","0","1","0","0","0"
"POINT (6.960218304000020 50.918490503000001)","Unfall 170015 (2022) Kat:3, Licht: 0","170015","3","3","0","03","10","6","","0","1","0","0","0"
"POINT (7.008755939000030 50.941130873000098)","Unfall 170022 (2022) Kat:3, Licht: 2","170022","3","6","6","03","06","3","","2","0","0","1","0"
"POINT (7.046318804000070 50.972214080000100)","Unfall 170023 (2022) Kat:3, Licht: 0","170023","3","2","5","03","14","5","","0","1","1","0","0"
"POINT (6.954440461000050 50.931032588000100)","Unfall 170030 (2022) Kat:3, Licht: 0","170030","3","6","1","03","15","2","","0","0","1","0","0"
"POINT (6.918616892000050 50.921192456000000)","Unfall 170038 (2022) Kat:2, Licht: 0","170038","2","1","0","03","16","5","","0","1","0","0","0"
"POINT (7.010010236000030 50.943405837000100)","Unfall 170049 (2022) Kat:3, Licht: 0","170049","3","5","1","03","08","5","","0","0","0","0","0"
"POINT (6.927997161000060 50.968953457000097)","Unfall 170071 (2022) Kat:3, Licht: 0","170071","3","7","0","03","11","4","","0","1","0","1","0"
"POINT (6.924989227000030 50.948689846000001)","Unfall 170092 (2022) Kat:3, Licht: 0","170092","3","5","1","03","13","3","","0","1","1","0","0"
"POINT (6.924819044000060 50.942718307000099)","Unfall 170110 (2022) Kat:3, Licht: 0","170110","3","7","0","03","16","4","","0","1","0","0","0"
"POINT (6.944449904000070 51.002607953999998)","Unfall 170122 (2022) Kat:2, Licht: 0","170122","2","7","0","03","14","7","","0","0","1","0","0"
"POINT (7.001514656000040 50.940237604000103)","Unfall 170142 (2022) Kat:3, Licht: 0","170142","3","5","0","03","11","1","","0","1","0","0","0"
"POINT (7.004830033000080 50.973849347000098)","Unfall 170151 (2022) Kat:2, Licht: 0","170151","2","1","1","03","15","1","","0","0","1","0","1"
"POINT (6.999865640000050 50.941148925999997)","Unfall 170161 (2022) Kat:3, Licht: 0","170161","3","3","5","03","20","2","","0","0","1","0","0"
"POINT (7.047163890000040 50.929143902000099)","Unfall 170165 (2022) Kat:3, Licht: 0","170165","3","3","0","03","11","3","","0","1","1","0","0"
"POINT (6.854421236000060 50.930968015000097)","Unfall 170190 (2022) Kat:3, Licht: 0","170190","3","2","6","03","13","5","","0","0","1","1","0"
"POINT (7.057756971000060 50.885568112000001)","Unfall 170192 (2022) Kat:3, Licht: 0","170192","3","3","5","03","14","3","","0","0","1","0","0"
"POINT (7.031197661000020 50.922645330000101)","Unfall 170195 (2022) Kat:3, Licht: 0","170195","3","1","0","03","15","7","","0","1","0","0","0"
"POINT (6.919320102000030 50.928717499000101)","Unfall 170198 (2022) Kat:3, Licht: 0","170198","3","1","0","03","10","2","","0","1","0","0","0"
"POINT (6.846256540000070 50.919751550000100)","Unfall 170210 (2022) Kat:3, Licht: 0","170210","3","6","3","03","15","7","","0","0","1","0","0"