WKT,Name,OBJECTID,UKATEGORIE,UTYP1,UART,UMONAT,USTUNDE,UWOCHENTAG,STRZUSTAND,ULICHTVERH,ISTRAD,ISTPKW,ISTFUSS,ISTKRAD
"POINT (6.952823280000080 50.924529150000097)","Unfall 170220 (2022) Kat:2, Licht: 0","170220","2","4","6","03","15","1","","0","0","1","1","0"
"POINT (6.925573186000070 50.918584754000101)","Unfall 170223 (2022) Kat:3, Licht: 0","170223","3","7","0","03","08","3","","0","1","1","0","0"
"POINT (6.968557467000040 50.981060153999998)","Unfall 170236 (2022) Kat:3, Licht: 0","170236","3","7","6","03","17","7","","0","0","1","1","0"
"POINT (6.956395803000020 50.945774651000100)","Unfall 170254 (2022) Kat:3, Licht: 0","170254","3","2","6","03","15","5","","0","0","1","1","0"
"POINT (7.073776483000070 50.920505915000000)","Unfall 170264 (2022) Kat:2, Licht: 0","170264","2","3","5","03","16","6","","0","1","1","0","0"
"POINT (6.909545957000030 50.951945735999999)","Unfall 170265 (2022) Kat:3, Licht: 0","170265","3","3","5","03","07","5","","0","1","1","0","0"
"POINT (6.920869230000050 50.923619795999997)","Unfall 170267 (2022) Kat:3, Licht: 0","170267","3","2","4","03","10","5","","0","1","1","0","0"
"POINT (7.000912693000030 50.961160630999998)","Unfall 170276 (2022) Kat:3, Licht: 0","170276","3","7","1","03","09","7","","0","0","1","0","0"
"POINT (6.969630767000070 50.935680108000000)","Unfall 170318 (2022) Kat:3, Licht: 0","170318","3","7","6","03","18","7","","0","0","0","1","0"
"POINT (6.941096138000030 50.908449988000001)","Unfall 170330 (2022) Kat:3, Licht: 0","170330","3","3","5","03","15","2","","0","0","1","0","1"
"POINT (6.910746114000060 50.957503480000099)","Unfall 170335 (2022) Kat:3, Licht: 0","170335","3","3","5","03","09","4","","0","0","1","0","1"
"POINT (6.922837639000020 51.034673781999999)","Unfall 170349 (2022) Kat:3, Licht: 2","170349","3","2","4","03","06","5","","2","1","1","0","0"
"POINT (7.007140248000040 50.945838881999997)","Unfall 170356 (2022) Kat:3, Licht: 1","170356","3","2","0","03","19","2","","1","0","1","1","0"
"POINT (6.936339486000070 50.947213181000102)","Unfall 170357 (2022) Kat:3, Licht: 0","170357","3","2","5","03","14","6","","0","0","1","0","0"
"POINT (6.898678745000040 50.941895457000001)","Unfall 170381 (2022) Kat:3, Licht: 0","170381","3","2","0","03","12","3","","0","1","1","0","0"
"POINT (6.940775325000060 50.912700750000099)","Unfall 170383 (2022) Kat:2, Licht: 0","170383","2","1","0","03","15","5","","0","1","0","0","0"
"POINT (7.058924471000070 50.941356472999999)","Unfall 170395 (2022) Kat:3, Licht: 0","170395","3","6","4","03","07","4","","0","1","1","0","0"
"POINT (6.938736193000070 50.918103598000101)","Unfall 170412 (2022) Kat:3, Licht: 0","170412","3","6","1","03","14","7","","0","0","1","0","0"
"POINT (6.897637125000070 50.952743636000001)","Unfall 170414 (2022) Kat:3, Licht: 0","170414","3","1","0","03","08","3","","0","0","0","0","0"
"POINT (6.938524853000050 50.944380635000101)","Unfall 170428 (2022) Kat:2, Licht: 2","170428","2","1","7","03","22","3","","2","0","1","0","0"
"POINT (6.916060492000040 50.968551040000101)","Unfall 170430 (2022) Kat:3, Licht: 0","170430","3","6","2","03","15","7","","0","0","1","0","0"
"POINT (6.922150960000070 50.973086702000003)","Unfall 170439 (2022) Kat:3, Licht: 0","170439","3","3","5","03","16","5","","0","1","1","0","0"
"POINT (6.925835992000030 50.930076810000102)","Unfall 170440 (2022) Kat:3, Licht: 0","170440","3","3","5","03","15","4","","0","1","1","0","0"
"POINT (6.947210744000070 50.914859164000099)","Unfall 170446 (2022) Kat:3, Licht: 0","170446","3","6","1","03","07","2","","0","0","1","0","0"
"POINT (7.005001940000060 50.868158694999998)","Unfall 170466 (2022) Kat:3, Licht: 1","170466","3","3","5","03","17","5","","1","0","1","0","0"
"POINT (6.946384093000060 50.926257167000102)","Unfall 170482 (2022) Kat:3, Licht: 0","170482","3","2","5","03","10","2","","0","1","1","0","0"
"POINT (6.898144236000060 50.953188323000099)","Unfall 170489 (2022) Kat:3, Licht: 0","170489","3","7","1","03","17","4","","0","1","1","0","0"
"POINT (6.938080053000020 50.938325321000001)","Unfall 170492 (2022) Kat:3, Licht: 0","170492","3","5","0","03","09","6","","0","1","1","0","0"
"POINT (6.920835300000020 50.995169240999999)","Unfall 170496 (2022) Kat:3, Licht: 1","170496","3","2","6","03","18","5","","1","0","1","1","0"
"POINT (6.865238486000070 50.979855329000003)","Unfall 170501 (2022) Kat:3, Licht: 0","170501","3","4","5","03","16","7","","0","0","1","1","0"
"POINT (7.004161449000040 50.967271681000099)","Unfall 170504 (2022) Kat:3, Licht: 0","170504","3","3","5","03","13","5","","0","0","1","0","1"
"POINT (6.966277169000020 50.966716819000098)","Unfall 170506 (2022) Kat:3, Licht: 0","170506","3","2","3","03","17","6","","0","1","1","0","0"
"POINT (6.966184756000080 50.971583414000101)","Unfall 170508 (2022) Kat:3, Licht: 0","170508","3","7","0","03","11","7","","0","1","0","0","0"
"POINT (6.852878143000050 50.943899325000103)","Unfall 170537 (2022) Kat:2, Licht: 0","170537","2","6","2","03","15","6","","0","0","1","0","0"
"POINT (7.075216355000070 50.893083861999997)","Unfall 170549 (2022) Kat:3, Licht: 0","170549","3","2","4","03","12","5","","0","0","1","0","0"
"POINT (6.897974394000070 50.946026062000001)","Unfall 170555 (2022) Kat:3, Licht: 0","170555","3","2","3","03","10","6","","0","1","0","0","0"
"POINT (6.839576367000060 50.950578564000097)","Unfall 170580 (2022) Kat:3, Licht: 0","170580","3","6","2","03","14","3","","0","0","1","0","1"
"POINT (6.997526370000060 50.962180229000097)","Unfall 170594 (2022) Kat:3, Licht: 0","170594","3","6","4","03","18","5","","0","1","0","0","0"
"POINT (7.035386726000070 51.000255691000099)","Unfall 170603 (2022) Kat:3, Licht: 0","170603","3","5","0","03","12","3","","0","0","1","0","0"
"POINT (6.952641156000030 50.950258249000100)","Unfall 170608 (2022) Kat:2, Licht: 2","170608","2","1","0","03","19","7","","2","1","0","0","0"
"POINT (6.945483621000050 50.907116261000098)","Unfall 170611 (2022) Kat:2, Licht: 0","170611","2","5","3","03","15","2","","0","0","1","0","1"
"POINT (7.052540484000080 50.903735337999997)","Unfall 170624 (2022) Kat:3, Licht: 0","170624","3","1","8","03","15","1","","0","1","0","0","0"
"POINT (6.907859448000070 50.944777014000103)","Unfall 170636 (2022) Kat:3, Licht: 0","170636","3","3","5","03","11","3","","0","0","1","0","1"
"POINT (6.944446207000060 50.900524674000103)","Unfall 170640 (2022) Kat:3, Licht: 0","170640","3","3","5","03","17","6","","0","0","1","0","1"
"POINT (6.914776157000060 50.920265755999999)","Unfall 170642 (2022) Kat:3, Licht: 0","170642","3","5","1","03","13","5","","0","1","1","0","0"
"POINT (6.950697274000050 50.962475981000097)","Unfall 170647 (2022) Kat:2, Licht: 0","170647","2","2","3","03","10","3","","0","0","1","0","0"
"POINT (7.050053777000070 50.949738461000003)","Unfall 170670 (2022) Kat:3, Licht: 0","170670","3","6","0","03","16","3","","0","1","0","0","0"
"POINT (7.068521643000050 50.975024765999997)","Unfall 170686 (2022) Kat:3, Licht: 0","170686","3","6","5","03","08","6","","0","1","1","0","0"
"POINT (6.904617356000070 50.934562859000003)","Unfall 170687 (2022) Kat:3, Licht: 0","170687","3","6","2","03","16","5","","0","0","1","0","1"
"POINT (6.973211415000040 50.941812788000000)","Unfall 170691 (2022) Kat:3, Licht: 2","170691","3","2","2","03","00","1","","2","0","1","0","0"
"POINT (7.050377137000050 50.952660099000099)","Unfall 170697 (2022) Kat:2, Licht: 0","170697","2","1","0","03","16","7","","0","1","0","0","0"
"POINT (6.927652214000030 50.950644550000000)","Unfall 170725 (2022) Kat:3, Licht: 0","170725","3","1","0","03","09","3","","0","0","0","0","0"
"POINT (6.893974717000050 50.956621157000001)","Unfall 170735 (2022) Kat:3, Licht: 0","170735","3","1","0","03","12","2","","0","1","0","0","0"
"POINT (7.035277412000030 50.964652745000102)","Unfall 170758 (2022) Kat:3, Licht: 2","170758","3","2","0","04","21","1","","2","1","1","0","0"
"POINT (6.950155384000030 50.945010777000000)","Unfall 170776 (2022) Kat:3, Licht: 0","170776","3","4","6","04","13","6","","0","1","0","1","0"
"POINT (6.976278964000070 50.936863716000097)","Unfall 170782 (2022) Kat:3, Licht: 0","170782","3","7","6","04","11","2","","0","1","0","1","0"
"POINT (7.006957776000040 50.966710509999999)","Unfall 170793 (2022) Kat:3, Licht: 0","170793","3","3","5","04","09","7","","0","0","1","0","0"
"POINT (6.836578319000070 50.963328947999997)","Unfall 170809 (2022) Kat:3, Licht: 0","170809","3","6","4","03","09","4","","0","1","0","0","0"
"POINT (6.968313765000060 50.912901542000000)","Unfall 170810 (2022) Kat:3, Licht: 0","170810","3","1","0","03","16","5","","0","0","0","0","0"
"POINT (7.001780058000070 50.921220933000001)","Unfall 170813 (2022) Kat:3, Licht: 2","170813","3","3","5","04","22","6","","2","0","1","0","0"
"POINT (6.906215596000040 50.990699335000002)","Unfall 170815 (2022) Kat:3, Licht: 0","170815","3","3","5","04","08","3","","0","0","1","0","1"
"POINT (6.958091887000020 50.935304335000097)","Unfall 170821 (2022) Kat:3, Licht: 0","170821","3","2","5","04","16","6","","0","0","1","0","0"
"POINT (6.942433359000060 50.932107772999998)","Unfall 170822 (2022) Kat:3, Licht: 1","170822","3","1","0","04","20","5","","1","1","0","0","0"
"POINT (6.977382230000050 50.959964798000001)","Unfall 170825 (2022) Kat:3, Licht: 0","170825","3","6","2","03","12","4","","0","0","1","0","0"
"POINT (6.959426613000060 50.941855105999998)","Unfall 170826 (2022) Kat:3, Licht: 0","170826","3","2","6","04","18","2","","0","0","1","1","0"
"POINT (6.914036477000020 50.996259125000101)","Unfall 170840 (2022) Kat:3, Licht: 0","170840","3","2","4","03","08","5","","0","0","1","0","0"
"POINT (6.969249421000030 50.941359704000000)","Unfall 170852 (2022) Kat:3, Licht: 2","170852","3","4","6","04","00","4","","2","0","1","1","0"
"POINT (6.927973951000070 50.956264748000102)","Unfall 170863 (2022) Kat:3, Licht: 0","170863","3","7","0","04","18","1","","0","1","0","1","0"
"POINT (6.955312400000030 50.941380384000098)","Unfall 170875 (2022) Kat:3, Licht: 0","170875","3","1","0","04","18","6","","0","0","0","0","0"
"POINT (6.896742788000040 51.018686453000001)","Unfall 170890 (2022) Kat:2, Licht: 0","170890","2","1","8","04","08","5","","0","0","1","0","0"
"POINT (6.938604032000060 50.938305026000101)","Unfall 170925 (2022) Kat:3, Licht: 0","170925","3","3","5","04","12","6","","0","1","0","0","0"
"POINT (6.951821038000050 50.960907189000103)","Unfall 170936 (2022) Kat:3, Licht: 0","170936","3","3","0","04","18","3","","0","1","1","0","0"
"POINT (6.911431127000070 50.934459496000002)","Unfall 170937 (2022) Kat:3, Licht: 0","170937","3","7","8","03","11","4","","0","0","1","0","0"
"POINT (6.910355950000050 50.957655859000099)","Unfall 170948 (2022) Kat:3, Licht: 0","170948","3","2","1","04","13","5","","0","0","1","0","0"
"POINT (7.013134363000060 50.975029868000000)","Unfall 170963 (2022) Kat:3, Licht: 2","170963","3","5","1","04","01","1","","2","0","1","0","0"
"POINT (7.000996233000020 50.939264745000102)","Unfall 170967 (2022) Kat:2, Licht: 0","170967","2","4","0","04","19","4","","0","1","0","1","0"
"POINT (6.928523440000050 50.924528187000099)","Unfall 170968 (2022) Kat:3, Licht: 0","170968","3","3","2","04","10","3","","0","0","1","0","0"
"POINT (6.890870893000060 51.024980349000003)","Unfall 170977 (2022) Kat:2, Licht: 0","170977","2","2","5","04","11","6","","0","1","1","0","0"
"POINT (6.934882918000030 51.026182671000100)","Unfall 170979 (2022) Kat:3, Licht: 0","170979","3","3","5","03","15","2","","0","1","1","0","0"
"POINT (7.005271522000040 50.956237676000100)","Unfall 170986 (2022) Kat:3, Licht: 0","170986","3","3","0","04","07","3","","0","0","1","0","1"
"POINT (7.071591499000020 50.944489030000099)","Unfall 170996 (2022) Kat:3, Licht: 0","170996","3","3","5","04","07","2","","0","1","1","0","0"
"POINT (6.924169121000030 50.923129852000002)","Unfall 170998 (2022) Kat:3, Licht: 2","170998","3","5","1","04","04","7","","2","1","1","0","0"
"POINT (6.955103477000020 50.956732875000100)","Unfall 171026 (2022) Kat:3, Licht: 0","171026","3","1","9","04","16","4","","0","1","1","0","0"
"POINT (6.933578574000020 50.956000749000097)","Unfall 171033 (2022) Kat:3, Licht: 2","171033","3","4","6","04","20","6","","2","0","1","1","0"
"POINT (6.937091703000020 50.946950711000099)","Unfall 171037 (2022) Kat:3, Licht: 0","171037","3","6","2","03","09","4","","0","0","1","0","0"
"POINT (6.924502442000060 50.923239836000100)","Unfall 171069 (2022) Kat:3, Licht: 1","171069","3","1","1","04","19","6","","1","1","1","0","0"
"POINT (7.019428212000040 50.871089750000102)","Unfall 171082 (2022) Kat:3, Licht: 2","171082","3","7","1","04","22","2","","2","0","1","1","0"
"POINT (6.952237643000050 50.966550425999998)","Unfall 171096 (2022) Kat:3, Licht: 0","171096","3","7","6","04","12","1","","0","0","1","1","0"
"POINT (6.989140102000020 50.968045372000098)","Unfall 171097 (2022) Kat:3, Licht: 0","171097","3","1","0","04","17","6","","0","0","0","0","1"
"POINT (7.004808370000030 50.951658907000102)","Unfall 171105 (2022) Kat:3, Licht: 0","171105","3","2","5","04","17","6","","0","0","1","0","0"
"POINT (6.972386263000030 50.939868009000101)","Unfall 171148 (2022) Kat:3, Licht: 2","171148","3","3","5","04","22","3","","2","0","1","0","0"
"POINT (7.009423068000050 50.952481367000097)","Unfall 171162 (2022) Kat:3, Licht: 2","171162","3","7","0","03","12","2","","2","1","0","0","0"
"POINT (7.087723519000060 50.875246047000097)","Unfall 171166 (2022) Kat:2, Licht: 0","171166","2","7","0","03","10","3","","0","1","0","0","0"
"POINT (7.046327858000040 50.972200403000002)","Unfall 171174 (2022) Kat:2, Licht: 0","171174","2","1","0","04","11","7","","0","1","0","0","0"
"POINT (6.899847694000070 50.954148693000000)","Unfall 171176 (2022) Kat:3, Licht: 0","171176","3","7","0","03","10","5","","0","0","1","1","0"
"POINT (6.958251352000050 50.961153912000000)","Unfall 171178 (2022) Kat:3, Licht: 0","171178","3","7","0","04","13","5","","0","0","1","1","0"
"POINT (6.957607645000050 50.941790157000099)","Unfall 171187 (2022) Kat:3, Licht: 0","171187","3","4","6","04","19","7","","0","0","1","1","0"
"POINT (6.954149240000050 50.931705290000103)","Unfall 171213 (2022) Kat:3, Licht: 0","171213","3","1","8","04","16","4","","0","0","0","0","0"
"POINT (6.950195837000020 50.959202200999997)","Unfall 171229 (2022) Kat:3, Licht: 0","171229","3","5","0","04","19","6","","0","1","1","0","0"
"POINT (6.929081316000070 50.921476364000100)","Unfall 171238 (2022) Kat:3, Licht: 0","171238","3","2","5","04","10","5","","0","1","1","0","0"
"POINT (6.907376891000070 50.921606711999999)","Unfall 171254 (2022) Kat:3, Licht: 0","171254","3","2","2","04","15","5","","0","0","1","0","1"
"POINT (6.963041983000040 50.886694106000000)","Unfall 171255 (2022) Kat:3, Licht: 0","171255","3","6","8","04","10","3","","0","0","1","0","0"
"POINT (7.021120241000060 50.974394227000097)","Unfall 171256 (2022) Kat:3, Licht: 0","171256","3","3","5","03","12","4","","0","1","1","0","0"
"POINT (6.942996761000070 50.935149864000003)","Unfall 171270 (2022) Kat:2, Licht: 0","171270","2","2","4","04","10","4","","0","0","0","0","1"
"POINT (6.974765843000060 50.931362047999997)","Unfall 171299 (2022) Kat:3, Licht: 0","171299","3","1","8","04","15","4","","0","1","0","0","0"
"POINT (7.075216355000070 50.893083861999997)","Unfall 171306 (2022) Kat:2, Licht: 0","171306","2","3","5","03","18","5","","0","0","1","0","1"
"POINT (6.951486798000080 50.962587323000001)","Unfall 171308 (2022) Kat:3, Licht: 0","171308","3","1","1","04","18","6","","0","0","1","0","0"
"POINT (7.069197845000080 50.836953006000002)","Unfall 171316 (2022) Kat:3, Licht: 0","171316","3","7","0","04","18","7","","0","1","0","0","0"
"POINT (6.898614717000040 50.934443837000103)","Unfall 171317 (2022) Kat:3, Licht: 0","171317","3","3","0","04","14","5","","0","1","1","0","0"
"POINT (6.927340934000030 50.895414357000000)","Unfall 171326 (2022) Kat:3, Licht: 0","171326","3","7","3","04","15","7","","0","0","1","0","1"
"POINT (6.922626165000050 50.918650722000102)","Unfall 171359 (2022) Kat:3, Licht: 0","171359","3","5","0","04","18","6","","0","0","1","0","0"
"POINT (6.959766227000050 50.974220862999999)","Unfall 171369 (2022) Kat:2, Licht: 0","171369","2","2","4","04","15","5","","0","0","1","0","0"
"POINT (7.038909290000050 50.928815868000100)","Unfall 171373 (2022) Kat:3, Licht: 0","171373","3","3","5","04","12","4","","0","0","1","0","0"
"POINT (6.923703538000040 50.917069988999998)","Unfall 171379 (2022) Kat:3, Licht: 0","171379","3","7","6","03","13","3","","0","0","0","1","0"
"POINT (7.024788091000060 50.938363223000103)","Unfall 171390 (2022) Kat:3, Licht: 0","171390","3","5","1","04","19","5","","0","1","1","0","0"
"POINT (6.871250553000040 50.932188001000000)","Unfall 171438 (2022) Kat:3, Licht: 0","171438","3","7","6","04","08","7","","0","0","1","1","0"
"POINT (7.003898108000040 50.930222656000097)","Unfall 171441 (2022) Kat:3, Licht: 0","171441","3","3","5","04","11","6","","0","0","1","0","0"
"POINT (7.000955157000020 50.959357476000001)","Unfall 171442 (2022) Kat:3, Licht: 0","171442","3","2","4","04","10","5","","0","1","1","0","0"
"POINT (6.997509376000040 51.005955385999997)","Unfall 171455 (2022) Kat:3, Licht: 0","171455","3","7","0","04","12","5","","0","0","1","0","0"
"POINT (6.937297655000070 50.918732726000002)","Unfall 171458 (2022) Kat:3, Licht: 0","171458","3","7","3","04","16","3","","0","0","1","0","0"
"POINT (6.921672646000050 50.922244378000102)","Unfall 171501 (2022) Kat:3, Licht: 0","171501","3","4","0","03","17","4","","0","1","0","1","0"
"POINT (6.922569192000030 50.918683377999997)","Unfall 171516 (2022) Kat:3, Licht: 0","171516","3","5","1","03","15","4","","0","1","1","0","0"
"POINT (7.018322900000040 50.965244419999998)","Unfall 171561 (2022) Kat:3, Licht: 0","171561","3","3","5","04","15","7","","0","0","1","0","1"
"POINT (7.000599215000020 50.938294445000103)","Unfall 171567 (2022) Kat:3, Licht: 0","171567","3","6","3","04","10","6","","0","1","1","0","0"
"POINT (6.894143637000070 50.969237899000099)","Unfall 171591 (2022) Kat:2, Licht: 0","171591","2","3","2","04","17","5","","0","0","1","0","1"
"POINT (6.953842633000020 50.942687882000001)","Unfall 171613 (2022) Kat:3, Licht: 0","171613","3","3","5","04","15","3","","0","1","1","0","0"
"POINT (6.915401967000040 50.929876757999999)","Unfall 171632 (2022) Kat:2, Licht: 0","171632","2","7","0","04","10","3","","0","1","0","0","0"
"POINT (6.924078966000020 50.952371874000100)","Unfall 171634 (2022) Kat:3, Licht: 0","171634","3","1","0","04","10","2","","0","1","0","0","0"
"POINT (6.910457637000040 50.987062883000100)","Unfall 171636 (2022) Kat:3, Licht: 0","171636","3","5","1","04","12","2","","0","0","1","0","0"
"POINT (6.938426664000080 50.938310485999999)","Unfall 171652 (2022) Kat:3, Licht: 2","171652","3","2","6","04","01","1","","2","0","1","1","0"
"POINT (6.832997061000070 50.935669611999998)","Unfall 171666 (2022) Kat:3, Licht: 0","171666","3","6","2","04","11","7","","0","0","1","0","0"
"POINT (6.950786854000060 50.919562896000102)","Unfall 171673 (2022) Kat:3, Licht: 0","171673","3","5","1","04","13","4","","0","1","1","0","0"
"POINT (6.942300086000050 50.937773178999997)","Unfall 171677 (2022) Kat:3, Licht: 1","171677","3","4","0","03","19","2","","1","0","1","1","0"
"POINT (6.960448235000060 50.918175755999997)","Unfall 171706 (2022) Kat:3, Licht: 0","171706","3","6","6","03","17","3","","0","0","0","1","0"
"POINT (6.956698455000040 50.948242890000103)","Unfall 171707 (2022) Kat:3, Licht: 0","171707","3","2","5","04","13","7","","0","1","0","0","0"
"POINT (6.998071664000070 50.942553627000102)","Unfall 171713 (2022) Kat:3, Licht: 0","171713","3","1","0","04","11","3","","0","0","0","0","1"
"POINT (6.948579957000050 50.917016992000100)","Unfall 171717 (2022) Kat:3, Licht: 0","171717","3","3","5","04","18","7","","0","1","1","0","0"
"POINT (6.907839254000070 50.944176443000103)","Unfall 171721 (2022) Kat:3, Licht: 0","171721","3","2","0","04","08","3","","0","1","1","0","0"
"POINT (6.927489677000040 50.895652730000101)","Unfall 171747 (2022) Kat:3, Licht: 0","171747","3","6","2","04","17","3","","0","0","1","0","0"
"POINT (7.011563133000040 50.972799651000102)","Unfall 171753 (2022) Kat:3, Licht: 0","171753","3","6","2","04","15","6","","0","0","1","0","0"
"POINT (6.962168760000050 50.974153192000102)","Unfall 171767 (2022) Kat:3, Licht: 0","171767","3","2","5","04","11","6","","0","1","1","0","0"
"POINT (7.063462201000050 50.890696587999997)","Unfall 171774 (2022) Kat:3, Licht: 0","171774","3","3","5","04","11","5","","0","1","1","0","0"
"POINT (6.914251906000060 50.951052367999999)","Unfall 171810 (2022) Kat:3, Licht: 0","171810","3","5","1","03","07","2","","0","1","1","0","0"
"POINT (6.941329725000060 50.908767913000098)","Unfall 171814 (2022) Kat:3, Licht: 1","171814","3","1","0","03","19","3","","1","1","0","0","0"
"POINT (6.941001909000020 50.958449143999999)","Unfall 171849 (2022) Kat:3, Licht: 0","171849","3","3","5","05","14","4","","0","0","1","0","0"
"POINT (6.930880323000050 50.940702756000100)","Unfall 171872 (2022) Kat:3, Licht: 0","171872","3","6","4","05","16","2","","0","1","1","0","0"
"POINT (6.954975530000070 50.966981878000098)","Unfall 171876 (2022) Kat:3, Licht: 0","171876","3","5","1","04","14","7","","0","1","0","0","0"
"POINT (7.001396396000080 50.946717824000103)","Unfall 171930 (2022) Kat:3, Licht: 0","171930","3","3","2","05","09","5","","0","1","1","0","0"
"POINT (6.918255634000050 50.954521369000098)","Unfall 171943 (2022) Kat:3, Licht: 0","171943","3","1","0","05","07","1","","0","0","0","0","0"
"POINT (6.921509405000050 50.951528754999998)","Unfall 171948 (2022) Kat:3, Licht: 0","171948","3","7","6","04","19","6","","0","0","1","1","0"
"POINT (6.966138842000020 50.918547083000099)","Unfall 171952 (2022) Kat:2, Licht: 0","171952","2","5","1","05","14","3","","0","1","1","0","0"
"POINT (6.959687674000070 50.999466847000100)","Unfall 171968 (2022) Kat:3, Licht: 0","171968","3","1","0","04","09","2","","0","1","0","0","0"
"POINT (6.948887601000020 50.934860295000099)","Unfall 171970 (2022) Kat:3, Licht: 2","171970","3","1","0","05","22","7","","2","1","0","0","0"
"POINT (6.956449723000050 50.962697771000101)","Unfall 171978 (2022) Kat:3, Licht: 0","171978","3","2","0","05","18","5","","0","1","1","0","0"
"POINT (6.885773482000050 50.948612927000099)","Unfall 172013 (2022) Kat:3, Licht: 2","172013","3","6","0","04","22","7","","2","0","1","0","0"
"POINT (6.982192919000060 50.963139503000001)","Unfall 172017 (2022) Kat:3, Licht: 0","172017","3","6","2","05","13","7","","0","0","1","0","0"
"POINT (7.009042632000050 50.878699482000101)","Unfall 172018 (2022) Kat:3, Licht: 0","172018","3","7","6","04","13","6","","0","0","1","1","0"
"POINT (6.944259962000050 50.930430267000098)","Unfall 172028 (2022) Kat:2, Licht: 2","172028","2","5","8","05","22","5","","2","1","1","0","0"
"POINT (7.094368174000070 50.971760131000103)","Unfall 172031 (2022) Kat:3, Licht: 0","172031","3","7","0","05","19","3","","0","1","0","0","0"
"POINT (7.001077053000070 50.950138709999997)","Unfall 172034 (2022) Kat:2, Licht: 0","172034","2","2","5","05","10","1","","0","1","1","0","0"
"POINT (6.917604038000040 51.014681676000102)","Unfall 172036 (2022) Kat:3, Licht: 0","172036","3","6","2","05","17","6","","0","0","1","0","0"
"POINT (6.950463978000070 50.945174237000103)","Unfall 172042 (2022) Kat:2, Licht: 0","172042","2","2","5","05","13","7","","0","0","1","0","0"
"POINT (6.953258511000060 50.944423229000101)","Unfall 172062 (2022) Kat:3, Licht: 0","172062","3","6","0","04","18","3","","0","0","1","0","1"
"POINT (6.971084070000070 50.978914680000102)","Unfall 172076 (2022) Kat:3, Licht: 0","172076","3","6","2","05","13","3","","0","0","1","0","0"
"POINT (6.942033188000040 50.921965806999999)","Unfall 172096 (2022) Kat:3, Licht: 0","172096","3","1","0","04","18","5","","0","0","0","0","0"
"POINT (6.932475718000030 50.955568658000097)","Unfall 172107 (2022) Kat:2, Licht: 2","172107","2","1","8","05","03","1","","2","1","0","0","0"
"POINT (6.933708207000050 50.943826790999999)","Unfall 172112 (2022) Kat:3, Licht: 0","172112","3","7","0","05","16","2","","0","0","0","0","0"
"POINT (6.946023835000060 50.927751387000100)","Unfall 172116 (2022) Kat:3, Licht: 0","172116","3","5","0","04","19","7","","0","0","1","0","1"
"POINT (7.007020557000030 50.940189368000098)","Unfall 172119 (2022) Kat:3, Licht: 0","172119","3","6","6","05","09","7","","0","1","0","1","0"
"POINT (6.950701926000020 50.942625331999999)","Unfall 172143 (2022) Kat:3, Licht: 0","172143","3","4","0","04","09","3","","0","0","1","1","0"
"POINT (6.983448699000060 50.944822146000000)","Unfall 172160 (2022) Kat:3, Licht: 0","172160","3","6","3","05","07","4","","0","0","1","0","1"
"POINT (6.975956352000030 50.933404607999996)","Unfall 172183 (2022) Kat:3, Licht: 0","172183","3","3","5","05","08","5","","0","1","0","0","0"
"POINT (6.960630693000040 50.981817770000099)","Unfall 172184 (2022) Kat:3, Licht: 0","172184","3","3","5","04","07","5","","0","1","1","0","0"
"POINT (6.888078113000060 50.947081593000100)","Unfall 172187 (2022) Kat:3, Licht: 0","172187","3","6","0","05","14","2","","0","0","1","0","0"
"POINT (6.999670810000050 50.940292104000001)","Unfall 172198 (2022) Kat:3, Licht: 0","172198","3","6","3","04","16","4","","0","0","1","0","0"
"POINT (6.956943095000040 50.939882470000001)","Unfall 172201 (2022) Kat:3, Licht: 2","172201","3","1","0","05","00","2","","2","0","0","0","0"
"POINT (6.944597129000040 50.946979596000098)","Unfall 172204 (2022) Kat:3, Licht: 2","172204","3","1","1","05","23","4","","2","1","1","0","0"
"POINT (6.928778065000070 50.919177342000097)","Unfall 172208 (2022) Kat:3, Licht: 0","172208","3","1","0","04","12","5","","0","1","0","0","0"
"POINT (7.079928663000030 50.880405346000003)","Unfall 172210 (2022) Kat:3, Licht: 0","172210","3","4","6","04","14","6","","0","0","0","1","0"
"POINT (6.950533513000040 50.920219007000100)","Unfall 172229 (2022) Kat:3, Licht: 0","172229","3","2","2","05","12","6","","0","0","1","0","0"
"POINT (6.921383334000040 50.922143067000000)","Unfall 172253 (2022) Kat:3, Licht: 0","172253","3","1","0","04","08","4","","0","1","0","0","0"
"POINT (6.931626705000040 50.931423426000002)","Unfall 172260 (2022) Kat:3, Licht: 0","172260","3","3","5","05","13","7","","0","1","1","0","0"
"POINT (6.943736246000070 50.987074986000003)","Unfall 172261 (2022) Kat:2, Licht: 0","172261","2","1","0","04","18","6","","0","1","0","0","0"
"POINT (6.927532293000070 50.923393524000097)","Unfall 172280 (2022) Kat:3, Licht: 0","172280","3","3","5","05","14","4","","0","1","1","0","0"
"POINT (6.947092259000040 50.914276719000000)","Unfall 172290 (2022) Kat:3, Licht: 0","172290","3","2","5","04","13","2","","0","1","1","0","0"