WKT,Name,OBJECTID,UKATEGORIE,UTYP1,UART,UMONAT,USTUNDE,UWOCHENTAG,STRZUSTAND,ULICHTVERH,ISTRAD,ISTPKW,ISTFUSS,ISTKRAD
"POINT (6.944432638000020 50.938531480000101)","Unfall 172296 (2022) Kat:3, Licht: 0","172296","3","5","0","04","12","3","","0","1","1","0","0"
"POINT (6.947840404000030 50.964237943000100)","Unfall 172314 (2022) Kat:2, Licht: 2","172314","2","5","1","05","01","1","","2","0","1","0","0"
"POINT (6.925146972000050 50.918263561000103)","Unfall 172317 (2022) Kat:3, Licht: 0","172317","3","6","3","05","14","6","","0","1","0","0","0"
"POINT (6.913611258000060 50.933625318000097)","Unfall 172347 (2022) Kat:3, Licht: 0","172347","3","3","5","04","18","7","","0","1","1","0","0"
"POINT (7.039958851000050 50.863531066000100)","Unfall 172383 (2022) Kat:3, Licht: 0","172383","3","3","5","05","17","5","","0","1","0","0","0"
"POINT (6.939308843000050 50.923779312000100)","Unfall 172388 (2022) Kat:3, Licht: 0","172388","3","7","3","05","19","2","","0","1","1","0","0"
"POINT (6.956320565000060 50.954048428000100)","Unfall 172399 (2022) Kat:3, Licht: 0","172399","3","5","1","04","12","4","","0","0","1","0","1"
"POINT (6.962759344000060 50.918737646000103)","Unfall 172405 (2022) Kat:3, Licht: 0","172405","3","3","5","05","17","4","","0","1","1","0","0"
"POINT (7.000534723000040 50.938136823000001)","Unfall 172411 (2022) Kat:3, Licht: 0","172411","3","7","6","05","19","7","","0","0","1","1","0"
"POINT (7.032634715000030 50.978764011000102)","Unfall 172420 (2022) Kat:3, Licht: 0","172420","3","6","2","04","17","2","","0","0","1","0","0"
"POINT (6.926487991000040 50.954286363000101)","Unfall 172421 (2022) Kat:3, Licht: 2","172421","3","4","0","04","20","5","","2","1","0","1","0"
"POINT (7.039238585000020 50.896558045000099)","Unfall 172422 (2022) Kat:3, Licht: 0","172422","3","5","4","05","18","7","","0","1","1","0","0"
"POINT (6.927652214000030 50.950644550000000)","Unfall 172457 (2022) Kat:3, Licht: 0","172457","3","1","8","04","08","6","","0","1","0","0","0"
"POINT (6.959343812000040 50.934219865000003)","Unfall 172463 (2022) Kat:3, Licht: 2","172463","3","1","0","05","01","1","","2","0","0","0","0"
"POINT (6.941505269000060 50.941669268000098)","Unfall 172481 (2022) Kat:3, Licht: 0","172481","3","3","5","05","16","5","","0","1","1","0","0"
"POINT (7.004808370000030 50.951658907000102)","Unfall 172482 (2022) Kat:3, Licht: 0","172482","3","2","5","05","18","2","","0","0","1","0","0"
"POINT (6.930942503000040 50.978906906000098)","Unfall 172484 (2022) Kat:3, Licht: 0","172484","3","6","2","05","09","3","","0","0","1","0","0"
"POINT (6.930452944000020 50.971518717999999)","Unfall 172488 (2022) Kat:3, Licht: 0","172488","3","3","5","05","12","2","","0","0","1","0","0"
"POINT (6.998105759000050 50.964169707000103)","Unfall 172514 (2022) Kat:3, Licht: 0","172514","3","7","0","05","14","1","","0","1","0","0","0"
"POINT (6.957259046000050 50.920587151000099)","Unfall 172522 (2022) Kat:3, Licht: 0","172522","3","6","4","05","11","4","","0","1","0","0","0"
"POINT (6.938032445000030 50.968580433000099)","Unfall 172534 (2022) Kat:3, Licht: 0","172534","3","3","5","05","17","5","","0","1","1","0","0"
"POINT (6.942706922000070 50.938280439000003)","Unfall 172544 (2022) Kat:3, Licht: 0","172544","3","6","3","04","15","2","","0","1","1","0","0"
"POINT (6.941234408000070 50.922511063999998)","Unfall 172557 (2022) Kat:2, Licht: 2","172557","2","1","0","05","22","6","","2","1","0","0","0"
"POINT (6.965336675000060 50.916240726000098)","Unfall 172570 (2022) Kat:3, Licht: 0","172570","3","1","0","04","08","2","","0","1","0","0","0"
"POINT (6.958548317000070 50.962362059999997)","Unfall 172580 (2022) Kat:3, Licht: 0","172580","3","5","1","05","08","5","","0","0","1","0","1"
"POINT (6.952997402000050 50.956179162000097)","Unfall 172586 (2022) Kat:3, Licht: 0","172586","3","6","3","05","17","3","","0","0","1","0","0"
"POINT (6.945678453000030 50.938305413000101)","Unfall 172611 (2022) Kat:3, Licht: 0","172611","3","7","6","05","17","2","","0","0","1","1","0"
"POINT (7.019260931000080 50.900611400000102)","Unfall 172620 (2022) Kat:3, Licht: 0","172620","3","3","5","04","13","6","","0","1","0","0","1"
"POINT (6.934977191000030 50.927812354000103)","Unfall 172630 (2022) Kat:2, Licht: 0","172630","2","1","0","05","11","5","","0","1","0","0","0"
"POINT (6.940426883000040 50.937195381000002)","Unfall 172639 (2022) Kat:2, Licht: 0","172639","2","3","5","05","15","6","","0","1","1","0","0"
"POINT (6.941156573000060 50.940325481999999)","Unfall 172653 (2022) Kat:3, Licht: 0","172653","3","5","1","04","13","5","","0","1","0","0","0"
"POINT (6.949017235000040 50.940685636000097)","Unfall 172655 (2022) Kat:3, Licht: 0","172655","3","7","6","04","16","6","","0","0","1","1","0"
"POINT (6.899673823000060 50.957720135999999)","Unfall 172656 (2022) Kat:3, Licht: 0","172656","3","6","2","05","14","2","","0","0","1","0","0"
"POINT (7.005336872000040 50.950496526999999)","Unfall 172668 (2022) Kat:3, Licht: 0","172668","3","6","1","04","18","5","","0","0","1","0","0"
"POINT (6.947210744000070 50.914859164000099)","Unfall 172669 (2022) Kat:3, Licht: 0","172669","3","7","0","05","10","7","","0","1","0","0","0"
"POINT (6.995335074000020 50.949348032000003)","Unfall 172670 (2022) Kat:3, Licht: 2","172670","3","3","0","04","22","6","","2","0","1","0","1"
"POINT (6.994837162000070 50.984005098000097)","Unfall 172680 (2022) Kat:3, Licht: 0","172680","3","7","0","05","13","1","","0","0","1","0","0"
"POINT (6.935475977000070 50.912780216000002)","Unfall 172682 (2022) Kat:3, Licht: 0","172682","3","2","6","05","09","3","","0","1","0","1","0"
"POINT (6.939133051000060 50.958094743000103)","Unfall 172705 (2022) Kat:3, Licht: 0","172705","3","2","5","04","17","3","","0","1","0","0","0"
"POINT (6.998576856000060 50.964683086000001)","Unfall 172722 (2022) Kat:3, Licht: 0","172722","3","7","0","05","08","6","","0","1","0","0","0"
"POINT (7.010556989000070 50.971820844000000)","Unfall 172724 (2022) Kat:3, Licht: 0","172724","3","4","6","05","14","1","","0","0","1","1","0"
"POINT (6.960448235000060 50.918175755999997)","Unfall 172725 (2022) Kat:3, Licht: 0","172725","3","5","5","04","17","3","","0","1","1","0","0"
"POINT (7.002900319000050 50.951543182000101)","Unfall 172752 (2022) Kat:3, Licht: 0","172752","3","4","6","04","10","7","","0","0","1","1","0"
"POINT (6.940325674000060 50.935699476000103)","Unfall 172766 (2022) Kat:3, Licht: 0","172766","3","1","0","05","09","4","","0","1","0","0","0"
"POINT (6.933268116000020 50.913581776000100)","Unfall 172769 (2022) Kat:3, Licht: 0","172769","3","4","6","04","14","5","","0","0","1","1","0"
"POINT (6.964081284000030 50.911450352000003)","Unfall 172793 (2022) Kat:2, Licht: 0","172793","2","2","6","05","16","2","","0","0","1","1","0"
"POINT (6.934673601000040 50.927658606000101)","Unfall 172794 (2022) Kat:3, Licht: 0","172794","3","1","0","04","19","3","","0","1","0","0","0"
"POINT (7.029965184000050 50.898578098000002)","Unfall 172804 (2022) Kat:3, Licht: 0","172804","3","4","6","04","12","4","","0","0","1","1","0"
"POINT (6.934814058000030 50.941115383000103)","Unfall 172814 (2022) Kat:2, Licht: 2","172814","2","1","0","04","00","5","","2","1","0","0","0"
"POINT (6.901339042000070 51.022289817999997)","Unfall 172815 (2022) Kat:3, Licht: 0","172815","3","2","5","05","11","7","","0","0","1","0","0"
"POINT (7.004316108000070 50.934855906000102)","Unfall 172816 (2022) Kat:3, Licht: 0","172816","3","5","0","04","10","6","","0","1","0","0","0"
"POINT (6.998150724000030 50.962755598999998)","Unfall 172821 (2022) Kat:3, Licht: 2","172821","3","1","0","05","01","1","","2","1","0","0","0"
"POINT (7.021676667000070 50.932661311000103)","Unfall 172825 (2022) Kat:3, Licht: 0","172825","3","6","6","05","15","2","","0","1","0","1","0"
"POINT (6.981291695000040 50.950139704000001)","Unfall 172843 (2022) Kat:3, Licht: 2","172843","3","7","0","05","22","2","","2","1","0","0","0"
"POINT (7.040938734000060 50.983621079999999)","Unfall 172850 (2022) Kat:3, Licht: 0","172850","3","3","0","05","08","4","","0","1","1","0","0"
"POINT (6.926716155000070 50.924401344000003)","Unfall 172860 (2022) Kat:3, Licht: 0","172860","3","5","1","05","09","5","","0","1","1","0","0"
"POINT (6.989523169000050 50.875137019000100)","Unfall 172862 (2022) Kat:2, Licht: 2","172862","2","1","0","05","04","1","","2","0","1","0","0"
"POINT (6.931704877000070 50.931450687999998)","Unfall 172877 (2022) Kat:3, Licht: 2","172877","3","2","3","05","23","4","","2","1","1","0","0"
"POINT (6.941018923000060 50.914844216000098)","Unfall 172880 (2022) Kat:2, Licht: 0","172880","2","1","0","05","10","7","","0","1","1","0","0"
"POINT (7.051819836000050 50.909760120999998)","Unfall 172886 (2022) Kat:3, Licht: 0","172886","3","1","0","05","17","3","","0","1","0","0","0"
"POINT (6.954074838000050 50.936490865000103)","Unfall 172897 (2022) Kat:3, Licht: 0","172897","3","7","6","05","15","1","","0","0","1","1","0"
"POINT (7.075628160000060 50.972149008000002)","Unfall 172906 (2022) Kat:3, Licht: 0","172906","3","3","5","05","12","7","","0","1","1","0","0"
"POINT (6.947143836000070 50.938844432000103)","Unfall 172926 (2022) Kat:3, Licht: 0","172926","3","3","6","05","11","4","","0","1","0","1","0"
"POINT (6.939022189000070 50.938972702999997)","Unfall 172927 (2022) Kat:3, Licht: 2","172927","3","1","0","05","00","6","","2","1","0","0","0"
"POINT (6.953609745000050 50.896413232000000)","Unfall 172941 (2022) Kat:2, Licht: 0","172941","2","5","1","05","11","2","","0","1","1","0","0"
"POINT (6.831513973000030 50.961125645000003)","Unfall 172943 (2022) Kat:3, Licht: 0","172943","3","1","0","05","14","7","","0","1","0","0","0"
"POINT (6.951268751000040 50.953071504999997)","Unfall 172960 (2022) Kat:3, Licht: 0","172960","3","3","5","05","14","6","","0","1","1","0","0"
"POINT (6.920956873000020 50.921990929000103)","Unfall 172961 (2022) Kat:3, Licht: 0","172961","3","5","1","05","14","2","","0","1","1","0","0"
"POINT (6.904910358000050 50.920645446000002)","Unfall 172972 (2022) Kat:3, Licht: 0","172972","3","5","1","05","16","6","","0","1","1","0","0"
"POINT (6.953424669000070 50.945139124999997)","Unfall 172993 (2022) Kat:3, Licht: 0","172993","3","1","0","05","08","3","","0","0","0","0","0"
"POINT (6.944274911000040 50.983093758999999)","Unfall 172995 (2022) Kat:2, Licht: 0","172995","2","1","0","05","15","6","","0","0","0","0","0"
"POINT (7.045902860000070 50.972161569000001)","Unfall 172997 (2022) Kat:3, Licht: 0","172997","3","6","3","05","14","3","","0","1","1","0","0"
"POINT (6.938468183000050 50.929255879999999)","Unfall 173001 (2022) Kat:3, Licht: 2","173001","3","4","0","05","00","1","","2","1","0","1","0"
"POINT (6.949403981000050 50.982188280999999)","Unfall 173003 (2022) Kat:3, Licht: 0","173003","3","3","0","05","19","4","","0","1","1","0","0"
"POINT (6.963781162000030 50.873495560000002)","Unfall 173012 (2022) Kat:2, Licht: 0","173012","2","4","6","05","15","3","","0","0","1","1","0"
"POINT (6.938377361000050 50.904039937000100)","Unfall 173019 (2022) Kat:3, Licht: 0","173019","3","3","0","05","16","6","","0","1","1","0","0"
"POINT (6.967745503000060 50.981969356000000)","Unfall 173045 (2022) Kat:3, Licht: 0","173045","3","6","0","05","14","2","","0","0","1","0","0"
"POINT (6.905069227000070 50.967146509000003)","Unfall 173052 (2022) Kat:3, Licht: 0","173052","3","3","0","05","07","4","","0","0","1","0","1"
"POINT (6.994479315000040 50.935459604000101)","Unfall 173060 (2022) Kat:3, Licht: 0","173060","3","1","2","05","14","7","","0","0","1","0","1"
"POINT (6.958783951000040 50.923681246999998)","Unfall 173063 (2022) Kat:3, Licht: 0","173063","3","6","3","05","20","5","","0","1","0","0","0"
"POINT (6.969566064000050 50.918942540000003)","Unfall 173099 (2022) Kat:3, Licht: 0","173099","3","4","0","05","17","1","","0","1","0","1","0"
"POINT (6.968796580000060 50.965971416999999)","Unfall 173106 (2022) Kat:3, Licht: 0","173106","3","3","5","05","17","4","","0","0","1","0","0"
"POINT (6.909273086000040 50.933497574000100)","Unfall 173128 (2022) Kat:2, Licht: 0","173128","2","3","5","05","08","7","","0","1","1","0","0"
"POINT (6.919377102000060 50.921411092000000)","Unfall 173134 (2022) Kat:3, Licht: 0","173134","3","1","0","05","19","3","","0","1","0","0","0"
"POINT (6.949976788000070 50.992096562000000)","Unfall 173138 (2022) Kat:3, Licht: 0","173138","3","1","7","05","15","6","","0","0","1","0","0"
"POINT (6.934977191000030 50.927812354000103)","Unfall 173172 (2022) Kat:3, Licht: 0","173172","3","1","0","05","18","6","","0","1","0","0","0"
"POINT (6.912032137000040 50.965221030000102)","Unfall 173178 (2022) Kat:3, Licht: 0","173178","3","3","5","05","20","5","","0","0","1","0","0"
"POINT (6.988681348000060 50.911681666000000)","Unfall 173180 (2022) Kat:3, Licht: 0","173180","3","3","5","05","17","3","","0","1","1","0","0"
"POINT (7.056863442000060 50.879083653000102)","Unfall 173216 (2022) Kat:3, Licht: 0","173216","3","4","6","05","11","6","","0","0","1","1","0"
"POINT (6.949213278000060 50.941349569000103)","Unfall 173218 (2022) Kat:3, Licht: 0","173218","3","5","0","05","16","7","","0","1","1","0","0"
"POINT (7.039543065000030 50.967046439000100)","Unfall 173224 (2022) Kat:2, Licht: 0","173224","2","3","1","05","17","3","","0","1","1","0","0"
"POINT (7.011668433000070 50.942055654000100)","Unfall 173225 (2022) Kat:3, Licht: 0","173225","3","3","5","05","12","5","","0","1","1","0","0"
"POINT (6.960125634000060 50.910684171000099)","Unfall 173244 (2022) Kat:3, Licht: 0","173244","3","3","5","05","15","3","","0","0","1","0","0"
"POINT (7.122870883000080 50.873810839000001)","Unfall 173248 (2022) Kat:3, Licht: 0","173248","3","7","3","05","03","1","","0","0","1","0","0"
"POINT (6.885087979000050 50.946132315000099)","Unfall 173250 (2022) Kat:3, Licht: 0","173250","3","5","1","05","12","4","","0","1","1","0","0"
"POINT (6.907839254000070 50.944176443000103)","Unfall 173254 (2022) Kat:3, Licht: 0","173254","3","6","2","05","18","3","","0","1","1","0","0"
"POINT (6.947020316000020 51.001299410999998)","Unfall 173256 (2022) Kat:3, Licht: 0","173256","3","6","1","05","15","6","","0","0","1","0","0"
"POINT (7.073725728000060 50.895878926000101)","Unfall 173257 (2022) Kat:2, Licht: 0","173257","2","3","5","05","11","2","","0","0","1","0","1"
"POINT (6.910274879000040 50.919616382000100)","Unfall 173260 (2022) Kat:3, Licht: 0","173260","3","3","5","05","07","4","","0","1","0","0","0"
"POINT (6.833534362000020 50.946444898999999)","Unfall 173270 (2022) Kat:3, Licht: 0","173270","3","3","5","05","12","4","","0","0","1","0","1"
"POINT (6.944504407000070 50.935228758999997)","Unfall 173274 (2022) Kat:3, Licht: 0","173274","3","5","1","05","11","3","","0","1","1","0","0"
"POINT (6.945428948000030 50.905623931000001)","Unfall 173275 (2022) Kat:3, Licht: 0","173275","3","2","5","05","15","5","","0","0","1","0","0"
"POINT (6.935642204000030 51.018142125000097)","Unfall 173279 (2022) Kat:3, Licht: 0","173279","3","1","0","05","08","2","","0","1","0","0","0"
"POINT (7.001620802000050 50.940882030000097)","Unfall 173320 (2022) Kat:3, Licht: 0","173320","3","3","5","05","12","7","","0","0","1","0","0"
"POINT (6.973937702000060 50.965118609000100)","Unfall 173327 (2022) Kat:3, Licht: 0","173327","3","7","3","05","19","6","","0","0","1","0","0"
"POINT (6.923561202000030 50.918114754000001)","Unfall 173328 (2022) Kat:3, Licht: 0","173328","3","2","2","05","10","2","","0","1","0","0","0"
"POINT (6.961898540000050 50.916896565999998)","Unfall 173341 (2022) Kat:3, Licht: 0","173341","3","7","0","05","12","4","","0","0","0","0","0"
"POINT (6.941660539000050 50.943534474000003)","Unfall 173351 (2022) Kat:3, Licht: 0","173351","3","6","4","05","16","5","","0","1","0","0","0"
"POINT (7.113609137000030 50.879631269000100)","Unfall 173355 (2022) Kat:3, Licht: 0","173355","3","6","1","05","16","2","","0","0","1","0","0"
"POINT (6.968103142000070 50.921986283000102)","Unfall 173365 (2022) Kat:3, Licht: 0","173365","3","3","5","05","19","3","","0","1","1","0","0"
"POINT (6.888380916000070 50.960350160000097)","Unfall 173387 (2022) Kat:3, Licht: 0","173387","3","2","5","05","08","4","","0","1","1","0","0"
"POINT (6.962842209000030 50.917966933000102)","Unfall 173390 (2022) Kat:3, Licht: 1","173390","3","1","0","05","06","7","","1","0","0","0","0"
"POINT (6.959442586000020 50.937518430000097)","Unfall 173399 (2022) Kat:3, Licht: 2","173399","3","3","5","05","01","1","","2","0","1","0","0"
"POINT (6.968295231000070 50.912077379000003)","Unfall 173401 (2022) Kat:3, Licht: 0","173401","3","3","5","05","11","2","","0","1","1","0","0"
"POINT (7.078926275000070 50.897234534000098)","Unfall 173412 (2022) Kat:2, Licht: 0","173412","2","7","0","05","12","6","","0","1","1","0","0"
"POINT (7.032573223000040 50.981167597000102)","Unfall 173413 (2022) Kat:3, Licht: 0","173413","3","2","0","05","15","2","","0","1","1","0","0"
"POINT (6.943457574000040 50.968514395000099)","Unfall 173418 (2022) Kat:3, Licht: 0","173418","3","1","8","05","17","1","","0","0","0","0","0"
"POINT (6.850350938000080 50.928875554999998)","Unfall 173420 (2022) Kat:3, Licht: 0","173420","3","5","1","05","13","4","","0","1","1","0","0"
"POINT (6.928251559000050 50.920782388000099)","Unfall 173430 (2022) Kat:2, Licht: 0","173430","2","5","1","05","12","3","","0","1","1","0","0"
"POINT (6.911941888000060 50.999278800000098)","Unfall 173460 (2022) Kat:3, Licht: 0","173460","3","2","3","05","17","2","","0","1","1","0","0"
"POINT (6.898043332000040 50.945645726000102)","Unfall 173467 (2022) Kat:3, Licht: 2","173467","3","7","0","05","22","4","","2","0","1","0","0"
"POINT (6.962233573000050 50.935022488000101)","Unfall 173479 (2022) Kat:3, Licht: 0","173479","3","6","2","05","17","1","","0","0","1","0","1"
"POINT (6.840686960000030 50.947058678000097)","Unfall 173509 (2022) Kat:3, Licht: 0","173509","3","3","5","05","06","3","","0","1","1","0","0"
"POINT (6.887825195000060 50.948974141000100)","Unfall 173515 (2022) Kat:3, Licht: 0","173515","3","3","0","05","09","4","","0","0","0","0","0"
"POINT (6.937366841000030 50.937452438999998)","Unfall 173541 (2022) Kat:3, Licht: 0","173541","3","2","0","05","20","6","","0","1","1","0","0"
"POINT (6.917212536000020 50.927055181000100)","Unfall 173549 (2022) Kat:3, Licht: 0","173549","3","3","5","05","07","3","","0","1","1","0","0"
"POINT (6.913576740000050 51.052415482000100)","Unfall 173567 (2022) Kat:2, Licht: 0","173567","2","1","0","05","13","7","","0","1","0","0","0"
"POINT (6.933386977000050 50.952325176999999)","Unfall 173576 (2022) Kat:3, Licht: 0","173576","3","7","5","05","13","3","","0","1","1","0","0"
"POINT (6.958130305000050 50.963676006000100)","Unfall 173625 (2022) Kat:3, Licht: 0","173625","3","1","0","05","13","2","","0","1","0","0","0"
"POINT (6.994267496000020 50.915680376000097)","Unfall 173633 (2022) Kat:2, Licht: 0","173633","2","7","6","05","16","6","","0","1","0","1","0"
"POINT (7.054698708000050 50.964228762000097)","Unfall 173635 (2022) Kat:3, Licht: 0","173635","3","2","0","05","10","7","","0","1","0","0","1"
"POINT (7.052616774000060 50.892648130000097)","Unfall 173643 (2022) Kat:3, Licht: 0","173643","3","5","0","05","17","5","","0","1","1","0","0"
"POINT (7.029668372000060 50.961444851000103)","Unfall 173660 (2022) Kat:3, Licht: 0","173660","3","1","0","05","07","7","","0","1","1","0","0"
"POINT (7.049793169000050 50.940045195000003)","Unfall 173661 (2022) Kat:3, Licht: 0","173661","3","5","2","05","16","3","","0","1","1","0","0"
"POINT (6.841691418000040 50.939442766000099)","Unfall 173667 (2022) Kat:3, Licht: 0","173667","3","5","1","05","17","4","","0","0","0","0","0"
"POINT (7.068614411000060 50.974913503000003)","Unfall 173675 (2022) Kat:3, Licht: 0","173675","3","5","1","05","12","7","","0","1","1","0","0"
"POINT (6.917484973000060 50.959999150999998)","Unfall 173682 (2022) Kat:3, Licht: 0","173682","3","2","6","05","17","4","","0","0","1","1","0"
"POINT (6.886301040000030 50.964446182000103)","Unfall 173687 (2022) Kat:3, Licht: 0","173687","3","3","5","05","07","4","","0","1","1","0","0"
"POINT (6.958594985000050 50.994497663000097)","Unfall 173692 (2022) Kat:3, Licht: 0","173692","3","3","5","05","06","5","","0","0","1","0","1"
"POINT (6.897167038000020 51.021127370999999)","Unfall 173706 (2022) Kat:2, Licht: 0","173706","2","1","8","05","20","3","","0","0","1","0","0"
"POINT (6.937976142000020 50.940825109000102)","Unfall 173723 (2022) Kat:3, Licht: 0","173723","3","3","5","05","14","7","","0","1","0","0","0"
"POINT (6.832427829000040 50.959881433000099)","Unfall 173735 (2022) Kat:3, Licht: 0","173735","3","3","5","05","14","3","","0","1","1","0","0"
"POINT (6.906243445000030 50.916675993000098)","Unfall 173751 (2022) Kat:3, Licht: 0","173751","3","7","0","05","11","7","","0","1","0","1","0"
"POINT (6.964824110000050 50.919283237999998)","Unfall 173752 (2022) Kat:3, Licht: 0","173752","3","6","4","05","18","4","","0","1","0","0","0"
"POINT (6.889099527000040 51.014136997000001)","Unfall 173780 (2022) Kat:3, Licht: 0","173780","3","1","9","05","19","3","","0","0","1","0","0"
"POINT (6.941001909000020 50.958449143999999)","Unfall 173812 (2022) Kat:3, Licht: 2","173812","3","2","3","05","22","1","","2","0","1","0","1"
"POINT (6.995689676000040 50.892480202000101)","Unfall 173837 (2022) Kat:3, Licht: 0","173837","3","6","2","05","20","4","","0","0","1","0","0"
"POINT (7.074371868000070 50.969041274000098)","Unfall 173841 (2022) Kat:2, Licht: 0","173841","2","6","2","05","20","3","","0","1","0","0","1"
"POINT (7.002496921000040 50.960081836000001)","Unfall 173842 (2022) Kat:3, Licht: 0","173842","3","3","5","05","10","5","","0","0","1","0","0"
"POINT (7.009611935000070 50.971017813000103)","Unfall 173844 (2022) Kat:3, Licht: 0","173844","3","7","9","05","06","1","","0","0","1","0","0"
"POINT (6.944417507000030 50.973603099999998)","Unfall 173865 (2022) Kat:2, Licht: 2","173865","2","1","0","05","22","7","","2","1","0","0","0"
"POINT (6.937706031000060 50.915845640999997)","Unfall 173877 (2022) Kat:2, Licht: 0","173877","2","7","0","05","16","3","","0","1","0","0","0"
"POINT (6.969249421000030 50.941359704000000)","Unfall 173890 (2022) Kat:3, Licht: 0","173890","3","3","0","06","15","5","","0","1","0","0","0"
"POINT (6.999063946000040 50.921581526000097)","Unfall 173906 (2022) Kat:2, Licht: 2","173906","2","7","0","06","23","7","","2","0","0","0","0"
"POINT (6.954621468000030 50.956606268000002)","Unfall 173919 (2022) Kat:3, Licht: 0","173919","3","6","1","06","10","4","","0","0","1","0","0"
"POINT (6.969090416000030 50.968127213000102)","Unfall 173934 (2022) Kat:2, Licht: 0","173934","2","7","0","06","08","4","","0","0","0","0","0"
"POINT (6.947094356000040 50.914887401999998)","Unfall 173942 (2022) Kat:3, Licht: 0","173942","3","6","2","06","07","5","","0","0","1","0","0"
"POINT (6.937144869000060 50.946928948000000)","Unfall 173955 (2022) Kat:3, Licht: 0","173955","3","6","2","06","15","3","","0","0","1","0","0"
"POINT (6.834414483000050 50.942290857000003)","Unfall 173967 (2022) Kat:3, Licht: 0","173967","3","6","2","06","16","1","","0","1","1","0","0"
"POINT (6.968106134000040 50.912831801000003)","Unfall 173969 (2022) Kat:3, Licht: 0","173969","3","6","0","06","16","2","","0","0","0","0","1"
"POINT (7.023534048000040 50.980841100000099)","Unfall 173999 (2022) Kat:3, Licht: 0","173999","3","1","0","06","20","5","","0","1","0","0","0"
"POINT (6.945508524000050 50.908261298000099)","Unfall 174011 (2022) Kat:3, Licht: 0","174011","3","3","5","06","14","7","","0","0","1","0","0"
"POINT (6.975682785000060 50.931822961000101)","Unfall 174015 (2022) Kat:3, Licht: 0","174015","3","3","4","06","12","6","","0","1","0","0","0"
"POINT (7.085572556000050 50.872011884000102)","Unfall 174022 (2022) Kat:3, Licht: 0","174022","3","3","5","05","08","2","","0","1","1","0","0"
"POINT (7.024940034000050 50.878295741000002)","Unfall 174027 (2022) Kat:3, Licht: 2","174027","3","1","0","05","21","5","","2","1","0","0","0"
"POINT (6.954936773000040 50.966523406000100)","Unfall 174043 (2022) Kat:3, Licht: 0","174043","3","7","6","06","13","4","","0","0","1","1","0"
"POINT (7.005053052000050 50.945379821000103)","Unfall 174048 (2022) Kat:3, Licht: 0","174048","3","5","7","05","19","6","","0","0","1","0","0"
"POINT (7.076089670000040 50.901894014000000)","Unfall 174068 (2022) Kat:3, Licht: 0","174068","3","7","6","06","12","4","","0","0","1","1","0"
"POINT (6.950393084000040 50.992297290000103)","Unfall 174071 (2022) Kat:3, Licht: 0","174071","3","6","3","05","18","2","","0","0","1","0","0"
"POINT (6.955507806000070 50.920231957000098)","Unfall 174073 (2022) Kat:2, Licht: 2","174073","2","1","0","06","02","5","","2","0","0","0","0"
"POINT (6.950454614000020 50.940057756000002)","Unfall 174075 (2022) Kat:3, Licht: 0","174075","3","1","0","05","12","7","","0","1","0","0","0"
"POINT (6.999762834000020 50.943013153000003)","Unfall 174093 (2022) Kat:3, Licht: 0","174093","3","7","0","06","10","7","","0","0","1","0","0"
"POINT (6.924086827000050 50.936556950000103)","Unfall 174111 (2022) Kat:3, Licht: 0","174111","3","6","2","05","11","6","","0","0","1","0","0"
"POINT (6.914782881000060 50.925821603000003)","Unfall 174124 (2022) Kat:3, Licht: 0","174124","3","5","0","06","15","5","","0","1","1","0","0"
"POINT (6.938111439000070 50.934369408000101)","Unfall 174155 (2022) Kat:3, Licht: 0","174155","3","7","0","05","18","7","","0","1","0","0","0"
"POINT (6.961181527000060 50.927054027000104)","Unfall 174160 (2022) Kat:3, Licht: 0","174160","3","3","5","06","16","5","","0","1","0","0","0"
"POINT (7.025987876000040 50.877737064000002)","Unfall 174164 (2022) Kat:3, Licht: 0","174164","3","3","0","06","18","3","","0","1","1","0","0"
"POINT (6.917368910000050 50.928477329000003)","Unfall 174165 (2022) Kat:3, Licht: 0","174165","3","5","0","05","10","3","","0","1","1","0","0"
"POINT (6.925934926000020 50.918862642000100)","Unfall 174167 (2022) Kat:3, Licht: 1","174167","3","7","2","06","18","3","","1","0","1","0","1"
"POINT (6.911146992000060 50.925747483000102)","Unfall 174173 (2022) Kat:2, Licht: 0","174173","2","7","6","06","18","7","","0","0","1","1","0"
"POINT (6.958251352000050 50.961153912000000)","Unfall 174176 (2022) Kat:3, Licht: 0","174176","3","2","5","06","14","6","","0","1","1","0","0"
"POINT (6.992735826000060 50.941066403000001)","Unfall 174179 (2022) Kat:3, Licht: 0","174179","3","6","2","05","11","3","","0","0","1","0","0"
"POINT (6.928635677000050 50.945154162000101)","Unfall 174187 (2022) Kat:3, Licht: 2","174187","3","7","0","05","00","1","","2","1","0","0","0"
"POINT (6.989440205000050 50.916018008000002)","Unfall 174220 (2022) Kat:2, Licht: 0","174220","2","7","0","06","12","4","","0","1","0","0","0"
"POINT (6.955452478000040 50.939868990000001)","Unfall 174229 (2022) Kat:3, Licht: 0","174229","3","3","5","06","09","4","","0","1","0","0","0"