WKT,Name,OBJECTID,UKATEGORIE,UTYP1,UART,UMONAT,USTUNDE,UWOCHENTAG,STRZUSTAND,ULICHTVERH,ISTRAD,ISTPKW,ISTFUSS,ISTKRAD
"POINT (6.955199119000040 50.963063193000004)","Unfall 174285 (2022) Kat:3, Licht: 0","174285","3","3","0","06","09","6","","0","1","1","0","0"
"POINT (6.899794870000050 50.924138497999998)","Unfall 174297 (2022) Kat:3, Licht: 0","174297","3","4","6","06","07","2","","0","0","1","1","0"
"POINT (6.905256965000040 50.958859022000098)","Unfall 174300 (2022) Kat:3, Licht: 0","174300","3","5","1","06","17","6","","0","0","1","0","0"
"POINT (6.876243990000030 50.931994482999997)","Unfall 174304 (2022) Kat:3, Licht: 0","174304","3","1","0","06","13","1","","0","1","0","0","0"
"POINT (6.931553711000050 50.956323015000102)","Unfall 174308 (2022) Kat:2, Licht: 0","174308","2","7","7","05","16","3","","0","1","0","1","0"
"POINT (7.049374157000050 50.862218726999998)","Unfall 174324 (2022) Kat:3, Licht: 0","174324","3","7","0","05","17","7","","0","1","0","1","0"
"POINT (7.001425758000040 50.943458249000102)","Unfall 174337 (2022) Kat:3, Licht: 0","174337","3","2","3","06","08","6","","0","1","0","0","0"
"POINT (6.960083228000030 50.910737541000103)","Unfall 174349 (2022) Kat:3, Licht: 0","174349","3","3","5","06","09","4","","0","0","1","0","0"
"POINT (6.940342326000060 50.930258166999998)","Unfall 174360 (2022) Kat:3, Licht: 0","174360","3","1","0","05","13","7","","0","1","0","0","0"
"POINT (6.921847541000030 50.919107553000103)","Unfall 174362 (2022) Kat:3, Licht: 0","174362","3","5","1","05","18","5","","0","1","1","0","0"
"POINT (6.922958157000040 50.952260283000001)","Unfall 174365 (2022) Kat:3, Licht: 0","174365","3","6","3","06","12","4","","0","1","1","0","0"
"POINT (6.905327078000030 50.996764762000097)","Unfall 174373 (2022) Kat:3, Licht: 0","174373","3","7","1","06","15","5","","0","1","1","0","0"
"POINT (7.002275339000050 50.928184338999998)","Unfall 174375 (2022) Kat:3, Licht: 0","174375","3","3","5","05","10","7","","0","1","1","0","0"
"POINT (6.925336207000040 50.992646338999997)","Unfall 174386 (2022) Kat:3, Licht: 0","174386","3","7","6","06","07","3","","0","0","0","1","0"
"POINT (7.085434747000020 50.856421767000001)","Unfall 174387 (2022) Kat:3, Licht: 0","174387","3","3","5","05","16","3","","0","0","1","0","0"
"POINT (7.073914074000070 50.892760547000101)","Unfall 174388 (2022) Kat:3, Licht: 0","174388","3","3","5","06","12","7","","0","1","1","0","0"
"POINT (7.045051445000070 50.968526330000003)","Unfall 174389 (2022) Kat:3, Licht: 0","174389","3","4","6","06","15","6","","0","0","0","1","0"
"POINT (7.007184322000060 50.841559496999999)","Unfall 174397 (2022) Kat:2, Licht: 0","174397","2","3","0","06","14","1","","0","0","1","0","1"
"POINT (6.965297739000050 50.849812401000101)","Unfall 174399 (2022) Kat:3, Licht: 0","174399","3","1","0","06","08","2","","0","1","0","0","0"
"POINT (6.961035483000050 50.976878812999999)","Unfall 174403 (2022) Kat:3, Licht: 0","174403","3","5","0","06","18","4","","0","1","1","0","0"
"POINT (6.962902065000040 50.918076558999999)","Unfall 174418 (2022) Kat:3, Licht: 0","174418","3","3","5","05","17","6","","0","1","1","0","1"
"POINT (6.946246410000070 50.965780656000000)","Unfall 174431 (2022) Kat:2, Licht: 2","174431","2","3","5","06","00","1","","2","0","1","0","1"
"POINT (6.956398160000050 50.945988954000001)","Unfall 174443 (2022) Kat:3, Licht: 0","174443","3","1","0","05","12","1","","0","0","0","0","0"
"POINT (6.951368201000040 50.946986496000100)","Unfall 174446 (2022) Kat:3, Licht: 0","174446","3","6","6","06","16","6","","0","1","0","1","0"
"POINT (7.003564699000040 50.955468907000103)","Unfall 174448 (2022) Kat:3, Licht: 0","174448","3","2","1","06","13","5","","0","0","1","0","0"
"POINT (6.953228943000060 50.940139479000003)","Unfall 174477 (2022) Kat:2, Licht: 2","174477","2","1","0","06","01","7","","2","0","0","0","0"
"POINT (6.905644916000030 50.945538093000003)","Unfall 174493 (2022) Kat:3, Licht: 0","174493","3","5","5","06","16","5","","0","0","1","0","1"
"POINT (6.924761626000080 50.983016567999996)","Unfall 174504 (2022) Kat:2, Licht: 0","174504","2","1","8","05","19","5","","0","1","0","0","0"
"POINT (6.963012451000050 50.934918983000003)","Unfall 174514 (2022) Kat:3, Licht: 0","174514","3","6","2","05","13","3","","0","0","1","0","1"
"POINT (6.900917320000080 50.929311433000102)","Unfall 174519 (2022) Kat:3, Licht: 0","174519","3","1","0","06","08","4","","0","1","0","0","0"
"POINT (6.932730817000050 50.940178285000101)","Unfall 174540 (2022) Kat:3, Licht: 0","174540","3","7","1","05","16","3","","0","1","1","0","0"
"POINT (6.872886424000060 50.995894454999998)","Unfall 174541 (2022) Kat:3, Licht: 0","174541","3","7","2","06","10","7","","0","0","1","0","1"
"POINT (6.953866020000020 50.938301271999997)","Unfall 174551 (2022) Kat:3, Licht: 0","174551","3","4","0","05","11","6","","0","0","0","1","0"
"POINT (6.951200302000070 50.945930791000102)","Unfall 174553 (2022) Kat:3, Licht: 2","174553","3","1","0","06","00","7","","2","0","0","0","0"
"POINT (6.954149240000050 50.931705290000103)","Unfall 174554 (2022) Kat:3, Licht: 0","174554","3","3","5","06","11","6","","0","0","1","0","0"
"POINT (6.920342829000050 50.952136207000102)","Unfall 174558 (2022) Kat:3, Licht: 0","174558","3","7","0","06","17","1","","0","0","1","0","1"
"POINT (7.063834069000050 50.890768258000001)","Unfall 174564 (2022) Kat:3, Licht: 0","174564","3","1","0","06","11","2","","0","1","0","0","0"
"POINT (6.953865240000030 50.919912701999998)","Unfall 174569 (2022) Kat:3, Licht: 2","174569","3","1","0","06","01","7","","2","1","0","0","0"
"POINT (6.916598133000040 50.960934710000103)","Unfall 174574 (2022) Kat:3, Licht: 0","174574","3","4","6","06","08","5","","0","0","1","1","0"
"POINT (6.964503847000060 50.909694039000001)","Unfall 174586 (2022) Kat:3, Licht: 0","174586","3","4","6","06","08","3","","0","0","1","1","0"
"POINT (6.945537364000070 50.959466937000101)","Unfall 174588 (2022) Kat:3, Licht: 0","174588","3","2","6","06","16","7","","0","0","1","1","0"
"POINT (6.976848968000070 50.971772514000101)","Unfall 174616 (2022) Kat:3, Licht: 0","174616","3","3","5","06","07","4","","0","1","1","0","0"
"POINT (7.025561651000030 51.003442161000102)","Unfall 174656 (2022) Kat:3, Licht: 0","174656","3","3","5","05","09","2","","0","1","1","0","0"
"POINT (6.958304913000060 50.949870488999998)","Unfall 174663 (2022) Kat:3, Licht: 0","174663","3","5","1","06","20","6","","0","1","1","0","0"
"POINT (6.940944955000020 50.922701618000097)","Unfall 174686 (2022) Kat:3, Licht: 2","174686","3","1","0","06","00","2","","2","0","0","0","1"
"POINT (6.960353786000040 50.956361696000002)","Unfall 174705 (2022) Kat:3, Licht: 2","174705","3","1","0","05","22","2","","2","1","0","0","0"
"POINT (7.010737351000050 50.940652396000097)","Unfall 174721 (2022) Kat:3, Licht: 0","174721","3","1","0","06","15","6","","0","0","1","0","0"
"POINT (7.027325384000050 50.877053993000096)","Unfall 174726 (2022) Kat:3, Licht: 0","174726","3","2","5","06","08","4","","0","1","1","0","0"
"POINT (6.964368028000020 50.931158717000102)","Unfall 174727 (2022) Kat:3, Licht: 0","174727","3","1","0","06","16","7","","0","0","0","0","0"
"POINT (6.957018319000040 50.945775632999997)","Unfall 174735 (2022) Kat:2, Licht: 0","174735","2","3","5","05","14","7","","0","0","1","0","0"
"POINT (6.905494458000020 50.920244177000001)","Unfall 174750 (2022) Kat:3, Licht: 0","174750","3","7","0","06","09","5","","0","0","1","0","0"
"POINT (7.032165640000070 50.970946761000100)","Unfall 174774 (2022) Kat:3, Licht: 0","174774","3","6","2","06","15","2","","0","0","1","0","0"
"POINT (6.947466779000020 50.937709681000101)","Unfall 174807 (2022) Kat:3, Licht: 0","174807","3","6","5","06","20","5","","0","1","0","0","0"
"POINT (6.945758344000070 50.912505314999997)","Unfall 174853 (2022) Kat:3, Licht: 0","174853","3","3","5","06","11","4","","0","1","1","0","0"
"POINT (6.997666099000070 50.929749338000100)","Unfall 174861 (2022) Kat:3, Licht: 0","174861","3","3","5","06","16","2","","0","1","1","0","0"
"POINT (6.871815940000030 50.962220479000102)","Unfall 174869 (2022) Kat:3, Licht: 0","174869","3","6","2","05","12","1","","0","0","1","0","0"
"POINT (6.963590732000060 50.922423788000103)","Unfall 174870 (2022) Kat:2, Licht: 0","174870","2","5","1","05","08","3","","0","1","1","0","0"
"POINT (6.927331614000020 50.974064140000102)","Unfall 174890 (2022) Kat:3, Licht: 2","174890","3","2","5","05","22","6","","2","0","1","0","1"
"POINT (7.022864389000060 50.981046323000001)","Unfall 174894 (2022) Kat:3, Licht: 0","174894","3","7","0","05","16","3","","0","1","1","0","0"
"POINT (6.923306529000060 50.972342241000000)","Unfall 174900 (2022) Kat:3, Licht: 0","174900","3","1","0","06","09","4","","0","0","1","1","0"
"POINT (7.033844025000060 50.875820406000102)","Unfall 174902 (2022) Kat:1, Licht: 0","174902","1","1","1","06","17","7","","0","0","1","0","1"
"POINT (7.035009170000020 50.969426650999999)","Unfall 174913 (2022) Kat:2, Licht: 1","174913","2","4","6","06","19","5","","1","0","1","1","0"
"POINT (6.949982202000060 50.916083266000001)","Unfall 174934 (2022) Kat:3, Licht: 0","174934","3","1","0","06","16","4","","0","0","0","0","1"
"POINT (6.852674586000030 50.929205250000102)","Unfall 174944 (2022) Kat:2, Licht: 0","174944","2","3","5","06","07","5","","0","1","1","0","0"
"POINT (6.927997161000060 50.968953457000097)","Unfall 174952 (2022) Kat:3, Licht: 0","174952","3","1","0","06","09","2","","0","0","0","0","1"
"POINT (7.000573260000070 50.967515173000002)","Unfall 174961 (2022) Kat:3, Licht: 0","174961","3","7","0","06","07","4","","0","1","0","1","0"
"POINT (7.001964563000060 50.943635205000099)","Unfall 174972 (2022) Kat:3, Licht: 0","174972","3","3","0","06","09","4","","0","1","1","0","0"
"POINT (7.049434169000050 50.901586674000001)","Unfall 174975 (2022) Kat:3, Licht: 0","174975","3","3","5","06","13","6","","0","1","1","0","0"
"POINT (6.907831951000050 50.946009283000102)","Unfall 174984 (2022) Kat:3, Licht: 0","174984","3","6","3","06","14","6","","0","0","1","0","1"
"POINT (6.929223524000070 50.952007606999999)","Unfall 174986 (2022) Kat:3, Licht: 0","174986","3","1","0","06","18","6","","0","1","0","0","0"
"POINT (6.927343763000070 50.953526893000102)","Unfall 174988 (2022) Kat:3, Licht: 0","174988","3","7","0","06","17","7","","0","1","0","0","0"
"POINT (6.967960606000080 50.983267915000098)","Unfall 174989 (2022) Kat:3, Licht: 0","174989","3","5","1","06","06","5","","0","0","1","0","0"
"POINT (6.894439472000040 51.029041834000097)","Unfall 175004 (2022) Kat:3, Licht: 0","175004","3","4","6","06","11","4","","0","0","1","1","0"
"POINT (6.979985556000030 50.966164771000102)","Unfall 175005 (2022) Kat:3, Licht: 0","175005","3","6","2","06","20","4","","0","1","0","0","1"
"POINT (6.898861776000050 50.952561622000097)","Unfall 175018 (2022) Kat:3, Licht: 0","175018","3","3","5","06","11","6","","0","0","1","0","1"
"POINT (6.991085904000040 50.986927989000002)","Unfall 175034 (2022) Kat:3, Licht: 0","175034","3","4","0","06","16","3","","0","0","1","1","0"
"POINT (6.865545149000070 50.932140860000104)","Unfall 175035 (2022) Kat:3, Licht: 0","175035","3","3","5","06","11","2","","0","1","1","0","0"
"POINT (6.952744242000050 50.961017410000103)","Unfall 175048 (2022) Kat:3, Licht: 0","175048","3","4","0","06","18","3","","0","1","0","1","0"
"POINT (6.897479629000030 50.939843445000101)","Unfall 175066 (2022) Kat:3, Licht: 0","175066","3","3","5","06","11","6","","0","1","1","0","0"
"POINT (7.002902179000050 50.950505791000097)","Unfall 175069 (2022) Kat:3, Licht: 2","175069","3","6","3","06","02","1","","2","0","0","0","0"
"POINT (6.973342965000030 50.976349759000101)","Unfall 175089 (2022) Kat:3, Licht: 1","175089","3","6","0","06","22","6","","1","0","1","0","1"
"POINT (6.999745064000020 50.935395356000100)","Unfall 175090 (2022) Kat:3, Licht: 0","175090","3","1","0","06","11","5","","0","0","0","0","0"
"POINT (6.958399879000070 50.949587263000097)","Unfall 175094 (2022) Kat:3, Licht: 0","175094","3","6","3","06","12","3","","0","0","1","0","1"
"POINT (6.959384269000050 50.933577942000099)","Unfall 175095 (2022) Kat:2, Licht: 2","175095","2","3","5","06","23","5","","2","0","1","0","1"
"POINT (6.994481210000060 50.941204810999999)","Unfall 175109 (2022) Kat:3, Licht: 0","175109","3","6","4","06","18","5","","0","1","0","0","0"
"POINT (6.936339486000070 50.947213181000102)","Unfall 175110 (2022) Kat:3, Licht: 0","175110","3","6","4","06","16","4","","0","1","0","0","0"
"POINT (6.899036997000050 50.961932468000001)","Unfall 175114 (2022) Kat:3, Licht: 0","175114","3","7","0","06","14","6","","0","0","1","0","1"
"POINT (6.885982747000070 50.947345653000099)","Unfall 175118 (2022) Kat:3, Licht: 2","175118","3","1","0","06","02","1","","2","1","0","0","0"
"POINT (6.980048238000050 50.952944629999998)","Unfall 175128 (2022) Kat:3, Licht: 2","175128","3","6","6","06","00","7","","2","0","1","1","0"
"POINT (6.930880323000050 50.940702756000100)","Unfall 175139 (2022) Kat:3, Licht: 0","175139","3","3","0","06","17","6","","0","1","1","0","0"
"POINT (6.960758550000040 50.982882265000100)","Unfall 175158 (2022) Kat:3, Licht: 0","175158","3","2","3","06","09","3","","0","1","1","0","0"
"POINT (7.010068244000020 50.952249940000101)","Unfall 175159 (2022) Kat:3, Licht: 0","175159","3","2","5","06","13","4","","0","1","1","0","0"
"POINT (6.844537132000030 51.064123608999999)","Unfall 175168 (2022) Kat:3, Licht: 0","175168","3","2","1","06","15","3","","0","0","1","0","1"
"POINT (7.001964563000060 50.943635205000099)","Unfall 175172 (2022) Kat:3, Licht: 0","175172","3","3","5","06","08","3","","0","1","1","0","0"
"POINT (6.939185633000020 51.002603673000102)","Unfall 175187 (2022) Kat:2, Licht: 0","175187","2","1","0","06","12","5","","0","1","0","0","0"
"POINT (6.952435545000070 50.923720579000097)","Unfall 175214 (2022) Kat:3, Licht: 2","175214","3","4","0","06","23","3","","2","0","1","1","0"
"POINT (6.912078775000050 50.967162524999999)","Unfall 175219 (2022) Kat:3, Licht: 0","175219","3","3","0","06","09","6","","0","0","1","0","0"
"POINT (7.014826183000030 50.880129017000101)","Unfall 175230 (2022) Kat:3, Licht: 0","175230","3","5","0","06","11","6","","0","1","1","0","0"
"POINT (7.015063489000060 50.881451681000001)","Unfall 175246 (2022) Kat:3, Licht: 0","175246","3","3","5","06","17","4","","0","1","1","0","0"
"POINT (6.898313159000050 50.946006195999999)","Unfall 175251 (2022) Kat:3, Licht: 0","175251","3","1","0","06","18","6","","0","1","0","0","0"
"POINT (6.949857154000030 50.919126228000003)","Unfall 175260 (2022) Kat:3, Licht: 1","175260","3","6","3","06","21","5","","1","0","1","0","0"
"POINT (6.951580386000050 50.946839635000103)","Unfall 175264 (2022) Kat:3, Licht: 2","175264","3","1","0","06","01","1","","2","0","0","0","0"
"POINT (7.069542035000040 50.905287056000098)","Unfall 175265 (2022) Kat:3, Licht: 0","175265","3","3","5","06","11","7","","0","0","1","0","0"
"POINT (6.940418043000020 50.923047666999999)","Unfall 175272 (2022) Kat:2, Licht: 2","175272","2","1","0","06","02","5","","2","1","0","0","0"
"POINT (6.979255906000050 51.001081065000101)","Unfall 175274 (2022) Kat:3, Licht: 0","175274","3","1","0","06","17","7","","0","1","0","0","0"
"POINT (6.971603135000070 50.939884907000099)","Unfall 175287 (2022) Kat:3, Licht: 0","175287","3","1","0","06","15","7","","0","0","0","0","1"
"POINT (6.912234914000070 50.956913837000101)","Unfall 175322 (2022) Kat:3, Licht: 0","175322","3","3","0","06","10","7","","0","1","1","0","0"
"POINT (6.895749114000070 51.010831197000101)","Unfall 175339 (2022) Kat:3, Licht: 0","175339","3","3","5","06","07","4","","0","1","0","0","0"
"POINT (6.937749429000060 50.957591681000103)","Unfall 175340 (2022) Kat:3, Licht: 0","175340","3","2","5","06","16","4","","0","0","1","0","0"
"POINT (7.001005414000080 50.935284244999998)","Unfall 175342 (2022) Kat:3, Licht: 0","175342","3","3","5","06","19","4","","0","0","1","0","0"
"POINT (6.840577551000020 50.939970713000001)","Unfall 175359 (2022) Kat:3, Licht: 0","175359","3","1","0","06","19","7","","0","1","1","0","0"
"POINT (6.924642814000040 50.923286152999999)","Unfall 175367 (2022) Kat:2, Licht: 2","175367","2","1","0","06","03","7","","2","0","0","0","0"
"POINT (6.979164878000060 50.924110101000103)","Unfall 175378 (2022) Kat:3, Licht: 0","175378","3","5","1","06","07","5","","0","1","0","0","0"
"POINT (7.001497381000040 50.942360878000002)","Unfall 175379 (2022) Kat:3, Licht: 0","175379","3","2","2","06","16","6","","0","0","0","0","1"
"POINT (7.018093135000070 50.970827601000103)","Unfall 175394 (2022) Kat:2, Licht: 0","175394","2","1","0","06","10","3","","0","1","0","0","0"
"POINT (6.976029928000060 50.972695268000102)","Unfall 175424 (2022) Kat:2, Licht: 2","175424","2","3","5","06","22","6","","2","0","1","0","0"
"POINT (6.869693742000040 50.932245751000004)","Unfall 175440 (2022) Kat:3, Licht: 0","175440","3","1","9","06","14","2","","0","1","0","0","0"
"POINT (6.915602502000070 50.916377437000101)","Unfall 175453 (2022) Kat:2, Licht: 2","175453","2","5","0","06","23","4","","2","0","1","0","0"
"POINT (6.940325674000060 50.935699476000103)","Unfall 175466 (2022) Kat:2, Licht: 2","175466","2","1","0","06","03","5","","2","0","0","0","0"
"POINT (6.942491086000080 50.910760209999999)","Unfall 175467 (2022) Kat:3, Licht: 0","175467","3","5","1","06","13","4","","0","1","1","0","0"
"POINT (6.955789690000070 50.927557668000098)","Unfall 175469 (2022) Kat:2, Licht: 0","175469","2","3","5","06","12","5","","0","1","1","0","0"
"POINT (6.944947752000080 50.909847073000002)","Unfall 175472 (2022) Kat:3, Licht: 0","175472","3","1","0","06","11","2","","0","0","0","0","1"
"POINT (6.982875137000060 50.970872436000001)","Unfall 175489 (2022) Kat:3, Licht: 0","175489","3","2","4","06","17","3","","0","0","1","0","0"
"POINT (6.938831918000060 50.939315571000101)","Unfall 175496 (2022) Kat:3, Licht: 0","175496","3","5","5","06","17","3","","0","1","0","0","0"
"POINT (6.941156573000060 50.940325481999999)","Unfall 175498 (2022) Kat:2, Licht: 0","175498","2","6","0","06","12","1","","0","0","1","0","1"
"POINT (6.959661620000080 50.941591496000100)","Unfall 175522 (2022) Kat:2, Licht: 1","175522","2","1","0","06","04","7","","1","0","1","1","0"
"POINT (6.923541741000070 50.954992004000097)","Unfall 175537 (2022) Kat:3, Licht: 0","175537","3","6","6","06","10","3","","0","0","0","1","0"
"POINT (6.905400782000070 50.959424721000097)","Unfall 175542 (2022) Kat:3, Licht: 0","175542","3","1","7","06","13","6","","0","1","0","0","0"
"POINT (6.908879905000050 50.956945136000101)","Unfall 175548 (2022) Kat:3, Licht: 0","175548","3","4","6","06","13","5","","0","1","0","1","0"
"POINT (6.925143487000070 50.945900377999997)","Unfall 175571 (2022) Kat:2, Licht: 2","175571","2","1","1","06","01","1","","2","0","1","0","0"
"POINT (7.005160857000020 50.870222748000103)","Unfall 175573 (2022) Kat:3, Licht: 1","175573","3","2","5","06","20","5","","1","0","0","0","1"
"POINT (6.833888020000070 50.943182649000100)","Unfall 175574 (2022) Kat:3, Licht: 0","175574","3","4","6","06","06","4","","0","0","1","1","0"
"POINT (6.920796430000050 50.953564051999997)","Unfall 175591 (2022) Kat:3, Licht: 0","175591","3","1","0","06","15","1","","0","0","0","0","1"
"POINT (6.941298055000060 50.934863334000099)","Unfall 175593 (2022) Kat:3, Licht: 0","175593","3","1","0","06","18","5","","0","1","0","0","0"
"POINT (7.075358441000050 50.983042081000100)","Unfall 175604 (2022) Kat:2, Licht: 0","175604","2","7","0","06","15","2","","0","0","0","0","0"
"POINT (6.899074257000050 50.952892700000099)","Unfall 175615 (2022) Kat:3, Licht: 0","175615","3","3","5","06","17","3","","0","1","1","0","0"
"POINT (6.896871202000060 51.018598609000001)","Unfall 175619 (2022) Kat:3, Licht: 0","175619","3","1","9","06","12","5","","0","0","1","0","0"
"POINT (6.919839054000020 50.921578350000097)","Unfall 175620 (2022) Kat:3, Licht: 0","175620","3","1","0","06","14","6","","0","1","0","0","0"
"POINT (6.956283423000060 50.945428618999998)","Unfall 175622 (2022) Kat:3, Licht: 0","175622","3","4","6","06","08","2","","0","1","0","1","0"
"POINT (6.993530013000050 50.931169883000102)","Unfall 175635 (2022) Kat:3, Licht: 0","175635","3","4","6","06","13","6","","0","0","1","1","0"
"POINT (7.006333418000050 50.947940484000100)","Unfall 175652 (2022) Kat:3, Licht: 0","175652","3","6","2","06","15","4","","0","0","1","0","0"
"POINT (6.938736193000070 50.918103598000101)","Unfall 175667 (2022) Kat:3, Licht: 0","175667","3","1","9","06","16","5","","0","1","0","0","0"
"POINT (7.085434747000020 50.856421767000001)","Unfall 175680 (2022) Kat:3, Licht: 0","175680","3","3","5","06","20","5","","0","0","1","0","0"
"POINT (7.001779349000060 50.955997124000099)","Unfall 175686 (2022) Kat:3, Licht: 0","175686","3","3","0","06","15","3","","0","0","1","0","0"
"POINT (6.936292173000030 50.928574228999999)","Unfall 175687 (2022) Kat:3, Licht: 0","175687","3","1","0","06","11","2","","0","0","0","0","0"
"POINT (6.999516915000070 50.958810497000101)","Unfall 175689 (2022) Kat:3, Licht: 0","175689","3","2","1","06","15","4","","0","0","1","0","0"
"POINT (7.008594358000040 50.937662311000103)","Unfall 175692 (2022) Kat:3, Licht: 0","175692","3","5","1","06","20","4","","0","1","0","0","0"
"POINT (7.002496921000040 50.960081836000001)","Unfall 175705 (2022) Kat:3, Licht: 0","175705","3","6","2","06","07","6","","0","0","1","0","0"
"POINT (6.904445358000030 50.938636823000103)","Unfall 175707 (2022) Kat:3, Licht: 0","175707","3","2","0","06","16","3","","0","1","1","0","0"
"POINT (6.920473719000030 50.913686945999999)","Unfall 175717 (2022) Kat:3, Licht: 0","175717","3","1","0","06","19","6","","0","1","0","0","0"
"POINT (6.953813758000020 50.985171940999997)","Unfall 175732 (2022) Kat:3, Licht: 0","175732","3","6","2","06","08","7","","0","0","1","0","1"
"POINT (6.961838555000040 50.941937641000003)","Unfall 175756 (2022) Kat:3, Licht: 0","175756","3","2","3","06","19","2","","0","1","1","0","0"
"POINT (6.887674565000050 50.949196814000103)","Unfall 175762 (2022) Kat:3, Licht: 0","175762","3","2","5","06","17","5","","0","1","1","0","0"
"POINT (6.949993504000080 50.938509485000097)","Unfall 175766 (2022) Kat:3, Licht: 0","175766","3","3","0","06","08","5","","0","1","0","0","0"
"POINT (6.973046576000060 50.942592590000103)","Unfall 175772 (2022) Kat:3, Licht: 0","175772","3","4","6","06","09","3","","0","0","1","1","0"
"POINT (6.956309132000060 50.939283970000098)","Unfall 175776 (2022) Kat:3, Licht: 0","175776","3","7","6","06","19","3","","0","1","0","1","0"
"POINT (6.927489677000040 50.895652730000101)","Unfall 175783 (2022) Kat:3, Licht: 0","175783","3","2","5","06","17","3","","0","1","1","0","0"
"POINT (6.924246314000070 50.917722030999997)","Unfall 175819 (2022) Kat:3, Licht: 0","175819","3","7","6","06","07","4","","0","0","1","1","0"
"POINT (6.941323901000030 50.921407950000102)","Unfall 175852 (2022) Kat:3, Licht: 0","175852","3","1","0","06","07","6","","0","1","0","0","0"
"POINT (7.100719384000060 50.848106120000097)","Unfall 175867 (2022) Kat:3, Licht: 0","175867","3","7","5","06","10","7","","0","1","1","0","0"
"POINT (6.977804581000040 51.000471841000000)","Unfall 175870 (2022) Kat:3, Licht: 0","175870","3","7","0","06","18","3","","0","0","1","1","0"
"POINT (6.899036997000050 50.961932468000001)","Unfall 175872 (2022) Kat:3, Licht: 0","175872","3","7","0","06","08","4","","0","1","1","0","0"
"POINT (6.908175048000030 50.954155733000100)","Unfall 175874 (2022) Kat:3, Licht: 0","175874","3","5","4","06","17","5","","0","1","0","0","0"
"POINT (6.861313142000030 50.933371341000097)","Unfall 175875 (2022) Kat:3, Licht: 0","175875","3","3","5","06","11","6","","0","0","1","0","0"
"POINT (6.968459542000060 50.964113222000002)","Unfall 175895 (2022) Kat:3, Licht: 0","175895","3","1","9","06","08","4","","0","0","1","0","0"
"POINT (7.025299287000050 51.003650971000098)","Unfall 175898 (2022) Kat:3, Licht: 0","175898","3","2","2","06","14","6","","0","0","1","0","1"
"POINT (6.933268116000020 50.913581776000100)","Unfall 175900 (2022) Kat:3, Licht: 0","175900","3","2","5","06","15","3","","0","1","1","0","0"
"POINT (6.934818867000050 51.025762495999999)","Unfall 175904 (2022) Kat:3, Licht: 0","175904","3","1","9","06","11","5","","0","0","1","0","0"
"POINT (7.051819836000050 50.909760120999998)","Unfall 175920 (2022) Kat:3, Licht: 0","175920","3","7","0","06","06","4","","0","0","1","0","0"
"POINT (6.869693742000040 50.932245751000004)","Unfall 175922 (2022) Kat:3, Licht: 2","175922","3","1","0","06","00","7","","2","0","0","0","0"
"POINT (6.957138625000030 50.868078896999997)","Unfall 175933 (2022) Kat:3, Licht: 0","175933","3","3","5","07","19","6","","0","1","1","0","0"
"POINT (6.936467786000040 50.939491921000098)","Unfall 175939 (2022) Kat:3, Licht: 0","175939","3","4","6","07","12","4","","0","0","1","1","0"
"POINT (6.951668674000080 50.976153338000103)","Unfall 175943 (2022) Kat:3, Licht: 0","175943","3","3","5","07","12","7","","0","1","1","0","0"
"POINT (6.993949237000040 50.891637959999997)","Unfall 175945 (2022) Kat:3, Licht: 0","175945","3","7","0","07","10","5","","0","0","0","1","0"
"POINT (6.924322700000060 51.017399820999998)","Unfall 175949 (2022) Kat:3, Licht: 0","175949","3","7","6","07","18","3","","0","0","1","1","0"
"POINT (7.010510287000050 50.941496690000101)","Unfall 175970 (2022) Kat:3, Licht: 2","175970","3","1","1","07","00","5","","2","0","1","0","0"
"POINT (6.836434714000060 50.941940563999999)","Unfall 175991 (2022) Kat:3, Licht: 0","175991","3","5","0","07","16","3","","0","1","1","0","0"
"POINT (6.942242559000020 50.938169538000103)","Unfall 176006 (2022) Kat:3, Licht: 0","176006","3","1","0","07","11","2","","0","1","0","0","0"
"POINT (6.913986688000020 50.931878456000000)","Unfall 176010 (2022) Kat:3, Licht: 0","176010","3","1","0","07","18","6","","0","1","0","0","0"
"POINT (6.970947846000060 50.905840765000100)","Unfall 176015 (2022) Kat:3, Licht: 0","176015","3","3","0","07","16","5","","0","0","1","0","1"
"POINT (7.018093135000070 50.970827601000103)","Unfall 176038 (2022) Kat:3, Licht: 0","176038","3","1","0","07","07","2","","0","0","0","0","1"
"POINT (6.911617471000060 50.967188374000003)","Unfall 176046 (2022) Kat:3, Licht: 0","176046","3","3","0","07","12","6","","0","0","1","0","1"
"POINT (6.953310789000060 50.939743205000099)","Unfall 176052 (2022) Kat:3, Licht: 0","176052","3","4","0","07","15","7","","0","0","0","1","1"
"POINT (6.845207946000070 50.925574521999998)","Unfall 176055 (2022) Kat:3, Licht: 0","176055","3","6","3","07","06","5","","0","0","1","0","0"
"POINT (6.962818017000070 50.918229398999998)","Unfall 176062 (2022) Kat:3, Licht: 0","176062","3","5","1","07","08","3","","0","1","1","0","0"