WKT,Name,OBJECTID,UKATEGORIE,UTYP1,UART,UMONAT,USTUNDE,UWOCHENTAG,STRZUSTAND,ULICHTVERH,ISTRAD,ISTPKW,ISTFUSS,ISTKRAD
"POINT (6.942575054000030 50.938785611000100)","Unfall 176064 (2022) Kat:3, Licht: 0","176064","3","1","6","07","16","1","","0","0","1","1","0"
"POINT (6.993454449000070 50.914642405999999)","Unfall 176065 (2022) Kat:3, Licht: 0","176065","3","6","3","07","18","7","","0","1","1","0","0"
"POINT (6.965239984000050 50.872606845000099)","Unfall 176088 (2022) Kat:3, Licht: 0","176088","3","3","0","07","07","2","","0","1","1","0","0"
"POINT (7.055365777000080 50.928483215000000)","Unfall 176096 (2022) Kat:3, Licht: 0","176096","3","6","1","07","19","1","","0","0","1","0","0"
"POINT (6.946100249000040 50.925622121000103)","Unfall 176100 (2022) Kat:3, Licht: 0","176100","3","1","0","07","08","5","","0","1","0","0","0"
"POINT (6.952447287000040 50.950724734000097)","Unfall 176101 (2022) Kat:3, Licht: 0","176101","3","5","6","07","12","4","","0","0","1","1","0"
"POINT (6.919973652000070 50.911532615000098)","Unfall 176108 (2022) Kat:3, Licht: 0","176108","3","1","0","07","09","3","","0","1","0","0","0"
"POINT (6.834367838000050 50.942155679000102)","Unfall 176117 (2022) Kat:3, Licht: 0","176117","3","2","5","07","15","5","","0","0","1","1","0"
"POINT (6.897974394000070 50.946026062000001)","Unfall 176125 (2022) Kat:3, Licht: 0","176125","3","6","0","07","09","3","","0","1","0","0","0"
"POINT (6.953842384000040 50.942567799000102)","Unfall 176129 (2022) Kat:3, Licht: 0","176129","3","3","5","07","16","2","","0","1","0","0","0"
"POINT (6.909020625000040 51.011838347000001)","Unfall 176136 (2022) Kat:2, Licht: 0","176136","2","7","6","07","20","2","","0","0","1","1","0"
"POINT (6.866574935000070 50.972900350000003)","Unfall 176149 (2022) Kat:3, Licht: 0","176149","3","4","0","07","21","4","","0","1","0","1","0"
"POINT (6.898116098000060 50.957388836000099)","Unfall 176171 (2022) Kat:3, Licht: 0","176171","3","3","0","07","14","5","","0","1","1","0","0"
"POINT (6.984953855000070 50.937804659999998)","Unfall 176176 (2022) Kat:3, Licht: 0","176176","3","6","4","07","18","3","","0","1","0","0","0"
"POINT (6.933506827000030 50.932431832000098)","Unfall 176182 (2022) Kat:3, Licht: 0","176182","3","6","4","07","15","1","","0","1","0","0","0"
"POINT (6.867877704000020 50.932197240999997)","Unfall 176186 (2022) Kat:2, Licht: 0","176186","2","1","0","07","11","1","","0","1","0","0","0"
"POINT (6.951286735000050 50.954889612999999)","Unfall 176189 (2022) Kat:3, Licht: 0","176189","3","5","0","07","14","4","","0","1","1","0","0"
"POINT (6.890827635000050 50.920332058000000)","Unfall 176191 (2022) Kat:3, Licht: 0","176191","3","1","0","07","20","6","","0","1","0","0","0"
"POINT (7.057081347000060 50.888811515000000)","Unfall 176196 (2022) Kat:3, Licht: 0","176196","3","6","2","07","08","2","","0","1","1","0","0"
"POINT (6.929572520000020 50.920162171000101)","Unfall 176256 (2022) Kat:3, Licht: 0","176256","3","3","5","07","19","6","","0","1","1","0","0"
"POINT (6.944597129000040 50.946979596000098)","Unfall 176283 (2022) Kat:3, Licht: 0","176283","3","1","1","07","20","2","","0","0","1","0","0"
"POINT (6.928033753000020 50.920508591999997)","Unfall 176294 (2022) Kat:3, Licht: 0","176294","3","3","5","07","17","6","","0","0","1","0","1"
"POINT (6.916229126000080 50.928159842000099)","Unfall 176305 (2022) Kat:3, Licht: 0","176305","3","7","0","07","17","6","","0","1","0","0","0"
"POINT (6.937388030000020 50.929208035000002)","Unfall 176308 (2022) Kat:3, Licht: 2","176308","3","5","1","07","23","3","","2","0","1","0","0"
"POINT (7.041444091000070 50.982854451000001)","Unfall 176309 (2022) Kat:3, Licht: 0","176309","3","5","1","07","18","5","","0","1","0","0","0"
"POINT (6.917724065000070 50.959746494999997)","Unfall 176311 (2022) Kat:3, Licht: 0","176311","3","1","0","07","16","7","","0","1","0","0","0"
"POINT (7.058326171000030 50.964871576000100)","Unfall 176314 (2022) Kat:3, Licht: 0","176314","3","3","5","07","09","5","","0","1","1","0","0"
"POINT (7.040419769000040 50.932015985000099)","Unfall 176315 (2022) Kat:2, Licht: 0","176315","2","4","6","07","15","4","","0","0","1","1","0"
"POINT (6.898470011000030 50.916088787000000)","Unfall 176326 (2022) Kat:3, Licht: 0","176326","3","1","0","07","13","7","","0","1","0","0","0"
"POINT (6.885146947000070 50.942983648999999)","Unfall 176346 (2022) Kat:3, Licht: 0","176346","3","2","2","07","07","3","","0","0","1","0","0"
"POINT (6.959124891000040 50.941852961000102)","Unfall 176358 (2022) Kat:3, Licht: 0","176358","3","1","0","07","18","7","","0","1","0","0","0"
"POINT (6.934696735000050 50.940160757000100)","Unfall 176375 (2022) Kat:3, Licht: 0","176375","3","3","0","07","12","2","","0","0","1","0","1"
"POINT (7.032395013000040 50.861470720000099)","Unfall 176379 (2022) Kat:3, Licht: 0","176379","3","1","0","07","17","1","","0","1","1","0","0"
"POINT (6.982787642000060 50.920187763000101)","Unfall 176397 (2022) Kat:3, Licht: 0","176397","3","3","5","07","15","4","","0","1","1","0","0"
"POINT (6.999804266000070 50.928234111000101)","Unfall 176419 (2022) Kat:3, Licht: 0","176419","3","3","0","07","17","3","","0","1","0","0","0"
"POINT (6.925511670000050 50.923572836000098)","Unfall 176426 (2022) Kat:3, Licht: 0","176426","3","1","0","07","10","4","","0","1","0","0","0"
"POINT (7.042283005000060 50.988892552000003)","Unfall 176443 (2022) Kat:3, Licht: 0","176443","3","3","5","07","09","7","","0","0","1","0","1"
"POINT (6.959766227000050 50.974220862999999)","Unfall 176452 (2022) Kat:3, Licht: 0","176452","3","2","4","07","15","7","","0","0","1","0","0"
"POINT (6.979999178000070 51.001221896000096)","Unfall 176454 (2022) Kat:3, Licht: 0","176454","3","3","5","07","07","2","","0","1","1","0","0"
"POINT (6.960238376000060 50.918908899000002)","Unfall 176458 (2022) Kat:3, Licht: 2","176458","3","7","2","07","00","6","","2","0","1","0","1"
"POINT (6.940325674000060 50.935699476000103)","Unfall 176459 (2022) Kat:3, Licht: 0","176459","3","1","0","07","20","2","","0","0","0","0","0"
"POINT (7.032540874000060 50.980933614000001)","Unfall 176464 (2022) Kat:3, Licht: 0","176464","3","5","0","07","10","6","","0","1","1","0","0"
"POINT (6.941183734000050 50.915778467000102)","Unfall 176465 (2022) Kat:3, Licht: 0","176465","3","1","0","07","18","1","","0","1","0","0","0"
"POINT (7.029780405000050 50.875820558999997)","Unfall 176475 (2022) Kat:3, Licht: 0","176475","3","3","5","07","08","5","","0","1","1","0","0"
"POINT (6.935280000000030 50.941932748000099)","Unfall 176478 (2022) Kat:3, Licht: 0","176478","3","5","0","07","17","2","","0","1","1","0","0"
"POINT (7.078539050000070 50.886535385000101)","Unfall 176492 (2022) Kat:3, Licht: 0","176492","3","1","8","07","17","2","","0","0","0","0","0"
"POINT (6.936725815000050 50.912316965999999)","Unfall 176502 (2022) Kat:3, Licht: 0","176502","3","2","5","07","11","2","","0","1","0","0","0"
"POINT (6.960809773000050 50.916979191000102)","Unfall 176512 (2022) Kat:3, Licht: 0","176512","3","6","3","07","14","6","","0","1","1","0","0"
"POINT (6.957847848000030 50.941801634999997)","Unfall 176533 (2022) Kat:3, Licht: 0","176533","3","1","6","07","20","2","","0","0","0","1","1"
"POINT (6.952879353000070 50.937373308000097)","Unfall 176534 (2022) Kat:3, Licht: 0","176534","3","3","5","07","19","5","","0","0","0","0","1"
"POINT (6.940945360000060 50.914221277000102)","Unfall 176558 (2022) Kat:3, Licht: 0","176558","3","1","0","07","19","6","","0","1","0","0","0"
"POINT (6.998168717000060 50.942025774999998)","Unfall 176559 (2022) Kat:3, Licht: 0","176559","3","4","6","07","17","6","","0","0","1","1","0"
"POINT (6.964441414000020 50.948059684000000)","Unfall 176570 (2022) Kat:3, Licht: 1","176570","3","5","0","07","05","5","","1","0","0","1","0"
"POINT (6.934454742000070 50.933453735999997)","Unfall 176579 (2022) Kat:3, Licht: 0","176579","3","7","1","07","14","6","","0","0","1","0","1"
"POINT (6.905400782000070 50.959424721000097)","Unfall 176582 (2022) Kat:3, Licht: 0","176582","3","2","0","07","09","4","","0","1","1","0","0"
"POINT (6.890882613000030 50.973261209999997)","Unfall 176584 (2022) Kat:3, Licht: 0","176584","3","3","0","07","14","6","","0","1","1","0","0"
"POINT (7.109030541000040 50.880067934000103)","Unfall 176587 (2022) Kat:3, Licht: 0","176587","3","1","0","07","16","5","","0","0","0","0","1"
"POINT (6.932742096000030 50.938932256000001)","Unfall 176590 (2022) Kat:3, Licht: 1","176590","3","5","1","07","05","1","","1","1","0","0","0"
"POINT (6.911166455000060 50.966317762000102)","Unfall 176610 (2022) Kat:3, Licht: 0","176610","3","1","0","07","12","6","","0","1","0","0","0"
"POINT (6.947473111000020 50.943252646000097)","Unfall 176616 (2022) Kat:3, Licht: 0","176616","3","2","4","07","08","3","","0","0","1","0","0"
"POINT (7.072855872000050 50.972508926000003)","Unfall 176634 (2022) Kat:2, Licht: 0","176634","2","4","6","07","12","6","","0","0","1","1","0"
"POINT (6.932492633000040 50.931816359999999)","Unfall 176648 (2022) Kat:3, Licht: 0","176648","3","2","6","07","08","5","","0","0","1","1","0"
"POINT (7.062393327000050 50.943656220999998)","Unfall 176657 (2022) Kat:3, Licht: 0","176657","3","6","0","07","07","2","","0","1","0","0","0"
"POINT (6.943347665000030 50.968902256000000)","Unfall 176660 (2022) Kat:3, Licht: 0","176660","3","6","4","07","08","2","","0","1","0","0","0"
"POINT (7.048923796000050 50.864399012000000)","Unfall 176669 (2022) Kat:2, Licht: 1","176669","2","1","0","07","04","2","","1","1","0","0","0"
"POINT (6.890207572000070 50.980509713000103)","Unfall 176683 (2022) Kat:3, Licht: 0","176683","3","5","1","07","15","1","","0","1","1","0","0"
"POINT (7.050582746000030 50.864518591000000)","Unfall 176694 (2022) Kat:3, Licht: 2","176694","3","7","6","07","22","5","","2","0","0","1","1"
"POINT (6.872970961000020 50.945319914999999)","Unfall 176704 (2022) Kat:3, Licht: 0","176704","3","1","0","07","16","2","","0","1","0","0","0"
"POINT (6.990470591000080 50.885688909000102)","Unfall 176710 (2022) Kat:3, Licht: 2","176710","3","1","0","07","22","2","","2","1","0","0","0"
"POINT (6.900256865000070 50.953981059999997)","Unfall 176722 (2022) Kat:2, Licht: 0","176722","2","3","5","07","16","3","","0","1","1","0","0"
"POINT (6.946194098000030 50.913142123000100)","Unfall 176723 (2022) Kat:3, Licht: 0","176723","3","6","3","07","16","5","","0","0","1","0","0"
"POINT (6.918176333000080 50.928379905000000)","Unfall 176738 (2022) Kat:2, Licht: 0","176738","2","5","1","07","09","5","","0","1","1","0","0"
"POINT (7.057262399000020 50.913209004000102)","Unfall 176743 (2022) Kat:3, Licht: 0","176743","3","3","5","07","10","3","","0","0","1","0","0"
"POINT (7.001425758000040 50.943458249000102)","Unfall 176747 (2022) Kat:3, Licht: 0","176747","3","2","0","07","15","7","","0","1","1","0","0"
"POINT (6.953114727000070 50.938689651000097)","Unfall 176749 (2022) Kat:3, Licht: 2","176749","3","3","5","07","01","5","","2","0","1","0","0"
"POINT (6.945117499000050 50.933836208000102)","Unfall 176750 (2022) Kat:3, Licht: 0","176750","3","6","4","07","11","2","","0","0","0","0","0"
"POINT (7.019596964000070 50.957545298000099)","Unfall 176752 (2022) Kat:3, Licht: 0","176752","3","4","5","07","11","7","","0","0","1","1","0"
"POINT (7.031197661000020 50.922645330000101)","Unfall 176755 (2022) Kat:2, Licht: 0","176755","2","1","8","07","13","6","","0","0","0","0","1"
"POINT (6.956395803000020 50.945774651000100)","Unfall 176762 (2022) Kat:3, Licht: 0","176762","3","3","5","07","12","6","","0","1","1","0","0"
"POINT (6.959711748000070 50.923279722000103)","Unfall 176775 (2022) Kat:3, Licht: 2","176775","3","1","0","07","03","7","","2","1","0","0","0"
"POINT (6.990792204000060 50.931059222999998)","Unfall 176786 (2022) Kat:3, Licht: 2","176786","3","1","0","07","01","3","","2","0","0","0","0"
"POINT (6.864033532000060 50.973852534999999)","Unfall 176813 (2022) Kat:3, Licht: 2","176813","3","1","0","07","22","6","","2","1","0","0","0"
"POINT (6.973332468000020 50.940715728000001)","Unfall 176818 (2022) Kat:3, Licht: 0","176818","3","4","6","07","14","7","","0","1","0","1","0"
"POINT (6.912392294000030 50.928447667000100)","Unfall 176834 (2022) Kat:3, Licht: 2","176834","3","1","0","07","00","1","","2","0","1","0","0"
"POINT (7.021294735000030 50.896426095000002)","Unfall 176839 (2022) Kat:3, Licht: 0","176839","3","6","3","07","18","1","","0","1","0","0","0"
"POINT (6.920908173000040 50.957983765999998)","Unfall 176857 (2022) Kat:3, Licht: 0","176857","3","1","0","07","13","3","","0","1","0","0","0"
"POINT (7.043123164000060 50.895783037000101)","Unfall 176862 (2022) Kat:3, Licht: 0","176862","3","7","5","07","17","7","","0","0","1","0","0"
"POINT (6.962481132000050 50.936727224999998)","Unfall 176876 (2022) Kat:3, Licht: 0","176876","3","7","0","07","11","6","","0","1","1","0","0"
"POINT (6.887911684000070 50.940892742000102)","Unfall 176881 (2022) Kat:3, Licht: 0","176881","3","3","5","07","17","4","","0","1","1","0","0"
"POINT (6.950517727000030 50.966055570999998)","Unfall 176883 (2022) Kat:3, Licht: 0","176883","3","6","4","07","06","1","","0","1","1","0","0"
"POINT (6.953508689000050 50.941404050000102)","Unfall 176888 (2022) Kat:3, Licht: 0","176888","3","4","0","07","18","4","","0","0","0","1","0"
"POINT (6.961686186000070 50.941945859000000)","Unfall 176897 (2022) Kat:3, Licht: 0","176897","3","3","0","07","19","2","","0","1","1","0","0"
"POINT (6.834369162000030 50.942894146000100)","Unfall 176916 (2022) Kat:3, Licht: 1","176916","3","7","8","07","04","2","","1","0","1","0","0"
"POINT (7.001396396000080 50.946717824000103)","Unfall 176929 (2022) Kat:2, Licht: 0","176929","2","1","0","07","17","6","","0","0","0","0","1"
"POINT (6.934645231000050 50.938168522000097)","Unfall 176934 (2022) Kat:3, Licht: 0","176934","3","4","6","07","21","7","","0","1","0","1","0"
"POINT (6.889888160000050 50.946863773000103)","Unfall 176935 (2022) Kat:3, Licht: 0","176935","3","2","0","07","18","4","","0","0","1","0","1"
"POINT (6.922553259000040 50.915860383999998)","Unfall 176949 (2022) Kat:3, Licht: 0","176949","3","1","0","07","06","6","","0","0","0","0","0"
"POINT (6.887776724000050 50.955387295000001)","Unfall 176950 (2022) Kat:3, Licht: 0","176950","3","6","5","07","09","2","","0","1","0","0","0"
"POINT (6.952997402000050 50.956179162000097)","Unfall 176957 (2022) Kat:2, Licht: 0","176957","2","6","6","07","18","1","","0","0","0","1","0"
"POINT (7.073841272000040 50.975428078000000)","Unfall 176969 (2022) Kat:3, Licht: 0","176969","3","5","0","08","10","6","","0","1","1","0","0"
"POINT (7.080232767000040 50.974305141000102)","Unfall 176984 (2022) Kat:3, Licht: 0","176984","3","5","1","08","15","3","","0","1","1","0","0"
"POINT (6.831859160000020 50.946393249000003)","Unfall 176989 (2022) Kat:3, Licht: 0","176989","3","5","1","08","05","1","","0","0","1","0","0"
"POINT (7.018093135000070 50.970827601000103)","Unfall 176990 (2022) Kat:2, Licht: 0","176990","2","1","0","07","18","5","","0","1","0","0","0"
"POINT (6.957191462000030 50.942766814999999)","Unfall 176998 (2022) Kat:3, Licht: 0","176998","3","5","1","07","13","2","","0","1","1","0","0"
"POINT (6.950697274000050 50.962475981000097)","Unfall 177008 (2022) Kat:3, Licht: 0","177008","3","3","5","08","20","2","","0","1","1","0","0"
"POINT (6.900631766000060 50.936200966999998)","Unfall 177039 (2022) Kat:3, Licht: 0","177039","3","1","8","07","10","1","","0","1","1","0","0"
"POINT (6.968664788000070 50.920805551999997)","Unfall 177046 (2022) Kat:3, Licht: 0","177046","3","6","6","08","16","1","","0","1","0","1","0"
"POINT (6.924522477000040 50.927829990000099)","Unfall 177052 (2022) Kat:3, Licht: 0","177052","3","5","1","07","16","2","","0","1","1","0","0"
"POINT (6.942635377000040 50.944559846000097)","Unfall 177088 (2022) Kat:3, Licht: 0","177088","3","1","0","08","14","2","","0","1","0","0","0"
"POINT (6.905410449000040 51.005289458000000)","Unfall 177098 (2022) Kat:3, Licht: 0","177098","3","1","0","07","15","2","","0","1","0","0","0"
"POINT (6.952823280000080 50.924529150000097)","Unfall 177105 (2022) Kat:2, Licht: 2","177105","2","4","6","07","05","7","","2","0","0","1","1"
"POINT (6.889661706000030 50.944544495999999)","Unfall 177120 (2022) Kat:3, Licht: 0","177120","3","5","1","08","12","3","","0","1","1","0","0"
"POINT (6.899979534000070 51.019039775000103)","Unfall 177123 (2022) Kat:2, Licht: 0","177123","2","4","6","07","11","3","","0","0","1","1","0"
"POINT (7.032573223000040 50.981167597000102)","Unfall 177128 (2022) Kat:3, Licht: 0","177128","3","6","0","08","19","2","","0","1","1","0","0"
"POINT (6.908670267000050 50.952951079000101)","Unfall 177152 (2022) Kat:3, Licht: 0","177152","3","6","4","08","16","4","","0","1","1","0","0"
"POINT (7.083076154000030 50.967268128999997)","Unfall 177168 (2022) Kat:3, Licht: 0","177168","3","6","2","08","11","3","","0","0","1","0","0"
"POINT (6.962026897000040 50.914505011000102)","Unfall 177171 (2022) Kat:3, Licht: 0","177171","3","1","9","08","19","5","","0","0","1","0","0"
"POINT (6.920507528000030 50.963909286000003)","Unfall 177177 (2022) Kat:3, Licht: 0","177177","3","3","0","08","18","2","","0","1","0","0","0"
"POINT (6.905569217000050 50.965148691000103)","Unfall 177226 (2022) Kat:3, Licht: 0","177226","3","7","0","08","09","6","","0","1","0","1","0"
"POINT (6.858289800000020 51.063696167000003)","Unfall 177234 (2022) Kat:2, Licht: 0","177234","2","3","5","07","17","6","","0","0","1","0","0"
"POINT (6.926410687000040 50.921560520000099)","Unfall 177247 (2022) Kat:3, Licht: 2","177247","3","1","0","07","00","1","","2","1","0","0","0"
"POINT (6.925695035000050 50.994124785000103)","Unfall 177248 (2022) Kat:3, Licht: 0","177248","3","7","2","07","12","3","","0","0","1","0","0"
"POINT (6.869015303000030 50.975800111000098)","Unfall 177267 (2022) Kat:3, Licht: 0","177267","3","3","5","08","17","4","","0","1","1","0","0"
"POINT (6.944274911000040 50.983093758999999)","Unfall 177305 (2022) Kat:3, Licht: 0","177305","3","3","5","08","19","2","","0","0","1","0","1"
"POINT (6.945573087000070 50.935204505999998)","Unfall 177317 (2022) Kat:2, Licht: 2","177317","2","1","0","07","03","1","","2","0","0","0","0"
"POINT (6.914627521000060 51.053098634999998)","Unfall 177319 (2022) Kat:3, Licht: 0","177319","3","1","0","08","17","1","","0","1","0","0","0"
"POINT (6.928623826000030 50.950341074999997)","Unfall 177325 (2022) Kat:3, Licht: 0","177325","3","2","5","08","14","4","","0","1","1","0","0"
"POINT (6.959143925000030 50.948179629000002)","Unfall 177326 (2022) Kat:3, Licht: 0","177326","3","7","1","08","07","3","","0","1","1","0","0"
"POINT (6.976297526000050 50.966879226000103)","Unfall 177333 (2022) Kat:3, Licht: 0","177333","3","5","1","08","12","2","","0","0","1","0","1"
"POINT (6.921248818000040 50.945382873000000)","Unfall 177341 (2022) Kat:3, Licht: 0","177341","3","5","1","08","14","6","","0","0","1","0","0"
"POINT (6.945809011000050 50.912492855000004)","Unfall 177353 (2022) Kat:3, Licht: 0","177353","3","2","4","07","14","7","","0","1","1","0","0"
"POINT (6.917436086000070 50.954845089999999)","Unfall 177358 (2022) Kat:3, Licht: 0","177358","3","3","1","08","19","5","","0","0","1","0","0"
"POINT (6.911732961000040 50.918763599999998)","Unfall 177374 (2022) Kat:3, Licht: 0","177374","3","1","0","07","15","4","","0","0","1","0","0"
"POINT (6.901313857000050 50.929467213000102)","Unfall 177378 (2022) Kat:3, Licht: 0","177378","3","6","2","08","17","2","","0","1","0","0","1"
"POINT (6.961983346000070 50.937648535000100)","Unfall 177387 (2022) Kat:3, Licht: 0","177387","3","5","0","07","11","6","","0","1","1","0","0"
"POINT (7.073242529000030 50.976058105000000)","Unfall 177390 (2022) Kat:3, Licht: 0","177390","3","7","6","08","14","3","","0","0","1","1","0"
"POINT (6.936681166000030 50.933971692000100)","Unfall 177394 (2022) Kat:3, Licht: 0","177394","3","7","3","07","12","3","","0","0","1","0","0"
"POINT (7.011648693000040 50.927736627999998)","Unfall 177404 (2022) Kat:3, Licht: 0","177404","3","3","1","08","17","3","","0","0","1","0","0"
"POINT (6.919547930000020 50.921470977000098)","Unfall 177405 (2022) Kat:2, Licht: 0","177405","2","7","0","08","22","5","","0","1","0","0","0"
"POINT (6.886678850000070 50.944264676000003)","Unfall 177420 (2022) Kat:3, Licht: 0","177420","3","1","0","07","16","2","","0","0","0","0","0"
"POINT (6.847816440000030 50.947706467000003)","Unfall 177422 (2022) Kat:3, Licht: 2","177422","3","3","5","07","21","4","","2","0","1","0","0"
"POINT (7.037529469000050 50.976198144000101)","Unfall 177451 (2022) Kat:3, Licht: 0","177451","3","6","4","08","17","6","","0","1","0","0","0"
"POINT (6.905319036000040 50.929959384000000)","Unfall 177466 (2022) Kat:3, Licht: 0","177466","3","6","4","08","15","1","","0","1","0","0","0"
"POINT (6.918519612000070 50.954417297000099)","Unfall 177504 (2022) Kat:3, Licht: 0","177504","3","6","1","08","10","2","","0","0","1","0","0"
"POINT (7.067039594000050 50.891193305999998)","Unfall 177515 (2022) Kat:3, Licht: 0","177515","3","5","0","08","13","4","","0","1","1","0","0"
"POINT (7.046972676000050 50.897445361000102)","Unfall 177518 (2022) Kat:3, Licht: 0","177518","3","6","0","08","16","5","","0","1","0","0","1"
"POINT (6.969946362000030 50.940132216000102)","Unfall 177539 (2022) Kat:3, Licht: 2","177539","3","1","8","08","02","4","","2","0","1","0","0"
"POINT (6.891980158000020 50.946626410000100)","Unfall 177543 (2022) Kat:3, Licht: 0","177543","3","3","0","08","08","5","","0","1","1","0","0"
"POINT (7.063076015000040 50.920013223000097)","Unfall 177546 (2022) Kat:3, Licht: 0","177546","3","1","8","07","21","7","","0","0","1","0","0"
"POINT (6.925146972000050 50.918263561000103)","Unfall 177550 (2022) Kat:3, Licht: 0","177550","3","2","2","08","18","2","","0","1","1","0","0"
"POINT (6.951329205000040 50.941219893000003)","Unfall 177553 (2022) Kat:3, Licht: 2","177553","3","7","0","07","23","2","","2","0","0","0","0"
"POINT (6.947210744000070 50.914859164000099)","Unfall 177563 (2022) Kat:2, Licht: 0","177563","2","1","0","08","13","7","","0","0","0","1","1"
"POINT (6.891378193000040 50.934528104000002)","Unfall 177569 (2022) Kat:3, Licht: 2","177569","3","1","7","08","23","1","","2","1","0","0","0"
"POINT (6.941411705000060 50.911352080000000)","Unfall 177570 (2022) Kat:3, Licht: 0","177570","3","1","0","07","18","5","","0","1","0","0","0"
"POINT (6.962236590000030 50.934961787000098)","Unfall 177579 (2022) Kat:3, Licht: 0","177579","3","1","0","07","18","2","","0","0","0","0","0"
"POINT (6.949756464000070 50.932958282000101)","Unfall 177584 (2022) Kat:3, Licht: 0","177584","3","3","5","07","09","4","","0","1","1","0","0"
"POINT (6.923984293000050 50.952364185000100)","Unfall 177597 (2022) Kat:3, Licht: 0","177597","3","1","0","07","09","5","","0","1","0","0","0"
"POINT (6.995009105000070 50.939399876000003)","Unfall 177637 (2022) Kat:3, Licht: 0","177637","3","2","5","07","12","4","","0","1","1","0","0"
"POINT (6.922338818000070 50.888822400000002)","Unfall 177639 (2022) Kat:3, Licht: 0","177639","3","6","2","07","16","7","","0","0","1","0","0"
"POINT (7.072801656000020 50.892513743999999)","Unfall 177649 (2022) Kat:3, Licht: 0","177649","3","6","2","08","18","4","","0","0","1","0","0"
"POINT (6.952722487000070 50.942492448000102)","Unfall 177664 (2022) Kat:3, Licht: 0","177664","3","2","0","08","07","3","","0","1","0","0","0"
"POINT (6.890882094000060 50.972267008000102)","Unfall 177681 (2022) Kat:3, Licht: 2","177681","3","2","5","07","22","4","","2","1","1","0","0"
"POINT (6.945578017000060 50.936678145000002)","Unfall 177683 (2022) Kat:3, Licht: 0","177683","3","7","0","07","20","6","","0","1","1","0","0"
"POINT (6.920560025000040 50.945628054000103)","Unfall 177687 (2022) Kat:3, Licht: 0","177687","3","2","5","07","09","4","","0","1","1","0","0"
"POINT (6.873518574000060 50.957991677999999)","Unfall 177701 (2022) Kat:3, Licht: 0","177701","3","1","8","08","06","4","","0","0","1","0","0"
"POINT (6.903661793000030 50.957230588000101)","Unfall 177702 (2022) Kat:3, Licht: 0","177702","3","6","3","08","14","3","","0","0","1","0","1"
"POINT (6.975569466000020 50.968805062000101)","Unfall 177708 (2022) Kat:3, Licht: 0","177708","3","6","4","08","18","6","","0","1","0","0","0"
"POINT (6.919609587000020 50.907254038000097)","Unfall 177720 (2022) Kat:2, Licht: 2","177720","2","1","0","07","23","7","","2","0","0","0","0"
"POINT (6.822476773000060 50.962377628000098)","Unfall 177729 (2022) Kat:3, Licht: 0","177729","3","3","5","07","06","6","","0","1","0","0","0"
"POINT (6.924737374000070 50.951973695000000)","Unfall 177753 (2022) Kat:2, Licht: 0","177753","2","6","2","07","17","2","","0","1","1","0","0"
"POINT (6.947786360000070 50.941148286000001)","Unfall 177758 (2022) Kat:3, Licht: 0","177758","3","2","5","08","17","2","","0","1","1","0","0"
"POINT (6.941623071000040 50.916939577999997)","Unfall 177770 (2022) Kat:2, Licht: 2","177770","2","1","0","08","02","7","","2","0","0","0","0"
"POINT (6.926984465000030 50.956705935000102)","Unfall 177781 (2022) Kat:3, Licht: 2","177781","3","5","1","07","01","7","","2","0","1","0","0"
"POINT (6.995128885000040 50.939781782000097)","Unfall 177786 (2022) Kat:3, Licht: 0","177786","3","3","5","08","13","5","","0","1","1","0","0"
"POINT (6.933098971000050 50.931381352000102)","Unfall 177795 (2022) Kat:3, Licht: 0","177795","3","5","0","08","16","7","","0","0","1","0","1"
"POINT (7.074373436000030 50.978237352000100)","Unfall 177798 (2022) Kat:3, Licht: 0","177798","3","4","6","08","16","3","","0","0","1","1","0"
"POINT (7.034388929000040 50.961375921000098)","Unfall 177808 (2022) Kat:3, Licht: 0","177808","3","3","5","08","16","2","","0","1","0","0","0"
"POINT (6.942003305000070 50.938305389000000)","Unfall 177821 (2022) Kat:3, Licht: 0","177821","3","4","6","08","11","3","","0","1","0","1","0"
"POINT (6.959124891000040 50.941852961000102)","Unfall 177827 (2022) Kat:3, Licht: 0","177827","3","4","6","07","16","5","","0","1","0","1","0"
"POINT (6.907637210000080 50.951734283000100)","Unfall 177829 (2022) Kat:3, Licht: 0","177829","3","2","4","07","16","7","","0","1","1","0","0"
"POINT (6.925467213000050 50.955146209000098)","Unfall 177833 (2022) Kat:3, Licht: 0","177833","3","2","0","08","12","3","","0","1","1","0","0"
"POINT (6.938024504000050 50.946658495000101)","Unfall 177837 (2022) Kat:3, Licht: 0","177837","3","6","3","08","18","2","","0","0","1","0","0"
"POINT (6.948061419000060 50.927744766000004)","Unfall 177843 (2022) Kat:2, Licht: 0","177843","2","1","0","08","19","1","","0","1","0","0","0"
"POINT (7.080755161000070 50.881413776999999)","Unfall 177850 (2022) Kat:3, Licht: 0","177850","3","7","6","08","08","3","","0","0","1","1","0"
"POINT (7.012695075000070 50.964010282000103)","Unfall 177853 (2022) Kat:3, Licht: 0","177853","3","4","0","07","18","2","","0","1","0","1","0"