WKT,Name,OBJECTID,UKATEGORIE,UTYP1,UART,UMONAT,USTUNDE,UWOCHENTAG,STRZUSTAND,ULICHTVERH,ISTRAD,ISTPKW,ISTFUSS,ISTKRAD
"POINT (6.843670270000080 50.936699293000103)","Unfall 177857 (2022) Kat:3, Licht: 0","177857","3","1","0","08","16","6","","0","0","0","0","0"
"POINT (6.914036477000020 50.996259125000101)","Unfall 177865 (2022) Kat:3, Licht: 0","177865","3","6","2","07","18","6","","0","0","1","0","0"
"POINT (6.932815671000070 50.955701851000100)","Unfall 177873 (2022) Kat:3, Licht: 2","177873","3","5","0","08","02","7","","2","1","1","0","0"
"POINT (6.924793560000070 50.923335893000100)","Unfall 177884 (2022) Kat:3, Licht: 0","177884","3","1","0","08","10","6","","0","1","1","0","0"
"POINT (6.918142313000030 50.946535875999999)","Unfall 177886 (2022) Kat:3, Licht: 0","177886","3","3","1","08","08","3","","0","1","0","0","0"
"POINT (6.940358233000040 50.926496094000100)","Unfall 177895 (2022) Kat:3, Licht: 0","177895","3","5","0","08","17","2","","0","1","1","0","0"
"POINT (6.935789813000040 50.993149114000097)","Unfall 177903 (2022) Kat:3, Licht: 0","177903","3","1","0","07","09","6","","0","1","0","0","0"
"POINT (7.043202612000070 50.991983388999998)","Unfall 177943 (2022) Kat:3, Licht: 0","177943","3","1","8","07","06","1","","0","0","1","0","0"
"POINT (7.071413719000020 50.839052402000000)","Unfall 177945 (2022) Kat:3, Licht: 0","177945","3","5","3","08","09","5","","0","1","1","0","0"
"POINT (6.936339486000070 50.947213181000102)","Unfall 177949 (2022) Kat:3, Licht: 0","177949","3","6","6","07","09","3","","0","1","1","1","0"
"POINT (6.861858456000050 51.061142556999997)","Unfall 177957 (2022) Kat:3, Licht: 0","177957","3","6","2","08","19","3","","0","1","1","0","0"
"POINT (6.909450946000050 50.941460521000103)","Unfall 177971 (2022) Kat:3, Licht: 0","177971","3","3","5","08","08","3","","0","0","1","0","1"
"POINT (7.070914349000020 50.884031125000000)","Unfall 177975 (2022) Kat:3, Licht: 0","177975","3","6","0","07","16","3","","0","1","1","0","0"
"POINT (6.945613570000030 50.979827499000102)","Unfall 177980 (2022) Kat:3, Licht: 0","177980","3","7","0","08","06","2","","0","0","0","0","0"
"POINT (6.954538394000050 50.952573820000097)","Unfall 177986 (2022) Kat:3, Licht: 0","177986","3","7","0","07","10","6","","0","1","0","1","0"
"POINT (6.968218798000070 50.981240900000003)","Unfall 177993 (2022) Kat:3, Licht: 2","177993","3","1","2","08","00","7","","2","0","1","0","0"
"POINT (6.957523437000020 50.928257305999999)","Unfall 178015 (2022) Kat:3, Licht: 0","178015","3","1","1","08","17","2","","0","1","0","0","0"
"POINT (6.916372360000030 50.945625685000003)","Unfall 178024 (2022) Kat:3, Licht: 0","178024","3","3","0","08","07","6","","0","1","0","1","0"
"POINT (7.041398447000060 50.953522242000098)","Unfall 178035 (2022) Kat:3, Licht: 0","178035","3","6","2","08","17","6","","0","0","1","0","0"
"POINT (7.007447676000030 50.945117987000103)","Unfall 178045 (2022) Kat:3, Licht: 0","178045","3","3","5","08","19","1","","0","0","1","0","0"
"POINT (7.090379838000050 50.857724519999998)","Unfall 178058 (2022) Kat:3, Licht: 0","178058","3","2","6","08","08","3","","0","0","1","1","0"
"POINT (6.869560641000020 50.923892402000000)","Unfall 178064 (2022) Kat:3, Licht: 2","178064","3","1","0","08","22","5","","2","0","1","1","0"
"POINT (6.957436122000050 50.950879626000102)","Unfall 178081 (2022) Kat:2, Licht: 0","178081","2","4","6","08","18","2","","0","0","0","1","0"
"POINT (6.969108242000060 50.974272231000000)","Unfall 178090 (2022) Kat:3, Licht: 0","178090","3","3","5","08","08","1","","0","1","0","0","0"
"POINT (6.991857628000050 50.987245309999999)","Unfall 178100 (2022) Kat:3, Licht: 0","178100","3","6","0","08","12","5","","0","0","1","0","0"
"POINT (6.947894436000070 50.940931996000103)","Unfall 178102 (2022) Kat:2, Licht: 0","178102","2","2","3","08","10","2","","0","1","0","0","0"
"POINT (6.952401328000060 50.938416240000002)","Unfall 178114 (2022) Kat:3, Licht: 0","178114","3","3","0","08","10","6","","0","1","0","0","0"
"POINT (6.936932200000060 51.025807584000098)","Unfall 178128 (2022) Kat:2, Licht: 2","178128","2","1","9","08","01","7","","2","0","1","0","0"
"POINT (6.897727826000050 50.950546996000099)","Unfall 178130 (2022) Kat:2, Licht: 0","178130","2","3","3","08","12","6","","0","1","1","0","0"
"POINT (6.913491638000040 50.997377587000102)","Unfall 178149 (2022) Kat:3, Licht: 0","178149","3","7","0","08","12","5","","0","0","1","0","0"
"POINT (7.005977022000020 50.966955849999998)","Unfall 178152 (2022) Kat:3, Licht: 0","178152","3","3","5","08","16","4","","0","0","1","0","0"
"POINT (6.941505269000060 50.941669268000098)","Unfall 178153 (2022) Kat:3, Licht: 0","178153","3","3","5","08","17","6","","0","1","1","0","0"
"POINT (6.943308513000030 50.916277932000099)","Unfall 178162 (2022) Kat:2, Licht: 2","178162","2","1","0","08","03","6","","2","0","0","0","0"
"POINT (7.037199256000060 50.996474444999997)","Unfall 178173 (2022) Kat:3, Licht: 2","178173","3","3","5","08","23","7","","2","0","1","0","0"
"POINT (7.092892922000030 50.971310336000002)","Unfall 178175 (2022) Kat:3, Licht: 0","178175","3","7","1","08","10","6","","0","0","1","0","1"
"POINT (6.920199187000040 50.949727761000098)","Unfall 178184 (2022) Kat:3, Licht: 0","178184","3","1","0","08","16","4","","0","1","0","0","0"
"POINT (6.920655551000040 50.930561099999998)","Unfall 178187 (2022) Kat:3, Licht: 0","178187","3","5","1","08","13","2","","0","1","1","0","0"
"POINT (6.960195805000070 51.002487616000103)","Unfall 178190 (2022) Kat:3, Licht: 0","178190","3","2","5","08","06","5","","0","0","1","0","0"
"POINT (7.035732020000070 50.992524146999997)","Unfall 178203 (2022) Kat:3, Licht: 0","178203","3","3","5","08","18","1","","0","0","1","0","0"
"POINT (7.092490374000020 50.971220510000101)","Unfall 178205 (2022) Kat:3, Licht: 0","178205","3","2","6","08","11","5","","0","0","1","1","0"
"POINT (6.903102347000070 50.958027127000001)","Unfall 178223 (2022) Kat:2, Licht: 0","178223","2","6","4","08","06","6","","0","1","1","0","0"
"POINT (7.088211401000020 50.862951940000102)","Unfall 178234 (2022) Kat:3, Licht: 0","178234","3","2","5","08","10","6","","0","0","1","0","1"
"POINT (6.976711893000070 50.964205246000098)","Unfall 178257 (2022) Kat:3, Licht: 0","178257","3","7","6","08","18","4","","0","0","0","1","0"
"POINT (7.000657467000050 50.936637435000101)","Unfall 178266 (2022) Kat:3, Licht: 0","178266","3","3","5","08","07","5","","0","1","1","0","0"
"POINT (7.004434347000030 50.945224078000102)","Unfall 178301 (2022) Kat:3, Licht: 0","178301","3","3","5","08","11","3","","0","0","1","0","0"
"POINT (6.900821040000040 50.932566560000097)","Unfall 178303 (2022) Kat:3, Licht: 0","178303","3","3","5","08","14","5","","0","1","1","0","0"
"POINT (7.123595005000030 50.874187706000001)","Unfall 178310 (2022) Kat:3, Licht: 0","178310","3","3","6","08","06","4","","0","1","0","1","0"
"POINT (6.956292054000070 50.938552653999999)","Unfall 178342 (2022) Kat:2, Licht: 2","178342","2","7","6","08","22","7","","2","0","0","1","0"
"POINT (6.936967021000040 50.928964540999999)","Unfall 178343 (2022) Kat:3, Licht: 0","178343","3","5","1","08","08","3","","0","1","1","0","0"
"POINT (6.980693978000030 50.950753612000000)","Unfall 178369 (2022) Kat:2, Licht: 2","178369","2","7","0","08","23","7","","2","1","0","0","0"
"POINT (6.947687353000050 50.954940228000098)","Unfall 178377 (2022) Kat:2, Licht: 0","178377","2","6","2","08","12","3","","0","1","0","0","0"
"POINT (6.985535836000050 50.917559928000102)","Unfall 178391 (2022) Kat:3, Licht: 2","178391","3","2","0","08","21","3","","2","1","1","0","0"
"POINT (6.926954094000050 50.959786827000102)","Unfall 178397 (2022) Kat:3, Licht: 0","178397","3","3","5","08","08","2","","0","1","0","0","0"
"POINT (6.960242569000060 50.978330434999997)","Unfall 178398 (2022) Kat:3, Licht: 0","178398","3","6","2","08","19","1","","0","1","1","0","0"
"POINT (6.941341638000040 50.909849936000100)","Unfall 178401 (2022) Kat:3, Licht: 0","178401","3","1","0","08","19","7","","0","1","0","0","0"
"POINT (6.936292173000030 50.928574228999999)","Unfall 178405 (2022) Kat:3, Licht: 0","178405","3","4","6","08","09","6","","0","1","0","1","0"
"POINT (7.001040612000050 50.939373203999999)","Unfall 178430 (2022) Kat:2, Licht: 0","178430","2","3","5","08","09","6","","0","1","1","0","0"
"POINT (7.063098514000050 50.896912067000102)","Unfall 178435 (2022) Kat:3, Licht: 0","178435","3","6","3","08","19","7","","0","1","1","0","0"
"POINT (6.959305391000040 50.938879465000099)","Unfall 178441 (2022) Kat:3, Licht: 0","178441","3","7","6","08","10","6","","0","0","0","1","0"
"POINT (7.061167015000020 50.885177919999997)","Unfall 178443 (2022) Kat:3, Licht: 0","178443","3","2","3","08","14","2","","0","1","1","0","0"
"POINT (6.958158681000040 50.937626066000099)","Unfall 178446 (2022) Kat:3, Licht: 2","178446","3","1","0","08","05","5","","2","0","0","0","0"
"POINT (7.046490939000020 50.960730546999997)","Unfall 178472 (2022) Kat:3, Licht: 2","178472","3","1","0","08","23","5","","2","1","0","0","0"
"POINT (6.978353115000060 50.969444306000099)","Unfall 178496 (2022) Kat:3, Licht: 2","178496","3","1","0","08","21","5","","2","1","0","0","0"
"POINT (7.035350638000070 50.981982496000100)","Unfall 178510 (2022) Kat:3, Licht: 0","178510","3","2","0","08","10","5","","0","1","1","0","0"
"POINT (7.062191070000040 50.932994325999999)","Unfall 178536 (2022) Kat:3, Licht: 2","178536","3","7","0","08","02","7","","2","0","0","1","0"
"POINT (6.930880323000050 50.940702756000100)","Unfall 178537 (2022) Kat:3, Licht: 0","178537","3","1","8","08","10","2","","0","1","0","0","0"
"POINT (7.069619698000050 50.972511215000097)","Unfall 178538 (2022) Kat:3, Licht: 0","178538","3","4","5","08","15","6","","0","0","1","1","0"
"POINT (6.952745822000050 50.924590164999998)","Unfall 178546 (2022) Kat:3, Licht: 0","178546","3","2","5","08","07","5","","0","1","1","0","0"
"POINT (6.924920050000030 50.917321454000003)","Unfall 178561 (2022) Kat:3, Licht: 0","178561","3","5","2","08","11","3","","0","1","1","0","0"
"POINT (6.946227356000070 50.972196445000101)","Unfall 178568 (2022) Kat:3, Licht: 0","178568","3","2","5","08","17","6","","0","1","1","0","0"
"POINT (6.930984815000040 50.949380260000098)","Unfall 178581 (2022) Kat:3, Licht: 2","178581","3","1","0","08","04","6","","2","0","1","0","0"
"POINT (6.834414483000050 50.942290857000003)","Unfall 178588 (2022) Kat:2, Licht: 1","178588","2","2","3","08","20","3","","1","1","0","0","0"
"POINT (7.123580766000030 50.874190025000097)","Unfall 178591 (2022) Kat:3, Licht: 0","178591","3","7","6","08","08","4","","0","0","1","0","0"
"POINT (7.004496283000040 50.864951658999999)","Unfall 178596 (2022) Kat:3, Licht: 0","178596","3","3","5","08","07","4","","0","1","1","0","0"
"POINT (7.007646148000050 50.951662301000098)","Unfall 178597 (2022) Kat:3, Licht: 0","178597","3","2","5","08","07","5","","0","1","1","0","0"
"POINT (6.940726239000070 50.931131086000100)","Unfall 178613 (2022) Kat:3, Licht: 0","178613","3","1","0","08","08","2","","0","1","0","0","0"
"POINT (6.946732069000060 50.969154529000001)","Unfall 178630 (2022) Kat:3, Licht: 0","178630","3","5","3","08","07","2","","0","0","1","0","0"
"POINT (6.936367807000070 50.947093543000101)","Unfall 178637 (2022) Kat:3, Licht: 1","178637","3","6","4","08","20","3","","1","1","0","0","0"
"POINT (7.058961054000060 50.965593685999998)","Unfall 178647 (2022) Kat:3, Licht: 0","178647","3","1","6","08","15","7","","0","0","1","1","0"
"POINT (7.010326161000020 50.971601778000000)","Unfall 178652 (2022) Kat:2, Licht: 0","178652","2","4","6","08","12","1","","0","1","0","1","0"
"POINT (6.923100831000060 50.962832339999999)","Unfall 178664 (2022) Kat:3, Licht: 0","178664","3","3","5","08","15","2","","0","1","1","0","0"
"POINT (6.948893967000060 50.934893725000101)","Unfall 178671 (2022) Kat:3, Licht: 2","178671","3","1","0","08","21","5","","2","1","0","0","0"
"POINT (6.902487190000040 50.960707860000099)","Unfall 178679 (2022) Kat:3, Licht: 0","178679","3","3","5","08","08","3","","0","1","1","0","0"
"POINT (6.936834460000060 50.957248445000097)","Unfall 178680 (2022) Kat:3, Licht: 0","178680","3","1","0","08","13","3","","0","1","0","0","0"
"POINT (6.923886302000030 50.953492563000097)","Unfall 178710 (2022) Kat:3, Licht: 0","178710","3","1","0","08","19","3","","0","1","0","0","0"
"POINT (7.001702566000060 50.959720611000101)","Unfall 178730 (2022) Kat:3, Licht: 0","178730","3","7","3","08","14","5","","0","0","1","0","0"
"POINT (6.966197601000030 50.897869976000003)","Unfall 178765 (2022) Kat:3, Licht: 0","178765","3","2","5","08","18","1","","0","0","1","0","1"
"POINT (6.911483386000040 50.950148992000003)","Unfall 178767 (2022) Kat:3, Licht: 0","178767","3","3","3","08","12","5","","0","1","1","0","0"
"POINT (7.057981433000070 50.889066813000099)","Unfall 178773 (2022) Kat:3, Licht: 0","178773","3","1","0","08","07","2","","0","1","0","0","0"
"POINT (6.971914909000080 50.944994626000003)","Unfall 178783 (2022) Kat:3, Licht: 0","178783","3","1","0","08","12","7","","0","0","0","0","0"
"POINT (6.901313857000050 50.929467213000102)","Unfall 178787 (2022) Kat:2, Licht: 0","178787","2","3","5","08","13","3","","0","1","1","0","0"
"POINT (6.971796458000030 50.939850849999999)","Unfall 178791 (2022) Kat:3, Licht: 1","178791","3","6","4","08","20","7","","1","1","0","0","0"
"POINT (7.073964342000070 50.967483580000099)","Unfall 178792 (2022) Kat:3, Licht: 0","178792","3","2","5","08","12","3","","0","1","1","0","0"
"POINT (6.906053950000060 50.957961054000101)","Unfall 178795 (2022) Kat:3, Licht: 0","178795","3","7","6","08","15","4","","0","1","0","1","0"
"POINT (6.917720668000070 50.959750440999997)","Unfall 178796 (2022) Kat:3, Licht: 0","178796","3","7","0","08","09","6","","0","1","0","0","0"
"POINT (6.944494973000080 50.914239343000098)","Unfall 178798 (2022) Kat:3, Licht: 0","178798","3","3","1","08","15","2","","0","1","1","0","0"
"POINT (6.957880880000060 50.935077487999997)","Unfall 178800 (2022) Kat:3, Licht: 0","178800","3","6","3","08","12","4","","0","1","0","0","1"
"POINT (6.967646219000070 50.981909197999997)","Unfall 178801 (2022) Kat:3, Licht: 0","178801","3","6","2","08","15","5","","0","0","1","0","0"
"POINT (6.904387421000020 50.953389673000103)","Unfall 178802 (2022) Kat:3, Licht: 2","178802","3","1","0","08","02","7","","2","1","0","0","0"
"POINT (6.852498693000030 50.939109197999997)","Unfall 178808 (2022) Kat:3, Licht: 0","178808","3","3","5","08","16","6","","0","0","1","0","0"
"POINT (6.959766227000050 50.974220862999999)","Unfall 178810 (2022) Kat:3, Licht: 0","178810","3","2","5","08","11","2","","0","1","1","0","0"
"POINT (6.934977191000030 50.927812354000103)","Unfall 178812 (2022) Kat:3, Licht: 0","178812","3","1","0","08","09","4","","0","1","0","0","0"
"POINT (6.920585350000070 50.994623185000101)","Unfall 178813 (2022) Kat:3, Licht: 0","178813","3","5","0","08","07","5","","0","1","1","0","0"
"POINT (6.936370695000050 50.947135047000103)","Unfall 178818 (2022) Kat:3, Licht: 2","178818","3","2","5","08","00","6","","2","1","1","0","0"
"POINT (6.944107188000030 50.962109870000099)","Unfall 178846 (2022) Kat:3, Licht: 0","178846","3","3","0","08","14","1","","0","1","0","0","0"
"POINT (7.087734163000050 50.972444926000001)","Unfall 178857 (2022) Kat:3, Licht: 0","178857","3","1","8","08","16","6","","0","0","1","0","0"
"POINT (7.017532542000030 50.867695026000000)","Unfall 178880 (2022) Kat:3, Licht: 0","178880","3","7","0","08","09","6","","0","0","0","0","0"
"POINT (7.094943795000060 50.846082110000097)","Unfall 178892 (2022) Kat:3, Licht: 0","178892","3","2","4","08","16","6","","0","1","1","0","0"
"POINT (6.960514844000040 50.918489658000098)","Unfall 178895 (2022) Kat:3, Licht: 2","178895","3","3","5","08","22","4","","2","0","1","0","0"
"POINT (6.943189329000060 50.923009516000000)","Unfall 178911 (2022) Kat:3, Licht: 0","178911","3","1","0","08","08","3","","0","1","0","0","0"
"POINT (7.003365975000070 50.962557493000098)","Unfall 178912 (2022) Kat:3, Licht: 0","178912","3","7","6","08","08","5","","0","0","0","1","0"
"POINT (6.854479973000020 51.010648793000001)","Unfall 178920 (2022) Kat:3, Licht: 0","178920","3","3","5","08","17","4","","0","1","1","0","0"
"POINT (6.900141066000060 51.041453908000101)","Unfall 178923 (2022) Kat:3, Licht: 0","178923","3","6","3","08","12","4","","0","0","1","0","1"
"POINT (6.994910507000040 50.939382502000100)","Unfall 178993 (2022) Kat:3, Licht: 0","178993","3","1","0","08","19","6","","0","0","0","0","0"
"POINT (7.009829966000040 50.944242848999998)","Unfall 178999 (2022) Kat:3, Licht: 0","178999","3","5","1","08","11","3","","0","1","1","0","0"
"POINT (6.904112928000070 50.968686438000098)","Unfall 179005 (2022) Kat:3, Licht: 0","179005","3","2","4","08","13","2","","0","1","1","0","0"
"POINT (6.937396053000040 50.929212675000002)","Unfall 179006 (2022) Kat:2, Licht: 0","179006","2","1","0","08","14","1","","0","1","0","0","0"
"POINT (6.956616478000060 50.947319945000103)","Unfall 179008 (2022) Kat:3, Licht: 0","179008","3","1","0","08","13","5","","0","1","0","0","0"
"POINT (6.911464280000080 50.954504499999999)","Unfall 179024 (2022) Kat:3, Licht: 0","179024","3","6","4","08","19","2","","0","1","1","0","0"
"POINT (7.003428416000080 50.962909230000001)","Unfall 179038 (2022) Kat:3, Licht: 0","179038","3","5","0","08","16","3","","0","0","0","1","0"
"POINT (6.943494425000040 50.921024727000002)","Unfall 179056 (2022) Kat:3, Licht: 0","179056","3","1","0","09","07","5","","0","1","0","0","0"
"POINT (7.048490762000030 50.943785504000097)","Unfall 179066 (2022) Kat:3, Licht: 0","179066","3","6","1","09","11","7","","0","0","1","0","0"
"POINT (7.054532603000040 50.883127177000098)","Unfall 179068 (2022) Kat:3, Licht: 0","179068","3","6","4","08","18","7","","0","1","0","0","0"
"POINT (6.965021589000060 50.902261958000103)","Unfall 179071 (2022) Kat:3, Licht: 0","179071","3","4","6","09","07","2","","0","0","1","1","0"
"POINT (6.912593657000060 50.922412823999998)","Unfall 179084 (2022) Kat:3, Licht: 0","179084","3","1","0","09","18","6","","0","1","0","0","0"
"POINT (7.038235717000020 50.966890622999998)","Unfall 179094 (2022) Kat:3, Licht: 0","179094","3","1","1","09","14","6","","0","0","1","0","0"
"POINT (6.923851138000030 50.923017865000098)","Unfall 179117 (2022) Kat:3, Licht: 0","179117","3","1","0","09","19","7","","0","1","1","0","0"
"POINT (6.992385012000060 50.987736140999999)","Unfall 179121 (2022) Kat:3, Licht: 0","179121","3","2","0","09","16","4","","0","0","1","0","0"
"POINT (6.958727215000070 50.926673290000103)","Unfall 179126 (2022) Kat:3, Licht: 0","179126","3","6","0","08","12","3","","0","0","1","0","1"
"POINT (6.934290294000050 50.914824000000102)","Unfall 179127 (2022) Kat:3, Licht: 0","179127","3","3","5","08","15","7","","0","1","1","0","0"
"POINT (6.957060932000050 50.930033697000098)","Unfall 179128 (2022) Kat:3, Licht: 0","179128","3","3","5","09","10","5","","0","1","1","0","0"
"POINT (6.998101180000050 50.935519478000103)","Unfall 179147 (2022) Kat:3, Licht: 0","179147","3","6","6","08","17","2","","0","0","0","1","0"
"POINT (6.970836807000070 50.945025573000102)","Unfall 179165 (2022) Kat:3, Licht: 0","179165","3","1","0","09","17","7","","0","0","0","0","0"
"POINT (7.004104984000040 50.864854344999998)","Unfall 179168 (2022) Kat:3, Licht: 0","179168","3","1","0","09","15","7","","0","0","0","0","0"
"POINT (6.976121282000070 50.972576037000103)","Unfall 179182 (2022) Kat:3, Licht: 0","179182","3","6","2","09","15","6","","0","0","1","0","1"
"POINT (7.015648475000030 50.904770187000103)","Unfall 179189 (2022) Kat:3, Licht: 0","179189","3","1","0","09","09","1","","0","1","0","0","0"
"POINT (6.962691109000050 50.916193238000098)","Unfall 179190 (2022) Kat:3, Licht: 0","179190","3","5","0","09","17","3","","0","1","1","0","0"
"POINT (6.945637182000040 50.905560757000003)","Unfall 179194 (2022) Kat:3, Licht: 0","179194","3","1","8","08","07","2","","0","1","0","0","0"
"POINT (7.060840470000070 50.928886411000100)","Unfall 179213 (2022) Kat:2, Licht: 0","179213","2","3","0","09","11","5","","0","1","1","0","0"
"POINT (7.126410400000050 50.854398086000103)","Unfall 179214 (2022) Kat:2, Licht: 0","179214","2","7","1","09","07","3","","0","0","1","0","0"
"POINT (6.885808820000020 50.983559065000101)","Unfall 179224 (2022) Kat:3, Licht: 0","179224","3","3","5","08","12","4","","0","0","1","0","1"
"POINT (6.969262007000050 50.974376131000000)","Unfall 179226 (2022) Kat:3, Licht: 2","179226","3","6","2","09","23","5","","2","0","1","0","0"
"POINT (6.945452035000070 50.927517895000101)","Unfall 179238 (2022) Kat:3, Licht: 0","179238","3","4","5","09","14","3","","0","1","0","1","0"
"POINT (7.079337730000020 50.861151743999997)","Unfall 179248 (2022) Kat:2, Licht: 0","179248","2","4","6","09","19","2","","0","0","1","1","0"
"POINT (7.062112164000040 50.933010805999999)","Unfall 179258 (2022) Kat:3, Licht: 0","179258","3","1","0","09","14","1","","0","0","0","0","0"
"POINT (6.839023370000060 50.962275816999998)","Unfall 179259 (2022) Kat:3, Licht: 0","179259","3","3","0","09","16","5","","0","1","1","0","0"
"POINT (6.908266198000040 50.920982316000000)","Unfall 179269 (2022) Kat:2, Licht: 0","179269","2","1","0","09","09","6","","0","1","0","0","0"
"POINT (6.936665490000050 50.928790145999997)","Unfall 179289 (2022) Kat:3, Licht: 0","179289","3","1","0","08","08","3","","0","1","0","0","0"
"POINT (6.956412107000060 50.932590676000103)","Unfall 179297 (2022) Kat:3, Licht: 0","179297","3","4","6","09","19","5","","0","1","0","1","0"
"POINT (6.939091944000040 50.931129753000100)","Unfall 179298 (2022) Kat:3, Licht: 2","179298","3","1","0","09","03","4","","2","0","0","0","0"
"POINT (6.932686169000020 50.956809034000102)","Unfall 179307 (2022) Kat:3, Licht: 0","179307","3","5","0","09","08","5","","0","1","1","0","0"
"POINT (7.002873354000030 50.960755398000103)","Unfall 179319 (2022) Kat:2, Licht: 2","179319","2","1","0","09","23","7","","2","1","0","0","0"
"POINT (6.887277380000060 51.023020067000097)","Unfall 179330 (2022) Kat:3, Licht: 2","179330","3","3","5","08","22","4","","2","0","1","0","1"
"POINT (6.930232669000080 50.936626779000100)","Unfall 179342 (2022) Kat:3, Licht: 0","179342","3","2","2","09","19","5","","0","1","1","0","0"
"POINT (7.010660215000030 50.871559812999998)","Unfall 179346 (2022) Kat:3, Licht: 0","179346","3","2","3","09","14","6","","0","1","1","0","0"
"POINT (6.945274730000050 50.946971708000000)","Unfall 179357 (2022) Kat:3, Licht: 2","179357","3","7","4","09","22","6","","2","0","1","0","0"
"POINT (6.911750542000050 50.957108200000100)","Unfall 179372 (2022) Kat:3, Licht: 0","179372","3","1","0","08","16","1","","0","1","0","0","0"
"POINT (6.882730159000060 50.943547664000100)","Unfall 179376 (2022) Kat:3, Licht: 0","179376","3","5","0","08","19","4","","0","1","1","0","0"
"POINT (7.073938811000060 50.975323413000098)","Unfall 179396 (2022) Kat:3, Licht: 0","179396","3","3","0","09","17","4","","0","1","1","0","0"
"POINT (6.857111581000030 50.935425839000096)","Unfall 179408 (2022) Kat:3, Licht: 0","179408","3","3","5","08","17","2","","0","1","1","0","0"
"POINT (6.990823765000070 50.935940180000003)","Unfall 179409 (2022) Kat:3, Licht: 0","179409","3","5","1","08","15","3","","0","1","1","0","0"
"POINT (6.945855084000070 50.941303865000101)","Unfall 179414 (2022) Kat:3, Licht: 2","179414","3","1","9","09","00","7","","2","0","1","0","0"
"POINT (6.965361917000050 50.911876048000103)","Unfall 179424 (2022) Kat:3, Licht: 0","179424","3","2","4","08","11","4","","0","1","1","0","0"
"POINT (6.941385366000080 50.917787310999998)","Unfall 179426 (2022) Kat:3, Licht: 0","179426","3","1","0","09","14","5","","0","1","0","0","0"
"POINT (6.909119514000050 50.953473557999999)","Unfall 179429 (2022) Kat:2, Licht: 0","179429","2","5","0","08","13","1","","0","1","1","0","0"
"POINT (6.896179191000040 51.027000293000100)","Unfall 179430 (2022) Kat:3, Licht: 0","179430","3","1","0","09","14","2","","0","1","0","0","0"
"POINT (6.944555638000050 50.943909030000000)","Unfall 179431 (2022) Kat:3, Licht: 0","179431","3","5","1","09","08","6","","0","1","1","0","0"
"POINT (6.944042244000060 50.923782974000098)","Unfall 179439 (2022) Kat:3, Licht: 0","179439","3","3","5","09","14","3","","0","1","0","0","0"
"POINT (6.924601545000030 50.854894176000101)","Unfall 179443 (2022) Kat:2, Licht: 0","179443","2","3","5","08","16","3","","0","1","1","0","0"
"POINT (6.944983316000050 50.972071687000003)","Unfall 179445 (2022) Kat:3, Licht: 0","179445","3","2","5","09","17","4","","0","1","0","0","0"
"POINT (6.941681772000040 50.925825021999998)","Unfall 179447 (2022) Kat:3, Licht: 0","179447","3","1","0","08","11","2","","0","1","0","0","0"
"POINT (7.049181591000040 50.946298179000102)","Unfall 179451 (2022) Kat:3, Licht: 1","179451","3","3","5","09","09","7","","1","0","1","0","0"
"POINT (7.064063528000080 50.901144489000004)","Unfall 179458 (2022) Kat:3, Licht: 0","179458","3","2","5","08","09","3","","0","0","1","0","0"
"POINT (6.964824110000050 50.919283237999998)","Unfall 179464 (2022) Kat:3, Licht: 2","179464","3","1","0","09","00","1","","2","0","0","0","0"
"POINT (6.952744242000050 50.961017410000103)","Unfall 179470 (2022) Kat:3, Licht: 0","179470","3","3","5","08","18","4","","0","0","1","0","0"
"POINT (7.009813559000070 50.965268696000102)","Unfall 179475 (2022) Kat:3, Licht: 2","179475","3","1","3","09","01","3","","2","0","1","0","0"
"POINT (6.941585711000070 50.910758913000102)","Unfall 179487 (2022) Kat:2, Licht: 0","179487","2","1","0","09","09","7","","0","0","1","0","1"
"POINT (7.068743120000020 50.892252825000099)","Unfall 179497 (2022) Kat:3, Licht: 0","179497","3","3","5","09","10","5","","0","1","1","0","0"
"POINT (6.944236303000030 50.940156774999998)","Unfall 179519 (2022) Kat:3, Licht: 0","179519","3","2","3","09","19","3","","0","1","1","0","0"
"POINT (6.953144625000050 50.941079473000102)","Unfall 179520 (2022) Kat:3, Licht: 2","179520","3","7","8","08","23","7","","2","1","0","0","0"
"POINT (6.945794703000050 50.977984096000100)","Unfall 179545 (2022) Kat:3, Licht: 0","179545","3","1","0","08","14","7","","0","0","0","0","1"
"POINT (6.924257070000070 50.934022410000097)","Unfall 179546 (2022) Kat:3, Licht: 0","179546","3","2","3","09","07","5","","0","1","1","0","0"
"POINT (6.968874451000030 50.920364769999999)","Unfall 179561 (2022) Kat:3, Licht: 0","179561","3","6","4","09","14","1","","0","1","0","0","0"
"POINT (6.922578375000060 50.944842306000098)","Unfall 179583 (2022) Kat:2, Licht: 0","179583","2","2","5","09","07","3","","0","1","0","0","0"