WKT,Name,OBJECTID,UKATEGORIE,UTYP1,UART,UMONAT,USTUNDE,UWOCHENTAG,STRZUSTAND,ULICHTVERH,ISTRAD,ISTPKW,ISTFUSS,ISTKRAD
"POINT (6.948688878000040 50.894586699000101)","Unfall 179585 (2022) Kat:3, Licht: 0","179585","3","7","6","09","18","2","","0","1","0","1","0"
"POINT (6.944375316000050 50.981411108000003)","Unfall 179610 (2022) Kat:3, Licht: 0","179610","3","6","4","08","19","2","","0","1","0","0","1"
"POINT (7.063834069000050 50.890768258000001)","Unfall 179618 (2022) Kat:3, Licht: 0","179618","3","7","0","09","16","2","","0","0","0","0","1"
"POINT (7.018508600000080 50.957932757999998)","Unfall 179620 (2022) Kat:3, Licht: 0","179620","3","2","1","09","13","7","","0","0","1","0","0"
"POINT (6.953755117000070 50.948591342999997)","Unfall 179624 (2022) Kat:3, Licht: 0","179624","3","2","0","09","13","6","","0","1","0","0","0"
"POINT (6.861850616000030 50.932053334000003)","Unfall 179632 (2022) Kat:2, Licht: 2","179632","2","1","0","08","02","1","","2","0","0","0","0"
"POINT (7.006446127000060 50.946543865000102)","Unfall 179673 (2022) Kat:3, Licht: 0","179673","3","6","2","09","14","6","","0","0","1","0","0"
"POINT (6.914414412000040 50.927650132000103)","Unfall 179681 (2022) Kat:2, Licht: 0","179681","2","7","0","08","15","1","","0","1","0","0","0"
"POINT (6.963071084000030 50.911114832000102)","Unfall 179695 (2022) Kat:3, Licht: 0","179695","3","6","2","09","12","2","","0","0","1","0","0"
"POINT (6.999308107000050 50.930568598999997)","Unfall 179701 (2022) Kat:3, Licht: 0","179701","3","3","0","09","15","2","","0","1","1","0","0"
"POINT (6.854668633000070 50.935478736000100)","Unfall 179703 (2022) Kat:3, Licht: 0","179703","3","6","6","09","15","5","","0","0","1","1","0"
"POINT (6.885982747000070 50.947345653000099)","Unfall 179723 (2022) Kat:3, Licht: 0","179723","3","3","0","08","11","4","","0","0","1","0","0"
"POINT (6.943565384000070 50.929853870999999)","Unfall 179726 (2022) Kat:3, Licht: 0","179726","3","1","0","09","09","5","","0","1","0","0","0"
"POINT (6.943829285000050 50.929749622000003)","Unfall 179730 (2022) Kat:3, Licht: 0","179730","3","4","6","09","07","6","","0","0","1","1","0"
"POINT (6.995424676000030 50.949320855000103)","Unfall 179767 (2022) Kat:3, Licht: 0","179767","3","6","4","08","15","2","","0","1","0","0","0"
"POINT (7.003909975000060 50.977120765000102)","Unfall 179780 (2022) Kat:3, Licht: 0","179780","3","3","5","09","12","6","","0","1","1","0","0"
"POINT (6.937091703000020 50.946950711000099)","Unfall 179788 (2022) Kat:3, Licht: 2","179788","3","4","0","09","00","7","","2","0","1","1","0"
"POINT (6.945802189000060 50.935480718000100)","Unfall 179789 (2022) Kat:3, Licht: 0","179789","3","4","0","09","18","3","","0","0","0","1","0"
"POINT (6.962310019000030 50.910853498000101)","Unfall 179803 (2022) Kat:3, Licht: 0","179803","3","2","5","09","15","2","","0","1","0","0","0"
"POINT (7.007853248000060 50.939715085000003)","Unfall 179804 (2022) Kat:2, Licht: 0","179804","2","5","4","09","15","3","","0","0","1","0","0"
"POINT (7.011951923000030 50.952700196000102)","Unfall 179807 (2022) Kat:3, Licht: 0","179807","3","2","5","09","13","6","","0","1","1","0","0"
"POINT (6.937297655000070 50.918732726000002)","Unfall 179839 (2022) Kat:3, Licht: 0","179839","3","2","5","09","19","5","","0","1","0","0","0"
"POINT (6.959999071000030 50.976243654000001)","Unfall 179842 (2022) Kat:3, Licht: 0","179842","3","6","2","09","13","7","","0","0","1","0","1"
"POINT (6.939001073000040 50.911498625000000)","Unfall 179851 (2022) Kat:3, Licht: 0","179851","3","2","4","09","09","5","","0","1","1","0","0"
"POINT (6.955373509000030 50.919327710000097)","Unfall 179852 (2022) Kat:2, Licht: 0","179852","2","5","0","09","16","2","","0","1","1","0","0"
"POINT (6.930978187000050 50.966442213999997)","Unfall 179855 (2022) Kat:3, Licht: 0","179855","3","1","0","09","16","6","","0","0","0","0","0"
"POINT (6.902689543000060 50.960530163999998)","Unfall 179868 (2022) Kat:2, Licht: 0","179868","2","6","0","08","19","3","","0","1","1","0","0"
"POINT (6.978524872000040 50.935291945000102)","Unfall 179871 (2022) Kat:3, Licht: 0","179871","3","1","0","09","16","4","","0","1","0","0","0"
"POINT (6.924671438000080 50.945328916000101)","Unfall 179875 (2022) Kat:3, Licht: 0","179875","3","4","6","09","13","2","","0","1","0","1","0"
"POINT (6.934433497000040 50.932993889000002)","Unfall 179884 (2022) Kat:3, Licht: 0","179884","3","2","3","08","11","3","","0","1","1","0","0"
"POINT (6.993689804000040 50.873183832999999)","Unfall 179885 (2022) Kat:2, Licht: 0","179885","2","3","5","08","16","4","","0","1","1","0","0"
"POINT (6.909540358000070 50.957930056000102)","Unfall 179886 (2022) Kat:3, Licht: 2","179886","3","1","0","09","00","1","","2","0","0","0","0"
"POINT (6.904147531000040 50.996373425999998)","Unfall 179888 (2022) Kat:3, Licht: 0","179888","3","6","4","09","14","3","","0","1","1","0","0"
"POINT (6.924078966000020 50.952371874000100)","Unfall 179903 (2022) Kat:3, Licht: 0","179903","3","1","0","09","07","3","","0","1","0","0","0"
"POINT (7.001396396000080 50.946717824000103)","Unfall 179921 (2022) Kat:3, Licht: 0","179921","3","3","0","08","11","2","","0","1","1","0","0"
"POINT (6.955597096000080 50.963401601999998)","Unfall 179923 (2022) Kat:3, Licht: 0","179923","3","7","0","09","12","2","","0","1","0","0","0"
"POINT (6.959809859000070 50.929874009000102)","Unfall 179948 (2022) Kat:3, Licht: 0","179948","3","2","2","08","14","7","","0","0","1","0","0"
"POINT (6.940389306000040 50.936780888000001)","Unfall 179957 (2022) Kat:3, Licht: 0","179957","3","3","5","08","16","4","","0","1","0","0","0"
"POINT (6.973460717000020 50.940284464999998)","Unfall 179966 (2022) Kat:3, Licht: 0","179966","3","2","3","08","10","7","","0","1","1","0","0"
"POINT (6.985615570000050 50.967329731000099)","Unfall 179984 (2022) Kat:3, Licht: 1","179984","3","1","0","09","19","6","","1","1","0","0","0"
"POINT (6.935811323000050 50.926161754000098)","Unfall 179992 (2022) Kat:2, Licht: 0","179992","2","7","0","09","20","3","","0","1","0","0","0"
"POINT (6.963512569000050 50.918878059000100)","Unfall 179994 (2022) Kat:3, Licht: 2","179994","3","1","1","09","03","7","","2","1","1","0","0"
"POINT (6.992735826000060 50.941066403000001)","Unfall 180003 (2022) Kat:3, Licht: 0","180003","3","2","5","09","11","5","","0","1","1","0","0"
"POINT (7.032059813000050 50.973431284000100)","Unfall 180034 (2022) Kat:2, Licht: 0","180034","2","2","3","08","14","2","","0","1","1","0","0"
"POINT (6.913035821000050 50.956602842000102)","Unfall 180054 (2022) Kat:3, Licht: 0","180054","3","2","4","09","13","3","","0","1","1","0","0"
"POINT (6.873601263000070 50.935406602999997)","Unfall 180056 (2022) Kat:3, Licht: 0","180056","3","7","0","09","08","2","","0","1","0","0","0"
"POINT (6.922594650000060 50.941411094999999)","Unfall 180070 (2022) Kat:3, Licht: 0","180070","3","5","0","09","14","4","","0","0","1","0","1"
"POINT (6.918590115000030 50.950506480000101)","Unfall 180074 (2022) Kat:3, Licht: 2","180074","3","4","6","09","06","2","","2","0","0","1","0"
"POINT (6.929555525000070 50.954396226000000)","Unfall 180102 (2022) Kat:3, Licht: 0","180102","3","4","0","09","15","3","","0","1","0","1","0"
"POINT (6.950402168000040 50.938462581000103)","Unfall 180118 (2022) Kat:3, Licht: 0","180118","3","3","5","09","09","4","","0","1","1","0","0"
"POINT (6.942866187000050 50.946484638000101)","Unfall 180134 (2022) Kat:3, Licht: 0","180134","3","6","2","09","15","6","","0","0","1","0","0"
"POINT (7.021723049000060 50.972829557000097)","Unfall 180163 (2022) Kat:3, Licht: 0","180163","3","1","8","09","15","2","","0","0","0","0","1"
"POINT (7.001964563000060 50.943635205000099)","Unfall 180165 (2022) Kat:3, Licht: 0","180165","3","3","5","09","10","1","","0","0","1","0","0"
"POINT (6.940866186000050 50.933835740000099)","Unfall 180186 (2022) Kat:3, Licht: 0","180186","3","2","4","09","15","6","","0","1","0","0","0"
"POINT (7.003825523000050 50.877251833999999)","Unfall 180197 (2022) Kat:3, Licht: 0","180197","3","3","5","09","10","4","","0","1","1","0","0"
"POINT (6.958013381000060 50.960540438000102)","Unfall 180229 (2022) Kat:3, Licht: 0","180229","3","3","0","09","09","3","","0","0","1","0","0"
"POINT (7.061059853000070 50.888333927000097)","Unfall 180231 (2022) Kat:3, Licht: 0","180231","3","3","5","09","18","7","","0","0","1","0","0"
"POINT (7.096409808000030 50.915135423999999)","Unfall 180233 (2022) Kat:3, Licht: 2","180233","3","5","1","09","06","6","","2","0","1","0","1"
"POINT (6.952692770000060 50.962745573000099)","Unfall 180239 (2022) Kat:3, Licht: 0","180239","3","5","1","10","10","7","","0","0","1","0","1"
"POINT (6.923153388000060 50.952703704999998)","Unfall 180261 (2022) Kat:3, Licht: 0","180261","3","2","5","09","09","6","","0","1","0","0","0"
"POINT (6.918185815000070 51.050175292000098)","Unfall 180282 (2022) Kat:3, Licht: 0","180282","3","7","0","09","14","6","","0","1","1","0","0"
"POINT (6.955047397000040 50.925205414000096)","Unfall 180287 (2022) Kat:3, Licht: 0","180287","3","6","4","10","18","7","","0","1","1","0","0"
"POINT (6.917902106000040 50.954660746000101)","Unfall 180312 (2022) Kat:3, Licht: 2","180312","3","2","4","09","21","3","","2","1","0","0","0"
"POINT (6.949299679000030 50.965907782999999)","Unfall 180322 (2022) Kat:3, Licht: 0","180322","3","4","0","10","08","7","","0","1","1","1","0"
"POINT (6.958927781000060 50.910630144999999)","Unfall 180323 (2022) Kat:3, Licht: 0","180323","3","3","5","09","13","2","","0","1","1","0","0"
"POINT (6.971079450000050 50.965298122000000)","Unfall 180329 (2022) Kat:3, Licht: 0","180329","3","7","0","09","17","3","","0","1","0","0","0"
"POINT (7.011580366000030 50.906666147000102)","Unfall 180337 (2022) Kat:2, Licht: 2","180337","2","1","0","09","00","2","","2","0","0","0","0"
"POINT (6.945070646000030 50.934367542000103)","Unfall 180339 (2022) Kat:3, Licht: 2","180339","3","1","0","09","03","1","","2","0","0","0","0"
"POINT (6.917484973000060 50.959999150999998)","Unfall 180342 (2022) Kat:2, Licht: 1","180342","2","1","0","09","18","4","","1","1","0","0","0"
"POINT (7.003271928000060 50.962649882999997)","Unfall 180343 (2022) Kat:3, Licht: 0","180343","3","1","0","09","18","5","","0","0","1","0","1"
"POINT (6.955536411000030 50.929696163000102)","Unfall 180347 (2022) Kat:3, Licht: 0","180347","3","1","3","09","19","5","","0","0","1","0","1"
"POINT (7.015164442000070 50.969024745000098)","Unfall 180398 (2022) Kat:2, Licht: 0","180398","2","7","0","09","12","3","","0","0","1","0","0"
"POINT (6.966292184000050 50.973885424999999)","Unfall 180400 (2022) Kat:2, Licht: 0","180400","2","4","6","09","17","7","","0","0","0","1","0"
"POINT (6.963915695000030 50.911395307000099)","Unfall 180417 (2022) Kat:3, Licht: 2","180417","3","7","0","09","05","4","","2","0","0","0","0"
"POINT (7.062344513000030 50.933638319000103)","Unfall 180436 (2022) Kat:3, Licht: 0","180436","3","6","0","09","18","6","","0","0","1","0","0"
"POINT (6.994833633000040 50.893232904000101)","Unfall 180443 (2022) Kat:3, Licht: 0","180443","3","6","3","09","12","2","","0","1","1","0","0"
"POINT (6.982196695000030 50.971477295000099)","Unfall 180450 (2022) Kat:3, Licht: 0","180450","3","7","4","09","09","3","","0","0","1","0","0"
"POINT (6.939623031000050 50.956611330000001)","Unfall 180452 (2022) Kat:2, Licht: 2","180452","2","7","0","09","20","1","","2","1","0","0","0"
"POINT (6.985792645000060 50.988119924000003)","Unfall 180455 (2022) Kat:3, Licht: 2","180455","3","3","0","09","03","1","","2","0","1","0","0"
"POINT (6.955366899000070 50.927124253999999)","Unfall 180461 (2022) Kat:3, Licht: 0","180461","3","6","2","09","16","5","","0","0","1","0","0"
"POINT (6.927444714000050 50.969162363000102)","Unfall 180470 (2022) Kat:3, Licht: 0","180470","3","2","0","09","11","3","","0","1","0","0","0"
"POINT (6.960143126000050 50.933629257000099)","Unfall 180497 (2022) Kat:3, Licht: 0","180497","3","6","2","09","12","5","","0","0","1","0","0"
"POINT (6.899557660000030 50.967807276000002)","Unfall 180500 (2022) Kat:3, Licht: 0","180500","3","1","0","09","17","1","","0","1","0","0","0"
"POINT (6.904305117000040 50.954750703000101)","Unfall 180504 (2022) Kat:3, Licht: 0","180504","3","1","0","09","10","6","","0","1","0","0","0"
"POINT (7.001997348000030 50.955687965999999)","Unfall 180505 (2022) Kat:3, Licht: 0","180505","3","3","5","09","18","3","","0","1","1","0","0"
"POINT (6.953101414000060 50.942518262000100)","Unfall 180520 (2022) Kat:3, Licht: 0","180520","3","1","3","09","10","5","","0","1","0","0","0"
"POINT (7.038354191000050 50.966686359000100)","Unfall 180530 (2022) Kat:3, Licht: 0","180530","3","3","0","09","15","2","","0","1","0","0","0"
"POINT (7.074912959000070 50.976124872000099)","Unfall 180543 (2022) Kat:3, Licht: 0","180543","3","5","1","09","09","5","","0","1","1","0","0"
"POINT (7.072278053000050 50.898386819999999)","Unfall 180544 (2022) Kat:3, Licht: 2","180544","3","3","5","09","20","4","","2","0","1","0","0"
"POINT (6.958480133000020 50.906118867000004)","Unfall 180575 (2022) Kat:3, Licht: 0","180575","3","5","0","09","16","2","","0","1","1","0","0"
"POINT (6.951820964000040 50.898058656000003)","Unfall 180582 (2022) Kat:3, Licht: 0","180582","3","1","5","09","12","6","","0","1","1","0","0"
"POINT (6.939681925000060 50.917723316000000)","Unfall 180602 (2022) Kat:3, Licht: 0","180602","3","6","2","09","18","7","","0","0","1","0","1"
"POINT (7.004533666000040 50.952910793000100)","Unfall 180604 (2022) Kat:2, Licht: 2","180604","2","7","0","09","20","3","","2","0","1","0","0"
"POINT (6.958218768000050 50.920772914000104)","Unfall 180619 (2022) Kat:3, Licht: 0","180619","3","5","1","09","10","2","","0","1","1","0","0"
"POINT (6.898145229000020 51.007041865000097)","Unfall 180622 (2022) Kat:3, Licht: 0","180622","3","7","6","09","15","5","","0","0","1","1","0"
"POINT (7.006764371000030 50.947013437000102)","Unfall 180638 (2022) Kat:3, Licht: 0","180638","3","6","2","09","18","7","","0","0","1","0","0"
"POINT (7.022972384000070 50.924850235000100)","Unfall 180642 (2022) Kat:3, Licht: 0","180642","3","1","8","09","07","3","","0","0","1","0","0"
"POINT (7.060564290000060 50.896110196000102)","Unfall 180650 (2022) Kat:2, Licht: 2","180650","2","5","0","09","02","7","","2","0","1","0","0"
"POINT (6.925795903000050 50.943239534000000)","Unfall 180657 (2022) Kat:3, Licht: 0","180657","3","2","5","09","10","4","","0","1","1","0","0"
"POINT (6.935919498000030 50.956905200000101)","Unfall 180667 (2022) Kat:2, Licht: 0","180667","2","7","1","09","15","2","","0","0","1","0","1"
"POINT (6.893497071000070 51.016169343999998)","Unfall 180680 (2022) Kat:3, Licht: 0","180680","3","1","8","09","16","3","","0","0","1","0","0"
"POINT (6.848603332000040 50.931066862000101)","Unfall 180686 (2022) Kat:3, Licht: 0","180686","3","6","0","09","14","7","","0","0","1","0","1"
"POINT (7.023548842000030 50.943531817000100)","Unfall 180688 (2022) Kat:3, Licht: 0","180688","3","2","5","09","13","6","","0","1","1","0","0"
"POINT (6.941001909000020 50.958449143999999)","Unfall 180693 (2022) Kat:3, Licht: 0","180693","3","3","5","09","09","4","","0","1","0","0","0"
"POINT (7.035498322000020 50.966926280999999)","Unfall 180699 (2022) Kat:3, Licht: 0","180699","3","7","2","10","18","7","","0","0","1","0","1"
"POINT (7.007223344000070 50.862404055000098)","Unfall 180704 (2022) Kat:3, Licht: 0","180704","3","4","6","09","17","5","","0","1","0","1","0"
"POINT (7.001620802000050 50.940882030000097)","Unfall 180715 (2022) Kat:3, Licht: 0","180715","3","2","5","10","18","7","","0","0","1","0","1"
"POINT (6.952726958000030 50.943714004000100)","Unfall 180721 (2022) Kat:3, Licht: 1","180721","3","6","2","09","20","4","","1","0","1","0","0"
"POINT (7.002588996000040 50.972830205000001)","Unfall 180730 (2022) Kat:3, Licht: 1","180730","3","6","2","09","16","3","","1","0","1","0","0"
"POINT (6.959327947000080 50.938966897999997)","Unfall 180732 (2022) Kat:3, Licht: 0","180732","3","7","6","09","16","7","","0","0","1","1","0"
"POINT (7.060840470000070 50.928886411000100)","Unfall 180767 (2022) Kat:3, Licht: 0","180767","3","3","0","09","08","3","","0","0","1","0","0"
"POINT (7.021759240000050 50.952245245000000)","Unfall 180773 (2022) Kat:3, Licht: 0","180773","3","7","0","09","13","3","","0","1","1","0","0"
"POINT (6.945713249000050 50.907583085000098)","Unfall 180778 (2022) Kat:3, Licht: 0","180778","3","1","0","09","14","7","","0","0","0","0","1"
"POINT (6.850716276000070 51.049798305000103)","Unfall 180783 (2022) Kat:2, Licht: 0","180783","2","7","0","09","14","7","","0","0","1","1","0"
"POINT (6.965844919000060 50.887212207000097)","Unfall 180784 (2022) Kat:3, Licht: 0","180784","3","1","9","09","11","4","","0","0","1","0","0"
"POINT (6.945672703000070 50.935199672000103)","Unfall 180800 (2022) Kat:3, Licht: 0","180800","3","6","3","10","15","7","","0","1","1","0","0"
"POINT (6.993896109000050 50.892827519999997)","Unfall 180801 (2022) Kat:3, Licht: 0","180801","3","5","0","09","15","2","","0","1","1","0","0"
"POINT (6.940373087000070 50.945564471000097)","Unfall 180807 (2022) Kat:3, Licht: 0","180807","3","1","0","09","14","5","","0","0","0","0","1"
"POINT (6.911313859000070 50.966129590999998)","Unfall 180810 (2022) Kat:3, Licht: 2","180810","3","5","9","09","23","1","","2","0","1","0","0"
"POINT (7.070497963000040 50.888456335000100)","Unfall 180818 (2022) Kat:3, Licht: 0","180818","3","7","6","09","10","7","","0","0","1","1","0"
"POINT (6.947689780000080 50.938363107000001)","Unfall 180830 (2022) Kat:2, Licht: 0","180830","2","3","5","09","07","4","","0","0","0","0","1"
"POINT (6.943703608000020 50.944202679000099)","Unfall 180831 (2022) Kat:3, Licht: 0","180831","3","1","0","09","18","5","","0","1","0","0","0"
"POINT (7.010012928000040 50.867162168000000)","Unfall 180846 (2022) Kat:3, Licht: 0","180846","3","3","5","09","15","5","","0","1","1","0","0"
"POINT (7.008968664000070 50.883416449999999)","Unfall 180857 (2022) Kat:2, Licht: 2","180857","2","1","8","09","01","1","","2","1","0","0","0"
"POINT (7.003093479000030 50.944388704000097)","Unfall 180862 (2022) Kat:3, Licht: 2","180862","3","2","6","09","20","6","","2","0","1","1","0"
"POINT (6.899794007000030 50.938494309000099)","Unfall 180877 (2022) Kat:3, Licht: 0","180877","3","2","2","09","15","2","","0","0","1","0","0"
"POINT (6.952957828000020 50.944236541000102)","Unfall 180880 (2022) Kat:3, Licht: 0","180880","3","1","9","09","11","4","","0","0","1","0","0"
"POINT (6.875701848000060 50.941865368000002)","Unfall 180884 (2022) Kat:3, Licht: 0","180884","3","3","5","09","08","5","","0","1","0","0","0"
"POINT (7.001154284000050 50.939649994000000)","Unfall 180912 (2022) Kat:3, Licht: 0","180912","3","1","0","09","14","7","","0","1","0","0","0"
"POINT (7.008390999000030 50.938188958000097)","Unfall 180913 (2022) Kat:3, Licht: 0","180913","3","5","0","09","11","6","","0","1","1","0","0"
"POINT (6.941156573000060 50.940325481999999)","Unfall 180915 (2022) Kat:2, Licht: 0","180915","2","2","5","10","18","1","","0","1","1","0","0"
"POINT (6.967951296000020 50.982059167000003)","Unfall 180922 (2022) Kat:2, Licht: 0","180922","2","6","5","09","10","6","","0","0","0","0","1"
"POINT (6.937224917000040 50.930661020000102)","Unfall 180941 (2022) Kat:3, Licht: 2","180941","3","1","0","09","22","7","","2","0","0","0","0"
"POINT (6.938342581000030 50.956995107000097)","Unfall 180946 (2022) Kat:3, Licht: 0","180946","3","1","0","09","12","5","","0","1","0","0","0"
"POINT (6.936408820000050 50.917564870000000)","Unfall 180953 (2022) Kat:3, Licht: 0","180953","3","2","2","09","16","3","","0","0","1","0","1"
"POINT (6.897133797000040 51.020261882000099)","Unfall 180954 (2022) Kat:3, Licht: 1","180954","3","4","6","09","06","2","","1","0","1","1","0"
"POINT (6.907779964000040 50.945299374000101)","Unfall 180957 (2022) Kat:3, Licht: 0","180957","3","2","4","09","11","6","","0","0","1","0","0"
"POINT (7.049434169000050 50.901586674000001)","Unfall 180981 (2022) Kat:3, Licht: 0","180981","3","3","5","09","08","5","","0","1","1","0","0"
"POINT (6.952554664000050 50.939058748999997)","Unfall 180996 (2022) Kat:3, Licht: 0","180996","3","6","6","09","15","6","","0","0","0","1","0"
"POINT (7.034224318000040 50.896476962000101)","Unfall 181018 (2022) Kat:3, Licht: 0","181018","3","7","0","09","12","1","","0","1","0","1","0"
"POINT (7.014487250000060 50.927733295000102)","Unfall 181023 (2022) Kat:2, Licht: 2","181023","2","1","0","09","19","1","","2","0","0","0","1"
"POINT (6.896337124000070 51.025656103000102)","Unfall 181039 (2022) Kat:3, Licht: 2","181039","3","1","9","09","03","7","","2","0","1","0","0"
"POINT (6.968052721000050 50.955395789000100)","Unfall 181050 (2022) Kat:3, Licht: 0","181050","3","6","4","09","07","2","","0","1","0","0","0"
"POINT (6.958492246000050 50.949844391000099)","Unfall 181056 (2022) Kat:2, Licht: 0","181056","2","3","5","09","14","4","","0","0","1","0","1"
"POINT (6.965642555000040 50.915815561999999)","Unfall 181090 (2022) Kat:3, Licht: 2","181090","3","1","1","09","23","7","","2","0","1","0","0"
"POINT (6.960148627000020 50.976677328000100)","Unfall 181101 (2022) Kat:3, Licht: 0","181101","3","3","5","09","15","2","","0","0","1","0","0"
"POINT (6.941452888000070 50.945125925000099)","Unfall 181102 (2022) Kat:3, Licht: 0","181102","3","3","5","09","15","4","","0","1","1","0","0"
"POINT (6.834910505000040 50.942657665000098)","Unfall 181105 (2022) Kat:3, Licht: 0","181105","3","7","0","09","15","5","","0","1","0","1","0"
"POINT (7.021120241000060 50.974394227000097)","Unfall 181106 (2022) Kat:3, Licht: 0","181106","3","3","5","09","09","4","","0","0","1","0","0"
"POINT (6.957996828000030 50.959740409000098)","Unfall 181112 (2022) Kat:3, Licht: 0","181112","3","6","2","09","16","3","","0","0","1","0","0"
"POINT (6.876213254000050 51.000845040000101)","Unfall 181113 (2022) Kat:3, Licht: 0","181113","3","3","5","09","17","3","","0","1","1","0","0"
"POINT (7.015273803000070 50.885191786000100)","Unfall 181125 (2022) Kat:3, Licht: 0","181125","3","3","5","09","15","4","","0","1","0","0","0"
"POINT (6.912844448000040 50.915845525000101)","Unfall 181137 (2022) Kat:2, Licht: 2","181137","2","3","5","09","20","4","","2","0","1","1","0"
"POINT (7.002547733000030 50.973704143000099)","Unfall 181143 (2022) Kat:3, Licht: 0","181143","3","6","1","09","16","2","","0","0","1","0","0"
"POINT (6.932692069000040 50.965247015000003)","Unfall 181146 (2022) Kat:3, Licht: 0","181146","3","3","5","09","07","3","","0","1","1","0","0"
"POINT (6.954828314000050 50.920099891000099)","Unfall 181168 (2022) Kat:3, Licht: 0","181168","3","6","3","10","08","4","","0","1","0","0","0"
"POINT (6.956013416000080 50.942512694000101)","Unfall 181175 (2022) Kat:3, Licht: 2","181175","3","1","0","10","01","7","","2","0","0","0","0"
"POINT (6.917088563000050 50.922964218000097)","Unfall 181181 (2022) Kat:3, Licht: 0","181181","3","4","6","10","15","5","","0","1","0","1","0"
"POINT (6.827340891000060 50.947777905000102)","Unfall 181183 (2022) Kat:3, Licht: 0","181183","3","2","4","10","11","2","","0","0","1","0","0"
"POINT (6.953290123000040 50.939011639999997)","Unfall 181187 (2022) Kat:3, Licht: 2","181187","3","6","2","10","06","2","","2","0","1","0","0"
"POINT (6.887698914000050 51.007320376999999)","Unfall 181190 (2022) Kat:3, Licht: 0","181190","3","3","5","10","12","4","","0","1","1","0","0"
"POINT (6.953842384000040 50.942567799000102)","Unfall 181191 (2022) Kat:3, Licht: 1","181191","3","6","3","10","09","6","","1","1","1","0","0"
"POINT (6.900965156000040 50.917543970000096)","Unfall 181196 (2022) Kat:3, Licht: 0","181196","3","2","4","10","15","1","","0","1","1","0","0"
"POINT (6.949756464000070 50.932958282000101)","Unfall 181204 (2022) Kat:3, Licht: 0","181204","3","3","5","10","13","4","","0","0","1","0","0"
"POINT (7.055000764000060 50.873438165000003)","Unfall 181217 (2022) Kat:3, Licht: 0","181217","3","3","5","10","15","7","","0","1","0","0","0"
"POINT (6.917902106000040 50.954660746000101)","Unfall 181221 (2022) Kat:3, Licht: 0","181221","3","7","4","10","12","5","","0","1","1","0","0"
"POINT (6.941182637000050 50.933252174000103)","Unfall 181231 (2022) Kat:3, Licht: 0","181231","3","3","5","10","14","5","","0","1","1","0","0"
"POINT (6.954339072000040 50.926167441000104)","Unfall 181241 (2022) Kat:3, Licht: 0","181241","3","2","3","10","11","4","","0","0","0","0","1"
"POINT (6.994319218000040 50.942286099999997)","Unfall 181243 (2022) Kat:3, Licht: 0","181243","3","3","3","10","13","6","","0","1","1","0","0"
"POINT (6.955097157000070 51.025174112000101)","Unfall 181277 (2022) Kat:3, Licht: 0","181277","3","3","5","10","17","4","","0","1","1","0","0"
"POINT (6.946084219000060 50.958046105999998)","Unfall 181286 (2022) Kat:3, Licht: 0","181286","3","1","0","10","13","4","","0","1","0","0","0"
"POINT (7.043502876000050 51.003267248999997)","Unfall 181304 (2022) Kat:3, Licht: 0","181304","3","4","6","10","09","2","","0","1","0","1","0"
"POINT (6.906625166000030 50.924840174000103)","Unfall 181307 (2022) Kat:3, Licht: 0","181307","3","5","0","10","15","3","","0","1","1","0","0"
"POINT (6.883943472000060 50.955586283000102)","Unfall 181309 (2022) Kat:3, Licht: 0","181309","3","3","5","10","16","4","","0","0","1","0","1"
"POINT (6.956055747000050 50.920059561000102)","Unfall 181311 (2022) Kat:3, Licht: 0","181311","3","6","6","10","17","6","","0","1","0","1","0"
"POINT (6.940328655000030 50.930897127999998)","Unfall 181324 (2022) Kat:3, Licht: 2","181324","3","1","0","10","20","2","","2","1","0","0","0"
"POINT (6.964565832000060 50.977172036000098)","Unfall 181338 (2022) Kat:3, Licht: 2","181338","3","2","4","10","01","7","","2","1","1","0","0"
"POINT (6.940403648000030 50.946517099000097)","Unfall 181341 (2022) Kat:3, Licht: 2","181341","3","1","0","10","00","3","","2","0","0","0","0"
"POINT (7.068873935000060 50.942885081999997)","Unfall 181345 (2022) Kat:3, Licht: 0","181345","3","2","5","10","12","6","","0","1","0","0","0"
"POINT (6.905446606000050 50.967634540000098)","Unfall 181347 (2022) Kat:3, Licht: 2","181347","3","1","0","10","05","2","","2","0","0","0","0"
"POINT (6.978382034000050 50.969523139000003)","Unfall 181375 (2022) Kat:3, Licht: 1","181375","3","6","2","10","18","3","","1","0","1","0","1"
"POINT (7.015164442000070 50.969024745000098)","Unfall 181380 (2022) Kat:3, Licht: 2","181380","3","5","1","10","19","6","","2","1","1","0","0"
"POINT (6.904775468000030 50.945623810000001)","Unfall 181390 (2022) Kat:3, Licht: 2","181390","3","2","0","10","07","3","","2","0","1","0","0"
"POINT (6.894155544000060 51.020951719999999)","Unfall 181394 (2022) Kat:3, Licht: 0","181394","3","3","5","10","13","5","","0","1","1","0","0"
"POINT (7.003500983000040 50.888665416999999)","Unfall 181401 (2022) Kat:3, Licht: 0","181401","3","7","6","10","15","6","","0","0","1","1","0"