WKT,Name,OBJECTID,UKATEGORIE,UTYP1,UART,UMONAT,USTUNDE,UWOCHENTAG,STRZUSTAND,ULICHTVERH,ISTRAD,ISTPKW,ISTFUSS,ISTKRAD
"POINT (6.983602201000050 50.924890427999998)","Unfall 181447 (2022) Kat:2, Licht: 0","181447","2","7","0","10","15","4","","0","1","1","0","0"
"POINT (6.964376063000030 50.931135009000101)","Unfall 181450 (2022) Kat:3, Licht: 0","181450","3","1","6","10","13","1","","0","0","0","1","1"
"POINT (7.010243933000030 50.882917224000003)","Unfall 181466 (2022) Kat:3, Licht: 0","181466","3","3","5","10","09","7","","0","1","1","0","0"
"POINT (6.959740728000040 50.920685634999998)","Unfall 181467 (2022) Kat:3, Licht: 0","181467","3","5","1","10","20","3","","0","1","1","0","0"
"POINT (6.949570922000020 50.918767260000003)","Unfall 181473 (2022) Kat:3, Licht: 0","181473","3","3","5","10","13","4","","0","1","1","0","0"
"POINT (6.918142313000030 50.946535875999999)","Unfall 181482 (2022) Kat:3, Licht: 2","181482","3","7","6","10","19","4","","2","0","1","1","0"
"POINT (6.953715208000060 50.919808746999998)","Unfall 181484 (2022) Kat:3, Licht: 2","181484","3","1","0","10","19","6","","2","1","0","0","0"
"POINT (6.937976142000020 50.940825109000102)","Unfall 181490 (2022) Kat:2, Licht: 2","181490","2","7","0","10","04","7","","2","0","0","1","0"
"POINT (6.969103839000070 50.973899822000099)","Unfall 181501 (2022) Kat:3, Licht: 0","181501","3","1","0","10","11","2","","0","1","0","0","0"
"POINT (6.967745503000060 50.981969356000000)","Unfall 181513 (2022) Kat:3, Licht: 0","181513","3","1","0","10","17","5","","0","0","0","0","1"
"POINT (6.914939607000060 50.925256869000101)","Unfall 181526 (2022) Kat:2, Licht: 0","181526","2","4","0","10","15","4","","0","0","1","1","0"
"POINT (6.943247347000070 50.944391371999998)","Unfall 181528 (2022) Kat:3, Licht: 2","181528","3","1","0","10","22","6","","2","1","0","0","0"
"POINT (7.059206450000030 50.885581663000004)","Unfall 181545 (2022) Kat:3, Licht: 0","181545","3","1","0","10","13","4","","0","0","0","0","1"
"POINT (6.936841698000020 50.928892059000098)","Unfall 181547 (2022) Kat:3, Licht: 2","181547","3","1","0","10","07","3","","2","1","0","0","0"
"POINT (6.934268693000040 50.928155156999999)","Unfall 181548 (2022) Kat:2, Licht: 2","181548","2","7","0","10","19","4","","2","1","1","0","0"
"POINT (7.093771127000020 50.863183648000103)","Unfall 181551 (2022) Kat:3, Licht: 0","181551","3","3","5","10","13","1","","0","0","1","0","0"
"POINT (6.932400441000030 50.926757613000099)","Unfall 181552 (2022) Kat:3, Licht: 1","181552","3","1","0","10","18","6","","1","1","0","0","0"
"POINT (6.994546176000030 50.929720345000099)","Unfall 181561 (2022) Kat:3, Licht: 0","181561","3","4","0","10","14","6","","0","0","1","1","0"
"POINT (6.950309287000040 50.941163723000003)","Unfall 181564 (2022) Kat:3, Licht: 0","181564","3","4","0","10","13","4","","0","0","1","1","0"
"POINT (6.892035511000070 50.960878966000102)","Unfall 181587 (2022) Kat:2, Licht: 0","181587","2","5","1","10","13","5","","0","1","1","0","0"
"POINT (6.924068962000040 50.887408919000102)","Unfall 181589 (2022) Kat:3, Licht: 0","181589","3","2","2","10","07","5","","0","0","1","0","0"
"POINT (6.941904941000080 50.958776547000099)","Unfall 181596 (2022) Kat:3, Licht: 1","181596","3","4","6","10","18","6","","1","1","0","1","0"
"POINT (6.986942838000060 50.922858489000099)","Unfall 181597 (2022) Kat:2, Licht: 0","181597","2","2","5","10","08","3","","0","1","1","0","0"
"POINT (6.952910638000050 50.933263436000097)","Unfall 181610 (2022) Kat:3, Licht: 0","181610","3","6","2","10","10","7","","0","0","1","0","0"
"POINT (6.907376891000070 50.921606711999999)","Unfall 181614 (2022) Kat:3, Licht: 2","181614","3","3","5","10","23","5","","2","0","1","0","0"
"POINT (6.975670242000040 51.000813853000103)","Unfall 181618 (2022) Kat:3, Licht: 0","181618","3","1","0","10","13","1","","0","1","0","0","0"
"POINT (6.944238636000020 50.924192071999997)","Unfall 181635 (2022) Kat:3, Licht: 2","181635","3","6","3","10","19","5","","2","1","1","0","0"
"POINT (6.933865950000040 50.940724041000102)","Unfall 181660 (2022) Kat:3, Licht: 2","181660","3","5","0","10","01","7","","2","1","1","0","0"
"POINT (6.975734832000060 50.931781211999997)","Unfall 181669 (2022) Kat:3, Licht: 2","181669","3","6","4","10","21","5","","2","1","0","0","0"
"POINT (6.933641889000060 50.932513753000102)","Unfall 181672 (2022) Kat:3, Licht: 0","181672","3","1","0","10","12","4","","0","0","1","0","1"
"POINT (6.994327507000040 50.939307164000098)","Unfall 181676 (2022) Kat:2, Licht: 0","181676","2","6","6","10","18","2","","0","1","0","1","0"
"POINT (7.072278053000050 50.898386819999999)","Unfall 181692 (2022) Kat:3, Licht: 0","181692","3","6","1","10","16","4","","0","0","1","0","0"
"POINT (6.909193876000070 50.925879574000099)","Unfall 181694 (2022) Kat:3, Licht: 1","181694","3","5","2","10","07","6","","1","0","1","0","1"
"POINT (7.014541613000060 50.984406950999997)","Unfall 181701 (2022) Kat:3, Licht: 0","181701","3","6","4","10","12","3","","0","0","1","0","0"
"POINT (6.859921178000040 50.929799525000099)","Unfall 181705 (2022) Kat:3, Licht: 0","181705","3","7","7","10","14","2","","0","1","0","0","0"
"POINT (6.934060913000050 50.930515825999997)","Unfall 181714 (2022) Kat:3, Licht: 0","181714","3","1","0","10","12","6","","0","0","0","0","0"
"POINT (7.064804217000070 50.942434167000002)","Unfall 181717 (2022) Kat:3, Licht: 2","181717","3","2","6","10","07","4","","2","0","1","1","0"
"POINT (7.015871708000020 50.927454124000100)","Unfall 181719 (2022) Kat:3, Licht: 2","181719","3","1","0","10","20","6","","2","1","0","0","0"
"POINT (6.938646074000080 50.946277913000102)","Unfall 181750 (2022) Kat:3, Licht: 0","181750","3","6","4","10","10","3","","0","1","1","0","0"
"POINT (6.941550527000060 50.850275934000102)","Unfall 181793 (2022) Kat:3, Licht: 2","181793","3","1","9","10","06","6","","2","0","0","0","1"
"POINT (6.907779964000040 50.945299374000101)","Unfall 181797 (2022) Kat:3, Licht: 0","181797","3","2","4","10","12","4","","0","0","1","0","1"
"POINT (6.925795903000050 50.943239534000000)","Unfall 181802 (2022) Kat:3, Licht: 0","181802","3","2","0","10","13","2","","0","0","1","1","0"
"POINT (7.055211869000060 50.961786189000101)","Unfall 181807 (2022) Kat:3, Licht: 0","181807","3","1","4","10","09","6","","0","0","1","0","0"
"POINT (6.936681165000040 50.917928279000101)","Unfall 181810 (2022) Kat:3, Licht: 0","181810","3","6","0","10","07","4","","0","1","1","0","0"
"POINT (7.081748783000020 50.881306586000100)","Unfall 181833 (2022) Kat:3, Licht: 0","181833","3","3","5","10","10","2","","0","0","1","0","0"
"POINT (6.938166939000040 50.911783917000001)","Unfall 181840 (2022) Kat:3, Licht: 0","181840","3","2","4","10","12","6","","0","1","1","0","0"
"POINT (6.867878940000030 50.932155934000001)","Unfall 181858 (2022) Kat:2, Licht: 0","181858","2","2","5","10","16","6","","0","1","1","0","0"
"POINT (7.040306536000060 50.983370523000097)","Unfall 181874 (2022) Kat:3, Licht: 0","181874","3","3","5","10","16","7","","0","1","1","0","0"
"POINT (6.998029713000050 50.962800006000101)","Unfall 181880 (2022) Kat:3, Licht: 1","181880","3","1","0","10","07","2","","1","1","0","0","0"
"POINT (6.957637597000030 50.873478552000101)","Unfall 181881 (2022) Kat:3, Licht: 0","181881","3","3","5","10","09","4","","0","1","1","0","0"
"POINT (7.001748256000040 50.961749274000098)","Unfall 181884 (2022) Kat:3, Licht: 0","181884","3","5","4","10","13","7","","0","1","1","0","0"
"POINT (6.937186304000020 50.957380435000097)","Unfall 181891 (2022) Kat:3, Licht: 0","181891","3","6","6","10","17","4","","0","1","0","1","0"
"POINT (6.952764530000020 50.935892626000097)","Unfall 181893 (2022) Kat:3, Licht: 0","181893","3","1","0","10","10","6","","0","0","0","0","1"
"POINT (6.839050608000040 50.962307437000000)","Unfall 181905 (2022) Kat:3, Licht: 0","181905","3","3","5","10","17","2","","0","1","1","0","0"
"POINT (6.895510607000060 50.925537083999998)","Unfall 181914 (2022) Kat:3, Licht: 0","181914","3","6","4","10","11","3","","0","1","0","0","0"
"POINT (6.966764225000080 50.887603824000102)","Unfall 181916 (2022) Kat:3, Licht: 0","181916","3","6","4","10","13","4","","0","0","0","0","0"
"POINT (6.892212427000060 50.939686067000103)","Unfall 181917 (2022) Kat:3, Licht: 2","181917","3","1","0","10","19","4","","2","0","0","0","0"
"POINT (6.981201794000070 50.964027389000101)","Unfall 181927 (2022) Kat:3, Licht: 0","181927","3","6","1","10","15","3","","0","0","1","0","0"
"POINT (6.833108179000020 50.943555092000103)","Unfall 181931 (2022) Kat:3, Licht: 0","181931","3","2","2","10","16","7","","0","0","1","0","0"
"POINT (6.924172103000050 50.948054783000003)","Unfall 181946 (2022) Kat:3, Licht: 2","181946","3","1","0","10","01","7","","2","1","0","0","0"
"POINT (6.842789025000060 50.947244204000100)","Unfall 181952 (2022) Kat:3, Licht: 0","181952","3","5","0","10","10","2","","0","1","1","0","0"
"POINT (6.934751781000050 50.927691187000100)","Unfall 181954 (2022) Kat:3, Licht: 0","181954","3","1","0","10","14","6","","0","1","0","0","0"
"POINT (7.049598781000040 50.967398973000101)","Unfall 181957 (2022) Kat:3, Licht: 0","181957","3","1","4","10","17","7","","0","1","1","0","0"
"POINT (7.069556334000030 50.940202413000101)","Unfall 181958 (2022) Kat:3, Licht: 2","181958","3","1","7","10","23","2","","2","0","1","0","0"
"POINT (6.918457618000050 50.927978844000101)","Unfall 181961 (2022) Kat:3, Licht: 2","181961","3","3","5","10","07","3","","2","1","1","0","0"
"POINT (6.920985016000030 50.958295607000103)","Unfall 181981 (2022) Kat:3, Licht: 0","181981","3","7","0","10","16","3","","0","0","0","0","0"
"POINT (6.949559136000060 50.895475174000097)","Unfall 181983 (2022) Kat:3, Licht: 0","181983","3","3","5","10","17","3","","0","0","1","0","0"
"POINT (6.949726612000060 50.918927070999999)","Unfall 181988 (2022) Kat:3, Licht: 0","181988","3","6","8","10","08","4","","0","1","1","0","0"
"POINT (6.833037073000070 50.943590092000100)","Unfall 182000 (2022) Kat:3, Licht: 0","182000","3","6","2","10","10","5","","0","0","1","0","0"
"POINT (6.832997061000070 50.935669611999998)","Unfall 182006 (2022) Kat:2, Licht: 2","182006","2","2","6","10","20","7","","2","0","1","1","0"
"POINT (6.996043200000030 50.930287275000097)","Unfall 182010 (2022) Kat:3, Licht: 0","182010","3","3","5","10","14","3","","0","0","1","0","0"
"POINT (6.971091384000030 50.938534961000101)","Unfall 182014 (2022) Kat:3, Licht: 0","182014","3","3","5","10","13","1","","0","1","1","0","0"
"POINT (6.912495944000060 50.949679026000098)","Unfall 182027 (2022) Kat:3, Licht: 2","182027","3","6","2","10","19","5","","2","0","1","0","0"
"POINT (7.085543791000020 50.882666667000102)","Unfall 182031 (2022) Kat:2, Licht: 2","182031","2","1","0","10","20","1","","2","1","0","0","0"
"POINT (6.979469416000030 50.937089071000102)","Unfall 182051 (2022) Kat:3, Licht: 0","182051","3","6","6","10","09","6","","0","1","0","1","0"
"POINT (6.954149240000050 50.931705290000103)","Unfall 182053 (2022) Kat:3, Licht: 0","182053","3","6","2","10","18","4","","0","0","1","0","1"
"POINT (7.006957776000040 50.966710509999999)","Unfall 182067 (2022) Kat:3, Licht: 0","182067","3","3","5","10","10","7","","0","0","1","0","0"
"POINT (6.935122042000050 50.915847749000100)","Unfall 182072 (2022) Kat:3, Licht: 0","182072","3","6","1","10","12","7","","0","1","0","0","1"
"POINT (7.061777909000060 50.933085273000103)","Unfall 182078 (2022) Kat:3, Licht: 0","182078","3","3","5","10","11","3","","0","0","1","0","0"
"POINT (6.907425631000020 51.011776569000098)","Unfall 182089 (2022) Kat:3, Licht: 0","182089","3","1","9","10","12","4","","0","0","0","0","1"
"POINT (6.897841880000040 50.946032715000101)","Unfall 182102 (2022) Kat:3, Licht: 0","182102","3","2","3","10","08","4","","0","1","0","0","0"
"POINT (7.001620802000050 50.940882030000097)","Unfall 182116 (2022) Kat:3, Licht: 0","182116","3","2","4","10","07","6","","0","1","0","0","0"
"POINT (6.934796074000080 50.940685642000098)","Unfall 182117 (2022) Kat:3, Licht: 2","182117","3","1","0","10","01","5","","2","0","0","0","0"
"POINT (6.936292173000030 50.928574228999999)","Unfall 182136 (2022) Kat:3, Licht: 0","182136","3","4","6","10","12","7","","0","1","0","1","0"
"POINT (6.916896310000030 50.955055161000097)","Unfall 182139 (2022) Kat:2, Licht: 0","182139","2","2","6","10","10","5","","0","0","1","1","0"
"POINT (6.992735826000060 50.941066403000001)","Unfall 182155 (2022) Kat:3, Licht: 2","182155","3","1","2","10","06","6","","2","0","1","0","0"
"POINT (6.907779964000040 50.945299374000101)","Unfall 182170 (2022) Kat:3, Licht: 0","182170","3","2","5","10","09","2","","0","1","0","0","0"
"POINT (7.103849140000020 50.879102303000103)","Unfall 182184 (2022) Kat:2, Licht: 2","182184","2","1","9","11","21","6","","2","0","0","0","0"
"POINT (6.903926426000060 51.023634366000103)","Unfall 182186 (2022) Kat:3, Licht: 2","182186","3","2","5","11","20","3","","2","0","1","0","1"
"POINT (6.983851554000070 50.944386207999997)","Unfall 182187 (2022) Kat:3, Licht: 0","182187","3","1","0","10","13","6","","0","0","0","0","0"
"POINT (6.890404624000040 50.934480174000001)","Unfall 182188 (2022) Kat:3, Licht: 2","182188","3","3","5","11","17","5","","2","1","1","0","0"
"POINT (6.956801920000030 50.974154408000103)","Unfall 182210 (2022) Kat:3, Licht: 0","182210","3","2","3","10","17","3","","0","0","1","0","1"
"POINT (7.094116392000050 50.860276458000001)","Unfall 182223 (2022) Kat:3, Licht: 0","182223","3","1","8","10","10","4","","0","0","1","0","0"
"POINT (6.940556177000080 50.920545850000103)","Unfall 182235 (2022) Kat:3, Licht: 0","182235","3","5","1","11","14","4","","0","0","0","0","0"
"POINT (6.940866186000050 50.933835740000099)","Unfall 182272 (2022) Kat:3, Licht: 2","182272","3","2","6","11","18","4","","2","0","1","1","0"
"POINT (6.959384269000050 50.933577942000099)","Unfall 182275 (2022) Kat:3, Licht: 0","182275","3","6","3","10","09","4","","0","0","1","0","1"
"POINT (7.044322511000080 50.964396553000000)","Unfall 182276 (2022) Kat:3, Licht: 0","182276","3","2","6","10","07","5","","0","0","1","1","0"
"POINT (6.950317280000040 50.919487007000001)","Unfall 182283 (2022) Kat:3, Licht: 0","182283","3","6","2","11","13","4","","0","1","1","0","0"
"POINT (6.964360070000050 50.920053414000101)","Unfall 182285 (2022) Kat:3, Licht: 0","182285","3","1","8","11","12","5","","0","0","0","0","1"
"POINT (6.897813033000030 51.018983579000100)","Unfall 182291 (2022) Kat:3, Licht: 0","182291","3","2","5","11","16","5","","0","1","1","0","0"
"POINT (6.952214716000070 50.936202708000103)","Unfall 182292 (2022) Kat:3, Licht: 2","182292","3","1","0","10","18","2","","2","0","0","0","0"
"POINT (6.827250674000030 50.951719909000097)","Unfall 182311 (2022) Kat:3, Licht: 0","182311","3","1","0","10","16","4","","0","1","0","0","0"
"POINT (7.104077498000040 50.858003048999997)","Unfall 182355 (2022) Kat:3, Licht: 0","182355","3","4","6","11","07","3","","0","1","0","1","0"
"POINT (6.912495944000060 50.949679026000098)","Unfall 182368 (2022) Kat:3, Licht: 2","182368","3","3","5","11","21","6","","2","0","1","0","1"
"POINT (6.869203474000070 50.928764256000100)","Unfall 182382 (2022) Kat:3, Licht: 0","182382","3","3","5","10","09","6","","0","1","1","0","0"
"POINT (6.889888160000050 50.946863773000103)","Unfall 182395 (2022) Kat:3, Licht: 0","182395","3","3","5","11","13","7","","0","1","1","0","0"
"POINT (6.851822469000070 50.920873122000003)","Unfall 182417 (2022) Kat:3, Licht: 0","182417","3","2","2","11","15","4","","0","0","1","0","1"
"POINT (6.947473111000020 50.943252646000097)","Unfall 182422 (2022) Kat:3, Licht: 0","182422","3","2","5","10","14","1","","0","1","0","0","1"
"POINT (6.992423286000080 50.993316296000003)","Unfall 182425 (2022) Kat:3, Licht: 2","182425","3","7","0","11","21","2","","2","0","1","1","0"
"POINT (6.927767570000070 50.968847813000103)","Unfall 182435 (2022) Kat:3, Licht: 0","182435","3","4","6","11","17","1","","0","0","0","1","1"
"POINT (6.969334845000050 50.903705484000099)","Unfall 182452 (2022) Kat:3, Licht: 2","182452","3","1","0","11","19","2","","2","1","0","0","0"
"POINT (6.939596064000060 50.959526600000103)","Unfall 182462 (2022) Kat:3, Licht: 0","182462","3","6","3","10","14","4","","0","1","0","0","0"
"POINT (6.992576074000060 50.868789943000102)","Unfall 182465 (2022) Kat:3, Licht: 0","182465","3","7","1","11","15","3","","0","1","1","0","0"
"POINT (6.894057373000070 50.982398875999998)","Unfall 182468 (2022) Kat:2, Licht: 0","182468","2","3","0","11","08","2","","0","1","1","0","0"
"POINT (6.932732086000040 50.937884263999997)","Unfall 182478 (2022) Kat:3, Licht: 2","182478","3","1","0","11","01","1","","2","1","0","0","0"
"POINT (6.945487718000040 50.907237573000003)","Unfall 182485 (2022) Kat:3, Licht: 2","182485","3","5","1","11","19","4","","2","0","0","0","1"
"POINT (6.954547094000080 50.930876397000098)","Unfall 182493 (2022) Kat:3, Licht: 2","182493","3","6","3","11","19","5","","2","1","1","0","0"
"POINT (6.942995887000050 50.957108930000103)","Unfall 182502 (2022) Kat:3, Licht: 2","182502","3","6","4","11","06","1","","2","0","1","0","0"
"POINT (6.936339486000070 50.947213181000102)","Unfall 182509 (2022) Kat:3, Licht: 0","182509","3","2","5","11","07","3","","0","1","1","0","0"
"POINT (6.977721091000030 50.870082925000098)","Unfall 182510 (2022) Kat:2, Licht: 1","182510","2","3","5","10","08","6","","1","1","1","0","0"
"POINT (6.922883192000030 50.921466221999999)","Unfall 182522 (2022) Kat:2, Licht: 0","182522","2","5","3","10","13","7","","0","1","1","1","0"
"POINT (6.898476627000040 50.988540430999997)","Unfall 182526 (2022) Kat:3, Licht: 0","182526","3","7","5","10","11","1","","0","0","1","0","0"
"POINT (6.934481241000070 50.934027286000102)","Unfall 182537 (2022) Kat:3, Licht: 0","182537","3","7","0","10","11","4","","0","0","1","0","0"
"POINT (6.948366218000050 50.968329187999998)","Unfall 182542 (2022) Kat:1, Licht: 2","182542","1","7","6","11","18","2","","2","1","0","1","0"
"POINT (6.921355536000020 50.945344905000098)","Unfall 182555 (2022) Kat:3, Licht: 0","182555","3","6","2","11","15","6","","0","0","1","0","0"
"POINT (6.885878155000060 50.947218337999999)","Unfall 182562 (2022) Kat:2, Licht: 1","182562","2","1","0","10","07","5","","1","0","0","0","1"
"POINT (6.935617767000050 50.928180140000102)","Unfall 182563 (2022) Kat:3, Licht: 1","182563","3","1","0","10","07","2","","1","1","0","0","0"
"POINT (6.888102930000060 51.020523281000102)","Unfall 182583 (2022) Kat:3, Licht: 2","182583","3","7","0","11","17","3","","2","0","0","0","0"
"POINT (6.990758755000060 50.886176380000101)","Unfall 182585 (2022) Kat:2, Licht: 0","182585","2","2","4","10","11","6","","0","1","1","0","0"
"POINT (6.933397508000040 50.993962916000001)","Unfall 182590 (2022) Kat:2, Licht: 0","182590","2","4","6","11","16","5","","0","0","0","1","0"
"POINT (6.969031898000030 50.968659055000003)","Unfall 182599 (2022) Kat:3, Licht: 2","182599","3","3","5","11","17","5","","2","1","1","0","0"
"POINT (7.012263039000060 50.889368941999997)","Unfall 182602 (2022) Kat:3, Licht: 0","182602","3","3","0","10","09","6","","0","1","1","0","0"
"POINT (7.070005441000030 50.979141794999997)","Unfall 182606 (2022) Kat:3, Licht: 2","182606","3","5","0","11","20","3","","2","0","1","0","0"
"POINT (7.109323741000030 50.856213163000099)","Unfall 182608 (2022) Kat:3, Licht: 0","182608","3","6","2","10","12","6","","0","0","1","0","0"
"POINT (6.934673601000040 50.927658606000101)","Unfall 182618 (2022) Kat:3, Licht: 2","182618","3","1","0","11","23","4","","2","1","0","0","0"
"POINT (6.937777487000060 50.929433276000097)","Unfall 182623 (2022) Kat:3, Licht: 2","182623","3","1","0","10","22","5","","2","1","0","0","0"
"POINT (7.003479140000020 50.955620254999999)","Unfall 182630 (2022) Kat:3, Licht: 1","182630","3","6","3","10","08","4","","1","1","0","0","0"
"POINT (6.936932200000060 51.025807584000098)","Unfall 182632 (2022) Kat:3, Licht: 0","182632","3","6","4","11","09","3","","0","1","0","0","0"
"POINT (6.881667376000050 50.932486693000001)","Unfall 182643 (2022) Kat:2, Licht: 2","182643","2","1","0","11","21","4","","2","0","0","0","0"
"POINT (6.900414311000080 50.945883057000103)","Unfall 182644 (2022) Kat:3, Licht: 0","182644","3","3","5","11","11","5","","0","1","1","0","0"
"POINT (7.075637070000030 50.972041501000000)","Unfall 182657 (2022) Kat:3, Licht: 0","182657","3","7","6","11","16","4","","0","0","1","1","0"
"POINT (6.946835742000080 50.910046615000098)","Unfall 182664 (2022) Kat:3, Licht: 0","182664","3","7","5","10","10","2","","0","1","1","0","0"
"POINT (6.840686960000030 50.947058678000097)","Unfall 182665 (2022) Kat:3, Licht: 2","182665","3","2","3","11","20","5","","2","1","0","0","0"
"POINT (6.895408631000070 50.968442508000102)","Unfall 182671 (2022) Kat:3, Licht: 1","182671","3","3","0","11","16","6","","1","1","1","0","0"
"POINT (6.941185775000060 50.915783965999999)","Unfall 182681 (2022) Kat:3, Licht: 2","182681","3","1","0","11","00","3","","2","1","0","0","0"
"POINT (6.953021283000060 50.905758298000102)","Unfall 182685 (2022) Kat:2, Licht: 2","182685","2","1","0","10","01","1","","2","0","0","0","0"
"POINT (6.937873089000050 50.938334918000102)","Unfall 182693 (2022) Kat:3, Licht: 0","182693","3","6","4","11","14","4","","0","1","1","0","0"
"POINT (6.956933599000020 50.935980933000103)","Unfall 182694 (2022) Kat:3, Licht: 2","182694","3","1","0","11","20","4","","2","0","0","0","0"
"POINT (6.945540529000030 50.910331294999999)","Unfall 182697 (2022) Kat:3, Licht: 0","182697","3","4","6","10","17","4","","0","0","1","1","0"
"POINT (6.868662472000040 50.979018179999997)","Unfall 182710 (2022) Kat:3, Licht: 2","182710","3","2","0","10","19","2","","2","1","1","0","0"
"POINT (6.937466086000030 50.934189957000100)","Unfall 182715 (2022) Kat:3, Licht: 0","182715","3","7","0","10","10","5","","0","1","0","0","0"
"POINT (6.933210034000070 50.913450994000101)","Unfall 182725 (2022) Kat:3, Licht: 0","182725","3","6","2","10","17","6","","0","0","1","0","0"
"POINT (6.981201794000070 50.964027389000101)","Unfall 182741 (2022) Kat:3, Licht: 2","182741","3","6","2","10","18","2","","2","0","1","0","1"
"POINT (6.911945270000050 50.965190362999998)","Unfall 182770 (2022) Kat:3, Licht: 0","182770","3","2","5","10","09","3","","0","0","1","1","0"
"POINT (7.049664351000050 50.973704611000102)","Unfall 182771 (2022) Kat:3, Licht: 0","182771","3","3","5","10","13","4","","0","0","0","0","1"
"POINT (6.897637125000070 50.952743636000001)","Unfall 182792 (2022) Kat:3, Licht: 0","182792","3","2","0","10","12","2","","0","0","1","0","0"
"POINT (6.998092017000030 50.890529888000103)","Unfall 182830 (2022) Kat:3, Licht: 0","182830","3","5","3","10","17","3","","0","0","1","0","1"
"POINT (7.050507899000020 50.965010364000101)","Unfall 182831 (2022) Kat:2, Licht: 0","182831","2","4","6","10","16","4","","0","0","0","1","0"
"POINT (6.913540023000050 50.956401266999997)","Unfall 182832 (2022) Kat:3, Licht: 2","182832","3","7","5","11","18","6","","2","0","1","0","0"
"POINT (7.001565574000040 50.941405310999997)","Unfall 182840 (2022) Kat:3, Licht: 0","182840","3","4","6","10","14","2","","0","0","0","1","0"
"POINT (6.903951306000070 50.941992880000001)","Unfall 182882 (2022) Kat:3, Licht: 0","182882","3","5","1","11","10","3","","0","1","1","0","0"
"POINT (6.951387294000030 50.952914749000101)","Unfall 182894 (2022) Kat:3, Licht: 2","182894","3","1","0","11","00","3","","2","0","0","0","0"
"POINT (6.950840555000070 50.942588389000001)","Unfall 182907 (2022) Kat:3, Licht: 0","182907","3","6","2","11","13","5","","0","0","1","0","0"
"POINT (6.941460229000030 50.911196341000000)","Unfall 182913 (2022) Kat:3, Licht: 2","182913","3","1","0","11","20","5","","2","1","0","0","0"
"POINT (6.938119386000040 50.934343306000102)","Unfall 182935 (2022) Kat:3, Licht: 0","182935","3","6","3","11","09","7","","0","1","0","0","0"
"POINT (7.068152143000020 50.987911666000102)","Unfall 182950 (2022) Kat:2, Licht: 2","182950","2","1","8","11","19","5","","2","0","1","0","0"
"POINT (6.950675163000030 50.948849156000101)","Unfall 182961 (2022) Kat:3, Licht: 0","182961","3","1","7","11","10","6","","0","1","0","0","0"
"POINT (6.973478068000080 50.940524261000100)","Unfall 182980 (2022) Kat:3, Licht: 0","182980","3","7","2","11","13","3","","0","0","1","0","1"
"POINT (7.013133390000060 50.978923425000097)","Unfall 182982 (2022) Kat:3, Licht: 2","182982","3","7","0","11","18","3","","2","0","0","0","0"
"POINT (7.014340353000020 50.978350501000101)","Unfall 182987 (2022) Kat:3, Licht: 0","182987","3","6","2","10","11","5","","0","0","1","0","0"
"POINT (6.930104702000050 50.919699047000101)","Unfall 182996 (2022) Kat:3, Licht: 0","182996","3","1","0","11","07","6","","0","1","0","0","0"
"POINT (6.936365402000040 50.947156835000001)","Unfall 182999 (2022) Kat:3, Licht: 0","182999","3","2","0","10","09","1","","0","1","1","0","0"
"POINT (7.004376326000060 50.871427561000097)","Unfall 183000 (2022) Kat:3, Licht: 0","183000","3","2","5","11","08","5","","0","1","1","0","0"
"POINT (6.907414037000020 50.921624558000097)","Unfall 183001 (2022) Kat:3, Licht: 0","183001","3","3","5","10","15","2","","0","0","1","0","0"
"POINT (7.031461759000020 50.941776685999997)","Unfall 183003 (2022) Kat:3, Licht: 0","183003","3","1","6","10","16","1","","0","1","0","1","0"
"POINT (6.938567681000050 50.946310297000103)","Unfall 183012 (2022) Kat:3, Licht: 0","183012","3","6","0","10","08","6","","0","1","1","0","0"
"POINT (6.917348241000070 51.030803446999997)","Unfall 183050 (2022) Kat:3, Licht: 0","183050","3","2","5","11","15","5","","0","1","1","0","0"
"POINT (6.922490651000030 51.016403157000099)","Unfall 183051 (2022) Kat:2, Licht: 0","183051","2","1","0","10","10","2","","0","1","0","0","0"
"POINT (6.881667376000050 50.932486693000001)","Unfall 183053 (2022) Kat:3, Licht: 2","183053","3","6","2","10","18","1","","2","0","1","0","0"
"POINT (6.923069639000060 50.972494241000000)","Unfall 183068 (2022) Kat:3, Licht: 0","183068","3","2","0","11","08","4","","0","1","1","0","0"
"POINT (6.855857492000040 50.932318420999998)","Unfall 183069 (2022) Kat:3, Licht: 2","183069","3","1","7","11","20","4","","2","1","0","0","0"
"POINT (6.968454599000040 50.955690505000099)","Unfall 183070 (2022) Kat:3, Licht: 2","183070","3","6","3","11","17","5","","2","1","1","0","0"
"POINT (6.935500246000060 50.919627306999999)","Unfall 183076 (2022) Kat:3, Licht: 0","183076","3","6","3","11","15","5","","0","0","0","0","0"
"POINT (6.976060203000030 50.972654671000001)","Unfall 183077 (2022) Kat:3, Licht: 0","183077","3","2","5","10","16","2","","0","0","1","0","0"
"POINT (6.940083520000030 50.912522048000000)","Unfall 183087 (2022) Kat:3, Licht: 0","183087","3","2","4","11","09","4","","0","0","1","0","1"