WKT,Name,OBJECTID,UKATEGORIE,UTYP1,UART,UMONAT,USTUNDE,UWOCHENTAG,STRZUSTAND,ULICHTVERH,ISTRAD,ISTPKW,ISTFUSS,ISTKRAD
"POINT (6.853015963000080 50.936248690000099)","Unfall 183095 (2022) Kat:2, Licht: 0","183095","2","3","5","10","14","1","","0","1","1","0","0"
"POINT (6.956948583000040 50.920523773000099)","Unfall 183099 (2022) Kat:3, Licht: 0","183099","3","4","6","11","16","6","","0","0","0","1","0"
"POINT (6.947210744000070 50.914859164000099)","Unfall 183100 (2022) Kat:3, Licht: 0","183100","3","2","2","11","09","3","","0","0","1","0","0"
"POINT (6.932732328000040 50.937796477000099)","Unfall 183103 (2022) Kat:3, Licht: 0","183103","3","1","0","11","08","5","","0","1","0","0","0"
"POINT (7.049856333000040 50.951184500000103)","Unfall 183117 (2022) Kat:3, Licht: 0","183117","3","3","0","10","09","5","","0","1","1","0","0"
"POINT (6.960526198000030 50.918438927000103)","Unfall 183119 (2022) Kat:3, Licht: 0","183119","3","5","0","11","13","5","","0","0","1","0","0"
"POINT (6.954149240000050 50.931705290000103)","Unfall 183120 (2022) Kat:3, Licht: 2","183120","3","6","2","10","20","2","","2","0","1","0","0"
"POINT (6.873397837000030 50.936749826000003)","Unfall 183129 (2022) Kat:3, Licht: 0","183129","3","7","0","11","11","1","","0","1","0","0","0"
"POINT (6.939716859000040 50.917766673000102)","Unfall 183164 (2022) Kat:3, Licht: 0","183164","3","6","2","10","10","5","","0","0","1","0","1"
"POINT (6.899526355000030 50.970084624000002)","Unfall 183167 (2022) Kat:3, Licht: 0","183167","3","5","0","10","08","2","","0","1","1","0","0"
"POINT (7.037525086000070 50.900728174000101)","Unfall 183181 (2022) Kat:3, Licht: 1","183181","3","5","0","11","07","3","","1","0","1","0","1"
"POINT (6.951941879000060 50.945094924999999)","Unfall 183204 (2022) Kat:2, Licht: 2","183204","2","2","4","11","22","5","","2","0","1","0","1"
"POINT (6.926284132000030 50.916478961999999)","Unfall 183220 (2022) Kat:2, Licht: 2","183220","2","1","0","11","22","7","","2","0","0","0","0"
"POINT (6.953967120000070 50.938286234000003)","Unfall 183222 (2022) Kat:3, Licht: 2","183222","3","2","5","11","18","4","","2","1","1","0","0"
"POINT (6.945543324000030 50.979406494999999)","Unfall 183226 (2022) Kat:3, Licht: 2","183226","3","1","0","11","19","4","","2","1","0","0","0"
"POINT (7.022708663000060 50.925222562000002)","Unfall 183240 (2022) Kat:3, Licht: 0","183240","3","4","0","11","15","5","","0","0","0","1","0"
"POINT (6.959766227000050 50.974220862999999)","Unfall 183241 (2022) Kat:3, Licht: 2","183241","3","2","6","11","18","4","","2","0","1","1","0"
"POINT (6.940984315000040 50.914551156000101)","Unfall 183251 (2022) Kat:3, Licht: 0","183251","3","1","0","11","13","2","","0","1","0","0","0"
"POINT (6.917368910000050 50.928477329000003)","Unfall 183257 (2022) Kat:3, Licht: 0","183257","3","3","5","11","14","3","","0","1","0","0","1"
"POINT (6.904147531000040 50.996373425999998)","Unfall 183281 (2022) Kat:3, Licht: 2","183281","3","5","0","11","18","4","","2","0","1","0","1"
"POINT (6.929081316000070 50.921476364000100)","Unfall 183288 (2022) Kat:3, Licht: 0","183288","3","2","5","12","08","6","","0","1","1","0","0"
"POINT (6.969306159000040 50.938499931000102)","Unfall 183289 (2022) Kat:3, Licht: 2","183289","3","1","0","11","17","5","","2","1","0","0","0"
"POINT (7.012776232000020 50.977148159000102)","Unfall 183297 (2022) Kat:2, Licht: 2","183297","2","7","0","11","05","7","","2","0","1","1","0"
"POINT (6.999844076000040 50.941579526000098)","Unfall 183309 (2022) Kat:3, Licht: 0","183309","3","4","6","11","13","2","","0","0","0","1","1"
"POINT (7.060039085000030 50.922823168999997)","Unfall 183311 (2022) Kat:3, Licht: 2","183311","3","6","2","11","18","3","","2","0","1","0","0"
"POINT (7.005317656000050 50.951089988000000)","Unfall 183316 (2022) Kat:3, Licht: 2","183316","3","3","0","11","18","4","","2","1","1","0","0"
"POINT (6.990673640000070 50.896682656999999)","Unfall 183329 (2022) Kat:3, Licht: 0","183329","3","5","1","11","10","4","","0","0","1","0","0"
"POINT (6.892564268000060 50.996069994000003)","Unfall 183338 (2022) Kat:3, Licht: 0","183338","3","6","2","11","12","7","","0","0","1","0","0"
"POINT (6.947553910000070 50.870523028000001)","Unfall 183367 (2022) Kat:1, Licht: 0","183367","1","7","6","11","09","6","","0","0","0","1","0"
"POINT (6.926977831000040 50.924048761999998)","Unfall 183372 (2022) Kat:3, Licht: 2","183372","3","4","6","11","20","1","","2","0","1","1","0"
"POINT (6.958343692000030 50.961476689000101)","Unfall 183385 (2022) Kat:3, Licht: 2","183385","3","5","0","11","19","2","","2","0","1","0","1"
"POINT (7.010795802000080 50.864149300000101)","Unfall 183390 (2022) Kat:3, Licht: 2","183390","3","3","0","11","21","4","","2","1","1","0","0"
"POINT (6.911724940000060 50.952206666999999)","Unfall 183392 (2022) Kat:3, Licht: 0","183392","3","3","5","11","15","3","","0","1","1","0","0"
"POINT (6.940763270000050 50.918973091000097)","Unfall 183399 (2022) Kat:3, Licht: 0","183399","3","3","5","11","15","2","","0","0","1","0","0"
"POINT (7.060637629000040 50.924764377000002)","Unfall 183402 (2022) Kat:3, Licht: 0","183402","3","6","2","11","13","4","","0","0","1","0","0"
"POINT (7.026461892000040 51.006712243000003)","Unfall 183407 (2022) Kat:3, Licht: 2","183407","3","3","5","11","19","3","","2","1","1","0","0"
"POINT (6.958430770000060 50.944629205000098)","Unfall 183414 (2022) Kat:3, Licht: 0","183414","3","3","5","11","08","6","","0","0","1","0","0"
"POINT (6.960950017000070 50.977171811000098)","Unfall 183438 (2022) Kat:2, Licht: 0","183438","2","4","6","11","07","4","","0","0","1","1","0"
"POINT (6.831693202000050 50.946098952000099)","Unfall 183441 (2022) Kat:3, Licht: 0","183441","3","1","4","11","15","5","","0","1","1","0","0"
"POINT (7.031197661000020 50.922645330000101)","Unfall 183444 (2022) Kat:3, Licht: 0","183444","3","3","3","11","15","4","","0","1","0","0","0"
"POINT (7.049203264000030 50.896120785000100)","Unfall 183453 (2022) Kat:2, Licht: 2","183453","2","1","8","11","18","4","","2","0","0","0","0"
"POINT (6.983594873000070 50.943829773000097)","Unfall 183457 (2022) Kat:3, Licht: 2","183457","3","1","0","11","01","1","","2","1","0","0","0"
"POINT (6.852936816000070 50.942213583000097)","Unfall 183461 (2022) Kat:3, Licht: 1","183461","3","3","5","11","07","3","","1","1","1","0","0"
"POINT (6.866424426000040 50.936067202000103)","Unfall 183469 (2022) Kat:3, Licht: 0","183469","3","2","5","11","09","6","","0","0","1","0","0"
"POINT (6.959766585000070 50.940368784999997)","Unfall 183471 (2022) Kat:3, Licht: 2","183471","3","7","0","11","18","3","","2","0","0","0","0"
"POINT (6.905400782000070 50.959424721000097)","Unfall 183477 (2022) Kat:3, Licht: 2","183477","3","2","5","11","06","2","","2","1","1","0","0"
"POINT (6.925188651000040 50.891444047000000)","Unfall 183501 (2022) Kat:3, Licht: 1","183501","3","5","2","11","16","7","","1","0","1","0","0"
"POINT (6.955883160000040 50.902807520000103)","Unfall 183512 (2022) Kat:3, Licht: 0","183512","3","2","5","11","12","1","","0","1","1","0","0"
"POINT (6.932779986000070 50.926991363000099)","Unfall 183517 (2022) Kat:3, Licht: 2","183517","3","1","0","11","23","3","","2","1","0","0","0"
"POINT (6.939523075000070 50.929501905999999)","Unfall 183521 (2022) Kat:3, Licht: 2","183521","3","1","2","11","02","7","","2","1","0","0","0"
"POINT (6.939823703000060 50.929968847000097)","Unfall 183524 (2022) Kat:3, Licht: 0","183524","3","6","2","11","11","2","","0","1","1","0","0"
"POINT (6.955746708000050 50.916942074000097)","Unfall 183570 (2022) Kat:3, Licht: 1","183570","3","1","0","11","16","2","","1","1","0","0","0"
"POINT (6.889888160000050 50.946863773000103)","Unfall 183578 (2022) Kat:1, Licht: 0","183578","1","3","5","11","15","4","","0","1","1","0","0"
"POINT (6.945562130000040 50.910824494000103)","Unfall 183582 (2022) Kat:3, Licht: 2","183582","3","1","0","11","03","1","","2","1","0","0","0"
"POINT (7.100084323000030 50.857217357000103)","Unfall 183587 (2022) Kat:3, Licht: 1","183587","3","1","1","11","18","6","","1","0","1","0","0"
"POINT (6.942996761000070 50.935149864000003)","Unfall 183588 (2022) Kat:3, Licht: 0","183588","3","1","0","11","09","4","","0","1","0","0","0"
"POINT (7.105311161000030 50.882702648000098)","Unfall 183599 (2022) Kat:3, Licht: 0","183599","3","6","2","11","10","4","","0","0","1","0","0"
"POINT (6.940635698000050 50.919243429000097)","Unfall 183608 (2022) Kat:3, Licht: 0","183608","3","1","0","11","12","2","","0","1","0","0","0"
"POINT (6.946471090000050 50.980750450000102)","Unfall 183609 (2022) Kat:2, Licht: 2","183609","2","2","6","11","17","1","","2","0","1","1","0"
"POINT (6.955366899000070 50.927124253999999)","Unfall 183615 (2022) Kat:3, Licht: 2","183615","3","3","5","11","17","3","","2","1","1","0","0"
"POINT (7.065858919000050 50.980696776000102)","Unfall 183648 (2022) Kat:3, Licht: 0","183648","3","7","0","11","08","2","","0","0","1","1","0"
"POINT (6.940525502000070 50.920465917000101)","Unfall 183664 (2022) Kat:2, Licht: 2","183664","2","1","0","11","22","3","","2","0","0","0","1"
"POINT (6.947269710000060 50.997899641000103)","Unfall 183672 (2022) Kat:3, Licht: 2","183672","3","6","2","12","18","6","","2","0","1","0","0"
"POINT (6.955277495000080 50.951596137000102)","Unfall 183676 (2022) Kat:3, Licht: 2","183676","3","2","5","11","18","6","","2","1","1","0","0"
"POINT (6.973451686000030 50.940139004999999)","Unfall 183679 (2022) Kat:3, Licht: 2","183679","3","6","6","11","20","1","","2","0","1","1","0"
"POINT (6.933717935000060 50.940662945000000)","Unfall 183703 (2022) Kat:3, Licht: 0","183703","3","1","0","11","14","1","","0","1","0","0","0"
"POINT (7.067482385000060 50.894555453000102)","Unfall 183712 (2022) Kat:3, Licht: 0","183712","3","3","0","11","08","4","","0","1","1","0","0"
"POINT (6.947210744000070 50.914859164000099)","Unfall 183717 (2022) Kat:3, Licht: 0","183717","3","2","3","11","07","3","","0","1","1","0","0"
"POINT (6.937706502000030 50.965065684000102)","Unfall 183719 (2022) Kat:2, Licht: 2","183719","2","6","4","11","01","4","","2","1","0","0","0"
"POINT (6.974414448000060 50.931198903000102)","Unfall 183724 (2022) Kat:3, Licht: 0","183724","3","3","5","11","15","7","","0","1","1","0","0"
"POINT (6.877128494000030 50.948832534000097)","Unfall 183726 (2022) Kat:3, Licht: 0","183726","3","1","0","12","15","6","","0","1","0","0","0"
"POINT (7.067482385000060 50.894555453000102)","Unfall 183746 (2022) Kat:3, Licht: 2","183746","3","2","0","11","19","2","","2","1","1","0","0"
"POINT (7.083638492000030 50.941885921999997)","Unfall 183754 (2022) Kat:3, Licht: 0","183754","3","7","0","11","10","4","","0","1","0","0","0"
"POINT (7.067896193000020 50.986556565999997)","Unfall 183768 (2022) Kat:3, Licht: 0","183768","3","3","5","12","11","5","","0","1","1","0","0"
"POINT (6.954040717000050 50.939120573000103)","Unfall 183774 (2022) Kat:3, Licht: 0","183774","3","7","6","12","15","7","","0","0","1","1","0"
"POINT (7.010340387000040 50.980441572000103)","Unfall 183782 (2022) Kat:3, Licht: 2","183782","3","6","9","11","18","2","","2","1","1","0","0"
"POINT (6.962005576000020 50.941966305999998)","Unfall 183788 (2022) Kat:3, Licht: 1","183788","3","7","1","11","17","3","","1","0","1","0","1"
"POINT (6.890927360000030 50.976996960000101)","Unfall 183792 (2022) Kat:3, Licht: 0","183792","3","2","4","11","08","3","","0","0","1","0","1"
"POINT (7.123595005000030 50.874187706000001)","Unfall 183806 (2022) Kat:3, Licht: 0","183806","3","1","8","11","08","1","","0","0","1","0","0"
"POINT (7.061616126000050 50.967741285000002)","Unfall 183809 (2022) Kat:2, Licht: 2","183809","2","2","6","11","17","4","","2","0","0","1","0"
"POINT (6.948579957000050 50.917016992000100)","Unfall 183825 (2022) Kat:3, Licht: 2","183825","3","6","0","11","17","3","","2","1","0","0","0"
"POINT (7.002301877000040 50.977096836000001)","Unfall 183832 (2022) Kat:3, Licht: 2","183832","3","2","5","11","06","5","","2","1","0","0","0"
"POINT (7.040306536000060 50.983370523000097)","Unfall 183836 (2022) Kat:3, Licht: 1","183836","3","2","5","11","16","4","","1","1","1","0","0"
"POINT (7.015994805000050 50.955670173000001)","Unfall 183840 (2022) Kat:3, Licht: 0","183840","3","1","8","11","13","3","","0","0","0","0","0"
"POINT (6.955989591000050 50.949525633000100)","Unfall 183852 (2022) Kat:3, Licht: 0","183852","3","5","1","11","19","4","","0","0","1","0","0"
"POINT (6.955224191000070 50.929826528000000)","Unfall 183867 (2022) Kat:2, Licht: 0","183867","2","6","1","11","13","4","","0","0","1","0","1"
"POINT (6.907949830000060 50.945289129999999)","Unfall 183871 (2022) Kat:3, Licht: 0","183871","3","2","5","11","09","4","","0","1","1","0","0"
"POINT (6.899662850000030 51.012717594999998)","Unfall 183883 (2022) Kat:3, Licht: 1","183883","3","2","5","12","16","6","","1","1","1","0","0"
"POINT (6.917987213000060 50.928649550999999)","Unfall 183899 (2022) Kat:2, Licht: 2","183899","2","3","5","11","18","3","","2","1","0","0","0"
"POINT (6.975980112000060 50.972633897999998)","Unfall 183906 (2022) Kat:2, Licht: 2","183906","2","3","5","11","17","4","","2","1","1","0","0"
"POINT (6.933915936000060 50.951793201000001)","Unfall 183907 (2022) Kat:3, Licht: 2","183907","3","6","2","11","19","2","","2","0","1","0","0"
"POINT (7.008861082000070 50.965901099000099)","Unfall 183918 (2022) Kat:3, Licht: 2","183918","3","5","4","11","06","4","","2","1","1","0","0"
"POINT (6.916906990000030 50.953256379000003)","Unfall 183931 (2022) Kat:3, Licht: 0","183931","3","1","6","11","13","5","","0","0","0","1","0"
"POINT (6.926048388000030 50.916638146000103)","Unfall 183947 (2022) Kat:3, Licht: 1","183947","3","2","4","11","17","3","","1","1","0","0","0"
"POINT (6.920509463000030 50.913725282000001)","Unfall 183949 (2022) Kat:3, Licht: 0","183949","3","1","0","11","13","2","","0","1","0","0","0"
"POINT (6.919377102000060 50.921411092000000)","Unfall 183952 (2022) Kat:3, Licht: 0","183952","3","5","1","11","10","2","","0","1","1","0","0"
"POINT (6.905170345000040 50.953648211000001)","Unfall 183979 (2022) Kat:2, Licht: 0","183979","2","4","6","11","14","3","","0","0","1","1","0"
"POINT (7.050465648000060 50.946701031000003)","Unfall 183995 (2022) Kat:3, Licht: 2","183995","3","2","6","11","17","2","","2","0","1","1","0"
"POINT (6.948068522000030 50.922218966999999)","Unfall 184002 (2022) Kat:3, Licht: 2","184002","3","5","1","11","21","3","","2","1","1","0","0"
"POINT (7.067275179000030 50.914039498000101)","Unfall 184011 (2022) Kat:3, Licht: 2","184011","3","1","8","11","22","4","","2","0","1","0","0"
"POINT (6.929377706000030 50.954325663000098)","Unfall 184039 (2022) Kat:3, Licht: 2","184039","3","7","6","11","18","7","","2","1","0","1","0"
"POINT (7.079709644000050 50.859446237999997)","Unfall 184045 (2022) Kat:3, Licht: 2","184045","3","4","6","11","07","2","","2","0","1","1","0"
"POINT (6.951675055000070 50.922094233999999)","Unfall 184047 (2022) Kat:3, Licht: 2","184047","3","1","0","12","02","7","","2","0","0","0","0"
"POINT (6.948923640000030 51.022462335999997)","Unfall 184053 (2022) Kat:3, Licht: 2","184053","3","3","5","11","22","3","","2","0","0","0","1"
"POINT (6.977050141000060 50.967404592999998)","Unfall 184056 (2022) Kat:3, Licht: 1","184056","3","4","6","11","08","3","","1","1","0","1","0"
"POINT (7.018364297000060 50.965285542000103)","Unfall 184070 (2022) Kat:2, Licht: 2","184070","2","3","5","11","22","5","","2","0","1","0","1"
"POINT (6.856190135000080 50.939469811000002)","Unfall 184089 (2022) Kat:3, Licht: 2","184089","3","6","2","11","17","4","","2","0","1","0","0"
"POINT (7.059008542000070 50.897283432000101)","Unfall 184094 (2022) Kat:2, Licht: 0","184094","2","7","8","11","07","7","","0","0","1","0","0"
"POINT (6.898470011000030 50.916088787000000)","Unfall 184097 (2022) Kat:3, Licht: 2","184097","3","2","1","11","18","4","","2","0","1","0","0"
"POINT (6.977298136000060 50.965635366000100)","Unfall 184101 (2022) Kat:3, Licht: 0","184101","3","3","5","11","07","4","","0","0","1","0","0"
"POINT (6.981626349000070 50.874945777000100)","Unfall 184113 (2022) Kat:3, Licht: 2","184113","3","7","1","11","18","6","","2","0","1","0","1"
"POINT (6.923509169000060 50.916866726000102)","Unfall 184114 (2022) Kat:3, Licht: 0","184114","3","5","0","11","08","5","","0","1","1","0","0"
"POINT (6.948744713000050 50.934342410000099)","Unfall 184118 (2022) Kat:3, Licht: 0","184118","3","5","1","11","10","3","","0","1","1","0","0"
"POINT (7.021391977000060 50.935940971000001)","Unfall 184123 (2022) Kat:3, Licht: 1","184123","3","5","1","11","16","4","","1","0","1","0","0"
"POINT (6.872141380000070 50.962073496000102)","Unfall 184124 (2022) Kat:3, Licht: 0","184124","3","5","0","11","15","2","","0","0","1","0","1"
"POINT (7.085347767000030 50.863133243999997)","Unfall 184145 (2022) Kat:3, Licht: 0","184145","3","1","0","11","13","3","","0","0","0","0","1"
"POINT (6.945493298000030 50.927743763000102)","Unfall 184147 (2022) Kat:3, Licht: 2","184147","3","1","0","11","03","7","","2","0","0","0","0"
"POINT (6.928966612000070 50.921641082000100)","Unfall 184151 (2022) Kat:3, Licht: 0","184151","3","1","0","11","11","4","","0","1","0","0","0"
"POINT (6.908015018000070 50.945285199000097)","Unfall 184164 (2022) Kat:2, Licht: 2","184164","2","2","6","11","22","1","","2","0","1","1","0"
"POINT (6.927174005000040 50.919872867999999)","Unfall 184170 (2022) Kat:3, Licht: 0","184170","3","1","0","11","09","2","","0","1","0","0","0"
"POINT (6.929423608000040 50.949848760000101)","Unfall 184186 (2022) Kat:2, Licht: 2","184186","2","1","0","11","02","5","","2","1","0","0","0"
"POINT (6.942317888000050 50.936894782000103)","Unfall 184217 (2022) Kat:3, Licht: 2","184217","3","3","5","11","18","2","","2","0","1","0","1"
"POINT (6.934814058000030 50.941115383000103)","Unfall 184231 (2022) Kat:3, Licht: 2","184231","3","6","3","11","19","7","","2","1","1","0","0"
"POINT (6.883974570000020 50.969069017000002)","Unfall 184233 (2022) Kat:3, Licht: 2","184233","3","5","5","11","20","6","","2","0","1","0","1"
"POINT (6.938743198000050 50.904543547000102)","Unfall 184235 (2022) Kat:3, Licht: 0","184235","3","3","5","11","13","5","","0","0","1","0","0"
"POINT (6.958441615000030 50.905750119000103)","Unfall 184254 (2022) Kat:3, Licht: 0","184254","3","6","2","11","13","1","","0","0","1","0","1"
"POINT (6.912578236000060 50.996353233999997)","Unfall 184262 (2022) Kat:2, Licht: 2","184262","2","3","5","11","17","3","","2","0","1","0","1"
"POINT (7.032573223000040 50.981167597000102)","Unfall 184265 (2022) Kat:3, Licht: 0","184265","3","2","4","11","16","7","","0","1","1","0","0"
"POINT (6.915452385000040 50.931726341999997)","Unfall 184272 (2022) Kat:3, Licht: 2","184272","3","6","4","11","18","3","","2","1","1","0","0"
"POINT (6.919328063000020 50.951338769000103)","Unfall 184276 (2022) Kat:3, Licht: 0","184276","3","5","5","11","09","7","","0","0","1","0","0"
"POINT (6.926625182000070 50.923935261000103)","Unfall 184283 (2022) Kat:3, Licht: 2","184283","3","1","0","12","04","7","","2","1","0","0","0"
"POINT (6.880316231000050 51.022254775000100)","Unfall 184322 (2022) Kat:3, Licht: 0","184322","3","2","5","12","09","7","","0","0","1","0","1"
"POINT (6.909688340000060 50.931392459999998)","Unfall 184323 (2022) Kat:3, Licht: 0","184323","3","2","4","12","09","2","","0","1","1","0","0"
"POINT (6.930667850000020 50.914532938000001)","Unfall 184349 (2022) Kat:3, Licht: 0","184349","3","6","4","12","09","2","","0","0","1","0","0"
"POINT (7.011003256000040 50.967865199000101)","Unfall 184392 (2022) Kat:3, Licht: 2","184392","3","5","1","12","17","3","","2","1","1","0","0"
"POINT (6.904287282000040 50.951486844000001)","Unfall 184410 (2022) Kat:3, Licht: 1","184410","3","7","0","12","07","3","","1","0","0","0","0"
"POINT (6.840159484000030 50.950547032000003)","Unfall 184438 (2022) Kat:3, Licht: 0","184438","3","3","5","12","12","3","","0","1","1","0","0"
"POINT (7.004533666000040 50.952910793000100)","Unfall 184453 (2022) Kat:3, Licht: 1","184453","3","7","5","12","16","6","","1","0","1","0","0"
"POINT (6.945202543000050 50.943784905000001)","Unfall 184487 (2022) Kat:3, Licht: 2","184487","3","7","5","12","22","5","","2","1","1","0","0"
"POINT (6.953336298000070 50.948945205000001)","Unfall 184491 (2022) Kat:3, Licht: 0","184491","3","5","1","12","09","5","","0","1","1","0","0"
"POINT (7.040096956000070 50.917219076000002)","Unfall 184492 (2022) Kat:3, Licht: 0","184492","3","1","8","12","11","6","","0","0","1","0","0"
"POINT (6.948383541000060 50.964366066000103)","Unfall 184505 (2022) Kat:3, Licht: 2","184505","3","5","1","12","16","4","","2","0","1","0","0"
"POINT (7.075216355000070 50.893083861999997)","Unfall 184516 (2022) Kat:3, Licht: 2","184516","3","3","5","12","15","5","","2","0","1","0","0"
"POINT (7.032165640000070 50.970946761000100)","Unfall 184559 (2022) Kat:2, Licht: 0","184559","2","2","4","12","15","7","","0","0","1","0","0"
"POINT (7.001780058000070 50.921220933000001)","Unfall 184576 (2022) Kat:2, Licht: 0","184576","2","3","5","12","15","4","","0","1","0","0","0"
"POINT (6.968978210000050 50.971409297000001)","Unfall 184584 (2022) Kat:1, Licht: 0","184584","1","3","0","12","13","6","","0","1","0","0","0"
"POINT (7.047216288000070 50.945464299999998)","Unfall 184589 (2022) Kat:3, Licht: 0","184589","3","3","5","12","11","6","","0","1","1","0","0"
"POINT (6.890999516000020 50.969029985000098)","Unfall 184598 (2022) Kat:3, Licht: 0","184598","3","3","5","12","13","2","","0","1","1","0","0"
"POINT (7.004494109000060 50.945731346000102)","Unfall 184600 (2022) Kat:2, Licht: 0","184600","2","7","0","12","12","3","","0","0","1","0","1"
"POINT (6.920796430000050 50.953564051999997)","Unfall 184602 (2022) Kat:3, Licht: 2","184602","3","1","0","12","21","5","","2","1","0","0","0"
"POINT (6.889440183000030 50.955365979000099)","Unfall 184607 (2022) Kat:3, Licht: 0","184607","3","3","5","12","09","7","","0","1","1","0","0"
"POINT (6.892495805000070 51.015495414000000)","Unfall 184609 (2022) Kat:3, Licht: 1","184609","3","2","6","12","16","2","","1","0","1","1","0"
"POINT (6.936371657000050 50.947114935000101)","Unfall 184629 (2022) Kat:3, Licht: 0","184629","3","2","0","12","15","5","","0","1","1","0","0"
"POINT (6.992385012000060 50.987736140999999)","Unfall 184630 (2022) Kat:3, Licht: 0","184630","3","2","0","12","12","7","","0","1","1","0","0"
"POINT (7.016018737000020 50.880380407000096)","Unfall 184680 (2022) Kat:1, Licht: 2","184680","1","2","4","12","17","7","","2","1","1","0","0"
"POINT (6.939229969000050 50.969531013999998)","Unfall 184728 (2022) Kat:3, Licht: 0","184728","3","2","5","12","15","7","","0","0","1","0","0"
"POINT (6.985299591000060 50.937836756000102)","Unfall 184729 (2022) Kat:3, Licht: 2","184729","3","2","4","12","19","2","","2","1","1","0","0"
"POINT (7.113633333000050 50.879690891000102)","Unfall 184734 (2022) Kat:3, Licht: 2","184734","3","3","4","12","00","4","","2","0","1","0","0"
"POINT (6.977073115000050 50.965840278000002)","Unfall 184756 (2022) Kat:3, Licht: 0","184756","3","5","1","12","12","3","","0","0","1","0","0"
"POINT (6.901680277000030 50.952112053000100)","Unfall 184762 (2022) Kat:2, Licht: 2","184762","2","1","0","12","01","7","","2","1","0","0","0"
"POINT (6.936339486000070 50.947213181000102)","Unfall 184769 (2022) Kat:3, Licht: 0","184769","3","2","5","12","13","7","","0","1","1","0","0"
"POINT (6.977867425000060 50.970240586000003)","Unfall 184792 (2022) Kat:3, Licht: 0","184792","3","6","1","12","14","3","","0","0","1","0","1"
"POINT (6.966344053000060 50.898382634000001)","Unfall 184803 (2022) Kat:3, Licht: 2","184803","3","3","0","12","16","5","","2","0","1","0","1"
"POINT (6.962652665000060 50.936734985000001)","Unfall 184806 (2022) Kat:3, Licht: 0","184806","3","1","0","12","12","5","","0","1","0","0","0"
"POINT (6.978618329000030 50.937233279000097)","Unfall 184807 (2022) Kat:2, Licht: 2","184807","2","1","0","12","03","5","","2","0","0","0","0"
"POINT (7.001438728000040 50.943821591000102)","Unfall 184816 (2022) Kat:2, Licht: 2","184816","2","1","0","12","01","4","","2","0","0","0","0"
"POINT (6.896260271000070 51.019708033000001)","Unfall 184819 (2022) Kat:3, Licht: 0","184819","3","2","6","12","09","2","","0","0","1","1","0"
"POINT (7.000119507000020 50.964927867000000)","Unfall 184855 (2022) Kat:3, Licht: 2","184855","3","1","0","12","22","5","","2","0","0","0","1"
"POINT (6.972844547000020 50.977049493999999)","Unfall 184872 (2022) Kat:3, Licht: 0","184872","3","2","5","12","11","1","","0","0","1","0","0"
"POINT (6.997579721000020 50.876934633000097)","Unfall 184881 (2022) Kat:3, Licht: 2","184881","3","2","4","12","06","6","","2","1","1","0","0"
"POINT (7.057355073000050 50.888905248000100)","Unfall 184883 (2022) Kat:3, Licht: 2","184883","3","4","6","12","07","3","","2","0","1","1","0"
"POINT (6.952692770000060 50.962745573000099)","Unfall 184899 (2022) Kat:3, Licht: 0","184899","3","7","6","12","15","5","","0","0","1","1","0"
"POINT (6.924086827000050 50.936556950000103)","Unfall 184907 (2022) Kat:3, Licht: 0","184907","3","7","6","12","07","4","","0","1","0","1","0"
"POINT (7.049477080000030 50.942802254000100)","Unfall 184911 (2022) Kat:3, Licht: 0","184911","3","2","2","12","12","5","","0","0","1","0","0"
"POINT (6.993474174000030 50.939195963000003)","Unfall 184916 (2022) Kat:3, Licht: 0","184916","3","6","1","12","12","1","","0","0","1","0","0"
"POINT (6.953109964000020 50.938341611000098)","Unfall 184936 (2022) Kat:3, Licht: 2","184936","3","3","5","12","22","3","","2","0","1","0","0"
"POINT (6.949094183000060 50.917928006000103)","Unfall 184946 (2022) Kat:3, Licht: 2","184946","3","6","3","12","21","5","","2","0","1","0","1"
"POINT (6.926328184000060 50.924924085000001)","Unfall 184964 (2022) Kat:3, Licht: 0","184964","3","1","0","12","10","6","","0","1","0","0","0"
"POINT (6.879292377000070 51.008751287000102)","Unfall 184965 (2022) Kat:3, Licht: 0","184965","3","1","0","12","10","5","","0","0","0","0","1"
"POINT (6.897149999000020 50.977615236000098)","Unfall 184967 (2022) Kat:3, Licht: 2","184967","3","6","2","12","19","3","","2","0","1","0","0"
"POINT (7.018877946000030 50.929816997000003)","Unfall 184969 (2022) Kat:3, Licht: 0","184969","3","5","4","12","14","2","","0","0","1","0","0"
"POINT (7.063090322000050 50.890624914000099)","Unfall 184972 (2022) Kat:2, Licht: 2","184972","2","3","5","12","21","7","","2","1","1","0","0"
"POINT (6.909510116000040 50.957971776000100)","Unfall 184973 (2022) Kat:3, Licht: 0","184973","3","3","5","12","15","2","","0","1","0","0","1"
"POINT (6.944663261000070 50.925986150000000)","Unfall 184979 (2022) Kat:3, Licht: 0","184979","3","1","0","12","10","6","","0","1","0","0","0"
"POINT (7.054042941000030 50.941784929000100)","Unfall 185004 (2022) Kat:3, Licht: 2","185004","3","3","5","12","07","5","","2","1","1","0","0"