WKT,Name,OBJECTID,UKATEGORIE,UTYP1,UART,UMONAT,USTUNDE,UWOCHENTAG,STRZUSTAND,ULICHTVERH,ISTRAD,ISTPKW,ISTFUSS,ISTKRAD
"POINT (6.926222274000050 50.994714391000102)","Unfall 185037 (2022) Kat:3, Licht: 2","185037","3","2","5","12","19","7","","2","0","1","0","0"
"POINT (6.940904551000070 50.913859604000002)","Unfall 185039 (2022) Kat:3, Licht: 0","185039","3","6","2","12","14","2","","0","0","1","0","0"
"POINT (6.907932358000040 50.957881821999997)","Unfall 185052 (2022) Kat:3, Licht: 2","185052","3","5","1","12","17","5","","2","1","1","0","0"
"POINT (6.938166939000040 50.911783917000001)","Unfall 185057 (2022) Kat:3, Licht: 0","185057","3","3","5","12","09","3","","0","1","1","0","0"
"POINT (6.929396811000060 50.960651419000001)","Unfall 185073 (2022) Kat:3, Licht: 0","185073","3","6","2","12","07","4","","0","0","1","0","0"
"POINT (6.944463209000050 50.913589075000097)","Unfall 185075 (2022) Kat:3, Licht: 0","185075","3","3","5","12","11","6","","0","1","1","0","0"
"POINT (6.994419045000030 50.934935142000000)","Unfall 185088 (2022) Kat:3, Licht: 0","185088","3","7","1","12","11","5","","0","0","0","0","0"
"POINT (6.892495805000070 51.015495414000000)","Unfall 185089 (2022) Kat:3, Licht: 0","185089","3","3","5","12","10","2","","0","1","1","0","0"
"POINT (6.940418043000020 50.923047666999999)","Unfall 185090 (2022) Kat:3, Licht: 2","185090","3","1","0","12","19","7","","2","1","0","0","0"
"POINT (6.945061745000030 50.947182423000100)","Unfall 185099 (2022) Kat:3, Licht: 0","185099","3","3","4","12","10","5","","0","0","1","0","0"
"POINT (6.918122742000040 50.954996024000103)","Unfall 185100 (2022) Kat:3, Licht: 2","185100","3","7","1","12","18","6","","2","0","1","0","0"
"POINT (6.840686960000030 50.947058678000097)","Unfall 185106 (2022) Kat:3, Licht: 1","185106","3","3","5","12","16","4","","1","1","1","0","0"
"POINT (6.966755698000040 50.921688442000097)","Unfall 185118 (2022) Kat:3, Licht: 2","185118","3","1","0","12","20","5","","2","0","0","0","0"
"POINT (6.947479884000070 50.922631609000099)","Unfall 185120 (2022) Kat:3, Licht: 0","185120","3","5","1","12","16","7","","0","0","1","0","0"
"POINT (7.077701897000050 50.897533992000000)","Unfall 185122 (2022) Kat:3, Licht: 2","185122","3","7","8","12","19","4","","2","0","0","0","0"
"POINT (7.024227148000020 50.958075596000100)","Unfall 185127 (2022) Kat:3, Licht: 2","185127","3","3","0","12","18","1","","2","0","1","0","0"
"POINT (6.903930725000070 50.960024910000101)","Unfall 185132 (2022) Kat:3, Licht: 2","185132","3","6","3","12","21","3","","2","0","1","0","1"
"POINT (6.994000468000020 50.935515472000098)","Unfall 185152 (2022) Kat:3, Licht: 0","185152","3","6","1","12","13","4","","0","0","1","0","0"
"POINT (6.961685764000040 50.941911032000100)","Unfall 185159 (2022) Kat:3, Licht: 0","185159","3","3","5","12","14","5","","0","1","1","0","0"
"POINT (6.961423111000040 50.924491871000001)","Unfall 185173 (2022) Kat:2, Licht: 0","185173","2","3","5","12","11","7","","0","1","1","0","0"
"POINT (6.956673630000070 50.917559509000100)","Unfall 185194 (2022) Kat:3, Licht: 0","185194","3","1","0","12","13","6","","0","0","0","0","0"
"POINT (7.009786413000030 50.883130747999999)","Unfall 185211 (2022) Kat:3, Licht: 2","185211","3","2","4","12","17","5","","2","1","1","0","0"
"POINT (6.897695611000070 50.966556077000099)","Unfall 185242 (2022) Kat:3, Licht: 0","185242","3","3","5","12","12","4","","0","0","1","0","0"
"POINT (6.979916567000030 51.001347357000000)","Unfall 185252 (2022) Kat:3, Licht: 2","185252","3","4","6","12","05","3","","2","0","1","1","0"
"POINT (6.952895806000070 50.941472331000099)","Unfall 185289 (2022) Kat:3, Licht: 2","185289","3","3","5","12","05","2","","2","0","1","0","0"
"POINT (6.965306744000030 50.974243503000103)","Unfall 185290 (2022) Kat:3, Licht: 2","185290","3","2","6","12","17","2","","2","0","1","1","0"
"POINT (6.959653215000060 50.967489503000103)","Unfall 185433 (2022) Kat:3, Licht: 0","185433","3","7","6","02","18","3","","0","0","1","1","0"
"POINT (6.940405454000030 50.930941694000097)","Unfall 185531 (2022) Kat:3, Licht: 0","185531","3","1","0","10","09","3","","0","1","0","0","0"
"POINT (6.946005037000020 50.977509107000103)","Unfall 185586 (2022) Kat:3, Licht: 0","185586","3","4","6","03","15","2","","0","0","1","1","0"
"POINT (7.055044816000080 50.882978346000101)","Unfall 185726 (2022) Kat:3, Licht: 0","185726","3","4","6","06","10","5","","0","0","1","1","0"
"POINT (7.063670193000060 50.943063027000100)","Unfall 185873 (2022) Kat:3, Licht: 0","185873","3","6","3","08","11","3","","0","1","1","0","0"
"POINT (6.945476893000030 50.979727086000103)","Unfall 185883 (2022) Kat:3, Licht: 0","185883","3","1","0","01","08","7","","0","1","0","0","0"
"POINT (6.993279103000020 50.911850269000098)","Unfall 186211 (2022) Kat:3, Licht: 0","186211","3","1","8","08","12","1","","0","1","0","0","0"
"POINT (6.846277571000030 50.935595057000100)","Unfall 186219 (2022) Kat:3, Licht: 0","186219","3","7","0","05","16","3","","0","1","0","1","0"
"POINT (6.852138496000066 50.977513179000027)","Unfall 22324 (2023) Kat:3, Licht: 0","22324","3","6","2","01","13","3","","0","0","1","0","0"
"POINT (6.929128467000055 50.936694187000057)","Unfall 22325 (2023) Kat:2, Licht: 2","22325","2","4","6","01","18","3","","2","0","0","1","0"
"POINT (7.019950859000062 50.933366903000035)","Unfall 22368 (2023) Kat:3, Licht: 0","22368","3","3","5","01","14","2","","0","0","1","0","0"
"POINT (7.062432508000029 50.883034930000065)","Unfall 22369 (2023) Kat:3, Licht: 2","22369","3","6","2","01","17","2","","2","0","1","0","0"
"POINT (7.006080184000041 50.961114706000046)","Unfall 22370 (2023) Kat:3, Licht: 0","22370","3","4","6","01","15","2","","0","0","1","1","0"
"POINT (6.954346048000048 50.961704801000053)","Unfall 22371 (2023) Kat:2, Licht: 2","22371","2","4","6","01","19","2","","2","0","1","1","0"
"POINT (6.899828124000067 51.018383092000079)","Unfall 22372 (2023) Kat:3, Licht: 0","22372","3","1","9","01","15","2","","0","0","0","0","1"
"POINT (6.837937235000027 51.040095771000040)","Unfall 22373 (2023) Kat:2, Licht: 2","22373","2","3","5","01","07","2","","2","0","1","0","1"
"POINT (6.932965605000049 50.921147033000068)","Unfall 22374 (2023) Kat:3, Licht: 0","22374","3","3","5","01","16","2","","0","1","1","0","0"
"POINT (7.059157814000059 50.907357465000075)","Unfall 22412 (2023) Kat:3, Licht: 1","22412","3","6","8","01","16","1","","1","0","1","0","0"
"POINT (6.940098326000054 50.935571543000037)","Unfall 22413 (2023) Kat:3, Licht: 0","22413","3","6","4","01","13","1","","0","1","0","0","0"
"POINT (7.001778983000065 50.869417605000081)","Unfall 22664 (2023) Kat:3, Licht: 2","22664","3","6","1","01","01","1","","2","0","1","0","0"
"POINT (6.979674202000069 50.940420434000032)","Unfall 24964 (2023) Kat:3, Licht: 2","24964","3","7","5","01","23","2","","2","0","1","0","0"
"POINT (7.006416380000076 50.963543193000078)","Unfall 25640 (2023) Kat:3, Licht: 2","25640","3","1","0","01","07","2","","2","0","0","0","0"
"POINT (7.039260636000051 50.968360496000059)","Unfall 25641 (2023) Kat:3, Licht: 0","25641","3","2","0","01","11","2","","0","0","1","0","0"
"POINT (6.890271389000077 50.937517481000043)","Unfall 25642 (2023) Kat:3, Licht: 2","25642","3","2","6","01","07","2","","2","0","1","1","0"
"POINT (6.915656965000039 50.949056918000053)","Unfall 25643 (2023) Kat:3, Licht: 2","25643","3","7","7","01","06","2","","2","1","0","0","0"
"POINT (6.933330793000039 50.921521132000066)","Unfall 25644 (2023) Kat:3, Licht: 2","25644","3","6","2","01","17","2","","2","0","1","0","0"
"POINT (6.959485714000039 50.849094998000055)","Unfall 25645 (2023) Kat:3, Licht: 0","25645","3","6","2","01","16","2","","0","0","1","0","0"
"POINT (7.000543130000040 50.956231244000037)","Unfall 25737 (2023) Kat:3, Licht: 2","25737","3","2","9","01","22","1","","2","0","1","0","0"
"POINT (7.027168507000056 50.959658857000079)","Unfall 25738 (2023) Kat:3, Licht: 0","25738","3","3","5","01","14","1","","0","0","1","0","1"
"POINT (6.938774536000039 50.953226758000028)","Unfall 25739 (2023) Kat:3, Licht: 2","25739","3","6","2","01","19","1","","2","0","1","0","0"
"POINT (6.896029819000034 50.994279968000058)","Unfall 25792 (2023) Kat:3, Licht: 1","25792","3","6","2","01","15","7","","1","0","1","0","0"
"POINT (7.059746159000042 50.924557025000070)","Unfall 25794 (2023) Kat:3, Licht: 0","25794","3","6","2","01","15","7","","0","0","1","0","0"
"POINT (7.054002542000035 50.929980019000027)","Unfall 25795 (2023) Kat:3, Licht: 2","25795","3","6","2","01","17","7","","2","0","1","0","0"
"POINT (7.059938515000056 50.922519514000044)","Unfall 25797 (2023) Kat:3, Licht: 2","25797","3","6","2","01","21","7","","2","0","1","0","0"
"POINT (7.105261750000068 50.913741322000078)","Unfall 25798 (2023) Kat:3, Licht: 0","25798","3","2","4","01","15","7","","0","0","1","0","0"
"POINT (7.072494299000027 50.964638175000061)","Unfall 25799 (2023) Kat:3, Licht: 1","25799","3","1","0","01","16","7","","1","0","0","0","1"
"POINT (6.830336747000047 50.938426683000046)","Unfall 25800 (2023) Kat:3, Licht: 2","25800","3","5","1","01","19","7","","2","1","1","0","0"
"POINT (6.912862861000065 50.936952348000034)","Unfall 25801 (2023) Kat:2, Licht: 0","25801","2","2","3","01","14","7","","0","0","1","0","0"
"POINT (6.963274024000043 50.945547514000054)","Unfall 25802 (2023) Kat:3, Licht: 0","25802","3","6","1","01","15","7","","0","0","1","0","0"
"POINT (6.961755866000033 50.921548516000030)","Unfall 25803 (2023) Kat:3, Licht: 2","25803","3","1","0","01","04","7","","2","0","0","0","0"
"POINT (6.962828937000040 50.928515598000047)","Unfall 25804 (2023) Kat:3, Licht: 2","25804","3","6","0","01","06","7","","2","0","1","0","0"
"POINT (6.894230865000054 50.994885314000044)","Unfall 25873 (2023) Kat:3, Licht: 0","25873","3","1","3","01","16","6","","0","0","1","0","0"
"POINT (7.012207061000026 50.990866106000055)","Unfall 25874 (2023) Kat:3, Licht: 2","25874","3","6","2","01","17","6","","2","0","1","0","0"
"POINT (7.014108432000057 51.004232489000060)","Unfall 25876 (2023) Kat:3, Licht: 2","25876","3","6","2","01","17","6","","2","0","1","0","0"
"POINT (7.018754919000060 50.933469555000045)","Unfall 25877 (2023) Kat:3, Licht: 0","25877","3","5","3","01","12","6","","0","0","1","0","0"
"POINT (7.033247858000038 50.938625898000055)","Unfall 25878 (2023) Kat:3, Licht: 1","25878","3","6","2","01","19","6","","1","0","1","0","0"
"POINT (7.005604263000066 50.961843171000055)","Unfall 25879 (2023) Kat:3, Licht: 2","25879","3","4","6","01","22","6","","2","0","0","1","0"
"POINT (6.854537465000021 50.976800519000051)","Unfall 25880 (2023) Kat:3, Licht: 0","25880","3","3","5","01","08","6","","0","0","1","0","1"
"POINT (6.916629037000064 50.877097784000057)","Unfall 25881 (2023) Kat:3, Licht: 2","25881","3","4","6","01","21","6","","2","0","1","1","0"
"POINT (6.939121864000072 50.937270666000074)","Unfall 25882 (2023) Kat:3, Licht: 2","25882","3","7","0","01","21","6","","2","0","1","0","1"
"POINT (6.940325674000064 50.935699476000082)","Unfall 25883 (2023) Kat:3, Licht: 0","25883","3","6","6","01","10","6","","0","1","0","1","0"
"POINT (7.097602128000062 50.948551022000061)","Unfall 26005 (2023) Kat:2, Licht: 1","26005","2","6","2","01","08","5","","1","0","1","0","0"
"POINT (7.058576661000075 50.897370864000038)","Unfall 26010 (2023) Kat:3, Licht: 0","26010","3","2","4","01","08","5","","0","0","1","0","0"
"POINT (7.024827546000040 50.950280564000082)","Unfall 26011 (2023) Kat:3, Licht: 0","26011","3","6","3","01","10","5","","0","0","1","0","0"
"POINT (6.848876314000051 51.053986739000038)","Unfall 26012 (2023) Kat:3, Licht: 0","26012","3","3","5","01","10","5","","0","0","1","0","0"
"POINT (6.926735585000074 50.942611282000030)","Unfall 26013 (2023) Kat:3, Licht: 2","26013","3","4","6","01","04","5","","2","0","1","1","0"
"POINT (6.917669767000064 50.969662952000078)","Unfall 26014 (2023) Kat:3, Licht: 2","26014","3","3","5","01","07","5","","2","1","1","0","0"
"POINT (6.958670442000027 50.921167839000077)","Unfall 26015 (2023) Kat:2, Licht: 0","26015","2","1","0","01","14","5","","0","1","0","0","0"
"POINT (6.953070048000029 50.949410717000035)","Unfall 26016 (2023) Kat:3, Licht: 1","26016","3","2","6","01","07","5","","1","0","1","1","0"
"POINT (6.962563304000071 50.931120152000062)","Unfall 26017 (2023) Kat:2, Licht: 2","26017","2","3","5","01","20","5","","2","0","1","0","0"
"POINT (7.074111641000059 50.919541581000033)","Unfall 26139 (2023) Kat:3, Licht: 2","26139","3","6","3","01","18","4","","2","0","1","0","0"
"POINT (7.035893119000036 50.954169324000077)","Unfall 26140 (2023) Kat:3, Licht: 0","26140","3","6","3","01","15","4","","0","0","1","0","0"
"POINT (6.981546884000068 50.937209755000026)","Unfall 26141 (2023) Kat:3, Licht: 0","26141","3","2","6","01","08","4","","0","0","1","1","0"
"POINT (6.956725351000046 50.903831095000044)","Unfall 26142 (2023) Kat:3, Licht: 2","26142","3","3","5","01","19","4","","2","1","1","0","0"
"POINT (6.989441312000054 50.883874267000067)","Unfall 26143 (2023) Kat:3, Licht: 0","26143","3","2","4","01","15","4","","0","0","1","0","0"
"POINT (6.976357837000023 50.906378949000043)","Unfall 26144 (2023) Kat:3, Licht: 0","26144","3","1","0","01","14","4","","0","1","0","0","0"
"POINT (7.084734275000073 50.922185702000036)","Unfall 26267 (2023) Kat:2, Licht: 2","26267","2","3","5","01","18","3","","2","1","1","0","0"
"POINT (7.071749776000047 50.881683593000048)","Unfall 26268 (2023) Kat:3, Licht: 2","26268","3","1","0","01","06","3","","2","0","0","0","0"
"POINT (7.099794685000063 50.909415161000027)","Unfall 26269 (2023) Kat:3, Licht: 0","26269","3","3","5","01","11","3","","0","1","1","0","0"
"POINT (6.957428460000074 50.957677381000053)","Unfall 26270 (2023) Kat:3, Licht: 0","26270","3","2","6","01","08","3","","0","0","1","1","0"
"POINT (6.914894438000033 50.948370114000056)","Unfall 26271 (2023) Kat:2, Licht: 2","26271","2","7","3","01","17","3","","2","1","1","0","0"
"POINT (6.926578717000041 50.931029814000055)","Unfall 26272 (2023) Kat:3, Licht: 0","26272","3","6","2","01","10","3","","0","0","1","0","0"
"POINT (6.976897396000027 50.845430634000081)","Unfall 26273 (2023) Kat:3, Licht: 2","26273","3","2","5","01","18","3","","2","1","1","0","0"
"POINT (6.908760831000052 50.927797507000037)","Unfall 26274 (2023) Kat:3, Licht: 1","26274","3","2","2","01","17","3","","1","0","1","0","0"
"POINT (6.947275938000075 50.930302594000068)","Unfall 26275 (2023) Kat:3, Licht: 2","26275","3","2","2","01","18","3","","2","0","1","0","0"
"POINT (7.054056027000058 50.929929257000026)","Unfall 26293 (2023) Kat:3, Licht: 2","26293","3","6","2","01","17","7","","2","0","1","0","0"
"POINT (6.965343451000024 50.925245829000062)","Unfall 26305 (2023) Kat:3, Licht: 2","26305","3","4","6","01","19","3","","2","0","1","1","0"
"POINT (7.066357760000074 50.926234130000068)","Unfall 26351 (2023) Kat:3, Licht: 2","26351","3","3","5","01","17","2","","2","0","1","0","0"
"POINT (7.027739055000040 50.984230189000073)","Unfall 26381 (2023) Kat:2, Licht: 0","26381","2","7","0","01","14","2","","0","0","1","0","0"
"POINT (6.920847370000047 50.914087685000027)","Unfall 26382 (2023) Kat:3, Licht: 0","26382","3","2","3","01","10","2","","0","0","1","0","0"
"POINT (6.957022872000039 50.903697990000069)","Unfall 26383 (2023) Kat:3, Licht: 2","26383","3","3","5","01","17","2","","2","0","1","0","0"
"POINT (6.941403285000035 50.929261781000037)","Unfall 26385 (2023) Kat:3, Licht: 0","26385","3","7","0","01","12","2","","0","1","0","0","0"
"POINT (6.936287646000039 50.936506601000076)","Unfall 26386 (2023) Kat:3, Licht: 1","26386","3","5","1","01","17","2","","1","1","1","0","0"
"POINT (6.959828221000066 50.930744610000033)","Unfall 26387 (2023) Kat:3, Licht: 2","26387","3","1","0","01","06","2","","2","1","0","0","0"
"POINT (6.962522547000049 50.941963415000032)","Unfall 26404 (2023) Kat:3, Licht: 0","26404","3","3","5","01","14","4","","0","0","1","0","0"
"POINT (6.896485359000053 50.994698926000069)","Unfall 26469 (2023) Kat:3, Licht: 0","26469","3","2","5","01","12","4","","0","0","1","0","0"
"POINT (6.955795908000027 50.957100883000066)","Unfall 26477 (2023) Kat:3, Licht: 0","26477","3","6","4","01","13","1","","0","1","0","0","0"
"POINT (6.909001682000053 50.927847470000074)","Unfall 26478 (2023) Kat:3, Licht: 2","26478","3","2","3","01","00","1","","2","1","1","0","0"
"POINT (6.979882485000076 50.923858051000082)","Unfall 26524 (2023) Kat:3, Licht: 2","26524","3","1","0","01","03","7","","2","0","0","0","0"
"POINT (6.979351498000028 50.924305574000073)","Unfall 26525 (2023) Kat:1, Licht: 2","26525","1","1","6","01","23","7","","2","0","1","1","0"
"POINT (7.002754580000044 50.960194131000037)","Unfall 26526 (2023) Kat:2, Licht: 2","26526","2","2","5","01","06","7","","2","1","0","0","0"
"POINT (6.948044347000064 50.954854503000035)","Unfall 26527 (2023) Kat:3, Licht: 2","26527","3","7","0","01","08","7","","2","1","0","0","0"
"POINT (6.911965378000048 51.000040900000045)","Unfall 26528 (2023) Kat:3, Licht: 0","26528","3","6","2","01","15","7","","0","0","1","0","0"
"POINT (6.908382322000023 50.908463207000068)","Unfall 26530 (2023) Kat:3, Licht: 0","26530","3","7","6","01","14","7","","0","0","1","0","0"
"POINT (7.047770332000027 50.970536133000053)","Unfall 26560 (2023) Kat:3, Licht: 2","26560","3","7","2","01","21","7","","2","0","1","0","0"
"POINT (7.005389965000063 50.963832626000055)","Unfall 26598 (2023) Kat:3, Licht: 2","26598","3","3","5","01","20","6","","2","0","1","0","0"
"POINT (6.912647211000035 50.936959583000032)","Unfall 26599 (2023) Kat:2, Licht: 2","26599","2","1","0","01","23","6","","2","0","0","0","0"
"POINT (6.840216912000074 51.034793184000080)","Unfall 26679 (2023) Kat:3, Licht: 0","26679","3","7","0","01","11","5","","0","0","0","0","0"
"POINT (7.070745819000024 50.909605535000026)","Unfall 26680 (2023) Kat:3, Licht: 2","26680","3","2","4","01","17","5","","2","0","1","0","0"
"POINT (6.962677266000071 50.928518247000056)","Unfall 26681 (2023) Kat:3, Licht: 2","26681","3","1","0","01","17","5","","2","0","0","0","0"
"POINT (6.975570417000029 50.888211625000054)","Unfall 26763 (2023) Kat:3, Licht: 2","26763","3","6","2","01","17","4","","2","0","1","0","0"
"POINT (7.055200350000064 50.887855154000079)","Unfall 26766 (2023) Kat:3, Licht: 2","26766","3","2","6","01","17","4","","2","0","1","1","0"
"POINT (6.940995705000034 50.953777351000042)","Unfall 26767 (2023) Kat:3, Licht: 1","26767","3","6","2","01","16","4","","1","0","1","0","0"
"POINT (6.854895527000053 50.919918659000075)","Unfall 26769 (2023) Kat:3, Licht: 2","26769","3","1","0","01","06","4","","2","0","0","0","1"
"POINT (6.969542837000063 50.874984069000050)","Unfall 26797 (2023) Kat:3, Licht: 2","26797","3","6","2","02","19","2","","2","0","1","0","0"
"POINT (7.066072427000051 50.911247539000044)","Unfall 26798 (2023) Kat:2, Licht: 0","26798","2","6","1","02","11","2","","0","0","0","0","0"
"POINT (7.024951755000075 50.950168481000048)","Unfall 26801 (2023) Kat:3, Licht: 2","26801","3","6","2","02","18","2","","2","0","1","0","0"
"POINT (7.027896215000055 50.942730056000073)","Unfall 26802 (2023) Kat:3, Licht: 0","26802","3","3","5","02","14","2","","0","1","1","0","0"
"POINT (7.022334139000066 50.933234251000044)","Unfall 26803 (2023) Kat:3, Licht: 0","26803","3","3","5","02","14","2","","0","1","1","0","0"
"POINT (7.070918649000021 50.881999445000076)","Unfall 26804 (2023) Kat:3, Licht: 0","26804","3","3","5","02","09","2","","0","0","1","0","0"
"POINT (7.016806162000023 50.976334936000057)","Unfall 26805 (2023) Kat:2, Licht: 0","26805","2","3","5","02","10","2","","0","1","1","0","0"
"POINT (6.855511490000026 50.937877135000065)","Unfall 26806 (2023) Kat:3, Licht: 0","26806","3","4","6","02","16","2","","0","0","1","1","0"
"POINT (6.829180281000049 50.957453258000044)","Unfall 26807 (2023) Kat:3, Licht: 1","26807","3","6","2","02","17","2","","1","0","1","0","0"
"POINT (6.941396645000054 50.929271951000032)","Unfall 26808 (2023) Kat:3, Licht: 2","26808","3","3","5","02","19","2","","2","0","1","0","0"
"POINT (6.944596126000022 50.971366149000062)","Unfall 26911 (2023) Kat:3, Licht: 0","26911","3","2","2","02","16","7","","0","0","1","0","0"
"POINT (6.919140521000031 50.952476399000034)","Unfall 26912 (2023) Kat:3, Licht: 2","26912","3","6","6","02","19","7","","2","1","1","1","0"
"POINT (6.908706083000027 50.937103466000053)","Unfall 26913 (2023) Kat:3, Licht: 0","26913","3","2","5","02","15","7","","0","1","1","0","0"
"POINT (6.961244741000030 50.921287520000078)","Unfall 26914 (2023) Kat:3, Licht: 0","26914","3","5","3","02","12","7","","0","1","1","0","0"
"POINT (7.068075028000067 50.925808573000040)","Unfall 26977 (2023) Kat:3, Licht: 2","26977","3","1","8","02","22","6","","2","0","1","0","0"
"POINT (6.948192313000050 50.935583702000031)","Unfall 26979 (2023) Kat:3, Licht: 1","26979","3","6","1","02","18","6","","1","0","1","0","1"
"POINT (6.960716863000073 50.935540234000030)","Unfall 27040 (2023) Kat:2, Licht: 2","27040","2","1","0","02","20","7","","2","1","0","0","0"
"POINT (7.012730884000064 50.989064836000068)","Unfall 27049 (2023) Kat:3, Licht: 1","27049","3","6","2","02","18","5","","1","0","1","0","0"
"POINT (7.004155741000034 50.990224131000048)","Unfall 27050 (2023) Kat:3, Licht: 2","27050","3","3","5","02","19","5","","2","0","1","0","1"
"POINT (7.011427403000027 50.957339037000054)","Unfall 27051 (2023) Kat:3, Licht: 2","27051","3","4","6","02","19","5","","2","0","1","1","0"
"POINT (6.951638600000024 50.971708829000079)","Unfall 27052 (2023) Kat:3, Licht: 0","27052","3","6","6","02","10","5","","0","1","0","1","0"
"POINT (6.992238019000069 50.915589994000072)","Unfall 27148 (2023) Kat:3, Licht: 2","27148","3","2","6","02","18","4","","2","0","0","1","0"
"POINT (7.057839352000030 50.974138755000070)","Unfall 27149 (2023) Kat:3, Licht: 0","27149","3","3","5","02","14","4","","0","0","1","0","0"
"POINT (6.933695988000068 50.951621905000081)","Unfall 27150 (2023) Kat:2, Licht: 0","27150","2","6","2","02","13","4","","0","0","1","0","0"
"POINT (6.918454715000053 50.916063516000065)","Unfall 27151 (2023) Kat:3, Licht: 0","27151","3","2","3","02","11","4","","0","0","0","0","0"
"POINT (6.955038001000048 51.002656549000051)","Unfall 27224 (2023) Kat:3, Licht: 0","27224","3","2","5","01","14","3","","0","1","0","0","0"
"POINT (6.953059382000049 50.956366283000079)","Unfall 27225 (2023) Kat:3, Licht: 2","27225","3","5","1","01","23","3","","2","1","1","0","0"
"POINT (6.925334041000042 50.939453273000026)","Unfall 27227 (2023) Kat:3, Licht: 0","27227","3","6","2","01","15","3","","0","0","1","0","0"
"POINT (6.927601297000024 50.895833429000049)","Unfall 27228 (2023) Kat:3, Licht: 2","27228","3","6","1","01","17","3","","2","0","1","0","0"
"POINT (6.982398147000026 50.888803684000038)","Unfall 27229 (2023) Kat:3, Licht: 2","27229","3","3","0","01","19","3","","2","1","1","0","0"
"POINT (6.959976615000073 50.921059717000048)","Unfall 27230 (2023) Kat:3, Licht: 0","27230","3","2","3","01","11","3","","0","1","1","0","0"
"POINT (6.884196013000064 50.994805127000063)","Unfall 27307 (2023) Kat:3, Licht: 1","27307","3","6","2","01","08","2","","1","0","1","0","0"
"POINT (7.030525469000054 50.931647228000031)","Unfall 27309 (2023) Kat:3, Licht: 0","27309","3","3","5","01","17","2","","0","0","1","0","0"
"POINT (7.080441898000061 50.854608198000051)","Unfall 27310 (2023) Kat:3, Licht: 0","27310","3","3","5","01","10","2","","0","0","1","0","0"
"POINT (7.010719724000069 50.947671315000036)","Unfall 27311 (2023) Kat:3, Licht: 2","27311","3","6","2","01","16","2","","2","0","1","0","0"
"POINT (7.031350459000066 50.940073215000041)","Unfall 27312 (2023) Kat:3, Licht: 1","27312","3","3","5","01","07","2","","1","1","1","0","0"
"POINT (7.006576831000075 50.966846404000080)","Unfall 27313 (2023) Kat:3, Licht: 0","27313","3","2","2","01","16","2","","0","1","1","0","0"
"POINT (6.912508318000050 50.945062944000028)","Unfall 27314 (2023) Kat:3, Licht: 2","27314","3","1","0","01","18","2","","2","0","0","0","0"
"POINT (6.942215948000069 50.904885078000063)","Unfall 27315 (2023) Kat:2, Licht: 0","27315","2","4","6","01","16","2","","0","0","0","1","1"
"POINT (6.956935390000069 50.950802856000053)","Unfall 27322 (2023) Kat:2, Licht: 2","27322","2","1","0","02","19","7","","2","0","0","0","1"
"POINT (6.967773470000054 50.892049963000034)","Unfall 27390 (2023) Kat:3, Licht: 0","27390","3","6","2","01","13","1","","0","0","1","0","0"
"POINT (7.107176649000053 50.871024230000046)","Unfall 27392 (2023) Kat:2, Licht: 1","27392","2","1","8","01","07","1","","1","0","1","0","0"
"POINT (7.005105580000077 50.963570513000036)","Unfall 27394 (2023) Kat:3, Licht: 2","27394","3","6","2","01","17","1","","2","0","1","0","0"
"POINT (7.038916850000021 50.968284529000073)","Unfall 27395 (2023) Kat:3, Licht: 2","27395","3","1","9","01","07","1","","2","0","1","0","0"
"POINT (7.032586297000023 50.962832539000033)","Unfall 27423 (2023) Kat:3, Licht: 2","27423","3","1","9","01","22","7","","2","0","1","0","0"
"POINT (6.940413786000022 50.931585702000064)","Unfall 27425 (2023) Kat:3, Licht: 2","27425","3","5","1","01","00","7","","2","1","1","0","0"
"POINT (6.948175688000049 50.850530006000042)","Unfall 27459 (2023) Kat:3, Licht: 2","27459","3","1","8","02","18","4","","2","0","0","0","0"
"POINT (6.926643725000076 50.960890120000045)","Unfall 27472 (2023) Kat:2, Licht: 0","27472","2","6","2","01","16","6","","0","0","1","0","0"
"POINT (7.107430079000039 50.868200404000049)","Unfall 27473 (2023) Kat:3, Licht: 0","27473","3","3","5","01","12","6","","0","0","1","0","0"
"POINT (6.981483282000056 50.942536345000065)","Unfall 27474 (2023) Kat:3, Licht: 0","27474","3","1","0","01","08","6","","0","1","0","0","0"
"POINT (6.940995705000034 50.953777351000042)","Unfall 27475 (2023) Kat:3, Licht: 0","27475","3","1","0","01","09","6","","0","1","0","0","0"
"POINT (6.858650740000030 50.937956280000037)","Unfall 27477 (2023) Kat:3, Licht: 0","27477","3","3","3","01","13","6","","0","1","1","0","0"
"POINT (6.927601297000024 50.895833429000049)","Unfall 27479 (2023) Kat:3, Licht: 0","27479","3","3","5","01","14","6","","0","0","1","0","0"
"POINT (6.963197305000051 50.936108840000031)","Unfall 27480 (2023) Kat:3, Licht: 0","27480","3","1","0","01","11","6","","0","1","0","0","0"
"POINT (6.962509021000074 50.943094382000027)","Unfall 27481 (2023) Kat:3, Licht: 2","27481","3","2","5","01","19","6","","2","0","1","0","0"
"POINT (6.934441061000030 50.936532327000066)","Unfall 27482 (2023) Kat:2, Licht: 2","27482","2","1","0","01","17","6","","2","1","0","0","0"
"POINT (6.963191831000074 50.935698584000079)","Unfall 27483 (2023) Kat:2, Licht: 0","27483","2","1","0","01","11","6","","0","1","0","0","0"