WKT,Name,OBJECTID,UKATEGORIE,UTYP1,UART,UMONAT,USTUNDE,UWOCHENTAG,STRZUSTAND,ULICHTVERH,ISTRAD,ISTPKW,ISTFUSS,ISTKRAD
"POINT (7.006506478000063 50.938517197000067)","Unfall 27505 (2023) Kat:3, Licht: 2","27505","3","7","3","02","18","7","","2","0","1","0","1"
"POINT (6.932621428000061 50.936560968000038)","Unfall 27533 (2023) Kat:3, Licht: 0","27533","3","2","0","02","16","7","","0","1","1","0","0"
"POINT (6.850644380000062 51.025168473000065)","Unfall 27557 (2023) Kat:3, Licht: 0","27557","3","6","2","01","08","5","","0","0","1","0","0"
"POINT (7.090271794000046 50.858107895000046)","Unfall 27562 (2023) Kat:3, Licht: 0","27562","3","7","0","01","14","5","","0","0","1","0","0"
"POINT (7.081958229000065 50.921607039000037)","Unfall 27563 (2023) Kat:3, Licht: 2","27563","3","2","6","01","17","5","","2","0","1","1","0"
"POINT (7.058927860000040 50.908545446000062)","Unfall 27564 (2023) Kat:3, Licht: 0","27564","3","3","5","01","09","5","","0","0","1","0","0"
"POINT (7.011776144000066 50.947781439000039)","Unfall 27565 (2023) Kat:3, Licht: 0","27565","3","6","1","01","16","5","","0","0","1","0","0"
"POINT (7.072689526000033 50.964367632000062)","Unfall 27566 (2023) Kat:3, Licht: 2","27566","3","6","2","01","08","5","","2","0","1","0","0"
"POINT (7.075150559000065 50.924073908000082)","Unfall 27567 (2023) Kat:3, Licht: 0","27567","3","3","5","01","08","5","","0","0","1","0","0"
"POINT (7.080694494000056 50.910526699000059)","Unfall 27568 (2023) Kat:3, Licht: 0","27568","3","3","0","01","15","5","","0","0","1","0","0"
"POINT (6.965782546000071 50.847926906000055)","Unfall 27569 (2023) Kat:3, Licht: 0","27569","3","6","2","01","11","5","","0","0","1","0","0"
"POINT (6.959618379000062 50.920915261000061)","Unfall 27570 (2023) Kat:3, Licht: 1","27570","3","2","0","01","08","5","","1","1","1","0","0"
"POINT (7.020592509000039 50.978821587000027)","Unfall 27647 (2023) Kat:3, Licht: 1","27647","3","5","0","01","07","4","","1","1","0","0","0"
"POINT (6.947867746000043 50.981815848000053)","Unfall 27648 (2023) Kat:3, Licht: 0","27648","3","4","6","01","11","4","","0","1","0","1","0"
"POINT (6.955773749000059 50.957074228000067)","Unfall 27649 (2023) Kat:3, Licht: 2","27649","3","6","2","01","17","4","","2","0","1","0","0"
"POINT (6.919524275000072 50.952857595000069)","Unfall 27650 (2023) Kat:3, Licht: 0","27650","3","2","5","01","13","4","","0","1","1","0","0"
"POINT (6.923897270000055 50.912138059000029)","Unfall 27651 (2023) Kat:3, Licht: 2","27651","3","6","0","01","17","4","","2","0","0","0","1"
"POINT (7.034871979000059 50.956870271000071)","Unfall 27685 (2023) Kat:3, Licht: 2","27685","3","1","8","02","05","1","","2","0","1","0","0"
"POINT (7.057712429000048 50.894651667000062)","Unfall 27733 (2023) Kat:3, Licht: 0","27733","3","6","4","01","08","3","","0","1","1","0","0"
"POINT (6.993592157000023 50.914877893000039)","Unfall 27734 (2023) Kat:3, Licht: 1","27734","3","2","5","01","06","3","","1","1","1","0","0"
"POINT (7.075879332000056 50.980615957000055)","Unfall 27735 (2023) Kat:2, Licht: 2","27735","2","1","0","01","00","3","","2","1","0","0","0"
"POINT (6.871171106000077 50.974643091000075)","Unfall 27736 (2023) Kat:3, Licht: 2","27736","3","6","4","01","07","3","","2","0","1","0","0"
"POINT (6.939360117000035 50.927041043000031)","Unfall 27737 (2023) Kat:2, Licht: 2","27737","2","2","4","01","06","3","","2","0","1","0","1"
"POINT (7.072855833000062 50.899726577000081)","Unfall 27822 (2023) Kat:3, Licht: 2","27822","3","1","0","01","05","2","","2","0","0","0","1"
"POINT (7.039677882000035 50.929730430000063)","Unfall 27823 (2023) Kat:2, Licht: 2","27823","2","2","4","01","18","2","","2","1","1","0","0"
"POINT (6.952337181000075 50.935402103000058)","Unfall 27824 (2023) Kat:3, Licht: 2","27824","3","1","8","01","18","2","","2","0","0","0","1"
"POINT (7.104577794000022 50.859741503000066)","Unfall 27876 (2023) Kat:3, Licht: 0","27876","3","1","0","01","10","2","","0","0","0","0","0"
"POINT (6.910679040000048 50.939780460000065)","Unfall 27888 (2023) Kat:3, Licht: 2","27888","3","6","0","01","18","1","","2","0","1","0","1"
"POINT (6.920360834000064 50.953688552000074)","Unfall 27889 (2023) Kat:3, Licht: 2","27889","3","4","6","01","00","1","","2","0","1","1","0"
"POINT (6.892200030000026 50.992009078000081)","Unfall 27890 (2023) Kat:3, Licht: 0","27890","3","2","5","01","15","1","","0","0","1","0","0"
"POINT (6.966608722000046 50.922794370000076)","Unfall 27891 (2023) Kat:3, Licht: 0","27891","3","6","1","01","16","1","","0","0","1","0","0"
"POINT (6.939835484000071 50.940021702000081)","Unfall 27931 (2023) Kat:3, Licht: 2","27931","3","4","6","01","01","7","","2","1","0","1","0"
"POINT (7.055564586000060 50.912519455000051)","Unfall 28006 (2023) Kat:3, Licht: 0","28006","3","3","5","01","15","6","","0","0","1","0","0"
"POINT (7.045158454000045 50.929805128000055)","Unfall 28007 (2023) Kat:2, Licht: 0","28007","2","7","6","01","11","6","","0","0","1","1","0"
"POINT (6.997035851000021 50.937347146000036)","Unfall 28008 (2023) Kat:3, Licht: 2","28008","3","2","2","01","18","6","","2","0","1","0","0"
"POINT (7.005067571000041 50.975013384000079)","Unfall 28009 (2023) Kat:3, Licht: 2","28009","3","3","5","01","07","6","","2","1","1","0","0"
"POINT (6.981796764000023 50.961417881000045)","Unfall 28010 (2023) Kat:3, Licht: 0","28010","3","1","0","01","09","6","","0","0","0","0","1"
"POINT (6.857519831000047 50.918792591000056)","Unfall 28011 (2023) Kat:3, Licht: 0","28011","3","3","5","01","11","6","","0","0","1","0","1"
"POINT (6.932964173000073 50.921145566000064)","Unfall 28012 (2023) Kat:3, Licht: 2","28012","3","3","0","01","17","6","","2","1","1","0","0"
"POINT (6.941975909000064 50.944698750000043)","Unfall 28013 (2023) Kat:3, Licht: 2","28013","3","4","6","01","21","6","","2","0","1","1","0"
"POINT (6.942137918000071 50.944863190000035)","Unfall 28014 (2023) Kat:2, Licht: 1","28014","2","6","2","01","16","6","","1","0","1","0","0"
"POINT (6.962716323000052 50.930947365000065)","Unfall 28015 (2023) Kat:3, Licht: 2","28015","3","4","6","01","17","6","","2","0","1","1","0"
"POINT (6.882097080000051 50.910913986000025)","Unfall 28126 (2023) Kat:2, Licht: 0","28126","2","6","2","01","15","5","","0","0","1","0","0"
"POINT (6.977556286000038 50.934536435000041)","Unfall 28133 (2023) Kat:3, Licht: 2","28133","3","6","5","01","18","5","","2","0","1","0","0"
"POINT (6.950686103000066 50.973921167000071)","Unfall 28134 (2023) Kat:3, Licht: 0","28134","3","5","3","01","10","5","","0","0","1","0","0"
"POINT (6.922229163000054 50.955476117000046)","Unfall 28136 (2023) Kat:3, Licht: 2","28136","3","3","0","01","08","5","","2","1","0","0","0"
"POINT (6.912324653000042 50.923842969000077)","Unfall 28137 (2023) Kat:3, Licht: 2","28137","3","4","6","01","07","5","","2","0","1","1","0"
"POINT (7.034446639000066 50.848999312000046)","Unfall 28209 (2023) Kat:2, Licht: 0","28209","2","1","2","01","12","3","","0","1","1","0","0"
"POINT (7.012825140000075 51.017607354000063)","Unfall 28294 (2023) Kat:3, Licht: 0","28294","3","6","2","01","08","4","","0","0","1","0","0"
"POINT (7.040910770000039 50.929677466000044)","Unfall 28296 (2023) Kat:3, Licht: 1","28296","3","6","2","01","07","4","","1","0","1","0","0"
"POINT (6.981668426000056 50.937193527000034)","Unfall 28298 (2023) Kat:3, Licht: 0","28298","3","6","2","01","08","4","","0","0","1","0","0"
"POINT (6.834611151000047 50.938370218000045)","Unfall 28299 (2023) Kat:3, Licht: 0","28299","3","1","0","01","08","4","","0","1","0","0","0"
"POINT (6.960303591000070 50.935866364000049)","Unfall 28300 (2023) Kat:3, Licht: 1","28300","3","4","6","01","17","4","","1","1","0","1","0"
"POINT (6.886593997000034 50.933438111000044)","Unfall 28357 (2023) Kat:3, Licht: 0","28357","3","3","5","02","13","7","","0","0","1","0","0"
"POINT (6.932747750000033 50.920923615000049)","Unfall 28382 (2023) Kat:3, Licht: 1","28382","3","2","6","02","17","5","","1","0","1","1","0"
"POINT (6.859249934000047 50.986319638000055)","Unfall 28404 (2023) Kat:3, Licht: 2","28404","3","6","2","01","07","3","","2","0","1","0","0"
"POINT (6.868664572000057 51.013694037000050)","Unfall 28405 (2023) Kat:2, Licht: 0","28405","2","6","2","01","12","3","","0","0","1","0","0"
"POINT (6.843526666000059 50.918026530000077)","Unfall 28406 (2023) Kat:3, Licht: 0","28406","3","6","2","01","07","3","","0","0","1","0","0"
"POINT (7.014107992000049 51.013234232000059)","Unfall 28408 (2023) Kat:3, Licht: 2","28408","3","6","2","01","17","3","","2","0","1","0","0"
"POINT (7.020388678000074 50.948897865000049)","Unfall 28409 (2023) Kat:3, Licht: 1","28409","3","6","2","01","07","3","","1","0","1","0","0"
"POINT (7.023197502000073 50.949819873000081)","Unfall 28410 (2023) Kat:3, Licht: 0","28410","3","6","2","01","14","3","","0","0","1","0","0"
"POINT (7.092946032000043 50.929667023000036)","Unfall 28411 (2023) Kat:3, Licht: 0","28411","3","6","2","01","13","3","","0","0","1","0","0"
"POINT (6.999308691000067 50.989439012000048)","Unfall 28412 (2023) Kat:2, Licht: 1","28412","2","6","2","01","06","3","","1","0","1","0","0"
"POINT (6.982921373000067 50.937290565000069)","Unfall 28413 (2023) Kat:3, Licht: 0","28413","3","1","0","01","15","3","","0","0","0","0","0"
"POINT (6.849232706000066 50.937760906000051)","Unfall 28414 (2023) Kat:3, Licht: 0","28414","3","7","6","01","09","3","","0","0","1","0","0"
"POINT (6.924694718000069 50.933521698000050)","Unfall 28416 (2023) Kat:3, Licht: 2","28416","3","6","2","01","17","3","","2","0","1","0","0"
"POINT (6.977718452000033 50.906718172000069)","Unfall 28417 (2023) Kat:3, Licht: 2","28417","3","2","5","01","18","3","","2","1","0","0","0"
"POINT (7.005162727000027 50.975574254000037)","Unfall 28433 (2023) Kat:3, Licht: 0","28433","3","6","2","01","12","6","","0","0","1","0","0"
"POINT (6.836881592000054 50.927610990000062)","Unfall 28531 (2023) Kat:3, Licht: 1","28531","3","6","3","03","18","2","","1","0","1","0","0"
"POINT (6.832841652000070 50.928286442000058)","Unfall 28532 (2023) Kat:3, Licht: 2","28532","3","6","2","03","19","2","","2","0","1","0","0"
"POINT (7.007508303000066 50.938690260000044)","Unfall 28533 (2023) Kat:3, Licht: 0","28533","3","5","1","03","11","2","","0","1","1","0","0"
"POINT (6.966790597000056 50.959052891000056)","Unfall 28534 (2023) Kat:2, Licht: 1","28534","2","3","5","03","06","2","","1","1","1","0","0"
"POINT (6.948877304000064 50.904268896000076)","Unfall 28535 (2023) Kat:3, Licht: 0","28535","3","5","1","03","15","2","","0","0","1","0","1"
"POINT (6.951332537000042 50.935405392000064)","Unfall 28579 (2023) Kat:3, Licht: 1","28579","3","1","0","03","21","1","","1","0","0","0","0"
"POINT (6.850696915000071 50.957834462000051)","Unfall 28607 (2023) Kat:3, Licht: 2","28607","3","7","2","03","21","7","","2","0","1","0","0"
"POINT (6.981632297000033 50.937217862000068)","Unfall 28609 (2023) Kat:2, Licht: 2","28609","2","1","0","03","03","7","","2","1","0","0","0"
"POINT (7.062297601000068 50.904731924000032)","Unfall 28659 (2023) Kat:2, Licht: 1","28659","2","4","6","03","07","6","","1","0","1","1","0"
"POINT (7.082183017000034 50.984339539000075)","Unfall 28660 (2023) Kat:3, Licht: 0","28660","3","6","4","03","07","6","","0","1","1","0","0"
"POINT (7.005086444000028 50.974981529000047)","Unfall 28661 (2023) Kat:3, Licht: 2","28661","3","3","0","03","21","6","","2","1","1","0","0"
"POINT (6.848586007000051 50.978831739000043)","Unfall 28662 (2023) Kat:3, Licht: 0","28662","3","1","1","03","14","6","","0","0","1","0","0"
"POINT (6.848605533000068 50.978823313000078)","Unfall 28663 (2023) Kat:3, Licht: 0","28663","3","1","1","03","14","6","","0","0","1","0","0"
"POINT (6.934538130000021 50.935445337000033)","Unfall 28664 (2023) Kat:2, Licht: 0","28664","2","3","5","03","07","6","","0","1","1","0","0"
"POINT (7.014420781000069 51.007816512000034)","Unfall 28732 (2023) Kat:2, Licht: 0","28732","2","6","3","03","12","5","","0","0","1","0","0"
"POINT (7.061260319000041 50.927485918000059)","Unfall 28733 (2023) Kat:3, Licht: 0","28733","3","6","2","03","13","5","","0","0","1","0","0"
"POINT (7.008329894000042 50.959513971000035)","Unfall 28734 (2023) Kat:3, Licht: 0","28734","3","2","6","03","12","5","","0","0","0","1","0"
"POINT (7.020911507000051 50.964622846000054)","Unfall 28735 (2023) Kat:3, Licht: 2","28735","3","3","5","03","20","5","","2","1","1","0","0"
"POINT (6.937132943000051 50.936495003000061)","Unfall 28736 (2023) Kat:3, Licht: 0","28736","3","7","7","03","13","5","","0","1","0","0","0"
"POINT (6.958047023000063 51.032444309000027)","Unfall 28815 (2023) Kat:3, Licht: 0","28815","3","6","2","03","08","4","","0","0","1","0","0"
"POINT (6.943155427000022 51.024293656000054)","Unfall 28816 (2023) Kat:2, Licht: 2","28816","2","1","7","03","18","4","","2","0","0","0","0"
"POINT (7.031866340000022 50.965563926000073)","Unfall 28818 (2023) Kat:3, Licht: 0","28818","3","6","3","03","10","4","","0","0","1","0","0"
"POINT (7.060923631000037 50.906334505000075)","Unfall 28820 (2023) Kat:3, Licht: 0","28820","3","3","5","03","05","4","","0","0","1","0","0"
"POINT (6.980423550000069 50.941535077000026)","Unfall 28821 (2023) Kat:3, Licht: 0","28821","3","7","3","03","16","4","","0","0","1","0","0"
"POINT (6.948526689000062 50.979001454000070)","Unfall 28822 (2023) Kat:3, Licht: 0","28822","3","6","2","03","16","4","","0","0","1","0","0"
"POINT (6.829597397000043 50.946905058000027)","Unfall 28823 (2023) Kat:3, Licht: 2","28823","3","2","3","03","18","4","","2","1","1","0","0"
"POINT (6.948966779000045 50.935446339000066)","Unfall 28824 (2023) Kat:3, Licht: 0","28824","3","2","5","03","16","4","","0","1","0","0","0"
"POINT (6.951677724000035 51.028865274000054)","Unfall 28888 (2023) Kat:3, Licht: 0","28888","3","6","2","02","16","3","","0","0","1","0","0"
"POINT (7.014258969000025 51.012528104000069)","Unfall 28891 (2023) Kat:3, Licht: 0","28891","3","6","2","02","15","3","","0","0","1","0","0"
"POINT (6.985635259000048 50.930367568000065)","Unfall 28892 (2023) Kat:3, Licht: 0","28892","3","6","2","02","09","3","","0","0","1","0","0"
"POINT (7.000357405000045 50.937703448000036)","Unfall 28893 (2023) Kat:3, Licht: 0","28893","3","6","4","02","08","3","","0","1","0","0","0"
"POINT (7.048048593000033 50.869818098000053)","Unfall 28895 (2023) Kat:3, Licht: 0","28895","3","2","3","02","13","3","","0","1","1","0","0"
"POINT (6.874825801000043 51.003031120000060)","Unfall 28896 (2023) Kat:3, Licht: 2","28896","3","3","5","02","22","3","","2","1","0","0","0"
"POINT (6.969076457000028 50.955859839000027)","Unfall 28897 (2023) Kat:3, Licht: 0","28897","3","2","0","02","16","3","","0","0","1","0","0"
"POINT (6.948052318000066 50.954858168000044)","Unfall 28898 (2023) Kat:3, Licht: 0","28898","3","6","2","02","16","3","","0","0","1","0","0"
"POINT (6.973858973000063 50.864731487000029)","Unfall 28899 (2023) Kat:3, Licht: 0","28899","3","6","2","02","15","3","","0","0","1","0","0"
"POINT (6.905473936000021 50.909885932000066)","Unfall 28900 (2023) Kat:3, Licht: 0","28900","3","2","2","02","11","3","","0","0","1","0","0"
"POINT (7.023452956000028 50.949757387000034)","Unfall 28982 (2023) Kat:3, Licht: 0","28982","3","6","2","02","16","2","","0","0","1","0","0"
"POINT (6.994668377000039 50.937118070000054)","Unfall 28984 (2023) Kat:3, Licht: 0","28984","3","1","7","02","08","2","","0","0","0","0","0"
"POINT (6.872639067000023 51.001935821000075)","Unfall 28985 (2023) Kat:3, Licht: 1","28985","3","2","6","02","18","2","","1","1","0","1","0"
"POINT (6.919427188000043 50.936616792000052)","Unfall 28986 (2023) Kat:3, Licht: 0","28986","3","6","3","02","08","2","","0","1","0","0","0"
"POINT (6.982398147000026 50.888803684000038)","Unfall 28988 (2023) Kat:3, Licht: 0","28988","3","1","8","02","08","2","","0","0","0","0","1"
"POINT (6.849450881000053 50.937764139000080)","Unfall 29081 (2023) Kat:3, Licht: 0","29081","3","6","2","02","14","7","","0","0","1","0","0"
"POINT (6.926840709000032 50.915284537000048)","Unfall 29086 (2023) Kat:3, Licht: 0","29086","3","4","6","02","14","7","","0","0","0","1","0"
"POINT (6.969550133000041 50.874912404000042)","Unfall 29155 (2023) Kat:3, Licht: 0","29155","3","6","2","02","13","6","","0","0","1","0","0"
"POINT (7.057090093000056 50.927049569000076)","Unfall 29158 (2023) Kat:3, Licht: 0","29158","3","6","2","02","16","6","","0","0","1","0","0"
"POINT (7.082351078000045 50.881542812000077)","Unfall 29160 (2023) Kat:3, Licht: 0","29160","3","2","6","02","08","6","","0","0","1","1","0"
"POINT (7.098040512000068 50.920050391000075)","Unfall 29161 (2023) Kat:2, Licht: 2","29161","2","2","4","02","19","6","","2","0","1","0","0"
"POINT (6.981611165000061 50.936665577000042)","Unfall 29162 (2023) Kat:3, Licht: 2","29162","3","6","3","02","19","6","","2","0","1","0","0"
"POINT (6.942245518000050 50.968535425000027)","Unfall 29163 (2023) Kat:3, Licht: 0","29163","3","1","0","02","10","6","","0","1","0","0","0"
"POINT (6.908319219000020 50.937123914000040)","Unfall 29166 (2023) Kat:3, Licht: 0","29166","3","3","5","02","16","6","","0","1","1","0","0"
"POINT (6.914473323000038 50.877239656000029)","Unfall 29167 (2023) Kat:3, Licht: 2","29167","3","6","2","02","18","6","","2","0","1","0","0"
"POINT (6.939106447000029 50.935395144000040)","Unfall 29168 (2023) Kat:3, Licht: 2","29168","3","2","3","02","20","6","","2","1","1","0","0"
"POINT (7.032215351000048 50.963793456000076)","Unfall 29245 (2023) Kat:3, Licht: 2","29245","3","6","2","02","18","5","","2","0","1","0","0"
"POINT (6.966818276000026 50.922908810000081)","Unfall 29247 (2023) Kat:3, Licht: 1","29247","3","1","0","02","17","5","","1","1","0","0","0"
"POINT (7.046069722000027 50.937552111000059)","Unfall 29271 (2023) Kat:3, Licht: 0","29271","3","6","2","02","16","1","","0","0","1","0","0"
"POINT (7.006622507000031 50.960733498000081)","Unfall 29287 (2023) Kat:3, Licht: 0","29287","3","7","0","02","17","2","","0","0","0","1","0"
"POINT (7.026463152000076 50.998163404000081)","Unfall 29343 (2023) Kat:3, Licht: 0","29343","3","3","5","02","16","4","","0","0","1","0","0"
"POINT (7.057491759000072 50.974014035000039)","Unfall 29344 (2023) Kat:3, Licht: 1","29344","3","1","0","02","18","4","","1","0","0","0","1"
"POINT (6.851867921000064 50.919313125000031)","Unfall 29345 (2023) Kat:3, Licht: 0","29345","3","3","5","02","16","4","","0","1","1","0","0"
"POINT (6.892188653000062 50.992004334000057)","Unfall 29346 (2023) Kat:3, Licht: 1","29346","3","3","5","02","07","4","","1","1","1","0","0"
"POINT (7.079226918000074 50.900638035000043)","Unfall 29424 (2023) Kat:2, Licht: 0","29424","2","1","0","02","12","3","","0","0","0","0","1"
"POINT (6.995536267000034 50.964307037000026)","Unfall 29425 (2023) Kat:3, Licht: 0","29425","3","7","0","02","14","3","","0","1","0","0","0"
"POINT (6.921042988000067 50.914272215000040)","Unfall 29426 (2023) Kat:3, Licht: 2","29426","3","6","6","02","17","3","","2","0","1","0","0"
"POINT (6.873442725000075 51.001456072000053)","Unfall 29469 (2023) Kat:3, Licht: 2","29469","3","4","6","02","20","3","","2","0","1","1","0"
"POINT (6.942541663000043 50.885088770000038)","Unfall 29535 (2023) Kat:3, Licht: 2","29535","3","7","8","02","00","1","","2","0","1","0","0"
"POINT (7.039600336000035 50.918813513000032)","Unfall 29536 (2023) Kat:3, Licht: 2","29536","3","1","3","02","00","1","","2","0","1","0","0"
"POINT (7.055263372000070 50.973222750000048)","Unfall 29537 (2023) Kat:3, Licht: 2","29537","3","7","4","02","18","1","","2","0","1","0","0"
"POINT (6.992641830000025 50.935707099000069)","Unfall 29587 (2023) Kat:3, Licht: 1","29587","3","3","5","02","17","7","","1","0","1","0","0"
"POINT (7.009181930000068 50.939048586000069)","Unfall 29588 (2023) Kat:3, Licht: 2","29588","3","1","0","02","22","7","","2","1","0","0","0"
"POINT (7.083628324000074 50.867236716000036)","Unfall 29589 (2023) Kat:3, Licht: 2","29589","3","7","8","02","19","7","","2","0","0","0","1"
"POINT (6.941385727000068 50.929288678000034)","Unfall 29590 (2023) Kat:3, Licht: 2","29590","3","7","0","02","01","7","","2","0","1","1","0"
"POINT (7.098129146000076 50.858819410000081)","Unfall 29654 (2023) Kat:3, Licht: 1","29654","3","1","0","02","06","6","","1","1","0","0","0"
"POINT (7.024511197000038 50.950243465000028)","Unfall 29655 (2023) Kat:3, Licht: 0","29655","3","6","3","02","14","6","","0","0","1","0","0"
"POINT (7.054313939000053 50.888366378000057)","Unfall 29656 (2023) Kat:3, Licht: 1","29656","3","6","1","02","18","6","","1","0","1","0","0"
"POINT (7.004676502000052 50.976570637000066)","Unfall 29658 (2023) Kat:3, Licht: 0","29658","3","2","2","02","11","6","","0","0","1","0","0"
"POINT (7.013830903000041 50.953154183000038)","Unfall 29659 (2023) Kat:3, Licht: 0","29659","3","6","2","02","11","6","","0","0","1","0","0"
"POINT (7.013725762000036 50.954344201000026)","Unfall 29660 (2023) Kat:3, Licht: 0","29660","3","3","5","02","13","6","","0","1","0","0","1"
"POINT (6.989441337000073 50.883874247000051)","Unfall 29661 (2023) Kat:3, Licht: 2","29661","3","7","1","02","18","6","","2","0","1","0","0"
"POINT (6.924550692000025 50.890187269000080)","Unfall 29749 (2023) Kat:3, Licht: 2","29749","3","6","2","02","18","5","","2","0","1","0","0"
"POINT (7.070730103000074 50.909601877000057)","Unfall 29750 (2023) Kat:3, Licht: 0","29750","3","2","2","02","12","5","","0","0","1","0","0"
"POINT (7.105290675000049 50.886148069000058)","Unfall 29751 (2023) Kat:3, Licht: 0","29751","3","5","1","02","14","5","","0","0","1","0","0"
"POINT (6.913135408000073 51.000748746000056)","Unfall 29752 (2023) Kat:2, Licht: 0","29752","2","1","0","02","13","5","","0","0","0","0","0"
"POINT (6.926610772000060 50.942717080000079)","Unfall 29753 (2023) Kat:3, Licht: 0","29753","3","3","5","02","15","5","","0","1","1","0","0"
"POINT (6.932605214000034 50.934289485000079)","Unfall 29754 (2023) Kat:3, Licht: 1","29754","3","5","8","02","19","5","","1","0","1","0","0"
"POINT (7.019991483000069 50.933363446000044)","Unfall 29856 (2023) Kat:3, Licht: 2","29856","3","3","5","02","22","4","","2","0","1","0","0"
"POINT (7.055595387000039 50.881614791000061)","Unfall 29857 (2023) Kat:3, Licht: 0","29857","3","2","5","02","14","4","","0","0","1","0","0"
"POINT (6.970942945000047 50.935380353000028)","Unfall 29858 (2023) Kat:3, Licht: 1","29858","3","4","6","02","18","4","","1","1","0","1","0"
"POINT (7.004655721000063 50.962856408000050)","Unfall 29859 (2023) Kat:3, Licht: 0","29859","3","6","0","02","15","4","","0","0","1","0","0"
"POINT (6.903128432000074 50.977431561000060)","Unfall 29860 (2023) Kat:2, Licht: 1","29860","2","3","5","02","17","4","","1","1","0","0","0"
"POINT (6.922080614000038 50.936771594000049)","Unfall 29861 (2023) Kat:2, Licht: 0","29861","2","3","5","02","16","4","","0","1","1","0","0"
"POINT (6.926597382000068 50.942687522000028)","Unfall 29862 (2023) Kat:3, Licht: 0","29862","3","6","2","02","14","4","","0","1","1","0","0"
"POINT (6.973859743000048 50.864728020000030)","Unfall 29863 (2023) Kat:3, Licht: 2","29863","3","6","2","02","18","4","","2","0","1","0","0"
"POINT (6.953499170000043 50.929960679000033)","Unfall 29864 (2023) Kat:3, Licht: 0","29864","3","1","0","02","09","4","","0","0","0","0","1"
"POINT (6.830034247000071 50.928676416000030)","Unfall 29886 (2023) Kat:3, Licht: 2","29886","3","6","3","03","19","2","","2","0","1","0","0"
"POINT (7.095314208000048 50.839849613000069)","Unfall 29969 (2023) Kat:3, Licht: 0","29969","3","6","2","02","14","3","","0","0","1","0","0"
"POINT (7.019649460000039 50.948701973000027)","Unfall 29971 (2023) Kat:3, Licht: 2","29971","3","6","2","02","18","3","","2","0","1","0","0"
"POINT (7.000969218000023 50.957091850000040)","Unfall 29972 (2023) Kat:3, Licht: 0","29972","3","3","5","02","16","3","","0","1","1","0","0"
"POINT (7.015726976000053 50.951751262000073)","Unfall 29974 (2023) Kat:3, Licht: 0","29974","3","2","4","02","11","3","","0","0","1","0","0"
"POINT (6.926742779000051 50.942629729000032)","Unfall 29975 (2023) Kat:3, Licht: 0","29975","3","2","5","02","07","3","","0","1","1","0","0"
"POINT (6.921632403000046 50.954893704000028)","Unfall 29976 (2023) Kat:3, Licht: 0","29976","3","6","0","02","16","3","","0","1","0","0","0"
"POINT (6.920847370000047 50.914087685000027)","Unfall 29978 (2023) Kat:3, Licht: 0","29978","3","2","3","02","08","3","","0","1","1","0","0"
"POINT (6.908091659000036 50.931225666000046)","Unfall 29980 (2023) Kat:3, Licht: 2","29980","3","3","5","02","06","3","","2","1","1","0","0"
"POINT (6.961319394000043 50.930014875000040)","Unfall 29982 (2023) Kat:3, Licht: 0","29982","3","6","3","02","15","3","","0","1","1","0","0"
"POINT (6.925572733000024 50.932139246000077)","Unfall 30059 (2023) Kat:3, Licht: 0","30059","3","6","2","02","15","6","","0","0","1","0","0"
"POINT (6.955099194000070 51.008032091000075)","Unfall 30077 (2023) Kat:3, Licht: 0","30077","3","2","3","03","09","5","","0","0","1","0","0"
"POINT (6.947969131000036 50.872894960000053)","Unfall 30083 (2023) Kat:3, Licht: 1","30083","3","2","6","02","18","4","","1","0","1","1","0"
"POINT (7.067271990000052 50.908847315000060)","Unfall 30106 (2023) Kat:3, Licht: 0","30106","3","6","2","02","12","2","","0","0","0","0","0"
"POINT (7.073644728000033 50.899289831000033)","Unfall 30107 (2023) Kat:3, Licht: 2","30107","3","2","5","02","17","2","","2","0","1","0","0"
"POINT (6.832593423000048 51.053519552000068)","Unfall 30109 (2023) Kat:3, Licht: 2","30109","3","7","0","02","22","2","","2","0","1","0","0"
"POINT (6.913394082000025 50.946636160000025)","Unfall 30110 (2023) Kat:3, Licht: 2","30110","3","2","5","02","20","2","","2","1","1","0","0"
"POINT (6.929868709000061 50.925759469000070)","Unfall 30112 (2023) Kat:2, Licht: 0","30112","2","6","2","02","12","2","","0","0","1","0","0"
"POINT (6.851578182000026 51.024544534000029)","Unfall 30172 (2023) Kat:3, Licht: 0","30172","3","6","2","03","16","6","","0","0","1","0","0"
"POINT (7.039499797000076 50.931312352000077)","Unfall 30206 (2023) Kat:3, Licht: 2","30206","3","6","2","02","19","1","","2","0","1","0","0"
"POINT (6.942141089000074 50.944866216000037)","Unfall 30207 (2023) Kat:3, Licht: 0","30207","3","1","2","02","10","1","","0","1","1","0","0"
"POINT (6.950590761000058 50.930690670000047)","Unfall 30209 (2023) Kat:3, Licht: 2","30209","3","1","0","02","22","1","","2","0","0","0","0"
"POINT (7.066857732000074 50.903046136000057)","Unfall 30222 (2023) Kat:3, Licht: 0","30222","3","6","2","02","12","3","","0","0","1","0","0"
"POINT (7.087978325000051 50.854905273000043)","Unfall 30255 (2023) Kat:3, Licht: 0","30255","3","5","8","02","10","7","","0","0","1","0","0"
"POINT (7.066659916000049 50.977303996000046)","Unfall 30256 (2023) Kat:3, Licht: 0","30256","3","3","5","02","12","7","","0","0","1","0","0"
"POINT (6.987883153000041 50.965236876000063)","Unfall 30257 (2023) Kat:3, Licht: 2","30257","3","1","0","02","18","7","","2","0","0","0","1"