WKT,Name,OBJECTID,UKATEGORIE,UTYP1,UART,UMONAT,USTUNDE,UWOCHENTAG,STRZUSTAND,ULICHTVERH,ISTRAD,ISTPKW,ISTFUSS,ISTKRAD
"POINT (6.938662663000059 50.952942238000048)","Unfall 30260 (2023) Kat:3, Licht: 2","30260","3","6","2","02","21","7","","2","0","1","0","0"
"POINT (7.057198730000039 50.949600058000044)","Unfall 30371 (2023) Kat:2, Licht: 2","30371","2","3","5","02","18","6","","2","0","1","0","0"
"POINT (7.017661559000032 50.982655166000029)","Unfall 30373 (2023) Kat:3, Licht: 0","30373","3","6","2","02","16","6","","0","0","1","0","0"
"POINT (7.075272301000041 50.919301128000029)","Unfall 30374 (2023) Kat:3, Licht: 0","30374","3","6","3","02","14","6","","0","0","1","0","0"
"POINT (7.031177619000061 50.966708571000026)","Unfall 30377 (2023) Kat:3, Licht: 2","30377","3","7","4","02","19","6","","2","0","1","0","0"
"POINT (6.980071824000049 50.930146362000073)","Unfall 30378 (2023) Kat:3, Licht: 0","30378","3","6","1","02","11","6","","0","0","1","0","0"
"POINT (6.926597382000068 50.942687522000028)","Unfall 30379 (2023) Kat:3, Licht: 0","30379","3","1","0","02","07","6","","0","1","0","0","0"
"POINT (6.853995451000060 50.938083091000067)","Unfall 30380 (2023) Kat:3, Licht: 0","30380","3","6","2","02","09","6","","0","0","1","0","1"
"POINT (6.972783634000052 50.870046899000045)","Unfall 30381 (2023) Kat:3, Licht: 0","30381","3","2","5","02","11","6","","0","1","1","0","0"
"POINT (6.980781411000066 50.898028057000033)","Unfall 30382 (2023) Kat:2, Licht: 0","30382","2","1","0","02","09","6","","0","1","0","0","0"
"POINT (6.855821044000038 51.072929865000049)","Unfall 30393 (2023) Kat:3, Licht: 0","30393","3","6","1","03","09","5","","0","0","1","0","0"
"POINT (6.927882707000037 50.959730507000074)","Unfall 30465 (2023) Kat:3, Licht: 0","30465","3","2","5","03","13","5","","0","1","1","0","0"
"POINT (6.994997450000028 51.004535224000051)","Unfall 30466 (2023) Kat:3, Licht: 2","30466","3","6","2","02","21","6","","2","0","1","0","0"
"POINT (6.908794275000048 51.006382896000048)","Unfall 30490 (2023) Kat:2, Licht: 0","30490","2","6","2","02","09","5","","0","0","1","0","0"
"POINT (6.850782851000076 50.976103675000047)","Unfall 30491 (2023) Kat:2, Licht: 2","30491","2","6","2","02","03","5","","2","0","1","0","0"
"POINT (7.033969991000049 50.860546273000068)","Unfall 30495 (2023) Kat:3, Licht: 0","30495","3","2","6","02","07","5","","0","0","1","1","0"
"POINT (6.988234363000061 50.936501920000069)","Unfall 30497 (2023) Kat:3, Licht: 0","30497","3","2","0","02","14","5","","0","1","1","0","0"
"POINT (6.980388230000074 50.923378998000032)","Unfall 30498 (2023) Kat:3, Licht: 2","30498","3","2","1","02","18","5","","2","0","1","0","0"
"POINT (6.935423972000024 50.877415672000041)","Unfall 30500 (2023) Kat:3, Licht: 1","30500","3","6","2","02","07","5","","1","0","1","0","0"
"POINT (7.087738980000040 50.857646389000081)","Unfall 30509 (2023) Kat:3, Licht: 0","30509","3","6","2","03","17","4","","0","0","1","0","0"
"POINT (6.977685734000033 50.935122336000063)","Unfall 30533 (2023) Kat:3, Licht: 0","30533","3","5","3","02","16","5","","0","1","1","0","0"
"POINT (6.969077111000047 50.876746680000053)","Unfall 30543 (2023) Kat:3, Licht: 0","30543","3","6","3","02","12","3","","0","0","1","0","0"
"POINT (6.989393402000076 50.883912749000046)","Unfall 30592 (2023) Kat:3, Licht: 0","30592","3","2","4","02","16","4","","0","0","1","0","0"
"POINT (6.926656901000058 50.914764841000078)","Unfall 30593 (2023) Kat:3, Licht: 0","30593","3","7","9","02","10","4","","0","0","1","0","0"
"POINT (6.913987682000027 50.929842080000071)","Unfall 30594 (2023) Kat:3, Licht: 2","30594","3","2","4","02","19","4","","2","1","1","0","0"
"POINT (6.875218471000039 50.992136649000031)","Unfall 30690 (2023) Kat:2, Licht: 0","30690","2","6","2","02","14","3","","0","0","1","0","0"
"POINT (7.013388498000040 50.988201337000078)","Unfall 30692 (2023) Kat:3, Licht: 0","30692","3","6","3","02","09","3","","0","0","1","0","0"
"POINT (7.082253477000052 50.878849232000050)","Unfall 30695 (2023) Kat:3, Licht: 0","30695","3","7","6","02","13","3","","0","0","1","1","0"
"POINT (6.993251849000046 51.011189528000045)","Unfall 30697 (2023) Kat:3, Licht: 1","30697","3","2","6","02","07","3","","1","0","1","1","0"
"POINT (7.059395116000076 50.974697819000028)","Unfall 30698 (2023) Kat:3, Licht: 0","30698","3","2","6","02","08","3","","0","0","1","1","0"
"POINT (6.851915083000051 51.014560932000052)","Unfall 30700 (2023) Kat:3, Licht: 0","30700","3","3","5","02","15","3","","0","0","1","0","0"
"POINT (6.956592585000067 50.950623855000060)","Unfall 30728 (2023) Kat:3, Licht: 0","30728","3","4","6","02","12","3","","0","0","0","1","0"
"POINT (6.870620899000073 50.916116154000065)","Unfall 30737 (2023) Kat:3, Licht: 0","30737","3","6","2","02","13","7","","0","0","1","0","0"
"POINT (6.932599958000026 50.935488716000066)","Unfall 30768 (2023) Kat:3, Licht: 2","30768","3","3","5","02","22","7","","2","0","1","0","0"
"POINT (7.057627817000025 50.907524329000069)","Unfall 30867 (2023) Kat:3, Licht: 0","30867","3","6","2","03","13","2","","0","0","1","0","0"
"POINT (7.096632475000035 50.861302091000027)","Unfall 30868 (2023) Kat:3, Licht: 0","30868","3","6","3","03","12","2","","0","0","1","0","0"
"POINT (6.915361303000054 50.920379480000065)","Unfall 30871 (2023) Kat:3, Licht: 0","30871","3","1","0","03","17","2","","0","1","0","0","0"
"POINT (6.965554239000028 50.847968231000038)","Unfall 30872 (2023) Kat:2, Licht: 0","30872","2","7","5","03","08","2","","0","0","1","0","0"
"POINT (6.992972818000055 50.936664135000058)","Unfall 30932 (2023) Kat:3, Licht: 0","30932","3","6","1","03","15","1","","0","0","1","0","0"
"POINT (7.010671467000066 50.957878423000068)","Unfall 30933 (2023) Kat:2, Licht: 0","30933","2","6","2","03","12","1","","0","0","1","0","1"
"POINT (6.912856665000049 50.944994593000047)","Unfall 30934 (2023) Kat:3, Licht: 0","30934","3","2","5","03","10","1","","0","1","1","0","0"
"POINT (6.856699001000038 50.920263958000078)","Unfall 30935 (2023) Kat:3, Licht: 0","30935","3","6","2","03","13","1","","0","0","1","0","0"
"POINT (7.012924416000033 51.018523311000081)","Unfall 31001 (2023) Kat:3, Licht: 0","31001","3","6","2","03","11","7","","0","0","1","0","0"
"POINT (7.027864392000026 50.857593292000047)","Unfall 31002 (2023) Kat:3, Licht: 0","31002","3","6","2","03","09","7","","0","0","1","0","0"
"POINT (7.014754642000071 50.975319929000079)","Unfall 31003 (2023) Kat:2, Licht: 0","31003","2","1","0","03","16","7","","0","1","0","0","0"
"POINT (6.955411798000057 51.028690804000064)","Unfall 31004 (2023) Kat:3, Licht: 0","31004","3","1","0","03","16","7","","0","1","0","0","0"
"POINT (6.947916547000034 50.981338866000044)","Unfall 31005 (2023) Kat:3, Licht: 0","31005","3","2","2","03","15","7","","0","0","1","0","0"
"POINT (6.888477079000040 50.929337170000053)","Unfall 31006 (2023) Kat:3, Licht: 0","31006","3","6","2","03","13","7","","0","0","1","0","0"
"POINT (6.971659062000072 50.913999879000073)","Unfall 31007 (2023) Kat:3, Licht: 2","31007","3","3","5","03","21","7","","2","0","1","0","0"
"POINT (6.948855550000076 50.935478648000071)","Unfall 31008 (2023) Kat:3, Licht: 0","31008","3","4","6","03","17","7","","0","1","0","1","0"
"POINT (7.073653265000075 50.899285209000027)","Unfall 31080 (2023) Kat:3, Licht: 2","31080","3","2","5","03","22","6","","2","0","1","0","0"
"POINT (7.080675495000037 50.881392199000061)","Unfall 31081 (2023) Kat:2, Licht: 0","31081","2","4","6","03","14","6","","0","0","1","1","0"
"POINT (6.976720926000041 50.953816589000041)","Unfall 31082 (2023) Kat:3, Licht: 0","31082","3","6","2","03","14","6","","0","0","1","0","0"
"POINT (6.893299751000029 50.999937262000060)","Unfall 31083 (2023) Kat:3, Licht: 0","31083","3","3","5","03","11","6","","0","1","1","0","0"
"POINT (6.909213211000065 50.938430256000061)","Unfall 31084 (2023) Kat:3, Licht: 0","31084","3","6","1","03","14","6","","0","0","1","0","0"
"POINT (7.090227413000036 50.858100354000044)","Unfall 31167 (2023) Kat:3, Licht: 2","31167","3","2","5","03","21","5","","2","0","1","0","0"
"POINT (6.976062943000045 50.954236293000065)","Unfall 31168 (2023) Kat:3, Licht: 0","31168","3","6","2","03","13","5","","0","0","1","0","0"
"POINT (7.096870094000053 50.857693574000052)","Unfall 31245 (2023) Kat:3, Licht: 0","31245","3","6","2","03","14","4","","0","0","1","0","0"
"POINT (6.980677609000054 50.951293825000050)","Unfall 31246 (2023) Kat:3, Licht: 0","31246","3","6","3","03","16","4","","0","0","1","0","0"
"POINT (6.995537739000042 50.964306581000073)","Unfall 31247 (2023) Kat:3, Licht: 0","31247","3","1","0","03","16","4","","0","1","0","0","0"
"POINT (6.972370316000024 50.939708611000071)","Unfall 31248 (2023) Kat:3, Licht: 0","31248","3","1","0","03","16","4","","0","1","0","0","0"
"POINT (6.878968960000066 51.059237127000074)","Unfall 31249 (2023) Kat:3, Licht: 0","31249","3","3","5","03","11","4","","0","1","0","0","0"
"POINT (6.923568100000068 50.936563300000046)","Unfall 31250 (2023) Kat:3, Licht: 0","31250","3","1","9","03","14","4","","0","0","1","0","0"
"POINT (6.879720793000047 51.005667950000031)","Unfall 31330 (2023) Kat:3, Licht: 0","31330","3","6","2","03","13","3","","0","0","1","0","0"
"POINT (6.849022766000076 50.933588402000055)","Unfall 31417 (2023) Kat:3, Licht: 0","31417","3","6","3","03","09","2","","0","0","1","0","0"
"POINT (6.948037503000023 50.954851355000073)","Unfall 31419 (2023) Kat:3, Licht: 0","31419","3","6","3","03","11","2","","0","0","1","0","0"
"POINT (6.905860058000030 50.937159021000070)","Unfall 31420 (2023) Kat:3, Licht: 2","31420","3","1","0","03","19","2","","2","0","1","0","1"
"POINT (7.013512257000059 50.939766180000049)","Unfall 31425 (2023) Kat:3, Licht: 0","31425","3","3","5","03","16","7","","0","1","1","0","0"
"POINT (6.968084175000058 50.851086650000070)","Unfall 31490 (2023) Kat:3, Licht: 2","31490","3","6","2","03","05","1","","2","0","1","0","0"
"POINT (7.053966324000044 50.930014390000053)","Unfall 31491 (2023) Kat:3, Licht: 0","31491","3","3","2","03","15","1","","0","0","1","0","0"
"POINT (7.006103220000057 50.961098514000071)","Unfall 31492 (2023) Kat:3, Licht: 0","31492","3","3","0","03","12","1","","0","0","1","0","0"
"POINT (6.847017011000048 50.979437831000041)","Unfall 31493 (2023) Kat:3, Licht: 0","31493","3","6","2","03","14","1","","0","0","1","0","0"
"POINT (7.021546913000066 50.920723444000032)","Unfall 31545 (2023) Kat:3, Licht: 0","31545","3","1","9","03","12","7","","0","0","0","0","1"
"POINT (7.046892790000072 50.867848667000032)","Unfall 31546 (2023) Kat:3, Licht: 0","31546","3","6","2","03","13","7","","0","0","1","0","0"
"POINT (7.088374484000042 50.854361517000029)","Unfall 31547 (2023) Kat:2, Licht: 0","31547","2","7","0","03","12","7","","0","0","1","1","0"
"POINT (7.060467947000063 50.906769936000046)","Unfall 31548 (2023) Kat:3, Licht: 0","31548","3","6","1","03","16","7","","0","0","1","0","0"
"POINT (6.980743169000050 50.930553911000061)","Unfall 31549 (2023) Kat:3, Licht: 2","31549","3","6","2","03","00","7","","2","0","1","0","0"
"POINT (7.062895146000074 50.905202378000070)","Unfall 31645 (2023) Kat:3, Licht: 1","31645","3","2","5","03","06","6","","1","0","1","0","0"
"POINT (7.097662981000042 50.858803250000051)","Unfall 31646 (2023) Kat:3, Licht: 0","31646","3","2","0","03","11","6","","0","0","1","1","0"
"POINT (6.850954187000070 50.919141069000034)","Unfall 31647 (2023) Kat:2, Licht: 2","31647","2","3","5","03","20","6","","2","0","1","0","0"
"POINT (6.930196109000065 50.924774950000028)","Unfall 31649 (2023) Kat:3, Licht: 0","31649","3","1","0","03","07","6","","0","0","0","0","0"
"POINT (6.927413731000058 50.915827892000038)","Unfall 31650 (2023) Kat:3, Licht: 0","31650","3","2","5","03","12","6","","0","0","1","1","0"
"POINT (6.955168419000074 50.874052368000036)","Unfall 31651 (2023) Kat:3, Licht: 0","31651","3","6","0","03","08","6","","0","1","1","0","0"
"POINT (6.958754112000065 50.950134163000030)","Unfall 31652 (2023) Kat:3, Licht: 0","31652","3","2","3","03","13","6","","0","0","1","0","0"
"POINT (6.918726761000073 50.915875341000060)","Unfall 31710 (2023) Kat:3, Licht: 0","31710","3","1","8","03","14","7","","0","1","0","0","0"
"POINT (6.828662978000068 51.007704150000052)","Unfall 31734 (2023) Kat:2, Licht: 0","31734","2","1","0","03","15","5","","0","0","0","0","1"
"POINT (7.018657389000055 50.949412772000073)","Unfall 31742 (2023) Kat:3, Licht: 1","31742","3","6","2","03","17","5","","1","0","1","0","0"
"POINT (6.845890006000047 50.918012882000028)","Unfall 31743 (2023) Kat:3, Licht: 0","31743","3","3","5","03","15","5","","0","0","1","0","0"
"POINT (6.952623686000038 50.924088505000043)","Unfall 31744 (2023) Kat:3, Licht: 2","31744","3","2","5","03","02","5","","2","0","1","0","0"
"POINT (6.849371958000063 50.941311650000046)","Unfall 31846 (2023) Kat:3, Licht: 0","31846","3","6","2","03","07","4","","0","0","1","0","0"
"POINT (7.064908503000026 50.906612907000067)","Unfall 31848 (2023) Kat:3, Licht: 1","31848","3","2","2","03","16","4","","1","0","1","0","0"
"POINT (7.035194812000043 50.967531857000040)","Unfall 31971 (2023) Kat:3, Licht: 0","31971","3","2","6","03","19","3","","0","0","1","1","0"
"POINT (6.954477132000022 50.960677753000027)","Unfall 31972 (2023) Kat:3, Licht: 0","31972","3","5","1","03","11","3","","0","1","0","0","0"
"POINT (6.912233394000054 50.906543177000060)","Unfall 31973 (2023) Kat:3, Licht: 2","31973","3","2","4","03","06","3","","2","0","1","0","1"
"POINT (6.920847370000047 50.914087685000027)","Unfall 31974 (2023) Kat:3, Licht: 0","31974","3","7","0","03","15","3","","0","1","0","0","0"
"POINT (6.908778447000032 50.927756392000049)","Unfall 31975 (2023) Kat:3, Licht: 0","31975","3","6","1","03","17","3","","0","0","1","0","0"
"POINT (7.078879989000029 50.896363483000073)","Unfall 31997 (2023) Kat:3, Licht: 0","31997","3","6","1","04","16","2","","0","0","1","0","0"
"POINT (7.106993303000024 50.915358355000080)","Unfall 31998 (2023) Kat:3, Licht: 0","31998","3","6","2","04","16","2","","0","0","1","0","0"
"POINT (6.971268876000067 50.938267710000048)","Unfall 31999 (2023) Kat:3, Licht: 0","31999","3","4","6","04","15","2","","0","0","0","1","1"
"POINT (6.964179214000069 50.950776555000061)","Unfall 32000 (2023) Kat:3, Licht: 0","32000","3","4","6","04","16","2","","0","0","1","1","0"
"POINT (7.085094862000062 50.856416369000044)","Unfall 32041 (2023) Kat:3, Licht: 2","32041","3","1","8","04","01","1","","2","0","1","0","0"
"POINT (7.084000129000060 50.860802574000047)","Unfall 32042 (2023) Kat:2, Licht: 0","32042","2","3","0","04","11","1","","0","1","1","0","0"
"POINT (6.948408740000048 50.893979018000039)","Unfall 32043 (2023) Kat:2, Licht: 2","32043","2","1","0","04","01","1","","2","0","0","0","1"
"POINT (6.931066315000066 50.918954937000080)","Unfall 32044 (2023) Kat:2, Licht: 2","32044","2","4","6","04","05","1","","2","0","1","1","0"
"POINT (7.030355257000053 50.951372074000062)","Unfall 32097 (2023) Kat:3, Licht: 2","32097","3","1","8","04","02","7","","2","0","1","0","0"
"POINT (7.036598932000061 50.996183900000062)","Unfall 32098 (2023) Kat:3, Licht: 0","32098","3","7","6","04","11","7","","0","0","1","1","0"
"POINT (7.073509324000042 50.881157073000054)","Unfall 32134 (2023) Kat:3, Licht: 2","32134","3","6","1","04","21","6","","2","0","1","0","0"
"POINT (6.972880438000061 50.931368133000035)","Unfall 32135 (2023) Kat:2, Licht: 0","32135","2","1","0","04","09","6","","0","1","0","0","0"
"POINT (7.034266867000042 50.967342308000070)","Unfall 32136 (2023) Kat:3, Licht: 2","32136","3","7","0","04","03","6","","2","0","0","1","0"
"POINT (7.092986183000050 50.929688223000028)","Unfall 32184 (2023) Kat:3, Licht: 0","32184","3","3","0","04","13","5","","0","0","0","0","0"
"POINT (7.058924007000030 50.908549876000052)","Unfall 32185 (2023) Kat:3, Licht: 2","32185","3","2","4","04","20","5","","2","0","1","0","0"
"POINT (6.850937037000051 50.937967473000072)","Unfall 32186 (2023) Kat:3, Licht: 0","32186","3","6","1","04","08","5","","0","0","1","0","0"
"POINT (6.915343396000026 50.920400703000041)","Unfall 32187 (2023) Kat:3, Licht: 0","32187","3","1","0","04","16","5","","0","1","0","0","0"
"POINT (6.989625214000057 50.887183726000046)","Unfall 32188 (2023) Kat:3, Licht: 0","32188","3","7","5","04","11","5","","0","0","1","0","0"
"POINT (6.946452816000033 50.904519726000046)","Unfall 32189 (2023) Kat:2, Licht: 0","32189","2","1","0","04","09","5","","0","0","0","0","0"
"POINT (7.018848593000030 50.949486756000056)","Unfall 32209 (2023) Kat:2, Licht: 0","32209","2","4","6","04","15","7","","0","0","1","1","0"
"POINT (7.096403941000062 50.863115818000040)","Unfall 32273 (2023) Kat:3, Licht: 0","32273","3","6","2","04","16","4","","0","0","1","0","0"
"POINT (6.998480712000060 50.937563110000042)","Unfall 32274 (2023) Kat:3, Licht: 0","32274","3","6","3","04","17","4","","0","0","1","0","0"
"POINT (7.014074790000052 50.974964773000067)","Unfall 32275 (2023) Kat:2, Licht: 2","32275","2","1","0","04","01","4","","2","1","0","0","0"
"POINT (7.012784168000053 50.956403175000048)","Unfall 32276 (2023) Kat:2, Licht: 0","32276","2","2","0","04","10","4","","0","1","1","0","0"
"POINT (6.932344839000052 50.948405654000055)","Unfall 32277 (2023) Kat:3, Licht: 0","32277","3","3","5","04","20","4","","0","1","1","0","0"
"POINT (7.092442074000076 50.889837780000050)","Unfall 32362 (2023) Kat:3, Licht: 0","32362","3","6","2","04","11","3","","0","0","1","0","0"
"POINT (7.047433489000070 50.942279449000068)","Unfall 32363 (2023) Kat:3, Licht: 0","32363","3","3","5","04","12","3","","0","0","1","0","1"
"POINT (6.974884423000049 50.928451873000029)","Unfall 32364 (2023) Kat:3, Licht: 0","32364","3","2","2","04","16","3","","0","0","1","0","1"
"POINT (6.950865606000036 50.973504455000068)","Unfall 32365 (2023) Kat:3, Licht: 0","32365","3","2","2","04","17","3","","0","0","1","0","0"
"POINT (6.835457479000070 50.927859858000033)","Unfall 32462 (2023) Kat:3, Licht: 0","32462","3","6","2","04","18","2","","0","0","1","0","0"
"POINT (6.847629630000029 50.929160737000075)","Unfall 32463 (2023) Kat:2, Licht: 0","32463","2","1","8","04","16","2","","0","0","0","0","0"
"POINT (6.982817547000025 50.944009272000073)","Unfall 32466 (2023) Kat:3, Licht: 0","32466","3","1","0","04","16","2","","0","0","0","0","1"
"POINT (6.926360180000074 50.930971988000067)","Unfall 32467 (2023) Kat:3, Licht: 0","32467","3","2","5","04","23","2","","0","1","1","0","0"
"POINT (6.936847278000073 50.935369979000029)","Unfall 32468 (2023) Kat:3, Licht: 0","32468","3","3","5","04","13","2","","0","0","1","0","1"
"POINT (7.101557024000044 50.896826428000054)","Unfall 32529 (2023) Kat:3, Licht: 0","32529","3","2","2","04","13","1","","0","0","1","0","0"
"POINT (6.912856665000049 50.944994593000047)","Unfall 32531 (2023) Kat:3, Licht: 2","32531","3","1","0","04","01","1","","2","0","0","0","0"
"POINT (6.905466477000061 50.902475832000050)","Unfall 32532 (2023) Kat:3, Licht: 2","32532","3","7","9","04","20","1","","2","0","0","0","1"
"POINT (7.028234752000060 50.917098925000062)","Unfall 32585 (2023) Kat:3, Licht: 0","32585","3","6","2","04","13","7","","0","0","1","0","0"
"POINT (7.022852754000041 50.933134590000066)","Unfall 32587 (2023) Kat:2, Licht: 0","32587","2","6","0","04","10","7","","0","0","0","0","1"
"POINT (7.055668780000076 50.883581367000033)","Unfall 32588 (2023) Kat:2, Licht: 0","32588","2","5","1","04","16","7","","0","0","1","0","1"
"POINT (7.031291956000075 50.937480978000053)","Unfall 32589 (2023) Kat:3, Licht: 0","32589","3","6","2","04","11","7","","0","0","1","0","0"
"POINT (6.984121890000040 50.900928983000028)","Unfall 32590 (2023) Kat:3, Licht: 2","32590","3","1","8","04","22","7","","2","0","1","0","0"
"POINT (6.904140681000058 50.986829798000031)","Unfall 32663 (2023) Kat:3, Licht: 0","32663","3","6","2","03","12","6","","0","0","1","0","0"
"POINT (7.002474302000053 50.937883532000058)","Unfall 32665 (2023) Kat:3, Licht: 0","32665","3","5","0","03","10","6","","0","1","0","0","0"
"POINT (7.014251973000057 50.963262255000075)","Unfall 32666 (2023) Kat:3, Licht: 0","32666","3","2","6","03","12","6","","0","0","1","1","0"
"POINT (7.028235918000064 50.984891261000030)","Unfall 32667 (2023) Kat:2, Licht: 0","32667","2","3","5","03","18","6","","0","1","1","0","0"
"POINT (6.829018822000023 50.953861407000034)","Unfall 32668 (2023) Kat:3, Licht: 0","32668","3","3","5","03","17","6","","0","1","1","0","0"
"POINT (6.979626202000077 50.951963950000049)","Unfall 32724 (2023) Kat:3, Licht: 0","32724","3","6","2","04","14","5","","0","0","1","0","0"
"POINT (6.995394721000025 50.903888744000028)","Unfall 32786 (2023) Kat:2, Licht: 1","32786","2","6","3","03","06","5","","1","0","1","0","0"
"POINT (7.043695370000023 50.908734164000066)","Unfall 32787 (2023) Kat:3, Licht: 2","32787","3","1","2","04","03","2","","2","0","1","0","0"
"POINT (7.032552444000032 50.962920013000030)","Unfall 32789 (2023) Kat:3, Licht: 0","32789","3","6","2","03","07","5","","0","0","1","0","0"
"POINT (6.921024620000026 50.914284992000034)","Unfall 32791 (2023) Kat:3, Licht: 0","32791","3","2","5","03","16","5","","0","1","1","0","0"
"POINT (6.973884382000051 50.864526759000057)","Unfall 32792 (2023) Kat:3, Licht: 0","32792","3","3","5","03","11","5","","0","0","1","0","0"
"POINT (6.927412236000066 50.861930464000068)","Unfall 32794 (2023) Kat:3, Licht: 0","32794","3","6","2","03","15","5","","0","0","1","0","0"
"POINT (6.962575080000022 50.930638103000035)","Unfall 32827 (2023) Kat:3, Licht: 0","32827","3","3","3","04","13","4","","0","0","1","0","0"
"POINT (6.861475570000039 50.987491959000067)","Unfall 32874 (2023) Kat:3, Licht: 0","32874","3","6","2","03","18","4","","0","0","1","0","0"
"POINT (7.049894235000068 50.933703711000078)","Unfall 32877 (2023) Kat:3, Licht: 0","32877","3","6","1","03","12","4","","0","0","1","0","0"
"POINT (6.898287379000067 50.996108992000075)","Unfall 32880 (2023) Kat:3, Licht: 0","32880","3","3","5","03","16","4","","0","1","1","0","0"
"POINT (6.942955666000046 50.935916589000044)","Unfall 32881 (2023) Kat:3, Licht: 0","32881","3","5","1","03","08","4","","0","0","1","0","0"
"POINT (6.940611912000065 50.931129473000055)","Unfall 32882 (2023) Kat:3, Licht: 2","32882","3","1","0","03","21","4","","2","1","0","0","0"
"POINT (6.965365642000052 50.949003480000044)","Unfall 32883 (2023) Kat:2, Licht: 1","32883","2","6","2","03","07","4","","1","0","1","0","0"
"POINT (7.073676594000062 50.899272581000048)","Unfall 32978 (2023) Kat:3, Licht: 0","32978","3","2","5","03","16","3","","0","0","1","0","0"
"POINT (7.078019818000030 50.923377556000048)","Unfall 32979 (2023) Kat:3, Licht: 0","32979","3","3","5","03","07","3","","0","1","1","0","0"
"POINT (6.986394003000044 50.929704095000034)","Unfall 32980 (2023) Kat:3, Licht: 0","32980","3","3","3","03","10","3","","0","0","1","0","0"
"POINT (6.910684353000022 50.939786674000061)","Unfall 32982 (2023) Kat:3, Licht: 2","32982","3","2","3","03","20","3","","2","1","1","0","0"
"POINT (6.930113663000043 50.909176987000080)","Unfall 32983 (2023) Kat:3, Licht: 0","32983","3","2","5","03","08","3","","0","1","1","0","0"
"POINT (6.939578149000056 50.905646565000040)","Unfall 32984 (2023) Kat:3, Licht: 0","32984","3","4","6","03","16","3","","0","0","1","1","0"
"POINT (7.058576791000064 50.897371193000026)","Unfall 33086 (2023) Kat:3, Licht: 0","33086","3","2","5","03","15","2","","0","0","1","0","0"
"POINT (7.091581363000046 50.850305451000054)","Unfall 33087 (2023) Kat:3, Licht: 1","33087","3","2","5","03","06","2","","1","0","0","0","0"
"POINT (6.971075008000071 50.936675705000027)","Unfall 33088 (2023) Kat:2, Licht: 0","33088","2","3","5","03","14","2","","0","1","1","0","0"
"POINT (6.970850479000035 50.936282879000032)","Unfall 33089 (2023) Kat:3, Licht: 0","33089","3","1","0","03","07","2","","0","1","0","0","0"
"POINT (6.983731936000027 50.921452068000065)","Unfall 33090 (2023) Kat:3, Licht: 0","33090","3","2","3","03","14","2","","0","0","0","0","0"
"POINT (7.013654225000039 50.974731869000038)","Unfall 33091 (2023) Kat:3, Licht: 0","33091","3","3","5","03","18","2","","0","0","1","0","0"
"POINT (6.974937226000065 50.939855806000025)","Unfall 33092 (2023) Kat:3, Licht: 0","33092","3","3","5","03","11","2","","0","0","1","0","0"
"POINT (6.881962689000034 50.937597093000079)","Unfall 33094 (2023) Kat:2, Licht: 0","33094","2","3","5","03","17","2","","0","0","1","0","1"
"POINT (6.852461147000042 50.938107990000049)","Unfall 33095 (2023) Kat:3, Licht: 0","33095","3","6","3","03","09","2","","0","0","1","0","0"
"POINT (6.864926378000064 50.971488622000038)","Unfall 33096 (2023) Kat:3, Licht: 0","33096","3","6","2","03","15","2","","0","0","1","0","0"
"POINT (6.912233394000054 50.906543177000060)","Unfall 33097 (2023) Kat:2, Licht: 2","33097","2","2","5","03","21","2","","2","0","1","0","1"
"POINT (6.962658471000054 50.943061273000069)","Unfall 33098 (2023) Kat:3, Licht: 1","33098","3","3","5","03","20","2","","1","1","1","0","0"
"POINT (7.094678991000023 50.949804936000078)","Unfall 33194 (2023) Kat:2, Licht: 0","33194","2","1","8","03","12","1","","0","0","1","0","0"
"POINT (7.035252770000056 50.897827599000038)","Unfall 33195 (2023) Kat:3, Licht: 1","33195","3","1","0","03","06","1","","1","0","0","0","0"
"POINT (6.990776816000050 50.867318126000043)","Unfall 33196 (2023) Kat:3, Licht: 0","33196","3","1","0","03","16","1","","0","0","0","0","1"
"POINT (6.942557628000031 50.935920739000039)","Unfall 33197 (2023) Kat:3, Licht: 0","33197","3","6","2","03","17","1","","0","0","1","0","0"
"POINT (6.977545087000067 50.925981963000027)","Unfall 33201 (2023) Kat:2, Licht: 0","33201","2","1","0","04","19","2","","0","0","0","0","0"
"POINT (7.024221123000075 50.945325399000069)","Unfall 33253 (2023) Kat:3, Licht: 0","33253","3","6","2","03","13","7","","0","0","1","0","0"
"POINT (6.949742025000035 50.955611110000063)","Unfall 33254 (2023) Kat:3, Licht: 0","33254","3","2","5","03","16","7","","0","0","1","0","0"
"POINT (6.859007493000036 50.975618823000048)","Unfall 33255 (2023) Kat:3, Licht: 0","33255","3","6","2","03","16","7","","0","0","1","0","0"
"POINT (6.972595493000028 50.956386691000034)","Unfall 33296 (2023) Kat:3, Licht: 0","33296","3","6","2","03","12","6","","0","0","1","0","1"
"POINT (6.874218890000066 50.991829621000079)","Unfall 33344 (2023) Kat:3, Licht: 0","33344","3","6","2","03","07","6","","0","0","1","0","0"
"POINT (7.082777388000068 50.856103934000032)","Unfall 33349 (2023) Kat:3, Licht: 0","33349","3","6","2","03","16","6","","0","0","1","0","0"
"POINT (6.985204625000051 50.947677025000075)","Unfall 33350 (2023) Kat:3, Licht: 0","33350","3","6","2","03","08","6","","0","0","1","0","0"