WKT,Name,OBJECTID,UKATEGORIE,UTYP1,UART,UMONAT,USTUNDE,UWOCHENTAG,STRZUSTAND,ULICHTVERH,ISTRAD,ISTPKW,ISTFUSS,ISTKRAD
"POINT (6.856743985000037 50.920293224000034)","Unfall 33351 (2023) Kat:3, Licht: 0","33351","3","3","5","03","14","6","","0","1","1","0","0"
"POINT (6.927919132000056 50.944569745000081)","Unfall 33352 (2023) Kat:3, Licht: 0","33352","3","6","2","03","11","6","","0","0","1","0","0"
"POINT (6.920238742000038 50.953809658000068)","Unfall 33354 (2023) Kat:3, Licht: 1","33354","3","7","3","03","18","6","","1","0","1","0","0"
"POINT (6.836337367000056 50.938364076000028)","Unfall 33355 (2023) Kat:3, Licht: 0","33355","3","2","5","03","15","6","","0","0","0","0","0"
"POINT (7.107377406000069 50.876659613000072)","Unfall 33454 (2023) Kat:3, Licht: 1","33454","3","5","1","03","06","5","","1","0","1","0","0"
"POINT (6.999285263000047 50.937633349000066)","Unfall 33455 (2023) Kat:3, Licht: 0","33455","3","7","6","03","18","5","","0","0","0","1","0"
"POINT (6.915912689000038 50.971053874000063)","Unfall 33457 (2023) Kat:3, Licht: 0","33457","3","6","3","03","13","5","","0","0","1","0","0"
"POINT (6.959479693000048 50.903828546000057)","Unfall 33458 (2023) Kat:3, Licht: 0","33458","3","7","5","03","09","5","","0","0","0","0","0"
"POINT (6.969594614000073 50.883060980000039)","Unfall 33459 (2023) Kat:3, Licht: 0","33459","3","6","4","03","17","5","","0","1","0","0","0"
"POINT (6.948388196000053 50.993551486000058)","Unfall 33516 (2023) Kat:2, Licht: 0","33516","2","1","9","04","11","6","","0","0","1","0","0"
"POINT (7.056665286000054 50.892187094000064)","Unfall 33540 (2023) Kat:3, Licht: 0","33540","3","6","2","03","17","4","","0","0","1","0","0"
"POINT (7.060688324000068 50.903442357000074)","Unfall 33541 (2023) Kat:3, Licht: 0","33541","3","6","2","03","16","4","","0","0","1","0","0"
"POINT (6.901405809000039 50.993770232000031)","Unfall 33543 (2023) Kat:2, Licht: 0","33543","2","4","6","03","16","4","","0","0","1","1","0"
"POINT (6.954823016000034 50.998446542000067)","Unfall 33544 (2023) Kat:3, Licht: 2","33544","3","2","4","03","21","4","","2","0","1","0","0"
"POINT (7.040110186000049 50.944683438000027)","Unfall 33546 (2023) Kat:2, Licht: 0","33546","2","6","2","03","17","4","","0","0","1","0","0"
"POINT (6.868514529000038 50.958699360000026)","Unfall 33547 (2023) Kat:2, Licht: 0","33547","2","3","0","03","12","4","","0","1","0","0","0"
"POINT (7.072485313000072 50.964645760000053)","Unfall 33635 (2023) Kat:3, Licht: 0","33635","3","3","5","03","08","4","","0","0","1","0","0"
"POINT (6.837570553000035 51.038975432000029)","Unfall 33641 (2023) Kat:3, Licht: 0","33641","3","6","2","03","13","3","","0","0","1","0","0"
"POINT (7.079801505000034 50.918935926000074)","Unfall 33644 (2023) Kat:3, Licht: 0","33644","3","7","8","03","07","3","","0","0","1","0","0"
"POINT (6.992713358000060 50.936542226000029)","Unfall 33645 (2023) Kat:3, Licht: 0","33645","3","3","0","03","08","3","","0","1","1","0","0"
"POINT (7.006431215000021 50.963565026000026)","Unfall 33646 (2023) Kat:3, Licht: 0","33646","3","2","2","03","11","3","","0","0","1","0","0"
"POINT (6.921463738000057 51.016132009000046)","Unfall 33647 (2023) Kat:3, Licht: 0","33647","3","3","5","03","14","3","","0","1","1","0","0"
"POINT (6.854537465000021 50.976800519000051)","Unfall 33648 (2023) Kat:3, Licht: 0","33648","3","3","5","03","07","3","","0","0","1","0","0"
"POINT (6.926119277000055 50.860147235000056)","Unfall 33649 (2023) Kat:3, Licht: 0","33649","3","1","0","03","17","3","","0","1","0","0","0"
"POINT (6.948974390000046 50.935444128000029)","Unfall 33650 (2023) Kat:3, Licht: 0","33650","3","3","5","03","09","3","","0","0","0","0","0"
"POINT (6.962513555000044 50.943105918000072)","Unfall 33652 (2023) Kat:3, Licht: 2","33652","3","4","6","03","23","3","","2","0","1","1","0"
"POINT (6.993099120000068 50.936778144000073)","Unfall 33693 (2023) Kat:3, Licht: 0","33693","3","1","7","05","13","5","","0","1","0","0","0"
"POINT (7.052773971000022 50.972334018000026)","Unfall 33694 (2023) Kat:3, Licht: 0","33694","3","2","5","05","08","5","","0","1","1","0","0"
"POINT (6.953334468000037 50.966627685000049)","Unfall 33695 (2023) Kat:3, Licht: 0","33695","3","2","5","05","12","5","","0","1","0","0","0"
"POINT (6.940611465000075 50.931130502000030)","Unfall 33696 (2023) Kat:3, Licht: 0","33696","3","4","6","05","07","5","","0","1","0","1","0"
"POINT (6.958965316000047 50.921203225000056)","Unfall 33697 (2023) Kat:3, Licht: 2","33697","3","1","0","05","22","5","","2","0","0","0","0"
"POINT (7.085237302000053 50.946979492000025)","Unfall 33797 (2023) Kat:3, Licht: 0","33797","3","1","1","05","16","4","","0","0","1","0","0"
"POINT (6.947232411000073 50.926270882000040)","Unfall 33799 (2023) Kat:2, Licht: 0","33799","2","6","6","05","10","4","","0","1","0","1","0"
"POINT (6.994258069000068 50.937169342000061)","Unfall 33890 (2023) Kat:3, Licht: 0","33890","3","2","5","05","11","3","","0","1","0","0","0"
"POINT (7.100940170000058 50.899718108000059)","Unfall 33891 (2023) Kat:3, Licht: 1","33891","3","2","5","05","08","3","","1","0","1","0","1"
"POINT (7.077909890000058 50.892339122000067)","Unfall 33892 (2023) Kat:1, Licht: 0","33892","1","7","0","05","12","3","","0","0","1","0","0"
"POINT (7.004509794000057 50.962617685000055)","Unfall 33893 (2023) Kat:3, Licht: 0","33893","3","5","0","05","08","3","","0","1","0","0","0"
"POINT (6.996417819000044 50.964037027000074)","Unfall 33894 (2023) Kat:3, Licht: 0","33894","3","6","4","05","08","3","","0","1","0","0","0"
"POINT (6.977792681000039 50.935690928000042)","Unfall 33895 (2023) Kat:3, Licht: 0","33895","3","5","3","05","15","3","","0","0","1","0","0"
"POINT (6.869909388000053 51.000968456000066)","Unfall 33896 (2023) Kat:3, Licht: 0","33896","3","7","8","05","19","3","","0","0","0","0","0"
"POINT (6.930581354000026 50.954837989000055)","Unfall 33897 (2023) Kat:3, Licht: 0","33897","3","3","6","05","12","3","","0","1","0","1","0"
"POINT (6.979082211000048 50.849215054000069)","Unfall 33898 (2023) Kat:3, Licht: 0","33898","3","2","2","05","17","3","","0","0","1","0","0"
"POINT (6.915342999000075 50.920401175000052)","Unfall 33899 (2023) Kat:3, Licht: 0","33899","3","1","0","05","18","3","","0","1","0","0","0"
"POINT (6.947016775000066 50.935676497000031)","Unfall 33900 (2023) Kat:3, Licht: 0","33900","3","3","6","05","16","3","","0","1","0","1","0"
"POINT (7.055781995000075 50.886810835000063)","Unfall 33965 (2023) Kat:3, Licht: 2","33965","3","7","8","05","04","2","","2","0","1","0","0"
"POINT (7.029212659000052 50.956712437000078)","Unfall 33966 (2023) Kat:3, Licht: 0","33966","3","6","1","05","13","2","","0","0","1","0","0"
"POINT (6.955078692000029 50.935073370000055)","Unfall 33967 (2023) Kat:3, Licht: 0","33967","3","6","6","05","12","2","","0","1","0","1","0"
"POINT (7.086858686000028 50.919203250000066)","Unfall 34054 (2023) Kat:2, Licht: 0","34054","2","7","8","04","06","1","","0","0","1","0","0"
"POINT (7.067557941000075 50.908205925000061)","Unfall 34055 (2023) Kat:3, Licht: 0","34055","3","4","6","04","12","1","","0","1","0","1","0"
"POINT (6.852139003000048 51.001971074000039)","Unfall 34056 (2023) Kat:3, Licht: 0","34056","3","1","0","04","14","1","","0","0","1","0","1"
"POINT (6.915453052000032 50.904195114000061)","Unfall 34057 (2023) Kat:3, Licht: 0","34057","3","6","1","04","12","1","","0","0","1","0","0"
"POINT (6.968613404000052 50.862326419000055)","Unfall 34130 (2023) Kat:3, Licht: 0","34130","3","1","9","04","20","7","","0","0","1","0","0"
"POINT (6.828982113000052 50.959273945000064)","Unfall 34132 (2023) Kat:3, Licht: 0","34132","3","3","5","04","12","7","","0","1","1","0","0"
"POINT (6.938984660000074 50.936439894000046)","Unfall 34133 (2023) Kat:3, Licht: 0","34133","3","2","5","04","19","7","","0","0","1","0","0"
"POINT (6.958042377000027 50.935410716000035)","Unfall 34134 (2023) Kat:3, Licht: 0","34134","3","7","0","04","18","7","","0","0","1","0","0"
"POINT (7.027325566000059 50.916770178000036)","Unfall 34135 (2023) Kat:3, Licht: 0","34135","3","6","2","05","16","5","","0","0","1","0","0"
"POINT (6.953108144000055 50.923408512000037)","Unfall 34148 (2023) Kat:3, Licht: 0","34148","3","4","6","04","18","7","","0","1","0","1","0"
"POINT (6.999252228000046 50.989648761000069)","Unfall 34198 (2023) Kat:3, Licht: 0","34198","3","3","5","04","12","6","","0","0","1","0","0"
"POINT (6.855999495000049 51.072751114000027)","Unfall 34199 (2023) Kat:3, Licht: 0","34199","3","6","1","04","15","6","","0","1","1","0","0"
"POINT (6.912856574000045 50.944981095000060)","Unfall 34200 (2023) Kat:3, Licht: 0","34200","3","2","5","04","12","6","","0","1","0","0","0"
"POINT (6.897128157000054 50.925718622000034)","Unfall 34201 (2023) Kat:3, Licht: 0","34201","3","6","2","04","08","6","","0","0","1","0","0"
"POINT (6.852471612000045 50.937939889000063)","Unfall 34254 (2023) Kat:3, Licht: 0","34254","3","2","5","05","15","4","","0","1","1","0","0"
"POINT (6.905005797000058 50.986111442000038)","Unfall 34297 (2023) Kat:3, Licht: 0","34297","3","6","2","04","07","5","","0","0","1","0","0"
"POINT (6.857183430000021 50.925793437000038)","Unfall 34300 (2023) Kat:3, Licht: 2","34300","3","7","0","04","22","7","","2","1","0","0","0"
"POINT (7.080838168000071 50.946047911000051)","Unfall 34301 (2023) Kat:2, Licht: 0","34301","2","2","6","04","12","5","","0","0","1","1","0"
"POINT (6.933103062000043 50.952454212000077)","Unfall 34302 (2023) Kat:3, Licht: 0","34302","3","6","3","04","14","5","","0","0","1","0","0"
"POINT (6.915434896000022 50.904209661000039)","Unfall 34303 (2023) Kat:3, Licht: 0","34303","3","6","2","04","18","5","","0","0","1","0","0"
"POINT (6.849674587000038 50.978064192000033)","Unfall 34379 (2023) Kat:3, Licht: 0","34379","3","6","1","04","08","4","","0","0","1","0","0"
"POINT (7.032694720000052 50.967350335000049)","Unfall 34382 (2023) Kat:3, Licht: 0","34382","3","2","2","05","20","5","","0","0","1","0","0"
"POINT (7.048376127000040 50.892341130000034)","Unfall 34387 (2023) Kat:3, Licht: 0","34387","3","5","1","04","11","4","","0","1","1","0","0"
"POINT (7.027180079000061 50.959604867000053)","Unfall 34388 (2023) Kat:3, Licht: 2","34388","3","3","5","04","22","4","","2","0","1","0","1"
"POINT (6.913295503000029 51.004099591000056)","Unfall 34389 (2023) Kat:3, Licht: 0","34389","3","3","5","04","17","4","","0","1","1","0","0"
"POINT (6.883628383000030 50.937763829000062)","Unfall 34390 (2023) Kat:3, Licht: 2","34390","3","3","5","04","22","4","","2","1","1","0","0"
"POINT (6.918879230000073 50.952535140000066)","Unfall 34391 (2023) Kat:3, Licht: 0","34391","3","6","3","04","09","4","","0","0","1","0","0"
"POINT (6.928683569000043 50.959971775000042)","Unfall 34392 (2023) Kat:3, Licht: 0","34392","3","3","0","04","17","4","","0","1","1","0","0"
"POINT (6.985617435000052 50.899814584000069)","Unfall 34394 (2023) Kat:3, Licht: 0","34394","3","5","0","04","17","4","","0","1","1","0","0"
"POINT (6.929652290000035 50.925707972000055)","Unfall 34395 (2023) Kat:3, Licht: 0","34395","3","4","6","04","17","4","","0","0","1","1","0"
"POINT (6.953096351000056 50.935107688000073)","Unfall 34396 (2023) Kat:3, Licht: 0","34396","3","2","3","04","18","4","","0","0","1","0","0"
"POINT (6.951893656000038 50.948739371000045)","Unfall 34397 (2023) Kat:3, Licht: 0","34397","3","7","6","04","19","4","","0","0","1","1","0"
"POINT (6.969555466000031 50.864122891000079)","Unfall 34471 (2023) Kat:3, Licht: 0","34471","3","6","2","04","07","3","","0","0","1","0","0"
"POINT (6.966848284000037 50.959080714000038)","Unfall 34494 (2023) Kat:2, Licht: 0","34494","2","3","0","04","07","5","","0","1","0","0","0"
"POINT (7.004811969000059 50.924877318000028)","Unfall 34545 (2023) Kat:2, Licht: 0","34545","2","6","2","04","18","4","","0","0","1","0","0"
"POINT (7.085760109000034 50.947065837000082)","Unfall 34562 (2023) Kat:3, Licht: 0","34562","3","3","0","04","08","2","","0","0","1","0","0"
"POINT (7.050232713000071 50.971420621000050)","Unfall 34563 (2023) Kat:3, Licht: 0","34563","3","3","5","04","14","2","","0","0","1","0","0"
"POINT (6.985508099000072 50.936613442000066)","Unfall 34564 (2023) Kat:3, Licht: 0","34564","3","3","0","04","14","2","","0","0","1","0","1"
"POINT (6.917633617000035 50.951180589000046)","Unfall 34565 (2023) Kat:3, Licht: 2","34565","3","6","3","04","21","2","","2","1","1","0","0"
"POINT (6.959311879000040 50.876794434000033)","Unfall 34566 (2023) Kat:3, Licht: 0","34566","3","5","0","04","10","2","","0","0","1","0","0"
"POINT (6.848190130000035 50.938157280000041)","Unfall 34645 (2023) Kat:3, Licht: 0","34645","3","6","0","05","07","4","","0","0","1","0","1"
"POINT (7.027511236000066 50.916815916000076)","Unfall 34648 (2023) Kat:3, Licht: 0","34648","3","6","3","04","17","6","","0","0","1","0","1"
"POINT (6.929174523000029 51.007862222000028)","Unfall 34662 (2023) Kat:3, Licht: 0","34662","3","7","8","04","08","1","","0","0","1","0","0"
"POINT (6.904555910000056 50.936999125000057)","Unfall 34663 (2023) Kat:3, Licht: 0","34663","3","7","0","04","18","1","","0","1","1","0","0"
"POINT (6.886256427000035 50.934105027000044)","Unfall 34664 (2023) Kat:3, Licht: 0","34664","3","6","3","04","15","1","","0","1","1","0","0"
"POINT (6.962628019000022 50.928894080000077)","Unfall 34665 (2023) Kat:3, Licht: 0","34665","3","6","2","04","16","1","","0","0","1","0","0"
"POINT (6.882233335000024 50.937589926000044)","Unfall 34702 (2023) Kat:3, Licht: 0","34702","3","2","5","05","15","5","","0","0","1","1","0"
"POINT (7.018835670000044 50.949283208000054)","Unfall 34726 (2023) Kat:3, Licht: 0","34726","3","2","0","05","10","4","","0","0","1","0","0"
"POINT (7.067751833000045 50.949845562000064)","Unfall 34735 (2023) Kat:2, Licht: 0","34735","2","6","3","04","10","7","","0","0","1","0","0"
"POINT (7.094014616000038 50.883745136000073)","Unfall 34736 (2023) Kat:2, Licht: 2","34736","2","6","2","04","03","7","","2","0","1","0","0"
"POINT (7.098224790000074 50.948285801000054)","Unfall 34737 (2023) Kat:3, Licht: 0","34737","3","6","2","04","11","7","","0","0","1","0","0"
"POINT (7.038674049000065 50.968230876000064)","Unfall 34738 (2023) Kat:2, Licht: 0","34738","2","7","6","04","17","7","","0","0","1","1","0"
"POINT (6.950388110000063 50.955790979000028)","Unfall 34739 (2023) Kat:3, Licht: 0","34739","3","1","0","04","13","7","","0","1","0","0","0"
"POINT (6.829395908000038 50.959846451000033)","Unfall 34741 (2023) Kat:3, Licht: 0","34741","3","3","5","04","15","7","","0","0","1","0","1"
"POINT (6.946372311000061 50.850554002000081)","Unfall 34742 (2023) Kat:3, Licht: 0","34742","3","6","2","04","13","7","","0","0","1","0","0"
"POINT (6.940312363000032 50.942043762000026)","Unfall 34743 (2023) Kat:3, Licht: 2","34743","3","6","6","04","01","7","","2","1","0","1","0"
"POINT (7.097082373000035 50.948362852000059)","Unfall 34841 (2023) Kat:3, Licht: 0","34841","3","6","1","04","10","6","","0","0","1","0","0"
"POINT (7.044310125000038 50.925712132000058)","Unfall 34842 (2023) Kat:3, Licht: 0","34842","3","6","2","04","14","6","","0","0","1","0","0"
"POINT (7.057572754000034 50.894251612000062)","Unfall 34843 (2023) Kat:3, Licht: 0","34843","3","7","0","04","17","6","","0","1","0","0","0"
"POINT (6.999461125000039 50.987174517000028)","Unfall 34844 (2023) Kat:3, Licht: 0","34844","3","3","5","04","08","6","","0","1","0","0","0"
"POINT (6.961071855000057 50.935707959000069)","Unfall 34846 (2023) Kat:3, Licht: 2","34846","3","6","4","04","00","6","","2","1","0","0","0"
"POINT (7.099794055000075 50.909414393000077)","Unfall 34862 (2023) Kat:3, Licht: 0","34862","3","3","5","04","09","3","","0","1","1","0","0"
"POINT (6.947496154000021 50.935640131000071)","Unfall 34907 (2023) Kat:3, Licht: 0","34907","3","7","0","04","13","6","","0","0","0","1","0"
"POINT (6.968505436000044 50.880977459000064)","Unfall 34920 (2023) Kat:3, Licht: 0","34920","3","6","2","04","16","1","","0","0","1","0","0"
"POINT (7.087221464000038 50.896039441000028)","Unfall 34950 (2023) Kat:3, Licht: 0","34950","3","6","2","04","14","5","","0","0","1","0","0"
"POINT (6.991972959000066 50.915782114000081)","Unfall 34953 (2023) Kat:2, Licht: 0","34953","2","4","6","04","07","5","","0","0","1","1","0"
"POINT (7.089726945000052 50.947671430000071)","Unfall 34955 (2023) Kat:3, Licht: 0","34955","3","3","5","04","17","5","","0","1","1","0","0"
"POINT (7.094086336000032 50.858653479000054)","Unfall 34956 (2023) Kat:3, Licht: 0","34956","3","6","2","04","14","5","","0","0","1","0","0"
"POINT (7.058047717000022 50.895683931000065)","Unfall 34957 (2023) Kat:3, Licht: 0","34957","3","6","6","04","08","5","","0","1","0","1","0"
"POINT (7.030500503000042 50.931771724000043)","Unfall 34958 (2023) Kat:3, Licht: 0","34958","3","2","2","04","08","5","","0","0","1","0","0"
"POINT (7.029857632000073 50.940258309000058)","Unfall 34960 (2023) Kat:3, Licht: 0","34960","3","3","4","04","15","5","","0","1","1","0","0"
"POINT (7.041541992000020 50.928926379000075)","Unfall 34961 (2023) Kat:3, Licht: 0","34961","3","6","1","04","12","5","","0","0","1","0","0"
"POINT (7.004220084000053 50.962078396000038)","Unfall 34963 (2023) Kat:2, Licht: 0","34963","2","7","0","04","08","5","","0","0","0","1","0"
"POINT (6.886268289000043 50.934081597000045)","Unfall 34964 (2023) Kat:3, Licht: 0","34964","3","2","5","04","17","5","","0","1","1","0","0"
"POINT (6.913399598000069 50.946642553000061)","Unfall 34965 (2023) Kat:3, Licht: 0","34965","3","3","5","04","18","5","","0","0","1","0","0"
"POINT (6.980588094000041 50.898081626000078)","Unfall 34966 (2023) Kat:3, Licht: 0","34966","3","2","5","04","15","5","","0","0","1","0","1"
"POINT (7.018720791000021 50.940205414000047)","Unfall 35028 (2023) Kat:3, Licht: 0","35028","3","2","0","05","15","3","","0","1","0","0","0"
"POINT (7.006754967000063 50.968045999000026)","Unfall 35073 (2023) Kat:3, Licht: 0","35073","3","6","1","04","13","6","","0","0","1","0","0"
"POINT (6.902491945000065 50.988198352000040)","Unfall 35074 (2023) Kat:3, Licht: 0","35074","3","6","2","04","14","4","","0","0","1","0","0"
"POINT (6.912842432000048 50.898163088000047)","Unfall 35075 (2023) Kat:3, Licht: 2","35075","3","7","9","04","02","4","","2","0","1","0","0"
"POINT (7.095751054000061 50.868500558000051)","Unfall 35078 (2023) Kat:3, Licht: 0","35078","3","6","2","04","06","4","","0","0","1","0","0"
"POINT (6.999815242000068 50.937668001000077)","Unfall 35081 (2023) Kat:3, Licht: 0","35081","3","6","3","04","18","4","","0","1","0","0","0"
"POINT (7.057014122000055 50.910774758000059)","Unfall 35082 (2023) Kat:3, Licht: 2","35082","3","6","3","04","02","4","","2","1","1","0","0"
"POINT (7.002378998000040 50.937869224000053)","Unfall 35083 (2023) Kat:3, Licht: 0","35083","3","6","2","04","19","4","","0","1","1","0","0"
"POINT (6.972740451000050 50.930256888000031)","Unfall 35084 (2023) Kat:3, Licht: 0","35084","3","3","5","04","07","4","","0","1","1","0","0"
"POINT (6.921943999000064 50.910588887000074)","Unfall 35085 (2023) Kat:2, Licht: 0","35085","2","2","5","04","12","4","","0","0","1","0","0"
"POINT (6.963310640000032 50.945626749000041)","Unfall 35086 (2023) Kat:3, Licht: 0","35086","3","1","1","04","15","4","","0","0","1","0","0"
"POINT (6.943221401000073 50.884936267000057)","Unfall 35204 (2023) Kat:3, Licht: 0","35204","3","6","2","04","08","3","","0","0","1","0","0"
"POINT (6.893785623000042 50.994777410000040)","Unfall 35205 (2023) Kat:2, Licht: 0","35205","2","6","2","04","17","3","","0","0","1","0","0"
"POINT (6.843215626000074 50.917855824000071)","Unfall 35206 (2023) Kat:3, Licht: 0","35206","3","7","2","04","17","3","","0","0","1","0","0"
"POINT (6.893437153000036 50.995213881000041)","Unfall 35207 (2023) Kat:2, Licht: 0","35207","2","6","2","04","17","3","","0","0","1","0","0"
"POINT (6.998528651000072 50.937499332000073)","Unfall 35211 (2023) Kat:3, Licht: 0","35211","3","2","3","04","10","3","","0","1","1","0","0"
"POINT (6.992046467000023 50.901187363000076)","Unfall 35212 (2023) Kat:3, Licht: 0","35212","3","6","4","04","16","3","","0","1","0","0","0"
"POINT (7.100581272000056 50.910243699000034)","Unfall 35213 (2023) Kat:3, Licht: 0","35213","3","7","0","04","09","3","","0","0","1","0","0"
"POINT (6.972533254000041 50.956923049000068)","Unfall 35214 (2023) Kat:3, Licht: 0","35214","3","6","8","04","16","3","","0","0","1","0","1"
"POINT (6.892198626000038 50.992008492000082)","Unfall 35218 (2023) Kat:2, Licht: 0","35218","2","2","5","04","19","3","","0","0","1","0","0"
"POINT (6.932530514000064 50.948558352000077)","Unfall 35219 (2023) Kat:3, Licht: 0","35219","3","2","5","04","11","3","","0","1","1","0","0"
"POINT (6.905914425000049 50.937158037000074)","Unfall 35220 (2023) Kat:3, Licht: 0","35220","3","2","5","04","09","3","","0","1","1","0","0"
"POINT (6.895319470000061 50.914476904000026)","Unfall 35221 (2023) Kat:3, Licht: 0","35221","3","3","5","04","16","3","","0","1","1","0","0"
"POINT (6.966748783000071 50.921845047000033)","Unfall 35223 (2023) Kat:3, Licht: 0","35223","3","3","5","04","18","3","","0","1","1","0","0"
"POINT (6.938996545000066 50.936202465000065)","Unfall 35224 (2023) Kat:3, Licht: 2","35224","3","7","0","04","21","3","","2","1","0","0","0"
"POINT (6.940844924000032 50.931172609000043)","Unfall 35225 (2023) Kat:3, Licht: 0","35225","3","6","0","04","13","3","","0","1","0","0","0"
"POINT (7.080930208000041 50.885909413000036)","Unfall 35348 (2023) Kat:3, Licht: 0","35348","3","1","0","04","07","2","","0","0","0","0","1"
"POINT (7.004470320000053 50.938193568000031)","Unfall 35350 (2023) Kat:3, Licht: 0","35350","3","7","0","04","15","2","","0","1","1","0","0"
"POINT (6.927406215000076 50.861919283000077)","Unfall 35351 (2023) Kat:3, Licht: 0","35351","3","6","2","04","09","2","","0","0","1","0","0"
"POINT (6.946735577000027 50.926353579000079)","Unfall 35352 (2023) Kat:2, Licht: 0","35352","2","3","0","04","12","2","","0","0","0","0","0"
"POINT (7.005058607000024 50.975771825000038)","Unfall 35441 (2023) Kat:3, Licht: 2","35441","3","3","5","04","22","1","","2","0","1","0","0"
"POINT (7.022271446000047 50.949429020000082)","Unfall 35442 (2023) Kat:3, Licht: 0","35442","3","6","2","04","17","1","","0","0","1","0","0"
"POINT (7.055582974000060 50.928478497000071)","Unfall 35485 (2023) Kat:3, Licht: 0","35485","3","6","3","04","11","7","","0","0","1","0","0"
"POINT (6.872521062000033 51.004441018000080)","Unfall 35486 (2023) Kat:3, Licht: 0","35486","3","7","0","04","13","7","","0","0","0","0","0"
"POINT (6.918910441000037 50.952260538000075)","Unfall 35487 (2023) Kat:2, Licht: 0","35487","2","5","3","04","13","7","","0","0","1","0","0"
"POINT (6.924804621000021 50.936550288000035)","Unfall 35488 (2023) Kat:3, Licht: 2","35488","3","2","5","04","03","7","","2","1","1","0","0"
"POINT (6.940691812000068 50.936191448000045)","Unfall 35489 (2023) Kat:3, Licht: 0","35489","3","2","6","04","18","7","","0","0","1","1","0"
"POINT (6.959569281000029 50.921206400000074)","Unfall 35491 (2023) Kat:3, Licht: 0","35491","3","6","6","04","12","7","","0","1","0","1","0"
"POINT (7.006414041000028 50.967255932000057)","Unfall 35497 (2023) Kat:2, Licht: 0","35497","2","3","5","04","08","4","","0","1","1","0","0"
"POINT (6.865948096000068 50.970619140000053)","Unfall 35541 (2023) Kat:3, Licht: 0","35541","3","3","5","04","17","1","","0","0","1","0","0"
"POINT (7.039170940000076 50.951107269000033)","Unfall 35566 (2023) Kat:3, Licht: 0","35566","3","1","8","04","19","6","","0","0","1","0","0"
"POINT (7.065208990000031 50.914642983000078)","Unfall 35567 (2023) Kat:3, Licht: 0","35567","3","6","2","04","17","6","","0","0","1","0","0"
"POINT (7.058815577000075 50.897975773000041)","Unfall 35569 (2023) Kat:3, Licht: 0","35569","3","6","1","04","16","6","","0","0","1","0","0"
"POINT (6.984233183000072 50.948714926000036)","Unfall 35570 (2023) Kat:3, Licht: 0","35570","3","6","1","04","13","6","","0","0","1","0","0"
"POINT (6.980813792000049 50.951027062000037)","Unfall 35572 (2023) Kat:3, Licht: 0","35572","3","6","2","04","15","6","","0","0","1","0","0"
"POINT (6.873186038000028 50.937779662000025)","Unfall 35574 (2023) Kat:3, Licht: 1","35574","3","1","9","04","06","6","","1","1","0","0","0"
"POINT (6.918193616000053 50.931401091000055)","Unfall 35575 (2023) Kat:3, Licht: 0","35575","3","2","0","04","13","6","","0","0","0","1","0"
"POINT (7.001784194000038 50.869408575000080)","Unfall 35576 (2023) Kat:3, Licht: 0","35576","3","2","0","04","16","4","","0","1","1","0","0"
"POINT (6.916629540000031 50.918054561000076)","Unfall 35577 (2023) Kat:2, Licht: 0","35577","2","4","6","04","12","6","","0","0","0","1","0"
"POINT (6.948406934000047 50.935565622000070)","Unfall 35578 (2023) Kat:3, Licht: 0","35578","3","6","4","04","14","6","","0","0","1","0","0"
"POINT (7.000357405000045 50.937703448000036)","Unfall 35694 (2023) Kat:3, Licht: 0","35694","3","6","2","04","13","6","","0","0","1","0","0"
"POINT (6.937339392000069 50.925115974000050)","Unfall 35695 (2023) Kat:3, Licht: 0","35695","3","6","3","04","17","5","","0","1","1","0","0"
"POINT (6.916763170000024 50.930926789000068)","Unfall 35696 (2023) Kat:3, Licht: 0","35696","3","6","0","04","17","5","","0","1","1","0","0"
"POINT (6.922878072000060 50.862077802000044)","Unfall 35697 (2023) Kat:2, Licht: 2","35697","2","1","1","04","02","5","","2","0","0","0","1"
"POINT (7.069994920000056 50.946362621000048)","Unfall 35775 (2023) Kat:3, Licht: 0","35775","3","1","0","04","10","4","","0","1","0","0","0"
"POINT (6.954406425000059 50.961392925000041)","Unfall 35776 (2023) Kat:3, Licht: 0","35776","3","5","1","04","11","4","","0","1","1","0","0"
"POINT (6.928299722000077 50.945039338000072)","Unfall 35777 (2023) Kat:3, Licht: 0","35777","3","2","5","04","08","4","","0","1","1","0","0"
"POINT (6.913739311000029 50.972391712000046)","Unfall 35779 (2023) Kat:3, Licht: 0","35779","3","1","0","04","10","4","","0","1","0","0","0"
"POINT (6.986591451000038 50.899145615000066)","Unfall 35780 (2023) Kat:2, Licht: 0","35780","2","6","4","04","08","4","","0","1","0","0","0"
"POINT (6.894799949000060 50.925185305000070)","Unfall 35781 (2023) Kat:2, Licht: 0","35781","2","2","3","04","06","4","","0","0","1","0","0"
"POINT (7.104674464000027 50.880248094000081)","Unfall 35838 (2023) Kat:3, Licht: 0","35838","3","2","5","04","12","1","","0","1","1","0","0"
"POINT (7.013809006000031 51.013274165000041)","Unfall 35888 (2023) Kat:3, Licht: 0","35888","3","6","2","04","12","3","","0","0","1","0","0"
"POINT (7.002492606000033 50.937886280000043)","Unfall 35892 (2023) Kat:3, Licht: 0","35892","3","5","0","04","18","3","","0","1","1","0","0"
"POINT (6.924359142000071 51.013471947000028)","Unfall 35894 (2023) Kat:3, Licht: 0","35894","3","3","0","04","17","3","","0","0","0","0","1"
"POINT (6.939467800000045 50.993864780000081)","Unfall 35896 (2023) Kat:3, Licht: 0","35896","3","2","5","04","15","3","","0","1","1","0","0"