WKT,Name,OBJECTID,UKATEGORIE,UTYP1,UART,UMONAT,USTUNDE,UWOCHENTAG,STRZUSTAND,ULICHTVERH,ISTRAD,ISTPKW,ISTFUSS,ISTKRAD
"POINT (6.950865606000036 50.973504455000068)","Unfall 35897 (2023) Kat:3, Licht: 0","35897","3","2","5","04","18","3","","0","1","1","0","0"
"POINT (6.958736233000025 50.950134623000054)","Unfall 35911 (2023) Kat:2, Licht: 0","35911","2","2","5","04","16","4","","0","1","0","0","0"
"POINT (6.855138953000051 50.998445189000051)","Unfall 35942 (2023) Kat:3, Licht: 0","35942","3","6","1","05","09","4","","0","1","1","0","0"
"POINT (6.928042439000023 50.959917842000038)","Unfall 35956 (2023) Kat:3, Licht: 0","35956","3","2","5","04","07","6","","0","0","1","0","0"
"POINT (6.918622295000034 51.013065089000065)","Unfall 35994 (2023) Kat:2, Licht: 2","35994","2","7","3","05","23","2","","2","0","1","0","0"
"POINT (7.073756584000023 50.924418303000039)","Unfall 35996 (2023) Kat:3, Licht: 0","35996","3","3","0","05","15","2","","0","1","1","0","0"
"POINT (7.087246889000028 50.947317091000059)","Unfall 35997 (2023) Kat:3, Licht: 0","35997","3","3","0","05","12","2","","0","1","0","0","0"
"POINT (7.008513263000054 50.959387284000059)","Unfall 35998 (2023) Kat:3, Licht: 0","35998","3","4","0","05","13","2","","0","0","0","1","0"
"POINT (6.950132586000052 50.975206091000075)","Unfall 35999 (2023) Kat:3, Licht: 0","35999","3","6","0","05","15","2","","0","0","1","0","1"
"POINT (6.871674286000029 50.976356335000048)","Unfall 36000 (2023) Kat:3, Licht: 0","36000","3","2","2","05","09","2","","0","0","1","0","0"
"POINT (6.988808336000034 50.867099926000037)","Unfall 36001 (2023) Kat:3, Licht: 0","36001","3","2","2","05","16","2","","0","1","1","0","0"
"POINT (6.940654597000048 50.931030459000056)","Unfall 36002 (2023) Kat:3, Licht: 0","36002","3","1","0","05","14","2","","0","1","0","0","0"
"POINT (6.963219253000034 50.935019721000060)","Unfall 36003 (2023) Kat:3, Licht: 2","36003","3","6","3","05","23","2","","2","0","1","0","0"
"POINT (6.843071775000055 50.918940905000056)","Unfall 36107 (2023) Kat:2, Licht: 2","36107","2","7","2","05","02","1","","2","0","0","0","1"
"POINT (7.056707835000054 50.951470768000036)","Unfall 36110 (2023) Kat:3, Licht: 0","36110","3","6","2","05","11","1","","0","0","1","0","0"
"POINT (7.053741901000024 50.888703291000070)","Unfall 36112 (2023) Kat:3, Licht: 0","36112","3","2","5","05","18","1","","0","0","1","0","0"
"POINT (6.974443421000046 50.931862229000046)","Unfall 36113 (2023) Kat:2, Licht: 2","36113","2","7","0","05","04","1","","2","0","0","0","0"
"POINT (6.829374603000076 50.938279575000081)","Unfall 36114 (2023) Kat:3, Licht: 0","36114","3","3","5","05","16","1","","0","1","1","0","0"
"POINT (7.000353358000041 50.882709498000054)","Unfall 36115 (2023) Kat:3, Licht: 0","36115","3","7","0","05","17","1","","0","1","1","0","0"
"POINT (6.976883823000037 50.886220587000082)","Unfall 36116 (2023) Kat:3, Licht: 0","36116","3","1","0","05","12","1","","0","1","0","0","0"
"POINT (6.967175446000056 50.950876267000069)","Unfall 36117 (2023) Kat:3, Licht: 0","36117","3","6","6","05","16","1","","0","1","0","1","0"
"POINT (6.886692845000027 50.995553074000043)","Unfall 36186 (2023) Kat:3, Licht: 0","36186","3","6","2","05","12","7","","0","0","1","0","0"
"POINT (7.082351078000045 50.881542812000077)","Unfall 36188 (2023) Kat:2, Licht: 0","36188","2","3","5","05","07","7","","0","1","1","0","0"
"POINT (7.072574016000033 50.964566893000040)","Unfall 36189 (2023) Kat:2, Licht: 0","36189","2","3","5","05","08","7","","0","1","1","0","0"
"POINT (6.974633086000040 50.939759560000027)","Unfall 36190 (2023) Kat:3, Licht: 0","36190","3","7","0","05","22","7","","0","0","0","0","0"
"POINT (6.893292220000035 50.999938405000080)","Unfall 36191 (2023) Kat:3, Licht: 0","36191","3","4","6","05","10","7","","0","0","1","1","0"
"POINT (6.989425984000036 50.883886579000034)","Unfall 36192 (2023) Kat:3, Licht: 0","36192","3","2","6","05","12","7","","0","0","1","1","0"
"POINT (6.940310433000036 50.929681890000040)","Unfall 36193 (2023) Kat:3, Licht: 2","36193","3","7","4","05","22","7","","2","1","1","0","0"
"POINT (7.002862204000053 50.960358082000027)","Unfall 36296 (2023) Kat:2, Licht: 0","36296","2","3","5","05","17","6","","0","1","0","0","0"
"POINT (7.042299046000039 51.001380029000075)","Unfall 36297 (2023) Kat:3, Licht: 1","36297","3","3","0","05","21","6","","1","0","1","0","0"
"POINT (6.954525202000070 50.959889057000055)","Unfall 36298 (2023) Kat:3, Licht: 0","36298","3","5","0","05","08","6","","0","1","1","0","0"
"POINT (6.915646987000059 50.970971434000035)","Unfall 36299 (2023) Kat:3, Licht: 0","36299","3","3","5","05","07","6","","0","1","1","0","0"
"POINT (6.999109215000033 50.884224735000032)","Unfall 36300 (2023) Kat:3, Licht: 0","36300","3","4","6","05","12","6","","0","1","0","1","0"
"POINT (6.999096050000048 50.867699745000039)","Unfall 36301 (2023) Kat:3, Licht: 0","36301","3","3","0","05","11","6","","0","1","1","0","0"
"POINT (6.894816252000055 50.925188530000071)","Unfall 36302 (2023) Kat:3, Licht: 0","36302","3","5","2","05","16","6","","0","0","1","0","0"
"POINT (6.948416714000075 50.893988255000068)","Unfall 36303 (2023) Kat:3, Licht: 0","36303","3","6","2","05","08","6","","0","0","1","0","0"
"POINT (7.078762559000040 50.900891441000056)","Unfall 36420 (2023) Kat:3, Licht: 0","36420","3","6","2","05","16","5","","0","0","1","0","0"
"POINT (7.064946519000046 50.915696615000059)","Unfall 36421 (2023) Kat:3, Licht: 0","36421","3","1","2","05","14","5","","0","0","1","0","0"
"POINT (7.067724457000054 50.949718241000028)","Unfall 36422 (2023) Kat:2, Licht: 2","36422","2","1","9","05","03","5","","2","0","1","0","0"
"POINT (7.009277383000040 50.939065204000030)","Unfall 36423 (2023) Kat:2, Licht: 2","36423","2","1","0","05","22","5","","2","0","0","0","0"
"POINT (7.006369477000021 50.965770720000080)","Unfall 36424 (2023) Kat:3, Licht: 0","36424","3","6","2","05","09","5","","0","1","0","0","0"
"POINT (6.980807860000027 50.951210902000071)","Unfall 36425 (2023) Kat:3, Licht: 0","36425","3","6","1","05","14","5","","0","0","1","0","0"
"POINT (6.953619554000056 50.903961564000042)","Unfall 36427 (2023) Kat:3, Licht: 0","36427","3","2","5","05","09","5","","0","1","1","0","0"
"POINT (6.969936847000042 50.871086576000039)","Unfall 36522 (2023) Kat:3, Licht: 0","36522","3","6","3","05","17","4","","0","0","1","0","0"
"POINT (6.849727586000029 50.977936711000041)","Unfall 36523 (2023) Kat:3, Licht: 0","36523","3","6","1","05","11","4","","0","0","1","0","0"
"POINT (7.034880028000032 50.931637641000066)","Unfall 36528 (2023) Kat:3, Licht: 0","36528","3","1","0","05","18","4","","0","1","0","0","0"
"POINT (6.999244227000077 50.924177204000046)","Unfall 36529 (2023) Kat:3, Licht: 0","36529","3","3","5","05","07","4","","0","1","0","0","0"
"POINT (7.039367493000043 50.931467235000071)","Unfall 36530 (2023) Kat:3, Licht: 2","36530","3","1","0","05","23","4","","2","0","0","0","1"
"POINT (7.012567504000060 50.956552729000066)","Unfall 36531 (2023) Kat:3, Licht: 0","36531","3","2","5","05","08","4","","0","0","1","0","1"
"POINT (6.963767629000074 50.936215254000047)","Unfall 36532 (2023) Kat:3, Licht: 0","36532","3","6","6","05","13","4","","0","1","0","1","0"
"POINT (6.940232164000065 50.968239696000069)","Unfall 36533 (2023) Kat:3, Licht: 0","36533","3","3","0","05","07","4","","0","1","1","0","0"
"POINT (6.953822888000047 50.964011876000029)","Unfall 36534 (2023) Kat:3, Licht: 0","36534","3","5","0","05","09","4","","0","0","1","0","0"
"POINT (6.908813049000059 50.938075828000080)","Unfall 36535 (2023) Kat:3, Licht: 0","36535","3","4","0","05","14","4","","0","0","1","1","0"
"POINT (6.948983504000068 50.904258830000060)","Unfall 36539 (2023) Kat:3, Licht: 0","36539","3","6","2","05","18","2","","0","0","1","0","0"
"POINT (6.912872404000041 50.945126250000044)","Unfall 36564 (2023) Kat:3, Licht: 0","36564","3","3","5","05","18","6","","0","1","1","0","0"
"POINT (7.030518773000040 50.969027892000042)","Unfall 36638 (2023) Kat:2, Licht: 0","36638","2","6","3","05","15","3","","0","0","1","0","0"
"POINT (6.955831474000036 50.957228007000026)","Unfall 36644 (2023) Kat:3, Licht: 0","36644","3","2","5","05","19","3","","0","1","1","0","0"
"POINT (6.939805202000059 50.939904135000063)","Unfall 36645 (2023) Kat:3, Licht: 0","36645","3","5","3","05","20","3","","0","1","1","0","0"
"POINT (6.930152752000026 50.925289421000059)","Unfall 36647 (2023) Kat:3, Licht: 0","36647","3","6","2","05","11","3","","0","0","1","0","0"
"POINT (6.997026685000037 50.937346210000044)","Unfall 36735 (2023) Kat:3, Licht: 0","36735","3","5","1","05","14","2","","0","1","1","0","0"
"POINT (7.029623982000032 50.940255486000069)","Unfall 36736 (2023) Kat:3, Licht: 0","36736","3","1","0","05","08","2","","0","1","0","0","0"
"POINT (7.059846125000035 50.974859484000035)","Unfall 36737 (2023) Kat:3, Licht: 0","36737","3","1","0","05","12","2","","0","0","0","0","1"
"POINT (6.932772445000069 50.948569675000044)","Unfall 36738 (2023) Kat:3, Licht: 0","36738","3","1","1","05","16","2","","0","0","1","0","0"
"POINT (6.867703795000068 50.922500632000038)","Unfall 36798 (2023) Kat:3, Licht: 0","36798","3","6","2","05","07","6","","0","0","1","0","0"
"POINT (7.030160388000070 50.951340920000064)","Unfall 36828 (2023) Kat:3, Licht: 2","36828","3","1","8","05","00","1","","2","0","1","0","0"
"POINT (6.938749311000038 50.926477758000033)","Unfall 36830 (2023) Kat:2, Licht: 0","36830","2","1","0","05","11","1","","0","0","1","0","1"
"POINT (6.936085869000067 50.936509369000078)","Unfall 36831 (2023) Kat:3, Licht: 0","36831","3","5","3","05","19","1","","0","1","1","0","0"
"POINT (7.045949485000051 50.937439720000043)","Unfall 36918 (2023) Kat:3, Licht: 0","36918","3","6","2","05","17","7","","0","0","1","0","0"
"POINT (7.030932302000053 50.940528140000026)","Unfall 36920 (2023) Kat:2, Licht: 0","36920","2","3","5","05","18","7","","0","1","1","0","0"
"POINT (7.079938943000059 50.981710731000078)","Unfall 36921 (2023) Kat:2, Licht: 0","36921","2","1","0","05","15","7","","0","0","0","0","0"
"POINT (6.946090562000052 50.986020966000069)","Unfall 36922 (2023) Kat:3, Licht: 0","36922","3","3","5","05","18","7","","0","1","1","0","0"
"POINT (6.936966663000021 50.997283435000043)","Unfall 36923 (2023) Kat:1, Licht: 2","36923","1","2","5","05","03","7","","2","0","1","0","0"
"POINT (6.870783125000059 50.937789404000057)","Unfall 36924 (2023) Kat:3, Licht: 0","36924","3","1","2","05","20","7","","0","0","1","0","1"
"POINT (6.857207953000056 50.929571127000031)","Unfall 36925 (2023) Kat:2, Licht: 0","36925","2","4","6","05","09","7","","0","0","1","1","0"
"POINT (6.892066761000024 50.992144701000029)","Unfall 36926 (2023) Kat:3, Licht: 1","36926","3","1","8","05","20","7","","1","0","1","0","0"
"POINT (6.989393402000076 50.883912749000046)","Unfall 36927 (2023) Kat:3, Licht: 0","36927","3","2","5","05","13","7","","0","0","1","0","0"
"POINT (6.912336910000022 50.923828854000078)","Unfall 36928 (2023) Kat:3, Licht: 0","36928","3","5","1","05","19","7","","0","1","1","0","0"
"POINT (6.868360559000052 50.966558026000030)","Unfall 37017 (2023) Kat:3, Licht: 0","37017","3","2","3","05","10","1","","0","1","1","0","0"
"POINT (7.029351820000045 50.972059904000048)","Unfall 37047 (2023) Kat:3, Licht: 0","37047","3","6","2","05","16","6","","0","0","1","0","0"
"POINT (7.083804443000076 50.864363658000059)","Unfall 37050 (2023) Kat:3, Licht: 0","37050","3","6","2","05","08","6","","0","0","1","0","0"
"POINT (7.094632909000040 50.927600717000075)","Unfall 37051 (2023) Kat:3, Licht: 0","37051","3","3","8","05","14","6","","0","0","1","0","0"
"POINT (6.981928540000069 50.937360916000046)","Unfall 37052 (2023) Kat:3, Licht: 2","37052","3","3","5","05","23","6","","2","0","1","0","0"
"POINT (7.006239675000074 50.961002599000039)","Unfall 37053 (2023) Kat:3, Licht: 0","37053","3","6","2","05","12","6","","0","0","1","0","0"
"POINT (7.075148324000054 50.980353587000081)","Unfall 37054 (2023) Kat:3, Licht: 0","37054","3","2","5","05","15","6","","0","0","0","0","0"
"POINT (6.954271707000032 50.962030008000056)","Unfall 37056 (2023) Kat:3, Licht: 0","37056","3","4","6","05","13","6","","0","0","1","1","0"
"POINT (6.862351262000061 50.952416411000058)","Unfall 37057 (2023) Kat:3, Licht: 0","37057","3","2","4","05","11","6","","0","0","1","0","0"
"POINT (6.956982863000064 50.922020498000052)","Unfall 37058 (2023) Kat:3, Licht: 0","37058","3","6","0","05","15","6","","0","1","0","0","0"
"POINT (6.904990878000035 50.986123902000031)","Unfall 37185 (2023) Kat:3, Licht: 0","37185","3","6","0","05","15","5","","0","0","0","0","1"
"POINT (6.969360673000040 50.876745169000060)","Unfall 37186 (2023) Kat:3, Licht: 0","37186","3","6","2","05","15","5","","0","0","1","0","0"
"POINT (7.021062232000077 50.980260593000025)","Unfall 37188 (2023) Kat:3, Licht: 0","37188","3","6","2","05","15","5","","0","0","1","0","1"
"POINT (6.927771939000024 50.959689376000028)","Unfall 37244 (2023) Kat:2, Licht: 0","37244","2","7","9","05","06","2","","0","0","0","0","0"
"POINT (7.013266469000030 50.998872430000063)","Unfall 37245 (2023) Kat:3, Licht: 0","37245","3","6","0","05","13","2","","0","0","1","0","0"
"POINT (7.040478190000044 50.943738282000027)","Unfall 37246 (2023) Kat:3, Licht: 0","37246","3","6","8","05","10","2","","0","0","0","0","0"
"POINT (7.017830619000051 50.933538355000053)","Unfall 37248 (2023) Kat:3, Licht: 0","37248","3","4","6","05","09","2","","0","1","0","1","0"
"POINT (6.876031840000053 50.924194871000054)","Unfall 37249 (2023) Kat:2, Licht: 0","37249","2","1","0","05","13","2","","0","1","0","0","0"
"POINT (6.921944806000056 50.936581983000053)","Unfall 37250 (2023) Kat:2, Licht: 0","37250","2","7","6","05","17","2","","0","0","1","1","0"
"POINT (6.996552188000067 50.864151469000035)","Unfall 37251 (2023) Kat:3, Licht: 0","37251","3","1","0","05","13","2","","0","1","0","0","0"
"POINT (7.096527805000051 50.949140481000029)","Unfall 37324 (2023) Kat:2, Licht: 0","37324","2","6","2","05","16","1","","0","0","1","0","1"
"POINT (7.098099382000044 50.881342564000079)","Unfall 37325 (2023) Kat:3, Licht: 0","37325","3","6","3","05","12","1","","0","0","1","0","1"
"POINT (6.976521969000032 50.939771380000082)","Unfall 37326 (2023) Kat:3, Licht: 0","37326","3","6","2","05","14","1","","0","0","1","0","0"
"POINT (6.979995996000071 50.930141005000053)","Unfall 37328 (2023) Kat:3, Licht: 0","37328","3","6","2","05","20","1","","0","0","1","0","0"
"POINT (6.978649818000065 50.952586693000057)","Unfall 37329 (2023) Kat:3, Licht: 0","37329","3","6","2","05","11","1","","0","0","1","0","0"
"POINT (6.983906665000063 50.944301243000041)","Unfall 37330 (2023) Kat:3, Licht: 0","37330","3","3","5","05","21","1","","0","0","1","0","0"
"POINT (6.875545354000053 50.937759805000042)","Unfall 37331 (2023) Kat:3, Licht: 0","37331","3","6","3","05","09","1","","0","0","1","0","0"
"POINT (6.941210652000052 50.953798410000047)","Unfall 37332 (2023) Kat:3, Licht: 0","37332","3","6","0","05","18","1","","0","0","1","0","0"
"POINT (6.941430183000023 50.929220574000055)","Unfall 37333 (2023) Kat:3, Licht: 0","37333","3","3","5","05","19","1","","0","1","1","0","0"
"POINT (6.963005573000032 50.944400021000035)","Unfall 37334 (2023) Kat:3, Licht: 2","37334","3","7","4","05","22","1","","2","1","0","0","0"
"POINT (6.912926673000072 50.978582506000066)","Unfall 37423 (2023) Kat:2, Licht: 0","37423","2","6","2","05","07","7","","0","0","1","0","0"
"POINT (7.093209626000032 50.881697192000047)","Unfall 37425 (2023) Kat:3, Licht: 0","37425","3","4","6","05","16","7","","0","0","1","1","0"
"POINT (6.978682229000071 50.939527686000076)","Unfall 37426 (2023) Kat:3, Licht: 0","37426","3","1","0","05","15","7","","0","1","1","0","0"
"POINT (6.952081206000059 50.970679591000078)","Unfall 37427 (2023) Kat:3, Licht: 0","37427","3","3","0","05","13","7","","0","1","1","0","0"
"POINT (6.838626003000059 50.967617993000033)","Unfall 37428 (2023) Kat:3, Licht: 0","37428","3","3","5","05","17","7","","0","0","1","0","0"
"POINT (6.895448067000075 50.937204186000031)","Unfall 37429 (2023) Kat:3, Licht: 0","37429","3","4","6","05","19","7","","0","1","1","1","0"
"POINT (6.931337024000072 50.922739481000065)","Unfall 37430 (2023) Kat:3, Licht: 0","37430","3","3","5","05","08","7","","0","1","1","0","0"
"POINT (7.028515873000060 50.973452481000038)","Unfall 37543 (2023) Kat:3, Licht: 0","37543","3","6","2","05","16","6","","0","0","1","0","0"
"POINT (7.080978493000032 50.885781493000081)","Unfall 37545 (2023) Kat:3, Licht: 2","37545","3","2","2","05","21","6","","2","0","1","0","0"
"POINT (6.993561346000035 50.914887179000061)","Unfall 37547 (2023) Kat:2, Licht: 0","37547","2","1","0","05","08","6","","0","0","0","0","1"
"POINT (7.019591499000057 50.933397603000060)","Unfall 37548 (2023) Kat:3, Licht: 0","37548","3","4","6","05","15","6","","0","1","0","1","0"
"POINT (7.028000325000050 50.943607337000060)","Unfall 37549 (2023) Kat:3, Licht: 0","37549","3","3","5","05","13","6","","0","0","1","0","0"
"POINT (6.981677359000059 50.937294366000060)","Unfall 37550 (2023) Kat:3, Licht: 0","37550","3","6","2","05","13","6","","0","0","1","0","0"
"POINT (7.074798168000029 50.980227278000029)","Unfall 37551 (2023) Kat:2, Licht: 0","37551","2","1","0","05","10","6","","0","1","0","0","0"
"POINT (7.013688178000052 50.953729662000057)","Unfall 37552 (2023) Kat:3, Licht: 0","37552","3","7","7","05","07","6","","0","1","0","0","0"
"POINT (6.903064418000042 50.991937357000040)","Unfall 37553 (2023) Kat:3, Licht: 0","37553","3","3","5","05","14","6","","0","1","1","0","0"
"POINT (6.955075263000026 51.011596753000049)","Unfall 37554 (2023) Kat:3, Licht: 0","37554","3","3","5","05","09","6","","0","1","0","0","0"
"POINT (6.958750286000054 50.950134261000073)","Unfall 37555 (2023) Kat:2, Licht: 0","37555","2","2","6","05","14","6","","0","0","1","1","0"
"POINT (6.965449853000052 50.949109476000046)","Unfall 37556 (2023) Kat:3, Licht: 0","37556","3","4","6","05","17","6","","0","0","1","1","0"
"POINT (6.849033842000040 50.935198120000052)","Unfall 37665 (2023) Kat:3, Licht: 0","37665","3","6","3","05","11","5","","0","0","1","0","0"
"POINT (6.969285564000074 50.874933845000044)","Unfall 37666 (2023) Kat:3, Licht: 0","37666","3","6","3","05","05","5","","0","0","1","0","0"
"POINT (7.054235723000033 50.879451123000081)","Unfall 37669 (2023) Kat:3, Licht: 0","37669","3","2","0","05","18","5","","0","1","1","0","0"
"POINT (6.949764030000040 50.955617723000046)","Unfall 37670 (2023) Kat:3, Licht: 0","37670","3","2","5","05","13","5","","0","1","1","0","0"
"POINT (6.901256023000030 50.982248167000080)","Unfall 37671 (2023) Kat:3, Licht: 0","37671","3","3","5","05","06","5","","0","1","1","0","0"
"POINT (6.913761693000026 50.947524828000041)","Unfall 37672 (2023) Kat:3, Licht: 0","37672","3","3","5","05","18","5","","0","1","1","0","0"
"POINT (6.973925210000061 50.864456909000069)","Unfall 37673 (2023) Kat:3, Licht: 0","37673","3","6","2","05","16","5","","0","0","1","0","0"
"POINT (6.903652730000033 50.901073451000059)","Unfall 37704 (2023) Kat:2, Licht: 0","37704","2","1","0","05","18","7","","0","1","0","0","0"
"POINT (6.989330540000026 50.931894145000058)","Unfall 37756 (2023) Kat:3, Licht: 0","37756","3","5","0","05","07","4","","0","1","1","0","0"
"POINT (6.978877131000047 50.939630546000046)","Unfall 37757 (2023) Kat:2, Licht: 1","37757","2","1","0","05","21","4","","1","1","0","0","0"
"POINT (7.006329547000064 50.966727117000062)","Unfall 37758 (2023) Kat:3, Licht: 0","37758","3","1","0","05","19","4","","0","0","0","0","0"
"POINT (6.935762598000053 50.951239612000052)","Unfall 37759 (2023) Kat:3, Licht: 1","37759","3","1","9","05","04","4","","1","0","0","0","0"
"POINT (7.099679664000064 50.902294589000064)","Unfall 37764 (2023) Kat:3, Licht: 0","37764","3","1","4","05","16","6","","0","0","1","0","0"
"POINT (6.968489949000059 50.852482220000070)","Unfall 37849 (2023) Kat:3, Licht: 0","37849","3","6","2","05","07","3","","0","0","1","0","0"
"POINT (7.035870000000045 50.952182916000027)","Unfall 37851 (2023) Kat:3, Licht: 0","37851","3","7","8","05","12","3","","0","0","1","0","0"
"POINT (7.040149086000042 50.968542709000076)","Unfall 37853 (2023) Kat:3, Licht: 0","37853","3","1","8","05","16","3","","0","1","0","0","0"
"POINT (6.834401108000066 50.938373022000064)","Unfall 37854 (2023) Kat:2, Licht: 0","37854","2","6","2","05","14","3","","0","0","1","0","0"
"POINT (6.873335333000057 50.937873572000058)","Unfall 37856 (2023) Kat:3, Licht: 0","37856","3","6","2","05","14","3","","0","0","1","0","0"
"POINT (6.860297818000049 50.921008220000033)","Unfall 37857 (2023) Kat:3, Licht: 0","37857","3","2","0","05","13","3","","0","0","0","0","1"
"POINT (6.825386867000020 50.932961854000041)","Unfall 37858 (2023) Kat:3, Licht: 1","37858","3","1","7","05","07","3","","1","0","0","0","0"
"POINT (6.908910551000076 50.927655508000043)","Unfall 37859 (2023) Kat:3, Licht: 0","37859","3","7","6","05","17","3","","0","1","0","1","0"
"POINT (7.029778748000069 50.913835575000064)","Unfall 37944 (2023) Kat:3, Licht: 0","37944","3","6","2","05","14","2","","0","0","1","0","0"
"POINT (7.012983667000071 50.998871785000063)","Unfall 37945 (2023) Kat:3, Licht: 0","37945","3","7","9","05","11","2","","0","0","1","0","0"
"POINT (7.107556961000057 50.873566029000074)","Unfall 37947 (2023) Kat:2, Licht: 0","37947","2","6","4","05","17","2","","0","0","1","0","0"
"POINT (7.072249352000028 50.964768848000062)","Unfall 37948 (2023) Kat:2, Licht: 0","37948","2","7","8","05","14","2","","0","0","0","0","0"
"POINT (6.975392231000058 50.939733937000028)","Unfall 37949 (2023) Kat:3, Licht: 0","37949","3","6","0","05","09","2","","0","0","1","0","0"
"POINT (6.956767809000041 50.903829446000032)","Unfall 37950 (2023) Kat:2, Licht: 0","37950","2","2","5","05","17","2","","0","0","1","0","0"
"POINT (7.038400818000071 50.932598853000059)","Unfall 38054 (2023) Kat:3, Licht: 0","38054","3","6","2","05","19","1","","0","0","1","0","0"
"POINT (7.104171787000041 50.885866298000053)","Unfall 38055 (2023) Kat:3, Licht: 0","38055","3","6","2","05","15","1","","0","1","0","0","0"
"POINT (6.849511702000029 50.948053465000044)","Unfall 38126 (2023) Kat:2, Licht: 2","38126","2","6","2","05","00","7","","2","0","1","0","0"
"POINT (7.026784127000042 50.965806867000026)","Unfall 38128 (2023) Kat:3, Licht: 2","38128","3","6","2","05","00","7","","2","0","1","0","0"
"POINT (6.835816942000065 50.938098807000074)","Unfall 38129 (2023) Kat:3, Licht: 0","38129","3","7","0","05","09","7","","0","0","0","0","0"
"POINT (6.935109348000026 50.950260329000059)","Unfall 38130 (2023) Kat:3, Licht: 0","38130","3","6","2","05","14","7","","0","0","1","0","0"
"POINT (7.000157062000028 50.908249742000066)","Unfall 38222 (2023) Kat:2, Licht: 0","38222","2","1","9","05","20","6","","0","0","1","0","0"
"POINT (6.971359410000048 50.956886888000042)","Unfall 38225 (2023) Kat:3, Licht: 0","38225","3","6","3","05","18","6","","0","0","1","0","0"
"POINT (6.980391302000044 50.941490197000064)","Unfall 38226 (2023) Kat:2, Licht: 2","38226","2","4","6","05","23","6","","2","0","0","1","1"
"POINT (6.973307216000023 50.957230219000053)","Unfall 38227 (2023) Kat:3, Licht: 0","38227","3","1","0","05","20","6","","0","1","0","0","0"
"POINT (6.870027048000054 50.922971710000070)","Unfall 38228 (2023) Kat:2, Licht: 0","38228","2","3","5","05","10","6","","0","1","0","0","0"
"POINT (6.917441861000043 50.936641743000052)","Unfall 38229 (2023) Kat:3, Licht: 0","38229","3","1","0","05","17","6","","0","1","0","0","0"
"POINT (6.875344991000077 51.008971719000044)","Unfall 38281 (2023) Kat:2, Licht: 0","38281","2","6","2","05","13","6","","0","0","1","0","0"
"POINT (6.940783918000022 50.931311195000035)","Unfall 38323 (2023) Kat:3, Licht: 0","38323","3","1","0","05","09","7","","0","0","0","0","1"
"POINT (7.058568301000037 50.897349696000049)","Unfall 38342 (2023) Kat:3, Licht: 0","38342","3","2","5","05","18","5","","0","0","1","0","0"
"POINT (6.975419332000058 50.931702201000064)","Unfall 38343 (2023) Kat:2, Licht: 1","38343","2","7","6","05","05","5","","1","0","1","1","0"
"POINT (6.882137583000031 50.937787717000049)","Unfall 38344 (2023) Kat:2, Licht: 0","38344","2","4","6","05","09","5","","0","0","0","1","0"
"POINT (6.934579804000066 50.936530016000063)","Unfall 38345 (2023) Kat:3, Licht: 2","38345","3","4","5","05","02","5","","2","0","0","1","0"
"POINT (6.952740786000049 51.029462701000057)","Unfall 38475 (2023) Kat:3, Licht: 0","38475","3","6","2","05","16","4","","0","0","1","0","0"
"POINT (6.850849864000054 50.962637036000046)","Unfall 38476 (2023) Kat:3, Licht: 0","38476","3","6","2","05","18","4","","0","0","1","0","0"
"POINT (7.002818236000053 50.937935163000077)","Unfall 38478 (2023) Kat:3, Licht: 0","38478","3","5","0","05","17","4","","0","1","0","0","0"
"POINT (6.985710701000073 50.936540627000056)","Unfall 38479 (2023) Kat:3, Licht: 0","38479","3","6","6","05","19","4","","0","1","1","1","0"
"POINT (6.978919107000024 50.924752368000043)","Unfall 38480 (2023) Kat:3, Licht: 0","38480","3","3","1","05","08","4","","0","1","0","0","0"
"POINT (7.012122600000055 50.971564425000054)","Unfall 38481 (2023) Kat:3, Licht: 0","38481","3","3","4","05","17","4","","0","0","1","0","0"
"POINT (6.952440678000073 50.969843697000044)","Unfall 38482 (2023) Kat:3, Licht: 0","38482","3","3","5","05","12","4","","0","1","1","0","0"
"POINT (6.944988393000074 50.926931655000033)","Unfall 38483 (2023) Kat:2, Licht: 0","38483","2","3","5","05","14","4","","0","1","0","0","0"
"POINT (7.006943362000072 50.971349772000053)","Unfall 38550 (2023) Kat:3, Licht: 0","38550","3","1","7","05","14","2","","0","1","0","0","0"
"POINT (6.897081305000029 50.992410244000041)","Unfall 38630 (2023) Kat:3, Licht: 0","38630","3","6","1","05","16","3","","0","0","1","0","0"
"POINT (7.070730103000074 50.909601877000057)","Unfall 38635 (2023) Kat:3, Licht: 0","38635","3","3","5","05","16","3","","0","0","1","0","0"
"POINT (7.084223641000051 50.946813246000033)","Unfall 38636 (2023) Kat:3, Licht: 0","38636","3","7","5","05","10","3","","0","0","1","0","0"
"POINT (7.014675827000076 50.933892993000029)","Unfall 38637 (2023) Kat:2, Licht: 0","38637","2","6","0","05","07","3","","0","0","0","0","1"
"POINT (6.887617472000045 51.023643406000076)","Unfall 38638 (2023) Kat:3, Licht: 0","38638","3","1","0","05","07","3","","0","1","0","0","0"
"POINT (6.920402290000027 50.953729672000065)","Unfall 38640 (2023) Kat:3, Licht: 0","38640","3","1","0","05","06","3","","0","1","0","0","0"
"POINT (6.949502786000039 50.904209608000031)","Unfall 38641 (2023) Kat:3, Licht: 0","38641","3","3","5","05","15","3","","0","1","0","0","0"