WKT,Name,OBJECTID,UKATEGORIE,UTYP1,UART,UMONAT,USTUNDE,UWOCHENTAG,STRZUSTAND,ULICHTVERH,ISTRAD,ISTPKW,ISTFUSS,ISTKRAD
"POINT (6.929635832000031 50.917933015000074)","Unfall 38642 (2023) Kat:3, Licht: 0","38642","3","2","3","05","12","3","","0","1","0","0","1"
"POINT (6.910162422000042 50.926209237000080)","Unfall 38643 (2023) Kat:3, Licht: 0","38643","3","2","3","05","09","3","","0","1","1","0","0"
"POINT (7.076294184000062 50.945110869000075)","Unfall 38644 (2023) Kat:3, Licht: 0","38644","3","2","0","05","09","3","","0","1","1","0","0"
"POINT (6.887131701000044 51.023031587000048)","Unfall 38693 (2023) Kat:3, Licht: 0","38693","3","3","5","05","18","6","","0","0","1","0","1"
"POINT (7.030018046000066 50.969596032000027)","Unfall 38707 (2023) Kat:2, Licht: 0","38707","2","1","8","05","18","4","","0","0","0","0","1"
"POINT (7.079025510000065 50.923351113000081)","Unfall 38878 (2023) Kat:3, Licht: 0","38878","3","3","0","06","18","4","","0","1","1","0","0"
"POINT (7.104281752000077 50.862034984000047)","Unfall 38879 (2023) Kat:3, Licht: 0","38879","3","3","5","06","12","4","","0","0","1","0","1"
"POINT (6.983374569000034 50.937321469000040)","Unfall 38880 (2023) Kat:3, Licht: 0","38880","3","1","0","06","15","4","","0","1","0","0","0"
"POINT (6.940480938000064 50.931994567000061)","Unfall 38881 (2023) Kat:3, Licht: 2","38881","3","7","3","06","22","4","","2","1","1","0","0"
"POINT (7.089874478000070 50.893964593000078)","Unfall 38997 (2023) Kat:2, Licht: 0","38997","2","7","3","06","14","3","","0","0","1","0","0"
"POINT (6.968937698000047 50.881022020000046)","Unfall 38999 (2023) Kat:3, Licht: 0","38999","3","6","3","06","07","3","","0","0","1","0","0"
"POINT (6.978936396000051 50.939626103000080)","Unfall 39002 (2023) Kat:3, Licht: 0","39002","3","7","0","06","10","3","","0","0","1","0","0"
"POINT (7.005861123000045 50.964642182000034)","Unfall 39003 (2023) Kat:2, Licht: 0","39003","2","3","5","06","08","3","","0","0","1","0","0"
"POINT (6.900362545000064 50.937277220000055)","Unfall 39004 (2023) Kat:3, Licht: 0","39004","3","3","6","06","08","3","","0","1","0","1","0"
"POINT (6.829835517000049 50.938284071000055)","Unfall 39005 (2023) Kat:3, Licht: 0","39005","3","6","0","06","14","3","","0","0","1","0","0"
"POINT (6.953190494000069 50.935254021000048)","Unfall 39006 (2023) Kat:3, Licht: 0","39006","3","3","0","06","16","3","","0","0","1","0","0"
"POINT (6.935451701000034 50.935415456000044)","Unfall 39007 (2023) Kat:3, Licht: 0","39007","3","2","3","06","07","3","","0","0","1","0","0"
"POINT (7.073722222000072 50.899364324000032)","Unfall 39113 (2023) Kat:3, Licht: 0","39113","3","7","5","06","16","3","","0","0","1","0","0"
"POINT (6.950693924000063 50.973903011000061)","Unfall 39122 (2023) Kat:3, Licht: 0","39122","3","2","5","06","19","3","","0","1","1","0","0"
"POINT (7.086175893000075 50.857390231000068)","Unfall 39124 (2023) Kat:2, Licht: 0","39124","2","2","2","06","17","2","","0","0","1","0","0"
"POINT (7.055858649000072 50.891329477000056)","Unfall 39125 (2023) Kat:3, Licht: 0","39125","3","3","5","06","15","2","","0","0","1","0","1"
"POINT (6.998224118000053 50.937468406000050)","Unfall 39126 (2023) Kat:2, Licht: 0","39126","2","6","6","06","19","2","","0","1","0","1","0"
"POINT (7.016806162000023 50.976334936000057)","Unfall 39127 (2023) Kat:3, Licht: 0","39127","3","2","5","06","10","2","","0","0","1","0","1"
"POINT (7.006442280000044 50.963538619000076)","Unfall 39128 (2023) Kat:3, Licht: 0","39128","3","3","5","06","08","2","","0","0","1","0","0"
"POINT (6.977332295000053 50.953248499000040)","Unfall 39129 (2023) Kat:3, Licht: 0","39129","3","6","2","06","11","2","","0","0","1","0","0"
"POINT (6.909815533000028 51.049345681000034)","Unfall 39131 (2023) Kat:3, Licht: 0","39131","3","3","5","06","17","2","","0","1","1","0","0"
"POINT (6.952587414000050 50.924104357000033)","Unfall 39132 (2023) Kat:3, Licht: 0","39132","3","2","5","06","10","2","","0","1","1","0","0"
"POINT (6.956553006000036 50.922196789000054)","Unfall 39133 (2023) Kat:3, Licht: 0","39133","3","2","5","06","11","2","","0","1","0","0","0"
"POINT (7.094749869000054 50.920355044000075)","Unfall 39233 (2023) Kat:3, Licht: 0","39233","3","5","0","06","13","1","","0","1","1","0","0"
"POINT (7.054024825000056 50.879280247000054)","Unfall 39234 (2023) Kat:3, Licht: 0","39234","3","6","4","06","14","1","","0","1","0","0","0"
"POINT (7.080591227000070 50.922092081000073)","Unfall 39235 (2023) Kat:3, Licht: 0","39235","3","7","5","06","20","1","","0","1","1","0","0"
"POINT (6.946872663000022 50.995557438000048)","Unfall 39236 (2023) Kat:3, Licht: 2","39236","3","6","3","06","00","1","","2","0","1","0","0"
"POINT (6.868647955000029 50.958425512000076)","Unfall 39237 (2023) Kat:2, Licht: 0","39237","2","6","1","06","13","1","","0","0","1","0","0"
"POINT (6.939892268000051 50.884235730000057)","Unfall 39238 (2023) Kat:3, Licht: 0","39238","3","5","2","06","16","1","","0","0","1","0","0"
"POINT (6.933102876000021 50.936554602000058)","Unfall 39259 (2023) Kat:3, Licht: 2","39259","3","7","9","06","02","1","","2","1","0","0","0"
"POINT (6.970772090000025 50.933507392000081)","Unfall 39300 (2023) Kat:3, Licht: 0","39300","3","5","1","06","13","3","","0","0","1","0","0"
"POINT (7.011714003000066 50.907073334000074)","Unfall 39318 (2023) Kat:3, Licht: 2","39318","3","2","5","06","23","7","","2","0","1","0","0"
"POINT (7.003988605000075 50.938114036000059)","Unfall 39319 (2023) Kat:3, Licht: 0","39319","3","1","0","06","20","7","","0","1","1","0","0"
"POINT (7.034008888000074 50.967289608000044)","Unfall 39320 (2023) Kat:3, Licht: 0","39320","3","3","5","06","11","7","","0","1","1","0","0"
"POINT (6.855862092000052 51.072888748000082)","Unfall 39321 (2023) Kat:3, Licht: 0","39321","3","3","5","06","10","7","","0","0","1","0","0"
"POINT (6.954800331000058 50.903767739000045)","Unfall 39322 (2023) Kat:3, Licht: 2","39322","3","1","0","06","22","7","","2","1","0","0","0"
"POINT (6.907557187000066 50.927283047000060)","Unfall 39323 (2023) Kat:3, Licht: 0","39323","3","2","5","06","09","7","","0","1","1","0","0"
"POINT (6.894906692000063 50.925206414000058)","Unfall 39394 (2023) Kat:3, Licht: 0","39394","3","7","5","06","19","4","","0","1","1","0","0"
"POINT (7.127155718000040 50.888363393000077)","Unfall 39417 (2023) Kat:2, Licht: 0","39417","2","1","0","06","19","6","","0","0","0","0","1"
"POINT (7.084043639000072 50.863148051000053)","Unfall 39418 (2023) Kat:3, Licht: 0","39418","3","6","2","06","20","6","","0","0","1","0","0"
"POINT (6.980745930000069 50.951250330000050)","Unfall 39419 (2023) Kat:3, Licht: 0","39419","3","6","1","06","13","6","","0","0","1","0","0"
"POINT (6.986538463000045 50.946650088000069)","Unfall 39420 (2023) Kat:3, Licht: 0","39420","3","6","2","06","14","6","","0","0","1","0","0"
"POINT (6.864847158000032 50.971552900000063)","Unfall 39421 (2023) Kat:3, Licht: 0","39421","3","6","2","06","14","6","","0","0","1","0","0"
"POINT (6.979274736000036 50.905144021000069)","Unfall 39422 (2023) Kat:3, Licht: 0","39422","3","2","3","06","15","6","","0","0","1","0","1"
"POINT (6.913808414000073 50.921702294000056)","Unfall 39423 (2023) Kat:3, Licht: 2","39423","3","1","0","06","23","6","","2","1","0","0","0"
"POINT (6.957718099000033 50.957642765000060)","Unfall 39547 (2023) Kat:3, Licht: 0","39547","3","6","2","06","15","5","","0","0","1","0","1"
"POINT (6.846775785000034 50.968883824000045)","Unfall 39548 (2023) Kat:3, Licht: 0","39548","3","3","5","06","15","5","","0","0","1","0","1"
"POINT (6.908785385000044 50.927758710000035)","Unfall 39549 (2023) Kat:2, Licht: 2","39549","2","1","0","06","22","5","","2","0","0","0","0"
"POINT (6.981452264000040 50.903127247000043)","Unfall 39550 (2023) Kat:3, Licht: 0","39550","3","6","3","06","13","5","","0","1","0","0","0"
"POINT (6.953206181000041 50.935251214000061)","Unfall 39551 (2023) Kat:3, Licht: 0","39551","3","2","4","06","15","5","","0","0","1","0","0"
"POINT (6.849554034000050 50.940373409000074)","Unfall 39637 (2023) Kat:3, Licht: 0","39637","3","6","3","06","19","4","","0","0","1","0","1"
"POINT (6.913022579000028 50.898016211000026)","Unfall 39638 (2023) Kat:1, Licht: 1","39638","1","7","9","06","20","4","","1","0","0","0","1"
"POINT (7.042324331000032 50.953427619000081)","Unfall 39641 (2023) Kat:3, Licht: 0","39641","3","6","2","06","17","4","","0","0","1","0","0"
"POINT (7.017689449000045 50.905789977000040)","Unfall 39644 (2023) Kat:3, Licht: 0","39644","3","6","0","06","18","4","","0","0","1","0","1"
"POINT (7.028700895000043 50.942095691000077)","Unfall 39645 (2023) Kat:3, Licht: 0","39645","3","6","2","06","15","4","","0","0","1","0","0"
"POINT (6.994258069000068 50.937169342000061)","Unfall 39646 (2023) Kat:3, Licht: 0","39646","3","6","1","06","16","4","","0","0","1","0","0"
"POINT (6.979165989000023 50.924496620000070)","Unfall 39647 (2023) Kat:3, Licht: 1","39647","3","1","0","06","20","4","","1","1","0","0","0"
"POINT (6.860288831000048 51.069690429000048)","Unfall 39648 (2023) Kat:3, Licht: 0","39648","3","6","3","06","16","4","","0","0","1","0","1"
"POINT (6.928550103000020 50.945080730000029)","Unfall 39649 (2023) Kat:3, Licht: 0","39649","3","6","2","06","12","4","","0","0","0","0","1"
"POINT (6.926542853000058 50.915002366000067)","Unfall 39650 (2023) Kat:3, Licht: 0","39650","3","6","1","06","15","4","","0","0","1","0","0"
"POINT (7.004116564000071 50.938135163000027)","Unfall 39702 (2023) Kat:3, Licht: 0","39702","3","4","0","06","18","2","","0","1","1","1","0"
"POINT (7.039321463000022 50.929811452000081)","Unfall 39729 (2023) Kat:2, Licht: 0","39729","2","4","6","06","17","6","","0","0","1","1","0"
"POINT (6.870441863000053 50.915987697000048)","Unfall 39766 (2023) Kat:3, Licht: 0","39766","3","6","2","06","06","3","","0","0","1","0","1"
"POINT (6.842395250000038 50.920175232000076)","Unfall 39767 (2023) Kat:3, Licht: 0","39767","3","6","3","06","09","3","","0","0","1","0","0"
"POINT (7.039518645000044 50.931290790000048)","Unfall 39770 (2023) Kat:3, Licht: 0","39770","3","6","2","06","13","3","","0","0","1","0","0"
"POINT (7.014720470000043 50.975303133000068)","Unfall 39772 (2023) Kat:3, Licht: 0","39772","3","3","5","06","16","3","","0","0","1","0","0"
"POINT (6.828691633000062 50.953877687000045)","Unfall 39773 (2023) Kat:2, Licht: 0","39773","2","6","0","06","13","4","","0","0","0","0","1"
"POINT (6.987363203000029 50.946252094000045)","Unfall 39774 (2023) Kat:3, Licht: 0","39774","3","7","8","06","18","3","","0","0","1","0","0"
"POINT (6.869000591000031 50.937796233000029)","Unfall 39835 (2023) Kat:3, Licht: 0","39835","3","6","0","06","10","1","","0","1","0","0","0"
"POINT (7.006947825000054 50.969456737000030)","Unfall 39873 (2023) Kat:3, Licht: 0","39873","3","2","5","06","18","4","","0","1","0","0","0"
"POINT (6.872148647000074 50.915424616000053)","Unfall 39897 (2023) Kat:2, Licht: 0","39897","2","6","2","06","14","2","","0","0","1","0","0"
"POINT (7.023147552000069 50.919989315000066)","Unfall 39905 (2023) Kat:3, Licht: 0","39905","3","6","2","06","11","2","","0","0","1","0","0"
"POINT (7.101459779000038 50.898110233000068)","Unfall 39906 (2023) Kat:2, Licht: 0","39906","2","5","1","06","11","2","","0","0","1","0","0"
"POINT (7.014560518000053 50.963326352000081)","Unfall 39907 (2023) Kat:3, Licht: 0","39907","3","7","2","06","17","2","","0","1","1","0","0"
"POINT (7.038390948000028 50.968175864000045)","Unfall 39908 (2023) Kat:3, Licht: 0","39908","3","4","6","06","10","2","","0","0","1","1","0"
"POINT (7.027170901000034 50.959647690000054)","Unfall 39909 (2023) Kat:3, Licht: 0","39909","3","3","5","06","06","2","","0","0","1","0","1"
"POINT (6.913699813000051 51.023940217000074)","Unfall 39910 (2023) Kat:3, Licht: 0","39910","3","1","0","06","15","2","","0","1","0","0","0"
"POINT (6.974024714000052 50.956217305000052)","Unfall 39911 (2023) Kat:2, Licht: 0","39911","2","2","5","06","09","2","","0","1","0","0","0"
"POINT (6.929985249000026 50.946282352000026)","Unfall 39912 (2023) Kat:3, Licht: 0","39912","3","1","0","06","07","2","","0","1","0","0","0"
"POINT (6.926360180000074 50.930971988000067)","Unfall 39913 (2023) Kat:2, Licht: 0","39913","2","2","5","06","08","2","","0","1","1","0","0"
"POINT (6.893933553000068 50.915762133000044)","Unfall 39914 (2023) Kat:3, Licht: 0","39914","3","3","5","06","15","2","","0","0","1","0","1"
"POINT (6.914262613000062 50.929952464000053)","Unfall 39915 (2023) Kat:3, Licht: 0","39915","3","2","0","06","06","2","","0","1","1","0","0"
"POINT (6.952399755000044 50.935396502000060)","Unfall 39916 (2023) Kat:3, Licht: 0","39916","3","6","2","06","10","2","","0","0","1","0","1"
"POINT (6.953237644000069 50.949221903000080)","Unfall 39917 (2023) Kat:3, Licht: 0","39917","3","3","5","06","18","2","","0","0","0","0","1"
"POINT (6.990576412000053 50.946629347000055)","Unfall 39919 (2023) Kat:3, Licht: 0","39919","3","6","0","06","08","3","","0","0","0","0","0"
"POINT (6.921042988000067 50.914272215000040)","Unfall 39965 (2023) Kat:3, Licht: 0","39965","3","4","6","06","09","3","","0","0","0","1","0"
"POINT (6.853827302000070 50.923097877000032)","Unfall 40041 (2023) Kat:2, Licht: 0","40041","2","6","7","06","16","1","","0","0","1","0","0"
"POINT (7.055573842000058 50.928487258000075)","Unfall 40045 (2023) Kat:3, Licht: 0","40045","3","6","2","06","12","1","","0","0","1","0","0"
"POINT (7.024424879000037 50.916110014000026)","Unfall 40046 (2023) Kat:3, Licht: 0","40046","3","6","3","06","10","1","","0","0","1","0","1"
"POINT (7.033175756000048 50.938663907000034)","Unfall 40048 (2023) Kat:3, Licht: 0","40048","3","3","5","06","12","1","","0","0","1","0","0"
"POINT (7.107418671000062 50.868365199000039)","Unfall 40049 (2023) Kat:3, Licht: 1","40049","3","6","2","06","04","1","","1","0","1","0","1"
"POINT (6.945300007000071 50.890481329000067)","Unfall 40050 (2023) Kat:3, Licht: 0","40050","3","3","5","06","19","1","","0","1","1","0","0"
"POINT (7.011387139000021 50.957367758000032)","Unfall 40137 (2023) Kat:3, Licht: 0","40137","3","7","7","06","16","4","","0","0","0","0","0"
"POINT (6.911624705000065 50.980134418000034)","Unfall 40162 (2023) Kat:3, Licht: 1","40162","3","6","3","06","21","7","","1","0","1","0","0"
"POINT (6.987688903000048 50.918980544000078)","Unfall 40164 (2023) Kat:3, Licht: 2","40164","3","1","0","06","02","7","","2","1","0","0","0"
"POINT (6.980639620000034 50.941520966000041)","Unfall 40165 (2023) Kat:3, Licht: 0","40165","3","7","3","06","15","7","","0","0","1","0","0"
"POINT (7.005389965000063 50.963832626000055)","Unfall 40167 (2023) Kat:3, Licht: 0","40167","3","6","3","06","08","7","","0","0","1","0","0"
"POINT (6.955678300000045 50.957228100000066)","Unfall 40170 (2023) Kat:3, Licht: 2","40170","3","2","6","06","03","7","","2","0","1","1","0"
"POINT (6.875010106000047 50.946127743000034)","Unfall 40171 (2023) Kat:2, Licht: 1","40171","2","1","8","06","21","7","","1","0","0","0","1"
"POINT (6.945928605000063 50.946424799000056)","Unfall 40172 (2023) Kat:3, Licht: 0","40172","3","2","5","06","17","7","","0","0","1","0","1"
"POINT (6.847191840000050 50.929023729000050)","Unfall 40236 (2023) Kat:3, Licht: 0","40236","3","6","2","06","17","4","","0","0","1","0","0"
"POINT (6.927573263000056 50.895841463000068)","Unfall 40270 (2023) Kat:3, Licht: 1","40270","3","2","5","06","22","1","","1","0","1","0","0"
"POINT (6.959618379000062 50.920915261000061)","Unfall 40293 (2023) Kat:3, Licht: 0","40293","3","3","5","06","09","7","","0","1","1","0","0"
"POINT (6.903317388000062 50.987510321000059)","Unfall 40323 (2023) Kat:2, Licht: 0","40323","2","6","2","06","12","6","","0","0","1","0","0"
"POINT (6.986539857000025 50.896355820000053)","Unfall 40324 (2023) Kat:2, Licht: 0","40324","2","6","3","06","10","6","","0","0","1","0","0"
"POINT (7.018377643000065 50.915147401000070)","Unfall 40325 (2023) Kat:2, Licht: 0","40325","2","1","9","06","10","6","","0","0","0","0","1"
"POINT (7.076612919000070 50.901639970000076)","Unfall 40330 (2023) Kat:3, Licht: 0","40330","3","6","2","06","14","6","","0","0","1","0","0"
"POINT (7.041450551000025 50.941283711000040)","Unfall 40331 (2023) Kat:3, Licht: 0","40331","3","3","5","06","12","6","","0","1","1","0","0"
"POINT (6.989229440000031 50.917732373000035)","Unfall 40332 (2023) Kat:3, Licht: 0","40332","3","5","2","06","11","6","","0","0","1","0","0"
"POINT (6.998916924000071 50.937537441000075)","Unfall 40333 (2023) Kat:3, Licht: 0","40333","3","5","3","06","14","6","","0","1","1","0","0"
"POINT (7.013723040000059 50.954299683000045)","Unfall 40334 (2023) Kat:3, Licht: 0","40334","3","2","5","06","15","6","","0","0","1","0","0"
"POINT (6.922229163000054 50.955476117000046)","Unfall 40336 (2023) Kat:3, Licht: 0","40336","3","7","8","06","17","6","","0","0","0","0","1"
"POINT (6.940869514000042 50.953764957000033)","Unfall 40338 (2023) Kat:3, Licht: 0","40338","3","3","0","06","15","6","","0","1","0","0","0"
"POINT (6.924535343000059 50.936669016000053)","Unfall 40339 (2023) Kat:3, Licht: 0","40339","3","6","2","06","07","6","","0","0","1","0","0"
"POINT (6.992222443000060 50.889849610000056)","Unfall 40340 (2023) Kat:2, Licht: 0","40340","2","2","4","06","19","6","","0","0","0","0","1"
"POINT (6.988815412000065 50.867100566000033)","Unfall 40342 (2023) Kat:3, Licht: 0","40342","3","2","4","06","16","6","","0","0","1","0","1"
"POINT (6.999675808000063 50.871161299000050)","Unfall 40343 (2023) Kat:3, Licht: 0","40343","3","3","5","06","12","6","","0","1","0","0","0"
"POINT (6.960757934000071 50.935556033000069)","Unfall 40344 (2023) Kat:1, Licht: 0","40344","1","4","6","06","20","6","","0","0","1","1","0"
"POINT (6.846595736000040 50.979588328000034)","Unfall 40463 (2023) Kat:3, Licht: 0","40463","3","6","2","06","18","4","","0","0","1","0","0"
"POINT (7.098183842000026 50.919556281000041)","Unfall 40476 (2023) Kat:3, Licht: 0","40476","3","6","2","06","14","5","","0","0","1","0","1"
"POINT (7.046902390000071 50.942262139000036)","Unfall 40477 (2023) Kat:3, Licht: 0","40477","3","3","5","06","08","5","","0","0","1","0","1"
"POINT (7.022195352000040 50.980033112000058)","Unfall 40478 (2023) Kat:3, Licht: 0","40478","3","3","5","06","14","5","","0","1","1","0","0"
"POINT (6.974362079000059 50.957282475000056)","Unfall 40479 (2023) Kat:3, Licht: 0","40479","3","6","1","06","14","5","","0","0","0","0","1"
"POINT (6.922374782000077 50.999181076000070)","Unfall 40480 (2023) Kat:3, Licht: 1","40480","3","7","9","06","06","5","","1","0","1","0","0"
"POINT (6.827338456000064 50.940400925000063)","Unfall 40482 (2023) Kat:3, Licht: 0","40482","3","2","0","06","17","5","","0","1","1","0","0"
"POINT (6.924309023000035 50.936553420000052)","Unfall 40483 (2023) Kat:3, Licht: 0","40483","3","6","5","06","18","5","","0","1","1","0","0"
"POINT (6.971746137000025 50.874452364000035)","Unfall 40484 (2023) Kat:3, Licht: 0","40484","3","6","3","06","18","5","","0","0","1","0","1"
"POINT (6.924555590000068 50.935516769000060)","Unfall 40485 (2023) Kat:3, Licht: 0","40485","3","3","4","06","13","5","","0","1","0","0","0"
"POINT (6.960768220000034 50.930912667000030)","Unfall 40486 (2023) Kat:3, Licht: 0","40486","3","4","6","06","08","5","","0","1","0","1","0"
"POINT (6.866080751000027 50.970475845000067)","Unfall 40515 (2023) Kat:3, Licht: 0","40515","3","1","0","06","13","7","","0","1","0","0","0"
"POINT (6.916535696000039 50.895109617000060)","Unfall 40647 (2023) Kat:3, Licht: 0","40647","3","6","3","05","07","4","","0","0","1","0","0"
"POINT (7.039488923000022 50.968407317000072)","Unfall 40650 (2023) Kat:2, Licht: 0","40650","2","7","2","05","20","4","","0","0","1","0","0"
"POINT (7.070474786000034 50.978674994000073)","Unfall 40652 (2023) Kat:3, Licht: 0","40652","3","6","0","05","14","4","","0","1","0","0","0"
"POINT (6.883493903000044 50.937739043000079)","Unfall 40653 (2023) Kat:3, Licht: 0","40653","3","3","0","05","14","4","","0","1","1","0","0"
"POINT (6.932391502000030 50.920575781000082)","Unfall 40654 (2023) Kat:3, Licht: 0","40654","3","7","0","05","07","4","","0","0","0","1","0"
"POINT (6.921032941000021 50.914279205000071)","Unfall 40655 (2023) Kat:3, Licht: 0","40655","3","6","3","05","12","4","","0","1","1","0","0"
"POINT (6.969117345000029 50.904287546000035)","Unfall 40657 (2023) Kat:3, Licht: 0","40657","3","5","0","05","07","4","","0","1","1","1","0"
"POINT (6.959833125000046 50.930745486000035)","Unfall 40658 (2023) Kat:3, Licht: 0","40658","3","3","5","05","12","4","","0","1","1","0","0"
"POINT (6.941322909000064 50.930005674000029)","Unfall 40659 (2023) Kat:3, Licht: 0","40659","3","5","1","05","19","4","","0","1","1","0","0"
"POINT (7.001580755000020 50.937774495000042)","Unfall 40818 (2023) Kat:3, Licht: 0","40818","3","5","1","05","14","3","","0","0","1","1","0"
"POINT (6.994411045000049 50.914607508000074)","Unfall 40819 (2023) Kat:3, Licht: 0","40819","3","6","2","05","16","3","","0","0","1","0","0"
"POINT (7.098470837000036 50.915070366000066)","Unfall 40821 (2023) Kat:3, Licht: 0","40821","3","3","5","05","18","3","","0","0","1","0","0"
"POINT (7.066659916000049 50.977303996000046)","Unfall 40822 (2023) Kat:3, Licht: 0","40822","3","2","5","05","16","3","","0","1","1","0","0"
"POINT (6.994116816000030 51.008224919000043)","Unfall 40823 (2023) Kat:3, Licht: 0","40823","3","1","0","05","19","3","","0","1","0","0","0"
"POINT (7.036079990000076 50.967715281000039)","Unfall 40825 (2023) Kat:3, Licht: 0","40825","3","4","6","05","13","3","","0","0","1","1","0"
"POINT (6.951904280000065 50.971090991000040)","Unfall 40827 (2023) Kat:3, Licht: 0","40827","3","5","0","05","12","3","","0","1","1","0","0"
"POINT (6.900937811000063 50.984960487000080)","Unfall 40828 (2023) Kat:3, Licht: 0","40828","3","7","4","05","10","3","","0","0","1","0","1"
"POINT (6.930978108000033 50.923963234000041)","Unfall 40829 (2023) Kat:3, Licht: 0","40829","3","5","2","05","18","3","","0","0","1","0","0"
"POINT (7.107566766000048 50.872599680000064)","Unfall 40830 (2023) Kat:3, Licht: 0","40830","3","3","5","05","08","3","","0","1","1","0","0"
"POINT (6.884276864000071 51.002102044000026)","Unfall 40931 (2023) Kat:3, Licht: 0","40931","3","6","2","06","13","7","","0","0","1","0","0"
"POINT (7.044403590000059 50.895758075000060)","Unfall 40932 (2023) Kat:3, Licht: 0","40932","3","1","8","06","20","7","","0","0","1","0","0"
"POINT (6.974665265000056 50.955127785000059)","Unfall 40933 (2023) Kat:3, Licht: 0","40933","3","6","2","06","16","7","","0","0","1","0","0"
"POINT (6.982289473000037 50.950253903000032)","Unfall 40934 (2023) Kat:3, Licht: 0","40934","3","6","2","06","14","7","","0","0","1","0","0"
"POINT (6.963005930000065 50.935003557000073)","Unfall 40935 (2023) Kat:3, Licht: 0","40935","3","1","8","06","14","7","","0","1","0","0","0"
"POINT (6.939103842000065 50.935395040000060)","Unfall 40936 (2023) Kat:2, Licht: 2","40936","2","2","5","06","22","7","","2","1","1","0","0"
"POINT (6.977888409000059 50.925818231000051)","Unfall 41014 (2023) Kat:3, Licht: 0","41014","3","3","5","06","15","6","","0","1","1","0","0"
"POINT (6.985612589000027 50.947086426000055)","Unfall 41015 (2023) Kat:2, Licht: 2","41015","2","7","8","06","03","6","","2","0","1","0","0"
"POINT (7.005720628000063 50.964223157000049)","Unfall 41016 (2023) Kat:3, Licht: 1","41016","3","1","0","06","05","6","","1","0","0","0","1"
"POINT (6.869320460000040 51.000772239000071)","Unfall 41017 (2023) Kat:2, Licht: 0","41017","2","2","5","06","14","6","","0","0","1","0","1"
"POINT (6.960639974000060 50.928477128000054)","Unfall 41018 (2023) Kat:2, Licht: 0","41018","2","2","3","06","16","6","","0","0","0","0","1"
"POINT (7.066371733000040 50.921552057000042)","Unfall 41133 (2023) Kat:2, Licht: 0","41133","2","1","0","06","18","5","","0","0","0","0","1"
"POINT (6.944552462000047 50.988188346000072)","Unfall 41134 (2023) Kat:3, Licht: 0","41134","3","1","0","06","12","5","","0","0","0","0","1"
"POINT (6.896310664000055 50.994582964000074)","Unfall 41135 (2023) Kat:3, Licht: 0","41135","3","6","2","06","17","5","","0","0","1","0","0"
"POINT (6.829435586000045 50.959814552000068)","Unfall 41136 (2023) Kat:3, Licht: 0","41136","3","7","0","06","09","5","","0","0","0","0","0"
"POINT (7.066184199000077 50.906820988000050)","Unfall 41243 (2023) Kat:3, Licht: 0","41243","3","6","2","06","17","4","","0","0","1","0","0"
"POINT (6.994835604000059 50.914438934000032)","Unfall 41244 (2023) Kat:3, Licht: 0","41244","3","2","5","06","11","4","","0","1","1","0","0"
"POINT (7.069977285000050 50.882047741000065)","Unfall 41245 (2023) Kat:3, Licht: 0","41245","3","3","5","06","18","4","","0","1","1","0","0"
"POINT (6.999702443000047 50.954896425000072)","Unfall 41246 (2023) Kat:3, Licht: 0","41246","3","3","0","06","14","4","","0","1","1","0","0"
"POINT (6.994493346000070 50.949507234000066)","Unfall 41247 (2023) Kat:3, Licht: 0","41247","3","6","2","06","19","4","","0","0","1","0","0"
"POINT (6.933590891000051 50.964663195000071)","Unfall 41248 (2023) Kat:3, Licht: 0","41248","3","3","5","06","08","4","","0","1","1","0","0"
"POINT (6.928668721000065 50.916683841000065)","Unfall 41249 (2023) Kat:3, Licht: 0","41249","3","3","3","06","17","4","","0","0","1","0","0"
"POINT (6.989433375000033 50.883880642000065)","Unfall 41250 (2023) Kat:3, Licht: 0","41250","3","6","2","06","06","4","","0","0","1","0","0"
"POINT (6.928330557000038 50.916710337000040)","Unfall 41251 (2023) Kat:3, Licht: 0","41251","3","6","1","06","17","4","","0","0","1","0","0"
"POINT (6.941577072000030 50.929287126000077)","Unfall 41252 (2023) Kat:3, Licht: 0","41252","3","4","6","06","09","4","","0","0","0","1","0"
"POINT (6.959531466000044 50.921194144000026)","Unfall 41253 (2023) Kat:3, Licht: 0","41253","3","6","4","06","18","4","","0","1","0","0","0"
"POINT (6.946994597000071 50.926014950000081)","Unfall 41254 (2023) Kat:3, Licht: 0","41254","3","1","0","06","13","4","","0","1","0","0","0"
"POINT (6.965706707000038 50.924641831000031)","Unfall 41300 (2023) Kat:3, Licht: 0","41300","3","1","0","06","18","5","","0","0","0","0","0"
"POINT (6.939637000000062 50.939251112000079)","Unfall 41338 (2023) Kat:3, Licht: 0","41338","3","6","6","06","08","4","","0","1","0","0","0"
"POINT (7.083498165000037 50.869512248000035)","Unfall 41393 (2023) Kat:3, Licht: 0","41393","3","3","5","06","16","3","","0","1","1","0","0"
"POINT (7.034047076000036 50.967297412000050)","Unfall 41394 (2023) Kat:3, Licht: 0","41394","3","6","2","06","14","3","","0","0","1","0","0"
"POINT (7.015242908000062 50.975559286000077)","Unfall 41395 (2023) Kat:2, Licht: 0","41395","2","1","0","06","15","3","","0","1","0","0","0"
"POINT (6.989371584000025 50.931927919000032)","Unfall 41396 (2023) Kat:3, Licht: 0","41396","3","3","5","06","08","3","","0","1","1","0","0"
"POINT (6.971842464000076 50.931116376000034)","Unfall 41397 (2023) Kat:3, Licht: 0","41397","3","7","0","06","11","3","","0","1","0","0","0"