WKT,Name,OBJECTID,UKATEGORIE,UTYP1,UART,UMONAT,USTUNDE,UWOCHENTAG,STRZUSTAND,ULICHTVERH,ISTRAD,ISTPKW,ISTFUSS,ISTKRAD
"POINT (6.858455187000061 51.058677844000044)","Unfall 41398 (2023) Kat:3, Licht: 0","41398","3","5","0","06","09","3","","0","1","0","0","0"
"POINT (6.928886265000074 50.877269076000061)","Unfall 41399 (2023) Kat:3, Licht: 0","41399","3","3","5","06","18","3","","0","0","1","0","0"
"POINT (6.914262781000048 50.921665886000028)","Unfall 41400 (2023) Kat:3, Licht: 0","41400","3","3","5","06","15","3","","0","0","1","0","0"
"POINT (6.990122427000074 50.895785597000042)","Unfall 41401 (2023) Kat:2, Licht: 0","41401","2","7","0","06","10","3","","0","1","0","0","0"
"POINT (6.871668731000057 50.976338319000035)","Unfall 41428 (2023) Kat:3, Licht: 0","41428","3","6","4","06","19","3","","0","1","0","0","1"
"POINT (6.953918990000034 50.963565943000049)","Unfall 41447 (2023) Kat:3, Licht: 0","41447","3","4","6","06","10","7","","0","1","0","1","0"
"POINT (7.095262933000072 50.871173451000061)","Unfall 41519 (2023) Kat:3, Licht: 0","41519","3","7","8","06","10","2","","0","0","0","0","0"
"POINT (7.054520057000047 50.879670936000082)","Unfall 41524 (2023) Kat:3, Licht: 0","41524","3","2","3","06","08","2","","0","1","0","0","0"
"POINT (6.983936748000076 50.944503927000028)","Unfall 41525 (2023) Kat:3, Licht: 0","41525","3","6","4","06","16","2","","0","1","0","0","0"
"POINT (7.013193716000046 50.974336408000056)","Unfall 41526 (2023) Kat:3, Licht: 0","41526","3","6","2","06","16","2","","0","0","1","0","0"
"POINT (6.954450593000047 50.961008720000052)","Unfall 41527 (2023) Kat:2, Licht: 0","41527","2","5","0","06","15","2","","0","1","1","0","0"
"POINT (6.957729909000022 50.957765499000061)","Unfall 41528 (2023) Kat:3, Licht: 0","41528","3","7","5","06","07","2","","0","1","1","0","0"
"POINT (6.917891402000066 50.951397500000041)","Unfall 41529 (2023) Kat:3, Licht: 0","41529","3","2","5","06","17","2","","0","0","1","0","0"
"POINT (6.867572315000075 50.922473954000054)","Unfall 41530 (2023) Kat:3, Licht: 0","41530","3","2","5","06","10","2","","0","0","1","0","0"
"POINT (6.999096050000048 50.867699745000039)","Unfall 41532 (2023) Kat:2, Licht: 0","41532","2","2","5","06","19","2","","0","0","1","0","1"
"POINT (6.947277267000061 50.930302730000051)","Unfall 41533 (2023) Kat:3, Licht: 2","41533","3","1","0","06","00","2","","2","0","0","0","1"
"POINT (6.955269996000027 50.935080205000077)","Unfall 41534 (2023) Kat:3, Licht: 0","41534","3","6","3","06","16","2","","0","0","1","0","1"
"POINT (6.938865070000077 50.935384131000035)","Unfall 41535 (2023) Kat:3, Licht: 0","41535","3","5","0","06","14","2","","0","1","1","0","0"
"POINT (6.864648131000024 50.971716789000027)","Unfall 41540 (2023) Kat:3, Licht: 0","41540","3","1","8","06","18","3","","0","0","1","0","0"
"POINT (6.882168890000059 50.910881643000039)","Unfall 41626 (2023) Kat:2, Licht: 0","41626","2","1","8","06","17","1","","0","0","1","0","0"
"POINT (7.072885454000073 50.919833086000040)","Unfall 41629 (2023) Kat:3, Licht: 0","41629","3","6","2","06","06","1","","0","0","1","0","0"
"POINT (7.049921396000059 50.933675279000056)","Unfall 41630 (2023) Kat:3, Licht: 0","41630","3","6","2","06","12","1","","0","0","1","0","0"
"POINT (7.025777063000021 50.940238888000067)","Unfall 41631 (2023) Kat:3, Licht: 0","41631","3","2","4","06","09","1","","0","1","1","0","0"
"POINT (7.027888884000049 50.942767102000062)","Unfall 41632 (2023) Kat:3, Licht: 0","41632","3","7","2","06","16","1","","0","0","1","0","1"
"POINT (7.037671076000038 50.930477423000070)","Unfall 41633 (2023) Kat:2, Licht: 0","41633","2","1","0","06","10","1","","0","1","0","0","0"
"POINT (7.028190813000037 50.984805502000029)","Unfall 41634 (2023) Kat:3, Licht: 0","41634","3","3","0","06","15","1","","0","1","1","0","0"
"POINT (7.017832994000059 50.950011022000069)","Unfall 41635 (2023) Kat:3, Licht: 2","41635","3","1","0","06","01","1","","2","0","0","0","1"
"POINT (6.931406269000036 51.005090931000041)","Unfall 41636 (2023) Kat:3, Licht: 0","41636","3","1","0","06","12","1","","0","1","0","0","0"
"POINT (6.939769572000046 50.968184734000033)","Unfall 41637 (2023) Kat:2, Licht: 0","41637","2","1","0","06","15","1","","0","1","0","0","0"
"POINT (6.912947693000035 50.901814809000030)","Unfall 41638 (2023) Kat:3, Licht: 0","41638","3","7","9","06","16","1","","0","0","1","0","0"
"POINT (6.926359852000076 50.930972492000080)","Unfall 41639 (2023) Kat:3, Licht: 0","41639","3","6","2","06","17","1","","0","0","0","0","1"
"POINT (7.047483020000072 50.935969055000044)","Unfall 41733 (2023) Kat:3, Licht: 0","41733","3","6","2","06","16","7","","0","0","1","0","0"
"POINT (7.062875987000041 50.905212713000026)","Unfall 41734 (2023) Kat:3, Licht: 0","41734","3","6","2","06","16","7","","0","0","1","0","0"
"POINT (6.915638835000038 50.970976989000064)","Unfall 41735 (2023) Kat:3, Licht: 0","41735","3","2","0","06","19","7","","0","0","1","0","0"
"POINT (6.942848779000030 50.887631793000025)","Unfall 41736 (2023) Kat:3, Licht: 0","41736","3","6","2","06","11","7","","0","0","1","0","0"
"POINT (6.910170164000021 50.926200078000079)","Unfall 41737 (2023) Kat:2, Licht: 0","41737","2","2","5","06","20","7","","0","1","1","0","0"
"POINT (6.930152752000026 50.925289421000059)","Unfall 41738 (2023) Kat:3, Licht: 0","41738","3","4","6","06","10","7","","0","1","0","1","0"
"POINT (6.957382237000047 50.921705958000075)","Unfall 41739 (2023) Kat:3, Licht: 0","41739","3","6","2","06","16","7","","0","1","0","0","0"
"POINT (6.983711945000039 50.921463660000029)","Unfall 41760 (2023) Kat:3, Licht: 0","41760","3","6","2","06","10","7","","0","0","1","0","1"
"POINT (7.003246452000042 50.960609395000063)","Unfall 41869 (2023) Kat:3, Licht: 0","41869","3","1","0","06","09","1","","0","1","0","0","0"
"POINT (6.848823042000049 50.931467507000036)","Unfall 41883 (2023) Kat:3, Licht: 0","41883","3","6","3","06","07","6","","0","0","1","0","0"
"POINT (7.060536408000075 50.923787886000071)","Unfall 41885 (2023) Kat:3, Licht: 0","41885","3","6","2","06","14","6","","0","0","1","0","0"
"POINT (7.069204613000068 50.906328977000044)","Unfall 41886 (2023) Kat:3, Licht: 0","41886","3","6","3","06","11","6","","0","0","1","0","0"
"POINT (7.046983050000051 50.952914413000030)","Unfall 41887 (2023) Kat:3, Licht: 0","41887","3","3","3","06","15","6","","0","0","1","0","0"
"POINT (7.019433915000036 50.933411157000080)","Unfall 41889 (2023) Kat:3, Licht: 0","41889","3","7","6","06","13","6","","0","1","0","1","0"
"POINT (7.080707254000060 50.881400801000041)","Unfall 41890 (2023) Kat:3, Licht: 0","41890","3","7","0","06","11","6","","0","0","1","0","1"
"POINT (7.005888150000033 50.964877778000073)","Unfall 41891 (2023) Kat:3, Licht: 0","41891","3","4","6","06","16","6","","0","1","0","1","0"
"POINT (6.973542454000039 50.939891955000064)","Unfall 41892 (2023) Kat:2, Licht: 0","41892","2","1","9","06","15","6","","0","0","0","0","1"
"POINT (6.874538490000020 51.003222430000051)","Unfall 41893 (2023) Kat:3, Licht: 0","41893","3","3","0","06","15","6","","0","1","1","0","0"
"POINT (6.879007254000044 50.987741079000045)","Unfall 41894 (2023) Kat:3, Licht: 0","41894","3","6","2","06","12","6","","0","0","1","0","0"
"POINT (6.878007219000040 50.937834856000052)","Unfall 41895 (2023) Kat:3, Licht: 0","41895","3","2","5","06","15","6","","0","1","0","0","0"
"POINT (6.923723978000055 50.912509824000040)","Unfall 41896 (2023) Kat:2, Licht: 0","41896","2","6","3","06","16","6","","0","1","1","0","0"
"POINT (6.939156261000051 50.937426587000061)","Unfall 41897 (2023) Kat:3, Licht: 0","41897","3","6","0","06","20","6","","0","1","0","0","0"
"POINT (6.958345602000065 50.935528915000077)","Unfall 41898 (2023) Kat:3, Licht: 0","41898","3","6","3","06","18","6","","0","1","1","0","0"
"POINT (6.956367824000040 50.935049525000068)","Unfall 41899 (2023) Kat:3, Licht: 0","41899","3","1","0","06","17","6","","0","0","0","0","0"
"POINT (6.942293466000024 50.929060505000052)","Unfall 41900 (2023) Kat:3, Licht: 2","41900","3","5","1","06","01","6","","2","1","1","0","0"
"POINT (6.997893794000049 50.937503424000056)","Unfall 42069 (2023) Kat:2, Licht: 0","42069","2","7","1","06","15","5","","0","0","1","0","0"
"POINT (6.924630329000024 50.937564996000049)","Unfall 42070 (2023) Kat:2, Licht: 1","42070","2","1","0","06","21","5","","1","1","0","0","0"
"POINT (6.900938491000034 50.985070711000049)","Unfall 42071 (2023) Kat:3, Licht: 0","42071","3","2","5","06","14","5","","0","1","0","0","0"
"POINT (6.977083836000077 50.907394870000076)","Unfall 42073 (2023) Kat:3, Licht: 0","42073","3","6","2","06","09","5","","0","0","1","0","0"
"POINT (6.911056760000065 50.925190501000031)","Unfall 42074 (2023) Kat:3, Licht: 0","42074","3","1","0","06","11","5","","0","0","0","0","0"
"POINT (6.935427116000028 50.936518402000047)","Unfall 42075 (2023) Kat:2, Licht: 2","42075","2","7","0","06","00","5","","2","0","0","0","0"
"POINT (7.065383798000028 50.913937806000035)","Unfall 42090 (2023) Kat:3, Licht: 0","42090","3","6","2","07","16","4","","0","0","1","0","0"
"POINT (7.008508686000027 50.938931370000034)","Unfall 42093 (2023) Kat:3, Licht: 0","42093","3","6","3","07","17","4","","0","0","1","0","0"
"POINT (6.868924191000076 50.967712852000034)","Unfall 42094 (2023) Kat:3, Licht: 0","42094","3","6","1","07","14","4","","0","0","1","0","0"
"POINT (6.941792817000021 50.935825054000077)","Unfall 42095 (2023) Kat:3, Licht: 0","42095","3","6","2","07","16","4","","0","0","1","0","1"
"POINT (6.940855866000049 50.931146923000028)","Unfall 42096 (2023) Kat:3, Licht: 0","42096","3","1","0","07","13","4","","0","1","0","0","0"
"POINT (7.059730934000072 50.974818216000074)","Unfall 42153 (2023) Kat:3, Licht: 0","42153","3","1","0","07","16","4","","0","0","0","0","0"
"POINT (7.037942471000065 50.897330721000060)","Unfall 42188 (2023) Kat:3, Licht: 0","42188","3","1","0","07","17","3","","0","1","0","0","0"
"POINT (6.979949902000044 50.940933870000038)","Unfall 42189 (2023) Kat:2, Licht: 0","42189","2","7","6","07","11","3","","0","0","0","1","0"
"POINT (6.979180928000062 50.940035813000065)","Unfall 42190 (2023) Kat:2, Licht: 0","42190","2","2","3","07","14","3","","0","1","0","0","0"
"POINT (6.912504665000029 50.945015317000070)","Unfall 42191 (2023) Kat:3, Licht: 0","42191","3","1","0","07","11","3","","0","0","0","0","0"
"POINT (6.966840457000046 50.922852095000053)","Unfall 42192 (2023) Kat:3, Licht: 0","42192","3","6","3","07","09","3","","0","0","0","0","1"
"POINT (7.014121541000065 51.013168150000070)","Unfall 42241 (2023) Kat:3, Licht: 0","42241","3","6","2","07","15","3","","0","0","1","0","0"
"POINT (6.928069934000064 50.889891015000046)","Unfall 42276 (2023) Kat:2, Licht: 2","42276","2","6","2","07","23","2","","2","0","1","0","0"
"POINT (6.947715566000056 50.884128761000056)","Unfall 42277 (2023) Kat:2, Licht: 0","42277","2","6","3","07","16","2","","0","0","1","0","0"
"POINT (7.100042484000028 50.881039179000027)","Unfall 42280 (2023) Kat:3, Licht: 0","42280","3","6","8","07","10","2","","0","0","0","0","0"
"POINT (6.924947411000062 51.012479353000060)","Unfall 42281 (2023) Kat:3, Licht: 0","42281","3","6","3","07","18","2","","0","1","0","0","0"
"POINT (6.955105288000027 51.007013982000046)","Unfall 42282 (2023) Kat:3, Licht: 0","42282","3","1","8","07","08","2","","0","1","0","0","0"
"POINT (6.846790630000044 50.968885801000056)","Unfall 42283 (2023) Kat:3, Licht: 0","42283","3","3","5","07","11","2","","0","0","1","0","0"
"POINT (6.843194810000057 50.980836556000042)","Unfall 42284 (2023) Kat:3, Licht: 0","42284","3","6","0","07","07","2","","0","0","1","0","0"
"POINT (6.982398147000026 50.888803684000038)","Unfall 42285 (2023) Kat:3, Licht: 0","42285","3","2","4","07","11","2","","0","1","1","0","0"
"POINT (6.935424627000032 50.877416938000067)","Unfall 42286 (2023) Kat:2, Licht: 0","42286","2","3","5","07","11","2","","0","0","1","0","1"
"POINT (6.992642412000066 50.935708888000079)","Unfall 42363 (2023) Kat:3, Licht: 0","42363","3","7","2","07","11","1","","0","0","1","0","0"
"POINT (6.937529715000039 50.996592965000048)","Unfall 42364 (2023) Kat:3, Licht: 2","42364","3","1","7","07","02","1","","2","0","0","0","0"
"POINT (6.937510340000074 50.925278844000047)","Unfall 42365 (2023) Kat:3, Licht: 0","42365","3","1","0","07","00","1","","0","1","0","0","0"
"POINT (6.934538130000021 50.935445337000033)","Unfall 42366 (2023) Kat:3, Licht: 2","42366","3","2","3","07","00","1","","2","0","1","0","0"
"POINT (6.940196647000050 50.941616892000070)","Unfall 42367 (2023) Kat:3, Licht: 0","42367","3","6","6","07","17","1","","0","0","0","1","0"
"POINT (7.048683532000041 50.998939248000056)","Unfall 42435 (2023) Kat:3, Licht: 0","42435","3","6","0","07","18","7","","0","1","1","0","0"
"POINT (6.940001044000041 50.968211441000051)","Unfall 42436 (2023) Kat:3, Licht: 2","42436","3","1","0","07","00","7","","2","0","0","0","0"
"POINT (6.881673867000075 50.937799901000062)","Unfall 42437 (2023) Kat:3, Licht: 0","42437","3","2","5","07","15","7","","0","1","1","0","0"
"POINT (6.941659171000026 50.991651745000070)","Unfall 42456 (2023) Kat:3, Licht: 0","42456","3","6","1","07","13","7","","0","0","1","0","0"
"POINT (7.077572143000054 50.945256327000038)","Unfall 42529 (2023) Kat:3, Licht: 0","42529","3","1","0","07","07","6","","0","1","0","0","0"
"POINT (7.012545435000050 50.991327024000043)","Unfall 42530 (2023) Kat:3, Licht: 0","42530","3","6","1","07","13","6","","0","1","0","0","0"
"POINT (7.056242140000052 50.975063691000059)","Unfall 42531 (2023) Kat:3, Licht: 0","42531","3","6","0","07","14","6","","0","1","1","0","0"
"POINT (6.978328965000060 50.938674831000071)","Unfall 42532 (2023) Kat:3, Licht: 0","42532","3","4","6","07","16","6","","0","0","0","1","0"
"POINT (6.917755036000074 51.019376198000032)","Unfall 42533 (2023) Kat:3, Licht: 0","42533","3","3","5","07","14","6","","0","0","1","0","0"
"POINT (6.912795366000068 50.936954655000079)","Unfall 42534 (2023) Kat:3, Licht: 0","42534","3","2","5","07","16","6","","0","1","0","0","0"
"POINT (6.953170510000064 50.935257691000061)","Unfall 42535 (2023) Kat:3, Licht: 2","42535","3","2","5","07","00","6","","2","0","1","0","0"
"POINT (6.879181381000024 51.000216232000071)","Unfall 42612 (2023) Kat:3, Licht: 0","42612","3","2","5","07","12","7","","0","1","1","0","0"
"POINT (7.014566186000025 50.933890768000026)","Unfall 42659 (2023) Kat:2, Licht: 0","42659","2","2","5","07","16","5","","0","1","1","0","0"
"POINT (7.080694494000056 50.910526699000059)","Unfall 42660 (2023) Kat:3, Licht: 0","42660","3","3","5","07","12","5","","0","0","1","0","1"
"POINT (7.100935031000063 50.899727532000043)","Unfall 42661 (2023) Kat:3, Licht: 0","42661","3","3","5","07","18","5","","0","0","1","0","1"
"POINT (7.029147392000027 50.966290439000034)","Unfall 42662 (2023) Kat:2, Licht: 0","42662","2","3","5","07","08","5","","0","1","1","0","0"
"POINT (7.005090941000049 50.974973938000062)","Unfall 42664 (2023) Kat:3, Licht: 0","42664","3","3","5","07","19","5","","0","0","1","0","0"
"POINT (6.979082211000048 50.849215054000069)","Unfall 42665 (2023) Kat:2, Licht: 0","42665","2","2","5","07","11","5","","0","0","1","0","0"
"POINT (6.939787075000027 50.939833759000066)","Unfall 42666 (2023) Kat:3, Licht: 0","42666","3","1","0","07","17","5","","0","0","0","0","0"
"POINT (6.890687109000055 50.996727419000081)","Unfall 42753 (2023) Kat:3, Licht: 0","42753","3","6","2","07","15","4","","0","0","1","0","0"
"POINT (6.971236134000037 50.936152912000068)","Unfall 42754 (2023) Kat:3, Licht: 0","42754","3","1","0","07","13","4","","0","1","0","0","0"
"POINT (7.015547698000034 50.951669817000038)","Unfall 42755 (2023) Kat:2, Licht: 0","42755","2","3","5","07","10","4","","0","0","1","0","0"
"POINT (7.006355469000027 50.966880881000066)","Unfall 42756 (2023) Kat:3, Licht: 2","42756","3","1","0","07","22","4","","2","1","0","0","0"
"POINT (6.942025870000066 50.968485235000060)","Unfall 42757 (2023) Kat:2, Licht: 0","42757","2","1","9","07","19","4","","0","1","1","0","0"
"POINT (6.934313326000051 50.949698063000028)","Unfall 42758 (2023) Kat:3, Licht: 0","42758","3","6","3","07","07","4","","0","0","1","0","1"
"POINT (6.916945850000047 50.950489036000079)","Unfall 42759 (2023) Kat:2, Licht: 0","42759","2","1","0","07","10","4","","0","1","0","0","0"
"POINT (6.936141376000023 50.950894820000030)","Unfall 42760 (2023) Kat:2, Licht: 0","42760","2","6","2","07","06","4","","0","0","1","0","1"
"POINT (6.914998278000041 50.920333427000060)","Unfall 42761 (2023) Kat:3, Licht: 2","42761","3","1","0","07","22","4","","2","1","0","0","0"
"POINT (6.935685599000067 50.935407806000057)","Unfall 42762 (2023) Kat:3, Licht: 0","42762","3","6","0","07","13","4","","0","0","1","0","0"
"POINT (6.957578144000024 50.935314857000037)","Unfall 42763 (2023) Kat:3, Licht: 0","42763","3","6","6","07","17","4","","0","0","0","1","0"
"POINT (6.879180826000038 50.993350467000027)","Unfall 42840 (2023) Kat:3, Licht: 0","42840","3","6","2","07","17","3","","0","0","1","0","0"
"POINT (7.095892635000041 50.858741391000081)","Unfall 42843 (2023) Kat:3, Licht: 0","42843","3","3","1","07","08","3","","0","0","1","0","0"
"POINT (7.026538585000026 50.965758314000027)","Unfall 42844 (2023) Kat:3, Licht: 0","42844","3","2","5","07","19","3","","0","1","1","0","0"
"POINT (6.942994124000052 50.990261645000032)","Unfall 42845 (2023) Kat:3, Licht: 0","42845","3","3","5","07","13","3","","0","0","0","0","0"
"POINT (6.914935761000038 50.920883847000027)","Unfall 42846 (2023) Kat:3, Licht: 0","42846","3","7","0","07","07","3","","0","1","0","0","0"
"POINT (6.934873860000039 50.935434357000076)","Unfall 42847 (2023) Kat:3, Licht: 0","42847","3","5","1","07","10","3","","0","1","1","0","0"
"POINT (7.083824490000040 50.864065075000042)","Unfall 42937 (2023) Kat:3, Licht: 0","42937","3","2","5","07","13","2","","0","1","0","0","0"
"POINT (7.005679471000064 50.961425073000044)","Unfall 42967 (2023) Kat:3, Licht: 2","42967","3","1","9","07","22","1","","2","0","0","0","0"
"POINT (7.095192382000050 50.873878534000028)","Unfall 43002 (2023) Kat:2, Licht: 2","43002","2","6","3","07","03","1","","2","0","1","0","0"
"POINT (6.909790219000058 50.938572950000037)","Unfall 43003 (2023) Kat:3, Licht: 2","43003","3","1","0","07","02","1","","2","0","0","0","0"
"POINT (6.998180120000029 50.885334029000035)","Unfall 43004 (2023) Kat:3, Licht: 0","43004","3","1","0","07","16","1","","0","0","0","0","0"
"POINT (6.923851957000068 50.936559825000074)","Unfall 43005 (2023) Kat:2, Licht: 1","43005","2","1","0","07","20","1","","1","1","0","0","0"
"POINT (7.018224620000069 50.977063283000064)","Unfall 43042 (2023) Kat:2, Licht: 0","43042","2","6","4","07","19","3","","0","0","1","0","0"
"POINT (6.967779413000073 50.849382274000050)","Unfall 43091 (2023) Kat:3, Licht: 0","43091","3","1","3","07","18","7","","0","0","1","0","0"
"POINT (7.031107845000065 50.899644685000055)","Unfall 43092 (2023) Kat:3, Licht: 0","43092","3","6","0","07","15","7","","0","0","0","0","1"
"POINT (7.007002180000029 50.841381596000076)","Unfall 43093 (2023) Kat:3, Licht: 0","43093","3","7","1","07","20","7","","0","0","1","0","0"
"POINT (7.096123640000030 50.881489028000033)","Unfall 43095 (2023) Kat:3, Licht: 1","43095","3","1","0","07","20","7","","1","0","1","0","0"
"POINT (7.055876168000054 50.891341824000051)","Unfall 43096 (2023) Kat:3, Licht: 0","43096","3","3","0","07","14","7","","0","1","1","0","0"
"POINT (6.976481831000058 50.933033422000051)","Unfall 43097 (2023) Kat:3, Licht: 2","43097","3","1","0","07","02","7","","2","0","0","0","0"
"POINT (6.912892652000039 50.945277201000067)","Unfall 43098 (2023) Kat:3, Licht: 0","43098","3","1","0","07","13","7","","0","1","0","0","0"
"POINT (6.953164201000050 50.935258851000071)","Unfall 43099 (2023) Kat:3, Licht: 2","43099","3","2","0","07","22","7","","2","0","1","0","1"
"POINT (6.850599213000066 50.976246920000051)","Unfall 43197 (2023) Kat:2, Licht: 0","43197","2","6","2","06","12","6","","0","0","1","0","0"
"POINT (7.032887784000025 50.962051617000043)","Unfall 43200 (2023) Kat:3, Licht: 0","43200","3","6","3","06","14","6","","0","0","1","0","0"
"POINT (7.041092325000022 50.929480007000052)","Unfall 43201 (2023) Kat:3, Licht: 0","43201","3","2","5","06","14","6","","0","1","1","0","0"
"POINT (6.994258069000068 50.937169342000061)","Unfall 43202 (2023) Kat:3, Licht: 0","43202","3","6","9","06","17","6","","0","0","1","0","1"
"POINT (7.016328064000049 50.951103072000080)","Unfall 43203 (2023) Kat:3, Licht: 0","43203","3","3","0","06","15","6","","0","1","1","0","0"
"POINT (6.951139651000062 50.972869579000076)","Unfall 43205 (2023) Kat:3, Licht: 0","43205","3","1","8","06","14","6","","0","0","0","0","0"
"POINT (6.902348251000035 50.998544853000055)","Unfall 43206 (2023) Kat:3, Licht: 2","43206","3","1","0","06","23","6","","2","0","0","0","0"
"POINT (6.942101264000030 50.935890621000055)","Unfall 43207 (2023) Kat:3, Licht: 0","43207","3","3","5","06","16","6","","0","0","1","0","0"
"POINT (6.940196647000050 50.941616892000070)","Unfall 43208 (2023) Kat:3, Licht: 0","43208","3","7","1","06","20","6","","0","0","1","0","0"
"POINT (6.843246402000034 50.921481044000075)","Unfall 43247 (2023) Kat:3, Licht: 0","43247","3","6","3","07","08","3","","0","0","1","0","0"
"POINT (7.088625082000021 50.922344633000080)","Unfall 43291 (2023) Kat:3, Licht: 0","43291","3","1","0","06","12","5","","0","1","0","0","0"
"POINT (7.036845244000062 50.996405090000053)","Unfall 43292 (2023) Kat:3, Licht: 0","43292","3","3","0","06","16","5","","0","1","1","0","0"
"POINT (7.065495952000049 50.976890007000065)","Unfall 43293 (2023) Kat:3, Licht: 0","43293","3","1","0","06","15","5","","0","0","0","0","0"
"POINT (6.957227222000029 50.953614776000052)","Unfall 43294 (2023) Kat:3, Licht: 0","43294","3","6","0","06","18","5","","0","1","1","0","0"
"POINT (7.034513049000054 50.958667456000057)","Unfall 43347 (2023) Kat:3, Licht: 0","43347","3","3","3","07","20","2","","0","0","1","0","0"
"POINT (6.979412695000065 50.939438238000037)","Unfall 43378 (2023) Kat:3, Licht: 1","43378","3","6","2","06","20","4","","1","0","1","0","0"
"POINT (7.020254123000029 50.948437952000063)","Unfall 43379 (2023) Kat:3, Licht: 2","43379","3","2","2","06","22","4","","2","0","1","0","1"
"POINT (6.958300000000065 51.025793120000060)","Unfall 43380 (2023) Kat:3, Licht: 0","43380","3","7","5","06","15","4","","0","1","1","0","0"
"POINT (6.929540548000034 50.925886322000053)","Unfall 43381 (2023) Kat:3, Licht: 0","43381","3","1","0","06","13","4","","0","1","0","0","0"
"POINT (6.976383105000025 50.844206951000047)","Unfall 43382 (2023) Kat:3, Licht: 0","43382","3","3","5","06","13","4","","0","1","1","0","0"
"POINT (6.988336092000054 50.898051350000060)","Unfall 43383 (2023) Kat:3, Licht: 0","43383","3","5","0","06","16","4","","0","1","1","0","0"
"POINT (6.942804937000062 50.935785075000069)","Unfall 43384 (2023) Kat:3, Licht: 0","43384","3","3","5","06","09","4","","0","1","1","0","0"
"POINT (6.924836756000047 50.936753836000037)","Unfall 43421 (2023) Kat:3, Licht: 0","43421","3","7","0","07","10","1","","0","0","0","0","1"
"POINT (6.955816978000030 50.928957983000032)","Unfall 43459 (2023) Kat:3, Licht: 0","43459","3","6","2","07","14","4","","0","0","1","0","0"
"POINT (6.900188391000029 50.989997502000051)","Unfall 43473 (2023) Kat:3, Licht: 0","43473","3","6","2","06","15","3","","0","0","1","0","0"
"POINT (7.058608530000072 50.883201217000078)","Unfall 43475 (2023) Kat:3, Licht: 0","43475","3","3","0","06","14","3","","0","1","0","1","0"
"POINT (7.028009824000037 50.984491628000058)","Unfall 43476 (2023) Kat:3, Licht: 0","43476","3","5","1","06","15","3","","0","1","1","0","0"
"POINT (7.002757726000027 50.959817863000069)","Unfall 43477 (2023) Kat:3, Licht: 0","43477","3","3","5","06","18","3","","0","1","1","0","0"
"POINT (7.059248813000067 50.924790654000049)","Unfall 43478 (2023) Kat:2, Licht: 0","43478","2","6","2","07","17","1","","0","0","1","0","0"
"POINT (6.924470032000045 50.936550862000047)","Unfall 43479 (2023) Kat:3, Licht: 0","43479","3","3","5","06","13","3","","0","1","1","0","0"
"POINT (6.938215085000024 50.925949277000029)","Unfall 43547 (2023) Kat:3, Licht: 0","43547","3","5","1","07","11","7","","0","0","1","0","1"
"POINT (6.886684634000062 50.995802182000034)","Unfall 43573 (2023) Kat:2, Licht: 0","43573","2","1","0","06","20","2","","0","0","0","0","0"
"POINT (6.930176017000065 50.946438915000044)","Unfall 43578 (2023) Kat:3, Licht: 0","43578","3","6","1","06","17","2","","0","0","1","0","0"
"POINT (6.932573256000069 50.920753068000067)","Unfall 43580 (2023) Kat:3, Licht: 0","43580","3","3","5","06","07","2","","0","0","1","0","1"
"POINT (6.989973881000026 50.892189755000061)","Unfall 43582 (2023) Kat:3, Licht: 0","43582","3","5","0","06","19","2","","0","1","1","0","0"
"POINT (6.977701098000068 50.906736624000075)","Unfall 43584 (2023) Kat:3, Licht: 2","43584","3","7","0","06","02","2","","2","1","0","0","0"
"POINT (6.954842597000038 50.949739855000075)","Unfall 43586 (2023) Kat:3, Licht: 0","43586","3","5","0","06","07","2","","0","1","0","0","0"
"POINT (6.941406560000075 50.929256763000069)","Unfall 43587 (2023) Kat:3, Licht: 0","43587","3","6","0","06","18","2","","0","1","1","0","0"
"POINT (6.932621428000061 50.936560968000038)","Unfall 43588 (2023) Kat:3, Licht: 0","43588","3","2","5","06","14","2","","0","0","1","0","0"
"POINT (7.050937895000061 50.971673906000035)","Unfall 43645 (2023) Kat:3, Licht: 2","43645","3","1","0","07","03","1","","2","1","0","0","0"
"POINT (6.974262962000068 50.928941213000030)","Unfall 43704 (2023) Kat:3, Licht: 0","43704","3","1","0","06","15","1","","0","1","0","0","0"
"POINT (6.958057073000020 50.935417718000053)","Unfall 43705 (2023) Kat:3, Licht: 2","43705","3","6","2","06","02","1","","2","0","1","0","0"
"POINT (6.944618506000040 50.927142164000031)","Unfall 43736 (2023) Kat:2, Licht: 0","43736","2","1","9","06","13","2","","0","1","0","0","0"
"POINT (6.862980610000022 50.988164601000051)","Unfall 43780 (2023) Kat:3, Licht: 0","43780","3","6","2","08","15","5","","0","0","1","0","0"
"POINT (6.874354350000033 51.009698441000069)","Unfall 43781 (2023) Kat:3, Licht: 0","43781","3","6","2","08","09","5","","0","0","1","0","0"
"POINT (7.090227413000036 50.858100354000044)","Unfall 43783 (2023) Kat:3, Licht: 0","43783","3","6","2","08","10","5","","0","0","1","0","0"
"POINT (6.957163762000050 50.952945474000046)","Unfall 43784 (2023) Kat:3, Licht: 0","43784","3","2","0","08","10","5","","0","1","1","0","0"
"POINT (6.947251821000066 50.954492905000052)","Unfall 43785 (2023) Kat:3, Licht: 2","43785","3","6","4","08","22","5","","2","0","1","0","0"