WKT,Name,OBJECTID,UKATEGORIE,UTYP1,UART,UMONAT,USTUNDE,UWOCHENTAG,STRZUSTAND,ULICHTVERH,ISTRAD,ISTPKW,ISTFUSS,ISTKRAD
"POINT (6.881045418000042 50.937830093000059)","Unfall 43786 (2023) Kat:3, Licht: 2","43786","3","1","0","08","21","5","","2","0","0","0","1"
"POINT (6.962061815000027 50.892993680000075)","Unfall 43787 (2023) Kat:3, Licht: 0","43787","3","6","2","08","11","5","","0","0","1","0","0"
"POINT (7.002551729000061 50.910450357000059)","Unfall 43827 (2023) Kat:3, Licht: 0","43827","3","6","9","08","15","5","","0","0","1","0","0"
"POINT (7.084080005000033 50.856202246000066)","Unfall 43863 (2023) Kat:3, Licht: 2","43863","3","7","0","08","21","4","","2","0","1","1","0"
"POINT (6.932841913000061 50.948626292000029)","Unfall 43864 (2023) Kat:3, Licht: 0","43864","3","2","5","08","11","4","","0","1","1","0","0"
"POINT (6.949493174000054 50.904210518000070)","Unfall 43865 (2023) Kat:2, Licht: 0","43865","2","6","2","08","13","4","","0","0","0","0","0"
"POINT (6.893137281000065 50.997710570000038)","Unfall 43948 (2023) Kat:3, Licht: 2","43948","3","1","8","08","03","3","","2","0","1","0","0"
"POINT (7.025158495000028 50.950226671000053)","Unfall 43952 (2023) Kat:3, Licht: 0","43952","3","6","2","08","14","3","","0","0","1","0","0"
"POINT (7.027537354000060 50.950860214000045)","Unfall 43953 (2023) Kat:3, Licht: 0","43953","3","6","3","08","09","3","","0","0","1","0","0"
"POINT (6.957914988000027 50.957706734000055)","Unfall 43954 (2023) Kat:3, Licht: 1","43954","3","2","5","08","21","3","","1","1","1","0","0"
"POINT (6.861770918000047 51.069084869000051)","Unfall 43955 (2023) Kat:2, Licht: 0","43955","2","1","9","08","18","3","","0","0","1","0","0"
"POINT (6.937560721000068 50.925327481000068)","Unfall 43956 (2023) Kat:3, Licht: 2","43956","3","1","0","08","22","3","","2","1","0","0","0"
"POINT (7.104465405000042 50.885051634000035)","Unfall 44016 (2023) Kat:3, Licht: 1","44016","3","7","1","07","20","2","","1","0","1","0","0"
"POINT (6.972403117000056 50.939724922000039)","Unfall 44017 (2023) Kat:3, Licht: 0","44017","3","7","0","07","13","2","","0","0","1","0","1"
"POINT (6.970897802000025 50.935007850000034)","Unfall 44018 (2023) Kat:3, Licht: 0","44018","3","3","5","07","10","2","","0","1","1","0","0"
"POINT (6.898853803000065 50.995642637000060)","Unfall 44019 (2023) Kat:3, Licht: 0","44019","3","3","5","07","11","2","","0","1","1","0","0"
"POINT (6.830731879000041 50.961593916000027)","Unfall 44020 (2023) Kat:3, Licht: 0","44020","3","3","5","07","09","2","","0","1","1","0","0"
"POINT (6.972360532000039 50.939512908000040)","Unfall 44090 (2023) Kat:3, Licht: 0","44090","3","3","5","08","14","5","","0","0","1","0","0"
"POINT (7.036509909000074 50.940468554000063)","Unfall 44094 (2023) Kat:3, Licht: 2","44094","3","2","4","07","21","1","","2","0","1","0","0"
"POINT (7.106189393000022 50.880143417000056)","Unfall 44095 (2023) Kat:3, Licht: 0","44095","3","6","0","07","18","1","","0","0","1","0","1"
"POINT (6.813573863000045 50.939598592000038)","Unfall 44096 (2023) Kat:3, Licht: 0","44096","3","6","3","07","12","1","","0","0","1","0","1"
"POINT (6.989650585000049 50.894038742000077)","Unfall 44097 (2023) Kat:3, Licht: 0","44097","3","5","0","07","15","1","","0","0","1","0","0"
"POINT (7.012305419000029 50.913921402000028)","Unfall 44104 (2023) Kat:3, Licht: 0","44104","3","6","3","07","13","1","","0","0","1","0","0"
"POINT (7.023949884000046 50.932706379000081)","Unfall 44114 (2023) Kat:3, Licht: 2","44114","3","6","1","08","22","5","","2","0","1","0","1"
"POINT (6.996962494000059 50.904914302000066)","Unfall 44160 (2023) Kat:3, Licht: 0","44160","3","6","2","07","15","7","","0","0","1","0","0"
"POINT (7.000845093000066 50.937714049000078)","Unfall 44162 (2023) Kat:3, Licht: 1","44162","3","1","0","07","20","7","","1","1","0","0","0"
"POINT (6.863283206000062 50.937803970000061)","Unfall 44163 (2023) Kat:2, Licht: 0","44163","2","1","0","07","12","7","","0","1","0","0","0"
"POINT (6.895708530000036 50.914687900000047)","Unfall 44164 (2023) Kat:3, Licht: 2","44164","3","6","2","07","01","7","","2","0","1","0","0"
"POINT (6.962834715000042 50.943791424000040)","Unfall 44165 (2023) Kat:3, Licht: 0","44165","3","6","1","07","14","7","","0","0","1","0","0"
"POINT (7.076876898000023 50.982374188000051)","Unfall 44242 (2023) Kat:2, Licht: 0","44242","2","6","0","07","19","6","","0","1","1","0","0"
"POINT (6.943601600000022 50.989521111000045)","Unfall 44244 (2023) Kat:2, Licht: 1","44244","2","1","0","07","23","6","","1","0","0","0","0"
"POINT (6.875146758000028 50.937763060000066)","Unfall 44245 (2023) Kat:2, Licht: 0","44245","2","6","2","07","10","6","","0","0","0","0","1"
"POINT (6.970375003000072 50.886660923000079)","Unfall 44345 (2023) Kat:3, Licht: 0","44345","3","6","2","07","11","5","","0","0","0","0","0"
"POINT (6.843155242000023 50.926597189000063)","Unfall 44346 (2023) Kat:3, Licht: 0","44346","3","1","8","07","15","5","","0","0","1","0","0"
"POINT (6.983494119000056 50.937295742000060)","Unfall 44349 (2023) Kat:3, Licht: 0","44349","3","6","1","07","09","5","","0","0","1","0","0"
"POINT (6.958271280000076 50.957977642000060)","Unfall 44350 (2023) Kat:3, Licht: 0","44350","3","6","2","07","15","5","","0","0","1","0","0"
"POINT (6.940141614000026 50.968482432000030)","Unfall 44351 (2023) Kat:3, Licht: 0","44351","3","2","5","07","11","5","","0","0","1","0","0"
"POINT (6.941222048000043 50.953799527000058)","Unfall 44352 (2023) Kat:3, Licht: 0","44352","3","6","0","07","17","5","","0","0","0","0","1"
"POINT (7.012388314000020 50.914079611000034)","Unfall 44393 (2023) Kat:3, Licht: 0","44393","3","6","2","07","06","5","","0","0","1","0","0"
"POINT (7.094083174000048 50.884675409000067)","Unfall 44459 (2023) Kat:3, Licht: 0","44459","3","6","3","07","16","4","","0","0","1","0","0"
"POINT (7.044432562000054 50.941712367000036)","Unfall 44461 (2023) Kat:3, Licht: 0","44461","3","3","0","07","19","4","","0","1","1","0","0"
"POINT (7.031286167000076 50.937471138000035)","Unfall 44462 (2023) Kat:3, Licht: 0","44462","3","6","2","07","13","4","","0","0","1","0","0"
"POINT (7.068859059000033 50.925613431000045)","Unfall 44463 (2023) Kat:3, Licht: 0","44463","3","6","3","07","19","4","","0","1","1","0","0"
"POINT (6.928867202000049 50.960061588000030)","Unfall 44464 (2023) Kat:3, Licht: 0","44464","3","3","5","07","10","4","","0","1","1","0","0"
"POINT (7.055626331000042 50.882233575000043)","Unfall 44469 (2023) Kat:3, Licht: 2","44469","3","1","0","07","02","2","","2","0","1","0","0"
"POINT (6.905454365000026 50.985736900000063)","Unfall 44558 (2023) Kat:3, Licht: 0","44558","3","6","2","07","15","3","","0","0","1","0","0"
"POINT (7.007896322000022 50.846360208000078)","Unfall 44561 (2023) Kat:2, Licht: 0","44561","2","5","2","07","14","3","","0","0","1","0","1"
"POINT (7.097737838000057 50.858805861000064)","Unfall 44562 (2023) Kat:3, Licht: 0","44562","3","3","5","07","06","3","","0","0","1","0","0"
"POINT (6.994258069000068 50.937169342000061)","Unfall 44563 (2023) Kat:3, Licht: 0","44563","3","6","2","07","17","3","","0","0","1","0","0"
"POINT (7.006867642000032 50.968945407000035)","Unfall 44564 (2023) Kat:3, Licht: 2","44564","3","6","2","07","22","3","","2","0","1","0","0"
"POINT (6.978773846000024 50.939635719000080)","Unfall 44565 (2023) Kat:2, Licht: 0","44565","2","2","0","07","12","3","","0","0","1","0","0"
"POINT (6.956180105000044 50.957326111000043)","Unfall 44566 (2023) Kat:3, Licht: 0","44566","3","2","3","07","17","3","","0","1","1","0","0"
"POINT (6.955715295000061 50.957162825000069)","Unfall 44567 (2023) Kat:3, Licht: 0","44567","3","2","0","07","17","3","","0","1","1","0","0"
"POINT (6.918585270000051 50.952111612000067)","Unfall 44569 (2023) Kat:3, Licht: 0","44569","3","2","5","07","20","3","","0","0","1","0","1"
"POINT (6.924485309000033 50.936550620000048)","Unfall 44570 (2023) Kat:3, Licht: 0","44570","3","3","5","07","13","3","","0","1","1","0","0"
"POINT (6.904140152000025 50.937007474000040)","Unfall 44617 (2023) Kat:3, Licht: 0","44617","3","3","5","07","12","4","","0","0","1","0","0"
"POINT (6.911895198000025 50.897009954000055)","Unfall 44664 (2023) Kat:3, Licht: 0","44664","3","1","9","07","12","2","","0","0","0","0","1"
"POINT (7.019501821000063 50.933405316000062)","Unfall 44669 (2023) Kat:3, Licht: 0","44669","3","7","0","07","07","2","","0","1","0","0","0"
"POINT (7.024100821000047 50.981484049000073)","Unfall 44671 (2023) Kat:3, Licht: 0","44671","3","1","0","07","15","2","","0","0","0","0","1"
"POINT (7.027204671000050 50.959535350000067)","Unfall 44672 (2023) Kat:3, Licht: 0","44672","3","1","0","07","16","2","","0","1","0","0","0"
"POINT (6.913010707000069 50.945815957000036)","Unfall 44673 (2023) Kat:3, Licht: 0","44673","3","7","0","07","09","2","","0","0","0","1","0"
"POINT (6.925479151000047 50.939822602000049)","Unfall 44674 (2023) Kat:3, Licht: 0","44674","3","3","5","07","15","2","","0","1","1","0","0"
"POINT (6.948706070000071 50.935514647000048)","Unfall 44675 (2023) Kat:3, Licht: 1","44675","3","4","6","07","19","2","","1","1","0","1","0"
"POINT (6.940614147000076 50.931124323000063)","Unfall 44676 (2023) Kat:3, Licht: 0","44676","3","1","0","07","14","2","","0","1","0","0","0"
"POINT (6.969888208000043 50.886523484000065)","Unfall 44775 (2023) Kat:3, Licht: 0","44775","3","1","0","07","12","1","","0","0","0","0","1"
"POINT (6.947863183000038 50.981860523000080)","Unfall 44776 (2023) Kat:3, Licht: 2","44776","3","1","0","07","21","1","","2","0","0","0","1"
"POINT (6.896645986000067 50.925591185000030)","Unfall 44777 (2023) Kat:3, Licht: 0","44777","3","1","0","07","16","1","","0","1","0","0","0"
"POINT (6.919701014000054 50.908109269000079)","Unfall 44779 (2023) Kat:3, Licht: 0","44779","3","1","0","07","11","1","","0","0","0","0","1"
"POINT (6.944328245000065 50.945711573000040)","Unfall 44780 (2023) Kat:3, Licht: 2","44780","3","6","3","07","01","1","","2","0","1","0","0"
"POINT (6.964776712000059 50.930361336000033)","Unfall 44781 (2023) Kat:3, Licht: 2","44781","3","1","0","07","02","1","","2","1","0","0","0"
"POINT (6.960523910000063 50.935466012000063)","Unfall 44782 (2023) Kat:3, Licht: 2","44782","3","1","0","07","04","1","","2","0","0","0","0"
"POINT (6.939818619000050 50.939956222000035)","Unfall 44783 (2023) Kat:3, Licht: 1","44783","3","7","0","07","20","1","","1","1","1","0","0"
"POINT (7.058906696000065 50.898206469000058)","Unfall 44834 (2023) Kat:3, Licht: 0","44834","3","1","8","07","18","7","","0","1","0","0","0"
"POINT (6.910956711000040 50.940105134000078)","Unfall 44835 (2023) Kat:3, Licht: 0","44835","3","7","0","07","06","7","","0","0","0","1","0"
"POINT (6.915800405000027 50.930553780000082)","Unfall 44836 (2023) Kat:3, Licht: 0","44836","3","2","3","07","11","7","","0","0","0","0","1"
"POINT (6.967882639000038 50.921070250000071)","Unfall 44837 (2023) Kat:3, Licht: 0","44837","3","6","2","07","14","7","","0","0","1","0","0"
"POINT (7.090942331000065 50.934612866000066)","Unfall 44923 (2023) Kat:3, Licht: 1","44923","3","7","7","07","05","6","","1","0","1","0","0"
"POINT (6.924331455000072 51.013487792000035)","Unfall 44924 (2023) Kat:3, Licht: 0","44924","3","3","5","07","06","6","","0","1","1","0","0"
"POINT (6.912954231000072 50.936949226000081)","Unfall 44925 (2023) Kat:3, Licht: 0","44925","3","1","0","07","09","6","","0","1","0","0","0"
"POINT (6.927029107000067 50.915463014000068)","Unfall 44926 (2023) Kat:3, Licht: 0","44926","3","6","1","07","09","6","","0","0","1","0","1"
"POINT (6.949947172000066 50.955527870000026)","Unfall 44969 (2023) Kat:3, Licht: 0","44969","3","1","0","07","17","6","","0","1","0","0","0"
"POINT (7.108084311000027 50.882704468000043)","Unfall 45007 (2023) Kat:3, Licht: 2","45007","3","6","3","07","01","5","","2","0","1","0","0"
"POINT (7.077226513000028 50.881100339000056)","Unfall 45011 (2023) Kat:2, Licht: 0","45011","2","6","3","07","18","5","","0","1","1","0","0"
"POINT (7.005716544000052 50.938396349000072)","Unfall 45012 (2023) Kat:3, Licht: 0","45012","3","6","1","07","18","5","","0","0","1","0","0"
"POINT (6.931516455000065 50.919378087000041)","Unfall 45013 (2023) Kat:3, Licht: 0","45013","3","5","1","07","17","5","","0","1","1","0","0"
"POINT (6.898746600000038 50.990907443000026)","Unfall 45074 (2023) Kat:3, Licht: 0","45074","3","6","2","07","15","1","","0","0","1","0","0"
"POINT (6.948132286000032 51.027086150000059)","Unfall 45120 (2023) Kat:2, Licht: 0","45120","2","6","3","07","15","4","","0","0","1","0","0"
"POINT (7.000420937000058 50.937679196000033)","Unfall 45122 (2023) Kat:3, Licht: 0","45122","3","3","5","07","16","4","","0","1","0","0","0"
"POINT (6.991501194000023 50.947494921000043)","Unfall 45123 (2023) Kat:3, Licht: 0","45123","3","3","0","07","17","4","","0","1","1","0","0"
"POINT (6.983428891000074 50.937309779000032)","Unfall 45126 (2023) Kat:3, Licht: 0","45126","3","2","5","07","16","4","","0","1","1","0","0"
"POINT (6.981413306000036 50.922790832000032)","Unfall 45127 (2023) Kat:3, Licht: 2","45127","3","6","3","07","01","4","","2","1","0","0","1"
"POINT (6.936075789000029 50.997526247000053)","Unfall 45128 (2023) Kat:3, Licht: 0","45128","3","6","1","07","17","4","","0","0","1","0","0"
"POINT (6.912800260000040 50.936787184000082)","Unfall 45129 (2023) Kat:3, Licht: 0","45129","3","1","0","07","11","4","","0","0","0","0","1"
"POINT (6.920048935000068 50.953672754000081)","Unfall 45130 (2023) Kat:3, Licht: 0","45130","3","3","5","07","15","4","","0","1","1","0","0"
"POINT (6.908052066000039 50.934395309000081)","Unfall 45131 (2023) Kat:3, Licht: 0","45131","3","2","0","07","13","4","","0","0","1","0","0"
"POINT (6.999551851000035 50.954612150000060)","Unfall 45232 (2023) Kat:3, Licht: 0","45232","3","7","3","07","09","3","","0","0","1","0","0"
"POINT (6.979372936000061 50.940257016000032)","Unfall 45234 (2023) Kat:3, Licht: 0","45234","3","7","5","07","12","3","","0","0","1","0","0"
"POINT (7.006367699000066 50.965761359000055)","Unfall 45235 (2023) Kat:3, Licht: 0","45235","3","1","0","07","15","3","","0","1","0","0","0"
"POINT (6.956855024000049 50.954859942000041)","Unfall 45236 (2023) Kat:3, Licht: 0","45236","3","5","1","07","11","3","","0","1","1","0","0"
"POINT (6.895691330000034 50.914680833000034)","Unfall 45237 (2023) Kat:3, Licht: 0","45237","3","1","0","07","09","3","","0","0","0","0","0"
"POINT (6.932874276000064 50.920674395000049)","Unfall 45238 (2023) Kat:3, Licht: 0","45238","3","6","2","07","15","3","","0","0","1","0","0"
"POINT (6.958069238000064 50.935423514000036)","Unfall 45239 (2023) Kat:3, Licht: 2","45239","3","2","3","07","23","3","","2","0","1","0","0"
"POINT (6.969152965000035 50.918490727000062)","Unfall 45240 (2023) Kat:2, Licht: 0","45240","2","3","0","07","20","3","","0","1","0","0","0"
"POINT (7.015820812000072 50.985108657000069)","Unfall 45288 (2023) Kat:2, Licht: 2","45288","2","1","9","07","02","4","","2","0","1","0","0"
"POINT (7.058568301000037 50.897349696000049)","Unfall 45305 (2023) Kat:2, Licht: 0","45305","2","2","4","07","15","4","","0","0","0","0","1"
"POINT (6.917599141000039 50.969676766000077)","Unfall 45353 (2023) Kat:2, Licht: 0","45353","2","3","5","07","17","2","","0","1","1","0","0"
"POINT (6.996962241000062 50.865140192000069)","Unfall 45354 (2023) Kat:3, Licht: 0","45354","3","6","2","07","08","2","","0","0","1","0","0"
"POINT (6.976649837000025 50.841718935000074)","Unfall 45356 (2023) Kat:3, Licht: 0","45356","3","6","2","07","16","2","","0","0","1","0","0"
"POINT (7.038979074000054 50.940867117000039)","Unfall 45467 (2023) Kat:2, Licht: 0","45467","2","1","8","07","11","1","","0","0","1","0","0"
"POINT (6.924443621000023 50.936551282000039)","Unfall 45469 (2023) Kat:3, Licht: 0","45469","3","2","0","07","12","1","","0","1","1","0","0"
"POINT (6.991884408000033 50.915847336000070)","Unfall 45554 (2023) Kat:3, Licht: 0","45554","3","1","0","07","10","7","","0","1","0","0","0"
"POINT (6.924716070000045 50.913253724000072)","Unfall 45556 (2023) Kat:3, Licht: 0","45556","3","6","3","07","11","7","","0","0","1","0","1"
"POINT (6.965318606000039 50.948727300000030)","Unfall 45557 (2023) Kat:3, Licht: 1","45557","3","2","2","07","21","7","","1","0","1","0","0"
"POINT (6.890612854000040 50.996872424000060)","Unfall 45661 (2023) Kat:3, Licht: 0","45661","3","6","2","07","16","6","","0","0","1","0","0"
"POINT (6.849141490000022 50.936062539000034)","Unfall 45662 (2023) Kat:3, Licht: 0","45662","3","6","2","07","12","6","","0","0","1","0","0"
"POINT (6.953443588000027 50.965997684000058)","Unfall 45670 (2023) Kat:3, Licht: 0","45670","3","5","1","07","14","6","","0","1","1","0","0"
"POINT (6.911063976000037 50.940230557000064)","Unfall 45672 (2023) Kat:2, Licht: 0","45672","2","6","3","07","17","6","","0","1","0","0","0"
"POINT (6.970723397000029 50.883650201000080)","Unfall 45673 (2023) Kat:3, Licht: 2","45673","3","1","0","07","01","6","","2","0","0","0","0"
"POINT (6.933848703000024 50.922008213000026)","Unfall 45674 (2023) Kat:3, Licht: 2","45674","3","1","0","07","23","6","","2","1","0","0","0"
"POINT (6.949542184000052 50.935314346000041)","Unfall 45675 (2023) Kat:3, Licht: 1","45675","3","6","0","07","21","6","","1","1","1","0","0"
"POINT (6.921351745000038 50.847015418000069)","Unfall 45703 (2023) Kat:3, Licht: 0","45703","3","1","0","08","07","3","","0","0","0","0","1"
"POINT (7.080419873000039 50.854634853000050)","Unfall 45716 (2023) Kat:3, Licht: 0","45716","3","1","0","07","09","5","","0","0","0","0","1"
"POINT (7.014684783000064 51.008770379000055)","Unfall 45786 (2023) Kat:3, Licht: 0","45786","3","6","3","07","14","5","","0","0","1","0","0"
"POINT (7.079036153000061 50.923385264000046)","Unfall 45787 (2023) Kat:3, Licht: 0","45787","3","3","3","07","15","5","","0","1","0","0","0"
"POINT (6.993785580000065 50.948738298000080)","Unfall 45788 (2023) Kat:3, Licht: 0","45788","3","7","0","07","10","5","","0","1","0","0","0"
"POINT (7.065051099000073 50.836981122000054)","Unfall 45790 (2023) Kat:3, Licht: 0","45790","3","3","5","07","06","5","","0","0","1","0","1"
"POINT (6.916898791000051 50.950441717000047)","Unfall 45791 (2023) Kat:3, Licht: 0","45791","3","1","0","07","13","5","","0","0","0","0","0"
"POINT (6.911977509000053 50.929036144000065)","Unfall 45793 (2023) Kat:3, Licht: 0","45793","3","7","0","07","18","5","","0","1","1","0","0"
"POINT (6.967034517000059 50.922856925000076)","Unfall 45795 (2023) Kat:3, Licht: 0","45795","3","7","0","07","18","5","","0","1","0","0","0"
"POINT (6.940613165000059 50.931126587000051)","Unfall 45797 (2023) Kat:3, Licht: 0","45797","3","1","0","07","09","5","","0","1","0","0","0"
"POINT (7.001814463000073 50.910914976000072)","Unfall 45821 (2023) Kat:3, Licht: 2","45821","3","2","0","07","23","5","","2","0","1","0","0"
"POINT (6.844967774000054 50.938051252000037)","Unfall 45827 (2023) Kat:3, Licht: 2","45827","3","6","2","07","01","7","","2","0","1","0","0"
"POINT (6.903639971000075 50.937199224000040)","Unfall 45887 (2023) Kat:3, Licht: 0","45887","3","6","3","07","18","3","","0","1","0","0","0"
"POINT (7.013796025000033 50.953208911000047)","Unfall 45918 (2023) Kat:3, Licht: 0","45918","3","1","0","07","09","3","","0","0","0","0","1"
"POINT (7.055798459000073 50.891498459000047)","Unfall 45939 (2023) Kat:3, Licht: 0","45939","3","3","5","08","13","2","","0","1","1","0","0"
"POINT (6.983261804000051 50.949601441000027)","Unfall 45940 (2023) Kat:3, Licht: 0","45940","3","6","3","08","14","2","","0","0","1","0","0"
"POINT (6.856963994000068 50.937847375000047)","Unfall 45941 (2023) Kat:3, Licht: 0","45941","3","3","2","08","16","2","","0","1","1","0","1"
"POINT (6.940667341000051 50.953746239000054)","Unfall 45942 (2023) Kat:3, Licht: 0","45942","3","1","0","08","10","2","","0","0","0","0","0"
"POINT (6.965187970000045 50.925196359000040)","Unfall 45943 (2023) Kat:3, Licht: 0","45943","3","2","0","08","08","2","","0","1","1","0","0"
"POINT (7.012469083000042 50.995382573000029)","Unfall 46032 (2023) Kat:3, Licht: 0","46032","3","6","1","08","11","1","","0","0","1","0","0"
"POINT (7.041029919000039 50.919061192000072)","Unfall 46033 (2023) Kat:3, Licht: 0","46033","3","6","2","08","17","1","","0","0","1","0","0"
"POINT (7.033125484000038 50.938690408000070)","Unfall 46034 (2023) Kat:3, Licht: 2","46034","3","1","8","08","05","1","","2","0","1","0","0"
"POINT (6.983036731000027 50.944096815000080)","Unfall 46035 (2023) Kat:2, Licht: 0","46035","2","2","3","08","19","1","","0","0","1","0","0"
"POINT (6.867891781000026 50.922538775000078)","Unfall 46036 (2023) Kat:3, Licht: 0","46036","3","3","5","08","16","1","","0","1","1","0","0"
"POINT (6.906404709000071 50.903085962000034)","Unfall 46037 (2023) Kat:3, Licht: 0","46037","3","1","0","08","17","1","","0","1","0","0","0"
"POINT (6.940350765000062 50.942185424000058)","Unfall 46038 (2023) Kat:3, Licht: 2","46038","3","5","3","08","02","1","","2","1","1","0","0"
"POINT (6.908702033000054 50.897319393000032)","Unfall 46124 (2023) Kat:3, Licht: 0","46124","3","6","2","08","18","7","","0","0","1","0","0"
"POINT (7.028856186000041 50.968645198000047)","Unfall 46125 (2023) Kat:3, Licht: 0","46125","3","1","9","08","15","7","","0","0","1","0","0"
"POINT (7.081797681000069 50.950117432000070)","Unfall 46127 (2023) Kat:3, Licht: 0","46127","3","6","2","08","22","7","","0","0","1","0","0"
"POINT (6.975876720000031 50.954355075000080)","Unfall 46129 (2023) Kat:3, Licht: 0","46129","3","6","2","08","15","7","","0","0","1","0","0"
"POINT (7.032896021000056 50.967062549000048)","Unfall 46131 (2023) Kat:3, Licht: 1","46131","3","2","4","08","05","7","","1","0","1","0","1"
"POINT (7.034389476000058 50.999383586000079)","Unfall 46132 (2023) Kat:2, Licht: 2","46132","2","1","9","08","04","7","","2","0","1","0","0"
"POINT (7.003997490000074 50.961836067000036)","Unfall 46133 (2023) Kat:3, Licht: 0","46133","3","4","0","08","08","7","","0","0","0","1","0"
"POINT (6.955802652000045 50.922706539000046)","Unfall 46134 (2023) Kat:3, Licht: 2","46134","3","1","8","08","03","7","","2","1","0","0","0"
"POINT (6.969363480000027 50.876718437000079)","Unfall 46231 (2023) Kat:3, Licht: 0","46231","3","6","2","08","12","6","","0","0","1","0","0"
"POINT (6.870133333000069 50.990574412000058)","Unfall 46232 (2023) Kat:3, Licht: 0","46232","3","6","2","08","12","6","","0","0","1","0","0"
"POINT (7.099204034000024 50.919920329000036)","Unfall 46234 (2023) Kat:3, Licht: 0","46234","3","3","5","08","14","6","","0","0","1","0","1"
"POINT (7.078662554000061 50.881106959000078)","Unfall 46235 (2023) Kat:3, Licht: 0","46235","3","6","2","08","08","6","","0","0","1","0","0"
"POINT (7.062459916000023 50.883035459000041)","Unfall 46236 (2023) Kat:3, Licht: 2","46236","3","6","4","08","22","6","","2","1","0","0","0"
"POINT (7.022497351000027 50.980259762000060)","Unfall 46237 (2023) Kat:3, Licht: 0","46237","3","1","0","08","17","6","","0","1","0","0","0"
"POINT (6.955263608000052 50.958117130000062)","Unfall 46238 (2023) Kat:3, Licht: 0","46238","3","1","0","08","18","6","","0","1","0","0","0"
"POINT (6.855780041000060 50.969934705000071)","Unfall 46239 (2023) Kat:3, Licht: 0","46239","3","5","0","08","07","6","","0","1","1","0","0"
"POINT (6.859162348000041 50.915396041000065)","Unfall 46240 (2023) Kat:2, Licht: 0","46240","2","3","5","08","13","6","","0","0","1","0","1"
"POINT (6.927231598000049 50.861576910000053)","Unfall 46241 (2023) Kat:1, Licht: 0","46241","1","1","0","08","09","6","","0","0","0","0","0"
"POINT (6.963257829000042 50.933463181000036)","Unfall 46242 (2023) Kat:2, Licht: 0","46242","2","1","0","08","17","6","","0","0","0","0","0"
"POINT (6.940101293000055 50.941165076000061)","Unfall 46243 (2023) Kat:3, Licht: 0","46243","3","7","5","08","13","6","","0","1","1","0","0"
"POINT (7.085361522000028 50.856938443000047)","Unfall 46393 (2023) Kat:3, Licht: 0","46393","3","6","1","08","12","1","","0","0","1","0","0"
"POINT (6.969991540000024 50.868734029000052)","Unfall 46395 (2023) Kat:3, Licht: 0","46395","3","6","3","08","15","5","","0","0","1","0","0"
"POINT (7.056303338000021 50.927789801000074)","Unfall 46396 (2023) Kat:3, Licht: 0","46396","3","6","2","08","17","5","","0","0","1","0","0"
"POINT (7.036882485000035 50.918342582000037)","Unfall 46397 (2023) Kat:3, Licht: 0","46397","3","6","2","08","19","5","","0","0","1","0","0"
"POINT (7.078717933000064 50.923408831000074)","Unfall 46401 (2023) Kat:3, Licht: 0","46401","3","3","5","08","14","5","","0","1","1","0","0"
"POINT (7.099166067000056 50.919925566000074)","Unfall 46402 (2023) Kat:2, Licht: 0","46402","2","3","5","08","07","5","","0","0","1","0","0"
"POINT (6.900291280000033 50.912424081000040)","Unfall 46403 (2023) Kat:2, Licht: 2","46403","2","6","4","08","17","5","","2","0","1","0","0"
"POINT (6.942583573000036 50.928366263000044)","Unfall 46404 (2023) Kat:2, Licht: 0","46404","2","1","0","08","18","5","","0","1","0","0","0"
"POINT (7.067049906000022 50.908655027000066)","Unfall 46523 (2023) Kat:3, Licht: 0","46523","3","6","2","08","18","4","","0","0","1","0","0"
"POINT (7.019193162000022 50.915288820000058)","Unfall 46526 (2023) Kat:3, Licht: 0","46526","3","6","3","08","10","4","","0","0","1","0","0"
"POINT (7.051099421000060 50.943112904000031)","Unfall 46528 (2023) Kat:3, Licht: 0","46528","3","2","0","08","16","4","","0","1","1","0","0"
"POINT (7.006698487000051 50.969432272000063)","Unfall 46529 (2023) Kat:3, Licht: 0","46529","3","6","2","08","08","4","","0","0","1","0","1"
"POINT (6.920386833000066 50.953714376000050)","Unfall 46530 (2023) Kat:3, Licht: 0","46530","3","1","0","08","07","4","","0","1","0","0","0"
"POINT (6.933410031000051 50.877807808000057)","Unfall 46531 (2023) Kat:3, Licht: 0","46531","3","6","2","08","16","4","","0","0","1","0","0"
"POINT (6.932605985000066 50.934113583000055)","Unfall 46532 (2023) Kat:3, Licht: 0","46532","3","1","0","08","16","4","","0","0","1","0","0"
"POINT (7.082324787000061 50.881670154000062)","Unfall 46655 (2023) Kat:3, Licht: 0","46655","3","6","1","08","13","3","","0","0","1","0","0"
"POINT (7.005109252000068 50.938299053000037)","Unfall 46656 (2023) Kat:3, Licht: 0","46656","3","2","6","08","12","3","","0","0","1","1","0"
"POINT (6.853627162000066 50.969781461000082)","Unfall 46657 (2023) Kat:2, Licht: 0","46657","2","7","3","08","08","3","","0","0","1","0","1"
"POINT (6.818560545000025 50.954274809000026)","Unfall 46658 (2023) Kat:3, Licht: 0","46658","3","6","2","08","12","3","","0","0","1","0","0"
"POINT (6.973907342000075 50.864527891000080)","Unfall 46659 (2023) Kat:3, Licht: 0","46659","3","6","2","08","08","3","","0","0","1","0","0"
"POINT (6.994282606000070 50.937171173000081)","Unfall 46713 (2023) Kat:3, Licht: 0","46713","3","3","5","08","14","2","","0","0","1","0","0"
"POINT (7.056844757000022 50.974677925000037)","Unfall 46759 (2023) Kat:3, Licht: 0","46759","3","3","5","08","19","2","","0","1","1","0","0"