WKT,Name,OBJECTID,UKATEGORIE,UTYP1,UART,UMONAT,USTUNDE,UWOCHENTAG,STRZUSTAND,ULICHTVERH,ISTRAD,ISTPKW,ISTFUSS,ISTKRAD
"POINT (7.006364363000046 50.966937399000074)","Unfall 46760 (2023) Kat:3, Licht: 0","46760","3","6","1","08","15","2","","0","0","1","0","0"
"POINT (6.977905928000041 50.925800120000076)","Unfall 46761 (2023) Kat:3, Licht: 0","46761","3","3","5","08","15","2","","0","0","1","0","0"
"POINT (6.983806680000043 50.944283239000072)","Unfall 46762 (2023) Kat:3, Licht: 0","46762","3","1","0","08","07","2","","0","0","0","0","1"
"POINT (6.928574053000034 50.959918211000058)","Unfall 46763 (2023) Kat:3, Licht: 0","46763","3","1","9","08","07","2","","0","0","1","0","0"
"POINT (6.892375660000027 51.000119015000053)","Unfall 46764 (2023) Kat:3, Licht: 0","46764","3","4","6","08","13","2","","0","0","1","1","0"
"POINT (6.947982199000023 50.981042680000030)","Unfall 46765 (2023) Kat:3, Licht: 0","46765","3","1","0","08","16","2","","0","0","0","0","1"
"POINT (6.908235614000034 50.936927443000059)","Unfall 46766 (2023) Kat:3, Licht: 0","46766","3","4","6","08","16","2","","0","0","1","1","0"
"POINT (6.931004741000038 50.961464280000030)","Unfall 46767 (2023) Kat:3, Licht: 0","46767","3","2","5","08","15","2","","0","0","1","0","0"
"POINT (6.999392216000047 50.871574233000047)","Unfall 46768 (2023) Kat:3, Licht: 0","46768","3","3","5","08","14","2","","0","1","1","0","0"
"POINT (6.895331551000027 50.925290427000050)","Unfall 46769 (2023) Kat:2, Licht: 0","46769","2","2","5","08","13","2","","0","1","0","0","0"
"POINT (6.947760701000050 50.935620061000066)","Unfall 46770 (2023) Kat:3, Licht: 0","46770","3","6","2","08","15","2","","0","0","1","0","0"
"POINT (6.939014872000030 50.935926225000060)","Unfall 46771 (2023) Kat:3, Licht: 0","46771","3","1","0","08","12","2","","0","0","0","0","1"
"POINT (7.013684783000031 50.974754796000070)","Unfall 46870 (2023) Kat:3, Licht: 0","46870","3","3","5","08","14","1","","0","0","1","0","0"
"POINT (6.978525779000051 50.924971676000041)","Unfall 46872 (2023) Kat:2, Licht: 2","46872","2","1","0","08","00","1","","2","0","0","0","0"
"POINT (6.934830761000057 51.000621918000036)","Unfall 46873 (2023) Kat:2, Licht: 0","46873","2","1","8","08","18","1","","0","0","1","0","0"
"POINT (6.890417554000067 50.924678670000048)","Unfall 46874 (2023) Kat:3, Licht: 0","46874","3","6","1","08","11","1","","0","0","1","0","0"
"POINT (6.940705665000053 50.936188325000046)","Unfall 46875 (2023) Kat:3, Licht: 0","46875","3","6","2","08","17","1","","0","0","1","0","1"
"POINT (7.039717823000046 50.918833868000036)","Unfall 46966 (2023) Kat:3, Licht: 0","46966","3","6","2","08","12","7","","0","0","1","0","0"
"POINT (6.935480183000038 50.950510595000026)","Unfall 46967 (2023) Kat:3, Licht: 1","46967","3","6","3","08","21","7","","1","0","1","0","0"
"POINT (6.923707285000035 50.912240833000055)","Unfall 46968 (2023) Kat:3, Licht: 0","46968","3","6","6","08","16","7","","0","1","0","1","0"
"POINT (6.978746231000059 50.939615729000082)","Unfall 46981 (2023) Kat:3, Licht: 0","46981","3","6","2","08","14","7","","0","0","1","0","0"
"POINT (7.034802121000041 50.957903197000064)","Unfall 47057 (2023) Kat:3, Licht: 0","47057","3","6","2","08","16","6","","0","0","1","0","0"
"POINT (6.999440044000039 50.924781483000061)","Unfall 47058 (2023) Kat:3, Licht: 0","47058","3","2","2","08","15","6","","0","0","1","0","0"
"POINT (7.006357158000071 50.966891444000055)","Unfall 47059 (2023) Kat:2, Licht: 0","47059","2","2","6","08","11","6","","0","0","1","1","0"
"POINT (6.970917200000031 50.954298121000079)","Unfall 47061 (2023) Kat:3, Licht: 0","47061","3","6","2","08","18","5","","0","0","1","0","0"
"POINT (6.969014345000062 50.955915985000047)","Unfall 47062 (2023) Kat:3, Licht: 0","47062","3","3","5","08","13","6","","0","1","1","0","0"
"POINT (6.895697320000068 50.914693846000034)","Unfall 47063 (2023) Kat:3, Licht: 0","47063","3","2","5","08","16","6","","0","1","1","0","0"
"POINT (6.847085615000026 50.979412431000071)","Unfall 47064 (2023) Kat:2, Licht: 0","47064","2","2","4","08","16","6","","0","1","1","0","0"
"POINT (6.936422784000058 50.924377185000026)","Unfall 47065 (2023) Kat:3, Licht: 0","47065","3","6","2","08","16","6","","0","0","1","0","0"
"POINT (6.941672940000046 50.944390137000028)","Unfall 47066 (2023) Kat:3, Licht: 0","47066","3","6","2","08","15","6","","0","0","1","0","0"
"POINT (7.067992143000026 50.908425925000074)","Unfall 47173 (2023) Kat:3, Licht: 0","47173","3","2","5","08","16","1","","0","0","1","0","0"
"POINT (7.011066556000060 50.947707471000058)","Unfall 47174 (2023) Kat:3, Licht: 0","47174","3","6","2","08","18","1","","0","0","1","0","0"
"POINT (7.030814374000045 50.931992245000060)","Unfall 47175 (2023) Kat:3, Licht: 0","47175","3","1","2","08","19","1","","0","0","1","0","0"
"POINT (6.835845502000041 50.938098358000047)","Unfall 47176 (2023) Kat:3, Licht: 0","47176","3","1","6","08","15","1","","0","0","0","1","0"
"POINT (6.891261042000053 50.924721404000081)","Unfall 47177 (2023) Kat:3, Licht: 0","47177","3","1","0","08","09","1","","0","1","0","0","0"
"POINT (6.955842319000055 50.950058748000060)","Unfall 47178 (2023) Kat:3, Licht: 0","47178","3","1","0","08","12","1","","0","1","0","0","0"
"POINT (6.975708278000070 50.954462516000035)","Unfall 47257 (2023) Kat:3, Licht: 0","47257","3","6","2","08","12","7","","0","0","1","0","0"
"POINT (6.981993940000052 50.943134864000058)","Unfall 47258 (2023) Kat:3, Licht: 0","47258","3","6","3","08","16","7","","0","0","1","0","1"
"POINT (6.937812205000057 50.925568851000037)","Unfall 47259 (2023) Kat:3, Licht: 0","47259","3","6","0","08","19","7","","0","0","1","0","1"
"POINT (6.923881935000054 50.912407511000026)","Unfall 47261 (2023) Kat:3, Licht: 0","47261","3","2","5","08","11","7","","0","1","1","0","0"
"POINT (6.932001330000048 50.921515614000043)","Unfall 47262 (2023) Kat:3, Licht: 0","47262","3","6","2","08","10","7","","0","0","1","0","0"
"POINT (6.941879524000058 50.935972469000035)","Unfall 47263 (2023) Kat:3, Licht: 0","47263","3","7","0","08","18","7","","0","0","1","0","0"
"POINT (6.866361177000044 50.917827338000052)","Unfall 47365 (2023) Kat:2, Licht: 0","47365","2","1","3","08","11","6","","0","0","1","0","0"
"POINT (6.891237958000033 50.906789748000051)","Unfall 47366 (2023) Kat:3, Licht: 0","47366","3","6","2","08","11","6","","0","0","1","0","0"
"POINT (7.053953117000049 50.930026923000071)","Unfall 47367 (2023) Kat:3, Licht: 0","47367","3","3","5","08","15","6","","0","0","1","0","0"
"POINT (6.998026789000050 50.937448269000072)","Unfall 47368 (2023) Kat:3, Licht: 0","47368","3","6","3","08","19","6","","0","0","1","0","0"
"POINT (6.983690337000041 50.944261882000035)","Unfall 47369 (2023) Kat:3, Licht: 0","47369","3","6","3","08","15","6","","0","0","1","0","0"
"POINT (7.017483257000038 50.963930079000079)","Unfall 47370 (2023) Kat:3, Licht: 0","47370","3","7","0","08","13","6","","0","1","0","0","0"
"POINT (6.941010149000022 50.953778765000038)","Unfall 47371 (2023) Kat:3, Licht: 0","47371","3","6","2","08","13","6","","0","0","1","0","0"
"POINT (6.932371600000067 50.953016251000065)","Unfall 47372 (2023) Kat:3, Licht: 0","47372","3","6","1","08","16","6","","0","0","1","0","0"
"POINT (6.938629998000067 50.905973598000060)","Unfall 47373 (2023) Kat:3, Licht: 0","47373","3","3","5","08","18","6","","0","0","1","0","0"
"POINT (6.963105540000072 50.932725017000053)","Unfall 47374 (2023) Kat:3, Licht: 0","47374","3","6","0","08","13","6","","0","1","0","0","0"
"POINT (7.053369221000025 50.907521157000076)","Unfall 47498 (2023) Kat:3, Licht: 0","47498","3","6","2","08","17","5","","0","0","1","0","0"
"POINT (6.989356983000050 50.931915903000061)","Unfall 47501 (2023) Kat:3, Licht: 0","47501","3","6","2","08","19","5","","0","0","1","0","0"
"POINT (7.082297696000069 50.881904839000072)","Unfall 47502 (2023) Kat:3, Licht: 0","47502","3","3","5","08","09","5","","0","1","1","0","0"
"POINT (7.010295151000037 50.938050765000071)","Unfall 47503 (2023) Kat:3, Licht: 0","47503","3","1","0","08","16","5","","0","1","0","0","0"
"POINT (7.072485313000072 50.964645760000053)","Unfall 47504 (2023) Kat:2, Licht: 0","47504","2","1","4","08","19","5","","0","0","1","0","0"
"POINT (6.981723920000036 50.937575705000029)","Unfall 47505 (2023) Kat:3, Licht: 0","47505","3","3","5","08","08","5","","0","1","1","0","0"
"POINT (6.915123276000031 50.920661598000038)","Unfall 47507 (2023) Kat:3, Licht: 0","47507","3","5","1","08","16","5","","0","1","1","0","0"
"POINT (6.967829817000052 50.904106762000026)","Unfall 47508 (2023) Kat:3, Licht: 0","47508","3","3","5","08","07","5","","0","0","1","0","0"
"POINT (6.891250415000059 50.924720857000068)","Unfall 47509 (2023) Kat:3, Licht: 0","47509","3","1","0","08","07","5","","0","1","0","0","0"
"POINT (6.940370074000043 50.942256654000062)","Unfall 47510 (2023) Kat:3, Licht: 1","47510","3","7","3","08","20","5","","1","1","1","0","0"
"POINT (6.944323967000059 50.945943707000026)","Unfall 47512 (2023) Kat:3, Licht: 0","47512","3","7","0","08","18","5","","0","0","0","0","1"
"POINT (6.899442903000022 50.990693551000049)","Unfall 47628 (2023) Kat:3, Licht: 0","47628","3","6","2","08","14","4","","0","0","1","0","0"
"POINT (7.042637333000073 50.941329732000042)","Unfall 47630 (2023) Kat:3, Licht: 2","47630","3","6","2","08","05","4","","2","0","0","0","0"
"POINT (7.060150670000041 50.927763612000035)","Unfall 47632 (2023) Kat:3, Licht: 0","47632","3","1","2","08","19","7","","0","0","1","0","0"
"POINT (6.962606935000053 50.942734879000056)","Unfall 47635 (2023) Kat:3, Licht: 0","47635","3","4","6","08","14","7","","0","1","0","1","0"
"POINT (7.010649138000076 50.849575869000034)","Unfall 47636 (2023) Kat:3, Licht: 0","47636","3","6","1","08","19","4","","0","0","1","0","1"
"POINT (7.028651725000032 50.940243736000070)","Unfall 47637 (2023) Kat:3, Licht: 0","47637","3","6","2","08","08","4","","0","0","1","0","1"
"POINT (7.077911149000045 50.893652294000049)","Unfall 47638 (2023) Kat:3, Licht: 0","47638","3","2","6","08","12","4","","0","0","1","1","0"
"POINT (6.949887867000029 50.955511375000071)","Unfall 47639 (2023) Kat:3, Licht: 0","47639","3","2","5","08","16","4","","0","1","1","0","0"
"POINT (6.968910716000039 50.955818411000052)","Unfall 47640 (2023) Kat:3, Licht: 0","47640","3","1","4","08","16","4","","0","0","1","0","0"
"POINT (6.931282725000074 50.947347167000032)","Unfall 47641 (2023) Kat:3, Licht: 0","47641","3","6","3","08","19","4","","0","0","1","0","1"
"POINT (6.997790173000055 50.860252274000061)","Unfall 47642 (2023) Kat:3, Licht: 0","47642","3","1","0","08","13","4","","0","1","0","0","0"
"POINT (6.973473149000029 50.867004514000030)","Unfall 47643 (2023) Kat:3, Licht: 0","47643","3","2","3","08","11","4","","0","0","1","0","0"
"POINT (6.940957071000071 50.930909339000038)","Unfall 47644 (2023) Kat:3, Licht: 0","47644","3","2","0","08","19","4","","0","1","1","0","0"
"POINT (6.934251130000064 50.933096863000060)","Unfall 47645 (2023) Kat:3, Licht: 0","47645","3","7","0","08","17","4","","0","1","0","0","0"
"POINT (6.941321558000027 50.944032200000038)","Unfall 47646 (2023) Kat:2, Licht: 0","47646","2","6","3","08","16","4","","0","1","0","0","0"
"POINT (6.961760603000073 50.921549285000026)","Unfall 47647 (2023) Kat:3, Licht: 0","47647","3","2","5","08","14","4","","0","0","1","0","0"
"POINT (7.086067466000031 50.857636774000071)","Unfall 47758 (2023) Kat:3, Licht: 2","47758","3","1","0","08","21","3","","2","1","0","0","0"
"POINT (7.038390948000028 50.968175864000045)","Unfall 47759 (2023) Kat:3, Licht: 0","47759","3","4","6","08","08","3","","0","0","1","1","0"
"POINT (7.029603617000021 50.966385279000065)","Unfall 47760 (2023) Kat:3, Licht: 0","47760","3","3","5","08","12","3","","0","0","1","0","0"
"POINT (6.984345002000055 50.937031469000033)","Unfall 47761 (2023) Kat:3, Licht: 0","47761","3","3","0","08","10","3","","0","1","1","0","0"
"POINT (6.837975361000076 51.040133166000032)","Unfall 47762 (2023) Kat:3, Licht: 0","47762","3","3","5","08","13","3","","0","1","1","0","0"
"POINT (6.929221513000073 50.936691203000066)","Unfall 47763 (2023) Kat:3, Licht: 0","47763","3","3","5","08","18","3","","0","1","0","0","0"
"POINT (6.970056308000039 50.916905588000077)","Unfall 47764 (2023) Kat:3, Licht: 0","47764","3","6","4","08","06","3","","0","1","0","0","0"
"POINT (6.967804187000070 50.891473161000079)","Unfall 47873 (2023) Kat:3, Licht: 0","47873","3","6","2","08","08","2","","0","0","1","0","0"
"POINT (6.977692251000065 50.889429437000047)","Unfall 47875 (2023) Kat:2, Licht: 2","47875","2","6","2","08","22","2","","2","0","1","0","0"
"POINT (7.074323666000055 50.919493358000068)","Unfall 47877 (2023) Kat:3, Licht: 0","47877","3","6","3","08","14","2","","0","0","1","0","0"
"POINT (7.060360349000064 50.923906552000062)","Unfall 47878 (2023) Kat:3, Licht: 2","47878","3","7","8","08","01","2","","2","0","1","0","0"
"POINT (6.973515009000039 50.939892722000081)","Unfall 47880 (2023) Kat:3, Licht: 2","47880","3","2","5","08","21","2","","2","0","1","1","0"
"POINT (6.964695597000059 50.936270287000070)","Unfall 47882 (2023) Kat:3, Licht: 0","47882","3","3","3","08","07","2","","0","1","1","0","0"
"POINT (6.977503248000062 50.934348443000033)","Unfall 47883 (2023) Kat:3, Licht: 0","47883","3","6","2","08","17","2","","0","0","1","0","0"
"POINT (6.864712313000041 50.971663623000040)","Unfall 47884 (2023) Kat:3, Licht: 0","47884","3","6","2","08","10","2","","0","0","1","0","0"
"POINT (6.932704546000025 50.920881131000044)","Unfall 47885 (2023) Kat:3, Licht: 0","47885","3","2","3","08","13","2","","0","0","1","0","0"
"POINT (6.944912705000036 50.935810335000042)","Unfall 47886 (2023) Kat:3, Licht: 0","47886","3","7","0","08","18","2","","0","1","0","0","0"
"POINT (6.906244228000048 51.004342144000077)","Unfall 47985 (2023) Kat:2, Licht: 0","47985","2","6","2","08","18","1","","0","0","1","0","0"
"POINT (7.078915623000057 50.923612054000046)","Unfall 47987 (2023) Kat:3, Licht: 0","47987","3","7","6","08","14","1","","0","0","0","1","0"
"POINT (6.923149641000066 50.933038162000059)","Unfall 47988 (2023) Kat:3, Licht: 0","47988","3","5","1","08","11","1","","0","1","1","0","0"
"POINT (6.995774845000028 50.876159885000050)","Unfall 47989 (2023) Kat:3, Licht: 2","47989","3","3","5","08","21","1","","2","1","1","0","0"
"POINT (6.957026516000042 50.935272105000081)","Unfall 47990 (2023) Kat:3, Licht: 2","47990","3","4","0","08","01","1","","2","0","0","1","0"
"POINT (6.945302315000049 50.946380599000065)","Unfall 47991 (2023) Kat:3, Licht: 2","47991","3","6","3","08","00","1","","2","0","1","0","0"
"POINT (7.107538654000052 50.866401425000049)","Unfall 48003 (2023) Kat:3, Licht: 0","48003","3","7","0","08","13","6","","0","0","0","0","1"
"POINT (6.849866099000053 50.950264991000040)","Unfall 48079 (2023) Kat:2, Licht: 0","48079","2","6","2","08","07","7","","0","0","0","0","1"
"POINT (6.983906665000063 50.944301243000041)","Unfall 48080 (2023) Kat:3, Licht: 0","48080","3","6","2","08","15","7","","0","0","1","0","0"
"POINT (6.954478938000022 50.960346618000074)","Unfall 48082 (2023) Kat:3, Licht: 0","48082","3","5","0","08","11","7","","0","1","1","0","0"
"POINT (6.840572506000058 51.049120159000040)","Unfall 48083 (2023) Kat:3, Licht: 0","48083","3","6","1","08","14","7","","0","0","1","0","0"
"POINT (6.948981447000051 50.935442079000040)","Unfall 48084 (2023) Kat:3, Licht: 1","48084","3","4","6","08","05","7","","1","0","1","1","0"
"POINT (7.013139429000034 50.947910806000039)","Unfall 48086 (2023) Kat:3, Licht: 1","48086","3","6","2","08","16","6","","1","0","1","0","0"
"POINT (6.928391101000045 50.889950779000060)","Unfall 48209 (2023) Kat:3, Licht: 0","48209","3","6","2","08","14","6","","0","0","1","0","0"
"POINT (6.882732018000070 50.994362039000066)","Unfall 48211 (2023) Kat:3, Licht: 0","48211","3","6","3","08","17","6","","0","0","1","0","1"
"POINT (7.085746948000065 50.858051929000055)","Unfall 48218 (2023) Kat:3, Licht: 0","48218","3","1","0","08","18","6","","0","1","0","0","0"
"POINT (6.996765203000052 50.963837356000056)","Unfall 48219 (2023) Kat:3, Licht: 0","48219","3","7","0","08","15","6","","0","1","0","0","0"
"POINT (6.980614281000044 50.941490127000066)","Unfall 48220 (2023) Kat:2, Licht: 0","48220","2","3","5","08","08","6","","0","0","1","0","1"
"POINT (6.978682229000071 50.939527686000076)","Unfall 48221 (2023) Kat:2, Licht: 0","48221","2","6","2","08","20","6","","0","0","1","0","0"
"POINT (6.877512876000026 51.001293025000052)","Unfall 48222 (2023) Kat:3, Licht: 0","48222","3","1","8","08","16","6","","0","0","1","0","0"
"POINT (6.948104821000072 50.936372564000067)","Unfall 48223 (2023) Kat:3, Licht: 0","48223","3","7","0","08","19","6","","0","0","0","0","0"
"POINT (6.940613192000058 50.931126526000071)","Unfall 48224 (2023) Kat:2, Licht: 0","48224","2","4","6","08","16","6","","0","1","0","1","0"
"POINT (6.994752436000056 50.946058271000027)","Unfall 48353 (2023) Kat:3, Licht: 0","48353","3","6","2","08","14","5","","0","0","1","0","0"
"POINT (7.025580852000076 50.932333196000059)","Unfall 48354 (2023) Kat:3, Licht: 0","48354","3","3","0","08","18","5","","0","1","1","0","0"
"POINT (7.013692746000061 50.953804347000073)","Unfall 48355 (2023) Kat:3, Licht: 0","48355","3","1","0","08","12","5","","0","0","0","0","1"
"POINT (6.981241885000031 50.939359399000068)","Unfall 48356 (2023) Kat:3, Licht: 2","48356","3","6","2","08","17","5","","2","0","1","0","0"
"POINT (6.919374508000033 50.952708827000038)","Unfall 48357 (2023) Kat:2, Licht: 0","48357","2","1","0","08","19","5","","0","1","0","0","0"
"POINT (6.900332392000053 50.937277882000046)","Unfall 48358 (2023) Kat:3, Licht: 0","48358","3","3","5","08","11","5","","0","1","0","0","0"
"POINT (6.906612541000072 50.936966391000055)","Unfall 48359 (2023) Kat:3, Licht: 0","48359","3","4","6","08","14","5","","0","1","0","1","0"
"POINT (6.928118498000060 50.936709593000046)","Unfall 48405 (2023) Kat:3, Licht: 0","48405","3","7","0","08","16","5","","0","1","0","1","0"
"POINT (7.012517372000048 51.020688879000033)","Unfall 48469 (2023) Kat:3, Licht: 0","48469","3","6","2","08","14","4","","0","0","1","0","0"
"POINT (7.098763912000038 50.858839944000067)","Unfall 48470 (2023) Kat:3, Licht: 0","48470","3","2","5","08","12","4","","0","0","1","0","0"
"POINT (6.989313617000050 50.917640266000035)","Unfall 48472 (2023) Kat:3, Licht: 2","48472","3","1","6","08","05","4","","2","1","0","1","0"
"POINT (7.004155741000034 50.990224131000048)","Unfall 48473 (2023) Kat:3, Licht: 0","48473","3","2","5","08","20","4","","0","1","1","0","0"
"POINT (6.986234224000043 50.936388488000034)","Unfall 48474 (2023) Kat:3, Licht: 2","48474","3","1","9","08","01","4","","2","0","1","0","0"
"POINT (6.916816189000031 50.936827980000032)","Unfall 48475 (2023) Kat:3, Licht: 2","48475","3","1","0","08","23","4","","2","1","0","0","0"
"POINT (6.915453052000032 50.904195114000061)","Unfall 48476 (2023) Kat:3, Licht: 0","48476","3","6","2","08","16","4","","0","0","1","0","1"
"POINT (6.952088824000043 50.935230738000030)","Unfall 48477 (2023) Kat:3, Licht: 1","48477","3","6","0","08","20","4","","1","1","0","0","0"
"POINT (6.945696329000043 50.946555700000033)","Unfall 48478 (2023) Kat:3, Licht: 0","48478","3","2","5","08","10","4","","0","0","1","0","0"
"POINT (6.920211678000044 50.953781380000066)","Unfall 48532 (2023) Kat:3, Licht: 0","48532","3","2","0","08","20","7","","0","1","1","0","0"
"POINT (7.095961025000065 50.844841083000063)","Unfall 48538 (2023) Kat:3, Licht: 0","48538","3","2","5","08","14","2","","0","0","1","0","0"
"POINT (6.871074043000021 50.991032920000066)","Unfall 48613 (2023) Kat:3, Licht: 0","48613","3","6","2","08","17","3","","0","0","1","0","0"
"POINT (6.890708991000054 50.996969203000049)","Unfall 48615 (2023) Kat:3, Licht: 0","48615","3","6","2","08","14","3","","0","0","1","0","0"
"POINT (7.063517028000035 50.945391982000046)","Unfall 48617 (2023) Kat:2, Licht: 0","48617","2","3","5","08","16","3","","0","0","1","0","0"
"POINT (7.015087481000023 50.975483328000053)","Unfall 48618 (2023) Kat:3, Licht: 0","48618","3","1","0","08","07","3","","0","0","0","0","1"
"POINT (7.027172693000068 50.959639325000069)","Unfall 48619 (2023) Kat:3, Licht: 0","48619","3","3","5","08","06","3","","0","0","1","0","0"
"POINT (7.005905142000074 50.973589798000035)","Unfall 48621 (2023) Kat:2, Licht: 0","48621","2","6","1","08","14","3","","0","0","1","0","0"
"POINT (6.942231932000027 50.905054197000027)","Unfall 48622 (2023) Kat:3, Licht: 0","48622","3","2","4","08","17","3","","0","0","1","0","0"
"POINT (6.850513325000065 50.958370282000033)","Unfall 48646 (2023) Kat:3, Licht: 0","48646","3","6","1","08","13","7","","0","0","1","0","0"
"POINT (6.956745450000028 50.903830315000050)","Unfall 48670 (2023) Kat:3, Licht: 0","48670","3","2","5","08","16","4","","0","0","1","0","0"
"POINT (7.056592133000038 50.951322242000060)","Unfall 48758 (2023) Kat:3, Licht: 2","48758","3","7","9","08","23","5","","2","0","1","0","0"
"POINT (6.848846276000074 50.931530271000042)","Unfall 48793 (2023) Kat:3, Licht: 0","48793","3","6","3","09","14","3","","0","0","1","0","0"
"POINT (7.044663933000038 50.929785941000034)","Unfall 48795 (2023) Kat:3, Licht: 0","48795","3","4","6","09","15","3","","0","0","1","1","0"
"POINT (7.055638494000050 50.882826817000080)","Unfall 48796 (2023) Kat:3, Licht: 0","48796","3","2","5","09","18","3","","0","1","1","0","0"
"POINT (6.983998552000060 50.937143761000073)","Unfall 48797 (2023) Kat:1, Licht: 0","48797","1","4","6","09","08","3","","0","0","0","1","0"
"POINT (6.892066761000024 50.992144701000029)","Unfall 48798 (2023) Kat:3, Licht: 0","48798","3","2","5","09","09","3","","0","0","1","0","0"
"POINT (6.951929632000031 50.935232851000080)","Unfall 48799 (2023) Kat:2, Licht: 0","48799","2","2","5","09","15","3","","0","1","0","0","0"
"POINT (7.029490037000073 50.971690573000046)","Unfall 48916 (2023) Kat:2, Licht: 0","48916","2","6","2","09","10","2","","0","0","1","0","0"
"POINT (7.039905453000074 50.910018347000062)","Unfall 48917 (2023) Kat:3, Licht: 0","48917","3","6","2","09","08","2","","0","0","1","0","0"
"POINT (7.025597289000075 50.997849386000041)","Unfall 48918 (2023) Kat:1, Licht: 0","48918","1","1","4","09","06","2","","0","0","1","0","0"
"POINT (6.932806905000064 50.948597953000046)","Unfall 48919 (2023) Kat:3, Licht: 0","48919","3","3","0","09","11","2","","0","1","1","0","0"
"POINT (6.912856665000049 50.944994593000047)","Unfall 48920 (2023) Kat:3, Licht: 0","48920","3","6","2","09","07","2","","0","0","1","0","0"
"POINT (6.927037871000039 50.930197168000063)","Unfall 48921 (2023) Kat:2, Licht: 0","48921","2","6","1","09","12","2","","0","0","1","0","0"
"POINT (6.965265166000052 50.880883201000074)","Unfall 48922 (2023) Kat:3, Licht: 0","48922","3","3","5","09","07","2","","0","1","1","0","0"
"POINT (7.015201292000029 50.984824758000059)","Unfall 49018 (2023) Kat:3, Licht: 0","49018","3","6","2","09","13","1","","0","0","1","0","0"
"POINT (7.058812514000067 50.883520716000078)","Unfall 49020 (2023) Kat:3, Licht: 0","49020","3","3","0","09","16","1","","0","1","1","0","0"
"POINT (6.953708484000060 50.949376765000068)","Unfall 49021 (2023) Kat:3, Licht: 2","49021","3","5","1","09","05","1","","2","0","1","0","0"
"POINT (6.942856126000038 50.928550142000063)","Unfall 49028 (2023) Kat:3, Licht: 0","49028","3","2","3","09","10","2","","0","0","0","0","0"
"POINT (6.844898458000046 50.915094789000079)","Unfall 49110 (2023) Kat:3, Licht: 0","49110","3","6","3","09","16","7","","0","0","1","0","0"
"POINT (7.077378108000062 50.919201773000054)","Unfall 49111 (2023) Kat:3, Licht: 0","49111","3","6","3","09","07","7","","0","0","1","0","0"
"POINT (7.079830925000067 50.900309214000060)","Unfall 49112 (2023) Kat:3, Licht: 0","49112","3","6","2","09","11","7","","0","0","1","0","0"
"POINT (7.096300117000055 50.862216848000060)","Unfall 49113 (2023) Kat:2, Licht: 0","49113","2","1","2","09","10","7","","0","0","1","0","0"
"POINT (7.096961184000065 50.858691979000071)","Unfall 49114 (2023) Kat:3, Licht: 0","49114","3","6","2","09","17","7","","0","0","1","0","0"
"POINT (7.003536995000047 50.938043261000075)","Unfall 49117 (2023) Kat:3, Licht: 0","49117","3","6","1","09","18","7","","0","1","1","0","0"
"POINT (7.073633760000064 50.899295768000059)","Unfall 49118 (2023) Kat:3, Licht: 0","49118","3","2","4","09","12","7","","0","0","1","0","0"
"POINT (6.862226086000021 51.061964465000074)","Unfall 49119 (2023) Kat:2, Licht: 0","49119","2","1","0","09","15","7","","0","0","1","0","1"
"POINT (6.924681585000030 50.936550191000038)","Unfall 49120 (2023) Kat:3, Licht: 2","49120","3","7","6","09","00","7","","2","0","0","1","0"
"POINT (6.882137583000031 50.937787717000049)","Unfall 49121 (2023) Kat:3, Licht: 0","49121","3","3","5","09","18","7","","0","1","1","0","0"
"POINT (6.927578532000041 50.895839953000063)","Unfall 49122 (2023) Kat:3, Licht: 0","49122","3","2","3","09","11","7","","0","1","1","0","0"
"POINT (6.940795141000024 50.931285881000065)","Unfall 49123 (2023) Kat:3, Licht: 2","49123","3","1","0","09","23","7","","2","1","0","0","0"
"POINT (6.963398341000072 50.930280451000044)","Unfall 49124 (2023) Kat:3, Licht: 0","49124","3","1","0","09","19","7","","0","1","0","0","0"
"POINT (6.978042365000022 50.939577563000057)","Unfall 49199 (2023) Kat:3, Licht: 0","49199","3","6","2","09","11","7","","0","0","1","0","0"
"POINT (6.850574929000061 51.025215759000048)","Unfall 49246 (2023) Kat:3, Licht: 0","49246","3","6","2","09","18","6","","0","0","1","0","0"
"POINT (7.100073130000055 50.858878392000065)","Unfall 49249 (2023) Kat:3, Licht: 0","49249","3","7","6","09","15","6","","0","0","1","1","0"
"POINT (7.018886563000024 50.949245654000038)","Unfall 49250 (2023) Kat:3, Licht: 2","49250","3","1","8","09","03","6","","2","0","1","0","0"
"POINT (6.852224731000035 51.001889636000044)","Unfall 49251 (2023) Kat:3, Licht: 0","49251","3","1","0","09","08","6","","0","0","0","0","1"
"POINT (6.948273798000059 50.979884477000041)","Unfall 49252 (2023) Kat:3, Licht: 0","49252","3","1","0","09","07","6","","0","1","0","0","0"
"POINT (6.906079620000071 50.976888151000026)","Unfall 49253 (2023) Kat:3, Licht: 0","49253","3","6","4","09","06","6","","0","1","1","0","0"
"POINT (6.895708530000036 50.914687900000047)","Unfall 49254 (2023) Kat:3, Licht: 0","49254","3","2","4","09","13","6","","0","0","1","0","0"
"POINT (6.907297829000072 50.936960798000030)","Unfall 49255 (2023) Kat:3, Licht: 0","49255","3","6","2","09","16","6","","0","1","0","0","0"
"POINT (6.932724365000070 50.936560892000045)","Unfall 49256 (2023) Kat:3, Licht: 0","49256","3","5","1","09","17","6","","0","1","1","0","0"