WKT,Name,OBJECTID,UKATEGORIE,UTYP1,UART,UMONAT,USTUNDE,UWOCHENTAG,STRZUSTAND,ULICHTVERH,ISTRAD,ISTPKW,ISTFUSS,ISTKRAD
"POINT (7.001253324000061 50.908543067000039)","Unfall 49389 (2023) Kat:3, Licht: 0","49389","3","1","9","09","18","5","","0","0","1","0","0"
"POINT (7.109526572000050 50.850452998000037)","Unfall 49391 (2023) Kat:3, Licht: 2","49391","3","1","1","09","04","5","","2","0","1","0","0"
"POINT (7.048293557000022 50.869741456000042)","Unfall 49392 (2023) Kat:3, Licht: 2","49392","3","6","3","09","05","5","","2","1","1","0","0"
"POINT (6.977960016000054 50.925744403000067)","Unfall 49393 (2023) Kat:2, Licht: 0","49393","2","3","5","09","17","5","","0","0","1","0","0"
"POINT (6.977893113000050 50.937886547000062)","Unfall 49394 (2023) Kat:3, Licht: 0","49394","3","6","2","09","18","5","","0","0","1","0","0"
"POINT (7.019226776000039 50.949206968000055)","Unfall 49395 (2023) Kat:3, Licht: 0","49395","3","1","9","09","18","5","","0","0","1","0","0"
"POINT (6.981448122000074 50.942960963000075)","Unfall 49396 (2023) Kat:3, Licht: 0","49396","3","5","6","09","18","5","","0","0","1","1","0"
"POINT (7.028538021000031 50.957391935000032)","Unfall 49397 (2023) Kat:3, Licht: 0","49397","3","1","4","09","15","5","","0","0","1","0","0"
"POINT (6.956014372000027 50.956578652000076)","Unfall 49495 (2023) Kat:2, Licht: 0","49495","2","5","1","09","11","2","","0","0","0","0","0"
"POINT (7.132778258000030 50.903934491000030)","Unfall 49548 (2023) Kat:3, Licht: 0","49548","3","6","2","09","09","4","","0","0","0","0","0"
"POINT (7.013678463000076 50.914271106000058)","Unfall 49549 (2023) Kat:3, Licht: 0","49549","3","1","9","09","14","4","","0","0","1","0","0"
"POINT (7.103822084000058 50.864166093000051)","Unfall 49551 (2023) Kat:3, Licht: 0","49551","3","3","5","09","12","4","","0","1","1","0","0"
"POINT (7.004127270000026 50.961985895000055)","Unfall 49552 (2023) Kat:3, Licht: 0","49552","3","3","0","09","13","4","","0","1","0","1","0"
"POINT (6.991451445000052 50.947464693000029)","Unfall 49553 (2023) Kat:3, Licht: 0","49553","3","1","0","09","15","4","","0","1","0","0","0"
"POINT (6.908851023000068 50.927828728000065)","Unfall 49554 (2023) Kat:2, Licht: 0","49554","2","2","0","09","07","4","","0","1","0","0","0"
"POINT (6.969146871000021 50.892589248000036)","Unfall 49555 (2023) Kat:3, Licht: 0","49555","3","6","2","09","18","4","","0","0","1","0","0"
"POINT (6.932605988000034 50.934112735000042)","Unfall 49556 (2023) Kat:3, Licht: 0","49556","3","6","1","09","06","4","","0","0","1","0","1"
"POINT (7.080441898000061 50.854608198000051)","Unfall 49565 (2023) Kat:3, Licht: 0","49565","3","3","5","09","09","4","","0","0","1","0","0"
"POINT (6.964600139000027 50.903845086000047)","Unfall 49603 (2023) Kat:3, Licht: 0","49603","3","3","5","09","15","5","","0","1","0","0","1"
"POINT (7.055639914000039 50.882862203000059)","Unfall 49685 (2023) Kat:3, Licht: 0","49685","3","2","5","09","11","4","","0","1","1","0","0"
"POINT (6.979743901000063 50.951888827000062)","Unfall 49700 (2023) Kat:3, Licht: 0","49700","3","6","2","09","18","5","","0","0","1","0","0"
"POINT (6.882727355000043 51.003309855000055)","Unfall 49710 (2023) Kat:3, Licht: 0","49710","3","6","2","09","16","3","","0","0","1","0","0"
"POINT (7.007779603000074 50.845706495000059)","Unfall 49715 (2023) Kat:3, Licht: 0","49715","3","1","0","09","16","3","","0","0","1","0","1"
"POINT (6.926742779000051 50.942629729000032)","Unfall 49716 (2023) Kat:3, Licht: 0","49716","3","2","5","09","12","3","","0","1","1","0","0"
"POINT (6.952723863000074 50.949288475000060)","Unfall 49717 (2023) Kat:3, Licht: 0","49717","3","4","6","09","14","3","","0","1","0","1","0"
"POINT (6.946441057000072 50.936418237000055)","Unfall 49718 (2023) Kat:3, Licht: 0","49718","3","2","6","09","16","3","","0","0","1","1","0"
"POINT (6.973741138000037 50.887486166000031)","Unfall 49876 (2023) Kat:3, Licht: 0","49876","3","6","2","09","17","2","","0","0","1","0","0"
"POINT (7.107521452000071 50.872130656000081)","Unfall 49879 (2023) Kat:3, Licht: 2","49879","3","6","4","09","21","2","","2","0","1","0","1"
"POINT (7.013785718000065 50.953225812000028)","Unfall 49880 (2023) Kat:3, Licht: 0","49880","3","3","5","09","17","2","","0","1","0","0","0"
"POINT (7.002885188000050 50.978955169000074)","Unfall 49881 (2023) Kat:3, Licht: 0","49881","3","6","2","09","07","2","","0","0","1","0","0"
"POINT (6.980189313000039 50.941235617000075)","Unfall 49883 (2023) Kat:3, Licht: 0","49883","3","6","8","09","10","2","","0","0","1","0","0"
"POINT (6.978969229000029 50.939493925000079)","Unfall 49884 (2023) Kat:3, Licht: 0","49884","3","2","5","09","14","2","","0","1","1","0","0"
"POINT (6.910381679000068 50.936853190000079)","Unfall 49885 (2023) Kat:2, Licht: 2","49885","2","1","7","09","01","2","","2","1","0","0","0"
"POINT (6.908243776000063 50.930305513000064)","Unfall 49886 (2023) Kat:3, Licht: 0","49886","3","5","5","09","14","2","","0","1","1","0","0"
"POINT (6.995774845000028 50.876159885000050)","Unfall 49887 (2023) Kat:3, Licht: 0","49887","3","3","5","09","13","2","","0","1","0","0","0"
"POINT (6.915024085000027 50.920303768000053)","Unfall 49888 (2023) Kat:2, Licht: 2","49888","2","3","5","09","22","2","","2","0","1","0","1"
"POINT (6.969592740000053 50.886866671000064)","Unfall 50026 (2023) Kat:3, Licht: 0","50026","3","1","8","09","08","1","","0","0","1","0","0"
"POINT (7.083133849000035 50.943276922000052)","Unfall 50027 (2023) Kat:3, Licht: 0","50027","3","7","0","09","17","1","","0","1","0","0","0"
"POINT (6.865047161000064 50.937955489000046)","Unfall 50028 (2023) Kat:3, Licht: 0","50028","3","6","2","09","12","1","","0","0","1","0","0"
"POINT (6.954415815000061 50.860653163000052)","Unfall 50029 (2023) Kat:2, Licht: 2","50029","2","1","8","09","02","1","","2","0","1","0","0"
"POINT (6.939351018000025 50.938276084000051)","Unfall 50030 (2023) Kat:3, Licht: 0","50030","3","4","6","09","18","1","","0","1","0","1","0"
"POINT (6.962678913000047 50.928511318000062)","Unfall 50073 (2023) Kat:3, Licht: 0","50073","3","6","2","09","10","4","","0","1","0","0","0"
"POINT (6.925621376000038 50.939754869000069)","Unfall 50121 (2023) Kat:3, Licht: 1","50121","3","2","3","09","20","1","","1","0","1","0","1"
"POINT (6.969086844000060 50.879016356000079)","Unfall 50137 (2023) Kat:3, Licht: 0","50137","3","6","2","09","15","7","","0","0","1","0","0"
"POINT (7.081829910000067 50.950124521000077)","Unfall 50139 (2023) Kat:3, Licht: 0","50139","3","6","2","09","14","7","","0","0","1","0","0"
"POINT (6.971690246000037 50.938503551000053)","Unfall 50141 (2023) Kat:3, Licht: 0","50141","3","3","5","09","14","7","","0","1","1","0","0"
"POINT (6.955778248000058 50.957064672000058)","Unfall 50142 (2023) Kat:2, Licht: 2","50142","2","6","3","09","03","7","","2","0","1","0","0"
"POINT (6.918002526000066 51.045901241000081)","Unfall 50143 (2023) Kat:1, Licht: 2","50143","1","1","9","09","21","7","","2","0","1","0","0"
"POINT (6.940584446000059 50.992733938000072)","Unfall 50144 (2023) Kat:3, Licht: 0","50144","3","6","0","09","13","7","","0","0","1","0","0"
"POINT (6.924839666000025 50.933272108000040)","Unfall 50146 (2023) Kat:3, Licht: 2","50146","3","6","3","09","23","7","","2","0","1","0","0"
"POINT (6.939271506000068 50.934540029000061)","Unfall 50147 (2023) Kat:2, Licht: 2","50147","2","4","6","09","01","7","","2","0","1","1","0"
"POINT (7.029892601000029 50.917279467000071)","Unfall 50151 (2023) Kat:3, Licht: 0","50151","3","6","2","09","09","2","","0","0","0","0","0"
"POINT (7.019649904000062 50.978112706000047)","Unfall 50204 (2023) Kat:3, Licht: 0","50204","3","7","0","09","07","3","","0","1","0","0","0"
"POINT (6.896671820000051 50.992527914000050)","Unfall 50243 (2023) Kat:2, Licht: 0","50243","2","1","9","09","16","6","","0","0","1","0","0"
"POINT (6.849150733000045 50.937712320000060)","Unfall 50244 (2023) Kat:3, Licht: 0","50244","3","6","2","09","16","6","","0","0","1","0","0"
"POINT (7.057734250000067 50.907527866000066)","Unfall 50246 (2023) Kat:3, Licht: 0","50246","3","6","3","09","16","6","","0","0","1","0","0"
"POINT (7.095131578000064 50.926061547000074)","Unfall 50248 (2023) Kat:3, Licht: 0","50248","3","6","2","09","18","6","","0","0","1","0","0"
"POINT (7.014322087000039 50.963277061000042)","Unfall 50249 (2023) Kat:3, Licht: 1","50249","3","2","4","09","06","6","","1","1","0","0","1"
"POINT (6.883607113000039 50.937755052000057)","Unfall 50251 (2023) Kat:3, Licht: 0","50251","3","3","5","09","12","6","","0","1","1","0","0"
"POINT (6.933629693000057 50.951919118000035)","Unfall 50252 (2023) Kat:3, Licht: 0","50252","3","6","2","09","14","6","","0","0","1","0","0"
"POINT (6.928601241000024 50.945124611000040)","Unfall 50253 (2023) Kat:3, Licht: 0","50253","3","1","0","09","15","6","","0","1","0","0","0"
"POINT (6.929959243000042 50.946440033000044)","Unfall 50254 (2023) Kat:3, Licht: 0","50254","3","1","0","09","11","6","","0","0","0","0","0"
"POINT (6.939091984000072 50.937135219000027)","Unfall 50255 (2023) Kat:3, Licht: 0","50255","3","6","2","09","12","6","","0","0","1","0","0"
"POINT (6.940614531000051 50.931123443000047)","Unfall 50256 (2023) Kat:3, Licht: 0","50256","3","7","0","09","17","6","","0","1","0","0","0"
"POINT (6.957596010000032 50.929176136000081)","Unfall 50257 (2023) Kat:3, Licht: 0","50257","3","1","8","09","09","6","","0","0","1","0","0"
"POINT (6.944981737000035 50.926935443000048)","Unfall 50291 (2023) Kat:1, Licht: 0","50291","1","4","6","09","08","2","","0","1","0","1","0"
"POINT (6.940612503000068 50.931128113000057)","Unfall 50311 (2023) Kat:3, Licht: 2","50311","3","6","3","09","04","1","","2","1","0","0","0"
"POINT (7.035215741000059 50.955961046000027)","Unfall 50383 (2023) Kat:3, Licht: 0","50383","3","6","2","08","17","5","","0","0","1","0","0"
"POINT (6.999873468000033 50.946900830000061)","Unfall 50386 (2023) Kat:3, Licht: 0","50386","3","6","2","08","18","5","","0","0","1","0","0"
"POINT (7.045321857000033 50.929811467000036)","Unfall 50387 (2023) Kat:2, Licht: 0","50387","2","2","0","08","16","5","","0","1","1","0","0"
"POINT (6.973000629000069 50.929941242000041)","Unfall 50388 (2023) Kat:3, Licht: 0","50388","3","6","1","08","14","5","","0","0","1","0","0"
"POINT (7.013741323000033 50.954798026000049)","Unfall 50389 (2023) Kat:3, Licht: 2","50389","3","4","6","08","20","5","","2","0","1","1","0"
"POINT (7.018798944000025 50.949310045000061)","Unfall 50390 (2023) Kat:3, Licht: 0","50390","3","3","5","08","15","5","","0","1","1","0","0"
"POINT (6.970308584000065 50.957251741000050)","Unfall 50391 (2023) Kat:3, Licht: 0","50391","3","6","3","08","07","5","","0","0","1","0","0"
"POINT (6.827007953000020 50.938381576000040)","Unfall 50392 (2023) Kat:3, Licht: 0","50392","3","6","2","08","07","5","","0","0","1","0","0"
"POINT (6.972268513000074 50.904960155000026)","Unfall 50393 (2023) Kat:2, Licht: 0","50393","2","6","3","08","08","5","","0","0","0","0","1"
"POINT (7.027262293000035 50.929260589000080)","Unfall 50407 (2023) Kat:3, Licht: 1","50407","3","1","0","09","19","6","","1","1","0","0","0"
"POINT (6.972354316000065 50.931405257000051)","Unfall 50484 (2023) Kat:3, Licht: 0","50484","3","6","3","09","18","4","","0","0","1","0","1"
"POINT (6.888695345000031 50.996161797000070)","Unfall 50535 (2023) Kat:3, Licht: 0","50535","3","6","2","08","13","4","","0","0","1","0","0"
"POINT (7.013349743000049 50.988274235000063)","Unfall 50536 (2023) Kat:3, Licht: 0","50536","3","6","3","08","15","4","","0","0","1","0","0"
"POINT (7.057364159000031 50.951697319000061)","Unfall 50538 (2023) Kat:3, Licht: 0","50538","3","6","2","08","16","4","","0","0","1","0","0"
"POINT (7.043329837000044 51.006929367000055)","Unfall 50539 (2023) Kat:3, Licht: 0","50539","3","6","2","08","15","4","","0","0","1","0","0"
"POINT (6.872516270000062 50.979344186000048)","Unfall 50540 (2023) Kat:3, Licht: 0","50540","3","6","1","08","17","4","","0","0","1","0","1"
"POINT (6.930446615000051 50.918701715000054)","Unfall 50541 (2023) Kat:3, Licht: 0","50541","3","5","0","08","13","4","","0","0","1","0","1"
"POINT (6.957284996000055 50.875672250000036)","Unfall 50542 (2023) Kat:2, Licht: 0","50542","2","5","0","08","17","4","","0","0","1","0","1"
"POINT (6.975443552000058 50.894407684000043)","Unfall 50544 (2023) Kat:3, Licht: 0","50544","3","6","3","08","10","4","","0","0","1","0","0"
"POINT (6.941695505000041 50.935990712000034)","Unfall 50545 (2023) Kat:2, Licht: 0","50545","2","6","3","08","18","4","","0","0","1","0","0"
"POINT (7.097652779000043 50.948523446000081)","Unfall 50695 (2023) Kat:3, Licht: 0","50695","3","6","2","08","15","3","","0","0","1","0","0"
"POINT (7.078095996000059 50.894147813000075)","Unfall 50697 (2023) Kat:3, Licht: 0","50697","3","7","5","08","13","3","","0","0","0","0","0"
"POINT (7.054424263000044 50.889404342000034)","Unfall 50698 (2023) Kat:3, Licht: 0","50698","3","4","6","08","18","3","","0","0","1","1","0"
"POINT (6.977599818000044 50.934712292000029)","Unfall 50699 (2023) Kat:3, Licht: 0","50699","3","6","2","08","11","3","","0","0","1","0","0"
"POINT (6.918219940000029 50.915911650000055)","Unfall 50700 (2023) Kat:3, Licht: 1","50700","3","2","5","08","05","3","","1","1","1","0","0"
"POINT (6.929123863000029 50.926552071000060)","Unfall 50701 (2023) Kat:3, Licht: 0","50701","3","7","0","08","17","3","","0","1","0","0","0"
"POINT (6.976496663000034 50.932776379000074)","Unfall 50715 (2023) Kat:3, Licht: 0","50715","3","6","6","09","13","7","","0","0","0","1","0"
"POINT (6.968489247000036 50.882109795000076)","Unfall 50837 (2023) Kat:2, Licht: 0","50837","2","6","3","08","09","2","","0","0","1","0","0"
"POINT (7.029972270000030 50.913860936000049)","Unfall 50839 (2023) Kat:3, Licht: 2","50839","3","1","9","08","01","2","","2","0","1","0","0"
"POINT (7.062888989000044 50.905205700000067)","Unfall 50841 (2023) Kat:3, Licht: 0","50841","3","6","2","08","17","2","","0","0","1","0","0"
"POINT (7.096879292000040 50.922576049000043)","Unfall 50842 (2023) Kat:3, Licht: 0","50842","3","3","5","08","15","2","","0","0","1","0","1"
"POINT (7.099819734000050 50.909445725000069)","Unfall 50843 (2023) Kat:2, Licht: 0","50843","2","3","5","08","18","2","","0","0","1","0","0"
"POINT (6.909350995000068 50.927162281000051)","Unfall 50844 (2023) Kat:3, Licht: 0","50844","3","6","3","08","11","2","","0","1","0","0","0"
"POINT (6.852179201000069 50.977439188000062)","Unfall 50928 (2023) Kat:3, Licht: 2","50928","3","6","2","09","20","6","","2","0","1","0","0"
"POINT (7.107436865000068 50.868102368000052)","Unfall 50931 (2023) Kat:3, Licht: 0","50931","3","5","1","09","14","6","","0","0","1","0","0"
"POINT (7.067029160000061 50.841580016000080)","Unfall 50932 (2023) Kat:3, Licht: 1","50932","3","3","5","09","18","6","","1","0","1","0","0"
"POINT (7.083686349000061 50.863122643000054)","Unfall 50933 (2023) Kat:3, Licht: 0","50933","3","3","5","09","08","6","","0","1","1","0","0"
"POINT (7.015678583000067 50.975773899000046)","Unfall 50934 (2023) Kat:2, Licht: 0","50934","2","1","0","09","17","6","","0","0","0","0","1"
"POINT (7.027180079000061 50.959604867000053)","Unfall 50935 (2023) Kat:3, Licht: 0","50935","3","3","5","09","12","6","","0","0","1","0","0"
"POINT (6.867373251000060 50.971210972000051)","Unfall 50936 (2023) Kat:2, Licht: 0","50936","2","3","5","09","17","6","","0","1","1","0","0"
"POINT (6.938787947000037 50.953384827000036)","Unfall 50937 (2023) Kat:3, Licht: 1","50937","3","6","2","09","19","6","","1","0","1","0","0"
"POINT (7.014181146000055 50.939857731000075)","Unfall 51047 (2023) Kat:3, Licht: 0","51047","3","1","0","09","11","5","","0","1","0","0","0"
"POINT (7.010800623000023 50.957786256000077)","Unfall 51048 (2023) Kat:3, Licht: 0","51048","3","6","2","09","17","5","","0","0","1","0","0"
"POINT (6.971664873000066 50.913991248000059)","Unfall 51107 (2023) Kat:3, Licht: 2","51107","3","7","0","09","22","5","","2","0","1","0","0"
"POINT (6.906723449000026 50.984652121000067)","Unfall 51149 (2023) Kat:3, Licht: 0","51149","3","6","2","09","19","4","","0","0","1","0","0"
"POINT (7.036223667000058 50.931079119000060)","Unfall 51150 (2023) Kat:3, Licht: 0","51150","3","5","1","09","16","4","","0","1","1","0","0"
"POINT (6.981872300000020 50.942992307000054)","Unfall 51151 (2023) Kat:3, Licht: 0","51151","3","2","5","09","10","4","","0","0","1","0","0"
"POINT (6.969957630000067 50.936495835000073)","Unfall 51152 (2023) Kat:3, Licht: 2","51152","3","1","0","09","02","4","","2","0","0","0","0"
"POINT (6.936639990000060 50.936501767000038)","Unfall 51153 (2023) Kat:3, Licht: 0","51153","3","5","0","09","16","4","","0","1","1","1","0"
"POINT (6.966654437000045 50.921836127000063)","Unfall 51154 (2023) Kat:3, Licht: 1","51154","3","3","5","09","19","4","","1","1","1","0","0"
"POINT (6.951411313000051 50.930749601000059)","Unfall 51155 (2023) Kat:3, Licht: 2","51155","3","1","0","09","02","4","","2","0","0","0","0"
"POINT (6.921963327000071 50.936767324000073)","Unfall 51156 (2023) Kat:3, Licht: 0","51156","3","6","6","09","09","4","","0","1","0","1","0"
"POINT (7.017140314000073 50.950513672000056)","Unfall 51191 (2023) Kat:3, Licht: 0","51191","3","6","2","09","08","5","","0","0","1","0","1"
"POINT (7.062909075000050 50.905194865000055)","Unfall 51258 (2023) Kat:3, Licht: 0","51258","3","6","2","09","16","3","","0","0","1","0","0"
"POINT (6.981535649000023 50.942932985000027)","Unfall 51259 (2023) Kat:3, Licht: 2","51259","3","3","5","09","00","3","","2","0","1","0","0"
"POINT (7.028139096000075 50.984707169000046)","Unfall 51260 (2023) Kat:3, Licht: 0","51260","3","2","5","09","14","3","","0","1","0","0","0"
"POINT (6.979421811000066 50.924234758000068)","Unfall 51261 (2023) Kat:3, Licht: 0","51261","3","6","0","09","10","3","","0","0","0","0","1"
"POINT (6.924787849000040 50.936754552000082)","Unfall 51262 (2023) Kat:3, Licht: 2","51262","3","2","5","09","23","3","","2","0","1","0","0"
"POINT (6.915655311000023 50.930495929000074)","Unfall 51263 (2023) Kat:3, Licht: 0","51263","3","1","0","09","12","3","","0","1","0","0","0"
"POINT (7.031404521000070 50.951236034000033)","Unfall 51369 (2023) Kat:3, Licht: 2","51369","3","1","8","09","21","2","","2","0","1","0","0"
"POINT (7.083496843000034 50.869526459000042)","Unfall 51370 (2023) Kat:3, Licht: 0","51370","3","3","5","09","08","2","","0","1","1","0","0"
"POINT (6.977904097000021 50.925802013000066)","Unfall 51371 (2023) Kat:3, Licht: 0","51371","3","3","0","09","16","2","","0","0","1","0","0"
"POINT (7.026421563000042 50.998147777000042)","Unfall 51372 (2023) Kat:3, Licht: 0","51372","3","3","0","09","16","2","","0","0","1","0","0"
"POINT (6.926027215000033 50.940795126000069)","Unfall 51373 (2023) Kat:3, Licht: 0","51373","3","6","1","09","16","2","","0","0","1","0","0"
"POINT (6.932600415000024 50.920946921000052)","Unfall 51374 (2023) Kat:3, Licht: 0","51374","3","2","6","09","08","2","","0","0","1","1","0"
"POINT (6.995268604000046 50.887940124000067)","Unfall 51375 (2023) Kat:3, Licht: 0","51375","3","2","2","09","17","2","","0","0","1","0","1"
"POINT (6.915462161000050 50.904218628000081)","Unfall 51376 (2023) Kat:3, Licht: 0","51376","3","2","2","09","17","2","","0","0","1","0","0"
"POINT (6.990358388000061 50.891497408000077)","Unfall 51377 (2023) Kat:3, Licht: 0","51377","3","2","4","09","13","2","","0","0","1","0","1"
"POINT (6.896657329000050 50.925594183000044)","Unfall 51378 (2023) Kat:3, Licht: 0","51378","3","6","2","09","09","2","","0","0","1","0","0"
"POINT (6.979156639000053 50.939811424000027)","Unfall 51379 (2023) Kat:3, Licht: 0","51379","3","6","3","09","15","2","","0","0","1","0","1"
"POINT (6.922592098000052 50.912951276000058)","Unfall 51433 (2023) Kat:3, Licht: 0","51433","3","6","2","09","16","3","","0","0","1","0","0"
"POINT (6.848873170000047 50.932378523000068)","Unfall 51444 (2023) Kat:3, Licht: 2","51444","3","6","3","09","14","5","","2","0","1","0","0"
"POINT (6.969651925000051 50.886398381000049)","Unfall 51477 (2023) Kat:3, Licht: 0","51477","3","1","8","09","08","1","","0","0","1","0","0"
"POINT (7.099204034000024 50.919920329000036)","Unfall 51481 (2023) Kat:3, Licht: 0","51481","3","3","5","09","16","1","","0","0","1","0","0"
"POINT (6.992320041000028 50.948013285000059)","Unfall 51482 (2023) Kat:2, Licht: 2","51482","2","4","6","09","20","1","","2","0","0","1","0"
"POINT (6.974080002000051 50.955498509000051)","Unfall 51484 (2023) Kat:3, Licht: 0","51484","3","6","2","09","11","1","","0","0","1","0","0"
"POINT (6.900684038000065 50.997649355000078)","Unfall 51485 (2023) Kat:2, Licht: 2","51485","2","2","6","09","20","1","","2","0","1","1","0"
"POINT (6.910692904000030 50.939796672000057)","Unfall 51486 (2023) Kat:3, Licht: 0","51486","3","6","2","09","11","1","","0","1","0","0","0"
"POINT (6.867465158000073 50.989922477000050)","Unfall 51583 (2023) Kat:3, Licht: 0","51583","3","6","2","09","13","7","","0","0","1","0","0"
"POINT (7.081995819000042 50.917983745000072)","Unfall 51587 (2023) Kat:3, Licht: 0","51587","3","5","1","09","11","7","","0","0","1","0","0"
"POINT (6.967974359000038 50.951825657000029)","Unfall 51588 (2023) Kat:3, Licht: 0","51588","3","6","2","09","17","7","","0","0","1","0","0"
"POINT (6.948044984000035 50.980777537000051)","Unfall 51589 (2023) Kat:3, Licht: 2","51589","3","1","0","09","22","7","","2","1","1","0","0"
"POINT (6.936999577000051 50.997604319000061)","Unfall 51590 (2023) Kat:3, Licht: 0","51590","3","1","0","09","17","7","","0","1","0","0","0"
"POINT (6.880297639000048 51.039687746000027)","Unfall 51591 (2023) Kat:3, Licht: 2","51591","3","3","4","09","20","7","","2","0","1","0","0"
"POINT (6.944251132000034 50.988611536000064)","Unfall 51592 (2023) Kat:3, Licht: 0","51592","3","6","1","09","10","7","","0","0","1","0","0"
"POINT (6.917359800000042 50.905997834000061)","Unfall 51594 (2023) Kat:2, Licht: 1","51594","2","4","6","09","21","7","","1","0","0","1","0"
"POINT (6.923676395000030 50.912257561000047)","Unfall 51595 (2023) Kat:3, Licht: 2","51595","3","1","0","09","23","7","","2","1","0","0","0"
"POINT (6.935591281000029 50.935410891000060)","Unfall 51596 (2023) Kat:2, Licht: 0","51596","2","6","3","09","18","7","","0","1","0","0","0"
"POINT (6.971582322000074 50.937856671000077)","Unfall 51734 (2023) Kat:3, Licht: 0","51734","3","3","0","09","15","6","","0","1","1","0","0"
"POINT (6.954213351000021 50.962274161000039)","Unfall 51735 (2023) Kat:3, Licht: 2","51735","3","3","0","09","21","6","","2","0","0","0","1"
"POINT (6.865874658000052 51.067399881000028)","Unfall 51736 (2023) Kat:3, Licht: 0","51736","3","6","2","09","07","6","","0","0","1","0","1"
"POINT (6.947532418000037 50.995748997000078)","Unfall 51737 (2023) Kat:3, Licht: 2","51737","3","1","9","09","22","6","","2","0","0","0","1"
"POINT (6.861004767000054 50.937920212000051)","Unfall 51738 (2023) Kat:3, Licht: 0","51738","3","3","5","09","08","6","","0","0","1","0","0"
"POINT (6.921042988000067 50.914272215000040)","Unfall 51739 (2023) Kat:3, Licht: 2","51739","3","2","4","09","21","6","","2","0","1","0","1"
"POINT (6.900154837000059 50.937281800000051)","Unfall 51740 (2023) Kat:2, Licht: 2","51740","2","1","9","09","00","6","","2","0","0","0","1"
"POINT (6.927885874000026 50.959739823000064)","Unfall 51741 (2023) Kat:3, Licht: 0","51741","3","3","5","09","18","6","","0","0","1","0","0"
"POINT (6.991232769000021 50.900113521000037)","Unfall 51742 (2023) Kat:3, Licht: 0","51742","3","6","6","09","15","6","","0","1","0","1","0"
"POINT (6.915453052000032 50.904195114000061)","Unfall 51743 (2023) Kat:3, Licht: 0","51743","3","6","2","09","16","6","","0","0","1","0","0"
"POINT (6.925986682000030 50.936044866000032)","Unfall 51744 (2023) Kat:3, Licht: 0","51744","3","6","0","09","19","6","","0","1","0","0","0"
"POINT (6.965725009000039 50.847937443000035)","Unfall 51745 (2023) Kat:2, Licht: 0","51745","2","6","1","09","17","6","","0","0","1","0","0"
"POINT (6.953343500000074 50.966579618000026)","Unfall 51787 (2023) Kat:3, Licht: 0","51787","3","2","0","09","16","2","","0","1","1","0","0"
"POINT (6.960067084000059 50.883906759000070)","Unfall 51876 (2023) Kat:3, Licht: 0","51876","3","6","2","09","16","5","","0","0","1","0","0"
"POINT (7.060150670000041 50.927763612000035)","Unfall 51877 (2023) Kat:3, Licht: 2","51877","3","2","4","09","21","5","","2","0","1","0","0"
"POINT (6.947980455000049 50.954825115000062)","Unfall 51878 (2023) Kat:3, Licht: 0","51878","3","2","5","09","18","5","","0","1","1","0","0"
"POINT (6.900939084000072 50.985166840000034)","Unfall 51879 (2023) Kat:3, Licht: 0","51879","3","6","2","09","10","5","","0","0","1","0","1"
"POINT (6.956672996000066 50.903712458000030)","Unfall 51880 (2023) Kat:3, Licht: 0","51880","3","7","0","09","15","5","","0","1","1","0","0"
"POINT (6.895332496000037 50.925290614000062)","Unfall 51882 (2023) Kat:3, Licht: 0","51882","3","2","5","09","17","5","","0","1","1","0","0"
"POINT (6.908405636000055 50.897466834000056)","Unfall 51883 (2023) Kat:3, Licht: 0","51883","3","2","5","09","11","5","","0","1","0","0","0"
"POINT (6.939770376000070 50.939768927000046)","Unfall 51884 (2023) Kat:2, Licht: 0","51884","2","6","3","09","16","5","","0","1","0","0","0"
"POINT (7.033688240000060 50.967224064000050)","Unfall 51917 (2023) Kat:3, Licht: 0","51917","3","1","0","09","10","5","","0","0","0","0","1"
"POINT (6.920386833000066 50.953714376000050)","Unfall 51985 (2023) Kat:3, Licht: 0","51985","3","2","0","09","13","1","","0","0","1","0","1"
"POINT (7.084520800000064 50.950716649000071)","Unfall 52008 (2023) Kat:3, Licht: 0","52008","3","6","3","09","12","4","","0","0","1","0","0"
"POINT (7.001862131000053 50.946926301000076)","Unfall 52011 (2023) Kat:3, Licht: 0","52011","3","1","0","09","15","4","","0","0","0","0","1"
"POINT (6.972919141000034 50.939890280000043)","Unfall 52012 (2023) Kat:3, Licht: 2","52012","3","1","8","09","23","4","","2","0","1","0","0"
"POINT (6.932352405000074 50.962872219000076)","Unfall 52013 (2023) Kat:3, Licht: 0","52013","3","4","6","09","08","4","","0","0","1","1","0"
"POINT (6.920234303000029 50.953805019000072)","Unfall 52014 (2023) Kat:3, Licht: 0","52014","3","1","0","09","13","4","","0","1","0","0","0"
"POINT (7.000619447000076 50.882439806000036)","Unfall 52015 (2023) Kat:2, Licht: 0","52015","2","2","5","09","19","4","","0","0","1","0","1"
"POINT (6.911619512000073 50.924626423000063)","Unfall 52016 (2023) Kat:3, Licht: 0","52016","3","1","0","09","15","4","","0","1","0","0","0"
"POINT (6.936803171000065 50.924370253000063)","Unfall 52017 (2023) Kat:2, Licht: 0","52017","2","2","3","09","10","4","","0","1","1","0","0"
"POINT (6.989500411000051 50.897337894000032)","Unfall 52018 (2023) Kat:3, Licht: 0","52018","3","2","2","09","14","4","","0","0","1","0","1"
"POINT (6.965675740000052 50.892762015000073)","Unfall 52019 (2023) Kat:3, Licht: 0","52019","3","3","5","09","08","4","","0","0","1","0","0"