WKT,Name,OBJECTID,UKATEGORIE,UTYP1,UART,UMONAT,USTUNDE,UWOCHENTAG,STRZUSTAND,ULICHTVERH,ISTRAD,ISTPKW,ISTFUSS,ISTKRAD
"POINT (6.940609909000045 50.931134085000053)","Unfall 52020 (2023) Kat:3, Licht: 0","52020","3","4","0","09","15","4","","0","1","0","1","0"
"POINT (6.938023011000041 50.935352319000060)","Unfall 52021 (2023) Kat:3, Licht: 0","52021","3","7","0","09","08","4","","0","0","0","0","0"
"POINT (6.957572861000074 50.929168615000037)","Unfall 52022 (2023) Kat:3, Licht: 2","52022","3","1","8","09","00","4","","2","0","1","0","0"
"POINT (6.830756776000044 50.961604991000058)","Unfall 52038 (2023) Kat:3, Licht: 0","52038","3","3","5","09","13","6","","0","0","1","0","0"
"POINT (6.895397218000028 50.993894680000039)","Unfall 52148 (2023) Kat:3, Licht: 0","52148","3","6","2","10","12","1","","0","0","1","0","1"
"POINT (7.035473161000027 50.918098355000041)","Unfall 52150 (2023) Kat:3, Licht: 0","52150","3","6","2","10","13","1","","0","0","1","0","0"
"POINT (7.050376779000032 50.918592413000056)","Unfall 52151 (2023) Kat:3, Licht: 0","52151","3","2","5","10","10","1","","0","1","1","0","0"
"POINT (6.849245299000074 51.082347388000073)","Unfall 52152 (2023) Kat:3, Licht: 0","52152","3","1","0","10","13","1","","0","1","0","0","0"
"POINT (7.054014897000059 50.929968292000069)","Unfall 52201 (2023) Kat:3, Licht: 2","52201","3","6","2","10","19","7","","2","0","1","0","0"
"POINT (7.107181738000065 50.882996152000032)","Unfall 52202 (2023) Kat:2, Licht: 2","52202","2","7","3","10","21","7","","2","0","1","0","0"
"POINT (7.013993141000071 50.974922916000025)","Unfall 52203 (2023) Kat:3, Licht: 0","52203","3","1","0","10","16","7","","0","1","0","0","0"
"POINT (6.981546884000068 50.937209755000026)","Unfall 52204 (2023) Kat:3, Licht: 2","52204","3","3","0","10","19","7","","2","0","1","0","1"
"POINT (7.041509960000042 51.001818389000050)","Unfall 52205 (2023) Kat:2, Licht: 0","52205","2","2","5","10","14","7","","0","1","1","0","0"
"POINT (7.132941316000029 50.884377869000048)","Unfall 52206 (2023) Kat:3, Licht: 0","52206","3","1","0","10","16","7","","0","1","0","0","0"
"POINT (7.032550590000028 50.962924807000036)","Unfall 52299 (2023) Kat:3, Licht: 0","52299","3","6","1","10","11","6","","0","0","1","0","0"
"POINT (7.066120746000024 50.909944993000067)","Unfall 52300 (2023) Kat:3, Licht: 0","52300","3","6","3","10","17","6","","0","0","1","0","0"
"POINT (7.026964251000038 50.961734473000035)","Unfall 52301 (2023) Kat:3, Licht: 0","52301","3","6","2","10","14","6","","0","0","1","0","0"
"POINT (6.917743706000067 51.019389778000061)","Unfall 52302 (2023) Kat:3, Licht: 2","52302","3","2","5","10","21","6","","2","0","1","0","0"
"POINT (6.948774967000077 50.894054522000033)","Unfall 52303 (2023) Kat:3, Licht: 0","52303","3","6","2","10","16","6","","0","0","1","0","1"
"POINT (6.998211216000072 50.937467089000052)","Unfall 52391 (2023) Kat:3, Licht: 0","52391","3","5","0","10","16","5","","0","1","1","0","0"
"POINT (7.078017715000044 50.892092143000070)","Unfall 52392 (2023) Kat:3, Licht: 0","52392","3","3","0","10","08","5","","0","0","0","0","0"
"POINT (7.045587754000053 50.969765827000060)","Unfall 52393 (2023) Kat:3, Licht: 0","52393","3","3","5","10","16","5","","0","0","1","0","0"
"POINT (6.971995730000060 50.939490976000059)","Unfall 52394 (2023) Kat:3, Licht: 2","52394","3","3","5","10","20","5","","2","1","1","0","0"
"POINT (6.877739139000028 51.022657462000041)","Unfall 52395 (2023) Kat:3, Licht: 0","52395","3","1","0","10","11","5","","0","1","0","0","0"
"POINT (6.868022345000043 50.917078471000082)","Unfall 52460 (2023) Kat:3, Licht: 1","52460","3","6","2","10","07","4","","1","0","1","0","0"
"POINT (6.848858773000075 50.931564029000072)","Unfall 52461 (2023) Kat:2, Licht: 0","52461","2","7","9","10","08","4","","0","0","1","0","0"
"POINT (7.060722023000039 50.906499471000075)","Unfall 52464 (2023) Kat:3, Licht: 0","52464","3","6","3","10","17","4","","0","0","1","0","0"
"POINT (6.913304537000045 51.004067333000080)","Unfall 52465 (2023) Kat:3, Licht: 0","52465","3","6","2","10","14","4","","0","0","1","0","0"
"POINT (6.920234288000074 50.953805004000060)","Unfall 52466 (2023) Kat:3, Licht: 1","52466","3","2","4","10","19","4","","1","0","1","0","0"
"POINT (6.851042424000070 50.969576694000068)","Unfall 52467 (2023) Kat:3, Licht: 0","52467","3","2","5","10","18","4","","0","0","1","0","0"
"POINT (6.947274248000042 50.930302420000032)","Unfall 52468 (2023) Kat:3, Licht: 0","52468","3","6","1","10","11","4","","0","0","1","0","0"
"POINT (7.038327775000027 50.932684356000038)","Unfall 52544 (2023) Kat:3, Licht: 1","52544","3","7","0","10","18","3","","1","1","0","0","0"
"POINT (6.947281071000020 50.930303120000076)","Unfall 52545 (2023) Kat:3, Licht: 2","52545","3","6","2","10","19","3","","2","0","1","0","0"
"POINT (6.996988934000058 50.904935454000054)","Unfall 52589 (2023) Kat:3, Licht: 1","52589","3","6","3","10","07","2","","1","0","1","0","1"
"POINT (7.039967766000075 50.930776949000062)","Unfall 52591 (2023) Kat:3, Licht: 0","52591","3","3","5","10","15","2","","0","1","1","0","0"
"POINT (6.847555014000022 50.938014895000038)","Unfall 52592 (2023) Kat:3, Licht: 2","52592","3","1","9","10","06","2","","2","0","1","0","0"
"POINT (7.062953155000059 50.905170914000053)","Unfall 52671 (2023) Kat:3, Licht: 0","52671","3","2","5","10","09","1","","0","0","1","0","0"
"POINT (6.985418531000050 50.947474918000069)","Unfall 52672 (2023) Kat:3, Licht: 0","52672","3","6","2","10","12","1","","0","0","1","0","0"
"POINT (6.924450406000062 50.936551174000044)","Unfall 52673 (2023) Kat:3, Licht: 2","52673","3","3","5","10","19","1","","2","1","1","0","0"
"POINT (6.912856427000065 50.944959394000080)","Unfall 52674 (2023) Kat:3, Licht: 0","52674","3","5","3","10","15","1","","0","1","1","0","0"
"POINT (6.930841049000037 50.918742395000038)","Unfall 52675 (2023) Kat:3, Licht: 0","52675","3","7","6","10","08","1","","0","0","1","1","0"
"POINT (6.960330520000070 50.935870578000049)","Unfall 52676 (2023) Kat:1, Licht: 2","52676","1","4","6","10","00","1","","2","0","1","1","0"
"POINT (6.996941125000035 50.904897207000033)","Unfall 52757 (2023) Kat:3, Licht: 2","52757","3","6","2","09","22","7","","2","0","1","0","0"
"POINT (7.043711307000024 50.939781065000034)","Unfall 52758 (2023) Kat:3, Licht: 0","52758","3","7","8","09","16","7","","0","0","1","0","0"
"POINT (7.090227413000036 50.858100354000044)","Unfall 52761 (2023) Kat:3, Licht: 1","52761","3","4","6","09","19","7","","1","0","1","1","0"
"POINT (7.058058556000049 50.895718613000042)","Unfall 52762 (2023) Kat:3, Licht: 0","52762","3","6","4","09","13","7","","0","0","1","0","0"
"POINT (7.079364691000023 50.904120556000066)","Unfall 52764 (2023) Kat:3, Licht: 0","52764","3","3","5","09","14","7","","0","0","1","0","0"
"POINT (6.924359362000075 50.957622055000058)","Unfall 52765 (2023) Kat:3, Licht: 0","52765","3","6","0","09","13","7","","0","1","1","0","0"
"POINT (6.914020424000057 50.972197182000059)","Unfall 52766 (2023) Kat:3, Licht: 0","52766","3","2","5","09","12","7","","0","0","1","0","0"
"POINT (6.926089049000041 50.931388281000068)","Unfall 52767 (2023) Kat:3, Licht: 0","52767","3","3","5","09","15","7","","0","1","1","0","0"
"POINT (7.019344857000021 50.915456631000040)","Unfall 52854 (2023) Kat:3, Licht: 0","52854","3","6","2","09","15","6","","0","0","1","0","0"
"POINT (6.901499791000049 50.989027312000076)","Unfall 52855 (2023) Kat:3, Licht: 0","52855","3","6","2","09","12","6","","0","0","1","0","0"
"POINT (7.037744810000049 50.910954842000081)","Unfall 52856 (2023) Kat:3, Licht: 0","52856","3","6","2","09","13","6","","0","0","1","0","0"
"POINT (7.062802604000069 50.905252299000040)","Unfall 52857 (2023) Kat:3, Licht: 1","52857","3","1","2","09","07","6","","1","1","1","0","0"
"POINT (7.097497211000075 50.921360329000038)","Unfall 52858 (2023) Kat:3, Licht: 0","52858","3","6","1","09","15","6","","0","0","1","0","0"
"POINT (7.057875373000059 50.944394841000076)","Unfall 52859 (2023) Kat:3, Licht: 0","52859","3","1","0","09","18","6","","0","0","0","0","1"
"POINT (7.040914746000055 50.929693490000034)","Unfall 52860 (2023) Kat:3, Licht: 2","52860","3","3","6","09","06","6","","2","0","1","1","0"
"POINT (6.971582322000074 50.937856671000077)","Unfall 52862 (2023) Kat:3, Licht: 2","52862","3","3","5","09","20","6","","2","0","1","0","0"
"POINT (6.896627313000067 50.937177480000059)","Unfall 52863 (2023) Kat:3, Licht: 0","52863","3","2","8","09","15","6","","0","1","1","0","0"
"POINT (6.856570369000053 50.927887456000065)","Unfall 52864 (2023) Kat:3, Licht: 2","52864","3","5","8","09","20","6","","2","0","1","0","0"
"POINT (6.944044437000059 50.889012362000074)","Unfall 52865 (2023) Kat:2, Licht: 0","52865","2","7","8","09","13","6","","0","0","1","0","0"
"POINT (6.962227575000043 50.878511143000026)","Unfall 52866 (2023) Kat:3, Licht: 0","52866","3","5","1","09","09","6","","0","0","1","0","0"
"POINT (7.014013862000070 50.974933538000073)","Unfall 52912 (2023) Kat:2, Licht: 0","52912","2","1","8","10","13","7","","0","1","0","0","0"
"POINT (6.877128822000032 51.007635018000030)","Unfall 52979 (2023) Kat:3, Licht: 0","52979","3","6","2","09","08","5","","0","0","1","0","0"
"POINT (7.084467993000032 50.950708227000064)","Unfall 52980 (2023) Kat:3, Licht: 0","52980","3","6","2","09","11","5","","0","0","1","0","0"
"POINT (7.013724842000045 51.014979019000066)","Unfall 52981 (2023) Kat:3, Licht: 0","52981","3","6","2","09","13","5","","0","0","1","0","0"
"POINT (7.072528946000034 50.964608932000033)","Unfall 52982 (2023) Kat:3, Licht: 0","52982","3","3","5","09","16","5","","0","0","1","0","0"
"POINT (6.977406844000029 50.958055562000027)","Unfall 52983 (2023) Kat:3, Licht: 0","52983","3","3","5","09","11","5","","0","1","0","0","0"
"POINT (6.902465831000029 50.977515811000046)","Unfall 52984 (2023) Kat:3, Licht: 0","52984","3","3","5","09","16","5","","0","1","1","0","0"
"POINT (6.924214219000021 50.936758150000060)","Unfall 52985 (2023) Kat:3, Licht: 0","52985","3","3","3","09","18","5","","0","1","1","0","0"
"POINT (6.875735350000070 50.945874118000063)","Unfall 52986 (2023) Kat:3, Licht: 0","52986","3","1","0","09","08","5","","0","1","0","0","0"
"POINT (6.892616293000060 50.937275803000034)","Unfall 52987 (2023) Kat:3, Licht: 0","52987","3","6","2","09","08","5","","0","0","1","0","0"
"POINT (6.924180865000039 50.865089643000033)","Unfall 52988 (2023) Kat:2, Licht: 0","52988","2","1","0","09","10","5","","0","1","0","0","0"
"POINT (6.976370509000049 50.906106112000032)","Unfall 52989 (2023) Kat:3, Licht: 0","52989","3","5","1","09","15","5","","0","1","1","0","0"
"POINT (6.937482736000049 50.936489558000062)","Unfall 52990 (2023) Kat:3, Licht: 2","52990","3","2","5","09","20","5","","2","1","1","0","0"
"POINT (6.901541799000029 50.988933657000075)","Unfall 53106 (2023) Kat:3, Licht: 0","53106","3","6","1","09","17","4","","0","0","1","0","0"
"POINT (7.070491598000046 50.978681115000029)","Unfall 53112 (2023) Kat:3, Licht: 0","53112","3","2","5","09","18","4","","0","1","1","0","0"
"POINT (6.978350292000073 50.938708574000032)","Unfall 53113 (2023) Kat:3, Licht: 0","53113","3","3","0","09","09","4","","0","1","0","0","0"
"POINT (6.925429710000060 50.962610532000042)","Unfall 53114 (2023) Kat:2, Licht: 2","53114","2","7","1","09","13","4","","2","0","1","1","0"
"POINT (6.933745339000041 50.935463995000077)","Unfall 53115 (2023) Kat:3, Licht: 0","53115","3","6","3","09","08","4","","0","1","0","0","0"
"POINT (6.966682550000030 50.923464072000058)","Unfall 53116 (2023) Kat:3, Licht: 0","53116","3","3","5","09","18","4","","0","1","1","0","0"
"POINT (6.939492472000040 50.938732652000056)","Unfall 53117 (2023) Kat:3, Licht: 2","53117","3","6","1","09","18","4","","2","0","1","0","0"
"POINT (6.856448608000051 50.922309742000039)","Unfall 53194 (2023) Kat:3, Licht: 0","53194","3","6","3","10","10","6","","0","0","1","0","0"
"POINT (6.879133871000022 51.006117782000047)","Unfall 53224 (2023) Kat:3, Licht: 0","53224","3","6","2","10","17","5","","0","0","1","0","0"
"POINT (7.003799979000064 50.938082893000058)","Unfall 53243 (2023) Kat:3, Licht: 0","53243","3","3","5","09","13","7","","0","0","1","0","1"
"POINT (7.094602414000065 50.880166014000054)","Unfall 53252 (2023) Kat:3, Licht: 0","53252","3","6","3","09","12","3","","0","0","1","0","0"
"POINT (7.039960615000041 50.909997354000041)","Unfall 53254 (2023) Kat:2, Licht: 1","53254","2","7","9","09","18","3","","1","0","1","0","0"
"POINT (7.060813512000038 50.906423383000060)","Unfall 53255 (2023) Kat:3, Licht: 0","53255","3","3","5","09","13","3","","0","1","1","0","0"
"POINT (7.013178645000039 50.972736574000066)","Unfall 53256 (2023) Kat:3, Licht: 0","53256","3","4","6","09","07","3","","0","0","1","1","0"
"POINT (6.947804507000058 50.982429638000042)","Unfall 53257 (2023) Kat:3, Licht: 0","53257","3","4","6","09","15","3","","0","1","0","1","0"
"POINT (6.966958397000042 50.863319987000068)","Unfall 53258 (2023) Kat:2, Licht: 0","53258","2","3","5","09","13","3","","0","0","1","0","1"
"POINT (6.916531365000026 50.930845216000080)","Unfall 53259 (2023) Kat:2, Licht: 0","53259","2","1","0","09","17","3","","0","1","0","0","0"
"POINT (6.998371701000053 50.885111848000065)","Unfall 53260 (2023) Kat:3, Licht: 0","53260","3","3","5","09","08","3","","0","0","1","0","0"
"POINT (6.960307896000074 50.935867038000026)","Unfall 53261 (2023) Kat:3, Licht: 2","53261","3","6","2","09","10","3","","2","0","1","0","1"
"POINT (6.951320155000076 50.935405056000036)","Unfall 53262 (2023) Kat:3, Licht: 0","53262","3","2","3","09","08","3","","0","1","1","0","0"
"POINT (6.947533471000042 50.936403326000061)","Unfall 53263 (2023) Kat:3, Licht: 0","53263","3","7","6","09","16","3","","0","1","0","1","0"
"POINT (7.096158261000028 50.842966549000039)","Unfall 53401 (2023) Kat:3, Licht: 0","53401","3","6","2","09","14","2","","0","0","1","0","0"
"POINT (7.097428690000072 50.948453310000048)","Unfall 53403 (2023) Kat:3, Licht: 0","53403","3","6","2","09","15","2","","0","0","1","0","1"
"POINT (7.066986963000033 50.926078195000059)","Unfall 53405 (2023) Kat:3, Licht: 2","53405","3","1","8","09","05","2","","2","0","1","0","0"
"POINT (6.845005882000066 50.938048743000081)","Unfall 53406 (2023) Kat:3, Licht: 0","53406","3","5","6","09","10","2","","0","0","1","1","0"
"POINT (6.942220180000049 50.904884439000057)","Unfall 53407 (2023) Kat:3, Licht: 0","53407","3","2","5","09","07","2","","0","1","1","0","0"
"POINT (6.952679915000033 50.873859806000041)","Unfall 53408 (2023) Kat:3, Licht: 0","53408","3","6","3","09","15","2","","0","1","1","0","0"
"POINT (6.942693023000061 50.928296999000054)","Unfall 53410 (2023) Kat:3, Licht: 0","53410","3","4","6","09","12","2","","0","1","0","1","0"
"POINT (6.934404120000067 50.933010477000039)","Unfall 53411 (2023) Kat:2, Licht: 1","53411","2","2","4","09","06","2","","1","0","1","0","1"
"POINT (6.958765915000072 50.950133857000026)","Unfall 53412 (2023) Kat:3, Licht: 0","53412","3","1","0","09","07","2","","0","1","0","0","0"
"POINT (6.952593364000052 50.924101757000074)","Unfall 53414 (2023) Kat:3, Licht: 0","53414","3","4","6","09","16","2","","0","1","0","1","0"
"POINT (6.938523672000031 50.936455731000081)","Unfall 53415 (2023) Kat:3, Licht: 0","53415","3","6","3","09","07","2","","0","0","1","0","1"
"POINT (7.079804609000064 50.888851483000053)","Unfall 53531 (2023) Kat:3, Licht: 0","53531","3","2","2","09","16","1","","0","1","1","0","0"
"POINT (7.020438532000071 50.933325402000037)","Unfall 53532 (2023) Kat:3, Licht: 0","53532","3","1","8","09","17","1","","0","0","1","0","0"
"POINT (6.953169220000063 50.935257929000045)","Unfall 53533 (2023) Kat:3, Licht: 0","53533","3","3","5","09","14","1","","0","1","1","0","0"
"POINT (6.942856126000038 50.928550142000063)","Unfall 53534 (2023) Kat:3, Licht: 2","53534","3","4","6","09","22","1","","2","0","1","1","0"
"POINT (6.914910044000067 50.948384170000054)","Unfall 53588 (2023) Kat:3, Licht: 2","53588","3","3","5","09","21","5","","2","0","1","0","0"
"POINT (6.896416047000059 50.994652738000070)","Unfall 53628 (2023) Kat:3, Licht: 0","53628","3","1","9","09","16","7","","0","0","0","0","1"
"POINT (6.969353175000037 50.876816616000042)","Unfall 53648 (2023) Kat:2, Licht: 0","53648","2","6","2","09","15","4","","0","0","1","0","0"
"POINT (7.045905566000044 50.937482006000039)","Unfall 53658 (2023) Kat:3, Licht: 0","53658","3","6","2","09","15","7","","0","0","1","0","0"
"POINT (7.093490371000030 50.929385004000039)","Unfall 53659 (2023) Kat:3, Licht: 2","53659","3","7","8","09","01","7","","2","0","1","0","0"
"POINT (6.996710484000062 50.998561323000047)","Unfall 53660 (2023) Kat:2, Licht: 2","53660","2","6","1","09","20","7","","2","0","1","0","0"
"POINT (6.940287300000023 50.968247619000067)","Unfall 53661 (2023) Kat:3, Licht: 0","53661","3","3","5","09","09","7","","0","0","1","0","0"
"POINT (6.973210987000073 50.956028120000042)","Unfall 53662 (2023) Kat:3, Licht: 0","53662","3","6","2","09","14","7","","0","0","1","0","0"
"POINT (6.957779408000022 50.957661614000074)","Unfall 53663 (2023) Kat:3, Licht: 0","53663","3","3","5","09","15","7","","0","1","1","0","0"
"POINT (6.935562773000072 50.950566591000040)","Unfall 53664 (2023) Kat:3, Licht: 2","53664","3","6","3","09","23","7","","2","0","1","0","0"
"POINT (6.893032438000034 50.937438248000035)","Unfall 53665 (2023) Kat:3, Licht: 0","53665","3","3","5","09","18","7","","0","1","1","0","0"
"POINT (6.915470516000028 50.904240190000053)","Unfall 53667 (2023) Kat:3, Licht: 2","53667","3","2","2","09","20","7","","2","0","1","0","0"
"POINT (6.934694517000025 50.922376302000032)","Unfall 53668 (2023) Kat:3, Licht: 1","53668","3","6","2","09","20","7","","1","0","1","0","0"
"POINT (6.939048780000064 50.935425194000061)","Unfall 53669 (2023) Kat:3, Licht: 0","53669","3","6","3","09","13","7","","0","0","1","0","0"
"POINT (6.964914920000069 50.930379028000061)","Unfall 53670 (2023) Kat:3, Licht: 0","53670","3","6","2","09","14","7","","0","0","1","0","1"
"POINT (7.034218687000021 50.958560399000078)","Unfall 53674 (2023) Kat:3, Licht: 0","53674","3","6","1","09","18","1","","0","0","1","0","0"
"POINT (6.849578236000070 50.949383656000066)","Unfall 53773 (2023) Kat:3, Licht: 2","53773","3","6","2","10","19","6","","2","0","1","0","0"
"POINT (7.059959104000029 50.927810824000062)","Unfall 53778 (2023) Kat:3, Licht: 0","53778","3","7","0","10","14","6","","0","1","0","0","0"
"POINT (6.916590477000057 50.970325825000032)","Unfall 53779 (2023) Kat:3, Licht: 0","53779","3","6","1","10","12","6","","0","0","1","0","0"
"POINT (6.972538821000057 50.892874907000078)","Unfall 53780 (2023) Kat:3, Licht: 0","53780","3","6","2","10","12","6","","0","0","1","0","0"
"POINT (6.955224712000074 51.031079124000030)","Unfall 53888 (2023) Kat:3, Licht: 0","53888","3","6","2","10","15","5","","0","0","1","0","0"
"POINT (7.069927296000060 50.905744112000036)","Unfall 53890 (2023) Kat:3, Licht: 0","53890","3","6","3","10","14","5","","0","0","1","0","0"
"POINT (6.999903633000031 50.937673781000058)","Unfall 53891 (2023) Kat:3, Licht: 0","53891","3","1","0","10","11","5","","0","0","0","0","0"
"POINT (6.994335755000066 50.949638518000029)","Unfall 53892 (2023) Kat:3, Licht: 0","53892","3","1","0","10","15","5","","0","1","0","0","0"
"POINT (6.946628778000047 50.935705930000040)","Unfall 53893 (2023) Kat:3, Licht: 0","53893","3","5","1","10","13","5","","0","1","1","0","0"
"POINT (6.977618560000053 50.953244553000047)","Unfall 53939 (2023) Kat:3, Licht: 0","53939","3","6","2","10","07","6","","0","0","0","0","0"
"POINT (7.034508892000076 50.854854703000058)","Unfall 53960 (2023) Kat:2, Licht: 2","53960","2","6","2","10","05","6","","2","1","1","0","0"
"POINT (6.968703559000062 50.884754875000056)","Unfall 53981 (2023) Kat:3, Licht: 0","53981","3","6","2","10","15","4","","0","0","1","0","0"
"POINT (7.050095919000057 50.971371903000033)","Unfall 53984 (2023) Kat:3, Licht: 2","53984","3","4","6","10","18","4","","2","0","0","1","1"
"POINT (6.901436401000069 50.993744588000027)","Unfall 53985 (2023) Kat:3, Licht: 2","53985","3","3","5","10","05","4","","2","0","1","0","0"
"POINT (6.924953661000075 50.933585022000045)","Unfall 53986 (2023) Kat:2, Licht: 0","53986","2","2","5","10","16","4","","0","1","1","0","0"
"POINT (6.897989657000039 50.999607494000031)","Unfall 54075 (2023) Kat:3, Licht: 0","54075","3","6","2","10","17","3","","0","0","1","0","0"
"POINT (7.005970853000065 50.964645394000058)","Unfall 54079 (2023) Kat:3, Licht: 1","54079","3","7","1","10","17","3","","1","0","1","0","1"
"POINT (6.947949112000060 50.954810699000063)","Unfall 54080 (2023) Kat:3, Licht: 0","54080","3","2","5","10","17","3","","0","1","1","0","0"
"POINT (6.922117574000026 50.936580024000079)","Unfall 54081 (2023) Kat:3, Licht: 2","54081","3","3","0","10","21","3","","2","1","1","0","0"
"POINT (6.897577010000020 50.937156432000052)","Unfall 54082 (2023) Kat:3, Licht: 0","54082","3","6","2","10","19","3","","0","0","1","0","0"
"POINT (6.914862474000074 50.930193303000067)","Unfall 54083 (2023) Kat:3, Licht: 0","54083","3","2","5","10","11","3","","0","1","1","0","0"
"POINT (6.969506196000054 50.904164532000038)","Unfall 54084 (2023) Kat:3, Licht: 0","54084","3","7","0","10","14","3","","0","1","0","0","0"
"POINT (7.014688069000044 51.008698580000043)","Unfall 54158 (2023) Kat:3, Licht: 2","54158","3","6","2","10","18","3","","2","0","1","0","0"
"POINT (6.868028981000066 50.917075478000072)","Unfall 54201 (2023) Kat:2, Licht: 2","54201","2","6","2","10","06","2","","2","0","1","0","0"
"POINT (7.005369475000066 50.938340744000072)","Unfall 54204 (2023) Kat:3, Licht: 0","54204","3","5","3","10","15","2","","0","1","1","0","0"
"POINT (7.047609043000023 50.942442197000048)","Unfall 54205 (2023) Kat:3, Licht: 0","54205","3","2","0","10","16","2","","0","1","0","0","0"
"POINT (6.938554872000054 50.994788125000071)","Unfall 54207 (2023) Kat:3, Licht: 2","54207","3","5","1","10","19","2","","2","0","1","0","0"
"POINT (6.927394953000032 50.915809819000060)","Unfall 54208 (2023) Kat:3, Licht: 1","54208","3","6","3","10","07","2","","1","1","0","0","0"
"POINT (6.927586735000034 50.895837602000029)","Unfall 54209 (2023) Kat:3, Licht: 2","54209","3","2","6","10","18","2","","2","0","1","1","0"
"POINT (6.865898376000075 50.918244875000028)","Unfall 54308 (2023) Kat:3, Licht: 0","54308","3","1","8","10","13","1","","0","0","1","0","0"
"POINT (6.857769663000056 50.932323186000076)","Unfall 54311 (2023) Kat:3, Licht: 2","54311","3","1","0","10","03","1","","2","1","0","0","0"
"POINT (6.973007227000039 50.912269127000059)","Unfall 54312 (2023) Kat:3, Licht: 0","54312","3","1","0","10","14","1","","0","0","0","0","1"
"POINT (6.945872025000028 50.935763326000028)","Unfall 54313 (2023) Kat:2, Licht: 2","54313","2","7","0","10","20","1","","2","1","0","0","0"
"POINT (7.085850925000045 50.885747577000075)","Unfall 54370 (2023) Kat:3, Licht: 2","54370","3","6","1","10","22","7","","2","0","1","0","0"
"POINT (7.060327535000056 50.902853968000045)","Unfall 54371 (2023) Kat:3, Licht: 0","54371","3","5","1","10","14","7","","0","0","1","0","0"
"POINT (7.012870890000045 50.962966302000041)","Unfall 54372 (2023) Kat:3, Licht: 0","54372","3","4","6","10","15","7","","0","0","1","1","0"
"POINT (6.925801198000045 50.936739704000047)","Unfall 54373 (2023) Kat:3, Licht: 2","54373","3","4","6","10","03","7","","2","0","1","1","0"
"POINT (6.852332378000028 50.919408126000064)","Unfall 54374 (2023) Kat:2, Licht: 0","54374","2","4","6","10","15","7","","0","0","1","1","0"
"POINT (6.967649070000050 50.892866660000038)","Unfall 54375 (2023) Kat:3, Licht: 2","54375","3","6","3","10","01","7","","2","0","1","0","0"
"POINT (6.962496365000050 50.943062173000044)","Unfall 54377 (2023) Kat:3, Licht: 0","54377","3","3","5","10","14","7","","0","0","1","0","0"
"POINT (6.929667251000069 50.925684093000029)","Unfall 54443 (2023) Kat:3, Licht: 2","54443","3","1","0","10","04","7","","2","0","0","0","0"
"POINT (7.030881919000024 50.968651006000073)","Unfall 54477 (2023) Kat:3, Licht: 2","54477","3","1","0","10","21","1","","2","0","0","0","1"
"POINT (7.100883352000039 50.899822282000059)","Unfall 54490 (2023) Kat:3, Licht: 1","54490","3","3","5","10","08","6","","1","0","1","0","0"
"POINT (7.077100238000071 50.923589205000042)","Unfall 54491 (2023) Kat:3, Licht: 1","54491","3","4","6","10","07","6","","1","0","1","1","0"
"POINT (7.025875646000031 50.950353952000057)","Unfall 54492 (2023) Kat:3, Licht: 0","54492","3","6","2","10","08","6","","0","0","1","0","0"
"POINT (7.047604021000041 50.868751358000054)","Unfall 54493 (2023) Kat:3, Licht: 0","54493","3","4","6","10","11","6","","0","0","1","1","0"
"POINT (6.889896314000055 51.024756727000067)","Unfall 54494 (2023) Kat:3, Licht: 0","54494","3","6","2","10","13","6","","0","0","0","0","1"
"POINT (6.882537532000072 51.033387008000034)","Unfall 54495 (2023) Kat:3, Licht: 0","54495","3","1","4","10","12","6","","0","0","1","0","0"
"POINT (6.924538226000038 50.936576880000075)","Unfall 54496 (2023) Kat:3, Licht: 0","54496","3","6","0","10","09","6","","0","0","1","0","1"
"POINT (6.895708530000036 50.914687900000047)","Unfall 54497 (2023) Kat:3, Licht: 0","54497","3","2","5","10","08","6","","0","0","1","0","0"
"POINT (6.891874854000037 50.997280028000034)","Unfall 54632 (2023) Kat:2, Licht: 2","54632","2","1","8","10","00","5","","2","0","1","0","0"
"POINT (6.851299570000037 50.978183170000079)","Unfall 54633 (2023) Kat:3, Licht: 0","54633","3","7","2","10","12","5","","0","0","1","0","0"
"POINT (6.969440065000072 50.875988857000038)","Unfall 54634 (2023) Kat:3, Licht: 0","54634","3","6","2","10","13","5","","0","0","1","0","0"
"POINT (7.017549783000050 50.921584546000076)","Unfall 54639 (2023) Kat:2, Licht: 2","54639","2","1","9","10","20","5","","2","0","1","0","0"
"POINT (7.077925647000029 50.893692499000053)","Unfall 54641 (2023) Kat:3, Licht: 0","54641","3","7","5","10","17","5","","0","1","1","0","0"
"POINT (7.047493714000041 50.992806015000042)","Unfall 54642 (2023) Kat:3, Licht: 2","54642","3","2","4","10","06","5","","2","0","1","0","0"
"POINT (6.950865606000036 50.973504455000068)","Unfall 54643 (2023) Kat:3, Licht: 0","54643","3","2","5","10","08","5","","0","1","1","0","0"
"POINT (6.918924571000048 50.952273739000077)","Unfall 54644 (2023) Kat:3, Licht: 0","54644","3","4","6","10","08","5","","0","0","1","1","0"
"POINT (6.893242978000046 50.937433521000059)","Unfall 54645 (2023) Kat:3, Licht: 0","54645","3","7","0","10","21","5","","0","1","0","0","0"
"POINT (6.917997170000035 50.951468799000054)","Unfall 54646 (2023) Kat:3, Licht: 2","54646","3","3","5","10","07","5","","2","0","1","0","0"