WKT,Name,OBJECTID,UKATEGORIE,UTYP1,UART,UMONAT,USTUNDE,UWOCHENTAG,STRZUSTAND,ULICHTVERH,ISTRAD,ISTPKW,ISTFUSS,ISTKRAD
"POINT (6.931806063000067 50.863147441000081)","Unfall 54647 (2023) Kat:3, Licht: 2","54647","3","1","0","10","07","5","","2","1","0","0","0"
"POINT (7.095506495000052 50.840418647000035)","Unfall 54757 (2023) Kat:2, Licht: 0","54757","2","6","2","10","17","4","","0","0","1","0","0"
"POINT (7.087311056000033 50.896158372000059)","Unfall 54758 (2023) Kat:3, Licht: 0","54758","3","6","2","10","08","4","","0","0","1","0","0"
"POINT (7.025777063000021 50.940238888000067)","Unfall 54759 (2023) Kat:3, Licht: 2","54759","3","3","4","10","18","4","","2","1","1","0","0"
"POINT (6.944321483000067 50.988512735000029)","Unfall 54761 (2023) Kat:3, Licht: 2","54761","3","1","0","10","00","4","","2","1","0","0","0"
"POINT (6.904807846000040 50.977124464000042)","Unfall 54762 (2023) Kat:3, Licht: 0","54762","3","7","0","10","10","4","","0","0","0","0","0"
"POINT (6.980589406000036 50.898082454000075)","Unfall 54763 (2023) Kat:3, Licht: 0","54763","3","6","1","10","14","4","","0","0","1","0","0"
"POINT (6.925569518000032 50.914076437000062)","Unfall 54764 (2023) Kat:3, Licht: 2","54764","3","1","9","10","23","4","","2","0","1","0","0"
"POINT (6.946451893000074 50.891809378000062)","Unfall 54811 (2023) Kat:3, Licht: 2","54811","3","6","4","10","22","4","","2","1","0","0","0"
"POINT (6.861464895000040 50.987486905000026)","Unfall 54863 (2023) Kat:2, Licht: 0","54863","2","6","2","10","15","3","","0","0","1","0","0"
"POINT (6.986191419000022 50.929434164000043)","Unfall 54865 (2023) Kat:3, Licht: 2","54865","3","6","2","10","06","3","","2","0","1","0","0"
"POINT (7.083342945000027 50.872107693000032)","Unfall 54866 (2023) Kat:3, Licht: 0","54866","3","2","6","10","16","3","","0","0","1","1","0"
"POINT (7.001206236000030 50.957077170000048)","Unfall 54867 (2023) Kat:3, Licht: 0","54867","3","6","0","10","16","3","","0","1","0","0","0"
"POINT (6.954929967000055 51.000825668000061)","Unfall 54868 (2023) Kat:3, Licht: 0","54868","3","1","0","10","16","3","","0","0","0","0","0"
"POINT (6.851710654000044 51.048149176000038)","Unfall 54869 (2023) Kat:3, Licht: 0","54869","3","5","5","10","15","3","","0","0","1","0","0"
"POINT (6.915008039000043 50.920322210000052)","Unfall 54872 (2023) Kat:2, Licht: 0","54872","2","1","0","10","16","3","","0","1","0","0","0"
"POINT (7.077016895000042 50.919043444000067)","Unfall 54873 (2023) Kat:3, Licht: 2","54873","3","7","3","10","18","5","","2","0","1","0","0"
"POINT (6.982324436000056 50.888849905000029)","Unfall 54874 (2023) Kat:3, Licht: 0","54874","3","6","2","10","18","3","","0","0","1","0","0"
"POINT (6.962990821000062 50.927703926000049)","Unfall 54875 (2023) Kat:3, Licht: 0","54875","3","5","1","10","14","3","","0","0","1","0","0"
"POINT (6.876176277000070 51.008353982000074)","Unfall 55004 (2023) Kat:3, Licht: 1","55004","3","6","2","10","07","2","","1","0","1","0","0"
"POINT (7.013121706000049 51.017641469000068)","Unfall 55007 (2023) Kat:3, Licht: 0","55007","3","6","2","10","14","2","","0","0","1","0","0"
"POINT (7.018822318000048 50.949505812000041)","Unfall 55010 (2023) Kat:3, Licht: 0","55010","3","3","5","10","12","2","","0","0","1","0","0"
"POINT (6.982225262000043 50.962598201000048)","Unfall 55011 (2023) Kat:3, Licht: 1","55011","3","4","6","10","07","2","","1","0","1","1","0"
"POINT (6.918725388000041 51.018212654000081)","Unfall 55012 (2023) Kat:1, Licht: 2","55012","1","4","6","10","21","2","","2","0","1","1","0"
"POINT (6.870490431000064 51.004517141000065)","Unfall 55013 (2023) Kat:3, Licht: 1","55013","3","6","1","10","07","2","","1","0","1","0","0"
"POINT (6.883659013000056 50.937776468000038)","Unfall 55015 (2023) Kat:3, Licht: 2","55015","3","2","5","10","19","2","","2","1","1","0","0"
"POINT (6.958585269000025 50.876262627000074)","Unfall 55017 (2023) Kat:3, Licht: 0","55017","3","1","0","10","16","2","","0","0","0","0","0"
"POINT (6.924808025000061 50.933326593000061)","Unfall 55018 (2023) Kat:3, Licht: 0","55018","3","1","0","10","13","2","","0","0","0","0","1"
"POINT (7.030025193000029 50.969163088000073)","Unfall 55104 (2023) Kat:3, Licht: 0","55104","3","1","0","10","12","1","","0","0","0","0","1"
"POINT (7.099204034000024 50.919920329000036)","Unfall 55107 (2023) Kat:3, Licht: 0","55107","3","3","5","10","14","1","","0","0","1","0","0"
"POINT (6.920211678000044 50.953781380000066)","Unfall 55108 (2023) Kat:3, Licht: 1","55108","3","6","4","10","17","1","","1","0","1","0","1"
"POINT (6.930579796000075 50.924616408000077)","Unfall 55109 (2023) Kat:3, Licht: 1","55109","3","1","0","10","18","1","","1","0","0","0","1"
"POINT (7.085174817000052 50.950813705000030)","Unfall 55175 (2023) Kat:2, Licht: 0","55175","2","1","0","10","11","7","","0","0","0","0","1"
"POINT (7.087380489000054 50.881504128000074)","Unfall 55177 (2023) Kat:3, Licht: 2","55177","3","2","6","10","19","7","","2","0","1","1","0"
"POINT (7.022826632000033 50.946349676000068)","Unfall 55179 (2023) Kat:3, Licht: 0","55179","3","3","5","10","17","7","","0","1","1","0","0"
"POINT (7.043521921000035 50.941589550000060)","Unfall 55180 (2023) Kat:3, Licht: 0","55180","3","3","5","10","11","7","","0","1","0","0","0"
"POINT (7.005955857000060 50.938434689000076)","Unfall 55181 (2023) Kat:3, Licht: 1","55181","3","7","0","10","19","7","","1","1","1","0","0"
"POINT (7.005578297000056 50.961678980000045)","Unfall 55182 (2023) Kat:3, Licht: 0","55182","3","1","0","10","18","7","","0","0","0","0","0"
"POINT (6.956648847000054 50.955277274000082)","Unfall 55183 (2023) Kat:3, Licht: 2","55183","3","1","0","10","22","7","","2","1","0","0","0"
"POINT (6.940583087000050 50.931195850000051)","Unfall 55184 (2023) Kat:3, Licht: 0","55184","3","5","3","10","12","7","","0","1","1","0","0"
"POINT (6.896839556000032 50.994280798000034)","Unfall 55286 (2023) Kat:3, Licht: 0","55286","3","7","0","10","10","6","","0","0","0","0","1"
"POINT (7.063785668000037 50.942883663000032)","Unfall 55287 (2023) Kat:3, Licht: 2","55287","3","6","1","10","21","6","","2","0","1","0","0"
"POINT (6.949231239000028 50.977499561000059)","Unfall 55288 (2023) Kat:3, Licht: 2","55288","3","1","8","10","23","6","","2","1","0","0","0"
"POINT (6.945974197000055 50.926429979000034)","Unfall 55289 (2023) Kat:3, Licht: 0","55289","3","7","6","10","11","6","","0","0","0","1","0"
"POINT (6.998230075000038 50.993935756000042)","Unfall 55290 (2023) Kat:3, Licht: 2","55290","3","1","0","10","05","6","","2","1","0","0","0"
"POINT (7.019953390000069 50.940246789000071)","Unfall 55421 (2023) Kat:2, Licht: 1","55421","2","1","8","10","18","5","","1","0","1","0","0"
"POINT (7.082351078000045 50.881542812000077)","Unfall 55423 (2023) Kat:3, Licht: 2","55423","3","4","6","10","21","5","","2","0","1","1","0"
"POINT (7.010819485000070 50.939320149000082)","Unfall 55425 (2023) Kat:3, Licht: 1","55425","3","7","1","10","17","5","","1","0","1","0","0"
"POINT (6.971155337000027 50.932425574000035)","Unfall 55426 (2023) Kat:3, Licht: 1","55426","3","3","5","10","20","5","","1","1","1","0","0"
"POINT (6.956767809000041 50.903829446000032)","Unfall 55427 (2023) Kat:3, Licht: 0","55427","3","1","2","10","16","5","","0","0","1","0","1"
"POINT (6.952607065000052 50.924095769000076)","Unfall 55428 (2023) Kat:3, Licht: 0","55428","3","6","3","10","15","5","","0","1","1","0","0"
"POINT (6.961055158000022 50.950057236000077)","Unfall 55429 (2023) Kat:3, Licht: 1","55429","3","6","2","10","07","5","","1","0","1","0","0"
"POINT (7.096513855000069 50.862246321000043)","Unfall 55574 (2023) Kat:3, Licht: 0","55574","3","6","2","10","13","4","","0","0","1","0","1"
"POINT (6.950865606000036 50.973504455000068)","Unfall 55575 (2023) Kat:3, Licht: 0","55575","3","3","5","10","14","4","","0","0","0","0","1"
"POINT (6.924268644000051 50.936757768000064)","Unfall 55577 (2023) Kat:3, Licht: 0","55577","3","3","0","10","13","4","","0","0","1","0","0"
"POINT (6.979082211000048 50.849215054000069)","Unfall 55578 (2023) Kat:3, Licht: 0","55578","3","2","1","10","13","4","","0","1","1","0","0"
"POINT (6.951579714000047 50.948875032000046)","Unfall 55580 (2023) Kat:3, Licht: 2","55580","3","7","0","10","23","4","","2","0","0","0","0"
"POINT (6.933630302000040 50.935466701000053)","Unfall 55581 (2023) Kat:3, Licht: 1","55581","3","6","0","10","18","4","","1","0","1","0","1"
"POINT (7.038144990000035 50.897295040000074)","Unfall 55599 (2023) Kat:3, Licht: 0","55599","3","6","2","10","18","5","","0","0","1","0","0"
"POINT (6.875923992000025 50.924172836000082)","Unfall 55714 (2023) Kat:3, Licht: 2","55714","3","2","5","10","05","4","","2","1","1","0","0"
"POINT (7.030493533000026 50.913562898000066)","Unfall 55716 (2023) Kat:3, Licht: 0","55716","3","6","0","10","13","3","","0","0","1","0","0"
"POINT (7.057744825000043 50.894746358000077)","Unfall 55722 (2023) Kat:3, Licht: 0","55722","3","6","2","10","14","3","","0","0","1","0","0"
"POINT (7.076185081000062 50.945105409000064)","Unfall 55723 (2023) Kat:3, Licht: 0","55723","3","6","2","10","17","3","","0","0","1","0","0"
"POINT (7.018363130000068 50.940193515000033)","Unfall 55724 (2023) Kat:3, Licht: 0","55724","3","7","6","10","13","3","","0","0","0","1","0"
"POINT (6.974941250000029 50.928461755000058)","Unfall 55725 (2023) Kat:3, Licht: 0","55725","3","2","5","10","14","3","","0","1","1","0","0"
"POINT (6.971210685000074 50.936099196000043)","Unfall 55726 (2023) Kat:3, Licht: 0","55726","3","1","0","10","09","3","","0","0","0","0","0"
"POINT (6.943490491000034 50.989676699000029)","Unfall 55727 (2023) Kat:3, Licht: 2","55727","3","3","5","10","20","3","","2","1","1","0","0"
"POINT (6.934672051000064 50.949953468000047)","Unfall 55728 (2023) Kat:3, Licht: 0","55728","3","6","3","10","08","3","","0","0","1","0","1"
"POINT (6.924539096000046 50.936549765000052)","Unfall 55729 (2023) Kat:3, Licht: 0","55729","3","1","7","10","14","3","","0","1","0","0","0"
"POINT (6.936848417000022 50.880183998000064)","Unfall 55730 (2023) Kat:3, Licht: 0","55730","3","5","1","10","11","3","","0","0","1","0","0"
"POINT (6.978848985000070 50.893391156000064)","Unfall 55740 (2023) Kat:3, Licht: 0","55740","3","3","5","10","15","5","","0","1","1","0","0"
"POINT (7.077911149000045 50.893652294000049)","Unfall 55789 (2023) Kat:3, Licht: 0","55789","3","3","5","10","17","1","","0","0","1","0","0"
"POINT (6.934386580000023 50.922472717000062)","Unfall 55798 (2023) Kat:3, Licht: 0","55798","3","2","5","10","15","4","","0","1","1","0","0"
"POINT (7.018720791000021 50.940205414000047)","Unfall 55839 (2023) Kat:3, Licht: 2","55839","3","2","5","10","19","5","","2","1","0","0","0"
"POINT (6.850442677000046 50.975006551000035)","Unfall 55868 (2023) Kat:3, Licht: 1","55868","3","6","3","10","06","2","","1","0","1","0","0"
"POINT (7.013466855000047 50.999803951000047)","Unfall 55872 (2023) Kat:3, Licht: 0","55872","3","6","2","10","12","2","","0","0","1","0","0"
"POINT (7.080319950000046 50.854755784000076)","Unfall 55874 (2023) Kat:3, Licht: 2","55874","3","1","8","10","00","2","","2","0","1","0","0"
"POINT (6.847220474000039 50.918431677000058)","Unfall 55875 (2023) Kat:3, Licht: 0","55875","3","1","0","10","08","2","","0","1","0","0","0"
"POINT (6.859020736000048 50.975615201000039)","Unfall 55877 (2023) Kat:3, Licht: 0","55877","3","1","0","10","15","2","","0","0","1","0","0"
"POINT (6.963361497000051 50.950834337000060)","Unfall 55878 (2023) Kat:3, Licht: 0","55878","3","3","5","10","10","2","","0","1","1","0","0"
"POINT (6.966182192000076 50.949902756000029)","Unfall 55879 (2023) Kat:3, Licht: 0","55879","3","3","0","10","08","2","","0","0","1","0","0"
"POINT (7.042355903000043 50.941322636000052)","Unfall 55890 (2023) Kat:3, Licht: 0","55890","3","6","2","11","07","5","","0","0","1","0","0"
"POINT (7.018949835000058 50.933452791000036)","Unfall 55892 (2023) Kat:3, Licht: 1","55892","3","4","6","11","07","5","","1","0","0","1","1"
"POINT (7.056667086000061 50.974804169000038)","Unfall 55893 (2023) Kat:3, Licht: 2","55893","3","2","5","11","17","5","","2","0","1","0","1"
"POINT (6.981442159000039 50.937202068000033)","Unfall 55894 (2023) Kat:3, Licht: 2","55894","3","3","5","11","04","5","","2","0","1","0","0"
"POINT (6.921515005000060 51.016101233000029)","Unfall 55895 (2023) Kat:3, Licht: 0","55895","3","3","0","11","14","5","","0","1","1","0","0"
"POINT (6.919228962000034 50.931738315000075)","Unfall 55896 (2023) Kat:2, Licht: 0","55896","2","1","0","11","14","5","","0","1","0","0","0"
"POINT (6.946977040000036 50.947097657000029)","Unfall 55897 (2023) Kat:3, Licht: 2","55897","3","5","1","11","19","5","","2","1","1","0","0"
"POINT (7.066689123000060 50.977314523000075)","Unfall 55976 (2023) Kat:3, Licht: 1","55976","3","2","5","11","16","5","","1","1","1","0","0"
"POINT (7.032888144000026 50.962050675000057)","Unfall 55977 (2023) Kat:3, Licht: 0","55977","3","6","2","11","08","4","","0","0","1","0","0"
"POINT (7.045936382000036 50.937452335000046)","Unfall 55978 (2023) Kat:3, Licht: 2","55978","3","6","2","11","19","4","","2","0","1","0","0"
"POINT (7.077924518000032 50.893689369000072)","Unfall 55980 (2023) Kat:2, Licht: 2","55980","2","2","6","11","18","4","","2","0","1","1","0"
"POINT (6.830656297000075 50.945614020000050)","Unfall 55981 (2023) Kat:2, Licht: 0","55981","2","2","4","11","11","4","","0","0","1","0","0"
"POINT (6.922109386000045 50.910748197000032)","Unfall 55982 (2023) Kat:3, Licht: 0","55982","3","6","3","11","15","4","","0","0","1","0","0"
"POINT (6.955059065000057 50.949805882000078)","Unfall 55983 (2023) Kat:3, Licht: 0","55983","3","2","0","11","13","4","","0","1","0","0","0"
"POINT (6.940507788000048 50.885565511000038)","Unfall 56078 (2023) Kat:3, Licht: 0","56078","3","6","2","11","09","3","","0","0","1","0","0"
"POINT (6.969449801000053 50.873148205000064)","Unfall 56079 (2023) Kat:3, Licht: 0","56079","3","6","2","11","10","3","","0","0","1","0","0"
"POINT (6.849826466000025 50.977617664000036)","Unfall 56080 (2023) Kat:3, Licht: 0","56080","3","6","2","11","15","3","","0","0","1","0","0"
"POINT (6.978825310000047 50.939677165000035)","Unfall 56081 (2023) Kat:3, Licht: 1","56081","3","6","2","11","06","3","","1","0","1","0","1"
"POINT (7.006245735000050 50.964572252000039)","Unfall 56082 (2023) Kat:3, Licht: 1","56082","3","7","0","11","17","3","","1","1","0","0","0"
"POINT (6.931715658000030 50.935488365000026)","Unfall 56083 (2023) Kat:3, Licht: 0","56083","3","1","0","11","08","3","","0","0","0","0","0"
"POINT (6.947034652000070 50.935675141000047)","Unfall 56084 (2023) Kat:2, Licht: 0","56084","2","4","6","11","14","3","","0","1","0","1","0"
"POINT (6.939761037000039 51.022379212000033)","Unfall 56187 (2023) Kat:3, Licht: 1","56187","3","1","0","11","15","2","","1","0","1","0","0"
"POINT (7.032202007000024 50.964688525000042)","Unfall 56190 (2023) Kat:2, Licht: 2","56190","2","6","2","11","19","2","","2","0","1","0","0"
"POINT (7.090227413000036 50.858100354000044)","Unfall 56192 (2023) Kat:3, Licht: 0","56192","3","2","5","11","13","2","","0","1","1","0","0"
"POINT (7.018849052000064 50.949486424000042)","Unfall 56193 (2023) Kat:3, Licht: 0","56193","3","4","0","11","15","2","","0","0","1","1","0"
"POINT (6.852290625000023 50.977465197000072)","Unfall 56194 (2023) Kat:3, Licht: 0","56194","3","6","2","11","12","2","","0","0","1","0","0"
"POINT (7.005389965000063 50.963832626000055)","Unfall 56195 (2023) Kat:3, Licht: 0","56195","3","2","0","11","08","2","","0","0","1","0","0"
"POINT (7.002431072000036 50.979833787000075)","Unfall 56276 (2023) Kat:3, Licht: 0","56276","3","6","2","11","11","1","","0","0","1","0","0"
"POINT (6.885682672000030 51.030056676000072)","Unfall 56277 (2023) Kat:3, Licht: 0","56277","3","6","2","11","12","1","","0","0","1","0","0"
"POINT (6.953164545000050 50.935258787000066)","Unfall 56278 (2023) Kat:3, Licht: 2","56278","3","2","5","11","00","1","","2","0","1","0","0"
"POINT (6.963219305000052 50.935018501000059)","Unfall 56279 (2023) Kat:3, Licht: 0","56279","3","6","2","11","13","1","","0","0","1","0","0"
"POINT (7.056525911000051 50.927578096000047)","Unfall 56348 (2023) Kat:3, Licht: 2","56348","3","6","2","11","18","7","","2","0","1","0","0"
"POINT (7.037580684000034 50.911017615000048)","Unfall 56349 (2023) Kat:3, Licht: 0","56349","3","6","2","11","13","7","","0","0","1","0","0"
"POINT (7.032996159000049 50.967082773000072)","Unfall 56350 (2023) Kat:3, Licht: 2","56350","3","2","5","11","19","7","","2","1","1","0","0"
"POINT (7.005840648000060 50.964793374000067)","Unfall 56351 (2023) Kat:3, Licht: 2","56351","3","6","3","11","17","7","","2","0","1","0","1"
"POINT (6.904553817000021 50.926590739000062)","Unfall 56352 (2023) Kat:3, Licht: 2","56352","3","7","5","11","21","7","","2","0","1","0","0"
"POINT (6.939353909000033 50.938285415000053)","Unfall 56353 (2023) Kat:3, Licht: 2","56353","3","7","7","11","19","7","","2","1","0","0","0"
"POINT (7.084950976000073 50.881304857000032)","Unfall 56354 (2023) Kat:2, Licht: 0","56354","2","7","4","11","13","7","","0","0","1","0","0"
"POINT (7.067344782000021 50.882239866000077)","Unfall 56427 (2023) Kat:3, Licht: 0","56427","3","4","6","11","08","6","","0","0","1","1","0"
"POINT (6.972556060000045 50.930483364000054)","Unfall 56428 (2023) Kat:3, Licht: 0","56428","3","7","6","11","15","6","","0","0","1","0","0"
"POINT (6.972528634000071 50.930517729000030)","Unfall 56429 (2023) Kat:3, Licht: 0","56429","3","7","6","11","14","6","","0","0","1","0","0"
"POINT (6.966536394000059 50.903972897000074)","Unfall 56430 (2023) Kat:3, Licht: 1","56430","3","2","5","11","16","6","","1","1","1","0","0"
"POINT (6.930934496000020 50.924034505000066)","Unfall 56431 (2023) Kat:3, Licht: 0","56431","3","6","2","11","11","6","","0","0","1","0","0"
"POINT (6.988305451000031 50.898069630000066)","Unfall 56432 (2023) Kat:3, Licht: 0","56432","3","1","0","11","16","6","","0","0","0","0","0"
"POINT (6.940233922000061 50.941754397000068)","Unfall 56433 (2023) Kat:3, Licht: 2","56433","3","7","3","11","20","6","","2","1","1","0","0"
"POINT (6.964387007000028 50.848130364000042)","Unfall 56456 (2023) Kat:3, Licht: 0","56456","3","6","3","11","15","7","","0","0","1","0","0"
"POINT (6.984105963000047 50.894141950000062)","Unfall 56526 (2023) Kat:3, Licht: 2","56526","3","6","2","11","17","5","","2","0","1","0","0"
"POINT (7.006840195000052 50.968042560000072)","Unfall 56533 (2023) Kat:3, Licht: 2","56533","3","2","4","11","20","5","","2","0","1","0","0"
"POINT (6.927404805000037 50.915819302000045)","Unfall 56534 (2023) Kat:3, Licht: 0","56534","3","6","2","11","14","5","","0","0","1","0","0"
"POINT (6.972715100000073 50.904838438000070)","Unfall 56535 (2023) Kat:3, Licht: 2","56535","3","7","0","11","06","5","","2","1","1","0","0"
"POINT (6.883525150000025 50.937737876000028)","Unfall 56536 (2023) Kat:3, Licht: 0","56536","3","2","5","11","08","5","","0","1","1","0","0"
"POINT (6.952593156000034 50.924101847000031)","Unfall 56537 (2023) Kat:3, Licht: 0","56537","3","6","1","11","08","5","","0","0","1","0","0"
"POINT (7.013331061000031 51.016759301000036)","Unfall 56620 (2023) Kat:3, Licht: 2","56620","3","1","8","11","01","4","","2","0","1","0","0"
"POINT (7.008128881000061 50.938839427000062)","Unfall 56622 (2023) Kat:3, Licht: 2","56622","3","3","5","11","17","4","","2","1","0","0","0"
"POINT (7.003989668000031 50.961826381000037)","Unfall 56623 (2023) Kat:2, Licht: 0","56623","2","3","5","11","12","4","","0","0","1","0","0"
"POINT (7.025771359000032 50.982733861000042)","Unfall 56624 (2023) Kat:3, Licht: 0","56624","3","5","1","11","13","4","","0","1","1","0","0"
"POINT (6.914637084000049 50.948519350000026)","Unfall 56625 (2023) Kat:3, Licht: 2","56625","3","2","3","11","19","4","","2","0","1","0","0"
"POINT (7.006825885000069 50.924942102000045)","Unfall 56709 (2023) Kat:3, Licht: 2","56709","3","6","3","10","18","3","","2","0","1","0","0"
"POINT (7.022020380000072 50.940314804000081)","Unfall 56710 (2023) Kat:3, Licht: 2","56710","3","4","6","10","11","3","","2","0","1","1","0"
"POINT (7.022135005000052 50.940312623000068)","Unfall 56711 (2023) Kat:3, Licht: 2","56711","3","1","0","10","19","3","","2","1","0","0","0"
"POINT (7.006014775000040 50.973942513000054)","Unfall 56712 (2023) Kat:3, Licht: 2","56712","3","6","1","10","17","3","","2","0","1","0","0"
"POINT (7.019612376000055 50.964365457000042)","Unfall 56713 (2023) Kat:3, Licht: 0","56713","3","2","6","10","09","3","","0","0","1","1","0"
"POINT (6.975181641000063 50.939739585000041)","Unfall 56714 (2023) Kat:3, Licht: 0","56714","3","2","6","10","10","3","","0","0","1","1","0"
"POINT (7.042935593000038 51.003289327000061)","Unfall 56715 (2023) Kat:3, Licht: 0","56715","3","3","5","10","12","3","","0","0","0","0","0"
"POINT (6.967087979000041 50.959118389000082)","Unfall 56716 (2023) Kat:3, Licht: 0","56716","3","3","5","10","09","3","","0","1","1","0","0"
"POINT (6.955749913000034 50.957113934000063)","Unfall 56717 (2023) Kat:3, Licht: 0","56717","3","1","0","10","16","3","","0","1","0","0","0"
"POINT (6.847460507000051 50.918359998000028)","Unfall 56718 (2023) Kat:3, Licht: 2","56718","3","6","2","10","17","3","","2","0","1","0","0"
"POINT (6.927001466000036 50.930263371000080)","Unfall 56719 (2023) Kat:3, Licht: 0","56719","3","7","0","10","09","3","","0","1","0","0","0"
"POINT (6.964524832000052 50.947572444000059)","Unfall 56720 (2023) Kat:3, Licht: 0","56720","3","2","5","10","08","3","","0","1","0","0","0"
"POINT (6.963407387000075 50.927430018000052)","Unfall 56721 (2023) Kat:3, Licht: 2","56721","3","1","0","10","21","3","","2","0","0","0","0"
"POINT (6.953337159000057 50.966616487000067)","Unfall 56814 (2023) Kat:3, Licht: 2","56814","3","1","0","11","19","4","","2","1","0","0","0"
"POINT (6.927618122000069 50.915692231000037)","Unfall 56824 (2023) Kat:3, Licht: 0","56824","3","6","2","11","16","3","","0","0","1","0","0"
"POINT (6.859856469000022 51.019584494000071)","Unfall 56860 (2023) Kat:2, Licht: 2","56860","2","1","8","10","19","2","","2","0","1","0","0"
"POINT (7.029988735000074 50.969204356000034)","Unfall 56863 (2023) Kat:3, Licht: 2","56863","3","1","0","10","22","2","","2","0","1","0","0"
"POINT (6.987935302000039 50.918790242000057)","Unfall 56866 (2023) Kat:3, Licht: 2","56866","3","6","4","10","21","2","","2","0","1","0","1"
"POINT (6.994289872000024 50.937087875000032)","Unfall 56867 (2023) Kat:3, Licht: 2","56867","3","2","6","10","18","2","","2","0","1","1","0"
"POINT (6.927227816000027 50.929607857000065)","Unfall 56868 (2023) Kat:2, Licht: 2","56868","2","1","8","10","18","2","","2","1","0","0","0"
"POINT (6.981297953000023 50.903258924000056)","Unfall 56870 (2023) Kat:3, Licht: 0","56870","3","6","0","10","16","2","","0","0","1","0","1"
"POINT (6.934096455000031 50.933184200000028)","Unfall 56872 (2023) Kat:3, Licht: 0","56872","3","4","0","10","15","2","","0","0","0","1","0"
"POINT (7.097008373000051 50.948407516000032)","Unfall 56990 (2023) Kat:3, Licht: 0","56990","3","6","2","10","09","1","","0","0","1","0","0"
"POINT (7.047319361000064 50.868342601000052)","Unfall 56992 (2023) Kat:2, Licht: 0","56992","2","1","9","10","16","1","","0","0","1","0","0"
"POINT (6.974359628000059 50.928884628000048)","Unfall 56993 (2023) Kat:3, Licht: 1","56993","3","3","5","10","16","1","","1","0","1","0","0"
"POINT (6.940111915000045 50.993207494000046)","Unfall 56994 (2023) Kat:3, Licht: 2","56994","3","3","5","10","19","1","","2","0","1","0","0"
"POINT (6.977719426000021 50.906717137000044)","Unfall 56995 (2023) Kat:3, Licht: 0","56995","3","6","5","10","10","1","","0","1","0","0","0"
"POINT (6.864695267000059 50.918784321000032)","Unfall 57071 (2023) Kat:3, Licht: 2","57071","3","1","9","10","23","7","","2","0","1","0","0"
"POINT (6.986505711000063 50.929724376000081)","Unfall 57073 (2023) Kat:3, Licht: 2","57073","3","6","2","10","20","7","","2","0","1","0","0"
"POINT (7.079910503000065 50.881204062000052)","Unfall 57075 (2023) Kat:3, Licht: 0","57075","3","2","3","10","12","7","","0","1","1","0","0"
"POINT (6.940228310000066 50.968239142000073)","Unfall 57076 (2023) Kat:2, Licht: 0","57076","2","4","6","10","16","7","","0","0","1","1","0"
"POINT (6.998051333000035 50.937519445000078)","Unfall 57154 (2023) Kat:3, Licht: 0","57154","3","4","6","11","12","7","","0","0","1","1","0"
"POINT (7.090227413000036 50.858100354000044)","Unfall 57155 (2023) Kat:3, Licht: 0","57155","3","6","0","11","14","7","","0","0","1","0","0"
"POINT (7.012098920000028 50.939537598000072)","Unfall 57156 (2023) Kat:3, Licht: 2","57156","3","6","1","11","21","7","","2","0","1","0","0"
"POINT (6.896237750000068 50.994534686000065)","Unfall 57157 (2023) Kat:3, Licht: 2","57157","3","6","2","11","18","7","","2","0","1","0","0"
"POINT (6.967705680000051 50.957678361000035)","Unfall 57158 (2023) Kat:3, Licht: 0","57158","3","1","9","11","11","7","","0","0","1","0","0"
"POINT (6.906562255000040 50.976798448000068)","Unfall 57159 (2023) Kat:3, Licht: 2","57159","3","3","5","11","20","7","","2","0","1","0","0"
"POINT (6.930733886000041 50.924209198000028)","Unfall 57160 (2023) Kat:3, Licht: 2","57160","3","1","8","11","18","7","","2","0","1","0","0"
"POINT (7.034603657000048 50.957567854000047)","Unfall 57245 (2023) Kat:3, Licht: 2","57245","3","6","1","11","18","6","","2","0","1","0","0"
"POINT (7.010909743000070 50.939333578000060)","Unfall 57247 (2023) Kat:3, Licht: 2","57247","3","7","0","11","22","6","","2","0","1","0","0"
"POINT (6.948847589000025 50.993729332000044)","Unfall 57248 (2023) Kat:3, Licht: 0","57248","3","6","1","11","10","6","","0","0","1","0","0"
"POINT (6.926091044000032 50.931385217000070)","Unfall 57249 (2023) Kat:3, Licht: 0","57249","3","3","5","11","09","6","","0","0","1","0","0"
"POINT (6.915009459000032 50.920320578000030)","Unfall 57250 (2023) Kat:3, Licht: 2","57250","3","2","5","11","17","6","","2","1","1","0","0"
"POINT (6.918476478000059 50.931493116000070)","Unfall 57251 (2023) Kat:2, Licht: 0","57251","2","1","0","11","12","6","","0","1","0","0","0"
"POINT (6.934538130000021 50.935445337000033)","Unfall 57252 (2023) Kat:3, Licht: 0","57252","3","2","5","11","09","6","","0","0","1","0","0"
"POINT (6.902433205000023 50.998598939000033)","Unfall 57262 (2023) Kat:3, Licht: 2","57262","3","1","6","11","18","6","","2","0","1","1","0"
"POINT (6.927468639000040 50.960144145000072)","Unfall 57372 (2023) Kat:3, Licht: 2","57372","3","6","1","11","17","5","","2","0","1","0","0"
"POINT (7.107785886000045 50.913275536000071)","Unfall 57374 (2023) Kat:3, Licht: 2","57374","3","1","9","11","06","5","","2","0","0","0","1"
"POINT (7.047982173000037 50.942404129000067)","Unfall 57375 (2023) Kat:3, Licht: 2","57375","3","6","2","11","17","5","","2","0","1","0","0"
"POINT (6.912722996000070 50.936957096000071)","Unfall 57376 (2023) Kat:3, Licht: 2","57376","3","2","5","11","00","5","","2","1","1","0","0"