WKT,Name,OBJECTID,UKATEGORIE,UTYP1,UART,UMONAT,USTUNDE,UWOCHENTAG,STRZUSTAND,ULICHTVERH,ISTRAD,ISTPKW,ISTFUSS,ISTKRAD
"POINT (6.995774845000028 50.876159885000050)","Unfall 57377 (2023) Kat:3, Licht: 0","57377","3","4","0","11","10","5","","0","0","1","1","0"
"POINT (6.962627997000027 50.928895013000044)","Unfall 57378 (2023) Kat:3, Licht: 0","57378","3","6","2","11","09","5","","0","0","1","0","1"
"POINT (6.956201930000020 50.935173588000055)","Unfall 57379 (2023) Kat:3, Licht: 2","57379","3","6","1","11","18","5","","2","0","1","0","0"
"POINT (6.934252495000067 50.887643117000039)","Unfall 57461 (2023) Kat:2, Licht: 0","57461","2","6","3","11","09","4","","0","0","1","0","1"
"POINT (7.014400518000059 51.008732272000032)","Unfall 57463 (2023) Kat:3, Licht: 2","57463","3","6","2","11","17","4","","2","0","1","0","0"
"POINT (7.098610534000045 50.914076768000029)","Unfall 57464 (2023) Kat:3, Licht: 2","57464","3","4","6","11","16","4","","2","0","1","1","0"
"POINT (7.011452099000053 50.957321422000064)","Unfall 57465 (2023) Kat:3, Licht: 0","57465","3","2","5","11","11","4","","0","0","0","0","0"
"POINT (6.864951188000020 51.064721623000025)","Unfall 57466 (2023) Kat:3, Licht: 2","57466","3","3","5","11","20","4","","2","1","1","0","0"
"POINT (6.947949112000060 50.954810699000063)","Unfall 57467 (2023) Kat:3, Licht: 0","57467","3","2","5","11","15","4","","0","1","1","0","0"
"POINT (6.945395470000051 50.904652941000052)","Unfall 57468 (2023) Kat:3, Licht: 0","57468","3","1","8","11","14","4","","0","0","1","0","0"
"POINT (6.961209377000046 50.929905385000040)","Unfall 57469 (2023) Kat:3, Licht: 0","57469","3","6","1","11","12","4","","0","0","1","0","0"
"POINT (7.055110463000062 50.928723633000061)","Unfall 57552 (2023) Kat:3, Licht: 0","57552","3","1","0","11","07","3","","0","0","1","0","0"
"POINT (7.055573336000066 50.912509207000028)","Unfall 57554 (2023) Kat:3, Licht: 1","57554","3","2","5","11","07","3","","1","0","1","0","0"
"POINT (7.019582439000033 50.978062106000039)","Unfall 57556 (2023) Kat:3, Licht: 0","57556","3","1","0","11","07","3","","0","0","0","0","1"
"POINT (6.952444917000037 50.969833839000046)","Unfall 57557 (2023) Kat:3, Licht: 2","57557","3","4","6","11","19","3","","2","0","1","1","0"
"POINT (6.930160495000052 50.925277190000031)","Unfall 57558 (2023) Kat:3, Licht: 2","57558","3","6","3","11","20","3","","2","0","1","0","1"
"POINT (6.976448523000045 50.894914427000060)","Unfall 57559 (2023) Kat:3, Licht: 2","57559","3","2","2","11","18","3","","2","0","1","0","1"
"POINT (6.973033099000077 50.887196534000054)","Unfall 57651 (2023) Kat:3, Licht: 2","57651","3","6","3","11","06","2","","2","0","1","0","0"
"POINT (7.031333868000047 50.937540840000054)","Unfall 57653 (2023) Kat:3, Licht: 0","57653","3","2","2","11","14","2","","0","0","1","0","1"
"POINT (7.100088282000058 50.858878837000077)","Unfall 57654 (2023) Kat:3, Licht: 2","57654","3","2","6","11","20","2","","2","0","1","1","0"
"POINT (7.053480569000044 50.914915049000058)","Unfall 57655 (2023) Kat:3, Licht: 2","57655","3","6","2","11","18","2","","2","0","1","0","0"
"POINT (7.025900909000029 50.997964185000058)","Unfall 57657 (2023) Kat:3, Licht: 0","57657","3","7","8","11","15","2","","0","0","1","0","0"
"POINT (6.977893613000049 50.936587891000045)","Unfall 57659 (2023) Kat:3, Licht: 2","57659","3","7","3","11","21","2","","2","0","1","0","0"
"POINT (6.836849069000039 50.938337935000050)","Unfall 57660 (2023) Kat:3, Licht: 2","57660","3","4","6","11","19","2","","2","0","1","1","0"
"POINT (6.990357561000053 50.891498282000043)","Unfall 57661 (2023) Kat:2, Licht: 2","57661","2","2","6","11","19","2","","2","0","1","1","0"
"POINT (6.971145478000039 50.935956400000066)","Unfall 57665 (2023) Kat:3, Licht: 2","57665","3","3","0","11","00","6","","2","1","1","0","0"
"POINT (6.870124656000030 50.990571766000073)","Unfall 57757 (2023) Kat:3, Licht: 2","57757","3","1","9","11","02","1","","2","0","1","0","0"
"POINT (7.030034062000027 50.969149247000075)","Unfall 57761 (2023) Kat:3, Licht: 2","57761","3","1","3","11","18","1","","2","0","1","0","0"
"POINT (7.029713585000025 50.931678513000065)","Unfall 57762 (2023) Kat:2, Licht: 0","57762","2","1","0","11","11","1","","0","1","0","0","0"
"POINT (6.931857560000026 50.953551091000065)","Unfall 57763 (2023) Kat:3, Licht: 0","57763","3","1","9","11","09","1","","0","0","1","0","0"
"POINT (6.950171779000073 50.948103252000067)","Unfall 57764 (2023) Kat:3, Licht: 2","57764","3","3","5","11","18","1","","2","1","0","0","0"
"POINT (7.012433928000064 50.989941880000060)","Unfall 57831 (2023) Kat:3, Licht: 2","57831","3","1","9","11","18","7","","2","0","1","0","0"
"POINT (7.076134034000063 50.923831694000057)","Unfall 57832 (2023) Kat:3, Licht: 0","57832","3","3","5","11","12","7","","0","0","1","0","0"
"POINT (7.008171631000039 50.959627880000028)","Unfall 57833 (2023) Kat:3, Licht: 2","57833","3","5","1","11","16","7","","2","1","1","0","0"
"POINT (7.047309648000066 50.999115510000081)","Unfall 57834 (2023) Kat:3, Licht: 2","57834","3","6","3","11","20","7","","2","0","1","0","0"
"POINT (6.918962459000056 50.907763257000056)","Unfall 57835 (2023) Kat:2, Licht: 1","57835","2","6","1","11","07","7","","1","0","1","0","0"
"POINT (6.966934046000063 50.847723814000062)","Unfall 57836 (2023) Kat:2, Licht: 2","57836","2","1","9","11","05","7","","2","0","1","0","0"
"POINT (6.963026466000031 50.933777763000080)","Unfall 57837 (2023) Kat:3, Licht: 2","57837","3","4","6","11","21","7","","2","0","1","1","0"
"POINT (6.878777813000056 50.987637276000044)","Unfall 57872 (2023) Kat:3, Licht: 0","57872","3","6","2","11","13","7","","0","0","1","0","0"
"POINT (6.951737492000063 50.935416404000080)","Unfall 57877 (2023) Kat:3, Licht: 2","57877","3","2","0","11","16","2","","2","1","1","0","0"
"POINT (6.971516172000065 50.936936110000033)","Unfall 57939 (2023) Kat:3, Licht: 1","57939","3","3","5","11","16","2","","1","0","1","0","0"
"POINT (6.957985407000024 51.032409714000039)","Unfall 57950 (2023) Kat:3, Licht: 0","57950","3","6","2","11","15","6","","0","0","1","0","0"
"POINT (7.013179938000064 50.923647432000053)","Unfall 57953 (2023) Kat:3, Licht: 0","57953","3","1","3","11","14","6","","0","0","1","0","0"
"POINT (7.010146931000065 50.947818834000032)","Unfall 57955 (2023) Kat:3, Licht: 2","57955","3","6","2","11","23","6","","2","0","1","0","0"
"POINT (6.987104328000044 50.936372215000063)","Unfall 57956 (2023) Kat:3, Licht: 0","57956","3","6","4","11","13","6","","0","1","0","0","0"
"POINT (6.861077388000069 51.069368365000059)","Unfall 57957 (2023) Kat:3, Licht: 1","57957","3","4","6","11","16","6","","1","1","0","1","0"
"POINT (6.933268300000066 50.948962611000070)","Unfall 57978 (2023) Kat:3, Licht: 0","57978","3","6","2","11","11","6","","0","0","1","0","0"
"POINT (7.094470619000049 50.879248619000066)","Unfall 58050 (2023) Kat:3, Licht: 1","58050","3","6","3","11","17","5","","1","0","1","0","0"
"POINT (6.993014958000060 50.926921982000067)","Unfall 58052 (2023) Kat:3, Licht: 1","58052","3","2","5","11","07","5","","1","0","1","0","1"
"POINT (6.939376717000073 50.934275286000059)","Unfall 58107 (2023) Kat:3, Licht: 0","58107","3","1","0","11","08","4","","0","1","0","0","0"
"POINT (7.050628658000051 50.932934959000079)","Unfall 58110 (2023) Kat:3, Licht: 2","58110","3","6","2","11","00","2","","2","0","1","0","0"
"POINT (6.983229174000030 50.930190998000057)","Unfall 58112 (2023) Kat:3, Licht: 2","58112","3","1","8","11","06","1","","2","0","1","0","0"
"POINT (6.957806659000028 50.957790899000031)","Unfall 58125 (2023) Kat:3, Licht: 0","58125","3","6","2","11","15","6","","0","0","1","0","0"
"POINT (6.896742627000037 50.992472725000027)","Unfall 58158 (2023) Kat:2, Licht: 0","58158","2","6","1","11","09","4","","0","0","1","0","0"
"POINT (7.065601142000048 50.913061255000059)","Unfall 58162 (2023) Kat:3, Licht: 0","58162","3","6","2","11","12","4","","0","0","1","0","0"
"POINT (7.103744226000060 50.864242296000043)","Unfall 58164 (2023) Kat:3, Licht: 0","58164","3","3","5","11","13","4","","0","1","1","0","0"
"POINT (6.910135416000060 50.938875505000055)","Unfall 58165 (2023) Kat:2, Licht: 0","58165","2","2","5","11","15","4","","0","0","1","0","1"
"POINT (6.939110182000036 50.937217714000042)","Unfall 58166 (2023) Kat:3, Licht: 2","58166","3","5","0","11","19","4","","2","1","1","0","0"
"POINT (6.895708530000036 50.914687900000047)","Unfall 58196 (2023) Kat:3, Licht: 2","58196","3","2","5","11","17","7","","2","0","1","0","0"
"POINT (7.012236497000060 50.914038920000053)","Unfall 58296 (2023) Kat:3, Licht: 2","58296","3","6","3","11","21","3","","2","0","1","0","0"
"POINT (7.032580187000065 50.898798394000039)","Unfall 58299 (2023) Kat:3, Licht: 1","58299","3","6","3","11","05","3","","1","0","1","0","0"
"POINT (7.074334853000039 50.924274964000062)","Unfall 58301 (2023) Kat:3, Licht: 2","58301","3","5","1","11","16","3","","2","0","1","0","0"
"POINT (7.016204587000061 50.914901506000035)","Unfall 58302 (2023) Kat:3, Licht: 2","58302","3","1","1","11","23","3","","2","0","1","0","0"
"POINT (6.996350280000058 50.887079841000059)","Unfall 58303 (2023) Kat:3, Licht: 0","58303","3","2","5","11","07","3","","0","0","1","0","0"
"POINT (6.962806481000030 50.932488476000060)","Unfall 58304 (2023) Kat:3, Licht: 0","58304","3","6","2","11","14","3","","0","0","1","0","0"
"POINT (7.039643875000024 50.945510167000066)","Unfall 58364 (2023) Kat:3, Licht: 0","58364","3","6","3","11","14","4","","0","0","1","0","0"
"POINT (7.092946032000043 50.929667023000036)","Unfall 58451 (2023) Kat:3, Licht: 2","58451","3","6","2","11","17","2","","2","0","1","0","0"
"POINT (7.015139856000076 50.975509153000075)","Unfall 58452 (2023) Kat:3, Licht: 0","58452","3","1","0","11","14","2","","0","0","0","0","1"
"POINT (6.929654529000061 50.925704397000061)","Unfall 58453 (2023) Kat:3, Licht: 1","58453","3","1","0","11","17","2","","1","0","0","0","1"
"POINT (6.895331718000023 50.925290459000053)","Unfall 58454 (2023) Kat:3, Licht: 2","58454","3","2","6","11","06","2","","2","0","1","1","0"
"POINT (6.936213705000057 50.931995652000069)","Unfall 58455 (2023) Kat:3, Licht: 0","58455","3","6","2","11","15","2","","0","0","1","0","0"
"POINT (7.022356268000067 50.946692320000068)","Unfall 58458 (2023) Kat:3, Licht: 2","58458","3","3","5","11","20","1","","2","0","1","0","0"
"POINT (6.958043434000047 50.921409757000049)","Unfall 58486 (2023) Kat:3, Licht: 0","58486","3","7","0","11","11","6","","0","0","0","0","1"
"POINT (6.938923152000029 50.936418981000031)","Unfall 58495 (2023) Kat:3, Licht: 2","58495","3","2","0","11","18","7","","2","0","1","0","0"
"POINT (7.097308662000046 50.843341561000045)","Unfall 58506 (2023) Kat:3, Licht: 0","58506","3","3","5","11","11","2","","0","0","1","0","0"
"POINT (6.865860337000072 51.067406169000037)","Unfall 58563 (2023) Kat:3, Licht: 0","58563","3","2","2","11","11","1","","0","0","1","0","1"
"POINT (6.865979179000021 50.970587117000036)","Unfall 58565 (2023) Kat:3, Licht: 0","58565","3","6","1","11","15","1","","0","0","1","0","0"
"POINT (6.989859019000050 50.896852802000069)","Unfall 58566 (2023) Kat:3, Licht: 0","58566","3","2","5","11","09","1","","0","1","1","0","0"
"POINT (6.958094192000033 50.929333840000027)","Unfall 58568 (2023) Kat:3, Licht: 0","58568","3","7","0","11","13","1","","0","0","1","0","0"
"POINT (6.939258677000055 50.937890833000040)","Unfall 58570 (2023) Kat:3, Licht: 2","58570","3","1","0","11","03","1","","2","0","0","0","0"
"POINT (6.939252300000021 50.930272788000082)","Unfall 58571 (2023) Kat:3, Licht: 0","58571","3","1","0","11","13","1","","0","1","0","0","0"
"POINT (6.920069215000069 50.932012106000059)","Unfall 58589 (2023) Kat:3, Licht: 0","58589","3","1","0","11","13","6","","0","1","0","0","0"
"POINT (7.091438462000042 50.950698115000080)","Unfall 58626 (2023) Kat:2, Licht: 2","58626","2","6","2","11","20","7","","2","0","1","0","0"
"POINT (7.097284274000060 50.843369235000068)","Unfall 58628 (2023) Kat:2, Licht: 2","58628","2","3","5","11","05","7","","2","0","1","0","0"
"POINT (7.002808792000053 50.937933745000066)","Unfall 58629 (2023) Kat:3, Licht: 2","58629","3","7","6","11","18","7","","2","0","1","1","0"
"POINT (6.897781200000054 50.995768901000076)","Unfall 58631 (2023) Kat:3, Licht: 0","58631","3","6","5","11","09","7","","0","0","1","0","0"
"POINT (6.951514257000042 50.924094969000066)","Unfall 58707 (2023) Kat:2, Licht: 1","58707","2","1","0","11","17","7","","1","0","0","0","0"
"POINT (7.012464298000054 50.995360972000071)","Unfall 58719 (2023) Kat:3, Licht: 2","58719","3","6","2","11","17","6","","2","0","1","0","0"
"POINT (7.103857039000047 50.864370928000028)","Unfall 58724 (2023) Kat:3, Licht: 2","58724","3","3","5","11","20","6","","2","1","1","0","0"
"POINT (7.007757014000049 50.938749646000076)","Unfall 58725 (2023) Kat:3, Licht: 0","58725","3","4","6","11","07","6","","0","0","1","1","0"
"POINT (7.000758658000052 50.956157394000059)","Unfall 58727 (2023) Kat:2, Licht: 2","58727","2","4","6","11","20","6","","2","0","1","1","0"
"POINT (6.959374939000043 50.903692766000063)","Unfall 58728 (2023) Kat:3, Licht: 0","58728","3","6","0","11","12","6","","0","0","1","0","0"
"POINT (6.962483424000027 50.903819440000063)","Unfall 58729 (2023) Kat:2, Licht: 0","58729","2","6","2","11","10","6","","0","0","1","0","0"
"POINT (6.940892198000029 50.931061632000080)","Unfall 58730 (2023) Kat:3, Licht: 2","58730","3","6","2","11","17","6","","2","1","1","0","0"
"POINT (6.942866521000042 50.928541265000035)","Unfall 58731 (2023) Kat:3, Licht: 0","58731","3","2","5","11","14","6","","0","1","0","0","0"
"POINT (7.008535308000035 50.938936005000073)","Unfall 58847 (2023) Kat:3, Licht: 2","58847","3","3","5","11","17","6","","2","0","1","0","0"
"POINT (6.922012820000020 50.936770728000056)","Unfall 58863 (2023) Kat:3, Licht: 2","58863","3","4","6","11","17","4","","2","0","1","1","0"
"POINT (7.039425564000055 50.931399255000031)","Unfall 58898 (2023) Kat:3, Licht: 2","58898","3","2","6","12","20","3","","2","0","1","1","0"
"POINT (7.011565748000066 50.970977090000076)","Unfall 58899 (2023) Kat:3, Licht: 2","58899","3","2","3","12","19","3","","2","0","1","0","0"
"POINT (6.892052500000034 51.000194737000072)","Unfall 58900 (2023) Kat:3, Licht: 2","58900","3","6","2","12","17","3","","2","0","1","0","0"
"POINT (6.865909827000053 50.972812701000066)","Unfall 58901 (2023) Kat:3, Licht: 2","58901","3","3","5","12","20","3","","2","1","1","0","0"
"POINT (6.910814241000026 50.939508384000078)","Unfall 58902 (2023) Kat:3, Licht: 2","58902","3","4","6","12","17","3","","2","0","1","1","0"
"POINT (6.975275992000036 50.852588329000071)","Unfall 58903 (2023) Kat:3, Licht: 0","58903","3","3","5","12","14","3","","0","1","1","0","0"
"POINT (6.967914962000066 50.892712406000044)","Unfall 58904 (2023) Kat:3, Licht: 2","58904","3","3","5","12","19","3","","2","0","1","0","0"
"POINT (6.939013590000059 50.935945262000075)","Unfall 58905 (2023) Kat:3, Licht: 1","58905","3","5","1","12","08","3","","1","1","1","0","0"
"POINT (6.895015817000058 50.994233142000041)","Unfall 59003 (2023) Kat:3, Licht: 2","59003","3","6","2","12","18","2","","2","0","1","0","0"
"POINT (6.849338851000027 50.940420651000068)","Unfall 59004 (2023) Kat:3, Licht: 2","59004","3","6","2","12","16","2","","2","0","1","0","0"
"POINT (7.055600240000047 50.881711818000042)","Unfall 59006 (2023) Kat:3, Licht: 1","59006","3","6","2","12","16","2","","1","0","1","0","0"
"POINT (7.018906345000062 50.948785693000048)","Unfall 59007 (2023) Kat:3, Licht: 2","59007","3","6","2","12","19","2","","2","0","1","0","0"
"POINT (6.852246448000074 50.977478428000040)","Unfall 59008 (2023) Kat:3, Licht: 2","59008","3","6","2","12","17","2","","2","0","1","0","0"
"POINT (7.057282893000036 50.950699187000055)","Unfall 59066 (2023) Kat:2, Licht: 0","59066","2","7","2","12","10","1","","0","0","1","0","0"
"POINT (7.094943795000063 50.846082110000054)","Unfall 59067 (2023) Kat:3, Licht: 0","59067","3","3","5","12","15","1","","0","1","1","0","0"
"POINT (7.027114020000056 50.950757945000078)","Unfall 59068 (2023) Kat:2, Licht: 2","59068","2","6","2","12","02","1","","2","0","1","0","0"
"POINT (6.926358298000025 50.930974878000029)","Unfall 59069 (2023) Kat:3, Licht: 2","59069","3","2","5","12","22","1","","2","1","1","0","0"
"POINT (6.884342187000072 50.909902777000070)","Unfall 59117 (2023) Kat:3, Licht: 2","59117","3","1","8","12","06","7","","2","0","1","0","0"
"POINT (7.062954032000050 50.905170438000027)","Unfall 59119 (2023) Kat:3, Licht: 1","59119","3","6","2","12","15","7","","1","0","1","0","0"
"POINT (6.893496224000046 50.905554205000044)","Unfall 59178 (2023) Kat:3, Licht: 2","59178","3","7","7","12","22","6","","2","0","1","0","0"
"POINT (6.980768020000028 50.898018869000055)","Unfall 59182 (2023) Kat:3, Licht: 2","59182","3","7","6","12","16","6","","2","0","1","1","0"
"POINT (7.030064682000045 50.969098107000036)","Unfall 59236 (2023) Kat:3, Licht: 0","59236","3","1","0","12","08","5","","0","0","1","0","0"
"POINT (7.056203130000029 50.911752860000036)","Unfall 59239 (2023) Kat:3, Licht: 0","59239","3","6","2","12","08","5","","0","0","1","0","0"
"POINT (7.060438409000028 50.927691606000053)","Unfall 59240 (2023) Kat:3, Licht: 0","59240","3","3","5","12","13","5","","0","1","1","0","0"
"POINT (7.016806162000023 50.976334936000057)","Unfall 59241 (2023) Kat:3, Licht: 0","59241","3","1","0","12","08","5","","0","0","0","0","1"
"POINT (6.993068794000067 50.948221792000027)","Unfall 59242 (2023) Kat:3, Licht: 2","59242","3","6","2","12","18","5","","2","0","1","0","0"
"POINT (7.003989668000031 50.961826381000037)","Unfall 59243 (2023) Kat:3, Licht: 0","59243","3","3","5","12","15","5","","0","0","1","0","0"
"POINT (6.954110118000074 50.962711518000049)","Unfall 59244 (2023) Kat:3, Licht: 0","59244","3","5","1","12","14","5","","0","0","1","0","0"
"POINT (6.977131195000027 50.953555004000066)","Unfall 59246 (2023) Kat:3, Licht: 0","59246","3","6","2","12","08","5","","0","0","1","0","0"
"POINT (6.910981219000064 50.937014232000081)","Unfall 59247 (2023) Kat:3, Licht: 2","59247","3","6","1","12","18","5","","2","0","1","0","0"
"POINT (6.933768659000066 50.921933681000041)","Unfall 59303 (2023) Kat:3, Licht: 2","59303","3","5","0","12","18","2","","2","1","0","0","0"
"POINT (6.968977733000031 50.879865754000036)","Unfall 59349 (2023) Kat:3, Licht: 0","59349","3","6","3","12","12","4","","0","0","1","0","0"
"POINT (6.968938168000022 50.883092502000068)","Unfall 59350 (2023) Kat:3, Licht: 2","59350","3","1","9","12","02","4","","2","0","0","0","0"
"POINT (6.891922419000025 50.992076693000058)","Unfall 59351 (2023) Kat:3, Licht: 2","59351","3","2","6","12","17","3","","2","0","1","1","0"
"POINT (7.088942660000043 50.881586961000039)","Unfall 59353 (2023) Kat:3, Licht: 0","59353","3","5","4","12","13","4","","0","0","1","0","0"
"POINT (6.852514620000022 51.014509756000052)","Unfall 59355 (2023) Kat:3, Licht: 2","59355","3","3","5","12","07","4","","2","1","1","0","0"
"POINT (6.859162348000041 50.915396041000065)","Unfall 59356 (2023) Kat:3, Licht: 0","59356","3","2","4","12","14","4","","0","0","1","0","0"
"POINT (6.923338332000071 50.933100421000063)","Unfall 59357 (2023) Kat:3, Licht: 0","59357","3","6","0","12","13","4","","0","1","0","0","0"
"POINT (6.908405636000055 50.897466834000056)","Unfall 59359 (2023) Kat:3, Licht: 2","59359","3","3","5","12","20","4","","2","0","1","0","0"
"POINT (6.969679125000027 50.870432280000045)","Unfall 59461 (2023) Kat:3, Licht: 2","59461","3","6","3","12","17","3","","2","0","1","0","0"
"POINT (7.095635619000063 50.867563494000080)","Unfall 59464 (2023) Kat:2, Licht: 2","59464","2","1","9","12","03","3","","2","0","0","0","1"
"POINT (7.067047469000045 50.908659119000049)","Unfall 59465 (2023) Kat:3, Licht: 0","59465","3","6","2","12","15","3","","0","0","1","0","0"
"POINT (7.035939564000046 50.897693923000077)","Unfall 59468 (2023) Kat:3, Licht: 0","59468","3","1","0","12","14","3","","0","0","0","0","0"
"POINT (6.956234088000031 50.935026730000061)","Unfall 59469 (2023) Kat:3, Licht: 2","59469","3","4","6","12","18","3","","2","0","0","1","0"
"POINT (7.065262641000061 50.907028787000058)","Unfall 59558 (2023) Kat:3, Licht: 0","59558","3","6","2","12","14","2","","0","0","1","0","0"
"POINT (6.905873908000046 50.985381791000066)","Unfall 59560 (2023) Kat:3, Licht: 2","59560","3","6","2","12","20","2","","2","0","1","0","0"
"POINT (7.031579965000049 50.917670602000044)","Unfall 59561 (2023) Kat:3, Licht: 2","59561","3","6","3","12","16","2","","2","0","1","0","0"
"POINT (7.079701731000057 50.947916205000070)","Unfall 59562 (2023) Kat:3, Licht: 0","59562","3","1","0","12","08","2","","0","0","1","0","1"
"POINT (6.917467359000057 50.905945783000050)","Unfall 59563 (2023) Kat:3, Licht: 0","59563","3","6","2","12","15","2","","0","0","1","0","0"
"POINT (6.931961825000030 50.947904466000068)","Unfall 59597 (2023) Kat:3, Licht: 2","59597","3","1","0","12","17","3","","2","0","0","0","1"
"POINT (7.006995218000043 50.968036303000076)","Unfall 59627 (2023) Kat:3, Licht: 0","59627","3","6","2","12","13","4","","0","0","1","0","0"
"POINT (7.100909027000057 50.899775208000051)","Unfall 59643 (2023) Kat:3, Licht: 2","59643","3","3","5","12","18","1","","2","0","1","0","0"
"POINT (6.875170224000044 51.002801722000072)","Unfall 59644 (2023) Kat:3, Licht: 2","59644","3","2","5","12","21","1","","2","0","1","0","0"
"POINT (6.960264156000051 50.959072777000074)","Unfall 59645 (2023) Kat:3, Licht: 0","59645","3","6","3","12","14","1","","0","0","1","0","0"
"POINT (7.021953074000066 50.933236751000038)","Unfall 59694 (2023) Kat:3, Licht: 2","59694","3","2","6","12","17","7","","2","0","0","1","0"
"POINT (6.998510925000062 50.937566051000033)","Unfall 59695 (2023) Kat:2, Licht: 1","59695","2","2","2","12","14","7","","1","1","1","0","0"
"POINT (6.921057439000037 50.932341551000036)","Unfall 59696 (2023) Kat:3, Licht: 0","59696","3","5","6","12","10","7","","0","0","1","1","0"
"POINT (6.947032534000073 50.935675302000050)","Unfall 59697 (2023) Kat:3, Licht: 0","59697","3","6","2","12","14","7","","0","0","1","1","0"
"POINT (7.076435819000039 50.902041413000063)","Unfall 59802 (2023) Kat:3, Licht: 0","59802","3","6","2","12","11","6","","0","0","1","0","0"
"POINT (6.850515588000064 50.958403721000082)","Unfall 59803 (2023) Kat:3, Licht: 0","59803","3","6","9","12","14","6","","0","0","1","0","1"
"POINT (7.088909165000075 50.894669402000034)","Unfall 59808 (2023) Kat:3, Licht: 0","59808","3","6","3","12","10","6","","0","0","1","0","0"
"POINT (7.092946032000043 50.929667023000036)","Unfall 59809 (2023) Kat:2, Licht: 0","59809","2","2","5","12","15","6","","0","0","1","0","0"
"POINT (7.025599742000054 50.950350864000029)","Unfall 59810 (2023) Kat:3, Licht: 2","59810","3","6","2","12","16","6","","2","0","1","0","0"
"POINT (7.006420940000055 50.966038310000044)","Unfall 59811 (2023) Kat:3, Licht: 2","59811","3","6","3","12","18","6","","2","0","1","0","0"
"POINT (7.018772209000076 50.949542155000074)","Unfall 59812 (2023) Kat:3, Licht: 0","59812","3","6","1","12","09","6","","0","0","1","0","0"
"POINT (7.090122308000048 50.922096015000079)","Unfall 59833 (2023) Kat:2, Licht: 2","59833","2","4","6","12","18","2","","2","0","1","1","0"
"POINT (6.927414096000064 50.960218644000065)","Unfall 59926 (2023) Kat:2, Licht: 2","59926","2","6","2","12","16","5","","2","0","1","0","0"
"POINT (7.013067265000075 50.998005705000026)","Unfall 59927 (2023) Kat:3, Licht: 2","59927","3","6","2","12","17","5","","2","0","1","0","0"
"POINT (6.924957494000068 50.936548430000073)","Unfall 59929 (2023) Kat:3, Licht: 0","59929","3","1","0","12","10","5","","0","1","0","0","0"
"POINT (7.080052054000021 50.922594111000080)","Unfall 59931 (2023) Kat:3, Licht: 0","59931","3","1","8","12","12","5","","0","0","1","0","0"
"POINT (7.021946561000050 50.933236607000026)","Unfall 59932 (2023) Kat:3, Licht: 0","59932","3","2","6","12","15","5","","0","0","1","1","0"
"POINT (7.021133872000064 50.903790424000078)","Unfall 59933 (2023) Kat:3, Licht: 0","59933","3","3","4","12","11","5","","0","0","1","0","0"
"POINT (7.026330714000039 50.940194534000057)","Unfall 59934 (2023) Kat:3, Licht: 0","59934","3","4","6","12","09","5","","0","0","1","1","0"
"POINT (6.977855254000076 50.936266565000039)","Unfall 59935 (2023) Kat:3, Licht: 0","59935","3","1","3","12","07","5","","0","1","1","0","0"
"POINT (6.929077105000033 50.957039650000070)","Unfall 59936 (2023) Kat:3, Licht: 2","59936","3","6","1","12","17","5","","2","0","1","0","0"
"POINT (6.881788689000075 50.937602045000062)","Unfall 59937 (2023) Kat:3, Licht: 0","59937","3","1","0","12","09","5","","0","1","0","0","0"
"POINT (6.988823217000061 50.867101272000070)","Unfall 59938 (2023) Kat:3, Licht: 0","59938","3","6","2","12","12","5","","0","0","1","0","0"
"POINT (6.960964687000057 50.936020970000072)","Unfall 59939 (2023) Kat:3, Licht: 1","59939","3","6","3","12","17","5","","1","1","1","0","0"
"POINT (6.890983119000055 50.997121013000026)","Unfall 59947 (2023) Kat:3, Licht: 2","59947","3","6","2","12","17","5","","2","0","1","0","0"
"POINT (7.096134436000057 50.920233621000079)","Unfall 59948 (2023) Kat:3, Licht: 2","59948","3","6","3","12","00","7","","2","0","1","0","0"
"POINT (6.841739383000061 50.919102873000043)","Unfall 60042 (2023) Kat:3, Licht: 0","60042","3","6","3","12","15","4","","0","0","1","0","0"
"POINT (7.057056344000046 50.892761347000032)","Unfall 60043 (2023) Kat:3, Licht: 0","60043","3","1","0","12","15","4","","0","0","0","0","0"
"POINT (6.927412236000066 50.861930464000068)","Unfall 60044 (2023) Kat:3, Licht: 1","60044","3","4","6","12","16","4","","1","0","0","1","0"
"POINT (6.916743158000031 50.930920142000048)","Unfall 60045 (2023) Kat:3, Licht: 1","60045","3","4","6","12","17","4","","1","1","0","1","0"
"POINT (7.044448034000027 50.938987771000029)","Unfall 60100 (2023) Kat:3, Licht: 0","60100","3","6","2","12","13","4","","0","0","0","0","0"
"POINT (6.849555719000023 50.940417080000032)","Unfall 60160 (2023) Kat:3, Licht: 2","60160","3","6","3","12","07","3","","2","0","1","0","0"
"POINT (6.924306330000036 51.015890207000041)","Unfall 60161 (2023) Kat:3, Licht: 1","60161","3","6","2","12","15","3","","1","0","1","0","0"
"POINT (6.876114758000028 50.913418914000033)","Unfall 60162 (2023) Kat:3, Licht: 0","60162","3","6","2","12","11","3","","0","0","1","0","0"
"POINT (7.001834952000024 50.910901737000074)","Unfall 60163 (2023) Kat:3, Licht: 2","60163","3","2","5","12","19","3","","2","0","1","0","0"
"POINT (6.917761286000029 51.019368708000059)","Unfall 60165 (2023) Kat:3, Licht: 1","60165","3","2","5","12","16","3","","1","0","1","0","0"