WKT,Name,OBJECTID,UKATEGORIE,UTYP1,UART,UMONAT,USTUNDE,UWOCHENTAG,STRZUSTAND,ULICHTVERH,ISTRAD,ISTPKW,ISTFUSS,ISTKRAD
"POINT (6.948668748000046 50.978619233000074)","Unfall 60166 (2023) Kat:3, Licht: 2","60166","3","3","5","12","16","3","","2","0","1","0","0"
"POINT (6.863524890000065 50.937819714000057)","Unfall 60167 (2023) Kat:3, Licht: 2","60167","3","1","8","12","20","3","","2","0","1","0","0"
"POINT (6.980767711000055 50.898018658000069)","Unfall 60168 (2023) Kat:3, Licht: 2","60168","3","6","2","12","06","3","","2","0","1","0","0"
"POINT (6.959110869000028 50.921165388000077)","Unfall 60169 (2023) Kat:3, Licht: 1","60169","3","4","0","12","19","3","","1","0","1","1","0"
"POINT (6.935531075000029 50.935412861000032)","Unfall 60170 (2023) Kat:3, Licht: 2","60170","3","5","3","12","18","3","","2","0","1","0","0"
"POINT (7.001760132000072 50.910950080000077)","Unfall 60302 (2023) Kat:3, Licht: 2","60302","3","1","0","12","07","2","","2","0","1","0","0"
"POINT (6.965358000000037 50.925229592000051)","Unfall 60303 (2023) Kat:3, Licht: 2","60303","3","2","6","12","18","2","","2","0","1","1","0"
"POINT (6.947084731000075 50.926295813000081)","Unfall 60305 (2023) Kat:3, Licht: 2","60305","3","2","5","12","22","2","","2","0","1","0","0"
"POINT (6.934405100000049 50.933009924000032)","Unfall 60306 (2023) Kat:2, Licht: 2","60306","2","4","6","12","18","2","","2","0","1","1","0"
"POINT (6.890417554000067 50.924678670000048)","Unfall 60331 (2023) Kat:3, Licht: 1","60331","3","1","0","12","16","5","","1","0","1","0","1"
"POINT (7.107744671000034 50.917363891000036)","Unfall 60346 (2023) Kat:3, Licht: 2","60346","3","7","4","12","16","5","","2","0","1","0","0"
"POINT (7.002507185000070 50.959813567000026)","Unfall 60375 (2023) Kat:3, Licht: 2","60375","3","3","5","12","17","5","","2","0","1","0","0"
"POINT (6.917906508000044 51.012389726000038)","Unfall 60403 (2023) Kat:3, Licht: 1","60403","3","6","2","12","15","1","","1","0","1","0","0"
"POINT (7.062909075000050 50.905194865000055)","Unfall 60404 (2023) Kat:3, Licht: 2","60404","3","1","0","12","21","1","","2","0","0","0","1"
"POINT (7.004504469000040 50.909262519000038)","Unfall 60406 (2023) Kat:3, Licht: 2","60406","3","6","2","12","22","1","","2","0","1","0","0"
"POINT (7.027718163000031 50.965991547000044)","Unfall 60407 (2023) Kat:2, Licht: 2","60407","2","3","5","12","18","1","","2","1","1","0","0"
"POINT (6.941355597000040 50.991957404000061)","Unfall 60408 (2023) Kat:3, Licht: 2","60408","3","1","8","12","02","1","","2","0","1","0","0"
"POINT (6.924786644000051 50.936550506000060)","Unfall 60409 (2023) Kat:3, Licht: 2","60409","3","3","5","12","00","1","","2","0","1","0","0"
"POINT (6.979763797000032 50.904647173000058)","Unfall 60410 (2023) Kat:3, Licht: 2","60410","3","6","1","12","20","1","","2","0","1","0","0"
"POINT (7.012398832000031 50.939589832000081)","Unfall 60438 (2023) Kat:2, Licht: 2","60438","2","3","5","12","05","7","","2","0","1","0","0"
"POINT (6.988886954000066 50.936578177000058)","Unfall 60465 (2023) Kat:3, Licht: 0","60465","3","1","0","12","12","7","","0","0","0","0","0"
"POINT (6.932488823000028 50.948524065000072)","Unfall 60467 (2023) Kat:3, Licht: 2","60467","3","6","1","12","19","7","","2","0","1","0","0"
"POINT (7.044539369000063 50.868330354000079)","Unfall 60489 (2023) Kat:3, Licht: 2","60489","3","2","6","12","19","6","","2","0","1","1","0"
"POINT (6.855302269000049 50.922752017000050)","Unfall 60503 (2023) Kat:3, Licht: 0","60503","3","6","3","12","09","3","","0","0","1","0","0"
"POINT (7.045912088000023 50.937475726000059)","Unfall 60519 (2023) Kat:3, Licht: 2","60519","3","6","2","12","20","5","","2","0","1","0","0"
"POINT (7.096179765000045 50.864897586000041)","Unfall 60546 (2023) Kat:1, Licht: 2","60546","1","6","0","12","02","6","","2","0","1","0","0"
"POINT (7.105305675000068 50.913777406000065)","Unfall 60547 (2023) Kat:3, Licht: 2","60547","3","2","5","12","21","6","","2","0","1","0","0"
"POINT (7.049538167000037 50.871960558000069)","Unfall 60549 (2023) Kat:3, Licht: 0","60549","3","6","0","12","09","6","","0","0","1","0","0"
"POINT (6.980102564000049 50.930148534000068)","Unfall 60550 (2023) Kat:3, Licht: 0","60550","3","6","2","12","08","6","","0","0","1","0","0"
"POINT (7.032376378000038 50.966955639000048)","Unfall 60551 (2023) Kat:3, Licht: 0","60551","3","3","0","12","13","6","","0","1","1","0","0"
"POINT (7.087636698000040 50.982164209000075)","Unfall 60552 (2023) Kat:3, Licht: 2","60552","3","3","5","12","17","6","","2","1","1","0","0"
"POINT (6.930734793000056 50.936585638000054)","Unfall 60553 (2023) Kat:3, Licht: 0","60553","3","1","0","12","07","6","","0","1","0","0","0"
"POINT (6.974696679000033 50.858197765000057)","Unfall 60554 (2023) Kat:3, Licht: 2","60554","3","6","2","12","17","6","","2","0","1","0","0"
"POINT (6.914466309000034 50.921430093000026)","Unfall 60555 (2023) Kat:3, Licht: 1","60555","3","1","1","12","14","6","","1","1","1","0","0"
"POINT (6.962828937000040 50.928515598000047)","Unfall 60556 (2023) Kat:3, Licht: 1","60556","3","2","1","12","17","6","","1","0","1","0","0"
"POINT (6.938948413000048 50.936416358000031)","Unfall 60640 (2023) Kat:3, Licht: 2","60640","3","3","0","12","18","2","","2","0","1","0","0"
"POINT (6.900523874000044 50.937090770000054)","Unfall 60648 (2023) Kat:3, Licht: 2","60648","3","7","2","12","05","6","","2","0","1","0","1"
"POINT (6.899228528000037 50.902962274000060)","Unfall 60652 (2023) Kat:3, Licht: 0","60652","3","6","3","11","13","5","","0","0","1","0","0"
"POINT (7.042277527000067 50.919444414000054)","Unfall 60657 (2023) Kat:3, Licht: 0","60657","3","6","8","11","16","5","","0","0","1","0","1"
"POINT (6.871826967000061 51.004621748000034)","Unfall 60660 (2023) Kat:3, Licht: 0","60660","3","2","5","11","12","5","","0","0","1","0","0"
"POINT (6.909043923000070 50.938282133000030)","Unfall 60661 (2023) Kat:3, Licht: 2","60661","3","2","5","11","18","5","","2","0","1","0","0"
"POINT (6.914974435000033 50.930238254000074)","Unfall 60662 (2023) Kat:3, Licht: 2","60662","3","2","6","11","17","5","","2","0","1","1","0"
"POINT (6.930152752000026 50.925289421000059)","Unfall 60663 (2023) Kat:3, Licht: 0","60663","3","1","0","11","15","5","","0","1","0","0","0"
"POINT (7.083071333000021 50.875931773000048)","Unfall 60706 (2023) Kat:3, Licht: 2","60706","3","2","6","12","19","2","","2","0","1","1","0"
"POINT (7.027946673000031 50.931851174000030)","Unfall 60739 (2023) Kat:3, Licht: 2","60739","3","6","2","12","17","6","","2","0","1","0","0"
"POINT (7.014326202000063 50.952563507000036)","Unfall 60762 (2023) Kat:3, Licht: 0","60762","3","5","6","12","15","2","","0","0","0","1","0"
"POINT (6.852694665000058 50.980585859000030)","Unfall 60787 (2023) Kat:3, Licht: 0","60787","3","6","1","11","09","4","","0","0","1","0","0"
"POINT (7.012919828000065 51.018544295000027)","Unfall 60789 (2023) Kat:2, Licht: 2","60789","2","7","2","11","04","4","","2","0","0","0","0"
"POINT (6.999142082000049 50.937623987000052)","Unfall 60791 (2023) Kat:3, Licht: 2","60791","3","4","6","11","17","4","","2","0","1","1","0"
"POINT (7.033989574000032 50.860468146000073)","Unfall 60792 (2023) Kat:3, Licht: 0","60792","3","1","0","11","11","4","","0","0","0","0","1"
"POINT (7.019953037000050 50.940246776000038)","Unfall 60794 (2023) Kat:3, Licht: 2","60794","3","6","2","11","20","4","","2","0","1","0","0"
"POINT (6.954777308000075 51.029049219000058)","Unfall 60795 (2023) Kat:2, Licht: 0","60795","2","1","8","11","16","4","","0","1","0","0","0"
"POINT (6.911252681000065 50.936829286000034)","Unfall 60796 (2023) Kat:3, Licht: 2","60796","3","1","0","11","20","4","","2","0","0","0","1"
"POINT (6.937651355000071 50.935352791000071)","Unfall 60797 (2023) Kat:3, Licht: 0","60797","3","4","0","11","14","4","","0","1","0","1","0"
"POINT (6.949121308000031 50.935998127000062)","Unfall 60798 (2023) Kat:3, Licht: 0","60798","3","6","0","11","15","4","","0","0","1","0","0"
"POINT (7.035789978000025 50.859784046000073)","Unfall 60829 (2023) Kat:3, Licht: 0","60829","3","3","5","12","13","7","","0","0","1","0","0"
"POINT (6.939680731000067 50.933416221000073)","Unfall 60880 (2023) Kat:3, Licht: 0","60880","3","1","0","12","15","1","","0","1","0","0","0"
"POINT (6.945823211000061 50.935767027000054)","Unfall 60914 (2023) Kat:3, Licht: 0","60914","3","7","5","12","14","3","","0","1","1","0","0"
"POINT (7.093897918000039 50.834651001000054)","Unfall 60924 (2023) Kat:3, Licht: 2","60924","3","6","2","12","07","3","","2","0","1","0","0"
"POINT (6.875744271000030 50.924136191000059)","Unfall 60938 (2023) Kat:2, Licht: 2","60938","2","6","2","12","17","5","","2","0","1","0","0"
"POINT (6.948436301000072 50.894010949000062)","Unfall 60941 (2023) Kat:3, Licht: 1","60941","3","3","5","11","08","3","","1","0","1","0","0"
"POINT (6.940097666000042 50.941147887000056)","Unfall 60943 (2023) Kat:3, Licht: 0","60943","3","5","3","11","12","3","","0","1","1","0","0"
"POINT (6.942141169000024 50.944866292000029)","Unfall 60944 (2023) Kat:3, Licht: 2","60944","3","3","5","11","06","3","","2","0","1","0","0"
"POINT (6.937468790000025 50.936489897000058)","Unfall 60946 (2023) Kat:3, Licht: 0","60946","3","3","5","11","12","3","","0","0","1","0","0"
"POINT (6.849518787000022 50.937992362000045)","Unfall 60949 (2023) Kat:3, Licht: 0","60949","3","6","1","12","15","1","","0","0","1","0","0"
"POINT (7.003772345000073 50.909682617000044)","Unfall 61074 (2023) Kat:3, Licht: 0","61074","3","6","3","12","10","1","","0","0","1","0","1"
"POINT (6.969524455000055 50.866853239000079)","Unfall 61100 (2023) Kat:3, Licht: 2","61100","3","1","9","11","07","2","","2","0","1","0","0"
"POINT (7.029788125000039 50.931794190000062)","Unfall 61104 (2023) Kat:3, Licht: 0","61104","3","3","1","11","13","2","","0","0","1","0","0"
"POINT (6.977916191000077 50.925789510000072)","Unfall 61106 (2023) Kat:3, Licht: 1","61106","3","3","5","11","07","2","","1","1","1","0","0"
"POINT (6.948085059000050 50.980608293000046)","Unfall 61108 (2023) Kat:3, Licht: 0","61108","3","1","0","11","09","2","","0","0","0","0","1"
"POINT (6.869323747000067 50.968872372000078)","Unfall 61109 (2023) Kat:3, Licht: 2","61109","3","3","5","11","19","2","","2","0","1","0","0"
"POINT (6.960668284000064 50.877565402000073)","Unfall 61110 (2023) Kat:3, Licht: 2","61110","3","2","6","11","18","2","","2","0","1","1","0"
"POINT (6.890417554000067 50.924678670000048)","Unfall 61112 (2023) Kat:3, Licht: 2","61112","3","3","5","11","07","2","","2","0","1","0","0"
"POINT (6.950096895000058 50.935282849000032)","Unfall 61113 (2023) Kat:3, Licht: 0","61113","3","3","5","11","13","2","","0","0","1","0","0"
"POINT (6.959044439000024 50.921023536000064)","Unfall 61115 (2023) Kat:3, Licht: 2","61115","3","3","5","11","20","2","","2","1","1","0","0"
"POINT (6.886268289000043 50.934081597000045)","Unfall 61154 (2023) Kat:3, Licht: 0","61154","3","2","5","11","12","2","","0","0","1","0","0"
"POINT (6.926610772000060 50.942717080000079)","Unfall 61157 (2023) Kat:3, Licht: 0","61157","3","6","3","12","09","2","","0","0","1","0","1"
"POINT (7.037715361000039 50.940641341000060)","Unfall 61202 (2023) Kat:2, Licht: 2","61202","2","6","3","11","16","5","","2","1","0","0","0"
"POINT (6.911749595000060 50.928947362000031)","Unfall 61250 (2023) Kat:3, Licht: 0","61250","3","7","6","12","16","7","","0","1","0","1","0"
"POINT (6.886149653000075 51.000684566000075)","Unfall 61311 (2023) Kat:3, Licht: 2","61311","3","6","2","11","06","1","","2","0","1","0","0"
"POINT (7.038738611000042 50.932203430000072)","Unfall 61313 (2023) Kat:3, Licht: 2","61313","3","7","8","11","03","1","","2","0","1","0","0"
"POINT (7.055920136000054 50.891505707000078)","Unfall 61314 (2023) Kat:3, Licht: 2","61314","3","1","9","11","23","1","","2","0","1","0","0"
"POINT (7.011565748000066 50.970977090000076)","Unfall 61315 (2023) Kat:3, Licht: 2","61315","3","7","0","11","18","1","","2","1","0","0","0"
"POINT (6.910964430000035 50.936837198000035)","Unfall 61316 (2023) Kat:2, Licht: 2","61316","2","1","0","11","20","1","","2","0","1","0","1"
"POINT (6.943609255000069 50.860275643000080)","Unfall 61317 (2023) Kat:3, Licht: 0","61317","3","6","4","11","14","1","","0","0","1","0","0"
"POINT (6.915453052000032 50.904195114000061)","Unfall 61325 (2023) Kat:3, Licht: 0","61325","3","2","2","12","14","6","","0","0","1","0","0"
"POINT (7.006834315000049 50.840492669000071)","Unfall 61627 (2023) Kat:3, Licht: 0","61627","3","3","5","12","10","7","","0","0","1","0","0"
"POINT (7.054155399000024 50.978384850000054)","Unfall 61628 (2023) Kat:3, Licht: 2","61628","3","1","8","12","22","7","","2","0","1","0","0"
"POINT (7.011623481000072 50.971038503000045)","Unfall 61629 (2023) Kat:2, Licht: 2","61629","2","3","5","12","19","7","","2","0","1","0","0"
"POINT (6.921095658000070 50.899730634000036)","Unfall 61630 (2023) Kat:2, Licht: 0","61630","2","1","9","12","12","7","","0","0","1","0","0"
"POINT (6.935875282000040 50.932182782000041)","Unfall 61631 (2023) Kat:3, Licht: 2","61631","3","1","8","12","03","7","","2","0","0","0","0"
"POINT (6.841706465000073 50.919082072000037)","Unfall 61686 (2023) Kat:3, Licht: 2","61686","3","6","1","12","18","6","","2","0","1","0","0"
"POINT (7.050532606000047 50.920721623000077)","Unfall 61688 (2023) Kat:3, Licht: 0","61688","3","6","2","12","11","6","","0","0","1","0","0"
"POINT (7.005998119000026 50.938440961000026)","Unfall 61689 (2023) Kat:3, Licht: 2","61689","3","3","5","12","20","6","","2","0","1","0","0"
"POINT (7.046703157000024 50.970149088000028)","Unfall 61690 (2023) Kat:3, Licht: 2","61690","3","2","3","12","16","6","","2","0","1","0","1"
"POINT (6.950707688000023 50.973871058000043)","Unfall 61734 (2023) Kat:3, Licht: 0","61734","3","7","4","12","14","1","","0","1","1","0","0"
"POINT (7.060375909000072 50.924083360000054)","Unfall 61753 (2023) Kat:2, Licht: 2","61753","2","1","0","12","02","5","","2","0","1","0","0"
"POINT (7.055669615000056 50.891489814000067)","Unfall 61756 (2023) Kat:3, Licht: 0","61756","3","4","6","12","08","5","","0","0","1","1","0"
"POINT (7.065212567000060 50.837800833000074)","Unfall 61757 (2023) Kat:3, Licht: 0","61757","3","7","0","12","09","5","","0","0","1","0","0"
"POINT (6.978849043000025 50.952459700000077)","Unfall 61758 (2023) Kat:3, Licht: 0","61758","3","6","2","12","13","5","","0","0","1","0","0"
"POINT (6.924732931000051 50.890119859000038)","Unfall 61807 (2023) Kat:3, Licht: 1","61807","3","6","2","12","16","4","","1","0","1","0","0"
"POINT (6.999669916000073 50.937658499000065)","Unfall 61809 (2023) Kat:3, Licht: 2","61809","3","5","1","12","20","4","","2","1","1","0","0"
"POINT (6.959132173000057 50.950975366000080)","Unfall 61810 (2023) Kat:3, Licht: 2","61810","3","1","7","12","22","4","","2","0","1","0","0"
"POINT (6.955696110000076 50.957189916000061)","Unfall 61811 (2023) Kat:3, Licht: 2","61811","3","1","9","12","17","4","","2","0","0","0","0"
"POINT (6.853488619000075 50.977101515000072)","Unfall 61812 (2023) Kat:3, Licht: 2","61812","3","7","7","12","06","4","","2","1","0","0","0"
"POINT (6.927128928000059 50.929767967000032)","Unfall 61813 (2023) Kat:3, Licht: 0","61813","3","7","0","12","11","4","","0","0","0","0","0"
"POINT (7.041698557000075 50.942161059000057)","Unfall 61855 (2023) Kat:3, Licht: 0","61855","3","6","2","12","15","3","","0","0","1","0","0"
"POINT (7.045295307000060 50.969670744000041)","Unfall 61856 (2023) Kat:3, Licht: 0","61856","3","6","2","12","14","3","","0","0","1","0","0"
"POINT (7.024026028000037 50.949523704000057)","Unfall 61897 (2023) Kat:3, Licht: 2","61897","3","1","8","12","06","2","","2","0","1","0","0"
"POINT (7.031127554000022 50.899633386000062)","Unfall 61898 (2023) Kat:3, Licht: 2","61898","3","2","6","12","18","2","","2","0","1","1","0"
"POINT (6.954740450000031 50.959239893000074)","Unfall 61899 (2023) Kat:3, Licht: 2","61899","3","7","7","12","19","2","","2","1","0","0","0"
"POINT (6.982195155000056 50.902499241000044)","Unfall 61901 (2023) Kat:3, Licht: 2","61901","3","1","4","12","00","2","","2","0","1","0","0"
"POINT (7.029882720000046 50.969271684000034)","Unfall 61947 (2023) Kat:3, Licht: 2","61947","3","1","3","12","17","1","","2","0","1","0","0"
"POINT (7.029946687000063 50.969237715000077)","Unfall 61948 (2023) Kat:2, Licht: 0","61948","2","1","0","12","12","1","","0","0","0","0","1"
"POINT (7.005581493000022 50.961660792000032)","Unfall 61949 (2023) Kat:3, Licht: 0","61949","3","4","6","12","15","1","","0","1","0","1","0"
"POINT (7.011565748000066 50.970977090000076)","Unfall 61950 (2023) Kat:3, Licht: 2","61950","3","1","8","12","17","1","","2","0","1","0","0"
"POINT (6.923897270000055 50.912138059000029)","Unfall 61951 (2023) Kat:3, Licht: 2","61951","3","4","6","12","18","1","","2","0","1","1","0"
"POINT (6.928639638000050 50.959950288000073)","Unfall 61987 (2023) Kat:3, Licht: 2","61987","3","3","5","12","16","5","","2","0","1","0","0"
"POINT (7.020449314000075 50.978712274000031)","Unfall 62006 (2023) Kat:3, Licht: 2","62006","3","2","2","12","16","7","","2","0","1","0","0"
"POINT (7.006196651000039 50.961032841000076)","Unfall 62008 (2023) Kat:3, Licht: 0","62008","3","4","6","12","15","7","","0","0","1","1","0"
"POINT (6.914118007000070 50.936744218000058)","Unfall 62009 (2023) Kat:3, Licht: 0","62009","3","1","0","12","12","7","","0","0","0","0","1"
"POINT (6.915007533000050 50.920322792000036)","Unfall 62010 (2023) Kat:3, Licht: 0","62010","3","1","0","12","12","7","","0","1","0","0","0"
"POINT (7.034894720000068 50.956810124000071)","Unfall 62104 (2023) Kat:3, Licht: 2","62104","3","6","2","12","16","6","","2","0","1","0","0"
"POINT (6.972644753000054 50.939554867000027)","Unfall 62105 (2023) Kat:3, Licht: 0","62105","3","3","3","12","14","6","","0","0","1","0","0"
"POINT (7.046159098000032 50.969951763000040)","Unfall 62106 (2023) Kat:3, Licht: 0","62106","3","2","5","12","12","6","","0","1","1","0","0"
"POINT (7.006743494000034 50.967943841000078)","Unfall 62107 (2023) Kat:3, Licht: 2","62107","3","2","6","12","17","6","","2","0","1","1","0"
"POINT (6.853318702000024 50.938101557000039)","Unfall 62108 (2023) Kat:3, Licht: 2","62108","3","6","1","12","23","6","","2","0","1","0","0"
"POINT (7.073646749000034 50.899288737000063)","Unfall 62239 (2023) Kat:3, Licht: 2","62239","3","2","5","12","20","5","","2","0","1","0","0"
"POINT (7.018185709000022 50.933515296000053)","Unfall 62240 (2023) Kat:3, Licht: 2","62240","3","2","6","12","17","5","","2","0","1","1","0"
"POINT (6.914995296000029 50.948460958000055)","Unfall 62241 (2023) Kat:2, Licht: 0","62241","2","2","6","12","10","5","","0","0","0","1","0"
"POINT (6.981858643000066 50.902780470000039)","Unfall 62243 (2023) Kat:3, Licht: 0","62243","3","6","2","12","10","5","","0","0","1","0","0"
"POINT (6.925191713000061 50.932691695000074)","Unfall 62244 (2023) Kat:3, Licht: 0","62244","3","7","0","12","16","5","","0","1","0","0","0"
"POINT (6.960848611000074 50.921388606000050)","Unfall 62245 (2023) Kat:3, Licht: 0","62245","3","5","6","12","14","5","","0","0","1","1","0"
"POINT (7.053825046000043 50.929949389000058)","Unfall 62366 (2023) Kat:3, Licht: 0","62366","3","1","8","12","13","4","","0","0","1","0","0"
"POINT (6.993260271000054 51.011160662000066)","Unfall 62367 (2023) Kat:2, Licht: 2","62367","2","2","2","12","19","4","","2","0","1","0","0"
"POINT (6.931147255000042 50.947419331000049)","Unfall 62368 (2023) Kat:3, Licht: 2","62368","3","1","0","12","21","4","","2","1","0","0","0"
"POINT (6.921042988000067 50.914272215000040)","Unfall 62369 (2023) Kat:3, Licht: 0","62369","3","4","6","12","08","4","","0","0","0","1","0"
"POINT (6.972478564000028 50.912942008000073)","Unfall 62370 (2023) Kat:3, Licht: 0","62370","3","1","0","12","10","4","","0","1","0","0","0"
"POINT (6.952581957000064 50.924106741000060)","Unfall 62371 (2023) Kat:3, Licht: 2","62371","3","6","0","12","00","4","","2","1","1","0","0"
"POINT (7.068566947000022 50.892566676000058)","Unfall 170402 (2023) Kat:3, Licht: 0","170402","3","7","0","01","14","3","","0","1","1","0","0"
"POINT (6.961135384000045 50.941255507000051)","Unfall 170403 (2023) Kat:3, Licht: 0","170403","3","6","6","01","14","3","","0","1","0","1","0"
"POINT (7.007623760000058 50.966228100000080)","Unfall 170404 (2023) Kat:3, Licht: 2","170404","3","7","6","01","21","3","","2","0","1","1","0"
"POINT (6.902886878000061 50.956532209000045)","Unfall 170405 (2023) Kat:3, Licht: 1","170405","3","2","2","01","08","3","","1","1","1","0","0"
"POINT (6.930688524000061 50.949350706000075)","Unfall 170406 (2023) Kat:3, Licht: 1","170406","3","1","7","01","08","3","","1","1","0","0","0"
"POINT (7.004463439000062 50.871055610000042)","Unfall 170407 (2023) Kat:3, Licht: 0","170407","3","3","5","01","08","3","","0","1","1","0","0"
"POINT (6.999663832000067 50.925598930000035)","Unfall 170458 (2023) Kat:3, Licht: 0","170458","3","6","2","01","16","2","","0","0","1","0","0"
"POINT (6.936744922000059 51.024850588000049)","Unfall 170459 (2023) Kat:2, Licht: 1","170459","2","2","4","01","17","2","","1","0","1","0","0"
"POINT (6.914455395000061 50.927661722000039)","Unfall 170460 (2023) Kat:3, Licht: 2","170460","3","3","5","01","17","2","","2","1","1","0","0"
"POINT (6.936159904000021 50.928671534000046)","Unfall 170461 (2023) Kat:3, Licht: 0","170461","3","6","3","01","12","2","","0","1","1","0","0"
"POINT (6.889290241000026 50.939822322000055)","Unfall 170498 (2023) Kat:3, Licht: 2","170498","3","2","5","01","18","1","","2","0","1","0","1"
"POINT (6.949105464000070 50.917947964000064)","Unfall 170499 (2023) Kat:3, Licht: 2","170499","3","1","0","01","01","1","","2","1","0","0","0"
"POINT (6.958733607000056 50.944391454000026)","Unfall 170500 (2023) Kat:3, Licht: 0","170500","3","1","0","01","12","1","","0","0","0","0","0"
"POINT (6.938681635000023 50.975241303000075)","Unfall 170527 (2023) Kat:3, Licht: 0","170527","3","7","6","01","11","7","","0","0","1","1","0"
"POINT (6.926540066000030 50.913735898000027)","Unfall 170528 (2023) Kat:3, Licht: 2","170528","3","6","3","01","19","7","","2","1","0","0","0"
"POINT (6.943912483000076 50.942772426000033)","Unfall 170529 (2023) Kat:3, Licht: 0","170529","3","1","0","01","11","7","","0","0","0","0","0"
"POINT (6.916060492000042 50.968551040000079)","Unfall 170570 (2023) Kat:3, Licht: 0","170570","3","3","5","01","10","6","","0","1","1","0","0"
"POINT (6.877117974000043 50.942600016000029)","Unfall 170571 (2023) Kat:3, Licht: 0","170571","3","6","6","01","13","6","","0","0","1","1","0"
"POINT (6.961685764000038 50.941911032000064)","Unfall 170572 (2023) Kat:3, Licht: 0","170572","3","3","5","01","07","6","","0","1","1","0","0"
"POINT (6.944535166000037 50.947052889000076)","Unfall 170573 (2023) Kat:2, Licht: 1","170573","2","6","0","01","07","6","","1","0","0","0","1"
"POINT (7.022857186000067 50.925011116000064)","Unfall 170627 (2023) Kat:3, Licht: 2","170627","3","2","5","01","07","5","","2","0","1","0","0"
"POINT (7.006586664000054 50.948197085000061)","Unfall 170628 (2023) Kat:3, Licht: 1","170628","3","3","0","01","08","5","","1","0","1","0","0"
"POINT (7.005840955000053 50.959848055000066)","Unfall 170629 (2023) Kat:3, Licht: 2","170629","3","3","5","01","19","5","","2","1","1","0","0"
"POINT (6.946939072000021 51.002605272000039)","Unfall 170630 (2023) Kat:3, Licht: 2","170630","3","1","9","01","19","5","","2","0","1","0","0"
"POINT (6.919511927000030 50.954039387000080)","Unfall 170631 (2023) Kat:3, Licht: 2","170631","3","2","3","01","17","5","","2","0","1","0","0"
"POINT (6.916737982000029 50.947153465000042)","Unfall 170632 (2023) Kat:2, Licht: 2","170632","2","3","5","01","21","5","","2","1","0","0","0"
"POINT (6.897892295000077 50.957194962000074)","Unfall 170633 (2023) Kat:3, Licht: 2","170633","3","2","6","01","07","5","","2","0","1","1","0"
"POINT (6.918410705000042 50.911460757000043)","Unfall 170634 (2023) Kat:3, Licht: 0","170634","3","7","6","01","14","5","","0","1","0","1","0"
"POINT (6.905462330000034 50.920273538000060)","Unfall 170635 (2023) Kat:3, Licht: 2","170635","3","3","5","01","19","5","","2","1","0","0","1"
"POINT (6.961421774000030 50.924520035000057)","Unfall 170636 (2023) Kat:3, Licht: 1","170636","3","3","5","01","16","5","","1","1","1","0","0"
"POINT (6.945781167000064 50.935194409000076)","Unfall 170637 (2023) Kat:3, Licht: 2","170637","3","2","5","01","18","5","","2","1","0","0","0"
"POINT (7.075249291000034 50.893092924000030)","Unfall 170702 (2023) Kat:3, Licht: 1","170702","3","2","6","01","08","4","","1","0","1","1","0"
"POINT (6.982787642000062 50.920187763000058)","Unfall 170703 (2023) Kat:3, Licht: 1","170703","3","3","5","01","08","4","","1","1","0","0","0"
"POINT (6.946430885000041 50.974186856000074)","Unfall 170704 (2023) Kat:2, Licht: 2","170704","2","4","6","01","06","4","","2","0","1","1","0"
"POINT (6.904319914000041 50.974784933000080)","Unfall 170705 (2023) Kat:3, Licht: 2","170705","3","4","0","01","17","4","","2","0","0","1","0"
"POINT (6.927615757000069 50.895858990000079)","Unfall 170706 (2023) Kat:3, Licht: 0","170706","3","2","5","01","11","4","","0","0","1","0","0"
"POINT (6.955450283000062 50.863239316000033)","Unfall 170707 (2023) Kat:3, Licht: 2","170707","3","1","0","01","19","4","","2","0","0","0","1"
"POINT (6.968654932000049 50.907693868000081)","Unfall 170708 (2023) Kat:3, Licht: 0","170708","3","3","5","01","14","4","","0","1","1","0","0"
"POINT (6.935474465000027 50.941392365000070)","Unfall 170709 (2023) Kat:3, Licht: 1","170709","3","3","0","01","16","4","","1","1","1","0","0"
"POINT (6.944042244000059 50.923782974000062)","Unfall 170710 (2023) Kat:3, Licht: 0","170710","3","3","3","01","10","4","","0","1","1","0","0"
"POINT (6.940505535000057 50.934786119000080)","Unfall 170711 (2023) Kat:3, Licht: 1","170711","3","4","6","01","08","4","","1","0","1","1","0"
"POINT (6.951968191000049 50.939707804000079)","Unfall 170712 (2023) Kat:2, Licht: 1","170712","2","7","6","01","17","4","","1","0","1","1","0"
"POINT (6.913400519000049 50.997518140000068)","Unfall 170764 (2023) Kat:3, Licht: 1","170764","3","3","0","01","16","6","","1","1","1","0","0"
"POINT (7.014380466000034 50.880998597000030)","Unfall 170771 (2023) Kat:3, Licht: 2","170771","3","2","6","01","18","3","","2","0","1","1","0"
"POINT (7.096528436000028 50.920201179000060)","Unfall 170781 (2023) Kat:3, Licht: 0","170781","3","7","6","01","10","3","","0","0","0","1","0"
"POINT (6.949469136000062 50.963637570000060)","Unfall 170782 (2023) Kat:3, Licht: 0","170782","3","1","0","01","14","3","","0","0","0","0","0"
"POINT (6.942226751000021 50.958346679000044)","Unfall 170783 (2023) Kat:3, Licht: 2","170783","3","2","6","01","22","3","","2","0","1","1","0"
"POINT (6.887776724000048 50.955387295000037)","Unfall 170784 (2023) Kat:3, Licht: 0","170784","3","6","8","01","08","3","","0","1","0","0","0"