WKT,Name,OBJECTID,UKATEGORIE,UTYP1,UART,UMONAT,USTUNDE,UWOCHENTAG,STRZUSTAND,ULICHTVERH,ISTRAD,ISTPKW,ISTFUSS,ISTKRAD
"POINT (6.892253455000059 50.989408407000042)","Unfall 170786 (2023) Kat:3, Licht: 2","170786","3","2","6","01","17","3","","2","0","1","1","0"
"POINT (6.909708027000022 50.915065471000048)","Unfall 170787 (2023) Kat:3, Licht: 0","170787","3","3","5","01","12","3","","0","1","1","0","0"
"POINT (6.930254973000046 50.914674364000064)","Unfall 170788 (2023) Kat:3, Licht: 2","170788","3","6","1","01","18","3","","2","1","0","0","0"
"POINT (6.912420231000056 50.930900269000063)","Unfall 170789 (2023) Kat:3, Licht: 0","170789","3","1","0","01","09","3","","0","1","0","0","0"
"POINT (6.960376348000068 50.918552036000051)","Unfall 170790 (2023) Kat:3, Licht: 0","170790","3","2","5","01","12","3","","0","1","1","0","0"
"POINT (6.940551543000026 50.919503380000037)","Unfall 170791 (2023) Kat:3, Licht: 0","170791","3","2","4","01","12","3","","0","0","0","0","0"
"POINT (6.945412290000036 50.946835613000076)","Unfall 170792 (2023) Kat:3, Licht: 2","170792","3","3","5","01","19","3","","2","1","1","0","0"
"POINT (6.928945672000054 50.924682782000048)","Unfall 170816 (2023) Kat:3, Licht: 0","170816","3","4","0","01","08","3","","0","1","0","1","0"
"POINT (7.042178041000057 50.939465062000068)","Unfall 170847 (2023) Kat:3, Licht: 2","170847","3","1","8","01","01","2","","2","1","0","0","0"
"POINT (6.950744878000023 51.022351347000040)","Unfall 170848 (2023) Kat:3, Licht: 0","170848","3","3","5","01","16","2","","0","1","1","0","0"
"POINT (6.918293529000039 50.942776416000072)","Unfall 170849 (2023) Kat:3, Licht: 0","170849","3","3","5","01","13","2","","0","1","0","0","0"
"POINT (6.992538345000071 50.890593557000045)","Unfall 170850 (2023) Kat:3, Licht: 0","170850","3","4","6","01","11","2","","0","0","1","1","0"
"POINT (6.934137850000070 50.920277783000074)","Unfall 170851 (2023) Kat:3, Licht: 0","170851","3","6","3","01","13","2","","0","1","1","0","0"
"POINT (6.909340921000023 50.941608006000081)","Unfall 170859 (2023) Kat:3, Licht: 1","170859","3","6","2","01","19","7","","1","0","1","0","0"
"POINT (7.009637358000020 50.971032708000052)","Unfall 170894 (2023) Kat:3, Licht: 2","170894","3","4","6","01","20","1","","2","0","1","1","0"
"POINT (6.913988031000031 50.996587705000081)","Unfall 170895 (2023) Kat:3, Licht: 0","170895","3","3","5","01","13","1","","0","1","1","0","0"
"POINT (6.921255951000035 50.955847644000073)","Unfall 170897 (2023) Kat:2, Licht: 2","170897","2","1","0","01","02","1","","2","0","0","0","0"
"POINT (6.936962278000067 50.918303382000033)","Unfall 170898 (2023) Kat:3, Licht: 2","170898","3","1","0","01","19","1","","2","1","0","0","0"
"POINT (6.960198502000026 50.943280346000051)","Unfall 170899 (2023) Kat:3, Licht: 2","170899","3","7","7","01","04","1","","2","1","0","0","0"
"POINT (6.999909859000070 50.929062631000079)","Unfall 170919 (2023) Kat:3, Licht: 2","170919","3","3","5","01","19","7","","2","0","1","0","0"
"POINT (6.922395564000055 50.918783525000038)","Unfall 170920 (2023) Kat:3, Licht: 2","170920","3","4","6","01","20","7","","2","1","0","1","0"
"POINT (6.969088756000076 50.879001470000048)","Unfall 170954 (2023) Kat:3, Licht: 2","170954","3","6","2","01","17","6","","2","0","1","0","0"
"POINT (7.070534322000071 50.945055525000043)","Unfall 170955 (2023) Kat:3, Licht: 0","170955","3","1","0","01","10","6","","0","1","1","0","0"
"POINT (7.000999053000044 50.935308984000073)","Unfall 170957 (2023) Kat:3, Licht: 2","170957","3","2","5","01","06","6","","2","0","1","0","0"
"POINT (7.021712701000070 50.939769990000059)","Unfall 170958 (2023) Kat:3, Licht: 0","170958","3","7","6","01","12","6","","0","0","1","1","0"
"POINT (6.946304406000024 50.973575933000063)","Unfall 170959 (2023) Kat:3, Licht: 0","170959","3","5","1","01","12","6","","0","0","0","0","1"
"POINT (6.923023368000031 50.952751053000043)","Unfall 170960 (2023) Kat:3, Licht: 0","170960","3","1","0","01","13","6","","0","0","0","0","1"
"POINT (6.967943844000047 50.912777290000065)","Unfall 170961 (2023) Kat:2, Licht: 1","170961","2","6","1","01","16","6","","1","0","1","0","0"
"POINT (6.958500393000065 50.994075665000082)","Unfall 170992 (2023) Kat:3, Licht: 0","170992","3","3","5","01","12","5","","0","0","1","0","0"
"POINT (6.870094940000058 50.976428502000033)","Unfall 170993 (2023) Kat:2, Licht: 2","170993","2","1","0","01","21","5","","2","0","0","0","0"
"POINT (6.912045023000076 50.965284237000049)","Unfall 170994 (2023) Kat:3, Licht: 2","170994","3","2","5","01","19","5","","2","0","1","0","0"
"POINT (6.922068964000061 50.957865320000053)","Unfall 170995 (2023) Kat:3, Licht: 0","170995","3","5","1","01","08","5","","0","1","1","0","0"
"POINT (7.011427068000046 50.880137347000073)","Unfall 171000 (2023) Kat:2, Licht: 0","171000","2","1","0","01","14","2","","0","0","1","0","0"
"POINT (7.046042148000026 50.946810656000082)","Unfall 171030 (2023) Kat:3, Licht: 2","171030","3","5","0","01","08","4","","2","1","0","0","0"
"POINT (7.018529313000045 50.958182319000059)","Unfall 171031 (2023) Kat:3, Licht: 2","171031","3","5","0","01","19","4","","2","0","1","1","0"
"POINT (6.936292173000027 50.928574229000048)","Unfall 171032 (2023) Kat:3, Licht: 2","171032","3","2","5","01","17","4","","2","0","1","1","0"
"POINT (6.945823211000061 50.935767027000054)","Unfall 171033 (2023) Kat:3, Licht: 2","171033","3","6","1","01","18","4","","2","0","1","0","0"
"POINT (6.952744242000051 50.961017410000068)","Unfall 171077 (2023) Kat:3, Licht: 0","171077","3","3","5","01","13","3","","0","1","0","0","1"
"POINT (6.887548263000042 50.955397466000079)","Unfall 171078 (2023) Kat:3, Licht: 2","171078","3","1","0","01","18","3","","2","1","0","0","0"
"POINT (6.966197998000041 50.980707956000060)","Unfall 171115 (2023) Kat:3, Licht: 0","171115","3","3","5","01","13","2","","0","1","1","0","0"
"POINT (6.959919228000047 50.910675001000072)","Unfall 171116 (2023) Kat:3, Licht: 0","171116","3","5","1","01","11","2","","0","0","1","0","0"
"POINT (6.952364302000035 50.939180963000069)","Unfall 171221 (2023) Kat:3, Licht: 0","171221","3","4","6","01","14","6","","0","1","0","1","0"
"POINT (7.038909290000049 50.928815868000072)","Unfall 171268 (2023) Kat:3, Licht: 0","171268","3","1","5","01","13","3","","0","0","1","0","1"
"POINT (6.907247047000055 50.967676973000039)","Unfall 171457 (2023) Kat:3, Licht: 0","171457","3","1","0","02","08","6","","0","1","0","0","0"
"POINT (6.889555285000029 50.955415510000080)","Unfall 171458 (2023) Kat:3, Licht: 0","171458","3","1","0","02","08","6","","0","1","0","0","0"
"POINT (6.919335408000052 50.964284133000035)","Unfall 171459 (2023) Kat:3, Licht: 0","171459","3","1","0","02","08","6","","0","0","0","0","1"
"POINT (6.845785437000075 50.931160702000057)","Unfall 171460 (2023) Kat:3, Licht: 0","171460","3","1","0","02","07","6","","0","1","0","0","0"
"POINT (6.845749210000065 50.931148849000067)","Unfall 171461 (2023) Kat:3, Licht: 0","171461","3","1","0","02","08","6","","0","1","0","0","0"
"POINT (6.960948134000034 50.943475802000080)","Unfall 171462 (2023) Kat:3, Licht: 0","171462","3","1","6","02","13","6","","0","0","0","1","0"
"POINT (6.956329426000025 50.932095092000054)","Unfall 171463 (2023) Kat:3, Licht: 0","171463","3","1","0","02","08","6","","0","1","0","0","0"
"POINT (6.905374121000023 50.919318888000078)","Unfall 171464 (2023) Kat:3, Licht: 0","171464","3","1","0","02","08","6","","0","1","0","0","0"
"POINT (6.973458160000064 50.940243271000043)","Unfall 171516 (2023) Kat:3, Licht: 0","171516","3","3","5","02","09","5","","0","1","1","0","0"
"POINT (7.013840626000047 50.955633178000028)","Unfall 171517 (2023) Kat:3, Licht: 1","171517","3","4","6","02","17","5","","1","0","1","1","0"
"POINT (6.928401740000027 50.920907994000061)","Unfall 171518 (2023) Kat:3, Licht: 0","171518","3","5","1","02","11","5","","0","1","1","0","0"
"POINT (6.940329038000073 50.930897350000066)","Unfall 171519 (2023) Kat:3, Licht: 0","171519","3","5","1","02","11","5","","0","1","0","0","0"
"POINT (6.942871671000034 50.927680305000081)","Unfall 171520 (2023) Kat:3, Licht: 0","171520","3","1","0","02","13","5","","0","0","0","0","0"
"POINT (7.032932690000052 50.920422648000056)","Unfall 171559 (2023) Kat:3, Licht: 0","171559","3","1","8","02","14","4","","0","0","1","0","0"
"POINT (6.905414939000025 50.967934873000047)","Unfall 171560 (2023) Kat:2, Licht: 0","171560","2","1","0","02","08","4","","0","1","0","0","0"
"POINT (6.969621843000027 50.918553388000078)","Unfall 171561 (2023) Kat:3, Licht: 2","171561","3","7","0","02","18","4","","2","1","0","0","0"
"POINT (7.087665437000055 50.876378996000028)","Unfall 171605 (2023) Kat:3, Licht: 0","171605","3","3","5","02","10","3","","0","1","1","0","0"
"POINT (7.047578665000060 50.934541502000059)","Unfall 171606 (2023) Kat:3, Licht: 1","171606","3","5","1","02","06","3","","1","0","1","0","0"
"POINT (6.995426145000067 50.935371817000032)","Unfall 171607 (2023) Kat:3, Licht: 1","171607","3","1","0","02","18","3","","1","0","0","0","0"
"POINT (6.947252240000068 51.004306956000050)","Unfall 171608 (2023) Kat:3, Licht: 2","171608","3","6","2","02","19","3","","2","0","1","0","0"
"POINT (6.958769196000048 50.966317110000034)","Unfall 171609 (2023) Kat:3, Licht: 1","171609","3","3","5","02","07","3","","1","1","1","0","0"
"POINT (6.896926308000047 50.938963153000032)","Unfall 171610 (2023) Kat:3, Licht: 0","171610","3","7","2","02","16","3","","0","0","1","0","0"
"POINT (7.005001940000056 50.868158695000034)","Unfall 171611 (2023) Kat:3, Licht: 0","171611","3","3","5","02","08","3","","0","0","1","0","0"
"POINT (6.924068123000040 50.935509721000074)","Unfall 171612 (2023) Kat:3, Licht: 2","171612","3","3","5","02","06","3","","2","1","1","0","0"
"POINT (6.958752616000027 50.906112447000055)","Unfall 171613 (2023) Kat:3, Licht: 0","171613","3","3","5","02","16","3","","0","0","1","0","1"
"POINT (6.958394576000046 50.920227674000046)","Unfall 171614 (2023) Kat:3, Licht: 0","171614","3","3","5","02","09","3","","0","1","1","0","0"
"POINT (6.953396228000031 50.933316198000057)","Unfall 171615 (2023) Kat:3, Licht: 0","171615","3","2","4","02","09","3","","0","1","1","0","0"
"POINT (6.961151604000065 50.967302894000056)","Unfall 171677 (2023) Kat:3, Licht: 1","171677","3","4","6","02","17","2","","1","0","1","1","0"
"POINT (6.939805177000039 50.960265800000059)","Unfall 171678 (2023) Kat:3, Licht: 0","171678","3","7","1","02","15","2","","0","0","1","0","0"
"POINT (6.940618773000040 50.922915708000062)","Unfall 171679 (2023) Kat:3, Licht: 2","171679","3","1","0","02","19","2","","2","1","0","0","0"
"POINT (6.958130556000071 50.939260790000048)","Unfall 171702 (2023) Kat:3, Licht: 2","171702","3","1","0","02","04","1","","2","0","0","0","0"
"POINT (6.984257076000063 50.991449222000028)","Unfall 171716 (2023) Kat:3, Licht: 2","171716","3","1","9","02","22","7","","2","0","1","0","0"
"POINT (7.005880878000028 50.949033521000047)","Unfall 171717 (2023) Kat:3, Licht: 0","171717","3","5","1","02","13","7","","0","1","1","0","0"
"POINT (6.878476215000035 50.931857454000067)","Unfall 171718 (2023) Kat:3, Licht: 1","171718","3","6","3","02","17","7","","1","1","0","0","1"
"POINT (6.943700637000063 50.932503841000027)","Unfall 171719 (2023) Kat:2, Licht: 2","171719","2","1","0","02","01","7","","2","0","0","0","0"
"POINT (6.947663414000033 50.938043642000082)","Unfall 171720 (2023) Kat:3, Licht: 0","171720","3","4","6","02","13","7","","0","1","0","1","0"
"POINT (6.975629438000055 50.932013375000054)","Unfall 171757 (2023) Kat:3, Licht: 0","171757","3","5","0","02","14","6","","0","1","1","0","0"
"POINT (6.947989289000020 50.963295756000036)","Unfall 171758 (2023) Kat:3, Licht: 0","171758","3","5","1","02","15","6","","0","1","1","0","0"
"POINT (6.885334099000033 50.955525038000076)","Unfall 171759 (2023) Kat:3, Licht: 0","171759","3","5","0","02","08","6","","0","1","1","0","0"
"POINT (6.896576022000033 50.964718123000068)","Unfall 171760 (2023) Kat:3, Licht: 0","171760","3","3","5","02","13","6","","0","0","1","0","0"
"POINT (6.952828664000037 50.941491963000033)","Unfall 171761 (2023) Kat:3, Licht: 2","171761","3","2","5","02","20","6","","2","0","1","0","0"
"POINT (6.973539988000027 50.938672637000082)","Unfall 171765 (2023) Kat:3, Licht: 2","171765","3","5","1","02","19","6","","2","1","1","0","0"
"POINT (6.941001909000022 50.958449144000042)","Unfall 171813 (2023) Kat:3, Licht: 0","171813","3","3","5","02","16","5","","0","1","0","0","0"
"POINT (6.898433818000058 50.943263371000057)","Unfall 171814 (2023) Kat:3, Licht: 0","171814","3","2","5","02","09","5","","0","1","1","0","0"
"POINT (6.943376886000067 50.915402864000043)","Unfall 171815 (2023) Kat:2, Licht: 0","171815","2","7","0","02","14","5","","0","0","0","0","0"
"POINT (6.948916167000050 50.963977327000066)","Unfall 171863 (2023) Kat:3, Licht: 0","171863","3","5","1","02","09","4","","0","1","1","0","0"
"POINT (6.914709552000033 50.982889378000039)","Unfall 171864 (2023) Kat:3, Licht: 2","171864","3","5","1","02","05","4","","2","0","1","0","0"
"POINT (6.894201207000037 50.990730624000037)","Unfall 171865 (2023) Kat:3, Licht: 2","171865","3","3","5","02","20","4","","2","0","1","0","0"
"POINT (6.901010901000063 50.930904270000042)","Unfall 171866 (2023) Kat:3, Licht: 2","171866","3","3","5","02","18","4","","2","1","1","0","0"
"POINT (6.959082259000070 50.922824896000066)","Unfall 171867 (2023) Kat:3, Licht: 0","171867","3","1","0","02","14","4","","0","1","1","0","0"
"POINT (6.950117512000077 50.935400873000049)","Unfall 171868 (2023) Kat:3, Licht: 0","171868","3","3","5","02","15","4","","0","1","0","0","0"
"POINT (7.049210671000026 50.865931147000026)","Unfall 171869 (2023) Kat:3, Licht: 0","171869","3","7","0","02","13","2","","0","0","0","1","0"
"POINT (6.951616985000044 50.919697050000082)","Unfall 171870 (2023) Kat:3, Licht: 1","171870","3","4","6","02","07","4","","1","1","0","1","0"
"POINT (7.072991404000049 50.898851859000047)","Unfall 171913 (2023) Kat:3, Licht: 0","171913","3","4","0","01","17","3","","0","0","1","1","0"
"POINT (7.002065949000041 50.979723696000065)","Unfall 171915 (2023) Kat:3, Licht: 0","171915","3","4","6","01","12","3","","0","1","0","1","0"
"POINT (6.925427331000037 50.955104819000042)","Unfall 171916 (2023) Kat:3, Licht: 0","171916","3","2","5","01","16","3","","0","1","1","0","0"
"POINT (6.969213605000050 50.910165793000033)","Unfall 171917 (2023) Kat:3, Licht: 0","171917","3","7","6","01","16","3","","0","0","1","1","0"
"POINT (6.977783872000032 50.929378818000032)","Unfall 171954 (2023) Kat:3, Licht: 2","171954","3","1","8","02","17","3","","2","1","0","0","0"
"POINT (7.067096050000032 50.914099610000051)","Unfall 171963 (2023) Kat:3, Licht: 0","171963","3","3","5","01","14","2","","0","0","1","0","0"
"POINT (6.839074065000034 51.074998777000076)","Unfall 171964 (2023) Kat:3, Licht: 2","171964","3","3","5","01","08","2","","2","0","1","0","0"
"POINT (6.937247642000045 50.918758614000069)","Unfall 171965 (2023) Kat:3, Licht: 0","171965","3","6","2","01","16","2","","0","0","1","0","0"
"POINT (6.984078269000065 50.945678599000075)","Unfall 171999 (2023) Kat:3, Licht: 2","171999","3","6","1","01","20","1","","2","0","1","0","0"
"POINT (6.945591330000070 50.927726405000044)","Unfall 172000 (2023) Kat:3, Licht: 0","172000","3","6","3","01","16","1","","0","1","0","0","1"
"POINT (7.021461682000051 50.928382417000080)","Unfall 172013 (2023) Kat:3, Licht: 2","172013","3","5","6","01","17","7","","2","0","1","1","0"
"POINT (6.872850190000065 50.995875267000031)","Unfall 172014 (2023) Kat:3, Licht: 2","172014","3","3","5","01","20","7","","2","0","1","0","0"
"POINT (6.914382120000027 50.967284980000045)","Unfall 172016 (2023) Kat:1, Licht: 2","172016","1","4","6","01","19","7","","2","0","1","1","0"
"POINT (6.914453907000052 50.927661301000057)","Unfall 172017 (2023) Kat:2, Licht: 0","172017","2","7","0","01","16","7","","0","1","0","0","0"
"POINT (6.957626464000043 50.920659213000079)","Unfall 172018 (2023) Kat:3, Licht: 2","172018","3","2","4","01","22","7","","2","1","1","0","0"
"POINT (6.975947816000030 50.972805363000077)","Unfall 172056 (2023) Kat:3, Licht: 0","172056","3","7","6","01","12","6","","0","0","0","1","0"
"POINT (6.953834667000024 50.937414606000061)","Unfall 172057 (2023) Kat:3, Licht: 2","172057","3","4","6","01","17","6","","2","0","1","1","0"
"POINT (7.049508941000056 50.916259537000030)","Unfall 172119 (2023) Kat:3, Licht: 0","172119","3","3","5","01","15","5","","0","0","1","0","0"
"POINT (6.939848921000021 50.945781013000044)","Unfall 172120 (2023) Kat:3, Licht: 0","172120","3","2","3","01","10","5","","0","1","1","0","0"
"POINT (6.942607339000062 50.932211824000035)","Unfall 172121 (2023) Kat:3, Licht: 0","172121","3","1","0","01","15","5","","0","1","0","0","0"
"POINT (6.947796945000050 50.940217831000041)","Unfall 172122 (2023) Kat:2, Licht: 2","172122","2","5","1","01","20","5","","2","1","1","0","0"
"POINT (7.004435309000030 50.943693046000078)","Unfall 172168 (2023) Kat:2, Licht: 0","172168","2","7","0","01","11","4","","0","1","0","0","0"
"POINT (7.041617226000028 50.965823391000072)","Unfall 172169 (2023) Kat:3, Licht: 0","172169","3","1","8","01","13","4","","0","0","1","0","0"
"POINT (6.923101731000031 50.957765716000040)","Unfall 172170 (2023) Kat:2, Licht: 2","172170","2","1","0","01","21","4","","2","1","0","0","0"
"POINT (6.905761940000048 50.959332925000069)","Unfall 172171 (2023) Kat:3, Licht: 2","172171","3","6","0","01","19","4","","2","0","1","0","0"
"POINT (6.959434174000023 50.922168134000060)","Unfall 172172 (2023) Kat:3, Licht: 0","172172","3","6","0","01","12","4","","0","0","0","1","0"
"POINT (6.953389563000030 50.944744760000049)","Unfall 172173 (2023) Kat:3, Licht: 0","172173","3","6","2","01","09","4","","0","0","1","0","0"
"POINT (6.956630343000029 50.947497008000028)","Unfall 172174 (2023) Kat:3, Licht: 0","172174","3","2","0","01","15","4","","0","1","0","0","0"
"POINT (6.961431043000061 50.916512066000053)","Unfall 172175 (2023) Kat:3, Licht: 0","172175","3","4","6","01","16","4","","0","1","0","1","0"
"POINT (6.933435695000071 50.954253932000029)","Unfall 172218 (2023) Kat:3, Licht: 2","172218","3","5","1","01","19","3","","2","0","1","0","0"
"POINT (6.853240349000032 50.932814926000049)","Unfall 172219 (2023) Kat:3, Licht: 0","172219","3","7","9","01","12","3","","0","0","1","0","0"
"POINT (6.904214307000075 50.919468962000053)","Unfall 172220 (2023) Kat:2, Licht: 0","172220","2","1","8","01","07","3","","0","0","1","0","0"
"POINT (6.965239984000050 50.872606845000064)","Unfall 172221 (2023) Kat:3, Licht: 2","172221","3","3","5","01","19","3","","2","1","1","0","0"
"POINT (6.991182599000069 50.887240241000029)","Unfall 172222 (2023) Kat:3, Licht: 0","172222","3","7","8","01","16","3","","0","0","1","0","0"
"POINT (7.085347767000030 50.863133244000039)","Unfall 172264 (2023) Kat:3, Licht: 0","172264","3","3","0","01","09","2","","0","1","1","0","0"
"POINT (7.002137883000046 50.979273263000039)","Unfall 172265 (2023) Kat:3, Licht: 1","172265","3","3","4","01","17","2","","1","1","1","0","0"
"POINT (6.924859398000024 51.034138995000035)","Unfall 172266 (2023) Kat:3, Licht: 2","172266","3","3","5","01","04","2","","2","1","0","0","0"
"POINT (6.835444793000022 50.935736094000049)","Unfall 172267 (2023) Kat:2, Licht: 2","172267","2","4","6","01","07","2","","2","0","1","1","0"
"POINT (6.946548694000057 50.915019786000073)","Unfall 172268 (2023) Kat:3, Licht: 0","172268","3","6","2","01","16","2","","0","0","1","0","0"
"POINT (6.960262753000052 50.937699059000067)","Unfall 172269 (2023) Kat:3, Licht: 2","172269","3","1","7","01","19","2","","2","1","0","0","0"
"POINT (6.955332383000041 50.951382805000037)","Unfall 172270 (2023) Kat:3, Licht: 0","172270","3","4","6","01","10","2","","0","0","1","1","0"
"POINT (6.999875048000035 50.940687624000077)","Unfall 172312 (2023) Kat:3, Licht: 2","172312","3","3","5","01","21","7","","2","1","1","0","0"
"POINT (6.958541555000068 50.962285447000056)","Unfall 172313 (2023) Kat:3, Licht: 2","172313","3","5","1","01","22","7","","2","0","1","0","0"
"POINT (6.937815060000048 50.957615911000062)","Unfall 172314 (2023) Kat:3, Licht: 2","172314","3","2","2","01","00","7","","2","0","1","0","0"
"POINT (6.924078966000025 50.952371874000050)","Unfall 172315 (2023) Kat:3, Licht: 2","172315","3","1","0","01","04","7","","2","1","0","0","0"
"POINT (7.059327835000033 50.881166626000038)","Unfall 172327 (2023) Kat:3, Licht: 0","172327","3","6","6","02","10","5","","0","0","1","1","0"
"POINT (6.966005537000058 50.986630368000078)","Unfall 172350 (2023) Kat:2, Licht: 2","172350","2","1","0","01","23","6","","2","0","0","0","0"
"POINT (6.878672949000077 50.964199369000028)","Unfall 172351 (2023) Kat:3, Licht: 2","172351","3","3","0","01","07","6","","2","1","1","0","0"
"POINT (6.905616547000022 50.967109782000080)","Unfall 172352 (2023) Kat:3, Licht: 0","172352","3","1","5","01","11","6","","0","1","1","0","0"
"POINT (7.067501702000072 50.894559609000055)","Unfall 172406 (2023) Kat:3, Licht: 2","172406","3","4","6","01","20","5","","2","0","1","1","0"
"POINT (7.016934191000075 50.955545592000078)","Unfall 172407 (2023) Kat:3, Licht: 0","172407","3","1","0","01","09","5","","0","0","0","0","0"
"POINT (7.001321460000042 50.950190357000054)","Unfall 172409 (2023) Kat:3, Licht: 0","172409","3","2","3","01","08","5","","0","1","1","0","0"
"POINT (6.907314085000053 50.968714713000054)","Unfall 172410 (2023) Kat:3, Licht: 0","172410","3","5","1","01","13","5","","0","1","1","0","0"
"POINT (6.930885871000044 50.925784664000048)","Unfall 172411 (2023) Kat:3, Licht: 0","172411","3","7","0","01","09","5","","0","0","0","0","0"
"POINT (6.939860586000066 50.917727878000051)","Unfall 172412 (2023) Kat:3, Licht: 2","172412","3","1","0","01","07","5","","2","1","0","0","0"
"POINT (6.936367807000067 50.947093543000051)","Unfall 172461 (2023) Kat:3, Licht: 0","172461","3","3","5","02","10","3","","0","1","1","0","0"
"POINT (7.013837879000050 50.985326403000045)","Unfall 172478 (2023) Kat:3, Licht: 0","172478","3","7","0","01","13","4","","0","0","0","0","1"
"POINT (7.103480367000031 50.856489738000050)","Unfall 172480 (2023) Kat:3, Licht: 0","172480","3","3","5","01","08","4","","0","1","0","0","0"
"POINT (7.068111297000030 50.889548048000051)","Unfall 172481 (2023) Kat:3, Licht: 0","172481","3","1","1","01","09","4","","0","0","1","0","0"
"POINT (6.927492683000025 50.928980698000032)","Unfall 172487 (2023) Kat:3, Licht: 0","172487","3","3","0","02","07","5","","0","1","1","0","0"
"POINT (6.957177019000028 50.954158932000041)","Unfall 172511 (2023) Kat:3, Licht: 2","172511","3","1","0","03","19","5","","2","1","0","0","0"
"POINT (6.953085980000026 50.970392581000056)","Unfall 172512 (2023) Kat:3, Licht: 0","172512","3","4","6","03","15","5","","0","0","1","1","0"
"POINT (6.869698140000025 50.932269684000062)","Unfall 172513 (2023) Kat:3, Licht: 0","172513","3","3","5","03","07","5","","0","1","1","0","0"
"POINT (6.932000637000044 50.926584339000044)","Unfall 172514 (2023) Kat:3, Licht: 0","172514","3","2","0","03","11","5","","0","1","0","0","0"
"POINT (6.917785770000023 50.932072470000037)","Unfall 172515 (2023) Kat:3, Licht: 0","172515","3","2","6","03","11","5","","0","0","1","1","0"
"POINT (6.950515559000053 50.949280456000054)","Unfall 172516 (2023) Kat:3, Licht: 0","172516","3","3","5","03","13","5","","0","1","1","0","0"
"POINT (6.915372766000075 50.982673492000060)","Unfall 172566 (2023) Kat:3, Licht: 0","172566","3","3","5","03","16","4","","0","0","1","0","1"
"POINT (6.911736753000071 50.964993607000054)","Unfall 172567 (2023) Kat:3, Licht: 2","172567","3","7","0","03","06","4","","2","0","0","0","0"
"POINT (6.939011177000054 50.946615497000039)","Unfall 172568 (2023) Kat:3, Licht: 0","172568","3","6","3","03","15","4","","0","0","0","0","1"
"POINT (7.061776563000024 50.885704294000050)","Unfall 172619 (2023) Kat:3, Licht: 0","172619","3","3","0","02","15","3","","0","1","1","0","0"
"POINT (6.926509699000064 50.956916192000051)","Unfall 172620 (2023) Kat:3, Licht: 0","172620","3","6","3","02","07","3","","0","1","1","0","0"
"POINT (7.009908464000034 50.867231536000077)","Unfall 172621 (2023) Kat:3, Licht: 0","172621","3","3","0","02","13","3","","0","1","1","0","0"
"POINT (7.085957514000029 50.923420975000056)","Unfall 172672 (2023) Kat:3, Licht: 2","172672","3","4","6","02","20","2","","2","0","1","1","0"
"POINT (6.880531467000026 51.018293628000038)","Unfall 172674 (2023) Kat:3, Licht: 0","172674","3","1","8","02","14","2","","0","0","0","0","1"
"POINT (6.899509433000048 50.945936035000045)","Unfall 172675 (2023) Kat:3, Licht: 0","172675","3","6","2","02","10","2","","0","0","1","0","0"
"POINT (6.922530444000074 50.915873493000049)","Unfall 172676 (2023) Kat:3, Licht: 2","172676","3","2","5","02","19","2","","2","1","1","0","0"
"POINT (6.944042244000059 50.923782974000062)","Unfall 172677 (2023) Kat:3, Licht: 0","172677","3","2","3","02","14","2","","0","1","1","0","0"
"POINT (6.950955783000040 50.942563882000059)","Unfall 172678 (2023) Kat:3, Licht: 0","172678","3","4","6","02","12","2","","0","0","1","1","0"
"POINT (6.999746310000035 50.927433089000033)","Unfall 172724 (2023) Kat:3, Licht: 0","172724","3","3","5","02","13","1","","0","0","1","0","0"
"POINT (6.957867135000072 50.873696471000073)","Unfall 172725 (2023) Kat:3, Licht: 0","172725","3","2","5","02","10","1","","0","1","1","0","0"
"POINT (7.070973839000033 50.886154257000044)","Unfall 172796 (2023) Kat:3, Licht: 0","172796","3","2","5","02","11","6","","0","1","1","0","0"
"POINT (6.986621440000022 50.938082324000050)","Unfall 172797 (2023) Kat:3, Licht: 2","172797","3","6","1","02","23","6","","2","0","1","0","0"
"POINT (7.007043935000070 50.957070163000026)","Unfall 172798 (2023) Kat:2, Licht: 2","172798","2","4","6","02","20","6","","2","0","1","1","0"
"POINT (6.976803441000072 50.966187774000048)","Unfall 172799 (2023) Kat:3, Licht: 0","172799","3","7","0","02","17","6","","0","1","0","0","0"
"POINT (6.993847142000050 50.873465681000027)","Unfall 172800 (2023) Kat:3, Licht: 2","172800","3","3","5","02","18","6","","2","0","1","0","0"
"POINT (6.946469182000044 50.937867478000044)","Unfall 172801 (2023) Kat:3, Licht: 0","172801","3","6","5","02","11","6","","0","0","1","0","0"
"POINT (6.932291318000068 50.931693550000034)","Unfall 172802 (2023) Kat:2, Licht: 2","172802","2","1","0","02","21","6","","2","1","0","0","0"
"POINT (6.953193966000072 50.935214310000049)","Unfall 172803 (2023) Kat:3, Licht: 1","172803","3","2","0","02","17","6","","1","0","1","0","1"
"POINT (7.000995961000058 50.935321011000042)","Unfall 172830 (2023) Kat:3, Licht: 2","172830","3","2","5","03","05","5","","2","0","1","0","0"