WKT,Name,OBJECTID,UKATEGORIE,UTYP1,UART,UMONAT,USTUNDE,UWOCHENTAG,STRZUSTAND,ULICHTVERH,ISTRAD,ISTPKW,ISTFUSS,ISTKRAD
"POINT (7.000997635000033 50.935314499000071)","Unfall 172863 (2023) Kat:3, Licht: 0","172863","3","6","2","02","11","5","","0","0","1","0","0"
"POINT (7.001564079000048 50.946834792000061)","Unfall 172864 (2023) Kat:3, Licht: 0","172864","3","6","2","02","14","5","","0","1","1","0","0"
"POINT (6.943625280000049 50.985601832000043)","Unfall 172865 (2023) Kat:3, Licht: 2","172865","3","4","6","02","20","5","","2","0","1","1","0"
"POINT (6.960788382000032 50.962755915000059)","Unfall 172866 (2023) Kat:3, Licht: 0","172866","3","5","1","02","16","5","","0","1","1","0","0"
"POINT (6.906686728000068 50.945404200000041)","Unfall 172867 (2023) Kat:3, Licht: 0","172867","3","3","5","02","15","5","","0","0","1","0","0"
"POINT (6.885965341000031 50.947348177000038)","Unfall 172868 (2023) Kat:3, Licht: 2","172868","3","2","6","02","06","5","","2","0","1","1","0"
"POINT (6.897577859000023 50.965174442000034)","Unfall 172869 (2023) Kat:3, Licht: 0","172869","3","3","5","02","08","5","","0","1","1","0","0"
"POINT (6.920292694000068 50.920077580000054)","Unfall 172871 (2023) Kat:3, Licht: 2","172871","3","3","5","02","06","5","","2","0","1","0","1"
"POINT (7.020540230000051 50.959891044000074)","Unfall 172912 (2023) Kat:3, Licht: 0","172912","3","1","0","02","14","4","","0","0","0","0","0"
"POINT (6.852504208000028 51.064500675000033)","Unfall 172913 (2023) Kat:3, Licht: 0","172913","3","3","5","02","10","4","","0","0","1","0","0"
"POINT (6.957545643000060 50.873507819000054)","Unfall 172914 (2023) Kat:3, Licht: 0","172914","3","3","5","02","07","4","","0","1","1","0","0"
"POINT (6.962741424000058 50.910090200000070)","Unfall 172915 (2023) Kat:3, Licht: 2","172915","3","6","2","02","06","4","","2","0","1","0","1"
"POINT (6.958102829000040 50.939916918000051)","Unfall 172916 (2023) Kat:3, Licht: 0","172916","3","7","0","02","10","4","","0","1","0","0","0"
"POINT (6.938513041000022 50.929850319000082)","Unfall 172917 (2023) Kat:3, Licht: 2","172917","3","1","0","02","22","4","","2","0","0","0","0"
"POINT (7.103852383000060 50.851729949000060)","Unfall 172962 (2023) Kat:3, Licht: 0","172962","3","5","2","02","15","3","","0","1","0","0","0"
"POINT (6.910264786000027 50.950531313000056)","Unfall 172963 (2023) Kat:3, Licht: 0","172963","3","5","1","02","10","3","","0","1","1","0","0"
"POINT (6.968952170000023 50.970915135000041)","Unfall 173000 (2023) Kat:3, Licht: 2","173000","3","4","0","02","19","2","","2","0","0","1","0"
"POINT (6.911201672000061 50.964487956000028)","Unfall 173001 (2023) Kat:2, Licht: 2","173001","2","1","0","02","23","2","","2","1","0","0","0"
"POINT (6.923493077000046 50.863815865000049)","Unfall 173002 (2023) Kat:3, Licht: 0","173002","3","7","3","02","15","2","","0","0","1","0","1"
"POINT (6.955936563000023 50.944361732000061)","Unfall 173003 (2023) Kat:3, Licht: 2","173003","3","4","6","02","20","2","","2","1","0","1","0"
"POINT (6.999495112000034 50.958842747000062)","Unfall 173052 (2023) Kat:3, Licht: 2","173052","3","3","5","02","22","7","","2","0","1","0","0"
"POINT (6.935988193000071 50.977170787000034)","Unfall 173053 (2023) Kat:3, Licht: 1","173053","3","1","0","02","17","7","","1","0","0","0","1"
"POINT (6.927383949000046 50.977194766000082)","Unfall 173054 (2023) Kat:2, Licht: 1","173054","2","1","0","02","16","7","","1","1","0","0","0"
"POINT (6.936306180000031 50.912472505000039)","Unfall 173055 (2023) Kat:2, Licht: 0","173055","2","5","1","02","14","7","","0","0","1","0","0"
"POINT (6.985680339000055 50.868195458000059)","Unfall 173056 (2023) Kat:3, Licht: 2","173056","3","1","0","02","19","7","","2","0","0","0","1"
"POINT (7.010158607000051 50.980341781000050)","Unfall 173089 (2023) Kat:3, Licht: 0","173089","3","6","5","02","15","6","","0","0","1","0","0"
"POINT (6.958135147000064 50.974181424000051)","Unfall 173090 (2023) Kat:3, Licht: 1","173090","3","3","5","02","17","6","","1","0","1","0","0"
"POINT (6.911475447000043 50.938658863000057)","Unfall 173091 (2023) Kat:3, Licht: 2","173091","3","1","1","02","01","6","","2","1","1","0","0"
"POINT (6.907449819000021 50.919244346000028)","Unfall 173092 (2023) Kat:3, Licht: 0","173092","3","2","2","02","12","6","","0","1","1","0","0"
"POINT (6.989393402000076 50.883912749000046)","Unfall 173093 (2023) Kat:3, Licht: 2","173093","3","1","1","02","18","6","","2","0","1","0","0"
"POINT (6.955201933000069 50.932485661000044)","Unfall 173094 (2023) Kat:3, Licht: 0","173094","3","5","0","02","17","6","","0","0","1","0","0"
"POINT (6.951907963000053 50.961643391000052)","Unfall 173141 (2023) Kat:3, Licht: 0","173141","3","2","6","02","08","5","","0","0","1","1","0"
"POINT (6.918905410000036 50.946255506000057)","Unfall 173142 (2023) Kat:3, Licht: 2","173142","3","1","0","02","21","5","","2","1","0","0","0"
"POINT (7.004379335000067 50.871405238000079)","Unfall 173143 (2023) Kat:2, Licht: 0","173143","2","2","5","02","09","5","","0","1","1","0","0"
"POINT (6.928972697000063 50.924692677000053)","Unfall 173144 (2023) Kat:3, Licht: 2","173144","3","1","0","02","20","5","","2","0","0","0","1"
"POINT (7.011237646000041 50.926647586000058)","Unfall 173195 (2023) Kat:3, Licht: 0","173195","3","7","0","02","13","4","","0","0","0","0","0"
"POINT (6.907531037000069 50.989650236000045)","Unfall 173196 (2023) Kat:3, Licht: 2","173196","3","3","5","02","18","4","","2","1","1","0","0"
"POINT (6.850826719000054 50.948054020000029)","Unfall 173197 (2023) Kat:3, Licht: 0","173197","3","2","5","02","12","4","","0","0","1","0","0"
"POINT (7.004369325000027 50.871517577000077)","Unfall 173198 (2023) Kat:3, Licht: 0","173198","3","2","6","02","11","4","","0","0","1","0","0"
"POINT (6.934634849000076 50.927645749000078)","Unfall 173199 (2023) Kat:3, Licht: 2","173199","3","3","5","02","21","4","","2","1","1","0","0"
"POINT (6.945781167000064 50.935194409000076)","Unfall 173200 (2023) Kat:3, Licht: 0","173200","3","1","8","02","14","4","","0","0","0","0","1"
"POINT (6.956200881000029 50.937650513000051)","Unfall 173201 (2023) Kat:3, Licht: 0","173201","3","1","0","02","08","4","","0","1","0","0","0"
"POINT (6.995765620000043 50.959276461000059)","Unfall 173221 (2023) Kat:3, Licht: 0","173221","3","5","1","02","13","5","","0","1","1","0","0"
"POINT (6.956001933000039 50.942543913000065)","Unfall 173262 (2023) Kat:3, Licht: 2","173262","3","3","5","02","04","3","","2","0","1","0","0"
"POINT (7.088211401000024 50.862951940000073)","Unfall 173279 (2023) Kat:3, Licht: 0","173279","3","3","5","02","08","3","","0","1","1","0","0"
"POINT (7.005908457000032 50.948972824000066)","Unfall 173280 (2023) Kat:3, Licht: 0","173280","3","5","5","02","14","3","","0","0","1","0","0"
"POINT (6.956785606000039 50.974154514000077)","Unfall 173281 (2023) Kat:2, Licht: 2","173281","2","2","5","02","21","3","","2","0","1","0","0"
"POINT (6.968177883000067 50.981807046000029)","Unfall 173282 (2023) Kat:3, Licht: 2","173282","3","1","0","02","19","3","","2","0","0","0","1"
"POINT (6.920899115000054 50.941723005000028)","Unfall 173283 (2023) Kat:3, Licht: 0","173283","3","6","2","02","08","3","","0","0","1","0","1"
"POINT (6.940760784000076 50.920899959000053)","Unfall 173284 (2023) Kat:3, Licht: 0","173284","3","1","0","02","14","3","","0","1","0","0","0"
"POINT (7.000213577000068 50.915121402000068)","Unfall 173356 (2023) Kat:3, Licht: 0","173356","3","7","0","02","14","2","","0","0","1","0","0"
"POINT (7.039266207000026 50.966911810000056)","Unfall 173357 (2023) Kat:3, Licht: 0","173357","3","4","6","02","14","2","","0","1","0","1","0"
"POINT (6.911905531000059 50.949953060000041)","Unfall 173358 (2023) Kat:3, Licht: 2","173358","3","5","1","02","20","2","","2","1","1","0","0"
"POINT (6.941294694000021 50.909242106000079)","Unfall 173359 (2023) Kat:3, Licht: 0","173359","3","1","0","02","20","2","","0","0","0","0","1"
"POINT (6.947590761000072 50.942776750000064)","Unfall 173360 (2023) Kat:3, Licht: 2","173360","3","1","1","02","00","2","","2","0","1","0","0"
"POINT (6.945252879000066 50.932862889000035)","Unfall 173361 (2023) Kat:3, Licht: 0","173361","3","4","6","02","10","2","","0","0","1","1","0"
"POINT (6.994670568000060 50.893380071000081)","Unfall 173413 (2023) Kat:3, Licht: 2","173413","3","3","5","02","00","1","","2","0","1","0","0"
"POINT (6.953292591000036 50.899760979000064)","Unfall 173414 (2023) Kat:3, Licht: 2","173414","3","5","1","02","22","1","","2","1","0","0","0"
"POINT (7.050927954000031 50.974150846000043)","Unfall 173440 (2023) Kat:3, Licht: 2","173440","3","5","3","02","17","7","","2","1","1","0","0"
"POINT (6.906425951000074 50.967792215000031)","Unfall 173441 (2023) Kat:3, Licht: 1","173441","3","1","0","02","17","7","","1","1","0","0","0"
"POINT (7.018577501000038 50.877044831000035)","Unfall 173442 (2023) Kat:3, Licht: 0","173442","3","5","1","02","15","7","","0","1","1","0","0"
"POINT (6.960975989000076 50.927564282000048)","Unfall 173443 (2023) Kat:3, Licht: 0","173443","3","3","5","02","15","7","","0","1","1","0","0"
"POINT (7.027960470000039 50.936443649000068)","Unfall 173505 (2023) Kat:3, Licht: 1","173505","3","1","0","02","09","6","","1","1","0","0","0"
"POINT (6.954096728000025 50.971428150000065)","Unfall 173506 (2023) Kat:3, Licht: 0","173506","3","4","6","02","11","6","","0","0","1","1","0"
"POINT (7.018991265000068 50.939761675000057)","Unfall 173546 (2023) Kat:3, Licht: 0","173546","3","2","5","03","08","6","","0","0","1","0","0"
"POINT (6.982434266000041 50.950365333000036)","Unfall 173547 (2023) Kat:2, Licht: 0","173547","2","1","0","03","17","6","","0","1","0","0","0"
"POINT (6.946184276000054 50.957756369000037)","Unfall 173548 (2023) Kat:3, Licht: 0","173548","3","1","0","03","10","6","","0","1","0","0","0"
"POINT (6.934126990000038 50.948373643000082)","Unfall 173549 (2023) Kat:2, Licht: 2","173549","2","3","0","03","23","6","","2","1","1","0","0"
"POINT (6.910030386000074 50.963364047000027)","Unfall 173607 (2023) Kat:3, Licht: 0","173607","3","3","5","03","15","5","","0","1","1","0","0"
"POINT (6.930093024000030 50.949585725000077)","Unfall 173608 (2023) Kat:2, Licht: 0","173608","2","6","3","03","07","5","","0","1","0","0","0"
"POINT (6.886316692000037 50.942812672000059)","Unfall 173609 (2023) Kat:3, Licht: 0","173609","3","2","3","03","13","5","","0","0","1","0","0"
"POINT (6.941464170000074 50.911182288000077)","Unfall 173610 (2023) Kat:3, Licht: 0","173610","3","5","5","03","08","5","","0","1","1","0","0"
"POINT (6.942126041000051 50.940092609000033)","Unfall 173611 (2023) Kat:3, Licht: 0","173611","3","6","3","03","16","5","","0","1","1","0","0"
"POINT (6.975154548000035 50.938407753000035)","Unfall 173638 (2023) Kat:3, Licht: 0","173638","3","5","1","03","07","4","","0","1","1","0","0"
"POINT (6.992243182000038 50.955178765000028)","Unfall 173639 (2023) Kat:3, Licht: 0","173639","3","2","4","03","11","4","","0","0","1","0","0"
"POINT (6.915547336000031 50.982646267000064)","Unfall 173640 (2023) Kat:3, Licht: 0","173640","3","6","2","03","15","4","","0","0","1","0","0"
"POINT (6.927169756000069 50.919869268000070)","Unfall 173641 (2023) Kat:3, Licht: 0","173641","3","5","0","03","18","4","","0","1","1","0","0"
"POINT (7.067896949000044 50.891305243000033)","Unfall 173692 (2023) Kat:3, Licht: 0","173692","3","2","5","03","17","3","","0","1","1","0","0"
"POINT (6.942563044000053 50.968464709000045)","Unfall 173693 (2023) Kat:3, Licht: 0","173693","3","3","5","03","15","3","","0","0","1","0","0"
"POINT (6.959787829000049 50.974220969000044)","Unfall 173694 (2023) Kat:3, Licht: 0","173694","3","2","4","03","10","3","","0","1","1","0","0"
"POINT (6.925891201000070 50.957175951000067)","Unfall 173695 (2023) Kat:3, Licht: 0","173695","3","5","0","03","08","3","","0","1","1","0","0"
"POINT (6.948579957000049 50.917016992000072)","Unfall 173696 (2023) Kat:2, Licht: 0","173696","2","3","5","03","15","3","","0","1","1","0","0"
"POINT (6.961078056000076 50.898897754000075)","Unfall 173697 (2023) Kat:3, Licht: 0","173697","3","7","7","03","10","3","","0","0","0","0","0"
"POINT (6.937677132000033 50.947053967000045)","Unfall 173698 (2023) Kat:3, Licht: 0","173698","3","6","0","03","08","3","","0","1","0","0","0"
"POINT (6.952925772000071 50.937495495000064)","Unfall 173699 (2023) Kat:3, Licht: 0","173699","3","6","2","03","10","3","","0","0","1","0","1"
"POINT (6.998875868000027 50.922545693000075)","Unfall 173740 (2023) Kat:3, Licht: 2","173740","3","3","5","03","19","2","","2","0","1","0","0"
"POINT (7.008357524000076 50.938275647000069)","Unfall 173741 (2023) Kat:3, Licht: 0","173741","3","6","6","03","11","2","","0","0","1","1","0"
"POINT (7.055309341000054 50.904442745000040)","Unfall 173742 (2023) Kat:3, Licht: 0","173742","3","3","5","03","07","2","","0","0","1","0","0"
"POINT (7.016885230000071 50.958018705000029)","Unfall 173743 (2023) Kat:3, Licht: 0","173743","3","7","1","03","10","2","","0","0","1","0","0"
"POINT (7.030395419000058 50.991429542000049)","Unfall 173744 (2023) Kat:3, Licht: 0","173744","3","2","5","03","15","2","","0","1","1","0","0"
"POINT (6.897993999000050 50.970003351000059)","Unfall 173745 (2023) Kat:3, Licht: 0","173745","3","1","0","03","14","2","","0","0","0","0","1"
"POINT (6.920886348000067 50.964791274000049)","Unfall 173747 (2023) Kat:2, Licht: 0","173747","2","2","4","03","13","2","","0","1","1","0","0"
"POINT (6.924407373000065 50.917706888000055)","Unfall 173748 (2023) Kat:3, Licht: 0","173748","3","3","5","03","13","2","","0","1","1","0","0"
"POINT (6.923012718000052 50.862994075000074)","Unfall 173749 (2023) Kat:3, Licht: 2","173749","3","3","9","03","19","2","","2","0","1","0","0"
"POINT (6.934644086000048 50.938120991000062)","Unfall 173750 (2023) Kat:3, Licht: 1","173750","3","7","0","03","19","2","","1","0","1","0","1"
"POINT (6.909345308000070 50.988300228000071)","Unfall 173790 (2023) Kat:3, Licht: 0","173790","3","2","5","03","07","2","","0","1","1","0","0"
"POINT (6.995046142000035 50.934411063000027)","Unfall 173795 (2023) Kat:3, Licht: 0","173795","3","6","0","03","12","1","","0","0","1","0","0"
"POINT (6.942342702000076 50.957866330000058)","Unfall 173796 (2023) Kat:3, Licht: 0","173796","3","4","0","03","16","1","","0","1","0","1","0"
"POINT (6.940976515000045 50.958445775000030)","Unfall 173797 (2023) Kat:3, Licht: 2","173797","3","1","0","03","19","1","","2","1","0","0","0"
"POINT (6.907779964000042 50.945299374000058)","Unfall 173798 (2023) Kat:3, Licht: 2","173798","3","2","5","03","22","1","","2","0","1","0","1"
"POINT (6.953217799000072 50.941522374000044)","Unfall 173799 (2023) Kat:3, Licht: 0","173799","3","1","7","03","07","1","","0","0","0","0","0"
"POINT (6.997666099000071 50.929749338000079)","Unfall 173825 (2023) Kat:3, Licht: 0","173825","3","2","0","03","17","7","","0","0","1","1","0"
"POINT (6.946691263000048 50.969735023000055)","Unfall 173826 (2023) Kat:3, Licht: 0","173826","3","5","1","03","15","7","","0","0","1","0","1"
"POINT (6.912525303000052 50.984096580000028)","Unfall 173827 (2023) Kat:3, Licht: 0","173827","3","7","9","03","11","7","","0","0","1","0","0"
"POINT (6.974194038000064 50.868441662000066)","Unfall 173828 (2023) Kat:3, Licht: 0","173828","3","4","6","03","10","7","","0","0","1","1","0"
"POINT (7.005816237000033 50.869027217000053)","Unfall 173829 (2023) Kat:3, Licht: 0","173829","3","1","1","03","14","7","","0","0","1","0","0"
"POINT (6.930994724000072 50.914411618000031)","Unfall 173830 (2023) Kat:3, Licht: 2","173830","3","1","0","03","19","7","","2","1","0","0","0"
"POINT (6.952823925000075 50.937820589000069)","Unfall 173831 (2023) Kat:3, Licht: 0","173831","3","6","2","03","16","7","","0","0","1","0","0"
"POINT (7.006240251000065 50.947868043000028)","Unfall 173880 (2023) Kat:3, Licht: 2","173880","3","2","0","03","22","6","","2","0","1","0","0"
"POINT (6.887667363000048 51.032008177000080)","Unfall 173881 (2023) Kat:3, Licht: 0","173881","3","7","4","03","13","6","","0","0","1","0","0"
"POINT (6.957760716000053 50.957715038000060)","Unfall 173882 (2023) Kat:3, Licht: 2","173882","3","7","0","03","19","6","","2","0","1","0","0"
"POINT (6.909860215000037 50.945193379000045)","Unfall 173883 (2023) Kat:3, Licht: 0","173883","3","1","0","03","09","6","","0","0","0","0","0"
"POINT (6.918666685000062 50.921205824000026)","Unfall 173884 (2023) Kat:3, Licht: 1","173884","3","1","0","03","19","6","","1","1","0","0","0"
"POINT (6.930174644000033 50.937513529000057)","Unfall 173885 (2023) Kat:3, Licht: 2","173885","3","5","1","03","00","6","","2","0","1","1","0"
"POINT (6.989755294000076 50.908412725000062)","Unfall 173939 (2023) Kat:3, Licht: 0","173939","3","1","9","03","17","5","","0","1","0","0","0"
"POINT (7.052315036000039 50.928184022000039)","Unfall 173940 (2023) Kat:3, Licht: 0","173940","3","1","0","03","17","5","","0","1","0","0","0"
"POINT (6.958368124000060 50.936259841000037)","Unfall 173941 (2023) Kat:3, Licht: 0","173941","3","4","6","03","11","5","","0","0","0","1","0"
"POINT (6.924408689000074 50.917707886000073)","Unfall 173967 (2023) Kat:3, Licht: 2","173967","3","2","6","03","20","6","","2","0","1","1","0"
"POINT (7.055549036000059 50.931373838000070)","Unfall 173982 (2023) Kat:2, Licht: 0","173982","2","4","6","03","14","4","","0","0","1","1","0"
"POINT (6.911531716000070 50.972748916000057)","Unfall 173983 (2023) Kat:3, Licht: 0","173983","3","1","0","03","08","4","","0","1","0","0","0"
"POINT (6.839055016000032 50.962322716000074)","Unfall 173984 (2023) Kat:3, Licht: 1","173984","3","3","5","03","18","4","","1","1","1","0","0"
"POINT (6.939490519000060 50.903131528000074)","Unfall 173985 (2023) Kat:2, Licht: 0","173985","2","3","5","03","08","4","","0","1","1","0","0"
"POINT (6.958997734000036 50.910633310000037)","Unfall 174024 (2023) Kat:3, Licht: 0","174024","3","5","1","03","17","3","","0","1","1","0","0"
"POINT (7.010131738000041 50.952266728000041)","Unfall 174068 (2023) Kat:3, Licht: 0","174068","3","2","0","03","16","2","","0","1","1","0","0"
"POINT (6.996147262000022 50.959776799000053)","Unfall 174069 (2023) Kat:3, Licht: 0","174069","3","4","0","03","08","2","","0","0","1","1","0"
"POINT (6.941156573000058 50.940325482000048)","Unfall 174070 (2023) Kat:2, Licht: 0","174070","2","2","5","03","12","2","","0","1","1","0","0"
"POINT (6.943044629000042 50.935159051000028)","Unfall 174071 (2023) Kat:3, Licht: 0","174071","3","2","4","03","13","2","","0","1","1","0","0"
"POINT (6.999321168000051 50.930603752000081)","Unfall 174107 (2023) Kat:3, Licht: 0","174107","3","3","5","03","11","1","","0","0","1","0","0"
"POINT (6.955677237000032 50.973035504000052)","Unfall 174108 (2023) Kat:3, Licht: 0","174108","3","5","0","03","16","1","","0","0","1","0","0"
"POINT (7.005124473000023 50.870213922000062)","Unfall 174109 (2023) Kat:3, Licht: 0","174109","3","2","4","03","13","1","","0","0","1","0","0"
"POINT (6.941616630000055 50.916916363000041)","Unfall 174110 (2023) Kat:2, Licht: 2","174110","2","1","0","03","01","1","","2","0","0","0","0"
"POINT (6.950628251000069 50.938449910000031)","Unfall 174111 (2023) Kat:3, Licht: 0","174111","3","1","0","03","17","1","","0","0","0","0","0"
"POINT (7.001321460000042 50.950190357000054)","Unfall 174138 (2023) Kat:3, Licht: 0","174138","3","2","4","03","12","7","","0","0","1","0","0"
"POINT (6.926162949000059 50.975157823000075)","Unfall 174157 (2023) Kat:3, Licht: 0","174157","3","5","1","03","07","6","","0","0","1","0","0"
"POINT (6.990241361000074 50.938848457000063)","Unfall 174168 (2023) Kat:3, Licht: 2","174168","3","7","6","03","20","6","","2","0","1","1","0"
"POINT (7.010759934000021 50.972018412000068)","Unfall 174169 (2023) Kat:2, Licht: 2","174169","2","4","6","03","20","6","","2","0","1","1","0"
"POINT (6.895238398000060 51.018568191000043)","Unfall 174170 (2023) Kat:3, Licht: 0","174170","3","1","8","03","14","6","","0","0","1","0","0"
"POINT (6.939190977000067 50.958165629000064)","Unfall 174171 (2023) Kat:3, Licht: 2","174171","3","5","5","03","19","6","","2","1","1","0","0"
"POINT (7.064261258000045 50.914192151000066)","Unfall 174238 (2023) Kat:3, Licht: 0","174238","3","2","4","03","07","5","","0","0","1","0","0"
"POINT (7.007744532000061 50.940515897000068)","Unfall 174239 (2023) Kat:3, Licht: 0","174239","3","4","6","03","14","5","","0","1","0","1","0"
"POINT (6.927217445000053 50.981483904000072)","Unfall 174240 (2023) Kat:3, Licht: 2","174240","3","6","0","03","20","5","","2","1","0","1","0"
"POINT (6.955879288000062 50.988338664000025)","Unfall 174241 (2023) Kat:3, Licht: 0","174241","3","6","2","03","15","5","","0","0","1","0","0"
"POINT (6.904882721000035 51.018845665000072)","Unfall 174242 (2023) Kat:3, Licht: 0","174242","3","5","0","03","08","5","","0","1","1","0","0"
"POINT (6.850859301000071 50.948073050000062)","Unfall 174243 (2023) Kat:3, Licht: 0","174243","3","2","4","03","18","5","","0","0","1","0","0"
"POINT (6.917159965000053 50.960333172000048)","Unfall 174244 (2023) Kat:3, Licht: 0","174244","3","1","0","03","13","5","","0","1","0","0","0"
"POINT (7.011037727000030 50.867554938000069)","Unfall 174245 (2023) Kat:3, Licht: 0","174245","3","3","1","03","16","5","","0","1","1","0","0"
"POINT (7.032540964000020 50.980046565000066)","Unfall 174256 (2023) Kat:3, Licht: 0","174256","3","1","0","03","11","7","","0","0","0","0","1"
"POINT (6.941026338000029 50.914907005000032)","Unfall 174293 (2023) Kat:3, Licht: 0","174293","3","1","0","03","12","3","","0","0","0","0","1"
"POINT (6.838263224000059 50.941095232000066)","Unfall 174294 (2023) Kat:3, Licht: 0","174294","3","2","6","03","07","4","","0","0","1","1","0"
"POINT (6.941282853000075 50.909554533000062)","Unfall 174295 (2023) Kat:3, Licht: 2","174295","3","2","5","03","07","4","","2","1","1","0","0"
"POINT (6.925390686000071 50.917039404000036)","Unfall 174296 (2023) Kat:3, Licht: 0","174296","3","5","5","03","15","4","","0","0","1","0","1"
"POINT (6.951492499000040 50.921850114000051)","Unfall 174297 (2023) Kat:3, Licht: 0","174297","3","6","1","03","10","4","","0","0","1","0","0"
"POINT (6.955735275000052 50.956898822000028)","Unfall 174349 (2023) Kat:3, Licht: 0","174349","3","6","3","03","15","3","","0","1","1","0","0"
"POINT (6.913082264000025 50.966196958000069)","Unfall 174351 (2023) Kat:3, Licht: 0","174351","3","2","4","03","13","3","","0","1","1","0","0"
"POINT (6.965151896000066 50.913315204000071)","Unfall 174352 (2023) Kat:3, Licht: 2","174352","3","2","0","03","18","3","","2","0","1","0","0"
"POINT (6.952415453000071 50.930882547000067)","Unfall 174353 (2023) Kat:3, Licht: 0","174353","3","3","5","03","10","3","","0","0","1","0","0"
"POINT (6.940544433000071 50.946508200000039)","Unfall 174354 (2023) Kat:3, Licht: 0","174354","3","6","4","03","10","3","","0","0","1","0","0"
"POINT (6.941490709000050 50.945110740000075)","Unfall 174355 (2023) Kat:3, Licht: 0","174355","3","3","5","03","08","3","","0","1","1","0","0"
"POINT (7.087695984000050 50.875787834000050)","Unfall 174401 (2023) Kat:3, Licht: 0","174401","3","7","0","03","16","2","","0","1","0","1","0"
"POINT (7.044095645000027 50.962726878000069)","Unfall 174402 (2023) Kat:3, Licht: 1","174402","3","3","5","03","16","2","","1","1","1","0","0"
"POINT (6.837482340000065 50.941440646000046)","Unfall 174403 (2023) Kat:2, Licht: 2","174403","2","5","1","03","21","2","","2","0","1","0","0"
"POINT (6.956275111000025 50.932789264000064)","Unfall 174404 (2023) Kat:2, Licht: 2","174404","2","1","0","03","06","2","","2","1","0","0","0"
"POINT (6.928193997000051 50.941768714000034)","Unfall 174406 (2023) Kat:3, Licht: 0","174406","3","3","5","03","15","5","","0","1","1","0","0"
"POINT (6.884243864000041 51.018995453000059)","Unfall 174433 (2023) Kat:3, Licht: 0","174433","3","3","5","03","09","3","","0","0","1","0","0"
"POINT (6.937239544000022 50.918762806000075)","Unfall 174448 (2023) Kat:3, Licht: 0","174448","3","4","6","03","12","2","","0","1","0","1","0"
"POINT (7.008180899000024 50.943366915000070)","Unfall 174453 (2023) Kat:3, Licht: 0","174453","3","5","1","03","13","1","","0","0","1","0","0"
"POINT (6.925950063000073 50.918874270000060)","Unfall 174454 (2023) Kat:3, Licht: 0","174454","3","3","5","03","14","1","","0","1","1","0","0"
"POINT (7.092343292000066 50.971188321000056)","Unfall 174480 (2023) Kat:3, Licht: 0","174480","3","2","5","03","14","7","","0","1","1","0","0"
"POINT (6.905469278000055 50.967201994000050)","Unfall 174481 (2023) Kat:2, Licht: 2","174481","2","1","8","03","03","7","","2","0","1","0","0"
"POINT (6.911075044000029 50.964368291000028)","Unfall 174482 (2023) Kat:2, Licht: 2","174482","2","4","6","03","20","7","","2","0","1","1","0"
"POINT (6.952017357000045 50.917825263000054)","Unfall 174483 (2023) Kat:3, Licht: 0","174483","3","7","6","03","12","7","","0","0","1","1","0"
"POINT (7.031811594000033 50.940288421000048)","Unfall 174520 (2023) Kat:3, Licht: 2","174520","3","3","5","03","19","6","","2","1","1","0","0"
"POINT (6.891024136000055 51.014978603000031)","Unfall 174521 (2023) Kat:3, Licht: 0","174521","3","7","6","03","12","6","","0","0","1","1","0"
"POINT (6.816044502000068 50.945630943000026)","Unfall 174522 (2023) Kat:2, Licht: 0","174522","2","1","0","03","16","6","","0","0","0","0","1"
"POINT (6.955824947000053 50.942413967000050)","Unfall 174523 (2023) Kat:3, Licht: 2","174523","3","7","0","03","00","6","","2","0","1","0","0"
"POINT (7.015759373000037 50.954306426000073)","Unfall 174547 (2023) Kat:3, Licht: 0","174547","3","2","5","03","15","7","","0","1","1","0","0"
"POINT (6.961418974000026 50.952513464000049)","Unfall 174571 (2023) Kat:3, Licht: 0","174571","3","7","6","04","17","3","","0","0","1","1","0"
"POINT (6.856040198000073 51.062031111000067)","Unfall 174572 (2023) Kat:3, Licht: 0","174572","3","3","5","04","16","3","","0","0","1","0","0"
"POINT (6.898774223000032 51.006081753000046)","Unfall 174573 (2023) Kat:3, Licht: 0","174573","3","3","0","04","15","3","","0","1","1","0","0"
"POINT (6.900056745000029 50.937613519000081)","Unfall 174574 (2023) Kat:3, Licht: 0","174574","3","6","2","04","18","3","","0","0","1","0","0"
"POINT (6.912994690000062 50.956618813000034)","Unfall 174575 (2023) Kat:3, Licht: 0","174575","3","2","5","04","14","3","","0","1","0","0","1"
"POINT (6.993766653000023 50.866586162000033)","Unfall 174576 (2023) Kat:3, Licht: 1","174576","3","2","3","04","07","3","","1","1","1","0","0"
"POINT (6.935804609000058 50.933974427000066)","Unfall 174577 (2023) Kat:3, Licht: 0","174577","3","1","0","04","10","3","","0","1","0","0","0"
"POINT (6.959986669000045 50.919766143000061)","Unfall 174578 (2023) Kat:3, Licht: 1","174578","3","5","1","04","21","3","","1","1","1","0","0"
"POINT (6.998374816000023 50.930726822000054)","Unfall 174620 (2023) Kat:3, Licht: 0","174620","3","1","1","04","10","2","","0","0","1","0","1"