WKT,Name,OBJECTID,UKATEGORIE,UTYP1,UART,UMONAT,USTUNDE,UWOCHENTAG,STRZUSTAND,ULICHTVERH,ISTRAD,ISTPKW,ISTFUSS,ISTKRAD
"POINT (7.060122038000031 50.903626721000080)","Unfall 174621 (2023) Kat:3, Licht: 0","174621","3","7","9","04","18","2","","0","1","0","0","0"
"POINT (7.061724815000048 50.895950120000066)","Unfall 174622 (2023) Kat:3, Licht: 0","174622","3","1","0","04","16","2","","0","0","0","0","1"
"POINT (7.007337456000073 50.975466355000037)","Unfall 174623 (2023) Kat:3, Licht: 0","174623","3","7","6","04","13","2","","0","0","1","1","0"
"POINT (7.002902130000052 50.950532822000071)","Unfall 174624 (2023) Kat:2, Licht: 2","174624","2","1","9","04","00","2","","2","0","1","0","0"
"POINT (6.848012067000070 51.064353507000078)","Unfall 174625 (2023) Kat:3, Licht: 0","174625","3","3","5","04","17","2","","0","1","1","0","0"
"POINT (6.914584154000067 50.946520985000063)","Unfall 174626 (2023) Kat:3, Licht: 0","174626","3","7","0","04","13","2","","0","1","1","0","0"
"POINT (6.935465466000039 50.947754528000075)","Unfall 174627 (2023) Kat:3, Licht: 2","174627","3","3","0","04","21","2","","2","1","1","0","0"
"POINT (6.948755189000053 50.934379405000072)","Unfall 174628 (2023) Kat:3, Licht: 0","174628","3","3","5","04","07","2","","0","1","0","0","0"
"POINT (7.097576639000067 50.872645378000072)","Unfall 174663 (2023) Kat:3, Licht: 0","174663","3","7","6","04","14","1","","0","0","1","1","0"
"POINT (6.982866579000074 50.944249688000070)","Unfall 174664 (2023) Kat:3, Licht: 0","174664","3","6","3","04","18","1","","0","0","1","0","0"
"POINT (6.948551875000021 50.968065140000078)","Unfall 174665 (2023) Kat:2, Licht: 0","174665","2","3","5","04","13","1","","0","1","0","1","0"
"POINT (6.967605139000057 50.982281237000052)","Unfall 174666 (2023) Kat:3, Licht: 1","174666","3","1","0","04","19","1","","1","0","0","0","1"
"POINT (6.899895936000064 50.981975315000057)","Unfall 174667 (2023) Kat:3, Licht: 0","174667","3","5","1","04","17","1","","0","0","1","0","0"
"POINT (6.984396591000063 50.951568033000058)","Unfall 174668 (2023) Kat:3, Licht: 0","174668","3","6","4","04","15","1","","0","0","1","0","0"
"POINT (6.907797558000027 50.945298314000070)","Unfall 174687 (2023) Kat:3, Licht: 2","174687","3","2","6","04","23","7","","2","0","1","1","0"
"POINT (6.948792798000056 50.917221223000070)","Unfall 174725 (2023) Kat:3, Licht: 0","174725","3","3","5","04","12","6","","0","0","0","0","0"
"POINT (7.017768530000069 50.874480396000081)","Unfall 174726 (2023) Kat:2, Licht: 2","174726","2","7","9","04","23","6","","2","0","1","0","0"
"POINT (6.953098963000059 50.939836896000031)","Unfall 174727 (2023) Kat:3, Licht: 0","174727","3","4","0","04","17","6","","0","0","0","1","1"
"POINT (6.959279072000072 50.933406937000029)","Unfall 174728 (2023) Kat:3, Licht: 2","174728","3","1","0","04","23","6","","2","0","0","0","0"
"POINT (7.074193571000023 50.975436953000042)","Unfall 174767 (2023) Kat:3, Licht: 0","174767","3","7","6","04","09","5","","0","0","0","1","1"
"POINT (6.906462922000060 51.012152582000056)","Unfall 174768 (2023) Kat:3, Licht: 0","174768","3","4","0","04","18","5","","0","0","0","1","0"
"POINT (6.921948954000072 50.936068450000050)","Unfall 174769 (2023) Kat:3, Licht: 0","174769","3","1","0","04","17","5","","0","1","0","0","0"
"POINT (6.909707934000039 50.931394829000055)","Unfall 174771 (2023) Kat:3, Licht: 0","174771","3","3","5","04","15","5","","0","1","1","0","0"
"POINT (6.915421611000056 50.917387141000063)","Unfall 174772 (2023) Kat:3, Licht: 0","174772","3","2","5","04","09","5","","0","1","1","0","0"
"POINT (7.030849980000028 50.961489940000035)","Unfall 174817 (2023) Kat:3, Licht: 0","174817","3","3","5","04","16","4","","0","0","1","0","0"
"POINT (6.912096311000028 50.956969358000038)","Unfall 174818 (2023) Kat:3, Licht: 0","174818","3","1","0","04","13","4","","0","0","0","0","1"
"POINT (7.077071886000056 50.893544079000037)","Unfall 174841 (2023) Kat:3, Licht: 0","174841","3","3","5","04","13","5","","0","1","1","0","0"
"POINT (6.978309596000031 50.969519227000035)","Unfall 174847 (2023) Kat:3, Licht: 0","174847","3","6","2","04","16","3","","0","0","0","0","1"
"POINT (6.958970235000038 50.909342078000066)","Unfall 174848 (2023) Kat:3, Licht: 0","174848","3","7","0","04","13","3","","0","1","0","0","0"
"POINT (6.935347563000050 50.919702059000031)","Unfall 174890 (2023) Kat:3, Licht: 0","174890","3","7","6","04","17","4","","0","1","0","1","0"
"POINT (6.992243182000038 50.955178765000028)","Unfall 174907 (2023) Kat:3, Licht: 0","174907","3","2","5","04","13","1","","0","0","1","0","0"
"POINT (6.974706524000055 50.962764576000041)","Unfall 174908 (2023) Kat:3, Licht: 0","174908","3","6","2","04","13","1","","0","1","1","0","0"
"POINT (6.968856603000063 50.920402292000063)","Unfall 174909 (2023) Kat:3, Licht: 0","174909","3","7","6","04","12","1","","0","1","0","1","0"
"POINT (6.997539937000056 50.890983789000074)","Unfall 174917 (2023) Kat:3, Licht: 0","174917","3","6","1","04","17","2","","0","0","1","0","0"
"POINT (7.033613597000056 50.982535037000048)","Unfall 174926 (2023) Kat:3, Licht: 0","174926","3","5","0","04","17","2","","0","1","1","0","0"
"POINT (7.068584033000036 50.912623345000043)","Unfall 174939 (2023) Kat:3, Licht: 1","174939","3","5","4","04","06","7","","1","0","1","0","0"
"POINT (6.959733374000052 50.951630355000077)","Unfall 174940 (2023) Kat:3, Licht: 0","174940","3","5","1","04","11","7","","0","1","1","0","0"
"POINT (6.915480825000031 50.962091162000036)","Unfall 174968 (2023) Kat:3, Licht: 0","174968","3","1","0","04","13","6","","0","0","0","0","1"
"POINT (6.916845535000050 50.960667148000027)","Unfall 174969 (2023) Kat:3, Licht: 2","174969","3","1","0","04","03","6","","2","1","0","0","0"
"POINT (6.956043959000056 50.944765031000031)","Unfall 174970 (2023) Kat:3, Licht: 0","174970","3","1","0","04","17","6","","0","0","0","0","0"
"POINT (6.997385330000043 50.946360802000072)","Unfall 175000 (2023) Kat:3, Licht: 0","175000","3","1","0","04","08","6","","0","1","0","0","0"
"POINT (6.997247988000026 50.918552161000036)","Unfall 175008 (2023) Kat:3, Licht: 0","175008","3","3","5","04","14","5","","0","1","1","0","0"
"POINT (6.969313922000026 50.971362129000056)","Unfall 175009 (2023) Kat:3, Licht: 1","175009","3","2","0","04","20","5","","1","1","1","0","0"
"POINT (6.899111757000071 51.017118622000055)","Unfall 175010 (2023) Kat:3, Licht: 0","175010","3","3","5","04","10","5","","0","1","1","0","0"
"POINT (6.994907731000069 50.893358689000081)","Unfall 175011 (2023) Kat:3, Licht: 0","175011","3","4","6","04","16","5","","0","0","1","1","0"
"POINT (6.969622339000068 50.943459330000053)","Unfall 175059 (2023) Kat:2, Licht: 0","175059","2","1","8","04","20","4","","0","0","1","0","0"
"POINT (6.859688409000057 51.068024102000038)","Unfall 175060 (2023) Kat:3, Licht: 0","175060","3","5","4","04","08","4","","0","1","1","0","0"
"POINT (6.972186044000068 50.957121296000082)","Unfall 175061 (2023) Kat:3, Licht: 0","175061","3","3","5","04","13","4","","0","0","1","0","0"
"POINT (6.925096807000045 50.951758925000036)","Unfall 175062 (2023) Kat:3, Licht: 0","175062","3","3","0","04","16","4","","0","0","1","0","0"
"POINT (6.910338440000032 50.919629773000054)","Unfall 175063 (2023) Kat:3, Licht: 0","175063","3","2","4","04","07","4","","0","1","1","0","0"
"POINT (6.920846655000048 50.978700592000052)","Unfall 175104 (2023) Kat:3, Licht: 0","175104","3","2","0","04","15","3","","0","0","1","0","1"
"POINT (6.978161073000024 50.959346651000033)","Unfall 175105 (2023) Kat:3, Licht: 0","175105","3","3","4","04","18","3","","0","1","1","0","0"
"POINT (6.853954916000021 50.931011540000043)","Unfall 175106 (2023) Kat:3, Licht: 0","175106","3","3","5","04","13","3","","0","1","1","0","0"
"POINT (6.937260753000032 50.918751827000051)","Unfall 175107 (2023) Kat:3, Licht: 0","175107","3","3","5","04","13","3","","0","1","0","0","0"
"POINT (6.927315273000033 50.917385049000075)","Unfall 175108 (2023) Kat:3, Licht: 0","175108","3","7","0","04","18","3","","0","1","0","0","0"
"POINT (6.955937497000036 50.902871078000032)","Unfall 175109 (2023) Kat:3, Licht: 0","175109","3","6","3","04","12","3","","0","0","1","0","1"
"POINT (6.955470129000048 50.940046843000061)","Unfall 175110 (2023) Kat:3, Licht: 0","175110","3","6","4","04","17","3","","0","1","1","0","0"
"POINT (6.907934293000039 51.008319541000049)","Unfall 175133 (2023) Kat:3, Licht: 0","175133","3","7","1","04","16","6","","0","0","1","0","0"
"POINT (6.993123139000033 50.940085251000028)","Unfall 175156 (2023) Kat:3, Licht: 0","175156","3","6","2","04","17","2","","0","0","1","0","0"
"POINT (6.992287419000036 50.987750669000036)","Unfall 175157 (2023) Kat:2, Licht: 0","175157","2","4","6","04","18","2","","0","0","1","1","0"
"POINT (7.055367581000041 50.972271293000063)","Unfall 175158 (2023) Kat:2, Licht: 0","175158","2","4","6","04","16","2","","0","1","0","1","0"
"POINT (6.916689774000076 51.039428133000058)","Unfall 175159 (2023) Kat:3, Licht: 0","175159","3","3","5","04","15","2","","0","0","1","0","0"
"POINT (6.884132812000075 50.998671831000081)","Unfall 175160 (2023) Kat:3, Licht: 0","175160","3","3","5","04","15","2","","0","1","1","0","0"
"POINT (6.968313765000062 50.912901542000043)","Unfall 175161 (2023) Kat:3, Licht: 0","175161","3","3","5","04","12","2","","0","1","1","0","0"
"POINT (6.955836957000031 50.867829077000067)","Unfall 175162 (2023) Kat:3, Licht: 0","175162","3","3","5","04","07","2","","0","1","1","0","0"
"POINT (6.960126329000047 50.907724812000026)","Unfall 175163 (2023) Kat:3, Licht: 0","175163","3","7","2","04","11","2","","0","0","1","0","0"
"POINT (7.009128090000047 50.952021208000076)","Unfall 175175 (2023) Kat:3, Licht: 2","175175","3","1","0","04","22","5","","2","0","0","0","1"
"POINT (6.962105953000048 50.884700802000054)","Unfall 175204 (2023) Kat:3, Licht: 2","175204","3","7","9","04","22","1","","2","0","1","0","0"
"POINT (7.115347821000057 50.877144642000076)","Unfall 175205 (2023) Kat:3, Licht: 2","175205","3","2","6","04","05","4","","2","0","1","1","0"
"POINT (6.888102930000059 51.020523282000056)","Unfall 175283 (2023) Kat:3, Licht: 2","175283","3","1","0","03","06","6","","2","0","0","0","1"
"POINT (6.930897922000042 50.968950660000075)","Unfall 175285 (2023) Kat:3, Licht: 0","175285","3","5","1","03","12","6","","0","0","1","0","0"
"POINT (6.967806627000073 50.879559221000079)","Unfall 175286 (2023) Kat:3, Licht: 0","175286","3","7","6","03","18","6","","0","0","1","1","0"
"POINT (6.960091560000023 50.910682797000050)","Unfall 175287 (2023) Kat:3, Licht: 0","175287","3","7","5","03","15","6","","0","0","1","0","0"
"POINT (6.959990049000055 50.934196230000055)","Unfall 175288 (2023) Kat:3, Licht: 0","175288","3","2","5","03","14","6","","0","1","1","0","0"
"POINT (6.906666158000064 50.945406828000046)","Unfall 175298 (2023) Kat:3, Licht: 0","175298","3","3","5","04","08","4","","0","1","0","0","0"
"POINT (7.103742660000023 50.878340156000036)","Unfall 175344 (2023) Kat:3, Licht: 0","175344","3","3","5","03","08","5","","0","0","1","0","0"
"POINT (7.046852176000073 50.972302424000077)","Unfall 175345 (2023) Kat:3, Licht: 0","175345","3","3","5","03","11","5","","0","0","1","0","0"
"POINT (6.970545923000032 50.979499360000034)","Unfall 175346 (2023) Kat:3, Licht: 0","175346","3","3","5","03","17","5","","0","0","1","0","0"
"POINT (6.907794267000043 50.945298512000079)","Unfall 175347 (2023) Kat:3, Licht: 2","175347","3","1","0","03","23","5","","2","1","0","0","0"
"POINT (6.897997649000047 50.934458589000030)","Unfall 175348 (2023) Kat:3, Licht: 0","175348","3","7","4","03","16","5","","0","0","1","0","0"
"POINT (6.913378158000057 50.921077163000064)","Unfall 175349 (2023) Kat:2, Licht: 0","175349","2","2","3","03","18","5","","0","1","0","0","0"
"POINT (6.907265749000032 50.916552881000030)","Unfall 175350 (2023) Kat:2, Licht: 0","175350","2","3","5","03","12","5","","0","1","1","0","0"
"POINT (6.993498460000069 50.939199128000041)","Unfall 175405 (2023) Kat:3, Licht: 0","175405","3","6","2","03","08","4","","0","1","0","0","0"
"POINT (6.934415386000069 50.990908372000035)","Unfall 175406 (2023) Kat:3, Licht: 1","175406","3","1","0","03","21","4","","1","1","0","0","0"
"POINT (6.859007815000041 51.064876539000068)","Unfall 175407 (2023) Kat:3, Licht: 0","175407","3","3","8","03","15","4","","0","1","0","0","0"
"POINT (6.907457243000067 50.950694396000074)","Unfall 175408 (2023) Kat:3, Licht: 0","175408","3","1","0","03","18","4","","0","0","0","0","1"
"POINT (6.903975147000040 50.919340848000047)","Unfall 175409 (2023) Kat:3, Licht: 0","175409","3","5","0","03","08","4","","0","1","1","0","0"
"POINT (6.938444523000044 50.933217962000072)","Unfall 175410 (2023) Kat:3, Licht: 2","175410","3","1","0","03","00","4","","2","1","0","0","0"
"POINT (7.113019213000030 50.880119647000072)","Unfall 175469 (2023) Kat:3, Licht: 0","175469","3","3","5","03","16","3","","0","0","1","0","0"
"POINT (7.093242938000060 50.967125434000081)","Unfall 175470 (2023) Kat:3, Licht: 0","175470","3","7","0","03","09","3","","0","0","0","0","1"
"POINT (6.940966733000039 50.958444477000057)","Unfall 175472 (2023) Kat:2, Licht: 0","175472","2","3","0","03","12","3","","0","0","0","0","0"
"POINT (6.896307152000077 51.019938651000075)","Unfall 175473 (2023) Kat:3, Licht: 2","175473","3","2","6","03","22","3","","2","0","1","1","0"
"POINT (6.907193045000042 50.951176364000048)","Unfall 175474 (2023) Kat:3, Licht: 0","175474","3","3","0","03","14","3","","0","0","1","0","0"
"POINT (6.915700712000046 50.922808753000027)","Unfall 175475 (2023) Kat:2, Licht: 0","175475","2","6","4","03","17","3","","0","1","0","0","0"
"POINT (6.942452790000061 50.944367798000030)","Unfall 175476 (2023) Kat:3, Licht: 0","175476","3","7","6","03","13","3","","0","0","1","1","0"
"POINT (6.962205705000031 50.935645823000073)","Unfall 175477 (2023) Kat:3, Licht: 2","175477","3","1","0","03","23","3","","2","1","0","0","0"
"POINT (6.951121566000040 50.921214914000075)","Unfall 175478 (2023) Kat:3, Licht: 0","175478","3","6","2","03","12","3","","0","0","1","0","0"
"POINT (7.081263943000067 50.881278166000072)","Unfall 175537 (2023) Kat:3, Licht: 0","175537","3","4","6","03","09","2","","0","0","1","1","0"
"POINT (7.039909994000027 50.965232397000079)","Unfall 175538 (2023) Kat:3, Licht: 0","175538","3","7","1","03","16","2","","0","1","0","0","0"
"POINT (7.005119490000027 50.951040457000033)","Unfall 175540 (2023) Kat:3, Licht: 2","175540","3","2","6","03","05","2","","2","0","1","1","0"
"POINT (6.946578165000062 50.975864570000056)","Unfall 175541 (2023) Kat:3, Licht: 0","175541","3","2","5","03","15","2","","0","0","1","0","0"
"POINT (6.868800109000063 51.063855278000062)","Unfall 175543 (2023) Kat:3, Licht: 0","175543","3","6","2","03","18","2","","0","0","1","0","0"
"POINT (6.924892916000033 50.943804085000068)","Unfall 175544 (2023) Kat:3, Licht: 0","175544","3","3","1","03","17","2","","0","1","1","0","0"
"POINT (6.932732133000059 50.940032920000078)","Unfall 175545 (2023) Kat:3, Licht: 0","175545","3","4","0","03","10","2","","0","1","0","1","0"
"POINT (7.090254357000049 50.921912609000060)","Unfall 175593 (2023) Kat:3, Licht: 2","175593","3","4","6","03","04","1","","2","0","1","1","0"
"POINT (6.940715608000062 50.904706421000071)","Unfall 175595 (2023) Kat:2, Licht: 0","175595","2","1","0","03","21","1","","0","1","0","0","0"
"POINT (6.941017729000066 50.914834109000026)","Unfall 175596 (2023) Kat:3, Licht: 2","175596","3","6","4","03","04","1","","2","0","1","0","0"
"POINT (6.940950400000077 50.936691244000031)","Unfall 175597 (2023) Kat:3, Licht: 0","175597","3","7","6","03","14","1","","0","0","0","1","0"
"POINT (6.953337820000058 50.939622035000070)","Unfall 175598 (2023) Kat:2, Licht: 0","175598","2","6","3","03","17","1","","0","1","1","0","0"
"POINT (7.057756971000060 50.885568112000044)","Unfall 175626 (2023) Kat:3, Licht: 0","175626","3","2","6","03","13","7","","0","0","1","1","0"
"POINT (6.998664349000023 50.938176982000073)","Unfall 175627 (2023) Kat:3, Licht: 2","175627","3","6","6","03","19","7","","2","1","0","1","0"
"POINT (6.955565148000062 50.927428018000057)","Unfall 175628 (2023) Kat:3, Licht: 2","175628","3","6","1","03","21","7","","2","0","1","0","0"
"POINT (6.996771289000037 50.928880075000052)","Unfall 175687 (2023) Kat:2, Licht: 0","175687","2","1","0","05","17","5","","0","1","0","0","0"
"POINT (6.952633199000047 50.963520940000080)","Unfall 175688 (2023) Kat:3, Licht: 0","175688","3","7","0","05","13","5","","0","0","0","1","1"
"POINT (6.924507754000047 50.903009108000049)","Unfall 175689 (2023) Kat:3, Licht: 0","175689","3","3","5","05","18","5","","0","1","0","0","0"
"POINT (6.940678612000056 50.946607993000043)","Unfall 175690 (2023) Kat:3, Licht: 2","175690","3","6","6","05","22","5","","2","1","0","1","0"
"POINT (6.955742694000037 50.942566150000061)","Unfall 175691 (2023) Kat:3, Licht: 0","175691","3","1","0","05","11","5","","0","1","1","0","0"
"POINT (7.008456000000024 50.942727101000060)","Unfall 175753 (2023) Kat:3, Licht: 0","175753","3","3","5","05","18","4","","0","0","1","0","0"
"POINT (6.958058575000052 50.959983447000070)","Unfall 175754 (2023) Kat:3, Licht: 2","175754","3","6","1","05","21","4","","2","0","1","0","1"
"POINT (6.929849440000055 50.993662670000049)","Unfall 175755 (2023) Kat:3, Licht: 0","175755","3","2","4","05","19","4","","0","1","1","0","0"
"POINT (6.921209732000023 50.953412366000066)","Unfall 175756 (2023) Kat:3, Licht: 0","175756","3","4","6","05","13","4","","0","0","1","1","0"
"POINT (6.822855294000021 50.937004118000061)","Unfall 175757 (2023) Kat:3, Licht: 0","175757","3","4","6","05","16","4","","0","0","1","1","0"
"POINT (6.901993007000044 50.955446345000041)","Unfall 175758 (2023) Kat:3, Licht: 0","175758","3","2","5","05","18","4","","0","0","1","0","0"
"POINT (6.919079093000050 50.912177054000040)","Unfall 175759 (2023) Kat:3, Licht: 2","175759","3","1","0","05","22","4","","2","1","0","0","0"
"POINT (6.947701304000020 50.930810363000035)","Unfall 175760 (2023) Kat:3, Licht: 0","175760","3","5","0","05","16","4","","0","1","1","0","0"
"POINT (6.938536351000039 50.928771318000031)","Unfall 175761 (2023) Kat:3, Licht: 0","175761","3","2","5","05","15","4","","0","1","0","0","0"
"POINT (6.997278763000054 50.918571452000037)","Unfall 175838 (2023) Kat:3, Licht: 0","175838","3","3","5","05","18","3","","0","1","1","0","0"
"POINT (6.922939317000044 50.952270821000070)","Unfall 175839 (2023) Kat:3, Licht: 0","175839","3","4","6","05","08","3","","0","0","1","1","0"
"POINT (6.911981135000076 50.937981338000043)","Unfall 175840 (2023) Kat:3, Licht: 0","175840","3","5","1","05","16","3","","0","1","1","0","0"
"POINT (6.931051341000057 50.926148906000037)","Unfall 175841 (2023) Kat:3, Licht: 0","175841","3","4","2","05","18","3","","0","1","0","1","0"
"POINT (6.947807972000021 50.940462631000059)","Unfall 175842 (2023) Kat:3, Licht: 0","175842","3","5","1","05","12","3","","0","1","1","0","0"
"POINT (7.109135675000061 50.880277111000055)","Unfall 175889 (2023) Kat:3, Licht: 0","175889","3","1","0","05","18","2","","0","0","0","0","0"
"POINT (7.043950108000047 50.933503778000045)","Unfall 175890 (2023) Kat:3, Licht: 0","175890","3","4","6","05","17","2","","0","0","1","1","0"
"POINT (7.008528057000035 50.951875029000064)","Unfall 175891 (2023) Kat:3, Licht: 0","175891","3","7","1","05","10","2","","0","0","1","0","0"
"POINT (6.891332504000047 51.012871377000067)","Unfall 175892 (2023) Kat:2, Licht: 0","175892","2","1","9","05","15","2","","0","0","0","0","1"
"POINT (6.968820998000069 50.965001177000033)","Unfall 175893 (2023) Kat:3, Licht: 0","175893","3","3","5","05","18","2","","0","0","1","0","0"
"POINT (6.944923463000066 51.022567165000055)","Unfall 175894 (2023) Kat:3, Licht: 0","175894","3","1","9","05","09","2","","0","0","1","0","0"
"POINT (6.902909610000052 50.956435778000071)","Unfall 175895 (2023) Kat:3, Licht: 0","175895","3","1","0","05","15","2","","0","1","0","0","0"
"POINT (6.926506224000036 50.954302536000057)","Unfall 175896 (2023) Kat:3, Licht: 0","175896","3","7","0","05","14","2","","0","1","1","0","0"
"POINT (7.034380045000034 50.999096625000050)","Unfall 175930 (2023) Kat:3, Licht: 0","175930","3","1","0","04","15","1","","0","1","0","0","0"
"POINT (6.974183576000030 50.975169560000040)","Unfall 175931 (2023) Kat:3, Licht: 0","175931","3","1","8","04","16","1","","0","0","1","0","0"
"POINT (6.939910778000069 50.955419252000070)","Unfall 175932 (2023) Kat:3, Licht: 1","175932","3","6","0","04","05","1","","1","0","1","0","0"
"POINT (6.916773852000063 50.947510844000078)","Unfall 175933 (2023) Kat:3, Licht: 2","175933","3","1","1","04","01","1","","2","1","1","0","0"
"POINT (6.956698655000025 50.906006943000079)","Unfall 175934 (2023) Kat:2, Licht: 2","175934","2","1","0","04","23","1","","2","0","0","0","0"
"POINT (7.007292536000023 50.940528146000077)","Unfall 175988 (2023) Kat:3, Licht: 2","175988","3","5","0","04","04","7","","2","0","1","0","0"
"POINT (7.054498006000074 50.883615161000080)","Unfall 175989 (2023) Kat:3, Licht: 0","175989","3","7","9","04","14","7","","0","0","0","0","0"
"POINT (7.078713530000073 50.898830135000026)","Unfall 175990 (2023) Kat:3, Licht: 0","175990","3","1","1","04","15","7","","0","1","1","0","0"
"POINT (7.004692892000037 50.942412568000066)","Unfall 175991 (2023) Kat:3, Licht: 2","175991","3","1","9","04","04","7","","2","0","1","0","0"
"POINT (7.084848130000069 50.917158230000041)","Unfall 175992 (2023) Kat:3, Licht: 0","175992","3","1","8","04","19","7","","0","1","0","0","0"
"POINT (7.004428228000052 50.943730575000075)","Unfall 175993 (2023) Kat:3, Licht: 2","175993","3","5","8","04","04","7","","2","0","1","0","0"
"POINT (6.930059039000071 50.925217122000049)","Unfall 175994 (2023) Kat:2, Licht: 2","175994","2","1","0","04","23","7","","2","0","0","0","0"
"POINT (7.058085969000047 50.889087834000065)","Unfall 176042 (2023) Kat:3, Licht: 0","176042","3","3","5","04","14","6","","0","0","1","0","0"
"POINT (6.973813101000076 50.975047461000031)","Unfall 176044 (2023) Kat:3, Licht: 0","176044","3","1","0","04","07","6","","0","0","0","0","1"
"POINT (6.958585052000046 50.962752891000036)","Unfall 176045 (2023) Kat:3, Licht: 0","176045","3","6","0","04","13","6","","0","0","1","0","1"
"POINT (6.905155739000065 50.958764022000082)","Unfall 176046 (2023) Kat:3, Licht: 2","176046","3","2","2","04","22","6","","2","0","1","0","1"
"POINT (6.867908344000057 50.932198360000029)","Unfall 176047 (2023) Kat:3, Licht: 0","176047","3","2","3","04","15","6","","0","1","1","0","0"
"POINT (6.920890844000041 50.917741760000069)","Unfall 176048 (2023) Kat:3, Licht: 0","176048","3","3","5","04","09","6","","0","1","0","0","0"
"POINT (7.005478164000067 50.884764718000042)","Unfall 176049 (2023) Kat:3, Licht: 0","176049","3","6","2","04","08","6","","0","0","1","0","0"
"POINT (7.000023982000073 50.888870810000071)","Unfall 176050 (2023) Kat:3, Licht: 0","176050","3","5","1","04","15","6","","0","1","1","0","0"
"POINT (7.048168563000047 50.933549637000056)","Unfall 176115 (2023) Kat:3, Licht: 0","176115","3","5","1","04","16","5","","0","1","1","0","0"
"POINT (7.047466459000020 50.969869819000053)","Unfall 176116 (2023) Kat:3, Licht: 0","176116","3","2","5","04","08","5","","0","0","1","0","1"
"POINT (6.985999607000053 50.952841645000035)","Unfall 176117 (2023) Kat:3, Licht: 0","176117","3","1","0","04","09","5","","0","1","0","0","0"
"POINT (7.032573223000043 50.981167597000081)","Unfall 176118 (2023) Kat:3, Licht: 0","176118","3","2","5","04","07","5","","0","1","1","0","0"
"POINT (6.980623126000069 50.949618702000066)","Unfall 176119 (2023) Kat:3, Licht: 0","176119","3","7","0","04","14","5","","0","0","0","0","1"
"POINT (6.948956930000065 51.022537125000042)","Unfall 176120 (2023) Kat:3, Licht: 2","176120","3","3","5","04","22","5","","2","1","1","0","0"
"POINT (6.956663454000022 50.966439270000080)","Unfall 176122 (2023) Kat:3, Licht: 0","176122","3","2","6","04","16","5","","0","0","1","1","0"
"POINT (6.927842395000027 50.941977324000050)","Unfall 176123 (2023) Kat:3, Licht: 2","176123","3","6","2","04","22","5","","2","0","1","0","0"
"POINT (6.904412964000073 50.924244321000060)","Unfall 176124 (2023) Kat:3, Licht: 0","176124","3","2","5","04","18","5","","0","1","0","0","0"
"POINT (6.833912247000058 50.940572289000045)","Unfall 176190 (2023) Kat:3, Licht: 0","176190","3","3","5","04","10","4","","0","1","1","0","0"
"POINT (6.919418698000072 50.921425281000040)","Unfall 176192 (2023) Kat:3, Licht: 2","176192","3","1","0","04","02","4","","2","0","0","0","0"
"POINT (7.059657358000038 50.885573067000053)","Unfall 176253 (2023) Kat:2, Licht: 0","176253","2","7","0","04","11","3","","0","0","0","1","0"
"POINT (6.936216384000033 50.963003565000065)","Unfall 176254 (2023) Kat:3, Licht: 0","176254","3","3","5","04","13","3","","0","1","1","0","0"
"POINT (6.946411782000041 50.979794471000048)","Unfall 176255 (2023) Kat:3, Licht: 0","176255","3","6","4","04","15","3","","0","1","1","0","0"
"POINT (6.834910316000048 50.962829639000063)","Unfall 176256 (2023) Kat:3, Licht: 0","176256","3","3","0","04","19","3","","0","1","0","0","0"
"POINT (6.925704950000068 50.928821165000045)","Unfall 176257 (2023) Kat:3, Licht: 0","176257","3","4","6","04","16","3","","0","0","1","1","0"
"POINT (6.914006532000030 50.931882807000079)","Unfall 176258 (2023) Kat:3, Licht: 0","176258","3","3","5","04","11","3","","0","0","1","0","0"
"POINT (7.004190538000046 50.875639167000031)","Unfall 176259 (2023) Kat:3, Licht: 0","176259","3","7","0","04","16","3","","0","1","0","1","0"
"POINT (6.938019333000057 50.932122328000048)","Unfall 176260 (2023) Kat:3, Licht: 0","176260","3","4","6","04","15","3","","0","0","1","1","0"
"POINT (6.916653023000038 50.948554646000048)","Unfall 176267 (2023) Kat:2, Licht: 0","176267","2","2","6","05","18","5","","0","0","1","1","0"
"POINT (6.878496233000021 51.019344077000028)","Unfall 176271 (2023) Kat:3, Licht: 0","176271","3","5","1","04","15","3","","0","0","1","0","0"
"POINT (7.008192050000048 50.951793981000037)","Unfall 176318 (2023) Kat:3, Licht: 0","176318","3","5","6","04","13","2","","0","0","1","1","0"
"POINT (6.980348747000050 50.965976571000056)","Unfall 176319 (2023) Kat:2, Licht: 0","176319","2","3","5","04","11","2","","0","1","1","0","0"
"POINT (6.904092043000048 50.957704428000056)","Unfall 176320 (2023) Kat:3, Licht: 0","176320","3","6","1","04","13","2","","0","0","1","0","0"
"POINT (6.934871039000029 50.958142610000039)","Unfall 176321 (2023) Kat:3, Licht: 0","176321","3","3","5","04","14","2","","0","0","1","0","1"
"POINT (6.998425988000065 50.891774062000081)","Unfall 176323 (2023) Kat:3, Licht: 0","176323","3","5","1","04","14","2","","0","1","1","0","0"