WKT,Name,OBJECTID,UKATEGORIE,UTYP1,UART,UMONAT,USTUNDE,UWOCHENTAG,STRZUSTAND,ULICHTVERH,ISTRAD,ISTPKW,ISTFUSS,ISTKRAD
"POINT (6.953337565000027 50.939745428000037)","Unfall 176324 (2023) Kat:3, Licht: 0","176324","3","6","2","04","15","2","","0","0","1","0","0"
"POINT (6.919917190000035 51.029441008000049)","Unfall 176367 (2023) Kat:3, Licht: 2","176367","3","6","6","04","23","1","","2","1","0","1","0"
"POINT (7.081097792000037 50.976481677000038)","Unfall 176381 (2023) Kat:3, Licht: 0","176381","3","3","5","04","14","5","","0","1","1","0","0"
"POINT (7.053256149000049 50.974100881000027)","Unfall 176393 (2023) Kat:3, Licht: 0","176393","3","5","1","04","11","1","","0","1","0","0","0"
"POINT (7.011403123000036 50.926643337000030)","Unfall 176410 (2023) Kat:3, Licht: 0","176410","3","2","4","04","13","7","","0","0","1","0","1"
"POINT (6.961269344000073 50.987166971000079)","Unfall 176411 (2023) Kat:3, Licht: 2","176411","3","1","0","04","20","7","","2","1","0","0","0"
"POINT (6.936961637000024 50.928961428000036)","Unfall 176412 (2023) Kat:3, Licht: 1","176412","3","5","1","04","18","7","","1","1","1","0","0"
"POINT (6.939011177000054 50.946615497000039)","Unfall 176413 (2023) Kat:2, Licht: 0","176413","2","1","9","04","14","7","","0","0","0","0","1"
"POINT (6.969184823000035 50.968914463000033)","Unfall 176465 (2023) Kat:2, Licht: 0","176465","2","1","0","04","19","6","","0","1","0","0","0"
"POINT (6.888082393000047 50.947094383000035)","Unfall 176466 (2023) Kat:3, Licht: 0","176466","3","3","5","04","15","6","","0","0","1","0","0"
"POINT (6.890691748000052 50.977581452000038)","Unfall 176467 (2023) Kat:3, Licht: 0","176467","3","2","5","05","16","4","","0","1","1","0","0"
"POINT (6.914603759000045 50.951100071000042)","Unfall 176468 (2023) Kat:3, Licht: 0","176468","3","4","6","04","17","6","","0","1","0","1","0"
"POINT (6.952823511000076 50.939049793000038)","Unfall 176469 (2023) Kat:3, Licht: 0","176469","3","6","4","04","18","6","","0","1","0","0","0"
"POINT (7.019596964000073 50.957545298000070)","Unfall 176528 (2023) Kat:3, Licht: 2","176528","3","2","6","04","23","5","","2","0","1","1","0"
"POINT (6.996314674000075 50.984823605000031)","Unfall 176529 (2023) Kat:3, Licht: 0","176529","3","6","4","04","14","5","","0","0","1","0","0"
"POINT (6.883943472000055 50.955586283000059)","Unfall 176530 (2023) Kat:3, Licht: 0","176530","3","3","5","04","07","5","","0","1","1","0","0"
"POINT (6.941528049000055 50.910365231000071)","Unfall 176531 (2023) Kat:3, Licht: 0","176531","3","5","3","04","17","5","","0","1","1","0","0"
"POINT (6.937794299000075 50.964851489000068)","Unfall 176598 (2023) Kat:3, Licht: 0","176598","3","4","6","04","16","4","","0","0","1","1","0"
"POINT (7.068768094000063 50.892208430000039)","Unfall 176599 (2023) Kat:3, Licht: 0","176599","3","3","0","04","10","4","","0","1","1","0","0"
"POINT (7.009761560000072 50.966451742000061)","Unfall 176601 (2023) Kat:3, Licht: 0","176601","3","5","0","04","17","4","","0","1","1","0","0"
"POINT (6.949783241000034 50.984705102000078)","Unfall 176602 (2023) Kat:3, Licht: 0","176602","3","3","5","04","15","4","","0","1","1","0","0"
"POINT (6.836934715000041 50.937106482000047)","Unfall 176603 (2023) Kat:3, Licht: 0","176603","3","7","6","04","11","4","","0","0","1","1","0"
"POINT (6.907797327000026 50.945298328000035)","Unfall 176604 (2023) Kat:3, Licht: 0","176604","3","2","2","04","17","4","","0","0","1","0","0"
"POINT (6.918039090000036 50.947389866000037)","Unfall 176605 (2023) Kat:3, Licht: 0","176605","3","1","1","04","17","4","","0","1","1","0","0"
"POINT (6.895637511000075 50.964103670000043)","Unfall 176606 (2023) Kat:3, Licht: 0","176606","3","1","0","04","07","4","","0","1","0","0","0"
"POINT (6.916637008000066 50.920644999000046)","Unfall 176607 (2023) Kat:3, Licht: 0","176607","3","5","1","04","10","4","","0","1","1","0","0"
"POINT (6.957002426000031 50.907252988000039)","Unfall 176608 (2023) Kat:3, Licht: 0","176608","3","4","6","04","13","4","","0","1","1","1","0"
"POINT (6.909272040000076 50.933459648000053)","Unfall 176609 (2023) Kat:3, Licht: 0","176609","3","3","5","04","10","4","","0","1","1","0","0"
"POINT (6.935278539000024 50.941930495000065)","Unfall 176610 (2023) Kat:3, Licht: 0","176610","3","2","6","04","08","4","","0","0","1","1","0"
"POINT (6.961305159000062 50.916385959000081)","Unfall 176611 (2023) Kat:3, Licht: 2","176611","3","3","5","04","21","4","","2","1","1","0","0"
"POINT (6.958977892000064 50.946215743000039)","Unfall 176612 (2023) Kat:3, Licht: 0","176612","3","4","6","04","15","4","","0","0","1","1","0"
"POINT (6.957197970000038 50.942649992000042)","Unfall 176613 (2023) Kat:3, Licht: 2","176613","3","5","0","04","21","4","","2","1","1","0","0"
"POINT (6.955637104000061 50.932554765000077)","Unfall 176614 (2023) Kat:1, Licht: 0","176614","1","4","6","04","12","4","","0","0","1","1","0"
"POINT (7.001289581000037 50.952811916000030)","Unfall 176631 (2023) Kat:2, Licht: 0","176631","2","1","7","04","17","5","","0","1","0","0","0"
"POINT (7.028882901000031 50.936884579000036)","Unfall 176650 (2023) Kat:3, Licht: 0","176650","3","3","0","05","12","7","","0","0","1","0","1"
"POINT (7.003080869000030 50.944376474000080)","Unfall 176651 (2023) Kat:3, Licht: 0","176651","3","3","5","05","13","7","","0","0","1","0","0"
"POINT (7.009347964000028 50.965987938000069)","Unfall 176652 (2023) Kat:3, Licht: 0","176652","3","2","4","05","13","7","","0","1","1","0","0"
"POINT (6.968455000000063 50.964091629000052)","Unfall 176653 (2023) Kat:3, Licht: 0","176653","3","5","0","05","10","7","","0","1","1","0","0"
"POINT (6.904291766000028 50.934124905000033)","Unfall 176654 (2023) Kat:3, Licht: 0","176654","3","3","5","05","16","7","","0","1","1","0","0"
"POINT (6.940558497000040 50.937728752000055)","Unfall 176655 (2023) Kat:3, Licht: 0","176655","3","6","2","05","15","7","","0","1","0","0","0"
"POINT (6.962641949000044 50.928293117000067)","Unfall 176656 (2023) Kat:3, Licht: 0","176656","3","7","0","05","12","7","","0","0","0","0","0"
"POINT (7.008575106000023 50.849452726000038)","Unfall 176709 (2023) Kat:3, Licht: 0","176709","3","2","0","05","12","6","","0","1","1","0","0"
"POINT (6.900617520000026 50.952291798000033)","Unfall 176710 (2023) Kat:3, Licht: 0","176710","3","5","6","05","08","6","","0","1","0","0","0"
"POINT (6.999236204000056 50.939383933000045)","Unfall 176711 (2023) Kat:3, Licht: 0","176711","3","7","0","05","15","6","","0","0","1","0","0"
"POINT (7.000636514000064 50.936696098000027)","Unfall 176775 (2023) Kat:3, Licht: 2","176775","3","4","6","05","23","5","","2","0","1","1","0"
"POINT (7.070098547000043 50.889733271000068)","Unfall 176777 (2023) Kat:3, Licht: 0","176777","3","1","0","05","11","5","","0","1","0","0","0"
"POINT (6.936679612000034 50.957190356000069)","Unfall 176778 (2023) Kat:2, Licht: 2","176778","2","1","0","05","22","5","","2","1","0","0","0"
"POINT (6.949485113000037 50.918618927000068)","Unfall 176779 (2023) Kat:3, Licht: 1","176779","3","3","5","05","21","5","","1","1","1","0","0"
"POINT (6.962236514000040 50.934963315000061)","Unfall 176780 (2023) Kat:3, Licht: 2","176780","3","1","0","05","19","5","","2","1","0","0","0"
"POINT (7.093995595000024 50.860791972000072)","Unfall 176838 (2023) Kat:3, Licht: 0","176838","3","7","6","05","11","4","","0","0","1","1","0"
"POINT (6.981153480000046 50.970384356000068)","Unfall 176839 (2023) Kat:3, Licht: 0","176839","3","6","1","05","16","4","","0","0","1","0","0"
"POINT (6.877193296000030 51.001374989000055)","Unfall 176840 (2023) Kat:2, Licht: 0","176840","2","5","1","05","09","4","","0","0","1","0","0"
"POINT (6.890781294000021 50.920327077000081)","Unfall 176841 (2023) Kat:3, Licht: 0","176841","3","3","5","05","14","4","","0","1","1","0","0"
"POINT (6.955036092000057 50.947057392000033)","Unfall 176843 (2023) Kat:3, Licht: 0","176843","3","2","4","05","17","4","","0","1","1","0","0"
"POINT (6.939971669000045 50.940549875000045)","Unfall 176844 (2023) Kat:3, Licht: 0","176844","3","6","2","05","18","4","","0","0","1","0","1"
"POINT (7.061736915000040 50.883977906000041)","Unfall 176916 (2023) Kat:3, Licht: 0","176916","3","5","3","05","09","3","","0","0","1","0","0"
"POINT (7.055295595000075 50.889564385000028)","Unfall 176917 (2023) Kat:3, Licht: 0","176917","3","1","0","05","11","3","","0","1","0","0","0"
"POINT (7.000560734000032 50.938200395000081)","Unfall 176918 (2023) Kat:3, Licht: 0","176918","3","7","1","05","20","3","","0","0","1","0","0"
"POINT (7.038847451000038 50.994214133000071)","Unfall 176919 (2023) Kat:3, Licht: 0","176919","3","6","4","05","17","3","","0","1","1","0","0"
"POINT (6.975081936000038 50.939201848000039)","Unfall 176920 (2023) Kat:3, Licht: 0","176920","3","5","1","05","19","3","","0","1","1","0","0"
"POINT (6.908369874000073 50.995262058000037)","Unfall 176921 (2023) Kat:3, Licht: 0","176921","3","3","5","05","16","3","","0","1","1","0","0"
"POINT (6.899591587000032 50.953129109000031)","Unfall 176922 (2023) Kat:3, Licht: 0","176922","3","3","5","05","07","3","","0","1","1","0","0"
"POINT (6.911733351000066 50.938313325000081)","Unfall 176923 (2023) Kat:3, Licht: 0","176923","3","5","0","05","14","3","","0","1","1","0","0"
"POINT (6.959015002000058 50.923069017000046)","Unfall 176924 (2023) Kat:3, Licht: 0","176924","3","6","2","05","13","3","","0","1","1","0","0"
"POINT (6.958911054000055 50.929230749000055)","Unfall 176925 (2023) Kat:3, Licht: 2","176925","3","1","3","05","03","3","","2","1","0","0","0"
"POINT (6.907964134000053 50.989280806000068)","Unfall 177000 (2023) Kat:3, Licht: 0","177000","3","2","5","05","12","2","","0","1","1","0","0"
"POINT (6.835561147000021 50.941423859000054)","Unfall 177001 (2023) Kat:3, Licht: 0","177001","3","6","0","05","15","2","","0","1","1","0","0"
"POINT (6.918989630000056 50.912072998000042)","Unfall 177002 (2023) Kat:3, Licht: 0","177002","3","2","3","05","12","2","","0","1","1","0","0"
"POINT (7.022712240000033 50.981148937000057)","Unfall 177112 (2023) Kat:3, Licht: 0","177112","3","7","6","05","16","7","","0","0","1","1","0"
"POINT (7.038994306000063 50.968905365000069)","Unfall 177113 (2023) Kat:3, Licht: 0","177113","3","3","5","05","12","7","","0","0","1","0","0"
"POINT (6.922177639000040 50.973114599000041)","Unfall 177114 (2023) Kat:3, Licht: 0","177114","3","6","1","05","07","7","","0","0","1","0","0"
"POINT (6.897974394000073 50.946026062000044)","Unfall 177115 (2023) Kat:3, Licht: 2","177115","3","3","5","05","21","7","","2","0","1","0","0"
"POINT (6.885321745000056 50.983775201000071)","Unfall 177116 (2023) Kat:3, Licht: 0","177116","3","1","0","05","15","7","","0","0","0","0","0"
"POINT (6.937813581000057 50.918505647000075)","Unfall 177117 (2023) Kat:3, Licht: 0","177117","3","6","2","05","09","7","","0","0","1","0","0"
"POINT (6.955120716000067 50.947085861000062)","Unfall 177118 (2023) Kat:3, Licht: 0","177118","3","5","0","05","17","7","","0","1","1","0","0"
"POINT (7.058406851000029 50.885597575000077)","Unfall 177183 (2023) Kat:3, Licht: 0","177183","3","2","6","05","14","6","","0","0","0","1","0"
"POINT (7.006200294000053 50.959268226000063)","Unfall 177184 (2023) Kat:3, Licht: 0","177184","3","6","6","05","11","6","","0","1","0","1","0"
"POINT (6.969076040000061 50.972540843000047)","Unfall 177185 (2023) Kat:3, Licht: 0","177185","3","6","2","05","15","6","","0","0","1","0","0"
"POINT (6.946751417000030 51.020078019000039)","Unfall 177186 (2023) Kat:2, Licht: 0","177186","2","1","0","05","13","6","","0","0","0","0","1"
"POINT (6.924063879000073 50.952370648000056)","Unfall 177187 (2023) Kat:3, Licht: 0","177187","3","3","5","05","13","6","","0","1","1","0","0"
"POINT (6.930731732000027 50.949332666000032)","Unfall 177188 (2023) Kat:3, Licht: 0","177188","3","3","5","05","09","6","","0","1","1","0","0"
"POINT (6.941558763000046 50.910866897000062)","Unfall 177189 (2023) Kat:3, Licht: 0","177189","3","2","2","05","18","6","","0","1","1","0","0"
"POINT (6.943039286000044 50.922873693000042)","Unfall 177190 (2023) Kat:3, Licht: 0","177190","3","2","5","05","20","6","","0","1","0","0","0"
"POINT (7.089006517000030 50.861307259000057)","Unfall 177278 (2023) Kat:3, Licht: 2","177278","3","6","1","05","21","5","","2","0","1","0","0"
"POINT (6.868851834000054 50.932226100000037)","Unfall 177279 (2023) Kat:3, Licht: 0","177279","3","6","3","05","13","5","","0","1","1","0","0"
"POINT (6.935035104000065 50.927845600000069)","Unfall 177280 (2023) Kat:3, Licht: 0","177280","3","1","0","05","08","5","","0","1","0","0","0"
"POINT (6.948787623000044 50.917212755000037)","Unfall 177281 (2023) Kat:3, Licht: 2","177281","3","3","5","05","21","5","","2","1","1","0","0"
"POINT (6.944786481000051 50.926329504000080)","Unfall 177282 (2023) Kat:2, Licht: 2","177282","2","1","0","05","01","5","","2","0","0","0","0"
"POINT (6.968491708000045 50.905610743000068)","Unfall 177283 (2023) Kat:3, Licht: 0","177283","3","3","5","05","13","5","","0","1","1","0","0"
"POINT (6.936715825000022 50.928819259000079)","Unfall 177284 (2023) Kat:2, Licht: 0","177284","2","1","0","05","10","5","","0","1","0","0","0"
"POINT (6.944424381000033 50.924162865000028)","Unfall 177285 (2023) Kat:3, Licht: 0","177285","3","3","5","05","16","5","","0","0","1","0","0"
"POINT (7.093771127000025 50.863183648000074)","Unfall 177348 (2023) Kat:3, Licht: 0","177348","3","1","0","05","07","4","","0","0","0","0","1"
"POINT (7.004167279000058 50.875130009000031)","Unfall 177349 (2023) Kat:3, Licht: 0","177349","3","3","5","05","15","4","","0","0","1","0","0"
"POINT (6.960376348000068 50.918552036000051)","Unfall 177350 (2023) Kat:3, Licht: 0","177350","3","3","5","05","17","4","","0","1","1","0","0"
"POINT (6.964315722000038 50.931313049000039)","Unfall 177351 (2023) Kat:3, Licht: 0","177351","3","1","0","05","16","4","","0","1","0","0","0"
"POINT (6.960628591000045 50.929419175000078)","Unfall 177352 (2023) Kat:3, Licht: 0","177352","3","1","0","05","15","4","","0","1","0","0","0"
"POINT (6.991525384000056 50.935854815000027)","Unfall 177404 (2023) Kat:3, Licht: 0","177404","3","7","2","05","08","3","","0","1","0","0","0"
"POINT (6.988041480000049 50.954431600000078)","Unfall 177405 (2023) Kat:2, Licht: 2","177405","2","6","6","05","21","3","","2","1","0","1","0"
"POINT (7.037140491000059 50.969337075000055)","Unfall 177406 (2023) Kat:3, Licht: 1","177406","3","5","7","05","19","3","","1","1","1","0","0"
"POINT (6.924130121000076 50.887532650000026)","Unfall 177407 (2023) Kat:3, Licht: 2","177407","3","3","5","05","22","3","","2","0","1","0","0"
"POINT (6.940597674000060 50.911065721000057)","Unfall 177408 (2023) Kat:3, Licht: 0","177408","3","7","4","05","14","3","","0","0","1","0","1"
"POINT (6.937289203000034 50.936030394000056)","Unfall 177409 (2023) Kat:3, Licht: 0","177409","3","2","6","05","12","3","","0","0","1","1","0"
"POINT (6.957549741000037 50.940043353000078)","Unfall 177410 (2023) Kat:3, Licht: 0","177410","3","3","0","05","14","3","","0","1","1","0","0"
"POINT (7.032165640000073 50.970946761000050)","Unfall 177478 (2023) Kat:3, Licht: 0","177478","3","3","0","05","06","2","","0","1","1","0","0"
"POINT (6.945267565000051 50.958325373000037)","Unfall 177479 (2023) Kat:3, Licht: 0","177479","3","5","1","05","10","2","","0","1","1","0","0"
"POINT (6.940451847000077 50.992635813000049)","Unfall 177480 (2023) Kat:3, Licht: 0","177480","3","2","2","05","10","2","","0","0","1","0","0"
"POINT (6.867702405000045 50.970823170000074)","Unfall 177481 (2023) Kat:3, Licht: 0","177481","3","5","0","05","16","2","","0","1","1","0","0"
"POINT (6.948440717000040 50.916801742000075)","Unfall 177482 (2023) Kat:2, Licht: 0","177482","2","3","5","05","07","2","","0","1","1","0","0"
"POINT (6.941282903000058 50.909556104000046)","Unfall 177484 (2023) Kat:2, Licht: 0","177484","2","7","9","05","06","2","","0","0","1","0","0"
"POINT (6.932911644000058 50.932070822000071)","Unfall 177485 (2023) Kat:1, Licht: 0","177485","1","7","6","05","09","2","","0","1","0","1","0"
"POINT (6.966312659000039 50.926101376000076)","Unfall 177487 (2023) Kat:3, Licht: 0","177487","3","1","7","05","10","2","","0","1","0","0","0"
"POINT (6.957136902000059 50.929659994000076)","Unfall 177488 (2023) Kat:3, Licht: 2","177488","3","4","6","05","00","2","","2","0","1","1","0"
"POINT (6.955329371000062 50.902160329000026)","Unfall 177490 (2023) Kat:3, Licht: 0","177490","3","2","3","05","17","3","","0","1","1","0","0"
"POINT (6.990259148000064 50.966217012000072)","Unfall 177552 (2023) Kat:3, Licht: 0","177552","3","1","0","05","19","1","","0","0","0","0","0"
"POINT (6.945619531000034 50.973574485000029)","Unfall 177553 (2023) Kat:2, Licht: 0","177553","2","1","0","05","13","1","","0","1","0","0","0"
"POINT (6.922191703000067 50.973129306000033)","Unfall 177554 (2023) Kat:2, Licht: 0","177554","2","7","2","05","10","1","","0","0","1","0","0"
"POINT (6.922631269000021 50.952893839000069)","Unfall 177555 (2023) Kat:2, Licht: 0","177555","2","1","0","05","15","1","","0","0","0","0","1"
"POINT (6.971976440000049 50.858117257000060)","Unfall 177556 (2023) Kat:3, Licht: 0","177556","3","4","6","05","07","1","","0","0","1","1","0"
"POINT (6.945061745000032 50.947182423000072)","Unfall 177557 (2023) Kat:2, Licht: 2","177557","2","1","0","05","01","1","","2","1","0","0","0"
"POINT (6.878634876000035 51.005139221000036)","Unfall 177598 (2023) Kat:2, Licht: 0","177598","2","1","8","05","16","7","","0","0","0","0","1"
"POINT (6.895663817000070 50.961986887000080)","Unfall 177599 (2023) Kat:3, Licht: 0","177599","3","5","1","05","14","7","","0","0","1","0","0"
"POINT (6.912490794000064 50.919920753000042)","Unfall 177601 (2023) Kat:3, Licht: 0","177601","3","1","0","05","15","7","","0","1","1","0","0"
"POINT (6.943355148000023 50.901572104000081)","Unfall 177602 (2023) Kat:3, Licht: 0","177602","3","1","0","05","12","7","","0","1","0","0","0"
"POINT (6.948045434000051 50.945480427000064)","Unfall 177603 (2023) Kat:3, Licht: 0","177603","3","6","2","05","16","7","","0","0","1","0","0"
"POINT (6.963695126000061 50.961086174000059)","Unfall 177662 (2023) Kat:3, Licht: 0","177662","3","3","0","05","15","6","","0","1","0","0","1"
"POINT (6.988594580000040 50.968288363000056)","Unfall 177663 (2023) Kat:3, Licht: 2","177663","3","1","0","05","22","6","","2","0","1","0","0"
"POINT (6.968978383000035 50.968660718000081)","Unfall 177664 (2023) Kat:3, Licht: 0","177664","3","7","5","05","07","6","","0","0","1","0","0"
"POINT (6.951848455000061 50.991112301000044)","Unfall 177665 (2023) Kat:3, Licht: 0","177665","3","6","2","05","17","6","","0","0","1","0","0"
"POINT (6.920477080000069 50.953681255000049)","Unfall 177666 (2023) Kat:3, Licht: 0","177666","3","6","2","05","15","6","","0","1","1","0","0"
"POINT (6.905175453000027 50.958782524000071)","Unfall 177667 (2023) Kat:3, Licht: 0","177667","3","3","5","05","16","6","","0","0","1","0","0"
"POINT (6.861442556000043 50.933277609000072)","Unfall 177668 (2023) Kat:3, Licht: 0","177668","3","5","6","05","11","6","","0","0","1","1","0"
"POINT (6.923130424000021 50.922764039000072)","Unfall 177669 (2023) Kat:3, Licht: 2","177669","3","1","0","05","23","6","","2","1","0","0","0"
"POINT (6.923727749000022 50.913806593000061)","Unfall 177670 (2023) Kat:3, Licht: 0","177670","3","5","6","05","14","6","","0","0","1","1","0"
"POINT (6.945352504000027 50.932545152000046)","Unfall 177672 (2023) Kat:3, Licht: 0","177672","3","3","5","05","09","6","","0","0","1","0","0"
"POINT (6.960964687000057 50.936020970000072)","Unfall 177673 (2023) Kat:3, Licht: 0","177673","3","3","5","05","07","6","","0","1","0","0","0"
"POINT (6.947718368000039 50.938866177000079)","Unfall 177674 (2023) Kat:3, Licht: 0","177674","3","4","6","05","12","6","","0","0","1","1","0"
"POINT (6.900850210000044 51.036630705000050)","Unfall 177707 (2023) Kat:3, Licht: 0","177707","3","5","1","06","17","7","","0","0","1","0","0"
"POINT (6.943373266000037 50.987069652000059)","Unfall 177708 (2023) Kat:3, Licht: 0","177708","3","1","0","06","14","7","","0","1","0","0","0"
"POINT (6.884595149000063 51.037497997000060)","Unfall 177709 (2023) Kat:3, Licht: 2","177709","3","1","0","06","03","7","","2","0","1","0","0"
"POINT (6.890969999000049 50.978664939000055)","Unfall 177710 (2023) Kat:3, Licht: 0","177710","3","5","1","06","07","7","","0","0","1","0","0"
"POINT (6.831660378000038 50.960651969000025)","Unfall 177711 (2023) Kat:2, Licht: 2","177711","2","1","0","06","21","7","","2","0","0","0","0"
"POINT (6.912990383000022 50.956620485000030)","Unfall 177712 (2023) Kat:3, Licht: 0","177712","3","2","5","06","12","7","","0","0","1","0","1"
"POINT (6.892927000000043 50.987190257000066)","Unfall 177713 (2023) Kat:3, Licht: 0","177713","3","1","0","06","10","7","","0","0","0","0","0"
"POINT (6.973315083000045 50.936760100000072)","Unfall 177782 (2023) Kat:3, Licht: 0","177782","3","6","0","06","07","6","","0","1","0","0","0"
"POINT (6.944114188000071 50.910539553000035)","Unfall 177783 (2023) Kat:3, Licht: 0","177783","3","5","0","06","18","6","","0","1","0","0","0"
"POINT (6.943531728000039 50.941780031000064)","Unfall 177784 (2023) Kat:2, Licht: 0","177784","2","1","0","06","13","6","","0","0","0","0","0"
"POINT (6.940888178000023 50.912060655000062)","Unfall 177785 (2023) Kat:3, Licht: 0","177785","3","5","1","06","16","6","","0","1","1","0","0"
"POINT (7.046778946000074 50.997429518000047)","Unfall 177844 (2023) Kat:3, Licht: 0","177844","3","1","0","06","19","5","","0","0","0","0","1"
"POINT (6.873772408000036 50.969038912000030)","Unfall 177845 (2023) Kat:3, Licht: 0","177845","3","2","0","06","17","5","","0","1","0","0","0"
"POINT (6.885242709000067 50.941927654000040)","Unfall 177846 (2023) Kat:3, Licht: 0","177846","3","7","0","06","10","5","","0","0","1","0","0"
"POINT (6.920047912000030 50.947797778000051)","Unfall 177847 (2023) Kat:3, Licht: 0","177847","3","1","0","06","18","5","","0","1","0","0","0"
"POINT (6.942380720000074 50.932076291000044)","Unfall 177848 (2023) Kat:3, Licht: 2","177848","3","1","7","06","02","5","","2","0","0","0","0"
"POINT (6.964375837000034 50.920016304000058)","Unfall 177849 (2023) Kat:3, Licht: 0","177849","3","5","0","06","14","5","","0","1","1","0","0"
"POINT (7.049121834000061 50.865874411000050)","Unfall 177923 (2023) Kat:3, Licht: 0","177923","3","4","6","05","07","4","","0","0","0","1","0"
"POINT (6.971305664000056 50.932165115000032)","Unfall 177924 (2023) Kat:3, Licht: 0","177924","3","6","1","05","19","4","","0","0","1","0","1"
"POINT (7.011951922000037 50.952700197000070)","Unfall 177925 (2023) Kat:3, Licht: 0","177925","3","6","4","05","15","4","","0","1","0","0","0"
"POINT (6.944010657000035 50.987079018000031)","Unfall 177926 (2023) Kat:3, Licht: 0","177926","3","3","5","05","15","4","","0","0","1","0","0"
"POINT (6.968762163000065 50.965977832000078)","Unfall 177927 (2023) Kat:3, Licht: 0","177927","3","2","0","05","15","4","","0","1","0","0","0"
"POINT (6.980001407000032 50.966173393000076)","Unfall 177928 (2023) Kat:3, Licht: 0","177928","3","3","5","05","09","4","","0","1","1","0","0"
"POINT (6.850879124000073 50.948084628000061)","Unfall 177929 (2023) Kat:3, Licht: 0","177929","3","2","0","05","18","4","","0","1","0","0","1"
"POINT (6.840930805000028 50.935614209000050)","Unfall 177930 (2023) Kat:3, Licht: 0","177930","3","1","1","05","17","4","","0","1","1","0","0"
"POINT (6.837236217000054 50.966475583000033)","Unfall 177931 (2023) Kat:3, Licht: 0","177931","3","5","0","05","10","4","","0","0","1","0","0"
"POINT (6.975899470000058 50.847411245000046)","Unfall 177932 (2023) Kat:2, Licht: 0","177932","2","7","5","05","19","4","","0","0","1","0","1"
"POINT (6.942533898000022 50.938333234000027)","Unfall 177933 (2023) Kat:2, Licht: 0","177933","2","4","6","05","14","4","","0","1","0","1","0"
"POINT (6.993683619000024 50.915003452000064)","Unfall 178028 (2023) Kat:3, Licht: 2","178028","3","6","2","05","23","3","","2","0","1","0","0"
"POINT (7.001828430000046 50.955985763000058)","Unfall 178029 (2023) Kat:3, Licht: 0","178029","3","3","5","05","19","3","","0","0","1","0","0"
"POINT (7.007033727000021 50.966680118000056)","Unfall 178030 (2023) Kat:3, Licht: 0","178030","3","3","5","05","07","3","","0","0","1","0","0"
"POINT (6.848165459000029 51.055192273000046)","Unfall 178031 (2023) Kat:2, Licht: 0","178031","2","6","4","05","13","3","","0","1","0","0","0"
"POINT (6.893710155000065 50.990649572000052)","Unfall 178032 (2023) Kat:3, Licht: 0","178032","3","6","2","05","09","3","","0","0","1","0","1"
"POINT (7.011292226000023 50.869202740000048)","Unfall 178033 (2023) Kat:3, Licht: 0","178033","3","3","5","05","15","3","","0","1","1","0","0"
"POINT (6.924057914000059 50.887434333000044)","Unfall 178034 (2023) Kat:3, Licht: 2","178034","3","1","8","05","00","3","","2","0","1","0","0"
"POINT (7.014811118000068 50.866311014000075)","Unfall 178035 (2023) Kat:3, Licht: 0","178035","3","7","0","05","08","3","","0","0","0","0","0"
"POINT (6.952785296000059 50.937353636000068)","Unfall 178036 (2023) Kat:3, Licht: 0","178036","3","3","5","05","15","3","","0","0","1","0","0"
"POINT (6.946342429000026 50.947669521000080)","Unfall 178089 (2023) Kat:3, Licht: 0","178089","3","5","3","05","09","4","","0","1","1","0","0"
"POINT (7.039727855000024 50.988828454000043)","Unfall 178097 (2023) Kat:3, Licht: 0","178097","3","3","5","05","18","2","","0","0","1","0","0"
"POINT (6.902046686000062 51.021935356000029)","Unfall 178098 (2023) Kat:3, Licht: 0","178098","3","5","1","05","12","2","","0","0","1","0","0"
"POINT (6.931741999000053 50.914307953000048)","Unfall 178099 (2023) Kat:3, Licht: 0","178099","3","7","0","05","06","2","","0","0","1","0","0"
"POINT (6.920828277000055 50.906366409000043)","Unfall 178100 (2023) Kat:3, Licht: 0","178100","3","3","5","05","18","2","","0","1","0","0","0"
"POINT (7.070497963000037 50.888456335000058)","Unfall 178146 (2023) Kat:3, Licht: 0","178146","3","6","0","05","15","1","","0","0","1","0","1"
"POINT (7.077937523000060 50.882787514000029)","Unfall 178147 (2023) Kat:3, Licht: 0","178147","3","4","6","05","16","1","","0","0","1","1","0"
"POINT (6.889784016000021 50.920219701000065)","Unfall 178148 (2023) Kat:2, Licht: 0","178148","2","4","0","05","17","1","","0","1","0","1","0"
"POINT (7.090270282000063 50.878500730000042)","Unfall 178196 (2023) Kat:3, Licht: 0","178196","3","3","0","05","11","7","","0","0","1","0","0"
"POINT (6.972815084000047 50.936797514000034)","Unfall 178197 (2023) Kat:3, Licht: 0","178197","3","4","6","05","14","7","","0","1","0","1","0"
"POINT (6.870183028000042 50.998081823000064)","Unfall 178198 (2023) Kat:3, Licht: 0","178198","3","3","5","05","12","7","","0","0","1","0","1"
"POINT (6.978329047000045 50.969488300000080)","Unfall 178199 (2023) Kat:3, Licht: 0","178199","3","1","0","05","11","7","","0","0","0","0","1"