WKT,Name,OBJECTID,UKATEGORIE,UTYP1,UART,UMONAT,USTUNDE,UWOCHENTAG,STRZUSTAND,ULICHTVERH,ISTRAD,ISTPKW,ISTFUSS,ISTKRAD
"POINT (6.884374593000075 50.933474496000031)","Unfall 178200 (2023) Kat:3, Licht: 0","178200","3","5","1","05","14","7","","0","1","1","0","0"
"POINT (6.912651400000072 50.971898277000037)","Unfall 178201 (2023) Kat:3, Licht: 2","178201","3","5","1","05","02","7","","2","0","1","0","0"
"POINT (6.868074808000074 50.929685322000068)","Unfall 178202 (2023) Kat:3, Licht: 0","178202","3","1","0","05","20","7","","0","1","0","0","0"
"POINT (6.897997040000064 50.953030333000072)","Unfall 178203 (2023) Kat:2, Licht: 2","178203","2","1","8","05","22","7","","2","0","1","0","0"
"POINT (6.898167288000025 50.934454533000064)","Unfall 178204 (2023) Kat:3, Licht: 0","178204","3","1","7","05","17","7","","0","0","1","0","0"
"POINT (6.930998057000068 50.910357884000064)","Unfall 178205 (2023) Kat:2, Licht: 0","178205","2","6","3","05","13","7","","0","1","0","0","0"
"POINT (6.973663915000031 50.975017143000059)","Unfall 178231 (2023) Kat:3, Licht: 0","178231","3","7","3","06","11","7","","0","0","1","0","0"
"POINT (6.938829529000031 50.930028424000056)","Unfall 178234 (2023) Kat:3, Licht: 0","178234","3","7","0","06","16","7","","0","1","0","0","0"
"POINT (7.006828858000063 50.946676555000067)","Unfall 178286 (2023) Kat:3, Licht: 0","178286","3","1","0","05","13","6","","0","1","0","0","0"
"POINT (6.907422968000049 50.992489856000077)","Unfall 178287 (2023) Kat:3, Licht: 1","178287","3","3","5","05","20","6","","1","1","1","0","0"
"POINT (6.959793193000053 50.974220995000053)","Unfall 178288 (2023) Kat:3, Licht: 0","178288","3","6","1","05","09","6","","0","0","1","0","0"
"POINT (6.976957398000025 50.974804548000066)","Unfall 178289 (2023) Kat:3, Licht: 0","178289","3","6","2","05","08","6","","0","0","1","0","0"
"POINT (6.951043003000052 50.966515588000050)","Unfall 178290 (2023) Kat:2, Licht: 2","178290","2","1","0","05","23","6","","2","1","0","0","0"
"POINT (6.857065306000038 50.919518671000048)","Unfall 178291 (2023) Kat:3, Licht: 0","178291","3","3","0","05","12","6","","0","0","1","0","0"
"POINT (6.903909145000057 50.961689910000075)","Unfall 178292 (2023) Kat:3, Licht: 0","178292","3","3","5","05","20","6","","0","0","1","0","1"
"POINT (6.944669868000062 50.915675426000064)","Unfall 178294 (2023) Kat:3, Licht: 0","178294","3","6","3","05","17","6","","0","0","1","0","1"
"POINT (7.018353716000036 50.879591078000033)","Unfall 178295 (2023) Kat:3, Licht: 0","178295","3","3","5","05","09","6","","0","1","1","0","0"
"POINT (6.974389632000054 50.847924244000069)","Unfall 178296 (2023) Kat:3, Licht: 0","178296","3","5","1","05","14","6","","0","0","1","0","0"
"POINT (6.942710956000042 50.932273794000082)","Unfall 178297 (2023) Kat:3, Licht: 0","178297","3","3","5","05","19","6","","0","0","1","0","0"
"POINT (6.947001049000050 50.939809348000040)","Unfall 178298 (2023) Kat:3, Licht: 0","178298","3","3","5","05","12","6","","0","1","1","0","0"
"POINT (6.932514661000027 50.926891707000038)","Unfall 178316 (2023) Kat:3, Licht: 0","178316","3","1","0","06","09","7","","0","1","0","0","0"
"POINT (6.942175034000059 50.959052997000072)","Unfall 178323 (2023) Kat:3, Licht: 0","178323","3","2","3","05","17","4","","0","1","1","0","0"
"POINT (6.978695085000027 50.970759787000077)","Unfall 178393 (2023) Kat:3, Licht: 0","178393","3","6","4","05","17","5","","0","1","0","0","0"
"POINT (6.907812640000031 51.011926662000064)","Unfall 178394 (2023) Kat:3, Licht: 0","178394","3","3","5","05","14","5","","0","0","1","0","0"
"POINT (6.849935271000049 50.931031363000045)","Unfall 178395 (2023) Kat:3, Licht: 0","178395","3","1","0","05","18","5","","0","1","0","0","0"
"POINT (6.867870309000068 50.932400834000077)","Unfall 178396 (2023) Kat:3, Licht: 0","178396","3","5","0","05","12","5","","0","1","1","0","0"
"POINT (6.848220085000037 50.931079077000049)","Unfall 178397 (2023) Kat:3, Licht: 0","178397","3","1","0","05","18","5","","0","1","0","0","0"
"POINT (6.934449932000064 50.915011472000060)","Unfall 178398 (2023) Kat:3, Licht: 0","178398","3","2","5","05","16","5","","0","1","0","0","1"
"POINT (6.941267601000050 50.911558881000076)","Unfall 178399 (2023) Kat:3, Licht: 0","178399","3","5","3","05","18","5","","0","1","1","0","0"
"POINT (6.926417630000060 50.916395642000055)","Unfall 178400 (2023) Kat:3, Licht: 0","178400","3","5","0","05","08","5","","0","1","1","0","0"
"POINT (6.960104484000055 50.919353446000059)","Unfall 178401 (2023) Kat:3, Licht: 0","178401","3","3","5","05","17","5","","0","0","1","0","0"
"POINT (7.068950313000073 50.980186147000040)","Unfall 178405 (2023) Kat:3, Licht: 0","178405","3","7","0","05","09","4","","0","0","0","0","0"
"POINT (6.956830913000033 50.974183178000033)","Unfall 178468 (2023) Kat:3, Licht: 0","178468","3","6","2","05","10","4","","0","0","1","0","0"
"POINT (6.946634680000045 50.941067677000035)","Unfall 178469 (2023) Kat:3, Licht: 0","178469","3","1","0","05","00","4","","0","1","0","0","0"
"POINT (6.956930454000030 50.942556586000080)","Unfall 178470 (2023) Kat:3, Licht: 0","178470","3","7","3","05","15","4","","0","1","1","0","0"
"POINT (6.935967011000059 50.930937202000052)","Unfall 178514 (2023) Kat:3, Licht: 0","178514","3","5","0","05","16","7","","0","1","1","0","0"
"POINT (6.963474115000054 50.956500667000057)","Unfall 178538 (2023) Kat:3, Licht: 0","178538","3","3","5","05","17","4","","0","1","1","0","0"
"POINT (7.022820210000020 50.979866801000071)","Unfall 178546 (2023) Kat:3, Licht: 0","178546","3","7","0","05","14","3","","0","1","0","0","0"
"POINT (6.918818631000022 51.030084168000030)","Unfall 178547 (2023) Kat:3, Licht: 0","178547","3","6","4","05","10","3","","0","0","1","0","0"
"POINT (6.873215039000058 50.924550071000056)","Unfall 178548 (2023) Kat:3, Licht: 0","178548","3","4","6","05","15","3","","0","0","1","1","0"
"POINT (6.903786270000069 50.919247022000036)","Unfall 178549 (2023) Kat:2, Licht: 0","178549","2","6","2","05","20","3","","0","1","0","0","0"
"POINT (7.004349700000034 50.873537208000073)","Unfall 178550 (2023) Kat:3, Licht: 0","178550","3","1","3","05","07","3","","0","1","1","0","0"
"POINT (6.923458364000055 50.924193592000051)","Unfall 178551 (2023) Kat:3, Licht: 0","178551","3","5","1","05","08","3","","0","1","1","0","0"
"POINT (6.973371836000069 50.936755853000079)","Unfall 178614 (2023) Kat:3, Licht: 0","178614","3","1","0","05","20","2","","0","1","0","0","0"
"POINT (6.967766043000040 50.981978530000049)","Unfall 178616 (2023) Kat:3, Licht: 0","178616","3","3","5","05","15","2","","0","0","1","0","0"
"POINT (6.924397426000041 50.944032405000030)","Unfall 178617 (2023) Kat:3, Licht: 0","178617","3","5","1","05","17","2","","0","1","1","0","0"
"POINT (7.017534240000032 50.876224075000039)","Unfall 178618 (2023) Kat:3, Licht: 0","178618","3","3","5","05","15","2","","0","1","1","0","0"
"POINT (6.947472477000076 50.937709270000028)","Unfall 178619 (2023) Kat:3, Licht: 0","178619","3","2","6","05","13","2","","0","0","1","1","0"
"POINT (7.031559379000043 50.980993002000048)","Unfall 178689 (2023) Kat:3, Licht: 0","178689","3","7","8","05","16","1","","0","0","1","0","0"
"POINT (7.087804251000023 50.977027040000053)","Unfall 178690 (2023) Kat:3, Licht: 0","178690","3","6","6","05","17","1","","0","1","0","1","0"
"POINT (6.885303259000068 51.020600973000057)","Unfall 178691 (2023) Kat:3, Licht: 0","178691","3","3","5","05","18","1","","0","0","1","0","1"
"POINT (6.900722785000028 50.934758975000079)","Unfall 178692 (2023) Kat:3, Licht: 2","178692","3","1","7","05","01","1","","2","0","0","0","0"
"POINT (7.075464863000036 50.942889249000075)","Unfall 178771 (2023) Kat:3, Licht: 0","178771","3","3","5","06","10","5","","0","0","1","0","0"
"POINT (7.000617249000072 50.966485528000078)","Unfall 178772 (2023) Kat:2, Licht: 0","178772","2","7","0","06","15","5","","0","1","1","0","0"
"POINT (6.964582412000027 50.903669990000026)","Unfall 178773 (2023) Kat:2, Licht: 2","178773","2","3","0","06","22","5","","2","0","1","0","1"
"POINT (6.958722969000064 50.874643025000069)","Unfall 178774 (2023) Kat:3, Licht: 0","178774","3","5","0","06","10","5","","0","0","0","0","1"
"POINT (6.940710373000059 50.938309183000058)","Unfall 178775 (2023) Kat:3, Licht: 0","178775","3","6","2","06","19","5","","0","1","0","0","0"
"POINT (6.993653748000042 50.938731725000082)","Unfall 178853 (2023) Kat:3, Licht: 0","178853","3","5","0","06","17","4","","0","1","1","0","0"
"POINT (7.055402598000057 50.889545348000070)","Unfall 178854 (2023) Kat:3, Licht: 0","178854","3","4","6","06","16","4","","0","0","0","1","0"
"POINT (7.013373104000038 50.927836906000039)","Unfall 178855 (2023) Kat:2, Licht: 0","178855","2","1","8","06","18","4","","0","0","0","0","0"
"POINT (6.986499918000050 50.948513634000051)","Unfall 178856 (2023) Kat:3, Licht: 2","178856","3","4","0","06","23","4","","2","0","1","1","1"
"POINT (7.038566878000040 50.966051105000076)","Unfall 178857 (2023) Kat:3, Licht: 0","178857","3","7","0","06","20","4","","0","0","0","1","0"
"POINT (6.905203048000033 50.958808422000061)","Unfall 178858 (2023) Kat:3, Licht: 0","178858","3","3","5","06","18","4","","0","0","1","0","0"
"POINT (6.913105806000033 50.966195635000076)","Unfall 178859 (2023) Kat:3, Licht: 0","178859","3","2","5","06","18","4","","0","1","1","0","0"
"POINT (6.884848736000038 50.977331629000048)","Unfall 178860 (2023) Kat:3, Licht: 0","178860","3","2","5","06","07","4","","0","1","1","0","0"
"POINT (6.833195086000046 50.936493381000048)","Unfall 178861 (2023) Kat:3, Licht: 0","178861","3","2","4","06","12","4","","0","1","1","0","0"
"POINT (6.926092365000045 50.955789814000070)","Unfall 178862 (2023) Kat:3, Licht: 0","178862","3","7","6","06","15","4","","0","1","0","1","0"
"POINT (6.940947837000067 50.914242257000069)","Unfall 178863 (2023) Kat:3, Licht: 0","178863","3","2","3","06","09","4","","0","1","1","0","0"
"POINT (6.932581040000059 50.916558815000030)","Unfall 178864 (2023) Kat:3, Licht: 0","178864","3","5","1","06","15","4","","0","1","1","0","0"
"POINT (6.953308313000036 50.943114315000059)","Unfall 178865 (2023) Kat:3, Licht: 0","178865","3","1","7","06","11","4","","0","1","0","0","0"
"POINT (6.942128845000070 50.944854535000047)","Unfall 178866 (2023) Kat:3, Licht: 0","178866","3","2","5","06","17","4","","0","1","1","0","0"
"POINT (6.948570079000035 50.924288351000030)","Unfall 178867 (2023) Kat:3, Licht: 0","178867","3","2","5","06","06","4","","0","1","1","0","0"
"POINT (7.104627439000069 50.884602050000069)","Unfall 178953 (2023) Kat:3, Licht: 0","178953","3","6","2","06","14","3","","0","0","1","0","0"
"POINT (7.052425042000039 50.867941977000044)","Unfall 178954 (2023) Kat:3, Licht: 0","178954","3","5","5","06","07","3","","0","1","1","0","0"
"POINT (7.000359671000069 50.965386915000067)","Unfall 178955 (2023) Kat:3, Licht: 0","178955","3","6","2","06","14","3","","0","1","1","0","0"
"POINT (6.974294523000026 50.924089863000063)","Unfall 178956 (2023) Kat:3, Licht: 0","178956","3","7","4","06","13","3","","0","1","0","0","0"
"POINT (6.920845859000053 50.995222849000072)","Unfall 178957 (2023) Kat:3, Licht: 0","178957","3","1","1","06","15","3","","0","0","1","0","0"
"POINT (6.927929211000048 50.928283600000043)","Unfall 178958 (2023) Kat:2, Licht: 0","178958","2","4","4","06","15","3","","0","1","0","1","0"
"POINT (6.937000763000071 50.918354732000068)","Unfall 178959 (2023) Kat:3, Licht: 0","178959","3","5","3","06","10","3","","0","1","0","0","0"
"POINT (7.010463912000034 50.863893706000056)","Unfall 178960 (2023) Kat:3, Licht: 2","178960","3","7","0","06","23","3","","2","1","0","0","0"
"POINT (6.914773007000065 50.920265274000030)","Unfall 178961 (2023) Kat:3, Licht: 0","178961","3","1","0","06","18","3","","0","1","0","0","0"
"POINT (7.049563076000027 50.973858832000076)","Unfall 179041 (2023) Kat:2, Licht: 0","179041","2","1","8","06","19","2","","0","0","0","0","1"
"POINT (6.841524986000024 50.942051134000053)","Unfall 179042 (2023) Kat:3, Licht: 0","179042","3","7","1","06","20","2","","0","1","1","0","0"
"POINT (6.993441147000055 50.891961418000051)","Unfall 179043 (2023) Kat:3, Licht: 0","179043","3","1","0","06","11","2","","0","1","0","0","0"
"POINT (6.935046344000057 50.927852051000059)","Unfall 179044 (2023) Kat:3, Licht: 0","179044","3","1","0","06","13","2","","0","1","0","0","0"
"POINT (7.017810638000071 50.867879931000061)","Unfall 179062 (2023) Kat:3, Licht: 0","179062","3","5","0","06","16","3","","0","1","1","0","0"
"POINT (7.003404515000057 50.944675645000075)","Unfall 179120 (2023) Kat:3, Licht: 0","179120","3","7","7","06","09","1","","0","0","1","0","0"
"POINT (7.046671235000076 50.935696375000077)","Unfall 179121 (2023) Kat:3, Licht: 2","179121","3","7","1","06","03","1","","2","0","1","0","0"
"POINT (7.085631425000031 50.876957396000080)","Unfall 179122 (2023) Kat:3, Licht: 0","179122","3","5","0","06","19","1","","0","1","1","0","0"
"POINT (6.959900445000073 50.975387319000049)","Unfall 179123 (2023) Kat:3, Licht: 2","179123","3","1","7","06","02","1","","2","1","1","0","0"
"POINT (6.931604537000055 50.931417308000050)","Unfall 179124 (2023) Kat:3, Licht: 0","179124","3","2","3","06","05","1","","0","1","0","0","0"
"POINT (6.924012601000072 50.903993087000060)","Unfall 179125 (2023) Kat:3, Licht: 0","179125","3","3","5","06","14","1","","0","1","1","0","0"
"POINT (7.032295357000066 50.961516531000029)","Unfall 179174 (2023) Kat:3, Licht: 0","179174","3","1","0","06","14","7","","0","1","0","0","0"
"POINT (6.998228838000045 50.958284479000042)","Unfall 179175 (2023) Kat:2, Licht: 2","179175","2","1","0","06","04","7","","2","0","0","0","0"
"POINT (6.950494513000024 50.975182505000078)","Unfall 179176 (2023) Kat:2, Licht: 2","179176","2","1","0","06","22","7","","2","1","0","0","0"
"POINT (6.936742769000034 51.024839509000060)","Unfall 179177 (2023) Kat:2, Licht: 0","179177","2","2","5","06","12","7","","0","0","1","0","1"
"POINT (6.918477985000038 50.942701852000027)","Unfall 179178 (2023) Kat:3, Licht: 2","179178","3","5","1","06","00","7","","2","1","1","0","0"
"POINT (6.874818819000041 50.932055524000077)","Unfall 179179 (2023) Kat:3, Licht: 1","179179","3","7","5","06","21","7","","1","0","1","0","0"
"POINT (6.935021981000034 50.927838066000049)","Unfall 179180 (2023) Kat:3, Licht: 0","179180","3","1","0","06","10","7","","0","1","0","0","0"
"POINT (6.925586709000072 50.910674745000051)","Unfall 179181 (2023) Kat:3, Licht: 0","179181","3","7","6","06","10","7","","0","1","0","1","0"
"POINT (7.061523676000036 50.914198132000081)","Unfall 179252 (2023) Kat:3, Licht: 0","179252","3","3","5","06","14","6","","0","0","1","0","0"
"POINT (7.061741649000055 50.885641478000082)","Unfall 179253 (2023) Kat:3, Licht: 0","179253","3","4","6","06","13","6","","0","0","1","1","0"
"POINT (6.990922916000045 50.955345416000057)","Unfall 179254 (2023) Kat:3, Licht: 0","179254","3","3","5","06","15","6","","0","0","1","0","0"
"POINT (7.092861270000071 50.965696313000080)","Unfall 179255 (2023) Kat:3, Licht: 0","179255","3","3","5","06","16","6","","0","0","1","0","0"
"POINT (6.964219871000068 50.966899433000037)","Unfall 179256 (2023) Kat:3, Licht: 0","179256","3","3","5","06","08","6","","0","1","1","0","0"
"POINT (6.988815750000072 50.970715042000052)","Unfall 179257 (2023) Kat:3, Licht: 2","179257","3","7","0","06","23","6","","2","1","0","0","0"
"POINT (6.910333250000065 50.950520028000028)","Unfall 179258 (2023) Kat:2, Licht: 0","179258","2","6","4","06","14","6","","0","0","1","0","0"
"POINT (6.957264549000058 50.904381448000038)","Unfall 179259 (2023) Kat:3, Licht: 0","179259","3","3","5","06","13","6","","0","1","1","0","0"
"POINT (6.948195346000034 50.937689055000078)","Unfall 179260 (2023) Kat:3, Licht: 0","179260","3","3","5","06","20","6","","0","0","1","0","0"
"POINT (6.956912880000061 50.936443981000082)","Unfall 179261 (2023) Kat:3, Licht: 0","179261","3","5","1","06","20","6","","0","1","1","0","0"
"POINT (7.065055568000048 50.939966821000041)","Unfall 179266 (2023) Kat:3, Licht: 0","179266","3","7","0","06","16","4","","0","1","0","0","0"
"POINT (7.097558455000069 50.878720834000035)","Unfall 179323 (2023) Kat:2, Licht: 0","179323","2","6","3","06","12","5","","0","1","0","0","0"
"POINT (6.904750227000022 50.972684812000068)","Unfall 179324 (2023) Kat:3, Licht: 0","179324","3","6","2","06","16","5","","0","0","1","0","0"
"POINT (6.878867723000042 50.976520994000055)","Unfall 179325 (2023) Kat:3, Licht: 0","179325","3","6","4","06","17","5","","0","1","0","0","0"
"POINT (6.929353645000049 50.908051195000041)","Unfall 179326 (2023) Kat:3, Licht: 0","179326","3","1","0","06","18","5","","0","0","0","0","0"
"POINT (6.944955836000076 50.935232288000066)","Unfall 179327 (2023) Kat:3, Licht: 0","179327","3","3","5","06","15","5","","0","0","1","0","1"
"POINT (6.959770552000066 50.940334883000048)","Unfall 179328 (2023) Kat:3, Licht: 0","179328","3","4","6","06","16","5","","0","1","0","1","0"
"POINT (7.002516369000034 50.936812106000048)","Unfall 179388 (2023) Kat:3, Licht: 0","179388","3","5","0","06","06","4","","0","1","1","0","0"
"POINT (6.969389762000048 50.942157030000033)","Unfall 179389 (2023) Kat:2, Licht: 0","179389","2","3","5","06","17","4","","0","1","0","0","0"
"POINT (7.005682205000028 50.968754315000069)","Unfall 179390 (2023) Kat:3, Licht: 0","179390","3","1","0","06","15","4","","0","0","0","0","1"
"POINT (6.884970213000031 51.037136581000027)","Unfall 179391 (2023) Kat:3, Licht: 0","179391","3","5","0","06","08","4","","0","0","1","0","0"
"POINT (6.872561934000032 51.061010086000067)","Unfall 179394 (2023) Kat:3, Licht: 0","179394","3","1","0","06","20","4","","0","0","1","0","0"
"POINT (6.907618247000073 50.950282860000073)","Unfall 179395 (2023) Kat:3, Licht: 0","179395","3","3","5","06","14","4","","0","1","1","0","0"
"POINT (6.888331083000026 50.955366931000071)","Unfall 179396 (2023) Kat:3, Licht: 0","179396","3","1","0","06","10","4","","0","1","0","0","0"
"POINT (6.924687039000048 50.952486700000065)","Unfall 179397 (2023) Kat:3, Licht: 0","179397","3","5","0","06","14","4","","0","1","0","0","0"
"POINT (6.946103224000069 50.928415413000039)","Unfall 179398 (2023) Kat:3, Licht: 0","179398","3","3","0","06","15","4","","0","1","1","0","0"
"POINT (6.952364994000050 50.923993544000041)","Unfall 179399 (2023) Kat:3, Licht: 0","179399","3","6","2","06","15","4","","0","0","1","0","0"
"POINT (6.932585632000041 50.934088998000050)","Unfall 179400 (2023) Kat:3, Licht: 0","179400","3","2","3","06","19","4","","0","1","1","0","0"
"POINT (6.938315541000065 50.929739175000066)","Unfall 179401 (2023) Kat:3, Licht: 0","179401","3","7","0","06","19","4","","0","1","0","0","0"
"POINT (7.020736995000050 50.940991799000074)","Unfall 179492 (2023) Kat:3, Licht: 0","179492","3","3","5","06","13","3","","0","0","0","0","1"
"POINT (7.081128914000033 50.938281084000039)","Unfall 179493 (2023) Kat:2, Licht: 0","179493","2","6","6","06","07","3","","0","0","0","1","0"
"POINT (7.057306638000057 50.968024544000059)","Unfall 179494 (2023) Kat:2, Licht: 0","179494","2","7","0","06","11","3","","0","1","0","0","0"
"POINT (6.893900028000076 51.029926935000049)","Unfall 179495 (2023) Kat:3, Licht: 0","179495","3","4","6","06","07","3","","0","0","1","1","0"
"POINT (6.913911937000023 50.986435314000062)","Unfall 179496 (2023) Kat:3, Licht: 0","179496","3","1","0","06","09","3","","0","1","0","0","0"
"POINT (6.889182625000046 50.984617395000043)","Unfall 179497 (2023) Kat:3, Licht: 0","179497","3","2","5","06","16","3","","0","0","1","0","0"
"POINT (6.881372754000040 50.933515765000038)","Unfall 179498 (2023) Kat:3, Licht: 0","179498","3","6","3","06","18","3","","0","1","1","0","0"
"POINT (6.957508360000077 50.875767429000064)","Unfall 179499 (2023) Kat:3, Licht: 0","179499","3","2","4","06","15","3","","0","1","1","0","0"
"POINT (6.900406623000038 50.917184036000037)","Unfall 179500 (2023) Kat:3, Licht: 0","179500","3","1","0","06","13","3","","0","0","0","0","0"
"POINT (6.950523357000066 50.942700322000064)","Unfall 179501 (2023) Kat:3, Licht: 0","179501","3","2","0","06","19","3","","0","1","1","0","0"
"POINT (6.932600749000073 50.956772487000080)","Unfall 179503 (2023) Kat:3, Licht: 0","179503","3","5","0","06","16","3","","0","1","1","0","0"
"POINT (7.058145964000062 50.889102209000043)","Unfall 179614 (2023) Kat:2, Licht: 0","179614","2","2","5","06","11","2","","0","0","1","0","1"
"POINT (6.969249421000029 50.941359703000046)","Unfall 179615 (2023) Kat:3, Licht: 1","179615","3","7","0","06","21","2","","1","1","0","0","0"
"POINT (6.847356672000046 50.918565546000082)","Unfall 179617 (2023) Kat:3, Licht: 0","179617","3","3","5","06","18","2","","0","1","1","0","0"
"POINT (6.880675794000069 50.947326664000059)","Unfall 179618 (2023) Kat:3, Licht: 0","179618","3","3","5","06","20","2","","0","1","1","0","0"
"POINT (6.973512944000049 50.866801017000057)","Unfall 179619 (2023) Kat:3, Licht: 0","179619","3","3","5","06","16","2","","0","1","1","0","0"
"POINT (6.929687718000025 50.914887979000071)","Unfall 179620 (2023) Kat:3, Licht: 0","179620","3","5","2","06","13","3","","0","1","1","0","0"
"POINT (6.963943472000039 50.920787920000066)","Unfall 179621 (2023) Kat:3, Licht: 0","179621","3","3","5","06","09","2","","0","0","1","0","0"
"POINT (6.960016676000066 50.942803027000082)","Unfall 179622 (2023) Kat:3, Licht: 0","179622","3","5","5","06","12","2","","0","1","0","0","0"
"POINT (6.990768639000066 50.953483223000035)","Unfall 179695 (2023) Kat:3, Licht: 0","179695","3","7","3","06","18","1","","0","0","1","0","1"
"POINT (6.910299622000025 50.919085550000034)","Unfall 179696 (2023) Kat:3, Licht: 2","179696","3","1","0","06","00","1","","2","0","0","0","0"
"POINT (7.018683041000031 50.890865448000056)","Unfall 179697 (2023) Kat:3, Licht: 0","179697","3","3","5","06","13","1","","0","1","0","0","0"
"POINT (6.962287365000066 50.897482226000079)","Unfall 179698 (2023) Kat:3, Licht: 0","179698","3","3","5","06","14","1","","0","1","1","0","0"
"POINT (6.956280831000072 50.932790616000034)","Unfall 179699 (2023) Kat:3, Licht: 0","179699","3","1","0","06","20","1","","0","1","0","0","0"
"POINT (6.952312873000039 50.949971069000071)","Unfall 179743 (2023) Kat:3, Licht: 0","179743","3","7","0","06","12","6","","0","0","1","0","0"
"POINT (7.055362396000021 50.931052806000082)","Unfall 179794 (2023) Kat:3, Licht: 0","179794","3","2","5","06","14","5","","0","0","1","0","0"
"POINT (6.987081756000066 50.949197571000070)","Unfall 179795 (2023) Kat:3, Licht: 0","179795","3","3","0","06","07","5","","0","0","1","0","0"
"POINT (7.011445683000034 50.968791974000055)","Unfall 179796 (2023) Kat:3, Licht: 0","179796","3","2","5","06","11","5","","0","1","1","0","0"
"POINT (6.930880323000054 50.940702756000064)","Unfall 179797 (2023) Kat:3, Licht: 0","179797","3","2","5","06","19","5","","0","1","1","0","0"
"POINT (7.000008623000042 50.888884182000027)","Unfall 179798 (2023) Kat:3, Licht: 0","179798","3","7","0","06","15","5","","0","1","0","0","0"
"POINT (6.997864222000032 50.887826181000037)","Unfall 179799 (2023) Kat:3, Licht: 0","179799","3","3","5","06","08","5","","0","1","1","0","0"
"POINT (6.960330520000070 50.935870578000049)","Unfall 179800 (2023) Kat:3, Licht: 0","179800","3","3","1","06","07","5","","0","1","1","0","0"
"POINT (6.961648780000075 50.922225461000039)","Unfall 179801 (2023) Kat:3, Licht: 2","179801","3","1","0","06","23","5","","2","1","0","0","0"
"POINT (6.988424122000026 51.000482569000042)","Unfall 179841 (2023) Kat:3, Licht: 0","179841","3","1","0","06","20","4","","0","1","0","0","0"
"POINT (7.021058052000058 50.974208960000055)","Unfall 179842 (2023) Kat:3, Licht: 1","179842","3","1","0","06","22","4","","1","0","0","0","1"
"POINT (6.911809022000057 50.965061900000080)","Unfall 179843 (2023) Kat:3, Licht: 0","179843","3","6","2","06","09","4","","0","0","1","0","0"
"POINT (6.963664271000027 50.906830725000077)","Unfall 179844 (2023) Kat:2, Licht: 0","179844","2","1","0","06","16","4","","0","1","0","0","0"
"POINT (6.972972664000054 50.927739446000032)","Unfall 179890 (2023) Kat:3, Licht: 0","179890","3","1","0","06","12","3","","0","1","0","0","0"
"POINT (6.973451804000035 50.968633344000068)","Unfall 179891 (2023) Kat:3, Licht: 0","179891","3","3","0","06","16","3","","0","1","1","0","0"
"POINT (6.912923331000059 51.014239413000041)","Unfall 179892 (2023) Kat:3, Licht: 0","179892","3","5","0","06","13","3","","0","1","1","0","0"
"POINT (6.965243543000042 50.974996619000080)","Unfall 179893 (2023) Kat:3, Licht: 0","179893","3","6","4","06","07","3","","0","1","1","0","0"
"POINT (6.887085317000071 50.982736234000072)","Unfall 179894 (2023) Kat:3, Licht: 0","179894","3","3","5","06","16","3","","0","1","1","0","0"
"POINT (6.918982028000073 50.912064156000042)","Unfall 179895 (2023) Kat:3, Licht: 0","179895","3","3","5","06","16","3","","0","1","0","0","0"
"POINT (6.923938457000077 50.952462540000056)","Unfall 179941 (2023) Kat:2, Licht: 0","179941","2","2","6","06","08","2","","0","0","1","1","0"
"POINT (6.956009719000065 50.942528703000050)","Unfall 179942 (2023) Kat:3, Licht: 2","179942","3","3","5","06","23","2","","2","1","1","0","0"
"POINT (6.954148049000025 50.946765139000036)","Unfall 179943 (2023) Kat:3, Licht: 0","179943","3","1","0","06","18","2","","0","0","0","0","0"
"POINT (6.955452345000026 50.939867627000069)","Unfall 179944 (2023) Kat:3, Licht: 0","179944","3","1","0","06","15","2","","0","0","0","0","0"
"POINT (6.995057155000040 50.929008414000066)","Unfall 180003 (2023) Kat:3, Licht: 0","180003","3","1","0","06","20","1","","0","0","0","0","0"
"POINT (7.008196312000052 50.943272421000074)","Unfall 180004 (2023) Kat:3, Licht: 0","180004","3","3","5","06","11","1","","0","1","1","0","0"
"POINT (6.870996536000064 51.000147802000072)","Unfall 180005 (2023) Kat:3, Licht: 2","180005","3","7","5","06","02","1","","2","0","0","0","1"
"POINT (6.955079194000064 51.019710319000069)","Unfall 180006 (2023) Kat:3, Licht: 0","180006","3","1","0","06","15","1","","0","1","0","0","0"
"POINT (7.057855587000063 50.885413548000031)","Unfall 180053 (2023) Kat:2, Licht: 2","180053","2","1","0","06","01","7","","2","0","0","0","0"
"POINT (7.000790408000057 50.936120427000048)","Unfall 180054 (2023) Kat:3, Licht: 0","180054","3","6","2","06","20","7","","0","0","1","0","0"
"POINT (7.087946241000054 50.976925399000038)","Unfall 180055 (2023) Kat:3, Licht: 0","180055","3","7","0","06","17","7","","0","0","1","0","0"
"POINT (7.047247757000036 50.972361869000054)","Unfall 180056 (2023) Kat:2, Licht: 0","180056","2","1","1","06","14","7","","0","0","1","0","1"
"POINT (6.918182959000035 50.952046754000037)","Unfall 180057 (2023) Kat:3, Licht: 2","180057","3","5","1","06","01","7","","2","0","1","0","0"