WKT,Name,OBJECTID,UKATEGORIE,UTYP1,UART,UMONAT,USTUNDE,UWOCHENTAG,STRZUSTAND,ULICHTVERH,ISTRAD,ISTPKW,ISTFUSS,ISTKRAD
"POINT (6.950432085000045 50.918630098000051)","Unfall 180058 (2023) Kat:3, Licht: 0","180058","3","5","6","06","13","7","","0","0","0","1","0"
"POINT (7.064472439000042 50.937973763000059)","Unfall 180120 (2023) Kat:3, Licht: 0","180120","3","1","0","06","11","6","","0","1","0","0","0"
"POINT (6.998029713000051 50.962800006000066)","Unfall 180121 (2023) Kat:2, Licht: 0","180121","2","3","5","06","14","6","","0","1","1","0","0"
"POINT (6.986930642000061 51.010496238000030)","Unfall 180122 (2023) Kat:2, Licht: 0","180122","2","2","5","06","18","6","","0","0","1","0","1"
"POINT (6.947204917000022 50.998349783000037)","Unfall 180123 (2023) Kat:3, Licht: 0","180123","3","1","0","06","18","6","","0","0","1","0","0"
"POINT (6.931867611000030 50.965740047000054)","Unfall 180124 (2023) Kat:3, Licht: 0","180124","3","3","5","06","13","6","","0","1","1","0","0"
"POINT (6.936367807000067 50.947093543000051)","Unfall 180125 (2023) Kat:3, Licht: 0","180125","3","3","5","06","16","6","","0","0","1","0","0"
"POINT (6.960647351000034 50.908332693000034)","Unfall 180126 (2023) Kat:3, Licht: 0","180126","3","7","0","06","10","6","","0","1","1","0","0"
"POINT (6.940550768000037 50.920532254000079)","Unfall 180127 (2023) Kat:3, Licht: 0","180127","3","1","0","06","14","6","","0","1","0","0","0"
"POINT (6.944424381000033 50.924162865000028)","Unfall 180128 (2023) Kat:3, Licht: 0","180128","3","1","0","06","07","6","","0","1","0","0","0"
"POINT (6.966434424000056 50.954792046000080)","Unfall 180129 (2023) Kat:1, Licht: 0","180129","1","2","2","06","10","6","","0","1","0","0","0"
"POINT (6.937200344000075 50.929099485000052)","Unfall 180170 (2023) Kat:3, Licht: 0","180170","3","1","0","06","13","2","","0","1","0","0","0"
"POINT (7.056917212000030 50.913069585000073)","Unfall 180201 (2023) Kat:3, Licht: 0","180201","3","6","2","06","17","5","","0","0","1","0","0"
"POINT (6.928365193000047 50.974490277000029)","Unfall 180202 (2023) Kat:3, Licht: 0","180202","3","6","3","06","15","5","","0","0","1","0","1"
"POINT (6.903848128000050 50.951596588000029)","Unfall 180203 (2023) Kat:3, Licht: 0","180203","3","3","1","06","16","5","","0","0","1","0","0"
"POINT (6.905223367000076 50.953670522000039)","Unfall 180204 (2023) Kat:3, Licht: 0","180204","3","3","5","06","18","5","","0","1","1","0","0"
"POINT (6.938346459000059 50.946867061000034)","Unfall 180205 (2023) Kat:3, Licht: 2","180205","3","1","8","06","00","5","","2","0","0","0","1"
"POINT (6.953147685000033 50.938341024000067)","Unfall 180206 (2023) Kat:2, Licht: 0","180206","2","2","6","06","12","5","","0","0","1","1","0"
"POINT (7.086324696000077 50.859683533000066)","Unfall 180277 (2023) Kat:2, Licht: 0","180277","2","2","6","06","07","4","","0","0","1","1","0"
"POINT (7.073964342000068 50.967483580000078)","Unfall 180278 (2023) Kat:2, Licht: 0","180278","2","1","0","06","14","4","","0","1","0","0","0"
"POINT (6.923615313000028 50.979722667000033)","Unfall 180279 (2023) Kat:2, Licht: 0","180279","2","3","5","06","20","4","","0","0","1","0","0"
"POINT (6.959777966000047 50.934211023000046)","Unfall 180280 (2023) Kat:3, Licht: 1","180280","3","3","5","06","19","4","","1","1","1","0","0"
"POINT (6.967535487000021 50.959632013000032)","Unfall 180281 (2023) Kat:3, Licht: 1","180281","3","6","4","06","21","4","","1","1","0","0","0"
"POINT (6.913774490000037 50.956307528000082)","Unfall 180282 (2023) Kat:3, Licht: 0","180282","3","6","1","06","14","4","","0","0","1","0","0"
"POINT (6.958755931000042 50.906116308000037)","Unfall 180283 (2023) Kat:3, Licht: 0","180283","3","2","5","06","15","4","","0","0","1","0","1"
"POINT (6.923171823000075 50.922778619000042)","Unfall 180284 (2023) Kat:3, Licht: 0","180284","3","6","2","06","16","4","","0","0","1","0","1"
"POINT (6.937965613000074 50.927706948000036)","Unfall 180285 (2023) Kat:3, Licht: 2","180285","3","1","0","06","22","4","","2","0","0","0","0"
"POINT (6.938835298000072 50.930031670000062)","Unfall 180286 (2023) Kat:3, Licht: 0","180286","3","5","1","06","16","4","","0","1","1","0","0"
"POINT (7.058673712000029 50.903750121000030)","Unfall 180379 (2023) Kat:3, Licht: 0","180379","3","3","5","06","16","3","","0","1","1","0","0"
"POINT (7.019699093000042 50.931909029000053)","Unfall 180380 (2023) Kat:3, Licht: 0","180380","3","2","3","06","16","3","","0","0","1","0","0"
"POINT (6.972411404000070 50.941794282000046)","Unfall 180381 (2023) Kat:3, Licht: 0","180381","3","1","7","06","18","3","","0","1","0","0","0"
"POINT (7.003876386000059 50.954912830000069)","Unfall 180382 (2023) Kat:3, Licht: 0","180382","3","2","0","06","09","3","","0","0","1","0","1"
"POINT (7.007281927000065 50.966576676000045)","Unfall 180385 (2023) Kat:3, Licht: 0","180385","3","5","1","06","10","3","","0","1","1","0","0"
"POINT (6.883521838000036 51.037527753000063)","Unfall 180386 (2023) Kat:3, Licht: 0","180386","3","5","0","06","16","3","","0","1","1","0","0"
"POINT (6.929471873000068 50.941140987000040)","Unfall 180387 (2023) Kat:3, Licht: 2","180387","3","1","0","06","23","3","","2","1","0","0","0"
"POINT (6.996144542000025 50.892107208000027)","Unfall 180388 (2023) Kat:3, Licht: 0","180388","3","3","5","06","13","3","","0","1","1","0","0"
"POINT (6.941667056000028 50.931655464000073)","Unfall 180389 (2023) Kat:3, Licht: 0","180389","3","4","6","06","11","3","","0","1","0","1","0"
"POINT (6.951031663000037 50.921055822000028)","Unfall 180390 (2023) Kat:3, Licht: 0","180390","3","2","5","06","16","3","","0","1","1","0","0"
"POINT (7.000447876000067 50.943226770000081)","Unfall 180464 (2023) Kat:3, Licht: 0","180464","3","1","0","06","10","4","","0","0","0","0","1"
"POINT (7.044132561000026 50.870187808000026)","Unfall 180488 (2023) Kat:3, Licht: 0","180488","3","3","5","06","18","2","","0","1","0","0","0"
"POINT (7.022422547000076 50.941212369000027)","Unfall 180489 (2023) Kat:3, Licht: 0","180489","3","3","5","06","07","2","","0","1","1","0","0"
"POINT (7.025331042000062 50.930056057000058)","Unfall 180490 (2023) Kat:3, Licht: 0","180490","3","1","0","06","15","2","","0","0","0","0","0"
"POINT (7.003921949000073 50.954774352000072)","Unfall 180491 (2023) Kat:3, Licht: 2","180491","3","5","0","06","22","2","","2","1","1","0","0"
"POINT (6.931450941000037 50.949176006000073)","Unfall 180492 (2023) Kat:3, Licht: 0","180492","3","3","5","06","18","2","","0","1","1","0","0"
"POINT (6.940877390000026 50.912078973000064)","Unfall 180493 (2023) Kat:3, Licht: 0","180493","3","1","1","06","11","2","","0","1","1","0","0"
"POINT (6.937247709000076 50.918758579000041)","Unfall 180494 (2023) Kat:3, Licht: 0","180494","3","2","5","06","20","2","","0","1","0","0","1"
"POINT (6.945599298000047 50.912037943000030)","Unfall 180495 (2023) Kat:3, Licht: 0","180495","3","1","0","06","16","2","","0","0","0","0","1"
"POINT (6.976902873000029 50.864725679000060)","Unfall 180496 (2023) Kat:2, Licht: 0","180496","2","7","5","06","16","2","","0","0","1","0","0"
"POINT (6.941117367000061 50.933242218000032)","Unfall 180497 (2023) Kat:3, Licht: 0","180497","3","3","5","06","08","2","","0","1","1","0","0"
"POINT (6.890003004000050 50.969058293000046)","Unfall 180567 (2023) Kat:3, Licht: 0","180567","3","7","1","06","17","5","","0","0","0","1","0"
"POINT (6.914414041000043 50.979189567000049)","Unfall 180581 (2023) Kat:3, Licht: 0","180581","3","7","0","06","15","1","","0","1","0","0","0"
"POINT (6.960273063000045 50.925722901000029)","Unfall 180582 (2023) Kat:3, Licht: 2","180582","3","1","7","06","02","1","","2","1","0","0","0"
"POINT (6.951184190000049 50.920876749000058)","Unfall 180583 (2023) Kat:3, Licht: 2","180583","3","1","1","06","00","1","","2","1","1","0","0"
"POINT (6.990989971000033 50.955659617000038)","Unfall 180643 (2023) Kat:3, Licht: 0","180643","3","1","0","06","21","7","","0","1","0","0","0"
"POINT (6.969735521000075 50.944129770000075)","Unfall 180644 (2023) Kat:2, Licht: 0","180644","2","6","6","06","15","7","","0","0","0","1","0"
"POINT (7.008461128000022 50.970350339000049)","Unfall 180645 (2023) Kat:3, Licht: 0","180645","3","6","0","06","20","7","","0","0","0","0","0"
"POINT (6.893584803000067 51.027367416000061)","Unfall 180646 (2023) Kat:3, Licht: 0","180646","3","1","0","06","17","7","","0","1","0","0","0"
"POINT (6.896171186000061 51.024866019000058)","Unfall 180647 (2023) Kat:3, Licht: 0","180647","3","2","5","06","15","7","","0","1","1","0","0"
"POINT (6.903857048000020 50.924199574000056)","Unfall 180648 (2023) Kat:3, Licht: 0","180648","3","3","0","06","16","4","","0","1","1","0","0"
"POINT (6.898884547000023 50.952558291000059)","Unfall 180649 (2023) Kat:3, Licht: 0","180649","3","1","0","06","18","7","","0","0","0","0","0"
"POINT (6.962935674000050 50.909454273000051)","Unfall 180650 (2023) Kat:3, Licht: 0","180650","3","7","0","06","13","7","","0","0","1","0","0"
"POINT (6.997285052000052 50.888706519000038)","Unfall 180651 (2023) Kat:3, Licht: 0","180651","3","3","5","06","19","7","","0","0","1","0","0"
"POINT (6.960590388000071 50.937380259000065)","Unfall 180652 (2023) Kat:3, Licht: 2","180652","3","4","6","06","00","7","","2","0","0","1","0"
"POINT (6.965159537000034 50.987886283000080)","Unfall 180689 (2023) Kat:3, Licht: 0","180689","3","1","7","06","16","7","","0","1","0","0","0"
"POINT (7.053338038000049 50.887389780000035)","Unfall 180730 (2023) Kat:3, Licht: 0","180730","3","1","9","06","05","6","","0","1","0","0","0"
"POINT (7.036373867000066 50.957294272000070)","Unfall 180731 (2023) Kat:3, Licht: 0","180731","3","6","2","06","08","6","","0","0","1","0","0"
"POINT (7.001714021000055 50.955870940000068)","Unfall 180732 (2023) Kat:3, Licht: 0","180732","3","1","5","06","15","6","","0","1","1","0","0"
"POINT (6.918145522000032 51.031207175000077)","Unfall 180733 (2023) Kat:3, Licht: 1","180733","3","1","8","06","21","6","","1","0","1","0","0"
"POINT (6.928886233000071 50.949991254000054)","Unfall 180734 (2023) Kat:3, Licht: 0","180734","3","2","5","06","14","6","","0","1","1","0","0"
"POINT (6.912461510000071 50.949695008000049)","Unfall 180735 (2023) Kat:3, Licht: 0","180735","3","3","5","06","07","6","","0","1","1","0","0"
"POINT (6.932298948000039 50.951793711000050)","Unfall 180736 (2023) Kat:3, Licht: 0","180736","3","1","5","06","06","6","","0","1","1","0","0"
"POINT (6.913590079000073 50.933795800000041)","Unfall 180738 (2023) Kat:3, Licht: 0","180738","3","7","0","06","11","6","","0","0","1","0","0"
"POINT (6.964954544000022 50.894014324000068)","Unfall 180739 (2023) Kat:3, Licht: 0","180739","3","6","4","06","09","6","","0","0","1","0","0"
"POINT (6.949368821000064 50.895128491000037)","Unfall 180740 (2023) Kat:3, Licht: 0","180740","3","1","0","06","16","6","","0","0","0","0","0"
"POINT (6.932447613000022 50.949668142000064)","Unfall 180833 (2023) Kat:3, Licht: 0","180833","3","3","4","07","07","2","","0","0","1","0","0"
"POINT (6.878029810000044 50.939177018000066)","Unfall 180834 (2023) Kat:3, Licht: 0","180834","3","5","1","07","15","2","","0","1","1","0","0"
"POINT (6.920258465000074 50.952143307000028)","Unfall 180835 (2023) Kat:3, Licht: 0","180835","3","7","6","07","12","2","","0","1","0","1","0"
"POINT (6.898925314000053 50.952682087000028)","Unfall 180836 (2023) Kat:3, Licht: 0","180836","3","6","2","07","15","2","","0","0","1","0","0"
"POINT (6.926305810000031 50.859338307000030)","Unfall 180837 (2023) Kat:3, Licht: 0","180837","3","7","1","07","16","2","","0","0","1","0","1"
"POINT (6.958350144000065 50.944667282000069)","Unfall 180838 (2023) Kat:3, Licht: 0","180838","3","7","5","07","21","2","","0","1","1","0","0"
"POINT (7.057759439000051 50.926848141000050)","Unfall 180887 (2023) Kat:3, Licht: 0","180887","3","6","2","07","14","1","","0","0","1","0","0"
"POINT (6.979440108000063 50.973010898000041)","Unfall 180888 (2023) Kat:2, Licht: 0","180888","2","1","0","07","14","1","","0","1","0","0","0"
"POINT (6.909977013000059 50.945186744000068)","Unfall 180889 (2023) Kat:3, Licht: 0","180889","3","1","0","07","20","1","","0","1","0","0","0"
"POINT (6.958835377000071 50.939901791000068)","Unfall 180890 (2023) Kat:3, Licht: 0","180890","3","1","0","07","18","1","","0","0","0","0","0"
"POINT (6.923169427000062 50.952693533000058)","Unfall 180930 (2023) Kat:3, Licht: 0","180930","3","1","0","07","15","7","","0","0","0","0","1"
"POINT (6.920434514000021 50.913644900000065)","Unfall 180931 (2023) Kat:3, Licht: 0","180931","3","1","0","07","11","7","","0","1","0","0","0"
"POINT (7.024541713000076 50.958062273000053)","Unfall 180977 (2023) Kat:3, Licht: 0","180977","3","4","6","07","07","6","","0","0","0","1","0"
"POINT (7.071520612000029 50.967772692000040)","Unfall 180978 (2023) Kat:3, Licht: 1","180978","3","1","0","07","04","6","","1","0","1","0","0"
"POINT (6.861282352000046 51.011484010000061)","Unfall 180979 (2023) Kat:3, Licht: 0","180979","3","3","5","07","15","6","","0","1","1","0","0"
"POINT (6.947664454000062 50.934944851000068)","Unfall 180980 (2023) Kat:3, Licht: 0","180980","3","3","5","07","15","6","","0","1","1","0","0"
"POINT (6.995490773000029 50.931439753000063)","Unfall 181036 (2023) Kat:3, Licht: 0","181036","3","5","6","07","15","5","","0","0","1","1","0"
"POINT (7.059618086000057 50.941947223000057)","Unfall 181037 (2023) Kat:2, Licht: 0","181037","2","1","0","07","14","5","","0","0","0","0","1"
"POINT (6.993938047000029 50.935522754000033)","Unfall 181038 (2023) Kat:3, Licht: 0","181038","3","6","0","07","16","5","","0","0","1","0","0"
"POINT (6.968222290000028 50.981271148000076)","Unfall 181039 (2023) Kat:3, Licht: 0","181039","3","3","4","07","15","5","","0","0","1","0","0"
"POINT (6.909140294000053 50.941881749000061)","Unfall 181040 (2023) Kat:2, Licht: 0","181040","2","1","0","07","14","5","","0","0","0","0","0"
"POINT (6.901313857000048 50.929467213000066)","Unfall 181041 (2023) Kat:3, Licht: 0","181041","3","4","6","07","13","5","","0","1","0","1","0"
"POINT (6.952768383000034 50.937355305000040)","Unfall 181042 (2023) Kat:3, Licht: 0","181042","3","7","3","07","06","5","","0","0","1","0","1"
"POINT (7.007014657000070 50.941917049000040)","Unfall 181102 (2023) Kat:3, Licht: 0","181102","3","3","0","07","16","4","","0","0","1","0","0"
"POINT (7.057154414000024 50.968333280000081)","Unfall 181103 (2023) Kat:3, Licht: 0","181103","3","1","0","07","11","4","","0","0","0","0","0"
"POINT (6.964422457000069 50.974237685000048)","Unfall 181104 (2023) Kat:3, Licht: 0","181104","3","6","2","07","16","4","","0","0","1","0","0"
"POINT (6.897908855000026 50.957197296000061)","Unfall 181105 (2023) Kat:2, Licht: 0","181105","2","3","5","07","20","4","","0","0","1","0","1"
"POINT (6.978963055000065 50.877435736000052)","Unfall 181106 (2023) Kat:3, Licht: 0","181106","3","3","5","07","16","4","","0","0","1","0","0"
"POINT (7.037014728000031 50.996306187000073)","Unfall 181164 (2023) Kat:3, Licht: 0","181164","3","1","0","07","17","3","","0","1","0","0","0"
"POINT (7.081755353000062 50.880013611000038)","Unfall 181166 (2023) Kat:3, Licht: 0","181166","3","3","9","07","16","3","","0","1","0","0","0"
"POINT (7.000718019000033 50.938584800000058)","Unfall 181167 (2023) Kat:3, Licht: 0","181167","3","6","3","07","20","3","","0","1","1","0","0"
"POINT (7.002004320000026 50.943649333000053)","Unfall 181168 (2023) Kat:3, Licht: 0","181168","3","3","5","07","18","3","","0","0","0","0","1"
"POINT (6.943524622000041 50.968522072000042)","Unfall 181169 (2023) Kat:3, Licht: 0","181169","3","3","5","07","13","3","","0","0","1","0","0"
"POINT (6.956239105000066 50.941747260000056)","Unfall 181170 (2023) Kat:3, Licht: 0","181170","3","6","0","07","12","3","","0","1","0","0","0"
"POINT (6.916603740000028 50.955168884000045)","Unfall 181193 (2023) Kat:3, Licht: 0","181193","3","2","5","07","17","4","","0","1","1","0","0"
"POINT (7.008484703000022 50.985858876000066)","Unfall 181204 (2023) Kat:3, Licht: 0","181204","3","6","4","07","12","4","","0","1","1","0","0"
"POINT (7.043201058000022 50.950945845000035)","Unfall 181231 (2023) Kat:3, Licht: 0","181231","3","3","0","07","20","2","","0","0","1","0","1"
"POINT (6.950488808000046 51.027800005000074)","Unfall 181233 (2023) Kat:3, Licht: 0","181233","3","1","4","07","07","2","","0","1","0","0","0"
"POINT (6.948792798000056 50.917221223000070)","Unfall 181234 (2023) Kat:1, Licht: 0","181234","1","2","5","07","12","2","","0","0","1","0","1"
"POINT (6.942617218000066 50.940030255000067)","Unfall 181235 (2023) Kat:3, Licht: 0","181235","3","5","0","07","14","2","","0","1","1","0","0"
"POINT (6.959773133000056 50.974280888000067)","Unfall 181259 (2023) Kat:3, Licht: 0","181259","3","2","2","07","10","6","","0","0","1","0","0"
"POINT (6.889474048000068 50.954383421000045)","Unfall 181283 (2023) Kat:3, Licht: 2","181283","3","1","0","07","02","1","","2","1","0","0","0"
"POINT (7.049613871000076 50.946475939000038)","Unfall 181284 (2023) Kat:2, Licht: 0","181284","2","4","6","07","12","1","","0","1","0","1","0"
"POINT (7.030484765000040 50.992410857000039)","Unfall 181285 (2023) Kat:3, Licht: 0","181285","3","2","4","07","16","1","","0","1","1","0","0"
"POINT (7.045193979000032 50.976570428000059)","Unfall 181286 (2023) Kat:3, Licht: 1","181286","3","1","0","07","22","1","","1","0","0","0","0"
"POINT (6.973468747000027 50.940395451000029)","Unfall 181287 (2023) Kat:3, Licht: 0","181287","3","6","6","07","18","1","","0","1","0","1","0"
"POINT (6.912336910000022 50.923828854000078)","Unfall 181288 (2023) Kat:3, Licht: 0","181288","3","2","3","07","13","1","","0","1","0","0","0"
"POINT (6.919042319000027 50.912134281000078)","Unfall 181289 (2023) Kat:3, Licht: 0","181289","3","1","0","07","13","1","","0","1","0","0","0"
"POINT (6.960445755000023 50.943674582000028)","Unfall 181290 (2023) Kat:2, Licht: 0","181290","2","1","0","07","05","1","","0","0","0","0","1"
"POINT (6.945965294000075 50.940942873000040)","Unfall 181291 (2023) Kat:3, Licht: 0","181291","3","2","3","07","12","1","","0","0","1","0","0"
"POINT (6.998186856000075 50.921532108000065)","Unfall 181329 (2023) Kat:2, Licht: 2","181329","2","1","0","07","04","7","","2","0","0","0","0"
"POINT (7.065750262000051 50.967875009000068)","Unfall 181331 (2023) Kat:3, Licht: 2","181331","3","1","0","07","04","7","","2","0","1","0","1"
"POINT (6.856418782000048 50.945623678000061)","Unfall 181332 (2023) Kat:2, Licht: 0","181332","2","7","1","07","13","7","","0","0","1","0","0"
"POINT (6.926712555000051 50.951145162000046)","Unfall 181333 (2023) Kat:3, Licht: 0","181333","3","7","1","07","16","7","","0","0","1","0","0"
"POINT (6.908216710000033 50.967543571000078)","Unfall 181334 (2023) Kat:3, Licht: 0","181334","3","1","0","07","09","7","","0","1","0","0","0"
"POINT (6.914222854000059 50.956128272000058)","Unfall 181336 (2023) Kat:3, Licht: 0","181336","3","2","2","07","07","7","","0","0","1","0","1"
"POINT (6.941294917000050 50.909238627000036)","Unfall 181337 (2023) Kat:3, Licht: 0","181337","3","2","3","07","09","7","","0","1","1","0","0"
"POINT (6.942690526000035 50.932317010000077)","Unfall 181338 (2023) Kat:3, Licht: 0","181338","3","1","0","07","19","7","","0","1","0","0","0"
"POINT (6.956295071000056 50.932793983000067)","Unfall 181339 (2023) Kat:3, Licht: 0","181339","3","6","0","07","12","7","","0","1","0","0","0"
"POINT (6.999916376000044 50.929023911000058)","Unfall 181398 (2023) Kat:3, Licht: 0","181398","3","2","5","07","18","6","","0","0","1","0","0"
"POINT (6.990067684000053 50.951577630000031)","Unfall 181400 (2023) Kat:3, Licht: 0","181400","3","3","5","07","20","6","","0","1","1","0","0"
"POINT (6.982072752000022 50.980231564000064)","Unfall 181401 (2023) Kat:3, Licht: 0","181401","3","7","5","07","16","6","","0","0","1","0","1"
"POINT (6.891340524000043 51.012891768000031)","Unfall 181402 (2023) Kat:3, Licht: 0","181402","3","3","5","07","17","6","","0","0","1","0","1"
"POINT (6.911393509000050 50.938768642000070)","Unfall 181403 (2023) Kat:3, Licht: 0","181403","3","6","2","07","12","6","","0","0","1","0","1"
"POINT (6.918914233000066 50.912085189000038)","Unfall 181404 (2023) Kat:3, Licht: 0","181404","3","2","3","07","08","6","","0","1","1","0","0"
"POINT (7.006450515000040 50.892014556000049)","Unfall 181405 (2023) Kat:3, Licht: 0","181405","3","3","5","07","13","6","","0","1","0","0","0"
"POINT (6.917987213000060 50.928649551000035)","Unfall 181406 (2023) Kat:3, Licht: 0","181406","3","6","2","07","11","6","","0","1","1","0","0"
"POINT (6.942082332000041 50.940100822000034)","Unfall 181407 (2023) Kat:3, Licht: 2","181407","3","7","2","07","23","6","","2","0","1","0","1"
"POINT (6.942105789000038 50.940096078000067)","Unfall 181409 (2023) Kat:3, Licht: 1","181409","3","2","5","07","22","6","","1","1","1","0","0"
"POINT (6.945417000000020 50.933530566000059)","Unfall 181410 (2023) Kat:3, Licht: 0","181410","3","3","5","07","21","6","","0","1","1","0","0"
"POINT (7.057081347000064 50.888811515000043)","Unfall 181458 (2023) Kat:3, Licht: 0","181458","3","2","4","07","16","5","","0","1","1","0","0"
"POINT (7.089329746000033 50.923849858000040)","Unfall 181494 (2023) Kat:3, Licht: 0","181494","3","1","1","07","15","5","","0","1","1","0","0"
"POINT (6.974322697000048 50.924044178000031)","Unfall 181495 (2023) Kat:3, Licht: 2","181495","3","4","0","07","22","5","","2","0","1","1","0"
"POINT (7.002587314000039 50.973180453000055)","Unfall 181496 (2023) Kat:3, Licht: 0","181496","3","1","1","07","16","5","","0","1","1","0","0"
"POINT (7.010221056000034 50.966962105000050)","Unfall 181497 (2023) Kat:3, Licht: 0","181497","3","5","2","07","18","5","","0","0","1","0","0"
"POINT (6.959746750000022 50.974034635000066)","Unfall 181499 (2023) Kat:3, Licht: 2","181499","3","1","0","07","22","5","","2","1","0","0","0"
"POINT (6.950004073000059 50.955639030000043)","Unfall 181500 (2023) Kat:3, Licht: 0","181500","3","2","5","07","08","5","","0","1","1","0","0"
"POINT (6.935471837000023 50.919641216000059)","Unfall 181501 (2023) Kat:3, Licht: 0","181501","3","4","6","07","08","5","","0","0","0","1","0"
"POINT (6.941012955000076 50.911895728000047)","Unfall 181502 (2023) Kat:3, Licht: 0","181502","3","4","6","07","13","5","","0","1","0","1","0"
"POINT (7.049709821000022 50.942177447000063)","Unfall 181508 (2023) Kat:3, Licht: 0","181508","3","7","0","07","09","1","","0","0","0","0","0"
"POINT (6.885383608000041 50.983741172000066)","Unfall 181552 (2023) Kat:3, Licht: 0","181552","3","3","5","07","15","2","","0","1","1","0","0"
"POINT (6.916381231000059 50.976118635000034)","Unfall 181559 (2023) Kat:3, Licht: 0","181559","3","1","0","07","19","4","","0","1","0","0","0"
"POINT (6.966314749000048 50.974241448000043)","Unfall 181560 (2023) Kat:3, Licht: 2","181560","3","2","0","07","01","4","","2","1","0","0","0"
"POINT (6.931674732000033 50.953563237000026)","Unfall 181561 (2023) Kat:3, Licht: 0","181561","3","1","0","07","16","4","","0","1","0","0","0"
"POINT (6.921073048000039 50.950704746000042)","Unfall 181562 (2023) Kat:2, Licht: 0","181562","2","3","5","07","19","4","","0","0","1","0","0"
"POINT (7.008980738000048 50.867927687000076)","Unfall 181563 (2023) Kat:3, Licht: 0","181563","3","2","4","07","06","4","","0","0","1","0","0"
"POINT (7.058549109000069 50.932531447000031)","Unfall 181621 (2023) Kat:3, Licht: 0","181621","3","7","6","07","18","3","","0","0","1","1","0"
"POINT (6.964975990000028 50.911747764000040)","Unfall 181622 (2023) Kat:3, Licht: 0","181622","3","3","5","07","19","3","","0","1","1","0","0"
"POINT (6.950279571000067 50.896204060000059)","Unfall 181623 (2023) Kat:3, Licht: 0","181623","3","6","2","07","08","4","","0","0","1","0","1"
"POINT (6.938780480000048 50.940728466000053)","Unfall 181642 (2023) Kat:3, Licht: 0","181642","3","6","2","07","18","6","","0","0","1","0","0"
"POINT (7.073017758000049 50.878546759000074)","Unfall 181686 (2023) Kat:3, Licht: 0","181686","3","7","0","07","14","2","","0","0","1","0","0"
"POINT (7.014935461000050 50.950821976000043)","Unfall 181687 (2023) Kat:3, Licht: 0","181687","3","1","8","07","16","2","","0","1","0","0","0"
"POINT (6.925428379000039 50.955105906000028)","Unfall 181688 (2023) Kat:3, Licht: 0","181688","3","3","5","07","14","2","","0","0","0","0","1"
"POINT (6.902740473000051 50.925180127000033)","Unfall 181689 (2023) Kat:2, Licht: 0","181689","2","1","0","07","16","2","","0","1","0","0","0"
"POINT (6.952532280000071 50.898866011000052)","Unfall 181690 (2023) Kat:2, Licht: 0","181690","2","6","3","07","08","2","","0","0","1","0","1"
"POINT (7.000589444000070 50.931224007000026)","Unfall 181721 (2023) Kat:3, Licht: 0","181721","3","6","2","07","15","7","","0","0","1","0","0"
"POINT (6.999683932000039 50.954831689000059)","Unfall 181750 (2023) Kat:3, Licht: 0","181750","3","3","5","07","11","1","","0","1","1","0","0"
"POINT (6.926678414000037 50.919461997000042)","Unfall 181751 (2023) Kat:3, Licht: 1","181751","3","2","5","07","21","1","","1","0","1","0","1"
"POINT (6.993382367000038 50.872622293000063)","Unfall 181752 (2023) Kat:3, Licht: 0","181752","3","7","8","07","07","1","","0","0","1","0","0"
"POINT (6.962511612000071 50.918899172000067)","Unfall 181776 (2023) Kat:3, Licht: 0","181776","3","2","3","07","17","5","","0","1","1","0","0"
"POINT (6.893635192000033 51.016245306000030)","Unfall 181798 (2023) Kat:3, Licht: 0","181798","3","1","8","07","16","7","","0","0","1","0","0"
"POINT (6.921852982000075 50.922309270000028)","Unfall 181799 (2023) Kat:3, Licht: 2","181799","3","5","1","07","21","7","","2","1","1","0","0"
"POINT (7.083547800000076 50.864090978000036)","Unfall 181844 (2023) Kat:3, Licht: 0","181844","3","3","5","06","14","6","","0","1","1","0","0"
"POINT (7.049105693000058 50.867693054000028)","Unfall 181845 (2023) Kat:3, Licht: 0","181845","3","1","0","06","12","6","","0","1","0","0","0"
"POINT (7.000316814000030 50.965299924000078)","Unfall 181847 (2023) Kat:3, Licht: 0","181847","3","6","1","06","16","6","","0","1","1","0","0"
"POINT (6.940956214000039 50.958236841000030)","Unfall 181848 (2023) Kat:2, Licht: 0","181848","2","3","5","06","15","6","","0","1","1","0","0"
"POINT (6.923111711000047 50.952657599000077)","Unfall 181849 (2023) Kat:3, Licht: 0","181849","3","6","1","06","18","6","","0","1","1","0","0"
"POINT (6.915673460000050 50.952025004000063)","Unfall 181850 (2023) Kat:3, Licht: 0","181850","3","6","9","06","14","6","","0","0","1","0","1"
"POINT (6.993446407000022 50.891873150000038)","Unfall 181851 (2023) Kat:3, Licht: 0","181851","3","3","5","06","07","6","","0","1","1","0","0"
"POINT (6.909830336000027 50.945195076000061)","Unfall 181890 (2023) Kat:3, Licht: 0","181890","3","3","5","08","14","1","","0","1","1","0","0"
"POINT (6.911506030000055 50.950138482000057)","Unfall 181929 (2023) Kat:3, Licht: 2","181929","3","2","3","08","01","7","","2","1","0","0","1"