WKT,Name,OBJECTID,UKATEGORIE,UTYP1,UART,UMONAT,USTUNDE,UWOCHENTAG,STRZUSTAND,ULICHTVERH,ISTRAD,ISTPKW,ISTFUSS,ISTKRAD
"POINT (6.910117161000073 50.922870719000059)","Unfall 181930 (2023) Kat:3, Licht: 0","181930","3","3","0","08","11","7","","0","0","1","0","0"
"POINT (6.941024544000072 50.914891806000071)","Unfall 181931 (2023) Kat:2, Licht: 0","181931","2","1","0","08","17","7","","0","1","0","0","0"
"POINT (6.911454183000046 50.919776494000075)","Unfall 181932 (2023) Kat:3, Licht: 0","181932","3","2","4","08","19","7","","0","1","1","0","0"
"POINT (6.903282507000029 50.998106763000067)","Unfall 181981 (2023) Kat:3, Licht: 2","181981","3","1","0","08","23","6","","2","1","0","0","0"
"POINT (6.884262535000062 50.984416282000041)","Unfall 181982 (2023) Kat:3, Licht: 0","181982","3","3","0","08","13","6","","0","1","0","0","1"
"POINT (6.933228311000050 50.913595910000026)","Unfall 181983 (2023) Kat:3, Licht: 0","181983","3","6","3","08","10","6","","0","1","0","0","1"
"POINT (6.920114250000040 50.924939815000073)","Unfall 181984 (2023) Kat:3, Licht: 0","181984","3","6","3","08","17","6","","0","1","1","0","0"
"POINT (6.952980024000055 50.939035678000039)","Unfall 181985 (2023) Kat:3, Licht: 0","181985","3","7","4","08","16","6","","0","0","0","0","0"
"POINT (7.032070967000038 50.925046653000038)","Unfall 182049 (2023) Kat:3, Licht: 0","182049","3","6","4","08","07","5","","0","0","1","0","0"
"POINT (6.913035821000051 50.956602842000052)","Unfall 182050 (2023) Kat:3, Licht: 0","182050","3","1","0","08","09","5","","0","0","0","0","1"
"POINT (6.907845349000070 50.946168692000072)","Unfall 182051 (2023) Kat:3, Licht: 1","182051","3","7","0","08","07","5","","1","1","0","0","0"
"POINT (6.894398730000034 50.969155010000065)","Unfall 182052 (2023) Kat:3, Licht: 0","182052","3","1","0","08","06","5","","0","0","0","0","0"
"POINT (6.961373261000062 50.925542494000069)","Unfall 182053 (2023) Kat:3, Licht: 0","182053","3","5","1","08","18","5","","0","1","1","0","0"
"POINT (6.953395289000071 50.944743736000078)","Unfall 182054 (2023) Kat:3, Licht: 0","182054","3","1","0","08","19","5","","0","0","0","0","1"
"POINT (7.001440896000076 50.940234349000036)","Unfall 182091 (2023) Kat:3, Licht: 0","182091","3","6","2","08","13","4","","0","0","1","0","0"
"POINT (7.011975939000024 50.973200881000082)","Unfall 182092 (2023) Kat:3, Licht: 2","182092","3","1","9","08","01","4","","2","0","1","0","0"
"POINT (6.974240906000034 50.968754373000081)","Unfall 182093 (2023) Kat:3, Licht: 0","182093","3","3","4","08","16","4","","0","1","1","0","0"
"POINT (6.921571270000072 50.957916303000047)","Unfall 182094 (2023) Kat:3, Licht: 0","182094","3","1","0","08","10","4","","0","1","0","0","0"
"POINT (6.932133840000063 50.940337337000074)","Unfall 182095 (2023) Kat:3, Licht: 0","182095","3","2","2","08","18","4","","0","1","1","0","0"
"POINT (6.925837673000046 50.892683207000061)","Unfall 182096 (2023) Kat:3, Licht: 0","182096","3","1","4","08","07","4","","0","0","1","0","0"
"POINT (6.944176478000031 50.900555601000065)","Unfall 182097 (2023) Kat:2, Licht: 0","182097","2","7","4","08","08","4","","0","0","1","0","1"
"POINT (6.957592592000026 50.949522005000063)","Unfall 182098 (2023) Kat:3, Licht: 0","182098","3","4","0","08","15","4","","0","1","0","1","0"
"POINT (7.019323863000068 50.900578543000051)","Unfall 182152 (2023) Kat:3, Licht: 0","182152","3","3","5","08","16","3","","0","0","1","0","0"
"POINT (6.926382674000024 50.951138260000050)","Unfall 182153 (2023) Kat:3, Licht: 0","182153","3","3","5","08","18","3","","0","1","1","0","0"
"POINT (6.944638027000053 50.915569821000076)","Unfall 182154 (2023) Kat:3, Licht: 0","182154","3","3","5","08","17","3","","0","1","1","0","0"
"POINT (6.941440304000025 50.911267393000060)","Unfall 182156 (2023) Kat:2, Licht: 0","182156","2","5","0","08","12","3","","0","0","1","0","0"
"POINT (7.018575187000067 50.874854848000041)","Unfall 182157 (2023) Kat:3, Licht: 0","182157","3","3","5","08","08","3","","0","1","1","0","0"
"POINT (6.931626705000042 50.931423426000038)","Unfall 182158 (2023) Kat:3, Licht: 0","182158","3","3","5","08","10","3","","0","1","0","0","0"
"POINT (7.010327697000037 50.971603236000078)","Unfall 182199 (2023) Kat:3, Licht: 0","182199","3","3","0","07","14","2","","0","1","1","0","0"
"POINT (7.006749953000053 50.969323231000033)","Unfall 182200 (2023) Kat:3, Licht: 0","182200","3","6","2","07","08","2","","0","1","1","0","0"
"POINT (6.945292740000070 50.968729672000052)","Unfall 182201 (2023) Kat:3, Licht: 0","182201","3","1","0","07","19","2","","0","1","0","0","0"
"POINT (6.898903803000053 50.979092220000041)","Unfall 182203 (2023) Kat:3, Licht: 0","182203","3","3","5","07","07","2","","0","1","0","0","0"
"POINT (6.905083092000041 50.958695149000050)","Unfall 182204 (2023) Kat:3, Licht: 0","182204","3","2","0","07","17","2","","0","1","1","0","0"
"POINT (6.930245123000020 50.912433822000025)","Unfall 182205 (2023) Kat:3, Licht: 0","182205","3","3","5","07","18","2","","0","0","1","0","0"
"POINT (6.936711994000063 50.912322089000043)","Unfall 182206 (2023) Kat:3, Licht: 0","182206","3","3","5","07","10","2","","0","1","0","0","0"
"POINT (6.953098880000027 50.939837375000081)","Unfall 182207 (2023) Kat:3, Licht: 0","182207","3","6","2","07","15","2","","0","0","1","0","1"
"POINT (6.973430640000061 50.941502556000046)","Unfall 182251 (2023) Kat:3, Licht: 2","182251","3","6","1","07","22","1","","2","0","1","0","0"
"POINT (7.042698706000067 50.949816521000059)","Unfall 182283 (2023) Kat:3, Licht: 2","182283","3","2","0","07","22","7","","2","0","0","0","0"
"POINT (6.891190136000034 51.017179855000052)","Unfall 182284 (2023) Kat:3, Licht: 0","182284","3","6","0","07","10","7","","0","1","0","1","0"
"POINT (6.958377316000053 50.961594223000077)","Unfall 182285 (2023) Kat:3, Licht: 0","182285","3","1","0","07","19","7","","0","0","0","0","1"
"POINT (6.888275917000044 50.955369110000049)","Unfall 182286 (2023) Kat:3, Licht: 0","182286","3","1","0","07","12","7","","0","1","0","0","0"
"POINT (6.919079477000025 50.912177500000041)","Unfall 182287 (2023) Kat:3, Licht: 0","182287","3","5","0","07","10","7","","0","1","1","0","0"
"POINT (6.955912345000058 50.916923587000042)","Unfall 182288 (2023) Kat:3, Licht: 2","182288","3","7","0","07","00","7","","2","1","0","0","0"
"POINT (6.949406360000069 51.002601101000039)","Unfall 182309 (2023) Kat:2, Licht: 0","182309","2","2","5","07","14","2","","0","0","1","0","1"
"POINT (7.097601785000052 50.880675825000026)","Unfall 182332 (2023) Kat:3, Licht: 0","182332","3","5","1","07","17","6","","0","1","1","0","0"
"POINT (7.094093631000021 50.925859680000030)","Unfall 182333 (2023) Kat:2, Licht: 0","182333","2","1","0","07","17","6","","0","1","0","0","0"
"POINT (7.031891878000067 50.988557026000080)","Unfall 182334 (2023) Kat:3, Licht: 2","182334","3","7","7","07","01","6","","2","1","0","0","0"
"POINT (6.941564064000033 50.910847977000060)","Unfall 182335 (2023) Kat:3, Licht: 0","182335","3","2","4","07","12","6","","0","1","1","0","0"
"POINT (6.917530119000048 50.879154889000063)","Unfall 182336 (2023) Kat:3, Licht: 0","182336","3","3","5","07","19","6","","0","0","0","0","0"
"POINT (6.961706227000036 50.918582918000027)","Unfall 182337 (2023) Kat:3, Licht: 0","182337","3","5","0","07","14","6","","0","0","1","0","0"
"POINT (7.077911149000045 50.893652294000049)","Unfall 182391 (2023) Kat:3, Licht: 0","182391","3","2","5","07","06","5","","0","0","1","0","0"
"POINT (6.995373662000077 50.949336328000072)","Unfall 182392 (2023) Kat:3, Licht: 2","182392","3","1","9","07","03","5","","2","0","1","0","0"
"POINT (6.944980627000064 50.926787669000078)","Unfall 182393 (2023) Kat:2, Licht: 0","182393","2","7","6","07","16","5","","0","0","0","1","0"
"POINT (6.942847265000069 50.946482266000032)","Unfall 182394 (2023) Kat:3, Licht: 0","182394","3","2","5","07","16","5","","0","1","1","0","0"
"POINT (6.937465785000029 50.946798325000032)","Unfall 182446 (2023) Kat:3, Licht: 0","182446","3","6","9","07","20","1","","0","0","1","0","0"
"POINT (7.029818656000032 50.989379379000070)","Unfall 182449 (2023) Kat:3, Licht: 0","182449","3","6","2","07","13","4","","0","0","1","0","0"
"POINT (7.046370003000050 50.972222591000047)","Unfall 182450 (2023) Kat:3, Licht: 0","182450","3","2","5","07","14","4","","0","0","1","0","0"
"POINT (6.995117606000065 50.958516034000070)","Unfall 182451 (2023) Kat:3, Licht: 0","182451","3","1","0","07","13","4","","0","0","0","0","1"
"POINT (6.904007392000040 50.924072134000028)","Unfall 182452 (2023) Kat:3, Licht: 0","182452","3","3","5","07","15","4","","0","1","1","0","0"
"POINT (7.024870176000036 50.938566888000082)","Unfall 182489 (2023) Kat:2, Licht: 0","182489","2","5","0","07","12","3","","0","1","1","0","0"
"POINT (7.036749131000022 50.996219678000045)","Unfall 182490 (2023) Kat:3, Licht: 0","182490","3","7","0","07","11","3","","0","0","1","1","0"
"POINT (6.942064339000069 50.931887073000041)","Unfall 182491 (2023) Kat:3, Licht: 0","182491","3","1","0","07","13","2","","0","1","0","0","0"
"POINT (7.009163400000034 50.959993660000066)","Unfall 182492 (2023) Kat:3, Licht: 0","182492","3","5","1","07","13","3","","0","0","1","0","0"
"POINT (6.957584500000053 50.955949624000027)","Unfall 182493 (2023) Kat:3, Licht: 0","182493","3","1","0","07","06","3","","0","1","0","0","0"
"POINT (6.939568856000051 50.955760000000055)","Unfall 182494 (2023) Kat:3, Licht: 0","182494","3","1","0","07","02","3","","0","0","0","0","0"
"POINT (6.931626705000042 50.931423426000038)","Unfall 182495 (2023) Kat:3, Licht: 0","182495","3","3","5","07","20","3","","0","0","1","0","0"
"POINT (6.944027981000033 50.924393768000073)","Unfall 182506 (2023) Kat:3, Licht: 0","182506","3","1","1","07","10","7","","0","0","1","0","0"
"POINT (7.078290104000075 50.881747327000028)","Unfall 182534 (2023) Kat:3, Licht: 0","182534","3","5","6","07","09","2","","0","0","1","1","0"
"POINT (7.046318804000066 50.972214080000072)","Unfall 182535 (2023) Kat:3, Licht: 0","182535","3","3","0","07","15","2","","0","1","1","0","1"
"POINT (6.974583397000060 50.940259939000043)","Unfall 182536 (2023) Kat:3, Licht: 1","182536","3","7","6","07","21","2","","1","0","1","1","0"
"POINT (6.897649196000032 50.968200824000064)","Unfall 182537 (2023) Kat:3, Licht: 0","182537","3","1","0","07","14","2","","0","0","0","0","1"
"POINT (6.897978140000021 50.946006456000077)","Unfall 182538 (2023) Kat:3, Licht: 0","182538","3","4","6","07","16","2","","0","0","1","1","0"
"POINT (6.928761898000062 50.915222912000047)","Unfall 182539 (2023) Kat:3, Licht: 0","182539","3","6","3","07","16","2","","0","1","1","0","0"
"POINT (7.020779709000067 50.942092607000063)","Unfall 182582 (2023) Kat:2, Licht: 1","182582","2","1","0","07","21","1","","1","0","0","0","0"
"POINT (7.037456688000020 50.996450138000057)","Unfall 182583 (2023) Kat:3, Licht: 0","182583","3","2","5","07","17","1","","0","0","1","0","0"
"POINT (6.884959601000048 51.036135989000059)","Unfall 182584 (2023) Kat:3, Licht: 0","182584","3","1","0","07","18","1","","0","0","0","0","1"
"POINT (6.962840255000060 50.950296782000066)","Unfall 182585 (2023) Kat:2, Licht: 2","182585","2","1","0","07","02","1","","2","0","0","0","0"
"POINT (6.924150379000025 50.944706711000038)","Unfall 182621 (2023) Kat:3, Licht: 0","182621","3","6","0","07","12","7","","0","1","1","0","0"
"POINT (6.992337454000051 50.890120463000073)","Unfall 182669 (2023) Kat:2, Licht: 1","182669","2","1","0","07","20","6","","1","1","0","0","0"
"POINT (6.993763022000053 50.892758135000065)","Unfall 182670 (2023) Kat:3, Licht: 0","182670","3","6","2","07","16","6","","0","1","1","0","0"
"POINT (6.944583256000044 50.947071415000039)","Unfall 182672 (2023) Kat:3, Licht: 0","182672","3","7","5","07","18","6","","0","1","1","0","0"
"POINT (6.927555559000041 50.969020397000065)","Unfall 182726 (2023) Kat:3, Licht: 2","182726","3","1","0","08","20","4","","2","1","0","0","0"
"POINT (6.945440670000039 50.979767094000067)","Unfall 182743 (2023) Kat:3, Licht: 0","182743","3","6","2","07","08","5","","0","0","1","0","0"
"POINT (6.960876628000051 50.908600220000039)","Unfall 182744 (2023) Kat:3, Licht: 2","182744","3","1","0","07","02","5","","2","0","0","0","0"
"POINT (6.945869665000032 50.929015656000047)","Unfall 182745 (2023) Kat:3, Licht: 0","182745","3","1","0","07","11","5","","0","0","0","0","1"
"POINT (6.923039856000059 51.034783187000073)","Unfall 182783 (2023) Kat:3, Licht: 0","182783","3","3","5","07","17","2","","0","1","1","0","0"
"POINT (6.999285017000034 50.939486704000046)","Unfall 182796 (2023) Kat:3, Licht: 2","182796","3","4","6","07","01","4","","2","0","0","1","1"
"POINT (6.907464341000036 51.010658937000073)","Unfall 182797 (2023) Kat:3, Licht: 0","182797","3","2","5","07","11","4","","0","1","1","0","0"
"POINT (6.945795059000034 50.935383618000060)","Unfall 182798 (2023) Kat:3, Licht: 0","182798","3","6","3","07","16","4","","0","1","1","0","0"
"POINT (6.941052807000062 50.915131141000074)","Unfall 182846 (2023) Kat:3, Licht: 2","182846","3","1","0","07","05","7","","2","1","0","0","0"
"POINT (7.068377203000068 50.917082344000050)","Unfall 182859 (2023) Kat:3, Licht: 0","182859","3","2","5","07","07","3","","0","0","1","0","1"
"POINT (7.021318243000053 50.975539550000065)","Unfall 182860 (2023) Kat:3, Licht: 0","182860","3","3","5","07","18","3","","0","1","1","0","0"
"POINT (6.864528742000061 50.970350854000060)","Unfall 182861 (2023) Kat:2, Licht: 0","182861","2","1","0","07","08","3","","0","1","0","0","0"
"POINT (6.940997873000072 50.914665957000068)","Unfall 182862 (2023) Kat:3, Licht: 2","182862","3","1","0","07","22","3","","2","1","1","0","0"
"POINT (6.947846488000039 50.900589632000049)","Unfall 182863 (2023) Kat:3, Licht: 0","182863","3","5","1","07","17","3","","0","1","1","0","0"
"POINT (6.945664585000031 50.938109836000081)","Unfall 182864 (2023) Kat:3, Licht: 0","182864","3","6","4","07","16","3","","0","1","1","0","0"
"POINT (6.999684211000044 50.926102991000050)","Unfall 182905 (2023) Kat:3, Licht: 0","182905","3","3","0","08","19","1","","0","1","1","0","0"
"POINT (7.076364076000061 50.885060441000064)","Unfall 182906 (2023) Kat:2, Licht: 1","182906","2","3","5","08","20","1","","1","1","1","0","0"
"POINT (6.942550046000065 50.968883887000061)","Unfall 182907 (2023) Kat:3, Licht: 2","182907","3","7","0","08","22","1","","2","0","0","0","0"
"POINT (6.959419300000036 50.992813394000052)","Unfall 182908 (2023) Kat:3, Licht: 2","182908","3","1","0","08","01","1","","2","0","0","0","0"
"POINT (6.956737272000055 50.906191981000063)","Unfall 182909 (2023) Kat:3, Licht: 0","182909","3","4","6","08","15","1","","0","0","1","1","0"
"POINT (6.957700111000065 50.927641034000033)","Unfall 182910 (2023) Kat:3, Licht: 0","182910","3","3","5","08","10","1","","0","1","0","0","0"
"POINT (6.991118223000058 50.938886972000034)","Unfall 182960 (2023) Kat:3, Licht: 1","182960","3","6","3","08","21","7","","1","0","1","0","0"
"POINT (6.918697069000075 50.931158151000034)","Unfall 182961 (2023) Kat:3, Licht: 0","182961","3","1","0","08","15","7","","0","1","0","0","0"
"POINT (6.935839157000032 50.942477072000031)","Unfall 182962 (2023) Kat:3, Licht: 0","182962","3","5","8","08","11","7","","0","1","1","0","0"
"POINT (7.067270576000055 50.976570708000054)","Unfall 183011 (2023) Kat:3, Licht: 0","183011","3","7","1","08","15","6","","0","0","1","0","0"
"POINT (6.966009339000038 50.905234121000035)","Unfall 183012 (2023) Kat:3, Licht: 0","183012","3","3","5","08","14","6","","0","0","1","0","0"
"POINT (6.943219660000068 50.940021675000025)","Unfall 183013 (2023) Kat:2, Licht: 0","183013","2","1","0","08","08","6","","0","1","0","0","0"
"POINT (6.958165375000021 50.948467127000072)","Unfall 183014 (2023) Kat:3, Licht: 2","183014","3","1","0","08","23","6","","2","0","0","0","0"
"POINT (6.952848232000065 50.941493488000049)","Unfall 183015 (2023) Kat:2, Licht: 0","183015","2","7","5","08","08","6","","0","1","1","0","0"
"POINT (6.952822251000043 50.937815764000050)","Unfall 183016 (2023) Kat:3, Licht: 0","183016","3","1","0","08","13","6","","0","0","0","0","1"
"POINT (6.923792171000059 50.944298163000042)","Unfall 183071 (2023) Kat:2, Licht: 0","183071","2","4","6","08","14","6","","0","1","0","1","0"
"POINT (7.047062410000024 50.922771999000076)","Unfall 183080 (2023) Kat:3, Licht: 1","183080","3","1","8","08","18","5","","1","0","0","0","0"
"POINT (7.054084442000033 50.910250891000032)","Unfall 183082 (2023) Kat:3, Licht: 0","183082","3","3","1","08","08","5","","0","0","1","0","0"
"POINT (7.024208059000046 50.979965138000068)","Unfall 183083 (2023) Kat:3, Licht: 0","183083","3","2","3","08","17","5","","0","1","1","0","0"
"POINT (6.995213464000074 50.952014677000079)","Unfall 183084 (2023) Kat:3, Licht: 0","183084","3","4","6","08","17","5","","0","1","0","1","0"
"POINT (6.911073517000034 50.955482191000044)","Unfall 183085 (2023) Kat:3, Licht: 0","183085","3","7","0","08","05","5","","0","0","0","0","0"
"POINT (6.867928372000051 50.932199092000076)","Unfall 183086 (2023) Kat:3, Licht: 0","183086","3","2","5","08","07","5","","0","1","1","0","0"
"POINT (6.944510253000033 50.947043292000046)","Unfall 183087 (2023) Kat:3, Licht: 0","183087","3","5","0","08","19","5","","0","0","1","0","1"
"POINT (6.932705616000021 50.940183283000067)","Unfall 183088 (2023) Kat:3, Licht: 0","183088","3","7","1","08","08","5","","0","1","1","0","0"
"POINT (6.982951046000039 50.913534001000073)","Unfall 183167 (2023) Kat:3, Licht: 0","183167","3","2","6","08","14","4","","0","0","1","1","0"
"POINT (7.071030075000067 50.885160172000042)","Unfall 183168 (2023) Kat:3, Licht: 0","183168","3","6","6","08","15","4","","0","1","0","1","0"
"POINT (6.888429615000064 50.960343871000077)","Unfall 183170 (2023) Kat:2, Licht: 0","183170","2","1","0","08","10","4","","0","0","0","0","0"
"POINT (6.897567326000058 50.952699908000056)","Unfall 183171 (2023) Kat:2, Licht: 0","183171","2","2","6","08","16","4","","0","0","0","1","0"
"POINT (6.911707687000046 50.955851774000053)","Unfall 183172 (2023) Kat:3, Licht: 0","183172","3","5","0","08","15","4","","0","1","1","0","0"
"POINT (6.915293816000030 50.962283958000057)","Unfall 183173 (2023) Kat:3, Licht: 2","183173","3","6","0","08","23","4","","2","1","0","0","0"
"POINT (6.953371305000076 50.933313546000079)","Unfall 183174 (2023) Kat:3, Licht: 0","183174","3","2","3","08","08","4","","0","1","1","0","0"
"POINT (6.999064398000030 50.922143899000048)","Unfall 183231 (2023) Kat:3, Licht: 0","183231","3","3","5","08","19","3","","0","1","1","0","0"
"POINT (7.005240701000048 50.956223886000032)","Unfall 183232 (2023) Kat:3, Licht: 0","183232","3","1","0","08","20","3","","0","1","0","0","0"
"POINT (6.998555476000035 50.949084927000058)","Unfall 183233 (2023) Kat:2, Licht: 0","183233","2","1","9","08","06","3","","0","0","1","0","0"
"POINT (7.036941092000063 50.976296581000042)","Unfall 183234 (2023) Kat:2, Licht: 0","183234","2","1","0","08","11","3","","0","1","0","0","0"
"POINT (6.976060203000031 50.972654672000033)","Unfall 183235 (2023) Kat:3, Licht: 0","183235","3","6","3","08","09","3","","0","0","1","0","0"
"POINT (6.973452854000072 50.968742360000078)","Unfall 183237 (2023) Kat:3, Licht: 0","183237","3","4","6","08","14","3","","0","0","1","1","0"
"POINT (6.933314978000055 50.943357470000080)","Unfall 183238 (2023) Kat:3, Licht: 2","183238","3","1","0","08","23","3","","2","0","0","0","0"
"POINT (6.916323021000039 50.959217472000034)","Unfall 183239 (2023) Kat:3, Licht: 0","183239","3","5","1","08","19","3","","0","1","1","0","0"
"POINT (6.898899099000062 50.924258566000049)","Unfall 183240 (2023) Kat:3, Licht: 0","183240","3","5","1","08","14","3","","0","0","1","0","0"
"POINT (6.953104725000060 50.899539845000049)","Unfall 183241 (2023) Kat:3, Licht: 1","183241","3","1","0","08","20","3","","1","1","0","0","0"
"POINT (6.928758268000024 50.924614167000072)","Unfall 183242 (2023) Kat:2, Licht: 0","183242","2","7","0","08","18","3","","0","1","1","0","0"
"POINT (7.065759399000058 50.898564145000080)","Unfall 183331 (2023) Kat:3, Licht: 0","183331","3","7","1","08","16","2","","0","0","1","0","0"
"POINT (7.050101707000067 50.954957253000032)","Unfall 183332 (2023) Kat:3, Licht: 0","183332","3","4","6","08","18","2","","0","0","1","1","0"
"POINT (6.914495632000069 51.053017596000075)","Unfall 183333 (2023) Kat:3, Licht: 0","183333","3","1","0","08","15","2","","0","1","0","0","0"
"POINT (6.971030878000022 50.957900238000036)","Unfall 183334 (2023) Kat:3, Licht: 0","183334","3","6","2","08","15","2","","0","0","1","0","0"
"POINT (6.936309918000063 50.928584492000027)","Unfall 183335 (2023) Kat:3, Licht: 2","183335","3","7","0","08","23","2","","2","1","0","0","0"
"POINT (7.021230380000077 50.930003625000040)","Unfall 183407 (2023) Kat:3, Licht: 0","183407","3","3","5","08","15","1","","0","1","1","0","0"
"POINT (6.905761940000048 50.959332925000069)","Unfall 183408 (2023) Kat:3, Licht: 2","183408","3","1","3","08","21","1","","2","1","1","0","0"
"POINT (7.000640990000022 50.882416589000059)","Unfall 183409 (2023) Kat:2, Licht: 0","183409","2","1","8","08","09","1","","0","0","0","0","1"
"POINT (6.952082002000054 50.913100807000035)","Unfall 183410 (2023) Kat:3, Licht: 0","183410","3","3","5","08","12","1","","0","1","1","0","0"
"POINT (6.942622356000072 50.922496275000071)","Unfall 183411 (2023) Kat:3, Licht: 0","183411","3","5","1","08","16","1","","0","1","1","0","0"
"POINT (6.964055055000074 50.924928566000062)","Unfall 183412 (2023) Kat:3, Licht: 0","183412","3","5","0","08","10","1","","0","1","1","0","0"
"POINT (6.986156852000022 50.923368741000047)","Unfall 183459 (2023) Kat:3, Licht: 0","183459","3","5","8","08","19","7","","0","0","1","0","0"
"POINT (7.002398055000072 50.975732956000058)","Unfall 183460 (2023) Kat:3, Licht: 0","183460","3","1","0","08","15","7","","0","0","0","0","0"
"POINT (6.871620828000061 51.026593865000052)","Unfall 183461 (2023) Kat:3, Licht: 0","183461","3","1","0","08","18","7","","0","0","0","0","0"
"POINT (6.922150960000067 50.973086702000046)","Unfall 183462 (2023) Kat:3, Licht: 0","183462","3","3","5","08","14","7","","0","1","0","0","1"
"POINT (6.946286970000074 50.973493933000043)","Unfall 183463 (2023) Kat:3, Licht: 0","183463","3","2","6","08","11","7","","0","0","1","1","0"
"POINT (6.912234914000067 50.956913837000059)","Unfall 183464 (2023) Kat:3, Licht: 0","183464","3","7","0","08","12","7","","0","1","1","0","0"
"POINT (6.840544306000027 50.967058118000068)","Unfall 183466 (2023) Kat:3, Licht: 0","183466","3","3","5","08","17","7","","0","1","1","0","0"
"POINT (6.942315129000065 50.937030904000039)","Unfall 183467 (2023) Kat:3, Licht: 0","183467","3","4","6","08","16","7","","0","1","0","1","0"
"POINT (6.949479701000030 50.918609570000058)","Unfall 183468 (2023) Kat:3, Licht: 0","183468","3","4","6","08","08","7","","0","0","1","1","0"
"POINT (7.050384619000056 50.946938031000059)","Unfall 183537 (2023) Kat:3, Licht: 2","183537","3","1","0","08","23","6","","2","1","0","0","0"
"POINT (6.986662958000068 50.978316173000053)","Unfall 183538 (2023) Kat:3, Licht: 0","183538","3","7","0","08","17","6","","0","1","0","0","0"
"POINT (6.906294449000029 51.012046057000077)","Unfall 183539 (2023) Kat:3, Licht: 0","183539","3","4","6","08","08","6","","0","0","1","1","0"
"POINT (6.966923953000048 50.955959890000031)","Unfall 183540 (2023) Kat:3, Licht: 0","183540","3","1","0","08","16","6","","0","1","0","0","0"
"POINT (6.929217204000054 50.954261971000051)","Unfall 183541 (2023) Kat:3, Licht: 0","183541","3","3","5","08","12","6","","0","0","1","0","1"
"POINT (6.907804899000041 50.945297871000037)","Unfall 183542 (2023) Kat:3, Licht: 0","183542","3","2","4","08","07","6","","0","0","1","0","0"
"POINT (6.881938038000044 50.967152635000048)","Unfall 183544 (2023) Kat:3, Licht: 0","183544","3","3","5","08","20","6","","0","0","1","0","1"
"POINT (6.948506724000026 50.909748255000068)","Unfall 183545 (2023) Kat:3, Licht: 2","183545","3","1","0","08","21","6","","2","1","0","0","0"
"POINT (6.958916829000032 50.898046673000067)","Unfall 183546 (2023) Kat:3, Licht: 0","183546","3","5","1","08","15","6","","0","1","1","0","0"
"POINT (6.961679968000055 50.939785264000079)","Unfall 183547 (2023) Kat:3, Licht: 1","183547","3","6","6","08","20","6","","1","0","0","1","0"
"POINT (6.934268296000027 50.914798167000072)","Unfall 183621 (2023) Kat:3, Licht: 0","183621","3","3","5","08","16","6","","0","1","1","0","0"
"POINT (7.044413287000054 50.919130095000071)","Unfall 183637 (2023) Kat:3, Licht: 0","183637","3","6","2","08","15","5","","0","0","1","0","0"
"POINT (7.049032942000053 50.873458692000042)","Unfall 183638 (2023) Kat:3, Licht: 0","183638","3","7","0","08","18","5","","0","1","0","1","0"
"POINT (7.003499206000072 50.966049270000042)","Unfall 183639 (2023) Kat:3, Licht: 0","183639","3","3","0","08","18","5","","0","1","1","0","0"
"POINT (6.983667538000020 50.924852842000064)","Unfall 183640 (2023) Kat:2, Licht: 0","183640","2","3","5","08","08","5","","0","1","0","0","1"
"POINT (6.995309938000048 50.949304197000060)","Unfall 183641 (2023) Kat:3, Licht: 0","183641","3","2","6","08","09","5","","0","0","1","1","0"
"POINT (6.947337954000034 50.966986596000027)","Unfall 183643 (2023) Kat:3, Licht: 0","183643","3","2","5","08","18","5","","0","1","0","0","1"
"POINT (6.898142875000076 51.019277583000076)","Unfall 183644 (2023) Kat:3, Licht: 0","183644","3","3","5","08","15","5","","0","1","1","0","0"
"POINT (6.889829708000036 50.950538516000051)","Unfall 183645 (2023) Kat:3, Licht: 0","183645","3","6","3","08","19","5","","0","1","0","0","0"
"POINT (6.887825195000062 50.948974141000065)","Unfall 183646 (2023) Kat:3, Licht: 0","183646","3","3","5","08","15","5","","0","0","1","0","0"
"POINT (6.889888160000055 50.946863773000075)","Unfall 183647 (2023) Kat:3, Licht: 0","183647","3","6","0","08","09","5","","0","0","1","0","0"
"POINT (6.955308685000034 50.927649321000047)","Unfall 183648 (2023) Kat:3, Licht: 0","183648","3","7","0","08","07","5","","0","0","0","0","0"
"POINT (6.982811317000028 50.920206909000058)","Unfall 183733 (2023) Kat:2, Licht: 0","183733","2","3","5","08","06","4","","0","1","1","0","0"
"POINT (7.035846280000044 50.969041842000081)","Unfall 183734 (2023) Kat:3, Licht: 2","183734","3","1","0","08","22","4","","2","0","0","0","0"
"POINT (7.030490442000030 50.992406573000039)","Unfall 183735 (2023) Kat:3, Licht: 0","183735","3","2","5","08","19","4","","0","1","1","0","0"
"POINT (7.029665606000037 50.993210163000072)","Unfall 183736 (2023) Kat:3, Licht: 2","183736","3","3","5","08","22","4","","2","0","1","0","0"
"POINT (6.948672437000027 50.961204312000064)","Unfall 183737 (2023) Kat:3, Licht: 0","183737","3","1","1","08","16","4","","0","1","1","0","0"