WKT,Name,OBJECTID,UKATEGORIE,UTYP1,UART,UMONAT,USTUNDE,UWOCHENTAG,STRZUSTAND,ULICHTVERH,ISTRAD,ISTPKW,ISTFUSS,ISTKRAD
"POINT (6.977607754000076 50.965646041000070)","Unfall 183738 (2023) Kat:3, Licht: 0","183738","3","5","0","08","12","4","","0","1","1","0","0"
"POINT (6.930880323000054 50.940702756000064)","Unfall 183739 (2023) Kat:3, Licht: 0","183739","3","6","2","08","08","4","","0","1","0","0","0"
"POINT (6.905421263000051 50.959445242000072)","Unfall 183740 (2023) Kat:3, Licht: 0","183740","3","3","5","08","07","4","","0","1","0","0","0"
"POINT (6.952690200000063 50.899051904000032)","Unfall 183741 (2023) Kat:3, Licht: 0","183741","3","7","6","08","08","4","","0","1","0","1","0"
"POINT (6.959015650000026 50.910634120000054)","Unfall 183742 (2023) Kat:2, Licht: 0","183742","2","2","0","08","19","4","","0","1","1","0","0"
"POINT (6.961198174000060 50.936283853000077)","Unfall 183744 (2023) Kat:3, Licht: 0","183744","3","1","0","08","08","4","","0","0","0","0","1"
"POINT (6.865355979000071 50.982454010000026)","Unfall 183745 (2023) Kat:2, Licht: 0","183745","2","1","1","08","19","5","","0","0","1","0","1"
"POINT (6.956365339000058 50.945649767000077)","Unfall 183746 (2023) Kat:3, Licht: 1","183746","3","7","0","08","07","4","","1","1","0","0","0"
"POINT (6.974109198000065 50.937746385000025)","Unfall 183773 (2023) Kat:3, Licht: 0","183773","3","3","5","08","11","4","","0","1","0","0","0"
"POINT (7.043758892000028 50.924319906000051)","Unfall 183822 (2023) Kat:3, Licht: 0","183822","3","6","6","08","17","3","","0","0","0","1","0"
"POINT (6.924766067000064 51.016978475000030)","Unfall 183823 (2023) Kat:2, Licht: 0","183823","2","7","0","08","15","3","","0","1","0","0","0"
"POINT (6.890925488000050 50.976916073000041)","Unfall 183824 (2023) Kat:3, Licht: 0","183824","3","4","6","08","15","3","","0","0","1","1","0"
"POINT (6.918301998000061 50.946478589000037)","Unfall 183825 (2023) Kat:3, Licht: 2","183825","3","6","3","08","21","3","","2","1","1","0","0"
"POINT (6.890781294000021 50.920327077000081)","Unfall 183826 (2023) Kat:3, Licht: 0","183826","3","3","5","08","19","3","","0","1","1","0","0"
"POINT (7.001338750000059 50.933099462000030)","Unfall 183903 (2023) Kat:3, Licht: 0","183903","3","1","0","08","08","2","","0","1","0","0","0"
"POINT (6.973679831000027 50.901228035000031)","Unfall 183904 (2023) Kat:3, Licht: 0","183904","3","3","0","08","09","2","","0","0","1","0","1"
"POINT (6.915950177000070 50.926121264000074)","Unfall 183905 (2023) Kat:3, Licht: 0","183905","3","3","5","08","08","2","","0","0","1","0","0"
"POINT (6.983632461000070 50.912765007000075)","Unfall 183944 (2023) Kat:3, Licht: 0","183944","3","7","0","09","11","7","","0","1","0","0","0"
"POINT (7.018718321000051 50.940223058000072)","Unfall 183945 (2023) Kat:2, Licht: 0","183945","2","3","5","09","13","7","","0","1","1","0","0"
"POINT (6.933509819000051 50.927277263000065)","Unfall 183946 (2023) Kat:3, Licht: 0","183946","3","1","0","09","19","7","","0","1","0","0","0"
"POINT (6.966063975000054 50.950706642000057)","Unfall 183947 (2023) Kat:3, Licht: 0","183947","3","1","4","09","15","7","","0","1","1","0","0"
"POINT (7.029591576000030 50.975983149000058)","Unfall 184024 (2023) Kat:3, Licht: 0","184024","3","1","0","09","18","6","","0","0","0","0","1"
"POINT (6.929483968000056 50.941136311000037)","Unfall 184025 (2023) Kat:3, Licht: 0","184025","3","3","0","09","13","6","","0","1","1","0","0"
"POINT (6.908002777000036 50.944265839000082)","Unfall 184026 (2023) Kat:3, Licht: 0","184026","3","2","2","09","11","6","","0","0","1","0","1"
"POINT (6.936302199000068 50.934596581000051)","Unfall 184027 (2023) Kat:3, Licht: 0","184027","3","3","5","09","18","6","","0","1","0","0","0"
"POINT (6.935269869000024 50.957619004000037)","Unfall 184028 (2023) Kat:3, Licht: 2","184028","3","1","1","09","00","6","","2","0","1","0","1"
"POINT (6.960853225000051 50.941895828000042)","Unfall 184029 (2023) Kat:3, Licht: 0","184029","3","1","0","09","18","6","","0","1","0","0","0"
"POINT (6.995007740000062 50.939402169000061)","Unfall 184100 (2023) Kat:2, Licht: 0","184100","2","3","5","08","08","5","","0","0","1","0","0"
"POINT (7.059647774000041 50.897187082000073)","Unfall 184101 (2023) Kat:3, Licht: 0","184101","3","6","3","08","07","5","","0","1","1","0","0"
"POINT (7.000138790000051 50.964141872000027)","Unfall 184102 (2023) Kat:3, Licht: 0","184102","3","1","6","08","09","5","","0","0","0","1","0"
"POINT (6.846638454000072 51.060817896000060)","Unfall 184103 (2023) Kat:3, Licht: 0","184103","3","3","5","08","08","5","","0","0","1","0","0"
"POINT (6.949786830000050 50.963136693000081)","Unfall 184104 (2023) Kat:3, Licht: 0","184104","3","6","3","08","14","5","","0","1","0","0","0"
"POINT (6.949930136000035 50.992130461000045)","Unfall 184105 (2023) Kat:2, Licht: 0","184105","2","6","3","08","10","5","","0","0","1","0","0"
"POINT (6.893714411000076 50.942162946000053)","Unfall 184106 (2023) Kat:3, Licht: 0","184106","3","1","0","08","15","5","","0","0","0","0","0"
"POINT (6.994027044000063 50.895128890000080)","Unfall 184107 (2023) Kat:3, Licht: 0","184107","3","5","1","08","18","5","","0","1","1","0","0"
"POINT (7.027662917000043 50.942296327000065)","Unfall 184185 (2023) Kat:3, Licht: 0","184185","3","6","1","08","16","4","","0","0","1","0","0"
"POINT (7.032513776000030 50.980156198000032)","Unfall 184186 (2023) Kat:3, Licht: 0","184186","3","7","6","08","07","4","","0","0","1","1","0"
"POINT (6.907839142000057 50.944889450000062)","Unfall 184187 (2023) Kat:3, Licht: 0","184187","3","2","4","08","08","4","","0","1","1","0","0"
"POINT (6.922657136000055 50.952884419000043)","Unfall 184188 (2023) Kat:3, Licht: 0","184188","3","1","0","08","15","4","","0","0","0","0","1"
"POINT (6.924017525000068 50.935070669000027)","Unfall 184189 (2023) Kat:3, Licht: 0","184189","3","5","1","08","08","4","","0","1","1","0","0"
"POINT (6.940882535000071 50.942711053000039)","Unfall 184190 (2023) Kat:3, Licht: 0","184190","3","3","0","08","13","4","","0","1","0","0","0"
"POINT (6.950371944000040 50.941166816000077)","Unfall 184191 (2023) Kat:3, Licht: 0","184191","3","1","0","08","09","4","","0","0","0","0","1"
"POINT (6.998093652000023 50.935504855000033)","Unfall 184267 (2023) Kat:3, Licht: 0","184267","3","4","6","08","08","3","","0","0","1","1","0"
"POINT (6.900287193000054 50.963006854000071)","Unfall 184268 (2023) Kat:3, Licht: 0","184268","3","4","6","08","07","3","","0","0","1","1","0"
"POINT (6.921613513000068 50.919245924000052)","Unfall 184270 (2023) Kat:3, Licht: 0","184270","3","7","0","08","07","3","","0","1","0","0","1"
"POINT (6.966565783000021 50.918372971000053)","Unfall 184294 (2023) Kat:3, Licht: 0","184294","3","5","1","08","14","3","","0","1","1","0","0"
"POINT (7.089798680000058 50.859022190000076)","Unfall 184329 (2023) Kat:3, Licht: 0","184329","3","3","4","08","14","2","","0","0","1","1","0"
"POINT (6.988105201000053 50.938317822000045)","Unfall 184330 (2023) Kat:3, Licht: 0","184330","3","6","1","08","09","2","","0","0","1","0","0"
"POINT (6.966878351000048 50.966912473000036)","Unfall 184331 (2023) Kat:3, Licht: 0","184331","3","7","6","08","13","2","","0","0","1","1","0"
"POINT (6.899760010000023 50.923779211000067)","Unfall 184332 (2023) Kat:3, Licht: 0","184332","3","1","0","08","18","2","","0","1","1","0","0"
"POINT (6.985270366000066 50.937830554000072)","Unfall 184392 (2023) Kat:3, Licht: 0","184392","3","3","5","08","15","1","","0","0","1","0","0"
"POINT (6.960117573000048 50.996423231000051)","Unfall 184393 (2023) Kat:1, Licht: 2","184393","1","1","0","08","01","1","","2","0","1","0","0"
"POINT (6.883879035000064 50.968976416000032)","Unfall 184394 (2023) Kat:2, Licht: 0","184394","2","1","1","08","11","1","","0","1","1","0","0"
"POINT (7.023629647000064 50.943891233000045)","Unfall 184452 (2023) Kat:3, Licht: 0","184452","3","1","8","08","14","7","","0","0","1","0","0"
"POINT (7.032317134000039 50.975766734000047)","Unfall 184453 (2023) Kat:3, Licht: 0","184453","3","1","0","08","14","7","","0","1","0","0","0"
"POINT (7.005849049000062 50.949103569000044)","Unfall 184454 (2023) Kat:3, Licht: 2","184454","3","5","6","08","23","7","","2","0","1","1","0"
"POINT (6.959766227000046 50.974220863000028)","Unfall 184455 (2023) Kat:2, Licht: 2","184455","2","2","4","08","23","7","","2","0","1","0","1"
"POINT (6.978454686000021 50.969590632000063)","Unfall 184456 (2023) Kat:2, Licht: 0","184456","2","2","3","08","12","7","","0","0","1","0","1"
"POINT (6.967969713000059 50.966143959000078)","Unfall 184457 (2023) Kat:3, Licht: 0","184457","3","3","5","08","10","7","","0","1","1","0","0"
"POINT (6.914502196000058 50.908162827000069)","Unfall 184458 (2023) Kat:2, Licht: 0","184458","2","3","5","08","11","7","","0","0","1","0","1"
"POINT (6.953371305000076 50.933313546000079)","Unfall 184459 (2023) Kat:3, Licht: 0","184459","3","4","6","08","15","7","","0","0","1","1","0"
"POINT (7.023714243000029 50.999866520000069)","Unfall 184472 (2023) Kat:3, Licht: 2","184472","3","1","8","09","00","7","","2","0","1","0","0"
"POINT (6.999776761000021 50.942768772000079)","Unfall 184527 (2023) Kat:3, Licht: 0","184527","3","4","6","08","16","6","","0","1","0","1","0"
"POINT (7.036912633000043 50.986317358000065)","Unfall 184528 (2023) Kat:3, Licht: 0","184528","3","1","0","08","13","6","","0","1","0","0","0"
"POINT (6.912717809000071 50.965886822000073)","Unfall 184529 (2023) Kat:3, Licht: 2","184529","3","6","2","08","21","6","","2","0","1","0","0"
"POINT (7.005230152000024 50.870238260000065)","Unfall 184530 (2023) Kat:3, Licht: 0","184530","3","2","5","08","07","6","","0","0","1","0","0"
"POINT (7.019766643000025 50.877581100000043)","Unfall 184531 (2023) Kat:3, Licht: 0","184531","3","3","5","08","13","6","","0","1","1","0","0"
"POINT (6.994769925000071 50.958110568000052)","Unfall 184613 (2023) Kat:3, Licht: 0","184613","3","7","5","08","09","5","","0","0","1","0","1"
"POINT (6.994887750000032 50.949480236000056)","Unfall 184627 (2023) Kat:3, Licht: 0","184627","3","1","0","08","07","5","","0","1","0","0","0"
"POINT (7.044330917000025 50.959582266000041)","Unfall 184628 (2023) Kat:3, Licht: 0","184628","3","1","0","08","14","5","","0","1","0","0","0"
"POINT (6.923018512000056 50.976704337000058)","Unfall 184629 (2023) Kat:3, Licht: 0","184629","3","3","5","08","10","5","","0","0","1","0","0"
"POINT (6.976302230000044 50.972343076000072)","Unfall 184630 (2023) Kat:3, Licht: 0","184630","3","6","2","08","08","5","","0","0","1","0","0"
"POINT (6.919607916000075 50.957223644000067)","Unfall 184631 (2023) Kat:3, Licht: 0","184631","3","7","4","08","19","5","","0","1","1","0","0"
"POINT (6.909552485000063 50.957956168000067)","Unfall 184632 (2023) Kat:3, Licht: 0","184632","3","2","5","08","09","5","","0","1","1","0","0"
"POINT (6.929340281000066 50.921687412000040)","Unfall 184633 (2023) Kat:3, Licht: 0","184633","3","7","0","08","13","5","","0","1","0","0","0"
"POINT (6.932731491000027 50.938099458000067)","Unfall 184634 (2023) Kat:3, Licht: 2","184634","3","1","0","08","23","5","","2","0","0","0","0"
"POINT (7.015088949000074 50.906287784000028)","Unfall 184715 (2023) Kat:2, Licht: 0","184715","2","1","0","08","15","4","","0","0","0","0","1"
"POINT (7.038066681000032 50.934810736000031)","Unfall 184716 (2023) Kat:3, Licht: 0","184716","3","7","6","08","19","4","","0","0","1","1","0"
"POINT (7.117007694000051 50.876915775000043)","Unfall 184717 (2023) Kat:3, Licht: 0","184717","3","3","5","08","22","4","","0","0","1","0","1"
"POINT (7.001507579000076 50.942192896000051)","Unfall 184718 (2023) Kat:2, Licht: 1","184718","2","7","6","08","05","4","","1","1","0","1","0"
"POINT (6.935209301000043 51.025732678000054)","Unfall 184719 (2023) Kat:3, Licht: 0","184719","3","7","9","08","17","4","","0","0","1","0","0"
"POINT (6.917937946000052 50.949773972000060)","Unfall 184720 (2023) Kat:3, Licht: 0","184720","3","5","1","08","10","4","","0","1","1","0","0"
"POINT (6.909296260000076 50.922523971000032)","Unfall 184721 (2023) Kat:3, Licht: 0","184721","3","5","1","08","14","4","","0","1","1","0","0"
"POINT (6.940474152000036 50.930981559000031)","Unfall 184722 (2023) Kat:3, Licht: 0","184722","3","7","0","08","17","4","","0","0","0","1","0"
"POINT (7.019638323000038 50.938796956000033)","Unfall 184816 (2023) Kat:3, Licht: 0","184816","3","3","1","08","07","3","","0","1","1","0","0"
"POINT (6.972870344000057 50.926613330000066)","Unfall 184817 (2023) Kat:3, Licht: 0","184817","3","3","4","08","17","3","","0","1","0","0","0"
"POINT (6.922129326000061 50.953076622000026)","Unfall 184818 (2023) Kat:3, Licht: 0","184818","3","6","2","08","14","3","","0","0","1","0","1"
"POINT (6.917424181000058 50.913037280000026)","Unfall 184819 (2023) Kat:3, Licht: 0","184819","3","3","5","08","13","3","","0","1","1","0","0"
"POINT (6.941177341000071 50.911680214000057)","Unfall 184820 (2023) Kat:3, Licht: 0","184820","3","5","1","08","13","3","","0","1","1","0","0"
"POINT (6.947803692000036 50.941152982000062)","Unfall 184821 (2023) Kat:2, Licht: 0","184821","2","3","5","08","20","3","","0","1","1","0","0"
"POINT (7.059206449000044 50.885581663000039)","Unfall 184919 (2023) Kat:3, Licht: 0","184919","3","3","5","08","12","2","","0","0","1","0","0"
"POINT (7.079365384000027 50.897232981000059)","Unfall 184920 (2023) Kat:3, Licht: 2","184920","3","1","0","08","21","2","","2","0","0","0","0"
"POINT (7.040590063000025 50.977605623000045)","Unfall 184921 (2023) Kat:3, Licht: 0","184921","3","1","0","08","12","2","","0","1","0","0","0"
"POINT (6.921574767000038 50.978960292000068)","Unfall 184922 (2023) Kat:3, Licht: 0","184922","3","3","5","08","13","2","","0","1","1","0","0"
"POINT (6.912702952000075 50.983919981000042)","Unfall 184923 (2023) Kat:3, Licht: 0","184923","3","3","0","08","14","2","","0","1","1","0","0"
"POINT (6.897250785000040 51.023146504000067)","Unfall 184924 (2023) Kat:3, Licht: 0","184924","3","3","5","08","14","2","","0","0","0","0","0"
"POINT (6.910671914000034 50.983600851000062)","Unfall 184925 (2023) Kat:3, Licht: 0","184925","3","3","0","08","15","2","","0","1","0","0","0"
"POINT (6.960981573000026 50.974226822000048)","Unfall 184927 (2023) Kat:3, Licht: 0","184927","3","3","5","08","18","2","","0","1","0","0","0"
"POINT (6.836401804000047 50.961237676000053)","Unfall 184929 (2023) Kat:3, Licht: 0","184929","3","1","0","08","10","2","","0","1","0","0","0"
"POINT (6.918352463000076 50.928128776000051)","Unfall 184930 (2023) Kat:3, Licht: 0","184930","3","5","1","08","15","2","","0","1","0","0","0"
"POINT (6.943147751000026 50.916348973000026)","Unfall 184931 (2023) Kat:3, Licht: 0","184931","3","5","0","08","13","2","","0","0","1","0","0"
"POINT (6.954343528000038 50.925594844000045)","Unfall 184932 (2023) Kat:3, Licht: 0","184932","3","6","8","08","07","2","","0","1","1","0","0"
"POINT (7.003267122000068 50.944548897000061)","Unfall 184974 (2023) Kat:3, Licht: 2","184974","3","3","5","09","00","5","","2","1","1","0","0"
"POINT (7.039448230000062 50.930121963000033)","Unfall 184975 (2023) Kat:2, Licht: 0","184975","2","1","0","09","13","5","","0","1","0","0","0"
"POINT (7.039293551000071 50.971683557000063)","Unfall 184976 (2023) Kat:3, Licht: 0","184976","3","6","2","09","15","5","","0","0","1","0","0"
"POINT (6.979839882000022 50.938536158000034)","Unfall 184977 (2023) Kat:3, Licht: 0","184977","3","7","0","09","15","5","","0","1","0","1","0"
"POINT (6.911102656000025 50.995781353000041)","Unfall 184978 (2023) Kat:3, Licht: 0","184978","3","3","5","09","13","5","","0","0","1","0","0"
"POINT (6.845172707000074 50.947457505000045)","Unfall 184979 (2023) Kat:3, Licht: 2","184979","3","1","0","09","06","5","","2","1","0","0","0"
"POINT (6.904230569000049 50.919478229000049)","Unfall 184980 (2023) Kat:3, Licht: 0","184980","3","3","5","09","08","5","","0","1","1","0","0"
"POINT (6.924526265000054 50.905598399000041)","Unfall 184981 (2023) Kat:3, Licht: 0","184981","3","1","9","09","16","5","","0","1","0","0","0"
"POINT (6.993244423000021 50.932986987000049)","Unfall 184982 (2023) Kat:3, Licht: 0","184982","3","5","1","09","16","5","","0","1","1","0","0"
"POINT (6.980113615000050 51.001243439000064)","Unfall 185050 (2023) Kat:3, Licht: 0","185050","3","3","5","09","10","4","","0","1","1","0","0"
"POINT (7.040302858000075 51.001922785000033)","Unfall 185051 (2023) Kat:3, Licht: 0","185051","3","4","6","09","07","4","","0","0","1","1","0"
"POINT (6.957776698000032 50.957854000000054)","Unfall 185052 (2023) Kat:3, Licht: 0","185052","3","1","0","09","08","4","","0","1","0","0","0"
"POINT (6.980351315000064 50.967691293000030)","Unfall 185053 (2023) Kat:3, Licht: 0","185053","3","3","0","09","14","4","","0","1","1","0","0"
"POINT (6.900674333000040 50.935312502000045)","Unfall 185054 (2023) Kat:3, Licht: 0","185054","3","3","5","09","08","4","","0","1","1","0","0"
"POINT (6.924405177000040 50.917705220000073)","Unfall 185055 (2023) Kat:3, Licht: 0","185055","3","6","2","09","10","4","","0","1","1","0","0"
"POINT (6.943719203000057 50.944196543000032)","Unfall 185056 (2023) Kat:3, Licht: 0","185056","3","6","3","09","09","4","","0","1","0","0","0"
"POINT (6.956009719000065 50.942528703000050)","Unfall 185057 (2023) Kat:3, Licht: 0","185057","3","3","0","09","15","4","","0","1","1","0","0"
"POINT (6.903033452000045 50.956763312000078)","Unfall 185127 (2023) Kat:3, Licht: 2","185127","3","3","5","09","20","3","","2","0","1","0","0"
"POINT (6.915159757000026 50.959705523000082)","Unfall 185128 (2023) Kat:3, Licht: 1","185128","3","7","3","09","20","3","","1","1","0","0","0"
"POINT (7.006109386000048 50.861380155000063)","Unfall 185129 (2023) Kat:2, Licht: 2","185129","2","1","0","09","21","3","","2","1","0","0","0"
"POINT (6.952713065000069 50.942542402000072)","Unfall 185130 (2023) Kat:3, Licht: 0","185130","3","6","2","09","13","3","","0","0","1","0","0"
"POINT (6.959732444000053 50.940672012000050)","Unfall 185131 (2023) Kat:2, Licht: 0","185131","2","5","1","09","10","3","","0","0","1","0","0"
"POINT (6.927669378000076 50.950725924000039)","Unfall 185142 (2023) Kat:3, Licht: 1","185142","3","7","0","09","18","4","","1","1","0","1","0"
"POINT (6.993474174000028 50.939195963000031)","Unfall 185190 (2023) Kat:3, Licht: 0","185190","3","3","5","09","18","2","","0","1","1","0","0"
"POINT (7.030586049000021 50.922626727000079)","Unfall 185191 (2023) Kat:3, Licht: 0","185191","3","6","4","09","16","2","","0","0","0","0","0"
"POINT (7.036885586000039 50.996522417000051)","Unfall 185192 (2023) Kat:3, Licht: 0","185192","3","2","5","09","08","2","","0","0","1","0","0"
"POINT (7.035290436000025 50.964635236000049)","Unfall 185193 (2023) Kat:3, Licht: 2","185193","3","1","0","09","21","2","","2","1","1","0","0"
"POINT (6.969811716000038 50.974449859000060)","Unfall 185194 (2023) Kat:3, Licht: 0","185194","3","6","2","09","18","2","","0","0","1","0","1"
"POINT (6.940154078000035 50.955087272000071)","Unfall 185195 (2023) Kat:3, Licht: 0","185195","3","7","0","09","11","2","","0","1","0","0","0"
"POINT (6.912897801000042 50.964480822000041)","Unfall 185196 (2023) Kat:3, Licht: 0","185196","3","7","0","09","07","2","","0","0","1","0","0"
"POINT (6.938472122000064 50.901647242000081)","Unfall 185197 (2023) Kat:2, Licht: 0","185197","2","1","0","09","14","2","","0","0","0","0","1"
"POINT (6.953454385000043 50.944788728000049)","Unfall 185198 (2023) Kat:3, Licht: 0","185198","3","1","2","09","12","2","","0","0","1","0","0"
"POINT (7.040306536000060 50.983370523000076)","Unfall 185263 (2023) Kat:3, Licht: 0","185263","3","1","8","09","13","1","","0","1","0","0","0"
"POINT (6.955603330000031 50.863475451000056)","Unfall 185264 (2023) Kat:3, Licht: 0","185264","3","3","5","09","11","1","","0","1","1","0","0"
"POINT (6.942678901000022 50.932341596000072)","Unfall 185265 (2023) Kat:3, Licht: 2","185265","3","1","0","09","00","1","","2","1","0","0","0"
"POINT (7.059935963000044 50.994480826000029)","Unfall 185341 (2023) Kat:3, Licht: 2","185341","3","4","6","09","23","7","","2","0","1","1","0"
"POINT (6.949832235000031 50.984747744000060)","Unfall 185342 (2023) Kat:2, Licht: 0","185342","2","3","5","09","06","7","","0","1","1","0","0"
"POINT (6.890659302000074 51.025043119000031)","Unfall 185343 (2023) Kat:3, Licht: 0","185343","3","2","0","09","10","7","","0","1","0","0","0"
"POINT (6.887031641000021 50.967305390000035)","Unfall 185344 (2023) Kat:2, Licht: 0","185344","2","1","0","09","19","7","","0","0","0","0","0"
"POINT (6.955788347000066 50.928498348000062)","Unfall 185345 (2023) Kat:3, Licht: 2","185345","3","1","9","09","01","7","","2","0","1","0","0"
"POINT (6.959392480000076 50.943970539000077)","Unfall 185346 (2023) Kat:3, Licht: 0","185346","3","7","6","09","19","7","","0","0","1","1","0"
"POINT (6.932721183000069 50.936869841000032)","Unfall 185347 (2023) Kat:3, Licht: 2","185347","3","1","0","09","01","7","","2","0","0","0","0"
"POINT (7.042844004000074 50.941625376000047)","Unfall 185413 (2023) Kat:3, Licht: 0","185413","3","3","5","09","07","6","","0","1","1","0","0"
"POINT (6.949757025000054 50.975197154000057)","Unfall 185414 (2023) Kat:3, Licht: 0","185414","3","7","0","09","15","6","","0","1","0","0","0"
"POINT (6.967317819000073 50.976330933000042)","Unfall 185415 (2023) Kat:3, Licht: 0","185415","3","1","0","09","17","6","","0","0","1","1","0"
"POINT (6.898135199000023 51.018993335000062)","Unfall 185416 (2023) Kat:3, Licht: 0","185416","3","3","5","09","17","6","","0","1","1","0","0"
"POINT (6.890982997000037 50.950655232000031)","Unfall 185417 (2023) Kat:2, Licht: 0","185417","2","2","5","09","07","6","","0","0","0","0","1"
"POINT (6.911260773000038 50.966311576000066)","Unfall 185418 (2023) Kat:3, Licht: 0","185418","3","2","4","09","18","6","","0","1","1","0","0"
"POINT (6.903777559000048 50.957722204000049)","Unfall 185419 (2023) Kat:2, Licht: 2","185419","2","1","0","09","23","6","","2","1","0","0","0"
"POINT (6.911272874000076 50.966310783000040)","Unfall 185420 (2023) Kat:3, Licht: 0","185420","3","3","5","09","10","6","","0","1","1","0","0"
"POINT (6.924419307000051 50.917715947000033)","Unfall 185421 (2023) Kat:2, Licht: 0","185421","2","6","2","09","14","6","","0","1","0","0","0"
"POINT (6.941582750000066 50.910531221000042)","Unfall 185422 (2023) Kat:3, Licht: 0","185422","3","1","0","09","15","6","","0","1","0","0","0"
"POINT (6.957443061000049 50.941784048000045)","Unfall 185423 (2023) Kat:3, Licht: 0","185423","3","3","0","09","13","6","","0","1","0","0","0"
"POINT (7.017599872000062 50.929870169000026)","Unfall 185529 (2023) Kat:3, Licht: 0","185529","3","5","1","09","09","5","","0","1","1","0","0"
"POINT (6.963688436000041 50.961090409000064)","Unfall 185530 (2023) Kat:3, Licht: 0","185530","3","3","5","09","10","5","","0","1","1","0","0"
"POINT (6.900872487000072 50.934421417000067)","Unfall 185531 (2023) Kat:3, Licht: 0","185531","3","3","5","09","11","5","","0","1","1","0","0"
"POINT (6.835865889000047 50.942211991000079)","Unfall 185532 (2023) Kat:3, Licht: 0","185532","3","3","5","09","15","5","","0","1","0","0","1"
"POINT (6.920499000000063 50.948247026000047)","Unfall 185533 (2023) Kat:3, Licht: 0","185533","3","4","6","09","07","5","","0","1","0","1","0"
"POINT (6.962072989000035 50.915647099000068)","Unfall 185534 (2023) Kat:3, Licht: 0","185534","3","5","1","09","20","5","","0","1","1","0","0"
"POINT (7.054398997000021 50.881592481000041)","Unfall 185562 (2023) Kat:3, Licht: 0","185562","3","5","5","09","12","2","","0","1","1","0","0"
"POINT (6.916934948000062 50.960570448000055)","Unfall 185568 (2023) Kat:3, Licht: 0","185568","3","1","0","09","18","2","","0","1","0","0","0"
"POINT (6.898977161000062 50.940457247000040)","Unfall 185579 (2023) Kat:3, Licht: 0","185579","3","1","7","09","07","6","","0","1","1","0","0"
"POINT (7.084090114000048 50.949719409000068)","Unfall 185633 (2023) Kat:3, Licht: 0","185633","3","6","6","09","16","4","","0","0","1","1","0"
"POINT (7.080538103000038 50.885459377000075)","Unfall 185635 (2023) Kat:2, Licht: 0","185635","2","7","0","09","16","4","","0","1","0","0","0"
"POINT (7.087817645000030 50.860592584000074)","Unfall 185636 (2023) Kat:3, Licht: 0","185636","3","3","5","09","11","4","","0","1","0","0","0"
"POINT (7.075437899000065 50.973416145000044)","Unfall 185637 (2023) Kat:3, Licht: 0","185637","3","5","0","09","11","4","","0","1","1","0","0"
"POINT (6.938782324000044 50.969912236000027)","Unfall 185638 (2023) Kat:3, Licht: 0","185638","3","2","5","09","07","4","","0","0","1","0","0"
"POINT (6.959290834000058 50.974208948000069)","Unfall 185640 (2023) Kat:3, Licht: 0","185640","3","6","2","09","15","4","","0","0","1","0","1"
"POINT (6.933442377000063 50.948355209000056)","Unfall 185641 (2023) Kat:2, Licht: 0","185641","2","6","7","09","15","4","","0","0","1","0","1"
"POINT (6.890971603000025 50.978634184000043)","Unfall 185642 (2023) Kat:3, Licht: 0","185642","3","7","0","09","16","4","","0","1","1","0","0"
"POINT (6.879017221000026 50.934967866000079)","Unfall 185644 (2023) Kat:3, Licht: 0","185644","3","3","5","09","12","4","","0","1","0","0","0"
"POINT (6.890923363000070 50.976824240000042)","Unfall 185645 (2023) Kat:3, Licht: 0","185645","3","3","0","09","14","4","","0","0","1","0","0"
"POINT (6.964615172000038 50.911627825000039)","Unfall 185646 (2023) Kat:3, Licht: 0","185646","3","4","6","09","17","4","","0","0","1","1","0"
"POINT (6.958885021000071 50.936230018000060)","Unfall 185647 (2023) Kat:3, Licht: 2","185647","3","7","0","09","22","4","","2","1","0","0","0"
"POINT (7.000855801000057 50.938921538000045)","Unfall 185753 (2023) Kat:3, Licht: 0","185753","3","5","1","09","12","3","","0","1","1","0","0"
"POINT (7.049249899000074 50.943174191000026)","Unfall 185754 (2023) Kat:3, Licht: 0","185754","3","2","5","09","13","3","","0","0","0","0","0"
"POINT (7.076770579000026 50.922054535000029)","Unfall 185755 (2023) Kat:3, Licht: 0","185755","3","7","1","09","10","3","","0","0","1","0","0"
"POINT (7.073570939000035 50.898137439000038)","Unfall 185756 (2023) Kat:3, Licht: 0","185756","3","3","5","09","07","3","","0","1","0","0","0"
"POINT (7.047955367000043 50.962572519000048)","Unfall 185758 (2023) Kat:3, Licht: 0","185758","3","7","0","09","09","3","","0","0","0","0","1"
"POINT (6.906745284000067 50.951078530000075)","Unfall 185759 (2023) Kat:3, Licht: 0","185759","3","6","3","09","15","3","","0","0","1","0","1"
"POINT (6.911002297000039 50.964299543000038)","Unfall 185761 (2023) Kat:2, Licht: 0","185761","2","6","4","09","16","3","","0","1","0","0","0"
"POINT (6.929248750000056 50.944959124000036)","Unfall 185872 (2023) Kat:3, Licht: 0","185872","3","7","0","09","16","2","","0","1","0","0","0"
"POINT (6.885736109000050 50.983703182000056)","Unfall 185873 (2023) Kat:3, Licht: 0","185873","3","3","5","09","12","2","","0","1","1","0","0"