WKT,Name,OBJECTID,UKATEGORIE,UTYP1,UART,UMONAT,USTUNDE,UWOCHENTAG,STRZUSTAND,ULICHTVERH,ISTRAD,ISTPKW,ISTFUSS,ISTKRAD
"POINT (6.922944865000034 50.952779641000063)","Unfall 185874 (2023) Kat:3, Licht: 2","185874","3","7","0","09","20","2","","2","1","0","0","0"
"POINT (6.939778049000040 50.911265212000046)","Unfall 185875 (2023) Kat:3, Licht: 0","185875","3","2","5","09","11","2","","0","1","1","0","0"
"POINT (6.983667604000061 50.921376304000034)","Unfall 185917 (2023) Kat:3, Licht: 0","185917","3","1","0","09","18","3","","0","1","0","0","0"
"POINT (6.915128816000049 50.962457143000051)","Unfall 185954 (2023) Kat:3, Licht: 0","185954","3","5","1","09","19","2","","0","1","1","0","0"
"POINT (7.001005414000076 50.935284245000048)","Unfall 185961 (2023) Kat:3, Licht: 0","185961","3","6","3","09","17","1","","0","0","1","0","0"
"POINT (7.041251201000023 50.987973607000072)","Unfall 185962 (2023) Kat:3, Licht: 0","185962","3","3","0","09","17","1","","0","0","1","0","0"
"POINT (7.001553478000062 50.955372684000054)","Unfall 185963 (2023) Kat:3, Licht: 2","185963","3","5","1","09","00","1","","2","0","0","0","0"
"POINT (6.936732279000069 50.968974601000070)","Unfall 185964 (2023) Kat:3, Licht: 0","185964","3","4","0","09","14","1","","0","1","0","1","0"
"POINT (6.909955263000029 50.965383345000077)","Unfall 185965 (2023) Kat:3, Licht: 0","185965","3","1","1","09","13","1","","0","0","1","0","0"
"POINT (6.977243329000032 50.870123937000074)","Unfall 185966 (2023) Kat:3, Licht: 0","185966","3","6","0","09","12","1","","0","1","1","0","0"
"POINT (6.920487214000048 50.913701420000052)","Unfall 185967 (2023) Kat:2, Licht: 0","185967","2","1","0","09","15","1","","0","1","0","0","0"
"POINT (6.942444009000042 50.958323620000044)","Unfall 186036 (2023) Kat:3, Licht: 0","186036","3","5","0","09","11","4","","0","1","1","0","0"
"POINT (6.944231247000062 50.982653874000050)","Unfall 186037 (2023) Kat:2, Licht: 0","186037","2","5","0","09","12","4","","0","1","1","0","0"
"POINT (6.913116596000066 50.964298130000032)","Unfall 186038 (2023) Kat:3, Licht: 0","186038","3","2","5","09","08","4","","0","0","0","0","0"
"POINT (6.871201824000025 50.932189812000047)","Unfall 186039 (2023) Kat:2, Licht: 0","186039","2","6","2","09","17","4","","0","0","1","0","1"
"POINT (6.932221841000057 50.955469191000077)","Unfall 186040 (2023) Kat:3, Licht: 0","186040","3","2","5","09","18","4","","0","1","1","0","0"
"POINT (7.046354648000033 50.972220039000035)","Unfall 186041 (2023) Kat:3, Licht: 0","186041","3","2","5","09","07","4","","0","0","1","0","1"
"POINT (7.023953931000051 50.949406054000065)","Unfall 186112 (2023) Kat:3, Licht: 0","186112","3","1","8","09","14","3","","0","0","0","0","0"
"POINT (7.075970865000045 50.893290795000041)","Unfall 186113 (2023) Kat:3, Licht: 2","186113","3","1","0","09","20","3","","2","1","0","0","0"
"POINT (7.008963665000067 50.971973447000039)","Unfall 186114 (2023) Kat:3, Licht: 0","186114","3","1","0","09","16","3","","0","0","0","0","0"
"POINT (7.013991726000029 50.971333019000042)","Unfall 186115 (2023) Kat:3, Licht: 0","186115","3","1","0","09","09","3","","0","1","0","0","0"
"POINT (6.896249468000065 51.025864505000072)","Unfall 186116 (2023) Kat:3, Licht: 0","186116","3","3","5","09","08","3","","0","1","1","0","0"
"POINT (6.906637475000025 50.955540750000068)","Unfall 186117 (2023) Kat:3, Licht: 0","186117","3","2","4","09","15","3","","0","1","1","0","0"
"POINT (6.995155441000065 50.930604547000030)","Unfall 186178 (2023) Kat:3, Licht: 0","186178","3","3","5","09","16","2","","0","0","1","0","0"
"POINT (7.009913661000041 50.952212625000072)","Unfall 186179 (2023) Kat:3, Licht: 0","186179","3","1","0","09","07","2","","0","1","0","0","0"
"POINT (7.010199378000038 50.971481454000070)","Unfall 186180 (2023) Kat:3, Licht: 0","186180","3","3","5","09","13","2","","0","0","1","0","0"
"POINT (6.956782775000022 50.974135362000027)","Unfall 186182 (2023) Kat:3, Licht: 0","186182","3","2","4","09","16","2","","0","0","1","0","1"
"POINT (6.892140079000058 50.946609053000032)","Unfall 186183 (2023) Kat:2, Licht: 0","186183","2","2","5","09","15","2","","0","1","1","0","0"
"POINT (6.936367807000067 50.947093543000051)","Unfall 186184 (2023) Kat:3, Licht: 0","186184","3","3","5","09","08","2","","0","1","1","0","0"
"POINT (7.084095867000030 50.944990152000059)","Unfall 186256 (2023) Kat:3, Licht: 0","186256","3","4","6","09","18","1","","0","0","1","1","0"
"POINT (6.978722702000027 50.937048131000040)","Unfall 186257 (2023) Kat:3, Licht: 2","186257","3","5","1","09","21","1","","2","0","1","0","0"
"POINT (6.903063215000032 50.956711718000065)","Unfall 186258 (2023) Kat:3, Licht: 0","186258","3","3","5","09","17","1","","0","0","1","0","0"
"POINT (6.962147159000040 50.912854347000064)","Unfall 186259 (2023) Kat:3, Licht: 2","186259","3","1","0","09","02","1","","2","0","0","0","0"
"POINT (6.962619334000067 50.918898441000067)","Unfall 186260 (2023) Kat:3, Licht: 0","186260","3","3","5","09","12","1","","0","0","1","0","1"
"POINT (7.075431411000068 50.890435438000054)","Unfall 186308 (2023) Kat:3, Licht: 0","186308","3","4","6","09","15","7","","0","0","1","1","1"
"POINT (6.834279068000058 50.941898423000055)","Unfall 186309 (2023) Kat:3, Licht: 0","186309","3","6","2","09","17","7","","0","0","1","0","1"
"POINT (6.927942625000071 50.909581337000077)","Unfall 186310 (2023) Kat:3, Licht: 0","186310","3","5","1","09","14","7","","0","1","0","0","0"
"POINT (6.995998337000060 50.922704289000080)","Unfall 186363 (2023) Kat:3, Licht: 0","186363","3","3","5","09","14","6","","0","0","1","0","0"
"POINT (7.029766692000067 50.875827575000073)","Unfall 186364 (2023) Kat:3, Licht: 0","186364","3","3","5","09","11","6","","0","1","1","0","0"
"POINT (6.903797650000058 50.924144262000027)","Unfall 186365 (2023) Kat:3, Licht: 1","186365","3","1","0","09","19","6","","1","1","0","0","0"
"POINT (6.913783440000032 50.932394490000036)","Unfall 186366 (2023) Kat:3, Licht: 0","186366","3","5","0","09","13","6","","0","1","1","0","0"
"POINT (6.929301410000051 50.921655732000033)","Unfall 186367 (2023) Kat:3, Licht: 0","186367","3","5","1","09","12","6","","0","1","0","0","0"
"POINT (6.958009477000076 50.918653876000064)","Unfall 186368 (2023) Kat:3, Licht: 0","186368","3","3","5","09","14","6","","0","1","0","0","1"
"POINT (6.941050389000054 50.931310871000051)","Unfall 186369 (2023) Kat:3, Licht: 0","186369","3","1","0","09","18","6","","0","1","0","0","0"
"POINT (6.950965285000052 50.942562303000045)","Unfall 186370 (2023) Kat:3, Licht: 0","186370","3","2","0","09","15","6","","0","0","1","0","0"
"POINT (6.918915323000022 50.946251844000074)","Unfall 186395 (2023) Kat:3, Licht: 0","186395","3","1","0","09","17","2","","0","1","0","0","0"
"POINT (7.112806809000062 50.879603095000050)","Unfall 186451 (2023) Kat:3, Licht: 2","186451","3","6","4","09","19","5","","2","1","0","0","0"
"POINT (7.006550773000072 50.947862258000043)","Unfall 186452 (2023) Kat:3, Licht: 0","186452","3","3","5","09","17","5","","0","1","1","0","0"
"POINT (7.057279906000076 51.000119158000075)","Unfall 186453 (2023) Kat:2, Licht: 0","186453","2","1","4","09","16","5","","0","0","1","0","0"
"POINT (7.017597222000063 50.964377137000042)","Unfall 186454 (2023) Kat:3, Licht: 2","186454","3","1","0","09","19","5","","2","1","0","0","0"
"POINT (6.946539479000023 50.970904101000031)","Unfall 186455 (2023) Kat:3, Licht: 2","186455","3","7","0","09","19","5","","2","1","1","0","0"
"POINT (6.945490361000054 50.978122889000076)","Unfall 186456 (2023) Kat:3, Licht: 0","186456","3","5","1","09","09","5","","0","1","1","0","0"
"POINT (6.928641104000064 50.968030753000050)","Unfall 186457 (2023) Kat:3, Licht: 0","186457","3","3","0","09","08","5","","0","1","1","0","0"
"POINT (6.924507754000047 50.903009108000049)","Unfall 186459 (2023) Kat:2, Licht: 0","186459","2","3","5","09","11","5","","0","1","0","0","0"
"POINT (6.942861608000044 50.904978235000044)","Unfall 186460 (2023) Kat:3, Licht: 2","186460","3","4","6","09","21","5","","2","0","1","1","0"
"POINT (6.961203129000069 50.927004561000047)","Unfall 186461 (2023) Kat:3, Licht: 2","186461","3","1","0","09","00","5","","2","1","0","0","0"
"POINT (6.890978953000058 50.969080290000079)","Unfall 186476 (2023) Kat:3, Licht: 0","186476","3","3","5","09","11","3","","0","1","1","0","0"
"POINT (6.978244715000073 50.918515360000072)","Unfall 186519 (2023) Kat:2, Licht: 0","186519","2","3","5","09","13","4","","0","1","1","0","0"
"POINT (6.888923510000041 50.942310748000068)","Unfall 186520 (2023) Kat:3, Licht: 0","186520","3","1","0","09","08","4","","0","0","0","0","0"
"POINT (6.834580852000045 50.948102344000063)","Unfall 186522 (2023) Kat:3, Licht: 0","186522","3","5","1","09","15","4","","0","1","1","0","0"
"POINT (6.928084693000073 50.912919251000062)","Unfall 186523 (2023) Kat:2, Licht: 2","186523","2","1","0","09","21","4","","2","0","0","0","0"
"POINT (6.960018638000065 50.942960296000081)","Unfall 186524 (2023) Kat:3, Licht: 0","186524","3","1","0","09","16","4","","0","0","0","0","0"
"POINT (6.947466425000073 50.933679504000054)","Unfall 186525 (2023) Kat:3, Licht: 2","186525","3","3","5","09","21","4","","2","1","1","0","0"
"POINT (7.021423408000032 50.944394203000058)","Unfall 186605 (2023) Kat:3, Licht: 1","186605","3","3","5","09","19","3","","1","0","1","0","1"
"POINT (7.007447676000027 50.945117987000060)","Unfall 186606 (2023) Kat:3, Licht: 0","186606","3","3","5","09","19","3","","0","0","1","0","0"
"POINT (7.060968007000042 50.929109236000045)","Unfall 186607 (2023) Kat:3, Licht: 0","186607","3","4","6","09","08","3","","0","0","1","1","0"
"POINT (6.933417603000066 50.994009918000074)","Unfall 186608 (2023) Kat:3, Licht: 0","186608","3","2","0","09","17","3","","0","0","0","0","0"
"POINT (6.927476816000024 50.969024960000070)","Unfall 186609 (2023) Kat:3, Licht: 0","186609","3","3","5","09","16","3","","0","1","0","0","0"
"POINT (7.038412104000031 50.899508992000051)","Unfall 186684 (2023) Kat:3, Licht: 0","186684","3","4","6","09","13","2","","0","0","1","1","0"
"POINT (7.092481618000022 50.862911848000067)","Unfall 186685 (2023) Kat:2, Licht: 0","186685","2","1","0","09","13","2","","0","1","0","0","0"
"POINT (6.914720057000068 50.967565950000051)","Unfall 186686 (2023) Kat:3, Licht: 0","186686","3","5","2","09","11","2","","0","0","1","0","0"
"POINT (6.871143984000071 50.935597382000026)","Unfall 186687 (2023) Kat:3, Licht: 0","186687","3","5","1","09","17","2","","0","1","1","0","0"
"POINT (6.970447738000075 50.900874053000052)","Unfall 186688 (2023) Kat:3, Licht: 0","186688","3","3","5","09","12","2","","0","0","1","0","0"
"POINT (6.993588621000072 50.880861194000033)","Unfall 186689 (2023) Kat:3, Licht: 0","186689","3","1","0","09","18","2","","0","1","0","0","0"
"POINT (6.940443771000048 50.923155396000027)","Unfall 186690 (2023) Kat:2, Licht: 2","186690","2","2","4","09","20","2","","2","1","0","0","0"
"POINT (6.980392852000023 50.902924879000068)","Unfall 186691 (2023) Kat:3, Licht: 2","186691","3","1","0","09","20","2","","2","1","0","0","0"
"POINT (7.004516412000044 50.885185155000045)","Unfall 186692 (2023) Kat:3, Licht: 0","186692","3","1","0","09","17","2","","0","1","0","0","0"
"POINT (6.934988103000023 50.927818618000060)","Unfall 186693 (2023) Kat:3, Licht: 0","186693","3","1","0","09","17","2","","0","1","0","0","0"
"POINT (6.951436729000022 50.930240593000065)","Unfall 186695 (2023) Kat:3, Licht: 0","186695","3","6","4","09","10","2","","0","1","1","0","0"
"POINT (6.932707300000061 50.940182948000029)","Unfall 186696 (2023) Kat:3, Licht: 0","186696","3","1","0","09","09","2","","0","1","0","0","0"
"POINT (7.008463765000045 50.938962574000072)","Unfall 186764 (2023) Kat:3, Licht: 0","186764","3","3","0","09","19","1","","0","1","0","0","0"
"POINT (6.981410985000025 50.949928417000081)","Unfall 186766 (2023) Kat:3, Licht: 0","186766","3","2","6","09","13","1","","0","1","0","1","0"
"POINT (6.968703441000059 50.966481754000029)","Unfall 186767 (2023) Kat:3, Licht: 0","186767","3","2","5","09","13","1","","0","1","1","0","0"
"POINT (6.912956208000026 50.953887856000051)","Unfall 186768 (2023) Kat:3, Licht: 2","186768","3","1","0","09","04","1","","2","0","0","0","0"
"POINT (6.865482160000056 50.979901938000069)","Unfall 186770 (2023) Kat:3, Licht: 2","186770","3","7","6","09","01","1","","2","0","0","1","0"
"POINT (6.919553893000057 50.962155405000033)","Unfall 186771 (2023) Kat:3, Licht: 2","186771","3","1","0","09","21","1","","2","1","0","0","0"
"POINT (6.947664454000062 50.934944851000068)","Unfall 186772 (2023) Kat:3, Licht: 0","186772","3","2","4","09","14","1","","0","1","1","0","0"
"POINT (6.944042244000059 50.923782974000062)","Unfall 186773 (2023) Kat:3, Licht: 0","186773","3","3","0","09","08","2","","0","1","1","0","0"
"POINT (6.962622541000030 50.943094097000028)","Unfall 186774 (2023) Kat:3, Licht: 1","186774","3","6","1","09","19","1","","1","0","1","0","0"
"POINT (7.001562544000024 50.945266338000067)","Unfall 186830 (2023) Kat:3, Licht: 0","186830","3","1","0","09","17","7","","0","0","0","0","1"
"POINT (7.086145686000066 50.876379737000036)","Unfall 186831 (2023) Kat:3, Licht: 0","186831","3","1","0","09","16","7","","0","1","0","0","0"
"POINT (6.849820377000071 50.931034217000047)","Unfall 186832 (2023) Kat:3, Licht: 2","186832","3","1","0","09","23","7","","2","1","0","0","0"
"POINT (6.945515308000040 50.909550234000051)","Unfall 186833 (2023) Kat:3, Licht: 2","186833","3","1","0","09","21","7","","2","0","1","0","0"
"POINT (6.911177734000034 50.926952195000069)","Unfall 186834 (2023) Kat:3, Licht: 2","186834","3","5","1","09","05","7","","2","0","1","0","0"
"POINT (6.965685718000032 50.925231941000050)","Unfall 186835 (2023) Kat:3, Licht: 0","186835","3","1","7","09","15","7","","0","1","0","0","0"
"POINT (6.956213552000065 50.947648259000061)","Unfall 186836 (2023) Kat:3, Licht: 2","186836","3","5","3","09","23","7","","2","1","1","1","0"
"POINT (6.958307058000059 50.909623399000054)","Unfall 186860 (2023) Kat:3, Licht: 2","186860","3","5","1","09","20","3","","2","1","1","0","0"
"POINT (7.018681111000035 50.965599306000058)","Unfall 186900 (2023) Kat:3, Licht: 0","186900","3","1","1","09","12","6","","0","0","1","0","1"
"POINT (6.886020630000075 51.035525203000077)","Unfall 186901 (2023) Kat:3, Licht: 0","186901","3","3","5","09","08","6","","0","1","0","0","0"
"POINT (6.955079169000044 51.019752220000044)","Unfall 186902 (2023) Kat:3, Licht: 0","186902","3","1","0","09","17","6","","0","1","0","0","0"
"POINT (6.887065940000070 50.971940998000036)","Unfall 186903 (2023) Kat:3, Licht: 0","186903","3","1","9","09","16","6","","0","0","0","0","1"
"POINT (6.882470104000049 50.943326192000029)","Unfall 186905 (2023) Kat:3, Licht: 0","186905","3","3","5","09","14","6","","0","1","1","0","0"
"POINT (6.910941171000047 50.955405061000079)","Unfall 186906 (2023) Kat:3, Licht: 0","186906","3","7","3","09","11","2","","0","1","1","0","0"
"POINT (6.913769126000034 50.966761793000046)","Unfall 186907 (2023) Kat:3, Licht: 0","186907","3","6","2","09","14","6","","0","0","1","0","0"
"POINT (6.899782377000065 50.938520946000040)","Unfall 186908 (2023) Kat:3, Licht: 0","186908","3","2","5","09","11","6","","0","1","1","0","0"
"POINT (6.995748505000051 50.876143039000056)","Unfall 186909 (2023) Kat:3, Licht: 0","186909","3","6","2","09","14","6","","0","0","1","0","0"
"POINT (6.927614267000024 50.895856358000060)","Unfall 186910 (2023) Kat:3, Licht: 2","186910","3","2","5","09","20","6","","2","0","1","0","0"
"POINT (6.955049031000044 50.901835251000080)","Unfall 186911 (2023) Kat:3, Licht: 0","186911","3","3","5","09","16","6","","0","1","1","0","0"
"POINT (6.943744625000022 50.924380002000078)","Unfall 186912 (2023) Kat:3, Licht: 0","186912","3","6","4","09","14","6","","0","1","0","0","0"
"POINT (6.959770168000034 50.940338176000068)","Unfall 186913 (2023) Kat:3, Licht: 1","186913","3","2","3","09","19","6","","1","0","1","0","1"
"POINT (6.937419189000025 50.936935367000046)","Unfall 186914 (2023) Kat:3, Licht: 2","186914","3","5","0","09","21","6","","2","1","1","0","0"
"POINT (7.002207915000042 50.940268198000069)","Unfall 187076 (2023) Kat:3, Licht: 0","187076","3","4","6","10","14","7","","0","1","0","1","0"
"POINT (6.900701174000062 50.935005867000029)","Unfall 187077 (2023) Kat:3, Licht: 0","187077","3","1","0","10","13","7","","0","0","0","0","0"
"POINT (6.956246237000073 50.932944629000076)","Unfall 187078 (2023) Kat:3, Licht: 2","187078","3","1","0","10","00","7","","2","1","0","0","0"
"POINT (6.950531627000032 50.938816437000071)","Unfall 187079 (2023) Kat:3, Licht: 2","187079","3","1","0","10","19","7","","2","0","0","0","0"
"POINT (6.948783703000061 50.934480114000053)","Unfall 187080 (2023) Kat:3, Licht: 2","187080","3","4","6","10","18","7","","2","1","0","1","0"
"POINT (7.009693616000050 50.971065669000041)","Unfall 187081 (2023) Kat:3, Licht: 0","187081","3","7","6","10","10","7","","0","0","1","1","0"
"POINT (7.001426801000036 50.943487465000032)","Unfall 187122 (2023) Kat:3, Licht: 2","187122","3","3","5","10","20","6","","2","1","0","0","0"
"POINT (7.001029146000064 50.939345183000057)","Unfall 187123 (2023) Kat:3, Licht: 0","187123","3","3","0","10","16","6","","0","0","0","0","0"
"POINT (6.938646772000027 50.956689152000081)","Unfall 187124 (2023) Kat:2, Licht: 2","187124","2","5","6","10","21","6","","2","0","1","1","0"
"POINT (7.093771127000025 50.863183648000074)","Unfall 187187 (2023) Kat:3, Licht: 0","187187","3","3","0","10","16","5","","0","1","1","0","0"
"POINT (7.010199378000038 50.971481454000070)","Unfall 187188 (2023) Kat:3, Licht: 0","187188","3","3","5","10","12","5","","0","1","1","0","0"
"POINT (6.960191043000066 50.976961403000075)","Unfall 187189 (2023) Kat:3, Licht: 0","187189","3","3","5","10","08","5","","0","1","1","0","0"
"POINT (6.902126034000048 50.941850688000045)","Unfall 187190 (2023) Kat:3, Licht: 0","187190","3","6","2","10","08","5","","0","0","1","0","0"
"POINT (6.934768258000076 50.956460685000081)","Unfall 187191 (2023) Kat:3, Licht: 0","187191","3","1","7","10","16","5","","0","1","0","0","0"
"POINT (6.906302974000027 50.966994191000026)","Unfall 187192 (2023) Kat:3, Licht: 0","187192","3","6","2","10","09","5","","0","0","1","0","0"
"POINT (6.921689855000068 50.919200786000033)","Unfall 187193 (2023) Kat:3, Licht: 0","187193","3","1","0","10","12","5","","0","1","0","0","0"
"POINT (6.941544204000024 50.940226782000082)","Unfall 187194 (2023) Kat:2, Licht: 2","187194","2","1","0","10","22","5","","2","1","0","0","0"
"POINT (6.959693368000046 50.939846847000069)","Unfall 187195 (2023) Kat:3, Licht: 0","187195","3","2","0","10","11","5","","0","1","1","0","0"
"POINT (6.942073680000021 50.944876683000075)","Unfall 187197 (2023) Kat:3, Licht: 2","187197","3","1","0","10","18","5","","2","1","0","0","0"
"POINT (6.950338306000049 50.949212512000031)","Unfall 187198 (2023) Kat:3, Licht: 0","187198","3","3","5","10","16","5","","0","1","1","0","0"
"POINT (6.935003423000069 50.927827413000045)","Unfall 187199 (2023) Kat:3, Licht: 0","187199","3","1","0","10","10","5","","0","1","0","0","0"
"POINT (6.960964687000057 50.936020970000072)","Unfall 187200 (2023) Kat:3, Licht: 0","187200","3","3","5","10","12","5","","0","0","1","0","0"
"POINT (7.030330727000035 50.951267522000080)","Unfall 187252 (2023) Kat:2, Licht: 0","187252","2","6","1","10","14","4","","0","0","1","0","0"
"POINT (6.996042045000024 50.922928928000033)","Unfall 187254 (2023) Kat:3, Licht: 0","187254","3","3","5","10","07","4","","0","0","1","0","0"
"POINT (6.991903757000046 50.925117385000078)","Unfall 187255 (2023) Kat:2, Licht: 0","187255","2","2","0","10","18","4","","0","0","1","0","1"
"POINT (6.987913631000026 50.938284109000051)","Unfall 187256 (2023) Kat:3, Licht: 2","187256","3","1","1","10","23","4","","2","1","1","0","0"
"POINT (6.962074187000042 50.989068813000074)","Unfall 187257 (2023) Kat:3, Licht: 0","187257","3","7","0","10","17","4","","0","0","0","0","1"
"POINT (6.935972437000032 50.977166585000077)","Unfall 187258 (2023) Kat:3, Licht: 0","187258","3","5","0","10","10","4","","0","0","1","0","0"
"POINT (6.873240236000072 50.983339760000035)","Unfall 187259 (2023) Kat:3, Licht: 2","187259","3","1","7","10","06","4","","2","1","0","0","0"
"POINT (6.956971993000025 50.942558174000055)","Unfall 187260 (2023) Kat:3, Licht: 0","187260","3","7","0","10","13","4","","0","1","1","0","0"
"POINT (7.000713210000072 50.928753713000049)","Unfall 187320 (2023) Kat:3, Licht: 0","187320","3","7","0","10","14","3","","0","0","1","1","0"
"POINT (6.933221624000055 50.913598285000035)","Unfall 187321 (2023) Kat:3, Licht: 0","187321","3","3","6","10","16","3","","0","1","0","1","0"
"POINT (6.939971669000045 50.940549875000045)","Unfall 187322 (2023) Kat:3, Licht: 2","187322","3","3","0","10","00","3","","2","0","0","1","0"
"POINT (6.958603470000071 50.924511212000027)","Unfall 187323 (2023) Kat:3, Licht: 0","187323","3","2","5","10","13","3","","0","1","1","0","0"
"POINT (6.973902012000053 50.944980964000081)","Unfall 187361 (2023) Kat:3, Licht: 0","187361","3","4","6","10","11","4","","0","0","1","1","0"
"POINT (6.970371095000075 50.979689304000033)","Unfall 187380 (2023) Kat:3, Licht: 0","187380","3","2","4","10","16","2","","0","0","1","0","1"
"POINT (6.963441215000046 50.990357603000064)","Unfall 187381 (2023) Kat:3, Licht: 0","187381","3","6","6","10","11","2","","0","0","1","1","0"
"POINT (6.989037667000048 50.871981104000042)","Unfall 187382 (2023) Kat:3, Licht: 0","187382","3","7","1","10","09","2","","0","0","1","1","0"
"POINT (6.905299030000037 50.996792973000026)","Unfall 187446 (2023) Kat:3, Licht: 0","187446","3","2","4","10","13","1","","0","0","1","0","1"
"POINT (6.930070919000059 50.949748568000075)","Unfall 187447 (2023) Kat:2, Licht: 2","187447","2","1","7","10","00","1","","2","0","0","0","0"
"POINT (6.923004002000027 50.930573556000070)","Unfall 187448 (2023) Kat:3, Licht: 2","187448","3","6","3","10","21","1","","2","0","1","0","0"
"POINT (7.080354240000077 50.881848604000027)","Unfall 187488 (2023) Kat:3, Licht: 0","187488","3","7","6","10","12","7","","0","0","1","1","0"
"POINT (7.039677487000063 50.977987138000060)","Unfall 187489 (2023) Kat:3, Licht: 0","187489","3","7","0","10","17","7","","0","1","0","1","0"
"POINT (6.890682867000066 51.005988026000068)","Unfall 187490 (2023) Kat:3, Licht: 0","187490","3","3","5","10","15","7","","0","0","1","0","0"
"POINT (6.940616299000055 50.920674815000041)","Unfall 187491 (2023) Kat:3, Licht: 2","187491","3","1","0","10","01","7","","2","1","0","0","0"
"POINT (7.005832552000072 50.968840738000040)","Unfall 187492 (2023) Kat:3, Licht: 1","187492","3","3","0","10","19","7","","1","1","1","0","0"
"POINT (6.936650578000069 50.971339353000076)","Unfall 187504 (2023) Kat:2, Licht: 2","187504","2","1","6","10","19","5","","2","0","1","1","0"
"POINT (6.981368229000054 50.949867576000031)","Unfall 187529 (2023) Kat:3, Licht: 0","187529","3","1","0","10","16","6","","0","1","0","0","0"
"POINT (6.976494155000069 50.920812324000053)","Unfall 187530 (2023) Kat:3, Licht: 0","187530","3","3","0","10","09","6","","0","1","0","0","0"
"POINT (6.953109964000021 50.938341611000055)","Unfall 187531 (2023) Kat:3, Licht: 2","187531","3","7","1","10","21","6","","2","0","1","0","1"
"POINT (6.900179863000062 50.945896784000070)","Unfall 187532 (2023) Kat:3, Licht: 0","187532","3","1","0","10","18","6","","0","1","0","0","0"
"POINT (7.010404576000042 50.874954824000042)","Unfall 187533 (2023) Kat:3, Licht: 0","187533","3","3","5","10","13","6","","0","0","1","0","0"
"POINT (6.918672016000073 50.921207256000059)","Unfall 187535 (2023) Kat:3, Licht: 2","187535","3","3","5","10","05","6","","2","1","1","0","0"
"POINT (6.967940554000052 50.912776184000052)","Unfall 187542 (2023) Kat:3, Licht: 1","187542","3","2","5","10","18","2","","1","1","1","0","0"
"POINT (6.991286085000070 50.994870882000043)","Unfall 187584 (2023) Kat:2, Licht: 2","187584","2","1","0","10","07","5","","2","1","0","0","0"
"POINT (6.992372246000059 50.892062807000059)","Unfall 187585 (2023) Kat:2, Licht: 0","187585","2","3","0","10","08","5","","0","0","1","0","1"
"POINT (6.940373087000069 50.945564471000068)","Unfall 187586 (2023) Kat:3, Licht: 0","187586","3","4","6","10","15","5","","0","1","0","1","0"
"POINT (6.936314202000062 50.928586970000026)","Unfall 187587 (2023) Kat:3, Licht: 2","187587","3","7","0","10","00","5","","2","1","0","0","0"
"POINT (6.959794813000030 50.872833914000068)","Unfall 187629 (2023) Kat:3, Licht: 0","187629","3","6","3","10","17","1","","0","1","0","0","0"
"POINT (7.103730359000053 50.865600501000074)","Unfall 187646 (2023) Kat:3, Licht: 1","187646","3","6","3","10","17","4","","1","1","1","0","0"
"POINT (7.056994398000029 50.940913313000067)","Unfall 187647 (2023) Kat:3, Licht: 0","187647","3","3","0","10","18","4","","0","1","1","0","0"
"POINT (7.057001055000057 50.913103449000062)","Unfall 187648 (2023) Kat:2, Licht: 0","187648","2","2","5","10","12","4","","0","0","0","0","1"
"POINT (7.003747567000062 50.955601067000032)","Unfall 187649 (2023) Kat:3, Licht: 2","187649","3","3","3","10","22","4","","2","0","1","0","0"
"POINT (6.988636831000065 50.994338227000071)","Unfall 187651 (2023) Kat:3, Licht: 0","187651","3","6","3","10","18","4","","0","0","1","0","1"
"POINT (6.912993624000023 50.956619227000033)","Unfall 187652 (2023) Kat:3, Licht: 0","187652","3","3","5","10","14","4","","0","0","1","0","1"
"POINT (6.907156385000064 50.951127475000078)","Unfall 187653 (2023) Kat:3, Licht: 0","187653","3","1","0","10","13","4","","0","1","0","0","0"
"POINT (6.864467636000029 50.977618814000039)","Unfall 187654 (2023) Kat:3, Licht: 0","187654","3","3","5","10","16","4","","0","1","1","0","0"
"POINT (6.958255520000023 50.869727437000051)","Unfall 187685 (2023) Kat:3, Licht: 0","187685","3","4","6","10","08","2","","0","0","1","1","0"
"POINT (6.971273209000060 50.941877294000051)","Unfall 187690 (2023) Kat:3, Licht: 2","187690","3","1","4","10","21","4","","2","0","1","0","0"
"POINT (6.946019773000046 50.942610106000075)","Unfall 187706 (2023) Kat:3, Licht: 2","187706","3","1","0","10","21","5","","2","1","0","0","0"
"POINT (6.908666045000075 50.945251968000036)","Unfall 187713 (2023) Kat:2, Licht: 0","187713","2","5","1","10","11","3","","0","0","1","0","0"
"POINT (6.938346789000036 50.929756760000032)","Unfall 187714 (2023) Kat:3, Licht: 0","187714","3","3","5","10","16","3","","0","0","1","0","1"
"POINT (7.046034031000033 50.923602079000034)","Unfall 187749 (2023) Kat:3, Licht: 0","187749","3","3","5","10","13","6","","0","0","1","0","0"
"POINT (7.021786550000058 50.933053642000061)","Unfall 187760 (2023) Kat:3, Licht: 0","187760","3","7","0","10","15","2","","0","0","0","0","0"