WKT,Name,OBJECTID,UKATEGORIE,UTYP1,UART,UMONAT,USTUNDE,UWOCHENTAG,STRZUSTAND,ULICHTVERH,ISTRAD,ISTPKW,ISTFUSS,ISTKRAD
"POINT (7.000724921000028 50.936647243000039)","Unfall 187762 (2023) Kat:3, Licht: 0","187762","3","7","6","10","08","2","","0","1","0","1","0"
"POINT (6.969226189000040 50.938475156000038)","Unfall 187763 (2023) Kat:3, Licht: 2","187763","3","1","7","10","21","2","","2","0","0","0","0"
"POINT (6.897974394000073 50.946026062000044)","Unfall 187764 (2023) Kat:3, Licht: 0","187764","3","2","5","10","10","2","","0","1","1","0","0"
"POINT (6.962226711000028 50.920104228000071)","Unfall 187765 (2023) Kat:3, Licht: 0","187765","3","1","0","10","16","2","","0","1","0","0","0"
"POINT (6.973453275000054 50.927917762000050)","Unfall 187789 (2023) Kat:3, Licht: 0","187789","3","1","0","10","13","6","","0","1","0","0","0"
"POINT (7.012915747000022 50.959359939000080)","Unfall 187828 (2023) Kat:3, Licht: 0","187828","3","1","8","10","07","1","","0","0","1","0","0"
"POINT (6.869328798000026 51.063551369000038)","Unfall 187829 (2023) Kat:3, Licht: 0","187829","3","6","2","10","17","1","","0","1","0","0","0"
"POINT (6.915197336000062 50.908697500000073)","Unfall 187830 (2023) Kat:3, Licht: 2","187830","3","1","1","10","00","1","","2","1","1","0","0"
"POINT (6.958102609000036 50.939919153000062)","Unfall 187831 (2023) Kat:3, Licht: 0","187831","3","4","6","10","15","1","","0","0","1","1","0"
"POINT (7.001308256000073 50.933426438000026)","Unfall 187873 (2023) Kat:3, Licht: 0","187873","3","7","3","09","11","7","","0","0","1","0","0"
"POINT (7.001099225000075 50.939515929000038)","Unfall 187874 (2023) Kat:3, Licht: 0","187874","3","4","0","09","14","7","","0","1","0","1","0"
"POINT (7.018891833000055 50.969823055000063)","Unfall 187875 (2023) Kat:3, Licht: 2","187875","3","4","6","09","22","7","","2","0","1","1","0"
"POINT (6.833869776000029 50.943191361000061)","Unfall 187876 (2023) Kat:2, Licht: 0","187876","2","1","0","09","17","7","","0","1","0","0","0"
"POINT (6.886282680000022 50.934083102000045)","Unfall 187877 (2023) Kat:3, Licht: 2","187877","3","2","5","09","19","7","","2","0","1","0","1"
"POINT (6.950647779000064 50.915403912000045)","Unfall 187878 (2023) Kat:3, Licht: 0","187878","3","3","5","09","13","7","","0","0","1","0","0"
"POINT (6.943007797000064 50.946510419000049)","Unfall 187879 (2023) Kat:3, Licht: 0","187879","3","6","4","09","14","7","","0","1","0","0","0"
"POINT (7.060738792000052 50.914153027000054)","Unfall 187948 (2023) Kat:3, Licht: 0","187948","3","7","8","09","13","6","","0","0","1","0","0"
"POINT (6.913935906000063 50.996276220000027)","Unfall 187950 (2023) Kat:3, Licht: 0","187950","3","3","5","09","17","6","","0","0","1","0","0"
"POINT (6.931852416000027 50.948980980000044)","Unfall 187951 (2023) Kat:2, Licht: 2","187951","2","1","0","09","20","6","","2","0","0","0","0"
"POINT (6.934434347000035 50.914993169000070)","Unfall 187952 (2023) Kat:3, Licht: 0","187952","3","1","0","09","08","6","","0","1","0","0","0"
"POINT (7.080212301000074 50.857455615000049)","Unfall 188032 (2023) Kat:3, Licht: 0","188032","3","4","6","09","18","5","","0","0","1","1","0"
"POINT (7.087813381000046 50.876356398000041)","Unfall 188033 (2023) Kat:3, Licht: 0","188033","3","7","0","09","07","5","","0","0","0","0","0"
"POINT (6.986807824000039 50.948875573000066)","Unfall 188034 (2023) Kat:3, Licht: 0","188034","3","3","0","09","10","5","","0","0","1","0","1"
"POINT (6.907870299000024 50.952008661000036)","Unfall 188035 (2023) Kat:3, Licht: 0","188035","3","3","5","09","16","5","","0","1","0","0","0"
"POINT (6.974121030000049 50.894330526000033)","Unfall 188036 (2023) Kat:3, Licht: 0","188036","3","5","1","09","11","5","","0","0","1","0","0"
"POINT (6.940950636000025 50.918615992000070)","Unfall 188037 (2023) Kat:3, Licht: 0","188037","3","1","0","09","08","5","","0","1","0","0","0"
"POINT (6.999749031000022 50.927496158000054)","Unfall 188100 (2023) Kat:3, Licht: 2","188100","3","3","1","10","22","2","","2","0","1","0","0"
"POINT (6.987685871000053 50.954181301000062)","Unfall 188101 (2023) Kat:3, Licht: 2","188101","3","1","7","10","18","2","","2","0","0","0","1"
"POINT (6.944786770000064 51.020908301000077)","Unfall 188102 (2023) Kat:3, Licht: 2","188102","3","1","8","10","20","2","","2","0","1","0","0"
"POINT (6.889882034000038 50.987363522000066)","Unfall 188103 (2023) Kat:3, Licht: 0","188103","3","7","1","10","07","2","","0","1","1","0","0"
"POINT (6.866346735000036 50.979227857000069)","Unfall 188104 (2023) Kat:3, Licht: 0","188104","3","3","0","10","13","2","","0","1","1","0","0"
"POINT (7.005118708000055 50.870212524000067)","Unfall 188105 (2023) Kat:3, Licht: 1","188105","3","6","2","10","16","2","","1","0","1","0","0"
"POINT (6.938191561000053 50.940448061000041)","Unfall 188106 (2023) Kat:3, Licht: 0","188106","3","7","6","10","12","2","","0","1","0","1","0"
"POINT (6.953061919000049 50.937861950000070)","Unfall 188107 (2023) Kat:3, Licht: 1","188107","3","6","0","10","16","2","","1","0","1","0","0"
"POINT (6.910328306000054 50.919627638000065)","Unfall 188165 (2023) Kat:2, Licht: 2","188165","2","1","0","10","23","1","","2","1","0","0","0"
"POINT (6.954653409000059 50.901376734000053)","Unfall 188166 (2023) Kat:3, Licht: 0","188166","3","6","2","10","16","1","","0","0","1","0","0"
"POINT (6.963230676000023 50.950753661000078)","Unfall 188167 (2023) Kat:3, Licht: 2","188167","3","5","1","10","00","1","","2","1","1","0","0"
"POINT (7.032177858000068 50.970928385000036)","Unfall 188200 (2023) Kat:3, Licht: 2","188200","3","6","2","10","18","7","","2","1","1","0","0"
"POINT (6.951835536000033 50.898074499000074)","Unfall 188201 (2023) Kat:3, Licht: 0","188201","3","6","2","10","13","7","","0","0","1","0","0"
"POINT (6.935546815000066 50.942255580000051)","Unfall 188202 (2023) Kat:3, Licht: 0","188202","3","2","5","10","13","7","","0","1","1","0","0"
"POINT (6.890390577000062 51.006286550000027)","Unfall 188250 (2023) Kat:3, Licht: 0","188250","3","5","6","10","16","6","","0","0","1","1","0"
"POINT (6.894964773000027 50.953080848000070)","Unfall 188251 (2023) Kat:2, Licht: 0","188251","2","3","5","10","15","6","","0","0","1","0","0"
"POINT (6.903828336000061 50.924186884000051)","Unfall 188252 (2023) Kat:3, Licht: 2","188252","3","3","5","10","19","6","","2","1","1","0","0"
"POINT (6.970193039000037 50.907995397000036)","Unfall 188253 (2023) Kat:3, Licht: 0","188253","3","7","0","10","16","6","","0","1","1","0","0"
"POINT (6.951949574000025 50.945107205000056)","Unfall 188254 (2023) Kat:3, Licht: 2","188254","3","2","5","10","20","6","","2","0","1","0","1"
"POINT (7.006597283000076 50.940466144000027)","Unfall 188319 (2023) Kat:2, Licht: 0","188319","2","6","6","10","17","5","","0","1","0","1","0"
"POINT (7.043623037000032 50.992889515000059)","Unfall 188320 (2023) Kat:3, Licht: 0","188320","3","3","5","10","08","5","","0","0","1","0","0"
"POINT (6.925479850000045 50.994719439000050)","Unfall 188321 (2023) Kat:3, Licht: 1","188321","3","6","3","10","07","5","","1","0","0","0","1"
"POINT (6.921080212000049 50.950713020000080)","Unfall 188322 (2023) Kat:3, Licht: 0","188322","3","3","5","10","16","5","","0","1","1","0","0"
"POINT (6.907453562000057 50.948723461000043)","Unfall 188323 (2023) Kat:3, Licht: 2","188323","3","5","0","10","07","5","","2","0","0","0","0"
"POINT (6.942184095000073 50.910786925000082)","Unfall 188324 (2023) Kat:3, Licht: 1","188324","3","2","1","10","18","5","","1","1","0","0","0"
"POINT (6.924834309000062 50.917372763000060)","Unfall 188325 (2023) Kat:3, Licht: 0","188325","3","6","6","10","10","5","","0","0","0","1","0"
"POINT (6.936813992000054 50.918983080000032)","Unfall 188326 (2023) Kat:3, Licht: 0","188326","3","7","6","10","11","5","","0","0","0","1","0"
"POINT (6.995583015000022 50.890490150000062)","Unfall 188385 (2023) Kat:3, Licht: 0","188385","3","7","0","10","11","6","","0","0","1","0","0"
"POINT (7.067980213000055 50.936901493000050)","Unfall 188391 (2023) Kat:3, Licht: 2","188391","3","1","8","10","20","4","","2","0","0","0","1"
"POINT (7.005813113000045 50.956491859000039)","Unfall 188392 (2023) Kat:2, Licht: 0","188392","2","5","0","10","14","4","","0","1","1","0","0"
"POINT (6.943252490000020 50.987067876000026)","Unfall 188393 (2023) Kat:3, Licht: 0","188393","3","1","0","10","13","4","","0","1","0","0","0"
"POINT (6.949990490000062 50.956849557000055)","Unfall 188394 (2023) Kat:3, Licht: 0","188394","3","1","0","10","15","4","","0","0","0","0","0"
"POINT (6.933928207000065 50.961884742000052)","Unfall 188395 (2023) Kat:3, Licht: 0","188395","3","4","6","10","08","4","","0","0","1","1","0"
"POINT (6.927435420000052 50.923508005000031)","Unfall 188396 (2023) Kat:3, Licht: 1","188396","3","5","1","10","07","4","","1","1","1","0","0"
"POINT (6.948470611000062 50.917041071000028)","Unfall 188397 (2023) Kat:3, Licht: 0","188397","3","1","0","10","07","4","","0","0","0","0","1"
"POINT (6.998277021000035 50.890377781000041)","Unfall 188399 (2023) Kat:3, Licht: 0","188399","3","5","0","10","09","4","","0","0","1","0","0"
"POINT (6.941462295000065 50.932410760000039)","Unfall 188412 (2023) Kat:3, Licht: 0","188412","3","5","1","10","10","5","","0","1","0","0","0"
"POINT (7.022195352000040 50.980033112000058)","Unfall 188482 (2023) Kat:3, Licht: 0","188482","3","1","0","10","08","3","","0","1","0","0","0"
"POINT (6.939133051000056 50.958094743000061)","Unfall 188483 (2023) Kat:3, Licht: 2","188483","3","2","5","10","07","3","","2","1","1","0","0"
"POINT (6.939811064000025 51.019352078000054)","Unfall 188484 (2023) Kat:3, Licht: 0","188484","3","5","5","10","14","3","","0","0","1","0","0"
"POINT (6.949531767000053 50.961775248000038)","Unfall 188485 (2023) Kat:3, Licht: 1","188485","3","7","0","10","08","3","","1","1","1","0","0"
"POINT (6.890899410000031 50.987682734000032)","Unfall 188486 (2023) Kat:3, Licht: 0","188486","3","6","3","10","14","3","","0","0","1","0","0"
"POINT (6.962217435000071 50.911488860000077)","Unfall 188487 (2023) Kat:3, Licht: 2","188487","3","1","0","10","19","3","","2","1","0","0","0"
"POINT (7.069741898000075 50.970099037000068)","Unfall 188549 (2023) Kat:2, Licht: 0","188549","2","3","0","10","15","2","","0","1","0","0","0"
"POINT (6.835770161000028 50.942116658000032)","Unfall 188550 (2023) Kat:3, Licht: 0","188550","3","3","5","10","15","2","","0","1","1","0","0"
"POINT (6.886415458000045 50.963199639000038)","Unfall 188551 (2023) Kat:2, Licht: 0","188551","2","1","9","10","13","2","","0","0","0","0","1"
"POINT (6.869438216000049 51.061471420000032)","Unfall 188608 (2023) Kat:3, Licht: 2","188608","3","1","8","10","02","1","","2","0","0","0","0"
"POINT (6.921005637000064 50.943620447000058)","Unfall 188609 (2023) Kat:3, Licht: 0","188609","3","7","0","10","11","1","","0","1","1","0","0"
"POINT (6.835742908000043 50.942120280000040)","Unfall 188610 (2023) Kat:3, Licht: 0","188610","3","3","5","10","17","1","","0","0","1","0","0"
"POINT (7.100557004000052 50.856105637000041)","Unfall 188640 (2023) Kat:3, Licht: 0","188640","3","3","0","10","15","7","","0","1","1","0","0"
"POINT (7.007882719000065 50.960653308000076)","Unfall 188641 (2023) Kat:3, Licht: 0","188641","3","5","1","10","16","7","","0","1","1","0","0"
"POINT (7.082567815000061 50.971980096000038)","Unfall 188642 (2023) Kat:3, Licht: 0","188642","3","1","8","10","14","7","","0","1","0","0","0"
"POINT (7.074131643000044 50.975130425000032)","Unfall 188643 (2023) Kat:3, Licht: 0","188643","3","6","1","10","11","7","","0","0","1","0","0"
"POINT (6.997246058000030 50.891266423000047)","Unfall 188644 (2023) Kat:3, Licht: 0","188644","3","2","5","10","09","7","","0","1","1","0","0"
"POINT (6.946434088000046 50.971332428000039)","Unfall 188670 (2023) Kat:3, Licht: 0","188670","3","3","0","10","15","3","","0","0","1","0","1"
"POINT (7.064887295000062 50.895326510000075)","Unfall 188700 (2023) Kat:3, Licht: 0","188700","3","4","6","10","16","6","","0","0","1","1","0"
"POINT (6.994631614000070 50.957951473000037)","Unfall 188701 (2023) Kat:2, Licht: 0","188701","2","1","1","10","15","6","","0","0","1","0","1"
"POINT (6.943985867000038 50.967184367000073)","Unfall 188702 (2023) Kat:3, Licht: 2","188702","3","6","3","10","07","6","","2","1","1","0","0"
"POINT (6.896742788000040 51.018686453000043)","Unfall 188703 (2023) Kat:3, Licht: 0","188703","3","1","9","10","09","6","","0","0","1","0","0"
"POINT (7.016580001000023 50.959861308000029)","Unfall 188704 (2023) Kat:3, Licht: 0","188704","3","3","5","10","13","6","","0","1","1","0","0"
"POINT (6.867965793000053 50.977361395000059)","Unfall 188705 (2023) Kat:3, Licht: 0","188705","3","7","0","10","14","6","","0","0","1","0","0"
"POINT (6.933532502000048 50.956048017000057)","Unfall 188706 (2023) Kat:2, Licht: 0","188706","2","1","0","10","15","6","","0","0","0","0","1"
"POINT (6.913349207000067 50.952403787000037)","Unfall 188707 (2023) Kat:2, Licht: 0","188707","2","6","4","10","17","6","","0","0","1","0","0"
"POINT (6.914461323000069 50.927663398000050)","Unfall 188708 (2023) Kat:3, Licht: 2","188708","3","3","5","10","07","6","","2","1","1","0","0"
"POINT (6.904224268000064 50.919474638000054)","Unfall 188710 (2023) Kat:3, Licht: 0","188710","3","3","5","10","08","6","","0","1","1","0","0"
"POINT (6.940769643000067 50.912443938000081)","Unfall 188711 (2023) Kat:3, Licht: 0","188711","3","5","0","10","18","6","","0","0","0","0","0"
"POINT (6.947664454000062 50.934944851000068)","Unfall 188713 (2023) Kat:3, Licht: 0","188713","3","3","5","10","15","6","","0","0","1","0","0"
"POINT (6.947340429000064 51.013392816000078)","Unfall 188718 (2023) Kat:3, Licht: 1","188718","3","6","2","10","16","4","","1","0","1","0","0"
"POINT (7.071782571000028 50.974261132000038)","Unfall 188784 (2023) Kat:3, Licht: 0","188784","3","7","1","10","13","5","","0","0","1","0","0"
"POINT (6.950643269000068 50.953900900000065)","Unfall 188785 (2023) Kat:3, Licht: 0","188785","3","3","5","10","08","5","","0","1","0","0","0"
"POINT (6.955015725000067 50.964545649000058)","Unfall 188786 (2023) Kat:2, Licht: 0","188786","2","5","1","10","09","5","","0","1","1","0","0"
"POINT (6.943472537000048 50.987071110000045)","Unfall 188787 (2023) Kat:3, Licht: 2","188787","3","1","0","10","04","5","","2","0","0","0","0"
"POINT (6.908746714000074 50.967473861000030)","Unfall 188788 (2023) Kat:3, Licht: 2","188788","3","1","0","10","07","5","","2","1","0","0","0"
"POINT (6.899591871000041 50.953129361000038)","Unfall 188789 (2023) Kat:3, Licht: 0","188789","3","3","5","10","12","5","","0","1","1","0","0"
"POINT (6.917262147000031 50.960228157000074)","Unfall 188790 (2023) Kat:2, Licht: 2","188790","2","1","8","10","20","5","","2","0","1","0","1"
"POINT (6.948610313000074 50.932648860000029)","Unfall 188791 (2023) Kat:2, Licht: 2","188791","2","3","0","10","23","5","","2","1","1","0","0"
"POINT (6.936459037000020 50.917631879000055)","Unfall 188792 (2023) Kat:3, Licht: 2","188792","3","5","1","10","19","5","","2","1","1","0","0"
"POINT (7.006546942000057 50.966853049000065)","Unfall 188823 (2023) Kat:3, Licht: 0","188823","3","6","2","10","17","5","","0","0","1","0","0"
"POINT (7.039252119000025 50.971680515000060)","Unfall 188876 (2023) Kat:3, Licht: 0","188876","3","6","2","10","15","4","","0","0","1","0","0"
"POINT (7.006748445000028 50.951446870000041)","Unfall 188877 (2023) Kat:3, Licht: 2","188877","3","5","8","10","05","4","","2","0","1","0","0"
"POINT (6.925054850000038 50.951127685000074)","Unfall 188878 (2023) Kat:3, Licht: 0","188878","3","1","0","10","17","4","","0","1","0","0","0"
"POINT (6.918919764000066 50.923194591000026)","Unfall 188879 (2023) Kat:3, Licht: 2","188879","3","6","2","10","22","4","","2","0","1","0","0"
"POINT (6.955661146000068 50.917212997000036)","Unfall 188880 (2023) Kat:3, Licht: 0","188880","3","2","1","10","13","4","","0","0","1","0","0"
"POINT (7.033675362000054 50.968026625000050)","Unfall 188959 (2023) Kat:3, Licht: 0","188959","3","7","3","10","15","3","","0","0","1","0","0"
"POINT (6.986766341000020 50.938104124000063)","Unfall 188960 (2023) Kat:3, Licht: 2","188960","3","7","2","10","19","3","","2","0","1","0","0"
"POINT (6.895967464000023 50.956918259000076)","Unfall 188961 (2023) Kat:3, Licht: 0","188961","3","3","5","10","13","3","","0","0","1","0","0"
"POINT (6.895911846000047 50.981984650000072)","Unfall 188962 (2023) Kat:3, Licht: 0","188962","3","3","5","10","17","3","","0","1","1","0","0"
"POINT (6.913086047000036 50.966196745000047)","Unfall 188963 (2023) Kat:2, Licht: 2","188963","2","2","3","10","20","3","","2","0","1","0","0"
"POINT (6.899352728000054 50.921903188000044)","Unfall 188964 (2023) Kat:3, Licht: 0","188964","3","2","5","10","17","3","","0","1","1","0","0"
"POINT (6.924409483000034 50.917708490000052)","Unfall 188965 (2023) Kat:3, Licht: 0","188965","3","6","2","10","16","3","","0","1","1","0","0"
"POINT (6.971451818000048 50.904726505000042)","Unfall 188966 (2023) Kat:3, Licht: 0","188966","3","6","2","10","13","3","","0","1","1","0","0"
"POINT (6.941509038000049 50.911032687000045)","Unfall 188967 (2023) Kat:3, Licht: 0","188967","3","5","1","10","14","3","","0","1","1","0","0"
"POINT (6.943942261000075 50.923692170000038)","Unfall 188968 (2023) Kat:3, Licht: 0","188968","3","1","5","10","08","3","","0","1","0","0","0"
"POINT (6.949478202000023 50.918606978000071)","Unfall 188970 (2023) Kat:3, Licht: 0","188970","3","3","5","10","18","3","","0","1","1","0","0"
"POINT (6.992261776000021 50.985633893000056)","Unfall 188976 (2023) Kat:2, Licht: 1","188976","2","5","1","10","07","2","","1","1","1","0","0"
"POINT (6.896130450000044 50.927467466000053)","Unfall 188992 (2023) Kat:3, Licht: 0","188992","3","7","0","10","10","2","","0","1","0","0","0"
"POINT (6.868675321000069 51.063930163000066)","Unfall 189048 (2023) Kat:3, Licht: 2","189048","3","3","5","10","05","2","","2","1","1","0","0"
"POINT (6.858487031000038 50.934671935000040)","Unfall 189049 (2023) Kat:3, Licht: 0","189049","3","7","1","10","14","2","","0","1","1","0","0"
"POINT (6.998911568000040 50.889848037000036)","Unfall 189050 (2023) Kat:3, Licht: 0","189050","3","7","4","10","10","2","","0","0","1","0","0"
"POINT (6.949245447000067 50.916778441000076)","Unfall 189051 (2023) Kat:3, Licht: 0","189051","3","3","5","10","11","2","","0","1","1","0","0"
"POINT (6.957811392000053 50.958150281000030)","Unfall 189052 (2023) Kat:3, Licht: 0","189052","3","3","5","10","08","2","","0","1","1","0","0"
"POINT (7.067651695000052 50.870787664000034)","Unfall 189087 (2023) Kat:3, Licht: 0","189087","3","1","8","11","15","6","","0","0","1","0","0"
"POINT (7.046055996000064 50.936724243000072)","Unfall 189088 (2023) Kat:3, Licht: 0","189088","3","5","0","11","15","6","","0","1","1","0","0"
"POINT (6.970899815000053 50.945034439000040)","Unfall 189089 (2023) Kat:3, Licht: 0","189089","3","7","0","11","06","6","","0","0","1","0","0"
"POINT (6.934702986000048 50.963998817000061)","Unfall 189090 (2023) Kat:3, Licht: 0","189090","3","1","0","11","09","6","","0","1","0","0","0"
"POINT (6.895042823000040 50.977619229000027)","Unfall 189091 (2023) Kat:3, Licht: 0","189091","3","6","1","11","13","6","","0","0","1","0","0"
"POINT (6.919868200000053 50.921589206000078)","Unfall 189092 (2023) Kat:3, Licht: 0","189092","3","1","0","11","11","6","","0","1","0","0","0"
"POINT (6.919908067000051 50.925300308000033)","Unfall 189093 (2023) Kat:3, Licht: 0","189093","3","2","5","11","14","6","","0","1","1","0","0"
"POINT (6.959709987000053 50.939845816000059)","Unfall 189094 (2023) Kat:3, Licht: 0","189094","3","2","0","11","10","6","","0","1","1","0","0"
"POINT (6.952761559000066 50.936410546000047)","Unfall 189095 (2023) Kat:2, Licht: 2","189095","2","1","8","11","19","6","","2","0","0","0","1"
"POINT (7.006764371000031 50.947013437000066)","Unfall 189139 (2023) Kat:3, Licht: 2","189139","3","6","3","11","18","5","","2","1","1","0","0"
"POINT (6.973371836000069 50.936755853000079)","Unfall 189140 (2023) Kat:3, Licht: 2","189140","3","1","0","11","18","5","","2","1","0","0","0"
"POINT (6.911163245000068 50.926982349000070)","Unfall 189141 (2023) Kat:3, Licht: 0","189141","3","5","1","11","09","5","","0","1","1","0","0"
"POINT (7.058531912000035 50.926107908000063)","Unfall 189192 (2023) Kat:3, Licht: 0","189192","3","6","3","11","10","4","","0","0","1","0","0"
"POINT (6.871017781000035 50.983987744000046)","Unfall 189194 (2023) Kat:3, Licht: 2","189194","3","6","2","11","19","4","","2","0","1","0","0"
"POINT (6.956053609000037 50.941741560000025)","Unfall 189195 (2023) Kat:3, Licht: 2","189195","3","2","5","11","18","4","","2","1","1","0","0"
"POINT (6.923338516000058 50.961466789000042)","Unfall 189246 (2023) Kat:3, Licht: 0","189246","3","1","0","11","15","3","","0","1","0","0","0"
"POINT (6.950434575000031 50.938460765000059)","Unfall 189247 (2023) Kat:3, Licht: 0","189247","3","4","6","11","14","3","","0","0","1","1","0"
"POINT (6.939555728000073 50.929958826000075)","Unfall 189248 (2023) Kat:3, Licht: 2","189248","3","4","6","11","21","3","","2","0","1","1","0"
"POINT (7.000889152000070 50.927767221000067)","Unfall 189316 (2023) Kat:3, Licht: 0","189316","3","7","6","11","08","2","","0","0","1","1","0"
"POINT (7.009141664000026 50.972732278000080)","Unfall 189317 (2023) Kat:3, Licht: 0","189317","3","4","6","11","09","2","","0","0","1","1","0"
"POINT (6.991702115000066 50.999152826000056)","Unfall 189318 (2023) Kat:3, Licht: 2","189318","3","3","5","11","17","2","","2","0","1","0","0"
"POINT (6.995868899000072 50.959395476000054)","Unfall 189319 (2023) Kat:2, Licht: 0","189319","2","5","0","11","07","2","","0","0","1","0","1"
"POINT (6.977216881000061 50.936938848000068)","Unfall 189320 (2023) Kat:3, Licht: 0","189320","3","7","2","11","11","2","","0","1","0","0","0"
"POINT (6.909555704000070 50.962912486000050)","Unfall 189321 (2023) Kat:3, Licht: 1","189321","3","3","5","11","08","2","","1","1","1","0","0"
"POINT (6.907779964000042 50.945299374000058)","Unfall 189322 (2023) Kat:2, Licht: 2","189322","2","2","5","11","16","2","","2","0","1","0","0"
"POINT (6.912393091000069 50.964898746000074)","Unfall 189323 (2023) Kat:3, Licht: 0","189323","3","5","0","11","14","2","","0","1","1","0","0"
"POINT (6.997875626000052 50.887831802000051)","Unfall 189324 (2023) Kat:3, Licht: 0","189324","3","3","5","11","11","2","","0","1","1","0","0"
"POINT (6.920596599000021 50.929896015000054)","Unfall 189325 (2023) Kat:3, Licht: 1","189325","3","5","0","11","17","2","","1","1","1","0","0"
"POINT (6.953147811000065 50.938341023000078)","Unfall 189326 (2023) Kat:3, Licht: 0","189326","3","3","5","11","14","2","","0","0","1","0","0"
"POINT (7.018714313000032 50.940251707000073)","Unfall 189328 (2023) Kat:3, Licht: 0","189328","3","1","0","11","15","4","","0","1","0","0","0"
"POINT (6.960511548000056 50.980752418000066)","Unfall 189403 (2023) Kat:3, Licht: 0","189403","3","4","0","11","12","7","","0","1","0","1","0"
"POINT (6.913945053000020 50.963836394000054)","Unfall 189404 (2023) Kat:2, Licht: 2","189404","2","7","0","11","05","7","","2","0","0","0","0"
"POINT (6.962220880000075 50.912696907000054)","Unfall 189405 (2023) Kat:3, Licht: 2","189405","3","6","2","11","18","7","","2","0","1","0","0"
"POINT (6.928096534000076 50.912928850000071)","Unfall 189407 (2023) Kat:3, Licht: 2","189407","3","4","6","11","21","7","","2","1","0","1","0"
"POINT (6.948161592000076 50.916161503000069)","Unfall 189408 (2023) Kat:3, Licht: 0","189408","3","1","0","11","14","7","","0","0","0","0","0"
"POINT (6.941819651000060 50.931740732000037)","Unfall 189409 (2023) Kat:2, Licht: 0","189409","2","6","4","11","13","7","","0","1","0","0","0"
"POINT (6.960368237000068 50.934887364000076)","Unfall 189410 (2023) Kat:3, Licht: 2","189410","3","4","6","11","21","7","","2","0","1","1","0"
"POINT (6.953223509000054 50.934881801000074)","Unfall 189411 (2023) Kat:3, Licht: 2","189411","3","1","0","11","05","7","","2","0","1","0","0"
"POINT (7.074930526000060 50.976141978000044)","Unfall 189412 (2023) Kat:3, Licht: 0","189412","3","5","1","11","09","5","","0","1","1","0","0"
"POINT (6.951053649000073 50.920932486000027)","Unfall 189413 (2023) Kat:3, Licht: 0","189413","3","5","0","11","13","7","","0","0","1","0","0"
"POINT (6.835393886000077 50.935736173000066)","Unfall 189467 (2023) Kat:3, Licht: 2","189467","3","3","5","11","22","6","","2","1","1","0","0"
"POINT (6.937246222000056 50.918759349000027)","Unfall 189468 (2023) Kat:3, Licht: 0","189468","3","6","4","11","10","6","","0","1","0","0","0"
"POINT (6.923459579000053 50.919475917000057)","Unfall 189469 (2023) Kat:2, Licht: 2","189469","2","1","0","11","16","6","","2","1","0","0","0"
"POINT (6.938576459000046 50.939775896000071)","Unfall 189470 (2023) Kat:3, Licht: 1","189470","3","5","1","11","06","6","","1","1","1","0","0"
"POINT (6.960541448000072 50.935072220000052)","Unfall 189471 (2023) Kat:3, Licht: 0","189471","3","3","5","11","15","6","","0","1","1","0","0"
"POINT (6.999208299000031 50.936657979000074)","Unfall 189472 (2023) Kat:3, Licht: 0","189472","3","4","6","11","14","6","","0","0","1","1","0"
"POINT (7.038110127000039 50.934756256000071)","Unfall 189537 (2023) Kat:3, Licht: 0","189537","3","6","4","11","13","5","","0","0","1","0","0"
"POINT (6.958850781000024 50.967202789000055)","Unfall 189538 (2023) Kat:3, Licht: 0","189538","3","3","1","11","11","5","","0","0","1","0","1"
"POINT (6.912688384000035 50.953998554000066)","Unfall 189539 (2023) Kat:3, Licht: 2","189539","3","7","0","11","22","5","","2","1","0","0","0"
"POINT (6.926961257000073 50.919692649000069)","Unfall 189540 (2023) Kat:3, Licht: 2","189540","3","4","6","11","06","5","","2","0","0","1","1"
"POINT (6.924222528000030 50.917564843000036)","Unfall 189541 (2023) Kat:2, Licht: 0","189541","2","3","5","11","14","5","","0","1","1","0","0"
"POINT (6.937952874000075 50.940947728000026)","Unfall 189542 (2023) Kat:3, Licht: 2","189542","3","2","6","11","19","5","","2","0","1","1","0"
"POINT (6.942110199000069 50.944862021000063)","Unfall 189543 (2023) Kat:3, Licht: 0","189543","3","2","5","11","13","5","","0","1","1","0","0"
"POINT (6.936276453000062 50.928585794000071)","Unfall 189570 (2023) Kat:3, Licht: 2","189570","3","3","0","11","17","2","","2","1","1","0","0"
"POINT (6.940722145000052 50.946572524000032)","Unfall 189571 (2023) Kat:2, Licht: 2","189571","2","1","0","11","18","1","","2","0","0","0","0"
"POINT (6.949579388000075 50.963287232000027)","Unfall 189610 (2023) Kat:3, Licht: 0","189610","3","2","0","11","09","4","","0","0","1","0","0"
"POINT (6.936298473000022 50.940285067000048)","Unfall 189611 (2023) Kat:3, Licht: 0","189611","3","6","4","11","14","4","","0","1","1","0","0"
"POINT (6.992459976000021 50.939076926000041)","Unfall 189678 (2023) Kat:3, Licht: 2","189678","3","6","1","11","23","3","","2","0","1","0","0"