WKT,Name,OBJECTID,UKATEGORIE,UTYP1,UART,UMONAT,USTUNDE,UWOCHENTAG,STRZUSTAND,ULICHTVERH,ISTRAD,ISTPKW,ISTFUSS,ISTKRAD
"POINT (6.991869148000035 50.925125415000082)","Unfall 189679 (2023) Kat:3, Licht: 0","189679","3","2","5","11","13","3","","0","0","1","0","1"
"POINT (6.913371247000043 50.953715497000076)","Unfall 189680 (2023) Kat:3, Licht: 0","189680","3","1","0","11","10","3","","0","1","0","0","0"
"POINT (7.008509361000051 50.862570339000058)","Unfall 189681 (2023) Kat:2, Licht: 0","189681","2","7","6","11","14","3","","0","0","1","1","0"
"POINT (6.940373087000069 50.945564471000068)","Unfall 189682 (2023) Kat:3, Licht: 2","189682","3","2","3","11","06","3","","2","1","1","0","0"
"POINT (6.942582692000030 50.935919100000035)","Unfall 189683 (2023) Kat:3, Licht: 1","189683","3","1","0","11","06","3","","1","1","0","0","0"
"POINT (7.066428742000028 50.987287968000032)","Unfall 189740 (2023) Kat:2, Licht: 2","189740","2","1","0","11","00","2","","2","1","0","0","0"
"POINT (6.980328374000067 51.003844535000042)","Unfall 189741 (2023) Kat:3, Licht: 1","189741","3","5","1","11","05","2","","1","1","1","0","0"
"POINT (6.913492435000023 50.997376357000064)","Unfall 189742 (2023) Kat:3, Licht: 0","189742","3","5","0","11","14","2","","0","0","1","0","1"
"POINT (6.888078113000063 50.947081593000064)","Unfall 189743 (2023) Kat:2, Licht: 0","189743","2","2","5","11","09","2","","0","1","1","0","0"
"POINT (6.922004635000064 50.950495101000058)","Unfall 189744 (2023) Kat:3, Licht: 0","189744","3","6","3","11","15","2","","0","1","0","0","1"
"POINT (6.936980710000057 50.918327976000057)","Unfall 189745 (2023) Kat:3, Licht: 0","189745","3","2","5","11","08","2","","0","1","1","0","0"
"POINT (6.932731837000063 50.937974210000050)","Unfall 189746 (2023) Kat:3, Licht: 0","189746","3","5","3","11","08","2","","0","1","1","0","0"
"POINT (6.979679566000073 50.967555776000040)","Unfall 189779 (2023) Kat:3, Licht: 0","189779","3","3","5","11","09","6","","0","1","1","0","0"
"POINT (7.016193372000032 50.901159398000061)","Unfall 189802 (2023) Kat:3, Licht: 0","189802","3","7","6","11","14","1","","0","0","1","1","0"
"POINT (6.941571826000029 50.910486796000043)","Unfall 189803 (2023) Kat:3, Licht: 0","189803","3","1","0","11","15","1","","0","1","0","0","0"
"POINT (6.917274810000038 50.928451118000055)","Unfall 189805 (2023) Kat:3, Licht: 0","189805","3","5","3","11","14","1","","0","1","1","0","0"
"POINT (7.006571594000036 50.948188618000074)","Unfall 189820 (2023) Kat:3, Licht: 2","189820","3","3","5","11","18","2","","2","1","1","0","0"
"POINT (7.031766008000034 50.951287085000047)","Unfall 189836 (2023) Kat:3, Licht: 0","189836","3","6","2","11","13","7","","0","0","1","0","0"
"POINT (6.876502931000061 51.007322444000067)","Unfall 189837 (2023) Kat:3, Licht: 2","189837","3","1","8","11","22","7","","2","0","1","0","0"
"POINT (6.947957813000073 50.963485457000047)","Unfall 189838 (2023) Kat:2, Licht: 0","189838","2","1","0","11","10","7","","0","1","0","0","0"
"POINT (6.867875932000061 50.932331199000032)","Unfall 189839 (2023) Kat:3, Licht: 1","189839","3","1","8","11","14","7","","1","0","0","0","0"
"POINT (6.906637475000025 50.955540750000068)","Unfall 189840 (2023) Kat:3, Licht: 0","189840","3","2","5","11","11","7","","0","1","0","0","1"
"POINT (6.861863157000073 50.959565543000053)","Unfall 189841 (2023) Kat:3, Licht: 2","189841","3","1","0","11","18","7","","2","1","0","0","0"
"POINT (6.899985393000065 50.957785723000029)","Unfall 189842 (2023) Kat:3, Licht: 0","189842","3","3","5","11","09","7","","0","1","1","0","0"
"POINT (6.937066833000074 50.918852204000075)","Unfall 189843 (2023) Kat:3, Licht: 2","189843","3","6","2","11","19","7","","2","0","1","0","0"
"POINT (6.951039771000069 50.921071198000050)","Unfall 189844 (2023) Kat:3, Licht: 2","189844","3","4","6","11","04","7","","2","0","0","1","0"
"POINT (6.953385386000036 50.944892860000039)","Unfall 189846 (2023) Kat:3, Licht: 2","189846","3","6","2","11","17","7","","2","0","1","0","0"
"POINT (7.022009577000063 50.914198650000060)","Unfall 189890 (2023) Kat:3, Licht: 0","189890","3","7","4","11","15","6","","0","0","1","0","0"
"POINT (7.024703050000028 50.900903971000048)","Unfall 189891 (2023) Kat:3, Licht: 0","189891","3","3","5","11","16","6","","0","1","1","0","0"
"POINT (6.832317897000053 50.959991809000030)","Unfall 189892 (2023) Kat:2, Licht: 0","189892","2","7","0","11","13","6","","0","0","1","1","0"
"POINT (6.928322122000054 50.950286377000054)","Unfall 189893 (2023) Kat:3, Licht: 0","189893","3","2","3","11","12","6","","0","1","0","0","0"
"POINT (6.929474512000070 50.941139967000026)","Unfall 189894 (2023) Kat:2, Licht: 2","189894","2","3","5","11","19","6","","2","1","1","0","0"
"POINT (6.931413415000065 50.926056599000049)","Unfall 189895 (2023) Kat:2, Licht: 2","189895","2","1","0","11","02","6","","2","1","0","0","0"
"POINT (6.912817897000025 50.919969510000044)","Unfall 189896 (2023) Kat:3, Licht: 0","189896","3","1","0","11","13","6","","0","1","0","0","0"
"POINT (6.847427782000068 50.918426376000070)","Unfall 189897 (2023) Kat:3, Licht: 0","189897","3","6","1","11","15","7","","0","0","1","0","0"
"POINT (6.945291665000070 50.900745749000066)","Unfall 189898 (2023) Kat:2, Licht: 0","189898","2","2","6","11","11","6","","0","0","0","1","1"
"POINT (6.926087853000070 50.923762317000069)","Unfall 189899 (2023) Kat:3, Licht: 0","189899","3","1","0","11","12","6","","0","1","0","0","0"
"POINT (6.941879732000075 50.927606605000051)","Unfall 189900 (2023) Kat:3, Licht: 0","189900","3","2","6","11","16","6","","0","0","1","1","0"
"POINT (6.890738818000045 50.946769162000066)","Unfall 189907 (2023) Kat:3, Licht: 0","189907","3","2","2","11","11","4","","0","1","1","0","0"
"POINT (7.011315428000046 50.933953512000073)","Unfall 189973 (2023) Kat:3, Licht: 2","189973","3","1","0","11","19","5","","2","0","0","0","0"
"POINT (6.992785818000073 50.941073245000041)","Unfall 189974 (2023) Kat:3, Licht: 0","189974","3","6","2","11","10","5","","0","0","1","0","0"
"POINT (6.949110481000048 50.967592885000045)","Unfall 189976 (2023) Kat:3, Licht: 0","189976","3","1","0","11","12","5","","0","1","0","0","0"
"POINT (6.958550705000050 50.963247637000052)","Unfall 189977 (2023) Kat:3, Licht: 0","189977","3","5","0","11","13","5","","0","1","1","0","0"
"POINT (6.888030628000024 50.969265929000073)","Unfall 189978 (2023) Kat:2, Licht: 0","189978","2","3","5","11","14","5","","0","1","1","0","0"
"POINT (6.916567852000071 50.947327678000079)","Unfall 189979 (2023) Kat:3, Licht: 0","189979","3","2","5","11","16","5","","0","1","1","0","0"
"POINT (6.934976689000052 50.927812066000058)","Unfall 189980 (2023) Kat:3, Licht: 2","189980","3","7","7","11","05","5","","2","0","0","0","1"
"POINT (6.954538277000040 50.901238568000053)","Unfall 189981 (2023) Kat:3, Licht: 2","189981","3","3","5","11","21","5","","2","0","1","0","0"
"POINT (7.032287928000073 50.951952727000048)","Unfall 190032 (2023) Kat:3, Licht: 2","190032","3","1","8","11","02","4","","2","0","1","0","0"
"POINT (6.983612356000037 50.912784860000045)","Unfall 190033 (2023) Kat:2, Licht: 0","190033","2","5","1","11","14","4","","0","1","1","0","0"
"POINT (7.048792507000030 50.873525884000060)","Unfall 190034 (2023) Kat:3, Licht: 0","190034","3","6","6","11","13","4","","0","1","0","1","0"
"POINT (6.950527277000049 50.954056484000034)","Unfall 190035 (2023) Kat:3, Licht: 2","190035","3","1","7","11","00","4","","2","1","0","0","0"
"POINT (6.901426687000026 50.955142837000039)","Unfall 190036 (2023) Kat:3, Licht: 2","190036","3","7","7","11","19","4","","2","1","0","1","0"
"POINT (6.944829701000060 50.912733681000077)","Unfall 190037 (2023) Kat:2, Licht: 0","190037","2","5","0","11","15","4","","0","0","1","0","0"
"POINT (6.919316670000057 50.921391092000079)","Unfall 190038 (2023) Kat:3, Licht: 2","190038","3","1","8","11","00","4","","2","1","0","0","0"
"POINT (6.957834149000064 50.927206290000072)","Unfall 190039 (2023) Kat:2, Licht: 0","190039","2","4","0","11","12","4","","0","1","0","1","0"
"POINT (6.943043767000063 50.935158886000067)","Unfall 190043 (2023) Kat:3, Licht: 0","190043","3","2","5","11","15","6","","0","1","1","0","0"
"POINT (7.058821702000046 50.885589322000044)","Unfall 190089 (2023) Kat:3, Licht: 0","190089","3","7","6","10","10","3","","0","0","0","1","0"
"POINT (7.003065274000051 50.965213215000063)","Unfall 190090 (2023) Kat:3, Licht: 0","190090","3","7","6","10","11","3","","0","0","1","1","0"
"POINT (6.855052615000034 51.001813065000078)","Unfall 190091 (2023) Kat:3, Licht: 0","190091","3","5","5","10","13","3","","0","1","1","0","0"
"POINT (6.913604057000043 50.963888138000073)","Unfall 190092 (2023) Kat:3, Licht: 0","190092","3","2","2","10","14","3","","0","0","1","0","0"
"POINT (6.931709820000037 50.858010710000030)","Unfall 190093 (2023) Kat:3, Licht: 0","190093","3","4","6","10","07","3","","0","0","1","1","0"
"POINT (6.931324309000047 50.931341337000049)","Unfall 190094 (2023) Kat:2, Licht: 2","190094","2","6","4","10","18","3","","2","1","0","0","0"
"POINT (6.950490782000031 50.949270958000056)","Unfall 190095 (2023) Kat:3, Licht: 0","190095","3","3","5","10","12","3","","0","1","1","0","0"
"POINT (6.950464453000052 50.949260866000031)","Unfall 190097 (2023) Kat:3, Licht: 0","190097","3","5","0","10","10","3","","0","1","1","0","0"
"POINT (7.001027335000060 50.935283537000032)","Unfall 190135 (2023) Kat:3, Licht: 0","190135","3","2","4","12","11","4","","0","0","1","0","0"
"POINT (6.917693372000031 50.969976546000055)","Unfall 190136 (2023) Kat:3, Licht: 2","190136","3","2","3","12","17","4","","2","0","1","0","0"
"POINT (6.903312319000065 50.951127078000070)","Unfall 190137 (2023) Kat:3, Licht: 0","190137","3","5","6","12","09","4","","0","0","1","1","0"
"POINT (6.940948151000043 50.914244920000044)","Unfall 190138 (2023) Kat:3, Licht: 0","190138","3","1","0","12","13","4","","0","1","0","0","0"
"POINT (6.992076104000034 50.889478320000080)","Unfall 190139 (2023) Kat:3, Licht: 0","190139","3","7","6","12","10","4","","0","0","1","1","0"
"POINT (7.065337956000064 50.894374269000082)","Unfall 190180 (2023) Kat:3, Licht: 0","190180","3","3","5","12","13","3","","0","0","1","0","0"
"POINT (6.898820413000067 51.019886914000040)","Unfall 190181 (2023) Kat:3, Licht: 2","190181","3","4","6","12","06","3","","2","0","1","1","0"
"POINT (6.922338695000064 50.953000380000049)","Unfall 190182 (2023) Kat:3, Licht: 1","190182","3","6","0","12","16","3","","1","0","1","0","0"
"POINT (6.947393086000034 50.914954676000036)","Unfall 190183 (2023) Kat:3, Licht: 0","190183","3","7","2","12","13","3","","0","0","1","0","0"
"POINT (6.918984017000071 50.912066470000070)","Unfall 190184 (2023) Kat:3, Licht: 1","190184","3","1","0","12","16","3","","1","1","0","0","0"
"POINT (6.947727652000026 50.926710094000043)","Unfall 190185 (2023) Kat:3, Licht: 0","190185","3","3","5","12","10","3","","0","1","1","0","0"
"POINT (7.081305659000066 50.862899963000075)","Unfall 190254 (2023) Kat:3, Licht: 0","190254","3","1","0","12","07","2","","0","0","1","0","0"
"POINT (6.900481732000060 50.962371695000058)","Unfall 190255 (2023) Kat:3, Licht: 2","190255","3","6","3","12","18","2","","2","1","1","0","0"
"POINT (6.936367807000067 50.947093543000051)","Unfall 190315 (2023) Kat:2, Licht: 2","190315","2","2","5","12","20","7","","2","0","1","0","0"
"POINT (6.861631929000055 50.950980820000041)","Unfall 190316 (2023) Kat:3, Licht: 0","190316","3","7","0","12","15","7","","0","0","1","1","0"
"POINT (6.923371478000035 50.947048914000050)","Unfall 190317 (2023) Kat:3, Licht: 2","190317","3","4","6","12","18","7","","2","0","1","1","0"
"POINT (6.959128218000046 50.928597758000080)","Unfall 190318 (2023) Kat:3, Licht: 2","190318","3","5","1","12","21","7","","2","0","1","0","0"
"POINT (7.000436374000060 50.930892419000031)","Unfall 190350 (2023) Kat:3, Licht: 0","190350","3","6","2","12","14","6","","0","0","1","0","0"
"POINT (6.925320130000046 50.971087300000079)","Unfall 190351 (2023) Kat:3, Licht: 1","190351","3","2","5","12","07","6","","1","1","0","0","0"
"POINT (6.865263030000051 50.980020408000030)","Unfall 190352 (2023) Kat:3, Licht: 2","190352","3","4","6","12","06","6","","2","0","1","1","0"
"POINT (6.886243167000032 50.964473526000063)","Unfall 190353 (2023) Kat:3, Licht: 0","190353","3","3","0","12","12","6","","0","1","1","0","0"
"POINT (6.848881605000031 50.981406382000046)","Unfall 190354 (2023) Kat:3, Licht: 0","190354","3","1","0","12","14","6","","0","0","0","0","1"
"POINT (6.926236532000075 50.919094332000043)","Unfall 190355 (2023) Kat:2, Licht: 2","190355","2","1","8","12","01","6","","2","1","0","0","0"
"POINT (6.992190552000068 50.870437564000042)","Unfall 190356 (2023) Kat:1, Licht: 2","190356","1","1","1","12","02","6","","2","0","0","0","1"
"POINT (6.941117367000061 50.933242218000032)","Unfall 190357 (2023) Kat:3, Licht: 2","190357","3","4","6","12","19","6","","2","0","1","1","0"
"POINT (6.942289440000025 50.925640599000076)","Unfall 190358 (2023) Kat:3, Licht: 0","190358","3","3","5","12","13","6","","0","1","1","0","0"
"POINT (7.001062188000049 50.934983586000044)","Unfall 190401 (2023) Kat:3, Licht: 2","190401","3","6","1","11","17","5","","2","0","1","0","0"
"POINT (6.938218932000041 50.957765013000028)","Unfall 190402 (2023) Kat:2, Licht: 2","190402","2","6","6","11","23","5","","2","0","1","1","0"
"POINT (6.834052634000045 50.940554331000044)","Unfall 190404 (2023) Kat:3, Licht: 2","190404","3","2","6","11","17","5","","2","0","1","1","0"
"POINT (6.940822732000072 50.911016775000064)","Unfall 190405 (2023) Kat:3, Licht: 2","190405","3","4","6","11","06","5","","2","0","1","1","0"
"POINT (6.945781167000064 50.935194409000076)","Unfall 190406 (2023) Kat:3, Licht: 1","190406","3","5","6","11","16","5","","1","0","1","1","0"
"POINT (6.960300284000027 50.918703349000054)","Unfall 190407 (2023) Kat:3, Licht: 1","190407","3","6","0","11","16","5","","1","1","1","0","0"
"POINT (6.951621256000067 50.945071469000027)","Unfall 190408 (2023) Kat:3, Licht: 2","190408","3","6","1","11","21","5","","2","0","1","0","0"
"POINT (6.940373087000069 50.945564471000068)","Unfall 190409 (2023) Kat:3, Licht: 0","190409","3","2","5","11","15","5","","0","1","1","0","0"
"POINT (7.049007965000044 50.867583848000038)","Unfall 190476 (2023) Kat:3, Licht: 0","190476","3","3","5","11","14","4","","0","1","1","0","0"
"POINT (7.068282117000024 50.975396044000036)","Unfall 190477 (2023) Kat:3, Licht: 0","190477","3","3","5","11","09","4","","0","1","1","0","0"
"POINT (6.920583430000022 50.995209548000048)","Unfall 190478 (2023) Kat:2, Licht: 1","190478","2","4","6","11","07","4","","1","0","0","1","0"
"POINT (6.868665558000032 50.926766345000033)","Unfall 190479 (2023) Kat:3, Licht: 2","190479","3","3","0","11","17","4","","2","0","1","0","1"
"POINT (6.928420832000029 50.922334484000032)","Unfall 190480 (2023) Kat:3, Licht: 1","190480","3","7","0","11","08","4","","1","1","0","0","0"
"POINT (6.928412640000033 50.922344048000070)","Unfall 190483 (2023) Kat:3, Licht: 2","190483","3","7","0","11","08","4","","2","1","0","0","0"
"POINT (6.934304466000071 50.914840644000037)","Unfall 190484 (2023) Kat:3, Licht: 0","190484","3","1","0","11","12","4","","0","1","0","0","0"
"POINT (6.955455671000038 50.940169966000042)","Unfall 190485 (2023) Kat:3, Licht: 0","190485","3","5","1","11","14","4","","0","0","1","0","1"
"POINT (6.945277083000065 50.923965973000065)","Unfall 190487 (2023) Kat:2, Licht: 2","190487","2","4","6","12","21","3","","2","1","0","1","0"
"POINT (7.002002617000073 50.936780027000054)","Unfall 190535 (2023) Kat:3, Licht: 1","190535","3","4","6","11","16","3","","1","0","1","1","0"
"POINT (7.060075784000048 50.898559140000032)","Unfall 190536 (2023) Kat:2, Licht: 0","190536","2","4","6","11","16","3","","0","0","1","1","0"
"POINT (7.048213300000043 50.969978515000037)","Unfall 190537 (2023) Kat:3, Licht: 2","190537","3","1","9","11","00","3","","2","0","1","0","0"
"POINT (6.964924090000068 50.954250522000052)","Unfall 190538 (2023) Kat:3, Licht: 0","190538","3","6","2","11","12","3","","0","0","1","0","0"
"POINT (6.921282922000046 50.922908849000066)","Unfall 190539 (2023) Kat:3, Licht: 2","190539","3","3","5","11","06","3","","2","1","1","0","0"
"POINT (6.920152796000025 50.880817431000025)","Unfall 190540 (2023) Kat:2, Licht: 2","190540","2","2","5","11","16","3","","2","1","1","0","0"
"POINT (7.079709644000047 50.859446238000032)","Unfall 190606 (2023) Kat:2, Licht: 1","190606","2","4","6","11","07","2","","1","0","1","1","0"
"POINT (7.032219766000026 50.974882203000050)","Unfall 190607 (2023) Kat:3, Licht: 2","190607","3","6","2","11","17","2","","2","0","1","0","0"
"POINT (6.999516915000072 50.958810497000059)","Unfall 190608 (2023) Kat:3, Licht: 2","190608","3","3","5","11","07","2","","2","0","1","0","1"
"POINT (6.919560454000020 51.032198873000027)","Unfall 190609 (2023) Kat:3, Licht: 2","190609","3","3","5","11","21","2","","2","1","0","0","0"
"POINT (6.910720372000071 50.957513534000043)","Unfall 190610 (2023) Kat:3, Licht: 1","190610","3","3","5","11","07","2","","1","0","1","0","1"
"POINT (6.890940379000028 50.977507973000058)","Unfall 190611 (2023) Kat:3, Licht: 1","190611","3","6","2","11","16","2","","1","0","1","0","0"
"POINT (6.918948858000022 50.921281576000069)","Unfall 190612 (2023) Kat:3, Licht: 2","190612","3","1","0","11","16","2","","2","1","0","0","0"
"POINT (6.956011377000038 50.925584060000062)","Unfall 190613 (2023) Kat:3, Licht: 2","190613","3","1","9","11","22","2","","2","0","0","0","0"
"POINT (6.981337364000069 50.950053779000029)","Unfall 190680 (2023) Kat:3, Licht: 2","190680","3","5","4","11","05","1","","2","0","1","0","0"
"POINT (7.008724702000052 50.974875899000040)","Unfall 190681 (2023) Kat:3, Licht: 2","190681","3","2","2","11","18","1","","2","0","1","0","0"
"POINT (6.895733833000065 51.010823780000067)","Unfall 190682 (2023) Kat:1, Licht: 2","190682","1","4","6","11","18","1","","2","0","1","1","0"
"POINT (6.898550344000057 50.965849243000036)","Unfall 190683 (2023) Kat:3, Licht: 2","190683","3","1","9","11","01","1","","2","0","1","0","1"
"POINT (6.935089860000062 50.923248924000063)","Unfall 190684 (2023) Kat:3, Licht: 2","190684","3","1","0","11","04","1","","2","0","0","0","0"
"POINT (6.912782920000041 50.919964158000028)","Unfall 190685 (2023) Kat:2, Licht: 0","190685","2","1","0","11","16","1","","0","0","0","0","0"
"POINT (6.937703458000044 50.940393735000043)","Unfall 190686 (2023) Kat:3, Licht: 0","190686","3","2","5","11","11","1","","0","1","1","0","0"
"POINT (7.081473952000067 50.878847382000060)","Unfall 190722 (2023) Kat:2, Licht: 2","190722","2","4","6","11","18","7","","2","0","1","1","0"
"POINT (6.905904961000033 51.011859849000075)","Unfall 190723 (2023) Kat:2, Licht: 0","190723","2","1","4","11","13","7","","0","1","1","0","0"
"POINT (6.982023522000077 50.963275051000039)","Unfall 190724 (2023) Kat:3, Licht: 2","190724","3","1","8","11","21","7","","2","0","1","0","0"
"POINT (6.879009412000073 50.977036862000034)","Unfall 190725 (2023) Kat:3, Licht: 0","190725","3","2","6","11","11","7","","0","0","1","1","0"
"POINT (6.885717904000046 50.983751745000063)","Unfall 190726 (2023) Kat:3, Licht: 2","190726","3","1","8","11","02","7","","2","0","1","0","0"
"POINT (6.954034267000054 50.931787133000057)","Unfall 190727 (2023) Kat:3, Licht: 2","190727","3","6","2","11","23","7","","2","0","1","0","0"
"POINT (7.060743976000026 50.905063729000062)","Unfall 190772 (2023) Kat:3, Licht: 0","190772","3","7","6","11","10","6","","0","0","0","1","0"
"POINT (7.024325559000033 50.981714799000031)","Unfall 190773 (2023) Kat:3, Licht: 0","190773","3","3","5","11","13","6","","0","0","1","0","1"
"POINT (6.847301621000042 51.067594369000062)","Unfall 190774 (2023) Kat:3, Licht: 0","190774","3","7","5","11","14","6","","0","0","1","0","0"
"POINT (6.947298023000030 50.953068679000069)","Unfall 190775 (2023) Kat:3, Licht: 2","190775","3","7","0","11","20","6","","2","0","1","0","0"
"POINT (6.921110218000024 51.033374338000044)","Unfall 190776 (2023) Kat:2, Licht: 2","190776","2","1","0","11","20","6","","2","0","0","0","0"
"POINT (6.943961546000025 50.967299204000028)","Unfall 190777 (2023) Kat:3, Licht: 0","190777","3","6","3","11","08","6","","0","1","1","0","0"
"POINT (6.899136505000058 50.964873883000053)","Unfall 190778 (2023) Kat:3, Licht: 0","190778","3","3","5","11","15","6","","0","1","1","0","0"
"POINT (6.940985056000045 50.914557436000052)","Unfall 190779 (2023) Kat:3, Licht: 0","190779","3","1","0","11","07","6","","0","1","0","0","0"
"POINT (6.953097824000054 50.939843512000039)","Unfall 190780 (2023) Kat:3, Licht: 0","190780","3","6","2","11","12","6","","0","0","1","0","0"
"POINT (7.109051353000041 50.880000198000062)","Unfall 190860 (2023) Kat:3, Licht: 1","190860","3","7","1","11","07","5","","1","0","1","0","0"
"POINT (6.948649656000043 50.982027350000067)","Unfall 190861 (2023) Kat:3, Licht: 2","190861","3","7","0","11","17","5","","2","0","0","0","0"
"POINT (6.922249391000037 50.953032901000029)","Unfall 190862 (2023) Kat:3, Licht: 0","190862","3","5","3","11","15","5","","0","0","1","0","0"
"POINT (6.989393402000076 50.883912749000046)","Unfall 190863 (2023) Kat:3, Licht: 0","190863","3","6","1","11","14","5","","0","0","1","0","0"
"POINT (6.954594922000069 51.025064686000064)","Unfall 190923 (2023) Kat:3, Licht: 1","190923","3","1","0","11","07","4","","1","1","0","0","0"
"POINT (6.975912738000034 50.972852348000060)","Unfall 190924 (2023) Kat:3, Licht: 2","190924","3","6","3","11","17","4","","2","0","1","0","0"
"POINT (6.906144704000042 50.960077329000057)","Unfall 190925 (2023) Kat:3, Licht: 0","190925","3","3","5","11","11","4","","0","1","0","0","0"
"POINT (6.901323848000061 50.926046615000075)","Unfall 190926 (2023) Kat:3, Licht: 0","190926","3","1","0","11","09","4","","0","1","1","0","0"
"POINT (6.961255497000025 50.922421406000069)","Unfall 190927 (2023) Kat:3, Licht: 0","190927","3","3","5","11","10","4","","0","1","1","0","0"
"POINT (6.933435640000027 50.932388654000079)","Unfall 190962 (2023) Kat:3, Licht: 0","190962","3","1","0","11","13","5","","0","1","0","0","0"
"POINT (7.010835857000075 50.940274877000036)","Unfall 190984 (2023) Kat:3, Licht: 0","190984","3","5","1","11","14","3","","0","0","1","0","0"
"POINT (7.020292256000062 50.937839886000063)","Unfall 190985 (2023) Kat:3, Licht: 0","190985","3","4","6","11","10","3","","0","0","1","1","0"
"POINT (6.840686960000028 50.947058678000076)","Unfall 190986 (2023) Kat:3, Licht: 1","190986","3","3","5","11","07","3","","1","0","1","0","0"
"POINT (6.934304824000037 50.948042268000052)","Unfall 190987 (2023) Kat:3, Licht: 2","190987","3","6","3","11","19","3","","2","0","1","0","1"
"POINT (6.916775894000068 50.955102010000076)","Unfall 190988 (2023) Kat:2, Licht: 0","190988","2","2","4","11","13","3","","0","1","1","0","0"
"POINT (6.920486523000022 50.913700679000044)","Unfall 190989 (2023) Kat:3, Licht: 2","190989","3","1","0","11","16","3","","2","1","0","0","0"
"POINT (6.971414107000044 50.910059406000073)","Unfall 190990 (2023) Kat:3, Licht: 1","190990","3","3","5","11","16","3","","1","1","1","0","0"
"POINT (6.951055310000072 50.914937970000040)","Unfall 190991 (2023) Kat:3, Licht: 0","190991","3","3","5","11","10","3","","0","1","0","0","0"
"POINT (6.938330411000038 50.929747542000030)","Unfall 190992 (2023) Kat:3, Licht: 1","190992","3","2","5","11","16","3","","1","1","1","0","0"
"POINT (6.957488312000066 50.928590068000062)","Unfall 190993 (2023) Kat:3, Licht: 0","190993","3","4","6","11","10","3","","0","0","1","1","0"
"POINT (6.947159862000035 50.934982511000044)","Unfall 190994 (2023) Kat:3, Licht: 0","190994","3","7","1","11","11","3","","0","0","1","0","0"
"POINT (7.024563490000048 51.006724677000079)","Unfall 191060 (2023) Kat:3, Licht: 0","191060","3","2","2","11","09","2","","0","0","1","0","0"
"POINT (6.893665066000040 51.016289197000049)","Unfall 191061 (2023) Kat:3, Licht: 0","191061","3","1","3","11","08","2","","0","0","1","0","0"
"POINT (6.887914900000055 51.027626549000047)","Unfall 191062 (2023) Kat:2, Licht: 2","191062","2","2","1","11","17","2","","2","0","1","0","1"
"POINT (6.976089191000028 50.972617352000043)","Unfall 191063 (2023) Kat:2, Licht: 2","191063","2","2","6","11","17","2","","2","0","1","1","0"
"POINT (6.842792865000035 50.931382780000035)","Unfall 191064 (2023) Kat:3, Licht: 2","191064","3","4","6","11","17","2","","2","0","0","1","0"
"POINT (6.890988780000043 50.950618288000044)","Unfall 191065 (2023) Kat:3, Licht: 0","191065","3","2","2","11","15","2","","0","0","1","0","0"
"POINT (6.940977312000030 50.914491859000066)","Unfall 191066 (2023) Kat:3, Licht: 0","191066","3","1","0","11","14","2","","0","1","0","0","0"
"POINT (6.920960800000046 50.911098032000041)","Unfall 191067 (2023) Kat:3, Licht: 0","191067","3","1","0","11","13","2","","0","1","0","0","0"
"POINT (6.967396286000053 50.910892885000067)","Unfall 191068 (2023) Kat:3, Licht: 0","191068","3","2","5","11","10","2","","0","0","0","1","0"
"POINT (6.953414358000032 50.938956468000072)","Unfall 191069 (2023) Kat:3, Licht: 0","191069","3","1","0","11","13","2","","0","0","0","0","1"
"POINT (6.946960237000042 50.927047145000074)","Unfall 191070 (2023) Kat:3, Licht: 2","191070","3","1","0","11","23","2","","2","1","0","0","0"
"POINT (6.956404867000060 50.902619455000035)","Unfall 191114 (2023) Kat:3, Licht: 0","191114","3","2","4","12","11","4","","0","1","1","0","0"
"POINT (6.942317888000048 50.936894782000081)","Unfall 191125 (2023) Kat:3, Licht: 2","191125","3","4","6","11","17","5","","2","0","1","1","0"
"POINT (6.937452944000029 50.929245578000064)","Unfall 191126 (2023) Kat:3, Licht: 2","191126","3","1","0","11","20","1","","2","1","0","0","0"
"POINT (6.984978544000057 50.937768624000057)","Unfall 191168 (2023) Kat:3, Licht: 2","191168","3","7","6","11","23","7","","2","0","1","1","0"
"POINT (6.941526437000050 50.910974677000070)","Unfall 191169 (2023) Kat:3, Licht: 2","191169","3","1","0","11","21","7","","2","0","0","0","1"
"POINT (6.948595574000024 50.933815671000048)","Unfall 191170 (2023) Kat:3, Licht: 2","191170","3","3","0","11","21","7","","2","1","1","0","0"
"POINT (6.941156573000058 50.940325482000048)","Unfall 191171 (2023) Kat:3, Licht: 2","191171","3","2","6","12","20","3","","2","0","1","1","0"
"POINT (6.935085820000040 50.941633247000027)","Unfall 191172 (2023) Kat:3, Licht: 0","191172","3","3","5","11","10","7","","0","1","1","0","0"
"POINT (6.998763819000033 50.920042500000079)","Unfall 191198 (2023) Kat:3, Licht: 2","191198","3","3","5","12","18","6","","2","1","1","0","0"