WKT,Name,OBJECTID,UKATEGORIE,UTYP1,UART,UMONAT,USTUNDE,UWOCHENTAG,STRZUSTAND,ULICHTVERH,ISTRAD,ISTPKW,ISTFUSS,ISTKRAD
"POINT (6.988273381000056 50.950598230000026)","Unfall 191234 (2023) Kat:3, Licht: 2","191234","3","3","5","12","23","5","","2","0","1","0","0"
"POINT (6.936367807000067 50.947093543000051)","Unfall 191235 (2023) Kat:3, Licht: 2","191235","3","3","5","12","17","5","","2","1","1","0","0"
"POINT (6.930063108000070 50.949786088000053)","Unfall 191236 (2023) Kat:3, Licht: 0","191236","3","2","5","12","16","5","","0","1","1","0","0"
"POINT (6.931024779000040 50.914400463000050)","Unfall 191237 (2023) Kat:3, Licht: 2","191237","3","1","1","12","17","5","","2","0","1","0","1"
"POINT (6.931605961000059 50.931417701000044)","Unfall 191238 (2023) Kat:3, Licht: 0","191238","3","3","5","12","16","5","","0","1","1","0","0"
"POINT (6.913662386000055 50.915333459000067)","Unfall 191239 (2023) Kat:3, Licht: 0","191239","3","4","6","12","10","5","","0","0","1","1","0"
"POINT (6.982787642000062 50.920187763000058)","Unfall 191261 (2023) Kat:3, Licht: 2","191261","3","6","3","12","01","4","","2","0","1","0","0"
"POINT (6.898192688000051 51.019319567000082)","Unfall 191262 (2023) Kat:3, Licht: 2","191262","3","4","5","12","17","4","","2","0","1","1","0"
"POINT (6.954226197000025 50.871873043000051)","Unfall 191263 (2023) Kat:2, Licht: 0","191263","2","4","6","12","08","4","","0","0","1","1","0"
"POINT (7.011879270000065 50.957910562000052)","Unfall 191298 (2023) Kat:3, Licht: 2","191298","3","4","6","12","19","2","","2","0","1","1","0"
"POINT (6.958767172000023 50.966295141000046)","Unfall 191321 (2023) Kat:3, Licht: 2","191321","3","2","2","12","17","1","","2","0","1","0","0"
"POINT (6.852978176000022 51.048901544000046)","Unfall 191322 (2023) Kat:3, Licht: 2","191322","3","7","9","12","03","1","","2","0","1","0","0"
"POINT (6.953439199000059 50.944759276000070)","Unfall 191323 (2023) Kat:3, Licht: 0","191323","3","6","2","12","14","1","","0","0","1","0","0"
"POINT (6.938521246000050 50.929854937000073)","Unfall 191324 (2023) Kat:3, Licht: 2","191324","3","5","1","12","03","1","","2","1","1","0","0"
"POINT (6.960612853000043 50.939200929000037)","Unfall 191340 (2023) Kat:3, Licht: 2","191340","3","7","6","12","21","7","","2","0","1","1","0"
"POINT (7.026071648000027 50.897118661000036)","Unfall 191374 (2023) Kat:3, Licht: 0","191374","3","6","0","12","15","6","","0","1","1","0","0"
"POINT (7.024636750000070 50.938017645000059)","Unfall 191375 (2023) Kat:3, Licht: 0","191375","3","6","0","12","14","6","","0","0","1","0","0"
"POINT (6.927917633000050 50.968752742000049)","Unfall 191376 (2023) Kat:3, Licht: 2","191376","3","4","6","12","07","6","","2","0","1","1","0"
"POINT (6.921703527000034 50.922255490000055)","Unfall 191377 (2023) Kat:3, Licht: 2","191377","3","4","6","12","19","6","","2","1","0","1","0"
"POINT (6.944958132000068 50.935232306000046)","Unfall 191378 (2023) Kat:3, Licht: 2","191378","3","4","6","12","17","6","","2","0","1","1","0"
"POINT (6.944398961000047 50.938528636000058)","Unfall 191379 (2023) Kat:3, Licht: 0","191379","3","4","6","12","17","6","","0","1","0","1","0"
"POINT (7.020664777000036 50.948498972000039)","Unfall 191415 (2023) Kat:3, Licht: 1","191415","3","6","1","12","06","5","","1","0","1","0","0"
"POINT (6.919863826000039 51.032428993000053)","Unfall 191416 (2023) Kat:3, Licht: 0","191416","3","2","2","12","14","5","","0","0","1","0","0"
"POINT (6.912376172000052 50.965593170000034)","Unfall 191417 (2023) Kat:3, Licht: 2","191417","3","1","8","12","18","5","","2","0","1","0","0"
"POINT (6.903644304000068 50.957388403000039)","Unfall 191418 (2023) Kat:3, Licht: 0","191418","3","6","2","12","15","5","","0","0","1","0","0"
"POINT (6.999868475000028 50.929039468000042)","Unfall 191460 (2023) Kat:3, Licht: 2","191460","3","4","6","12","18","4","","2","0","1","1","0"
"POINT (7.073852098000032 50.975416460000076)","Unfall 191461 (2023) Kat:3, Licht: 1","191461","3","4","6","12","16","4","","1","0","1","1","0"
"POINT (6.970012840000038 50.901829233000058)","Unfall 191462 (2023) Kat:3, Licht: 1","191462","3","1","1","12","15","4","","1","1","1","0","0"
"POINT (6.940867304000051 50.913529492000066)","Unfall 191463 (2023) Kat:2, Licht: 2","191463","2","7","0","12","22","4","","2","1","0","0","0"
"POINT (6.960705011000073 50.934954552000079)","Unfall 191464 (2023) Kat:3, Licht: 0","191464","3","4","6","12","12","4","","0","0","1","0","0"
"POINT (6.950531897000076 50.949286718000053)","Unfall 191465 (2023) Kat:3, Licht: 2","191465","3","6","0","12","08","4","","2","1","0","0","0"
"POINT (6.999078990000044 50.922085440000046)","Unfall 191514 (2023) Kat:3, Licht: 1","191514","3","3","5","12","16","3","","1","0","1","0","0"
"POINT (6.991116166000040 50.986940432000040)","Unfall 191515 (2023) Kat:2, Licht: 2","191515","2","3","5","12","16","3","","2","1","1","0","0"
"POINT (7.011881432000052 50.957913537000081)","Unfall 191516 (2023) Kat:3, Licht: 2","191516","3","4","6","12","20","3","","2","0","1","1","0"
"POINT (6.925556276000066 50.952812966000067)","Unfall 191517 (2023) Kat:3, Licht: 0","191517","3","5","1","12","10","3","","0","1","1","0","0"
"POINT (6.959493914000063 50.859869522000054)","Unfall 191518 (2023) Kat:3, Licht: 0","191518","3","3","1","12","07","3","","0","0","1","0","1"
"POINT (6.919649429000060 50.912802886000065)","Unfall 191519 (2023) Kat:3, Licht: 0","191519","3","1","0","12","08","3","","0","1","0","0","0"
"POINT (6.919651078000072 50.912804653000080)","Unfall 191520 (2023) Kat:3, Licht: 0","191520","3","1","0","12","08","3","","0","1","0","0","0"
"POINT (6.941505269000061 50.941669268000055)","Unfall 191521 (2023) Kat:3, Licht: 0","191521","3","3","5","12","09","3","","0","1","0","0","0"
"POINT (6.956795184000043 50.948852245000069)","Unfall 191522 (2023) Kat:3, Licht: 0","191522","3","7","6","12","13","3","","0","0","1","1","0"
"POINT (6.969383121000021 50.974391633000039)","Unfall 191583 (2023) Kat:3, Licht: 0","191583","3","6","2","12","14","2","","0","0","1","0","0"
"POINT (6.909568020000052 50.957950444000062)","Unfall 191584 (2023) Kat:3, Licht: 0","191584","3","2","3","12","13","2","","0","1","0","0","0"
"POINT (6.852151811000056 50.948250041000051)","Unfall 191585 (2023) Kat:3, Licht: 0","191585","3","3","0","12","09","2","","0","1","1","0","0"
"POINT (6.913157449000039 50.964297031000058)","Unfall 191586 (2023) Kat:3, Licht: 1","191586","3","2","4","12","07","2","","1","1","1","0","0"
"POINT (6.947024297000041 50.912330179000037)","Unfall 191587 (2023) Kat:3, Licht: 1","191587","3","1","0","12","17","2","","1","1","0","0","0"
"POINT (6.906613547000063 50.918825540000057)","Unfall 191588 (2023) Kat:3, Licht: 0","191588","3","7","6","12","16","2","","0","0","0","1","0"
"POINT (7.043971853000073 50.866423774000054)","Unfall 191599 (2023) Kat:3, Licht: 0","191599","3","1","0","12","09","5","","0","1","0","0","0"
"POINT (6.839043622000077 50.962441140000067)","Unfall 191633 (2023) Kat:3, Licht: 0","191633","3","3","5","12","13","1","","0","0","1","0","0"
"POINT (6.942380031000027 50.910769874000039)","Unfall 191634 (2023) Kat:2, Licht: 1","191634","2","7","9","12","16","1","","1","0","1","0","0"
"POINT (6.962147388000062 50.938289920000045)","Unfall 191635 (2023) Kat:3, Licht: 2","191635","3","4","6","12","19","1","","2","0","0","1","0"
"POINT (6.953614374000040 50.952738044000057)","Unfall 191668 (2023) Kat:3, Licht: 0","191668","3","6","6","12","14","7","","0","0","1","1","0"
"POINT (6.957456079000053 50.939640825000026)","Unfall 191669 (2023) Kat:3, Licht: 0","191669","3","1","0","12","15","7","","0","1","0","0","0"
"POINT (7.006946544000073 50.942215875000045)","Unfall 191710 (2023) Kat:3, Licht: 0","191710","3","5","0","12","11","6","","0","0","1","0","0"
"POINT (7.066706537000073 50.979292400000077)","Unfall 191711 (2023) Kat:3, Licht: 1","191711","3","3","5","12","08","6","","1","1","1","0","0"
"POINT (6.929463906000024 50.944890675000067)","Unfall 191712 (2023) Kat:3, Licht: 2","191712","3","6","4","12","18","6","","2","1","0","0","0"
"POINT (6.900619618000064 50.936484675000031)","Unfall 191713 (2023) Kat:3, Licht: 2","191713","3","5","5","12","07","6","","2","1","1","0","0"
"POINT (6.941396431000044 50.921463859000028)","Unfall 191714 (2023) Kat:2, Licht: 0","191714","2","5","0","12","08","6","","0","0","1","0","0"
"POINT (6.919484038000064 50.921448085000065)","Unfall 191715 (2023) Kat:3, Licht: 2","191715","3","4","6","12","17","6","","2","1","0","1","0"
"POINT (6.907220185000028 50.958842360000062)","Unfall 191775 (2023) Kat:3, Licht: 0","191775","3","2","5","12","12","5","","0","1","1","0","0"
"POINT (6.966386953000040 50.897032177000028)","Unfall 191776 (2023) Kat:3, Licht: 2","191776","3","3","5","12","17","5","","2","0","1","0","0"
"POINT (6.921485570000073 50.914721786000030)","Unfall 191777 (2023) Kat:2, Licht: 0","191777","2","1","9","12","11","5","","0","0","1","0","0"
"POINT (6.833436531000075 50.937371283000061)","Unfall 191784 (2023) Kat:3, Licht: 0","191784","3","6","2","12","11","2","","0","0","1","0","0"
"POINT (6.999399108000034 50.935443905000056)","Unfall 191872 (2023) Kat:3, Licht: 2","191872","3","2","3","12","17","3","","2","0","0","0","1"
"POINT (6.919867769000064 51.032431983000038)","Unfall 191873 (2023) Kat:3, Licht: 2","191873","3","6","2","12","18","3","","2","0","1","0","0"
"POINT (6.947131771000045 51.012786349000066)","Unfall 191874 (2023) Kat:3, Licht: 2","191874","3","6","2","12","17","3","","2","0","1","0","0"
"POINT (6.898463042000060 50.988547423000057)","Unfall 191875 (2023) Kat:3, Licht: 2","191875","3","6","3","12","20","3","","2","0","1","0","0"
"POINT (6.919053585000029 50.921310785000060)","Unfall 191876 (2023) Kat:3, Licht: 2","191876","3","1","0","12","18","3","","2","0","0","0","0"
"POINT (7.005243449000034 50.870241235000037)","Unfall 191877 (2023) Kat:3, Licht: 0","191877","3","2","2","12","08","3","","0","0","1","0","0"
"POINT (6.958990414000027 50.949332388000073)","Unfall 191878 (2023) Kat:2, Licht: 2","191878","2","1","0","12","18","3","","2","1","0","0","0"
"POINT (7.001255663000052 50.933767279000051)","Unfall 191937 (2023) Kat:3, Licht: 0","191937","3","3","5","12","08","2","","0","0","1","0","0"
"POINT (7.072587094000028 50.964692364000030)","Unfall 191938 (2023) Kat:3, Licht: 0","191938","3","7","1","12","08","2","","0","0","1","0","0"
"POINT (6.966987988000028 50.966354958000068)","Unfall 191939 (2023) Kat:3, Licht: 0","191939","3","3","5","12","11","2","","0","0","1","0","1"
"POINT (6.905846389000033 50.960491961000059)","Unfall 191940 (2023) Kat:2, Licht: 2","191940","2","7","0","12","18","2","","2","0","1","0","0"
"POINT (6.949008224000067 50.916914377000069)","Unfall 191941 (2023) Kat:2, Licht: 2","191941","2","3","5","12","20","2","","2","1","1","0","0"
"POINT (6.960260029000040 50.934808642000064)","Unfall 191942 (2023) Kat:3, Licht: 0","191942","3","6","2","12","08","2","","0","0","1","0","0"
"POINT (6.956073879000030 50.940318585000057)","Unfall 191943 (2023) Kat:3, Licht: 2","191943","3","1","0","12","19","2","","2","0","0","0","0"
"POINT (6.934070776000056 50.940808587000049)","Unfall 191944 (2023) Kat:3, Licht: 2","191944","3","5","5","12","18","2","","2","0","1","0","1"
"POINT (6.863395755000056 50.930495217000043)","Unfall 191946 (2023) Kat:3, Licht: 2","191946","3","3","5","12","18","4","","2","1","1","0","0"
"POINT (7.052963472000044 50.867221648000054)","Unfall 191982 (2023) Kat:3, Licht: 0","191982","3","1","0","12","12","1","","0","0","0","0","0"
"POINT (6.895735528000046 51.018332755000074)","Unfall 191983 (2023) Kat:2, Licht: 0","191983","2","1","8","12","08","1","","0","0","1","0","0"
"POINT (6.937657605000027 50.994297506000066)","Unfall 191984 (2023) Kat:3, Licht: 0","191984","3","1","0","12","12","1","","0","0","0","0","0"
"POINT (6.954900387000066 50.921612366000033)","Unfall 191985 (2023) Kat:2, Licht: 2","191985","2","1","7","12","03","1","","2","0","0","0","0"
"POINT (6.923908544000028 50.888719199000036)","Unfall 192024 (2023) Kat:3, Licht: 2","192024","3","3","5","12","07","7","","2","0","0","0","0"
"POINT (6.924452826000049 50.944008080000060)","Unfall 192069 (2023) Kat:3, Licht: 0","192069","3","5","1","12","12","6","","0","1","1","0","0"
"POINT (6.903930725000066 50.960024910000072)","Unfall 192070 (2023) Kat:3, Licht: 2","192070","3","2","2","12","19","6","","2","0","1","0","0"
"POINT (7.046136688000047 50.898999622000076)","Unfall 192131 (2023) Kat:3, Licht: 0","192131","3","1","0","12","08","5","","0","1","0","0","0"
"POINT (7.059221698000044 50.877279197000064)","Unfall 192133 (2023) Kat:3, Licht: 0","192133","3","1","0","12","09","5","","0","1","0","0","0"
"POINT (6.960058011000058 50.976750886000048)","Unfall 192134 (2023) Kat:3, Licht: 0","192134","3","1","0","12","15","5","","0","0","0","0","0"
"POINT (6.899427532000061 51.006278535000035)","Unfall 192136 (2023) Kat:3, Licht: 2","192136","3","1","0","12","07","5","","2","0","0","0","1"
"POINT (6.888423382000042 51.027037285000063)","Unfall 192137 (2023) Kat:3, Licht: 1","192137","3","4","6","12","07","5","","1","0","1","1","0"
"POINT (6.872405356000058 50.961216257000046)","Unfall 192138 (2023) Kat:3, Licht: 0","192138","3","1","0","12","10","5","","0","1","0","0","0"
"POINT (6.862312979000023 50.977014819000033)","Unfall 192139 (2023) Kat:3, Licht: 0","192139","3","1","0","12","09","5","","0","1","0","0","0"
"POINT (6.862667559000045 50.932073176000074)","Unfall 192140 (2023) Kat:3, Licht: 0","192140","3","1","0","12","09","5","","0","1","0","0","0"
"POINT (6.910108886000046 50.963442836000070)","Unfall 192141 (2023) Kat:3, Licht: 0","192141","3","6","1","12","14","5","","0","0","1","0","0"
"POINT (6.936700156000029 50.917953620000048)","Unfall 192142 (2023) Kat:3, Licht: 0","192142","3","1","0","12","09","5","","0","1","0","0","0"
"POINT (6.965255757000023 50.872607906000042)","Unfall 192143 (2023) Kat:3, Licht: 0","192143","3","1","0","12","08","5","","0","1","0","0","0"
"POINT (6.934149233000028 50.902147788000036)","Unfall 192144 (2023) Kat:3, Licht: 2","192144","3","1","0","12","18","5","","2","1","0","0","0"
"POINT (6.970395967000059 50.907263922000027)","Unfall 192145 (2023) Kat:2, Licht: 0","192145","2","1","0","12","08","5","","0","1","0","0","0"
"POINT (6.960010186000034 50.939192213000069)","Unfall 192146 (2023) Kat:3, Licht: 0","192146","3","3","5","12","08","5","","0","1","0","0","0"
"POINT (6.942113941000059 50.921915237000064)","Unfall 192147 (2023) Kat:3, Licht: 0","192147","3","1","0","12","08","5","","0","1","0","0","0"
"POINT (6.934728476000032 50.940328465000050)","Unfall 192148 (2023) Kat:3, Licht: 2","192148","3","4","6","12","19","5","","2","0","1","1","0"
"POINT (7.001428723000060 50.943412975000058)","Unfall 192163 (2023) Kat:3, Licht: 2","192163","3","2","6","12","21","6","","2","0","1","1","0"
"POINT (7.058083438000040 50.889087228000051)","Unfall 192170 (2023) Kat:3, Licht: 2","192170","3","3","0","12","19","4","","2","0","1","0","0"
"POINT (7.058146215000022 50.932076949000077)","Unfall 193214 (2023) Kat:2, Licht: 0","193214","2","4","6","12","15","1","","0","0","1","1","0"
"POINT (7.032059679000042 50.973430078000035)","Unfall 193215 (2023) Kat:3, Licht: 2","193215","3","1","8","12","23","1","","2","1","0","0","0"
"POINT (6.939928747000067 50.934729727000047)","Unfall 193217 (2023) Kat:3, Licht: 2","193217","3","5","0","12","03","1","","2","0","1","1","0"
"POINT (7.021120147000033 50.936532301000057)","Unfall 193231 (2023) Kat:3, Licht: 0","193231","3","2","3","12","12","7","","0","0","1","0","1"
"POINT (6.914568263000035 50.963022977000037)","Unfall 193232 (2023) Kat:3, Licht: 2","193232","3","7","0","12","00","7","","2","0","1","0","0"
"POINT (6.918752645000041 50.955946250000068)","Unfall 193233 (2023) Kat:3, Licht: 0","193233","3","7","0","12","14","7","","0","1","1","0","0"
"POINT (7.001798536000024 50.881145942000046)","Unfall 193234 (2023) Kat:2, Licht: 2","193234","2","1","0","12","19","7","","2","1","0","0","0"
"POINT (6.917531513000029 50.879155741000034)","Unfall 193235 (2023) Kat:3, Licht: 0","193235","3","6","2","12","13","7","","0","0","1","0","0"
"POINT (6.933865061000063 50.927030328000058)","Unfall 263718 (2023) Kat:3, Licht: 0","263718","3","7","0","01","09","3","","0","1","0","0","0"
"POINT (6.965508047000071 50.941576741000063)","Unfall 263727 (2023) Kat:3, Licht: 2","263727","3","6","6","02","17","6","","2","1","0","1","0"
"POINT (7.001654835000068 50.972881194000081)","Unfall 263733 (2023) Kat:3, Licht: 0","263733","3","6","6","02","14","3","","0","1","0","1","0"
"POINT (6.947592979000035 50.956418180000071)","Unfall 263737 (2023) Kat:3, Licht: 0","263737","3","3","0","02","15","4","","0","1","0","0","0"
"POINT (7.005939881000074 50.912258769000061)","Unfall 263739 (2023) Kat:3, Licht: 2","263739","3","1","0","02","02","6","","2","1","0","0","0"
"POINT (7.062171673000023 50.886408516000074)","Unfall 263740 (2023) Kat:2, Licht: 2","263740","2","1","0","02","07","6","","2","1","0","0","0"
"POINT (6.962808937000034 50.940409775000035)","Unfall 263751 (2023) Kat:3, Licht: 0","263751","3","3","5","02","16","3","","0","1","0","0","0"
"POINT (6.929319572000054 50.931586749000076)","Unfall 263752 (2023) Kat:3, Licht: 0","263752","3","6","6","02","17","3","","0","1","0","1","0"
"POINT (6.993850123000072 50.852397334000045)","Unfall 263753 (2023) Kat:2, Licht: 0","263753","2","1","0","02","17","3","","0","1","0","0","0"
"POINT (6.962857169000074 50.941287399000032)","Unfall 263768 (2023) Kat:3, Licht: 0","263768","3","6","4","02","15","4","","0","1","0","0","0"
"POINT (6.970766603000072 50.917412753000065)","Unfall 263769 (2023) Kat:3, Licht: 0","263769","3","7","0","02","08","5","","0","1","0","0","0"
"POINT (6.948588671000039 50.912225099000068)","Unfall 263774 (2023) Kat:3, Licht: 0","263774","3","7","6","02","14","2","","0","1","0","1","0"
"POINT (6.986896490000049 50.882588571000042)","Unfall 263782 (2023) Kat:2, Licht: 0","263782","2","1","0","03","10","7","","0","1","0","0","0"
"POINT (6.876196994000054 50.930417460000058)","Unfall 263785 (2023) Kat:3, Licht: 2","263785","3","7","7","03","23","6","","2","1","0","0","0"
"POINT (6.930105871000023 50.944125370000052)","Unfall 263837 (2023) Kat:2, Licht: 0","263837","2","7","0","04","08","7","","0","1","0","0","0"
"POINT (6.896920421000061 50.933100620000062)","Unfall 263838 (2023) Kat:3, Licht: 0","263838","3","7","6","04","13","1","","0","1","0","1","0"
"POINT (6.968658231000063 50.937305193000043)","Unfall 263864 (2023) Kat:3, Licht: 2","263864","3","1","7","04","22","4","","2","1","0","0","0"
"POINT (6.994591934000027 50.895579131000034)","Unfall 263892 (2023) Kat:2, Licht: 0","263892","2","1","0","05","16","4","","0","1","0","0","0"
"POINT (6.907946586000037 50.908091507000051)","Unfall 263916 (2023) Kat:3, Licht: 0","263916","3","2","0","05","11","1","","0","1","0","0","0"
"POINT (7.001083231000052 50.997340356000052)","Unfall 263920 (2023) Kat:2, Licht: 1","263920","2","1","0","05","06","2","","1","1","0","0","0"
"POINT (6.971632944000021 50.940744800000061)","Unfall 263933 (2023) Kat:3, Licht: 0","263933","3","6","6","05","18","6","","0","1","0","1","0"
"POINT (6.875580169000045 50.959545189000039)","Unfall 263936 (2023) Kat:3, Licht: 2","263936","3","1","8","05","22","7","","2","1","0","0","0"
"POINT (6.986622180000040 50.962486275000060)","Unfall 263971 (2023) Kat:3, Licht: 0","263971","3","6","4","05","16","5","","0","1","0","0","0"
"POINT (7.034577024000043 50.867288447000078)","Unfall 263992 (2023) Kat:3, Licht: 0","263992","3","4","6","05","18","1","","0","1","0","1","0"
"POINT (6.881977311000071 50.920488960000057)","Unfall 263997 (2023) Kat:3, Licht: 0","263997","3","7","0","05","07","2","","0","1","0","0","0"
"POINT (6.909148246000029 50.963970619000065)","Unfall 263998 (2023) Kat:2, Licht: 0","263998","2","7","5","05","07","2","","0","1","0","0","0"
"POINT (6.916922052000075 50.933850350000057)","Unfall 264010 (2023) Kat:3, Licht: 0","264010","3","2","4","05","17","5","","0","1","0","0","0"
"POINT (6.986698527000044 50.933352975000048)","Unfall 264011 (2023) Kat:3, Licht: 0","264011","3","3","5","05","09","5","","0","1","1","0","0"
"POINT (6.899174332000030 50.928797192000047)","Unfall 264034 (2023) Kat:2, Licht: 0","264034","2","7","0","05","17","2","","0","1","0","1","0"
"POINT (6.975161472000025 50.910361068000043)","Unfall 264073 (2023) Kat:3, Licht: 0","264073","3","2","0","06","11","7","","0","1","0","0","0"
"POINT (6.900660203000029 50.931032749000053)","Unfall 264087 (2023) Kat:3, Licht: 0","264087","3","7","0","06","10","1","","0","1","0","0","0"
"POINT (6.892516207000028 51.000403897000069)","Unfall 264095 (2023) Kat:3, Licht: 0","264095","3","7","0","06","07","2","","0","1","0","1","0"
"POINT (6.971658718000072 50.930714749000060)","Unfall 264096 (2023) Kat:3, Licht: 0","264096","3","6","4","06","20","2","","0","1","0","0","0"
"POINT (6.920871407000050 50.970853067000064)","Unfall 264105 (2023) Kat:3, Licht: 0","264105","3","1","0","06","16","3","","0","1","0","0","0"
"POINT (6.972940167000047 50.913258572000075)","Unfall 264140 (2023) Kat:3, Licht: 0","264140","3","2","5","06","11","1","","0","1","0","0","0"
"POINT (6.933962830000041 50.926907816000039)","Unfall 264148 (2023) Kat:3, Licht: 0","264148","3","6","4","06","07","2","","0","1","0","0","0"
"POINT (7.003978435000022 50.959528839000029)","Unfall 264149 (2023) Kat:3, Licht: 0","264149","3","3","3","06","16","2","","0","1","0","0","0"
"POINT (6.952083847000040 50.888860923000038)","Unfall 264198 (2023) Kat:2, Licht: 1","264198","2","1","0","06","21","1","","1","1","0","0","0"
"POINT (6.887398815000040 50.933716033000053)","Unfall 264199 (2023) Kat:3, Licht: 0","264199","3","7","0","06","18","1","","0","1","0","0","0"
"POINT (6.932118438000032 50.946725833000073)","Unfall 264214 (2023) Kat:2, Licht: 0","264214","2","4","6","06","17","4","","0","1","0","1","0"
"POINT (7.031179315000031 50.950724294000054)","Unfall 264215 (2023) Kat:3, Licht: 0","264215","3","6","4","06","07","4","","0","1","0","0","0"
"POINT (6.951698302000068 50.909479813000075)","Unfall 264225 (2023) Kat:3, Licht: 0","264225","3","1","0","06","15","6","","0","1","0","0","0"
"POINT (7.001604906000068 50.973326324000027)","Unfall 264238 (2023) Kat:3, Licht: 0","264238","3","6","4","06","16","1","","0","1","0","0","0"
"POINT (7.020001479000030 50.955458487000044)","Unfall 264243 (2023) Kat:3, Licht: 0","264243","3","6","3","06","05","2","","0","1","0","0","0"
"POINT (6.972950158000060 50.929140477000033)","Unfall 264244 (2023) Kat:3, Licht: 0","264244","3","7","0","06","17","2","","0","1","0","0","0"
"POINT (6.988468939000029 50.898166553000067)","Unfall 264259 (2023) Kat:3, Licht: 1","264259","3","6","0","06","22","4","","1","1","0","1","0"
"POINT (6.986164686000052 50.962229678000028)","Unfall 264298 (2023) Kat:2, Licht: 1","264298","2","6","4","07","21","5","","1","1","0","0","0"
"POINT (6.971069458000045 50.940938840000058)","Unfall 264354 (2023) Kat:2, Licht: 0","264354","2","1","0","07","16","7","","0","1","0","0","0"
"POINT (7.034835247000046 50.895979226000065)","Unfall 264374 (2023) Kat:3, Licht: 0","264374","3","7","0","07","13","3","","0","1","0","0","0"
"POINT (6.985248853000030 50.926782806000062)","Unfall 264383 (2023) Kat:3, Licht: 0","264383","3","6","3","07","10","6","","0","1","0","0","0"
"POINT (7.020349188000068 50.855274794000081)","Unfall 264397 (2023) Kat:3, Licht: 0","264397","3","6","6","07","15","4","","0","1","0","1","0"
"POINT (6.994601172000046 50.895576450000078)","Unfall 264406 (2023) Kat:2, Licht: 0","264406","2","1","0","07","13","7","","0","1","0","0","0"
"POINT (7.090584118000038 50.953771787000051)","Unfall 264494 (2023) Kat:3, Licht: 0","264494","3","1","0","08","18","7","","0","1","0","0","0"
"POINT (7.001614567000047 50.980722157000059)","Unfall 264531 (2023) Kat:3, Licht: 2","264531","3","7","0","08","22","4","","2","1","0","0","0"
"POINT (6.943476430000032 50.894514425000068)","Unfall 264553 (2023) Kat:3, Licht: 0","264553","3","1","7","08","12","1","","0","1","0","0","0"
"POINT (6.992680310000026 50.902421902000071)","Unfall 264557 (2023) Kat:3, Licht: 0","264557","3","7","0","08","10","2","","0","1","0","0","0"
"POINT (6.867274849000069 50.959003117000066)","Unfall 264578 (2023) Kat:3, Licht: 0","264578","3","3","0","09","17","1","","0","1","0","0","0"
"POINT (7.000415126000064 50.975773115000038)","Unfall 264579 (2023) Kat:3, Licht: 0","264579","3","7","0","09","13","1","","0","1","0","1","0"
"POINT (7.000409765000029 50.975758438000071)","Unfall 264674 (2023) Kat:3, Licht: 1","264674","3","6","6","09","06","2","","1","1","0","1","0"
"POINT (6.981169554000076 50.904024902000060)","Unfall 264699 (2023) Kat:3, Licht: 0","264699","3","6","6","09","16","2","","0","1","0","1","0"
"POINT (6.931564228000070 50.931558711000037)","Unfall 264711 (2023) Kat:2, Licht: 2","264711","2","1","8","09","22","4","","2","1","0","0","0"
"POINT (7.001766966000048 50.971577998000043)","Unfall 264739 (2023) Kat:3, Licht: 0","264739","3","6","4","10","16","2","","0","1","0","0","0"
"POINT (6.988857212000028 50.930367391000061)","Unfall 264766 (2023) Kat:3, Licht: 0","264766","3","1","9","10","13","4","","0","1","0","0","0"
"POINT (6.991240475000041 50.896883766000030)","Unfall 264777 (2023) Kat:3, Licht: 0","264777","3","6","6","10","12","2","","0","1","0","1","0"
"POINT (6.933289772000023 50.947328357000060)","Unfall 264785 (2023) Kat:2, Licht: 2","264785","2","1","0","10","22","5","","2","1","0","0","0"
"POINT (6.873403353000072 51.036609978000058)","Unfall 264810 (2023) Kat:3, Licht: 0","264810","3","7","7","11","12","4","","0","1","0","1","0"
"POINT (6.962861473000032 50.941287364000061)","Unfall 264828 (2023) Kat:3, Licht: 0","264828","3","1","0","11","15","2","","0","1","0","0","0"
"POINT (6.928343936000033 50.941209344000072)","Unfall 264851 (2023) Kat:3, Licht: 0","264851","3","7","0","11","14","5","","0","1","0","1","0"
"POINT (6.994262343000059 50.948782289000064)","Unfall 264859 (2023) Kat:3, Licht: 2","264859","3","1","0","12","22","4","","2","1","0","0","0"
"POINT (6.880619262000039 50.974184701000070)","Unfall 264862 (2023) Kat:3, Licht: 0","264862","3","7","0","12","13","6","","0","1","0","0","0"
"POINT (7.019137786000044 50.921360211000035)","Unfall 22423 (2024) Kat:3, Licht: 2","22423","3","6","2","01","17","6","","2","0","1","0","0"
"POINT (7.002507910000077 50.959814682000058)","Unfall 22424 (2024) Kat:3, Licht: 2","22424","3","3","5","01","06","6","","2","0","1","0","0"
"POINT (6.990500080000061 50.867276770000046)","Unfall 22425 (2024) Kat:3, Licht: 0","22425","3","1","0","01","11","6","","0","1","0","0","0"
"POINT (6.940635489000044 50.931075180000050)","Unfall 22426 (2024) Kat:3, Licht: 0","22426","3","1","0","01","14","6","","0","1","0","0","0"