WKT,Name,OBJECTID,UKATEGORIE,UTYP1,UART,UMONAT,USTUNDE,UWOCHENTAG,STRZUSTAND,ULICHTVERH,ISTRAD,ISTPKW,ISTFUSS,ISTKRAD
"POINT (7.081948879000038 50.882644164000055)","Unfall 22487 (2024) Kat:2, Licht: 2","22487","2","3","5","01","17","5","","2","1","1","0","0"
"POINT (7.065233976000059 50.837330152000050)","Unfall 22488 (2024) Kat:3, Licht: 0","22488","3","6","2","01","14","5","","0","0","1","0","0"
"POINT (7.072103898000023 50.881463059000055)","Unfall 22526 (2024) Kat:3, Licht: 0","22526","3","6","2","01","11","4","","0","0","0","0","0"
"POINT (7.055888639000045 50.891451455000038)","Unfall 22527 (2024) Kat:3, Licht: 1","22527","3","6","5","01","06","4","","1","1","1","0","0"
"POINT (6.955037571000048 51.002641273000052)","Unfall 22528 (2024) Kat:3, Licht: 2","22528","3","2","5","01","06","4","","2","0","1","0","0"
"POINT (6.951321254000050 50.935405086000060)","Unfall 22529 (2024) Kat:3, Licht: 2","22529","3","2","5","01","18","4","","2","0","1","0","0"
"POINT (6.939433919000066 50.934131347000061)","Unfall 22530 (2024) Kat:3, Licht: 0","22530","3","5","3","01","11","4","","0","1","1","0","0"
"POINT (6.959785505000070 50.929796227000054)","Unfall 22531 (2024) Kat:3, Licht: 0","22531","3","6","1","01","08","4","","0","0","1","0","0"
"POINT (6.843319551000036 50.923434954000072)","Unfall 22593 (2024) Kat:3, Licht: 0","22593","3","1","3","01","15","3","","0","0","1","0","0"
"POINT (7.015270702000066 50.963473169000054)","Unfall 22594 (2024) Kat:2, Licht: 0","22594","2","6","0","01","14","3","","0","1","1","0","0"
"POINT (6.968307173000028 50.892571415000077)","Unfall 22595 (2024) Kat:3, Licht: 2","22595","3","6","2","01","18","3","","2","0","1","0","0"
"POINT (6.843422480000072 50.938112264000040)","Unfall 22629 (2024) Kat:3, Licht: 0","22629","3","6","1","01","13","4","","0","0","1","0","0"
"POINT (7.078923380000049 50.923484609000070)","Unfall 22650 (2024) Kat:2, Licht: 2","22650","2","3","5","01","17","6","","2","0","0","0","1"
"POINT (6.968943685000056 50.886835255000051)","Unfall 22676 (2024) Kat:3, Licht: 2","22676","3","1","8","01","07","2","","2","0","1","0","0"
"POINT (7.079025683000054 50.890721487000064)","Unfall 22678 (2024) Kat:3, Licht: 2","22678","3","1","9","01","04","2","","2","0","1","0","0"
"POINT (6.951444090000052 50.904090267000072)","Unfall 22679 (2024) Kat:2, Licht: 2","22679","2","1","0","01","04","2","","2","1","0","0","0"
"POINT (7.096144485000025 50.844635694000033)","Unfall 23757 (2024) Kat:2, Licht: 2","23757","2","3","5","01","05","5","","2","0","1","0","0"
"POINT (6.852249726000025 50.977477447000069)","Unfall 23881 (2024) Kat:3, Licht: 2","23881","3","6","1","01","19","3","","2","0","1","0","0"
"POINT (6.951681665000024 50.948662907000028)","Unfall 23978 (2024) Kat:3, Licht: 0","23978","3","4","6","01","13","6","","0","1","1","1","0"
"POINT (7.034065867000038 50.967301250000048)","Unfall 24383 (2024) Kat:3, Licht: 2","24383","3","7","6","01","16","3","","2","0","1","1","0"
"POINT (6.987751639000066 50.898401413000045)","Unfall 24589 (2024) Kat:3, Licht: 2","24589","3","6","4","01","17","3","","2","1","1","0","0"
"POINT (6.925430009000024 50.939697420000073)","Unfall 24925 (2024) Kat:3, Licht: 2","24925","3","3","5","01","20","5","","2","0","1","0","0"
"POINT (7.039363581000032 50.945434883000075)","Unfall 25186 (2024) Kat:2, Licht: 2","25186","2","6","2","01","18","7","","2","0","1","0","0"
"POINT (6.842427737000037 50.920788654000035)","Unfall 25249 (2024) Kat:3, Licht: 2","25249","3","6","3","01","18","6","","2","0","1","0","0"
"POINT (7.064646349000043 50.916093976000070)","Unfall 25251 (2024) Kat:3, Licht: 0","25251","3","1","9","01","13","6","","0","0","1","0","0"
"POINT (7.070490513000038 50.978680720000057)","Unfall 25278 (2024) Kat:2, Licht: 2","25278","2","2","4","01","00","7","","2","0","1","0","0"
"POINT (6.852422411000020 50.923910466000052)","Unfall 25342 (2024) Kat:3, Licht: 2","25342","3","1","3","01","07","5","","2","0","1","0","0"
"POINT (7.098654577000048 50.844027940000046)","Unfall 25398 (2024) Kat:3, Licht: 0","25398","3","1","4","01","15","4","","0","0","1","0","0"
"POINT (7.056960776000039 50.949285019000058)","Unfall 25399 (2024) Kat:3, Licht: 0","25399","3","6","3","01","10","4","","0","0","1","0","0"
"POINT (6.999647898000035 50.986058596000078)","Unfall 25402 (2024) Kat:3, Licht: 0","25402","3","6","2","01","14","4","","0","0","1","0","0"
"POINT (6.883010094000042 50.939839316000075)","Unfall 25403 (2024) Kat:3, Licht: 0","25403","3","1","2","01","14","4","","0","0","1","0","0"
"POINT (6.960668284000064 50.877565402000073)","Unfall 25404 (2024) Kat:3, Licht: 0","25404","3","2","6","01","08","4","","0","0","1","1","0"
"POINT (6.968817232000049 50.862512538000033)","Unfall 25494 (2024) Kat:3, Licht: 0","25494","3","1","9","01","11","3","","0","0","1","0","0"
"POINT (7.053809514000022 50.951965246000043)","Unfall 25495 (2024) Kat:3, Licht: 2","25495","3","6","2","01","21","3","","2","0","1","0","0"
"POINT (7.030741935000037 50.931638875000033)","Unfall 25501 (2024) Kat:3, Licht: 2","25501","3","3","5","01","17","3","","2","1","1","0","0"
"POINT (7.027967598000032 50.942713151000078)","Unfall 25502 (2024) Kat:3, Licht: 0","25502","3","6","2","01","10","3","","0","0","1","0","0"
"POINT (7.015725653000061 50.951540191000049)","Unfall 25503 (2024) Kat:2, Licht: 0","25503","2","3","5","01","13","3","","0","1","1","0","0"
"POINT (6.909994369000060 50.905339845000071)","Unfall 25504 (2024) Kat:3, Licht: 2","25504","3","7","9","01","19","3","","2","0","1","0","0"
"POINT (6.946286874000066 50.850462390000075)","Unfall 25505 (2024) Kat:3, Licht: 2","25505","3","3","3","01","06","3","","2","0","1","0","0"
"POINT (6.963007727000047 50.934980247000055)","Unfall 25506 (2024) Kat:3, Licht: 2","25506","3","7","5","01","19","3","","2","0","1","0","0"
"POINT (6.864725775000068 50.918771092000043)","Unfall 25589 (2024) Kat:2, Licht: 2","25589","2","1","2","01","21","2","","2","0","1","0","0"
"POINT (7.055627740000034 50.891467606000049)","Unfall 25590 (2024) Kat:3, Licht: 2","25590","3","4","6","01","20","2","","2","0","1","1","0"
"POINT (7.012992755000028 50.973927127000081)","Unfall 25591 (2024) Kat:3, Licht: 0","25591","3","2","5","01","09","2","","0","1","0","0","0"
"POINT (6.910366821000025 51.027157158000080)","Unfall 25592 (2024) Kat:3, Licht: 2","25592","3","6","1","01","18","2","","2","0","1","0","0"
"POINT (6.853310703000034 50.999963403000038)","Unfall 25593 (2024) Kat:3, Licht: 0","25593","3","1","8","01","14","2","","0","0","1","0","0"
"POINT (6.923395828000025 50.865681404000043)","Unfall 25594 (2024) Kat:3, Licht: 2","25594","3","1","9","01","20","2","","2","0","1","0","0"
"POINT (6.914062336000029 50.929872054000043)","Unfall 25595 (2024) Kat:3, Licht: 0","25595","3","5","0","01","16","2","","0","1","1","0","0"
"POINT (6.914270126000076 50.903083085000048)","Unfall 25607 (2024) Kat:2, Licht: 2","25607","2","6","2","01","18","3","","2","0","1","0","0"
"POINT (6.970884928000032 50.936230054000077)","Unfall 25682 (2024) Kat:2, Licht: 2","25682","2","3","5","01","19","1","","2","0","1","0","0"
"POINT (6.953123886000071 50.935266254000055)","Unfall 25683 (2024) Kat:3, Licht: 2","25683","3","3","5","01","04","1","","2","0","1","0","0"
"POINT (6.932716098000071 50.948523437000063)","Unfall 25731 (2024) Kat:3, Licht: 2","25731","3","3","5","01","17","7","","2","1","1","0","0"
"POINT (6.910728050000046 50.925580495000077)","Unfall 25733 (2024) Kat:3, Licht: 2","25733","3","5","1","01","22","7","","2","1","1","0","0"
"POINT (6.912080794000076 50.897337121000078)","Unfall 25799 (2024) Kat:2, Licht: 2","25799","2","7","7","01","05","6","","2","0","1","0","0"
"POINT (7.014119196000024 51.013179590000050)","Unfall 25800 (2024) Kat:2, Licht: 2","25800","2","6","2","01","18","6","","2","0","1","0","0"
"POINT (7.044047957000032 50.953248518000066)","Unfall 25801 (2024) Kat:3, Licht: 0","25801","3","6","2","01","15","6","","0","0","1","0","0"
"POINT (6.938677533000032 50.952862034000077)","Unfall 25804 (2024) Kat:3, Licht: 0","25804","3","6","1","01","13","6","","0","0","1","0","0"
"POINT (6.932635452000056 50.920813736000071)","Unfall 25805 (2024) Kat:3, Licht: 2","25805","3","3","5","01","17","6","","2","1","1","0","0"
"POINT (6.911578972000029 50.928881275000037)","Unfall 25806 (2024) Kat:3, Licht: 0","25806","3","1","0","01","13","6","","0","1","0","0","0"
"POINT (6.928502320000064 50.927806982000050)","Unfall 25807 (2024) Kat:3, Licht: 0","25807","3","6","2","01","14","6","","0","0","1","0","0"
"POINT (6.928273415000035 50.863584887000059)","Unfall 25809 (2024) Kat:3, Licht: 2","25809","3","2","5","01","07","6","","2","0","1","0","0"
"POINT (6.859256984000069 50.975544659000036)","Unfall 25852 (2024) Kat:3, Licht: 0","25852","3","6","2","01","13","7","","0","0","1","0","0"
"POINT (6.876969550000069 51.007958473000031)","Unfall 25912 (2024) Kat:3, Licht: 2","25912","3","6","2","01","17","5","","2","0","1","0","0"
"POINT (6.896907958000043 50.992343860000062)","Unfall 25913 (2024) Kat:3, Licht: 0","25913","3","7","2","01","10","5","","0","0","1","0","0"
"POINT (6.909322993000046 50.898406474000069)","Unfall 25914 (2024) Kat:3, Licht: 2","25914","3","7","9","01","06","5","","2","0","1","0","0"
"POINT (7.100073130000055 50.858878392000065)","Unfall 25919 (2024) Kat:2, Licht: 2","25919","2","7","6","01","17","5","","2","0","1","1","0"
"POINT (7.028346961000068 50.957561046000080)","Unfall 25920 (2024) Kat:3, Licht: 0","25920","3","6","2","01","10","5","","0","0","1","0","0"
"POINT (6.918976189000034 50.952321964000078)","Unfall 25921 (2024) Kat:3, Licht: 0","25921","3","2","5","01","14","5","","0","1","0","0","0"
"POINT (6.925772765000033 50.859943387000044)","Unfall 25922 (2024) Kat:3, Licht: 2","25922","3","2","2","01","18","5","","2","0","1","0","0"
"POINT (7.012297459000024 50.913919263000082)","Unfall 26051 (2024) Kat:3, Licht: 2","26051","3","6","2","01","16","4","","2","0","1","0","0"
"POINT (6.914381841000022 50.896286733000068)","Unfall 26055 (2024) Kat:3, Licht: 2","26055","3","6","2","01","00","4","","2","0","1","0","0"
"POINT (7.035800979000044 50.952337023000041)","Unfall 26057 (2024) Kat:3, Licht: 2","26057","3","1","2","01","05","4","","2","0","1","0","0"
"POINT (6.879469622000045 51.058861773000046)","Unfall 26058 (2024) Kat:2, Licht: 0","26058","2","7","9","01","11","4","","0","0","1","0","0"
"POINT (6.908770875000073 50.927753862000031)","Unfall 26060 (2024) Kat:3, Licht: 2","26060","3","6","3","01","17","4","","2","1","0","0","0"
"POINT (6.915003636000051 50.920327269000040)","Unfall 26061 (2024) Kat:3, Licht: 0","26061","3","2","2","01","15","4","","0","0","1","0","0"
"POINT (6.981956599000057 50.902697926000030)","Unfall 26062 (2024) Kat:2, Licht: 2","26062","2","6","6","01","07","4","","2","1","0","1","0"
"POINT (7.071546990000058 50.920151055000076)","Unfall 26137 (2024) Kat:3, Licht: 2","26137","3","6","3","01","17","3","","2","0","1","0","0"
"POINT (7.014676367000050 51.006918812000038)","Unfall 26138 (2024) Kat:3, Licht: 0","26138","3","6","2","01","13","3","","0","0","1","0","0"
"POINT (6.908240138000053 50.936870980000037)","Unfall 26139 (2024) Kat:3, Licht: 2","26139","3","2","5","01","07","3","","2","1","1","0","0"
"POINT (6.957501169000068 50.859432383000069)","Unfall 26140 (2024) Kat:3, Licht: 2","26140","3","5","5","01","17","3","","2","0","1","0","1"
"POINT (7.045259135000038 50.895357083000079)","Unfall 26227 (2024) Kat:1, Licht: 0","26227","1","7","8","01","12","2","","0","0","0","0","1"
"POINT (7.059948254000062 50.907460843000081)","Unfall 26291 (2024) Kat:3, Licht: 0","26291","3","6","3","01","13","1","","0","0","1","0","0"
"POINT (7.082368241000040 50.881493541000054)","Unfall 26294 (2024) Kat:3, Licht: 0","26294","3","3","5","01","11","1","","0","0","1","0","0"
"POINT (6.949946940000075 50.955527805000031)","Unfall 26295 (2024) Kat:3, Licht: 1","26295","3","6","4","01","16","1","","1","1","0","0","0"
"POINT (6.928480372000024 50.945020891000070)","Unfall 26347 (2024) Kat:3, Licht: 2","26347","3","2","4","01","00","7","","2","1","1","0","0"
"POINT (6.943945081000038 50.945539537000059)","Unfall 26348 (2024) Kat:2, Licht: 2","26348","2","1","8","01","19","7","","2","1","0","0","0"
"POINT (6.953145309000035 50.935262320000049)","Unfall 26349 (2024) Kat:3, Licht: 1","26349","3","2","5","01","16","7","","1","0","1","0","1"
"POINT (6.850110133000044 50.937882501000047)","Unfall 26391 (2024) Kat:3, Licht: 2","26391","3","1","9","02","20","7","","2","0","1","0","0"
"POINT (7.069518914000071 50.882052830000077)","Unfall 26393 (2024) Kat:3, Licht: 0","26393","3","2","5","02","13","7","","0","1","1","0","0"
"POINT (7.043236631000070 50.896197168000072)","Unfall 26394 (2024) Kat:3, Licht: 0","26394","3","6","2","02","08","7","","0","0","1","0","0"
"POINT (6.998480712000060 50.937563110000042)","Unfall 26442 (2024) Kat:3, Licht: 0","26442","3","1","0","02","15","6","","0","1","0","0","0"
"POINT (7.008479019000049 50.938926205000030)","Unfall 26443 (2024) Kat:3, Licht: 0","26443","3","1","0","02","12","6","","0","1","0","0","0"
"POINT (6.948919165000063 50.993775397000036)","Unfall 26444 (2024) Kat:3, Licht: 2","26444","3","6","2","02","18","6","","2","0","1","0","0"
"POINT (6.922994474000063 50.932986964000065)","Unfall 26445 (2024) Kat:3, Licht: 0","26445","3","1","9","02","11","6","","0","1","0","0","0"
"POINT (6.953190494000069 50.935254021000048)","Unfall 26446 (2024) Kat:3, Licht: 2","26446","3","7","5","02","23","6","","2","1","1","0","0"
"POINT (6.948450867000076 50.930241661000082)","Unfall 26447 (2024) Kat:3, Licht: 2","26447","3","5","4","02","20","6","","2","1","1","0","0"
"POINT (7.000950301000046 50.957035196000049)","Unfall 26526 (2024) Kat:3, Licht: 0","26526","3","3","5","02","11","5","","0","0","1","0","1"
"POINT (6.893848748000039 50.937238625000077)","Unfall 26527 (2024) Kat:2, Licht: 2","26527","2","4","6","02","21","5","","2","0","1","1","0"
"POINT (6.966181496000047 50.922697910000068)","Unfall 26528 (2024) Kat:3, Licht: 0","26528","3","1","0","02","11","5","","0","0","0","0","1"
"POINT (7.016218659000060 50.914903941000034)","Unfall 26590 (2024) Kat:3, Licht: 1","26590","3","6","3","02","07","4","","1","0","1","0","0"
"POINT (7.039632006000033 50.918819000000042)","Unfall 26591 (2024) Kat:3, Licht: 0","26591","3","6","3","02","13","4","","0","0","1","0","0"
"POINT (7.047893246000058 50.907869554000058)","Unfall 26592 (2024) Kat:3, Licht: 0","26592","3","6","2","02","07","4","","0","0","1","0","0"
"POINT (6.981418646000066 50.937200342000040)","Unfall 26593 (2024) Kat:2, Licht: 2","26593","2","4","6","02","07","4","","2","0","1","1","0"
"POINT (6.947925837000071 50.981280697000045)","Unfall 26594 (2024) Kat:2, Licht: 2","26594","2","2","5","02","05","4","","2","0","0","0","0"
"POINT (6.843940655000040 50.938257030000045)","Unfall 26595 (2024) Kat:3, Licht: 2","26595","3","4","0","02","20","4","","2","0","1","1","0"
"POINT (6.930091788000027 50.909214881000025)","Unfall 26596 (2024) Kat:3, Licht: 2","26596","3","6","1","02","17","4","","2","0","1","0","0"
"POINT (6.951193904000036 50.972744202000058)","Unfall 26620 (2024) Kat:2, Licht: 2","26620","2","1","0","02","01","7","","2","1","0","0","0"
"POINT (6.845455565000066 50.914437943000053)","Unfall 26686 (2024) Kat:3, Licht: 2","26686","3","7","2","02","18","3","","2","0","1","0","0"
"POINT (7.071098644000074 50.965056608000054)","Unfall 26688 (2024) Kat:3, Licht: 0","26688","3","1","0","02","15","3","","0","1","0","0","0"
"POINT (7.026421563000042 50.998147777000042)","Unfall 26689 (2024) Kat:3, Licht: 0","26689","3","3","5","02","07","3","","0","0","1","0","0"
"POINT (6.904118021000045 50.926554919000068)","Unfall 26690 (2024) Kat:3, Licht: 0","26690","3","5","5","02","11","3","","0","0","1","0","0"
"POINT (6.966537916000050 50.903973055000051)","Unfall 26691 (2024) Kat:3, Licht: 0","26691","3","3","5","02","08","3","","0","1","1","0","0"
"POINT (6.957042133000073 50.951271377000069)","Unfall 26692 (2024) Kat:3, Licht: 0","26692","3","6","6","02","14","3","","0","1","0","1","0"
"POINT (6.878920877000041 51.006278963000057)","Unfall 26758 (2024) Kat:3, Licht: 0","26758","3","6","2","02","15","2","","0","0","1","0","0"
"POINT (6.938001596000049 51.021398347000058)","Unfall 26759 (2024) Kat:3, Licht: 2","26759","3","1","8","02","05","2","","2","0","0","0","0"
"POINT (7.055952607000052 50.927896066000073)","Unfall 26761 (2024) Kat:3, Licht: 0","26761","3","1","0","02","16","2","","0","0","1","0","0"
"POINT (7.076404023000066 50.881102531000067)","Unfall 26762 (2024) Kat:3, Licht: 0","26762","3","6","2","02","09","2","","0","0","1","0","0"
"POINT (7.096058028000073 50.844730050000067)","Unfall 26763 (2024) Kat:3, Licht: 0","26763","3","6","2","02","08","2","","0","0","1","0","0"
"POINT (7.005694259000052 50.963751800000068)","Unfall 26764 (2024) Kat:3, Licht: 0","26764","3","2","0","02","11","2","","0","0","1","0","0"
"POINT (6.890417554000067 50.924678670000048)","Unfall 26765 (2024) Kat:2, Licht: 2","26765","2","2","4","02","20","2","","2","0","1","0","0"
"POINT (6.916725404000033 50.905533319000028)","Unfall 26841 (2024) Kat:2, Licht: 2","26841","2","6","3","02","05","1","","2","1","1","0","0"
"POINT (6.979082211000048 50.849215054000069)","Unfall 26842 (2024) Kat:3, Licht: 2","26842","3","2","5","02","06","1","","2","0","1","0","1"
"POINT (6.936846028000048 50.935370005000038)","Unfall 26843 (2024) Kat:3, Licht: 1","26843","3","6","2","02","16","1","","1","0","1","0","0"
"POINT (6.969040479000057 50.955891963000056)","Unfall 26893 (2024) Kat:3, Licht: 1","26893","3","2","3","02","19","7","","1","0","1","0","0"
"POINT (6.940614005000043 50.931124653000040)","Unfall 26894 (2024) Kat:3, Licht: 2","26894","3","1","0","02","21","7","","2","1","0","0","0"
"POINT (7.031998025000064 50.968765660000031)","Unfall 26961 (2024) Kat:2, Licht: 2","26961","2","1","0","02","22","6","","2","0","0","0","1"
"POINT (7.041575992000048 50.928883866000035)","Unfall 26964 (2024) Kat:3, Licht: 0","26964","3","1","0","02","10","6","","0","0","0","0","0"
"POINT (7.088669058000050 50.853982744000064)","Unfall 26965 (2024) Kat:3, Licht: 0","26965","3","4","6","02","10","6","","0","0","1","1","0"
"POINT (7.070730103000074 50.909601877000057)","Unfall 26966 (2024) Kat:3, Licht: 2","26966","3","2","4","02","05","6","","2","1","1","0","0"
"POINT (7.027128365000067 50.965874935000045)","Unfall 26968 (2024) Kat:2, Licht: 0","26968","2","2","5","02","15","6","","0","1","0","0","0"
"POINT (7.022195352000040 50.980033112000058)","Unfall 26969 (2024) Kat:3, Licht: 2","26969","3","6","3","02","06","6","","2","0","1","0","1"
"POINT (6.889152418000037 50.937550418000058)","Unfall 26970 (2024) Kat:3, Licht: 0","26970","3","2","2","02","08","6","","0","1","0","0","0"
"POINT (6.947957490000022 50.872887914000046)","Unfall 26971 (2024) Kat:3, Licht: 0","26971","3","1","0","02","09","6","","0","1","0","0","0"
"POINT (6.940613677000044 50.931125409000060)","Unfall 26972 (2024) Kat:3, Licht: 2","26972","3","1","0","02","18","6","","2","1","0","0","0"
"POINT (6.932621428000061 50.936560968000038)","Unfall 26973 (2024) Kat:3, Licht: 0","26973","3","5","1","02","14","6","","0","1","1","0","0"
"POINT (6.932599958000026 50.935488716000066)","Unfall 26974 (2024) Kat:3, Licht: 0","26974","3","7","6","02","11","6","","0","0","0","1","0"
"POINT (6.991869197000028 50.890090877000034)","Unfall 26977 (2024) Kat:3, Licht: 1","26977","3","3","5","02","17","3","","1","0","1","0","0"
"POINT (6.912296423000043 50.929163569000082)","Unfall 26999 (2024) Kat:3, Licht: 0","26999","3","5","1","02","14","6","","0","1","0","0","0"
"POINT (6.908224761000042 50.936816853000039)","Unfall 27040 (2024) Kat:3, Licht: 2","27040","3","2","0","02","06","4","","2","0","1","1","0"
"POINT (6.840332709000052 51.034974420000026)","Unfall 27046 (2024) Kat:3, Licht: 2","27046","3","6","2","02","18","5","","2","0","1","0","0"
"POINT (7.032863101000032 50.962951277000059)","Unfall 27047 (2024) Kat:3, Licht: 0","27047","3","6","2","02","13","5","","0","0","1","0","0"
"POINT (7.000940333000074 50.937721875000079)","Unfall 27048 (2024) Kat:3, Licht: 0","27048","3","5","1","02","16","5","","0","0","1","0","0"
"POINT (7.009725428000024 50.962565959000074)","Unfall 27049 (2024) Kat:3, Licht: 0","27049","3","7","3","02","16","5","","0","0","1","0","0"
"POINT (7.022019047000072 50.979902871000036)","Unfall 27050 (2024) Kat:2, Licht: 0","27050","2","1","0","02","07","5","","0","1","0","0","0"
"POINT (6.957171122000034 50.954223595000030)","Unfall 27051 (2024) Kat:2, Licht: 0","27051","2","1","0","02","13","5","","0","0","0","0","0"
"POINT (6.883525219000035 50.937737873000060)","Unfall 27052 (2024) Kat:3, Licht: 0","27052","3","3","5","02","10","5","","0","1","1","0","0"
"POINT (6.929868429000066 50.925759886000037)","Unfall 27053 (2024) Kat:3, Licht: 0","27053","3","3","5","02","16","5","","0","0","0","0","1"
"POINT (6.965377316000058 50.903896083000063)","Unfall 27054 (2024) Kat:3, Licht: 0","27054","3","1","8","02","14","5","","0","1","1","0","0"
"POINT (6.969703256000059 50.883096743000067)","Unfall 27055 (2024) Kat:3, Licht: 0","27055","3","1","2","02","08","5","","0","0","1","0","1"
"POINT (6.912328309000031 50.923838758000045)","Unfall 27056 (2024) Kat:3, Licht: 2","27056","3","1","0","02","06","5","","2","1","0","0","0"
"POINT (6.957047954000075 50.951357320000056)","Unfall 27057 (2024) Kat:3, Licht: 0","27057","3","7","5","02","15","5","","0","0","1","0","1"
"POINT (6.926040603000047 50.941260893000049)","Unfall 27086 (2024) Kat:2, Licht: 0","27086","2","7","8","02","11","3","","0","0","1","0","0"
"POINT (7.024348684000074 50.945355586000062)","Unfall 27152 (2024) Kat:2, Licht: 0","27152","2","1","0","01","16","4","","0","0","0","0","0"
"POINT (6.989311276000024 50.917642827000066)","Unfall 27153 (2024) Kat:2, Licht: 2","27153","2","7","0","01","06","4","","2","1","0","1","0"
"POINT (7.042039145000047 50.968930239000031)","Unfall 27154 (2024) Kat:3, Licht: 0","27154","3","5","0","01","14","4","","0","1","1","0","0"
"POINT (7.027379205000045 50.983949129000052)","Unfall 27155 (2024) Kat:3, Licht: 1","27155","3","5","0","01","07","4","","1","1","0","0","0"
"POINT (6.928274061000025 50.863586131000034)","Unfall 27156 (2024) Kat:3, Licht: 2","27156","3","2","5","01","18","4","","2","1","0","0","0"
"POINT (6.908181338000077 50.936929607000081)","Unfall 27169 (2024) Kat:3, Licht: 0","27169","3","2","5","02","12","6","","0","0","1","0","0"
"POINT (7.016806162000023 50.976334936000057)","Unfall 27197 (2024) Kat:3, Licht: 2","27197","3","3","5","01","21","4","","2","0","1","0","0"
"POINT (6.898490220000042 50.937136186000032)","Unfall 27219 (2024) Kat:3, Licht: 2","27219","3","5","3","01","18","3","","2","1","1","0","0"
"POINT (6.941481014000033 50.929628327000046)","Unfall 27220 (2024) Kat:2, Licht: 0","27220","2","6","3","01","09","3","","0","0","1","0","0"
"POINT (6.898801178000042 51.000213095000049)","Unfall 27280 (2024) Kat:3, Licht: 2","27280","3","6","2","01","05","2","","2","0","1","0","0"
"POINT (6.870817055000032 50.937788839000063)","Unfall 27285 (2024) Kat:3, Licht: 0","27285","3","2","5","01","15","2","","0","1","1","0","0"
"POINT (6.949132199000076 50.935637239000073)","Unfall 27286 (2024) Kat:3, Licht: 0","27286","3","6","6","01","15","2","","0","1","0","1","0"
"POINT (6.962508415000059 50.936276034000059)","Unfall 27287 (2024) Kat:3, Licht: 0","27287","3","6","1","01","08","2","","0","0","1","0","0"
"POINT (6.984909234000042 50.894873983000082)","Unfall 27358 (2024) Kat:3, Licht: 0","27358","3","6","2","01","10","1","","0","0","1","0","0"
"POINT (6.978498842000022 50.939408926000056)","Unfall 27360 (2024) Kat:2, Licht: 2","27360","2","4","6","01","19","1","","2","0","1","1","0"
"POINT (6.999096050000048 50.867699745000039)","Unfall 27362 (2024) Kat:3, Licht: 0","27362","3","2","2","01","12","1","","0","0","1","0","0"
"POINT (6.930026473000055 50.917966075000038)","Unfall 27363 (2024) Kat:3, Licht: 2","27363","3","5","1","01","05","1","","2","0","1","0","0"
"POINT (6.848844191000069 51.026652669000043)","Unfall 27413 (2024) Kat:3, Licht: 0","27413","3","6","2","02","13","6","","0","0","1","0","0"
"POINT (7.000973388000034 50.957104338000079)","Unfall 27417 (2024) Kat:3, Licht: 0","27417","3","6","1","02","12","5","","0","0","1","0","1"
"POINT (6.867724134000071 51.040298833000065)","Unfall 27427 (2024) Kat:3, Licht: 2","27427","3","6","4","01","03","7","","2","0","1","0","0"
"POINT (6.911142935000044 50.928710881000029)","Unfall 27429 (2024) Kat:3, Licht: 1","27429","3","5","2","01","16","7","","1","0","1","0","1"
"POINT (7.003144038000073 50.910116966000032)","Unfall 27527 (2024) Kat:3, Licht: 2","27527","3","6","2","01","07","6","","2","0","1","0","0"
"POINT (7.067989546000035 50.908424624000077)","Unfall 27528 (2024) Kat:3, Licht: 2","27528","3","2","5","01","18","6","","2","0","1","0","0"
"POINT (7.027887191000048 50.942768326000078)","Unfall 27530 (2024) Kat:3, Licht: 0","27530","3","1","8","01","12","6","","0","0","1","0","0"
"POINT (7.062700151000058 50.905307565000044)","Unfall 27532 (2024) Kat:3, Licht: 0","27532","3","6","2","01","11","6","","0","0","1","0","0"
"POINT (6.902239937000047 50.937051294000071)","Unfall 27533 (2024) Kat:3, Licht: 0","27533","3","6","0","01","15","6","","0","1","1","0","0"
"POINT (6.932600008000065 50.935477589000072)","Unfall 27534 (2024) Kat:3, Licht: 0","27534","3","6","2","01","16","6","","0","0","1","0","1"
"POINT (6.963009169000031 50.934961548000047)","Unfall 27535 (2024) Kat:3, Licht: 2","27535","3","2","6","01","18","6","","2","0","1","1","0"
"POINT (7.032737096000062 50.917634062000047)","Unfall 27567 (2024) Kat:2, Licht: 2","27567","2","6","2","01","18","7","","2","0","1","0","0"
"POINT (7.094067572000029 50.885831429000064)","Unfall 27638 (2024) Kat:3, Licht: 0","27638","3","6","3","01","14","5","","0","0","1","0","0"
"POINT (7.083931558000074 50.863019038000061)","Unfall 27639 (2024) Kat:3, Licht: 0","27639","3","3","0","01","10","5","","0","1","1","0","0"
"POINT (6.932842178000044 50.948626503000071)","Unfall 27640 (2024) Kat:3, Licht: 2","27640","3","2","5","01","06","5","","2","0","0","0","1"
"POINT (6.910170164000021 50.926200078000079)","Unfall 27641 (2024) Kat:2, Licht: 2","27641","2","2","6","01","19","5","","2","0","1","1","0"
"POINT (6.837628996000035 51.039795191000053)","Unfall 27657 (2024) Kat:3, Licht: 0","27657","3","3","5","01","07","5","","0","0","1","0","0"
"POINT (6.947269643000027 50.930301949000068)","Unfall 27689 (2024) Kat:3, Licht: 2","27689","3","6","3","02","18","7","","2","0","1","0","0"
"POINT (6.840164391000030 50.926938393000057)","Unfall 27733 (2024) Kat:2, Licht: 2","27733","2","6","2","01","17","4","","2","0","1","0","0"
"POINT (6.984113734000061 50.894148902000040)","Unfall 27736 (2024) Kat:3, Licht: 0","27736","3","6","2","01","15","4","","0","0","1","0","0"