WKT,Name,OBJECTID,UKATEGORIE,UTYP1,UART,UMONAT,USTUNDE,UWOCHENTAG,STRZUSTAND,ULICHTVERH,ISTRAD,ISTPKW,ISTFUSS,ISTKRAD
"POINT (7.091328752000038 50.918550964000076)","Unfall 27739 (2024) Kat:3, Licht: 0","27739","3","6","2","01","09","4","","0","0","1","0","0"
"POINT (7.093124671000055 50.929583105000063)","Unfall 27740 (2024) Kat:3, Licht: 0","27740","3","2","2","01","12","4","","0","0","1","0","0"
"POINT (7.039677882000035 50.929730430000063)","Unfall 27742 (2024) Kat:3, Licht: 1","27742","3","3","5","01","07","4","","1","1","1","0","0"
"POINT (7.002853168000058 50.979423288000078)","Unfall 27743 (2024) Kat:3, Licht: 2","27743","3","6","2","01","06","4","","2","0","1","0","0"
"POINT (6.912875508000070 50.936951916000055)","Unfall 27745 (2024) Kat:2, Licht: 0","27745","2","2","5","01","12","4","","0","0","1","0","0"
"POINT (6.961967603000062 50.921411645000035)","Unfall 27746 (2024) Kat:3, Licht: 2","27746","3","3","5","01","17","4","","2","0","1","0","0"
"POINT (6.849945642000023 50.951160333000075)","Unfall 27857 (2024) Kat:2, Licht: 0","27857","2","1","0","01","10","3","","0","0","0","0","0"
"POINT (7.095299853000029 50.844531898000071)","Unfall 27858 (2024) Kat:3, Licht: 2","27858","3","7","8","01","06","3","","2","0","1","0","0"
"POINT (7.097734397000067 50.851489458000060)","Unfall 27860 (2024) Kat:3, Licht: 0","27860","3","6","2","01","08","3","","0","0","1","0","0"
"POINT (7.033247858000038 50.938625898000055)","Unfall 27862 (2024) Kat:3, Licht: 2","27862","3","3","0","01","22","3","","2","0","1","0","0"
"POINT (7.058065648000024 50.882452434000072)","Unfall 27863 (2024) Kat:3, Licht: 2","27863","3","4","6","01","17","3","","2","0","1","1","0"
"POINT (7.084047095000074 50.863128568000036)","Unfall 27864 (2024) Kat:3, Licht: 1","27864","3","3","6","01","17","3","","1","0","1","1","0"
"POINT (7.083498165000037 50.869512248000035)","Unfall 27865 (2024) Kat:2, Licht: 0","27865","2","1","8","01","15","3","","0","0","0","0","1"
"POINT (6.851761299000032 51.048820277000061)","Unfall 27866 (2024) Kat:3, Licht: 2","27866","3","2","6","01","19","3","","2","0","1","1","0"
"POINT (6.859020736000048 50.975615201000039)","Unfall 27868 (2024) Kat:3, Licht: 0","27868","3","6","2","01","13","6","","0","0","1","0","0"
"POINT (7.048316595000074 50.952576529000055)","Unfall 27903 (2024) Kat:3, Licht: 2","27903","3","6","3","02","05","6","","2","0","1","0","0"
"POINT (6.912233394000054 50.906543177000060)","Unfall 27922 (2024) Kat:3, Licht: 2","27922","3","2","5","02","00","6","","2","0","1","0","0"
"POINT (7.012455410000030 50.995320845000037)","Unfall 27971 (2024) Kat:3, Licht: 0","27971","3","6","3","01","08","3","","0","0","1","0","0"
"POINT (7.049825952000049 50.873377728000037)","Unfall 27977 (2024) Kat:3, Licht: 0","27977","3","2","5","01","16","2","","0","1","1","0","0"
"POINT (7.109024911000063 50.852689609000038)","Unfall 27986 (2024) Kat:3, Licht: 0","27986","3","7","0","01","14","4","","0","0","1","0","0"
"POINT (7.007443017000071 50.960152175000076)","Unfall 28017 (2024) Kat:3, Licht: 1","28017","3","6","1","01","17","4","","1","0","1","0","0"
"POINT (7.014101358000062 51.013266587000032)","Unfall 28053 (2024) Kat:2, Licht: 2","28053","2","6","2","01","17","1","","2","0","1","0","0"
"POINT (7.018338177000032 50.933505394000065)","Unfall 28054 (2024) Kat:3, Licht: 0","28054","3","2","5","01","09","1","","0","0","1","0","0"
"POINT (7.089996725000049 50.951051611000082)","Unfall 28136 (2024) Kat:3, Licht: 0","28136","3","6","3","03","07","6","","0","0","1","0","0"
"POINT (7.039499797000076 50.931312352000077)","Unfall 28138 (2024) Kat:3, Licht: 0","28138","3","6","2","03","08","6","","0","0","1","0","0"
"POINT (6.982332958000029 50.943532174000040)","Unfall 28139 (2024) Kat:3, Licht: 0","28139","3","2","3","03","13","6","","0","0","1","0","0"
"POINT (6.957077865000031 50.954411362000030)","Unfall 28140 (2024) Kat:2, Licht: 0","28140","2","7","0","03","13","6","","0","1","0","0","0"
"POINT (6.906215263000036 50.902962746000071)","Unfall 28141 (2024) Kat:3, Licht: 0","28141","3","1","0","03","17","6","","0","0","0","0","1"
"POINT (6.870486219000043 50.916176868000036)","Unfall 28227 (2024) Kat:2, Licht: 2","28227","2","6","2","03","00","5","","2","0","1","0","0"
"POINT (7.021033112000055 50.940282999000033)","Unfall 28231 (2024) Kat:3, Licht: 0","28231","3","3","5","03","17","5","","0","1","1","0","0"
"POINT (7.082481940000037 50.946442973000046)","Unfall 28232 (2024) Kat:3, Licht: 0","28232","3","1","8","03","10","5","","0","0","1","1","0"
"POINT (7.005909854000038 50.964916343000027)","Unfall 28233 (2024) Kat:3, Licht: 0","28233","3","7","3","03","07","5","","0","0","1","0","1"
"POINT (6.947919877000061 50.981318016000046)","Unfall 28234 (2024) Kat:3, Licht: 0","28234","3","3","0","03","07","5","","0","0","1","0","1"
"POINT (6.974786854000058 50.893939362000026)","Unfall 28235 (2024) Kat:3, Licht: 0","28235","3","6","2","03","16","5","","0","0","1","0","0"
"POINT (7.025738477000061 50.940239707000046)","Unfall 28305 (2024) Kat:2, Licht: 2","28305","2","4","6","03","20","4","","2","0","1","1","0"
"POINT (7.001151670000070 50.937739240000042)","Unfall 28306 (2024) Kat:3, Licht: 0","28306","3","5","0","03","18","4","","0","1","1","0","0"
"POINT (7.007532585000035 50.947347990000026)","Unfall 28307 (2024) Kat:3, Licht: 2","28307","3","6","2","03","18","4","","2","0","1","0","0"
"POINT (7.068064732000039 50.908463164000068)","Unfall 28308 (2024) Kat:3, Licht: 0","28308","3","2","4","03","14","4","","0","0","1","0","0"
"POINT (6.971596496000075 50.937958057000060)","Unfall 28309 (2024) Kat:3, Licht: 2","28309","3","5","1","03","20","4","","2","1","1","0","0"
"POINT (6.896539692000033 50.994372939000073)","Unfall 28360 (2024) Kat:3, Licht: 0","28360","3","6","2","03","11","3","","0","0","1","0","0"
"POINT (7.025029891000031 50.919488030000082)","Unfall 28361 (2024) Kat:3, Licht: 2","28361","3","6","2","03","19","3","","2","0","1","0","0"
"POINT (6.996680721000075 50.998665113000072)","Unfall 28362 (2024) Kat:3, Licht: 0","28362","3","6","2","03","16","3","","0","0","1","0","0"
"POINT (6.944844076000038 50.987778794000064)","Unfall 28363 (2024) Kat:3, Licht: 0","28363","3","1","0","03","15","3","","0","0","0","0","1"
"POINT (6.875263388000064 51.000391193000041)","Unfall 28364 (2024) Kat:3, Licht: 0","28364","3","7","5","03","13","3","","0","0","1","0","0"
"POINT (6.883285558000068 50.937852670000041)","Unfall 28365 (2024) Kat:2, Licht: 0","28365","2","1","0","03","17","3","","0","1","0","0","0"
"POINT (6.900828948000026 50.912160529000062)","Unfall 28366 (2024) Kat:3, Licht: 0","28366","3","7","0","03","11","3","","0","0","0","0","1"
"POINT (6.989859003000049 50.896852836000051)","Unfall 28367 (2024) Kat:3, Licht: 0","28367","3","2","4","03","08","3","","0","1","1","0","0"
"POINT (6.914280356000063 50.921645540000043)","Unfall 28436 (2024) Kat:3, Licht: 2","28436","3","2","5","03","22","2","","2","1","1","0","0"
"POINT (6.937558522000074 50.925325358000066)","Unfall 28437 (2024) Kat:3, Licht: 2","28437","3","5","0","03","22","2","","2","1","1","0","0"
"POINT (6.950140112000042 50.935469670000032)","Unfall 28438 (2024) Kat:3, Licht: 0","28438","3","2","3","03","17","2","","0","1","1","0","0"
"POINT (7.087288952000051 50.926253559000031)","Unfall 28505 (2024) Kat:2, Licht: 0","28505","2","7","4","03","11","1","","0","0","1","0","0"
"POINT (7.006899474000022 50.971532820000050)","Unfall 28507 (2024) Kat:3, Licht: 1","28507","3","5","1","03","18","1","","1","0","1","0","0"
"POINT (6.920381937000059 50.968366641000046)","Unfall 28584 (2024) Kat:2, Licht: 2","28584","2","1","9","03","18","7","","2","0","1","0","0"
"POINT (7.023032005000061 50.940295555000034)","Unfall 28585 (2024) Kat:3, Licht: 0","28585","3","2","5","03","13","7","","0","0","1","0","0"
"POINT (7.082547972000043 50.881039136000027)","Unfall 28586 (2024) Kat:3, Licht: 0","28586","3","7","4","03","12","7","","0","0","1","0","0"
"POINT (6.865808589000039 50.937853879000045)","Unfall 28587 (2024) Kat:3, Licht: 0","28587","3","1","0","03","12","7","","0","1","0","0","0"
"POINT (7.095369667000057 50.872081226000034)","Unfall 28680 (2024) Kat:3, Licht: 0","28680","3","6","2","03","13","6","","0","0","1","0","0"
"POINT (6.940233083000066 50.968239828000037)","Unfall 28682 (2024) Kat:3, Licht: 2","28682","3","6","3","03","20","6","","2","0","1","0","1"
"POINT (6.953144648000034 50.935262442000067)","Unfall 28684 (2024) Kat:2, Licht: 2","28684","2","3","5","03","23","6","","2","0","1","0","1"
"POINT (6.937223133000032 50.931438108000066)","Unfall 28685 (2024) Kat:3, Licht: 0","28685","3","5","0","03","12","6","","0","0","1","0","1"
"POINT (6.887824984000076 50.908330418000048)","Unfall 28784 (2024) Kat:2, Licht: 1","28784","2","6","2","02","18","5","","1","0","1","0","0"
"POINT (6.851734585000031 50.979857160000051)","Unfall 28786 (2024) Kat:3, Licht: 1","28786","3","6","2","02","18","5","","1","0","1","0","0"
"POINT (6.968825315000061 50.859714235000069)","Unfall 28787 (2024) Kat:1, Licht: 2","28787","1","4","6","02","18","5","","2","0","1","1","0"
"POINT (7.013058491000038 50.997967687000028)","Unfall 28789 (2024) Kat:3, Licht: 2","28789","3","6","2","02","18","5","","2","0","1","0","0"
"POINT (7.031512054000075 50.913343442000041)","Unfall 28790 (2024) Kat:3, Licht: 0","28790","3","6","2","02","08","5","","0","0","1","0","0"
"POINT (7.100927871000067 50.899740659000031)","Unfall 28791 (2024) Kat:3, Licht: 0","28791","3","6","2","02","15","5","","0","0","1","0","0"
"POINT (7.028272121000043 50.957627288000026)","Unfall 28792 (2024) Kat:3, Licht: 0","28792","3","6","2","02","09","5","","0","0","1","0","0"
"POINT (7.000552674000062 50.955817765000063)","Unfall 28793 (2024) Kat:1, Licht: 0","28793","1","2","5","02","08","5","","0","1","0","0","0"
"POINT (6.975820562000024 50.852601305000064)","Unfall 28794 (2024) Kat:3, Licht: 0","28794","3","1","8","02","12","5","","0","0","0","0","1"
"POINT (6.963157954000053 50.936521477000042)","Unfall 28795 (2024) Kat:3, Licht: 0","28795","3","6","3","02","16","5","","0","0","1","0","0"
"POINT (6.931405343000051 51.018830076000029)","Unfall 28867 (2024) Kat:3, Licht: 0","28867","3","6","2","02","08","4","","0","0","1","0","0"
"POINT (7.073095978000026 50.919972270000073)","Unfall 28868 (2024) Kat:3, Licht: 2","28868","3","6","2","02","18","4","","2","0","1","0","0"
"POINT (7.076745522000067 50.897613510000042)","Unfall 28870 (2024) Kat:3, Licht: 0","28870","3","3","5","02","17","4","","0","1","1","0","0"
"POINT (6.924812759000076 50.913346159000071)","Unfall 28871 (2024) Kat:3, Licht: 2","28871","3","6","2","02","18","4","","2","0","1","0","0"
"POINT (6.952214732000073 50.935413063000055)","Unfall 28878 (2024) Kat:2, Licht: 0","28878","2","4","6","03","18","2","","0","1","0","1","0"
"POINT (7.033055439000066 50.938735807000057)","Unfall 28908 (2024) Kat:3, Licht: 0","28908","3","6","3","03","11","1","","0","0","1","0","1"
"POINT (6.990646682000033 50.899616446000039)","Unfall 28952 (2024) Kat:3, Licht: 0","28952","3","6","3","02","14","3","","0","0","1","0","0"
"POINT (7.010114492000071 50.939210508000031)","Unfall 28953 (2024) Kat:2, Licht: 2","28953","2","6","6","02","18","3","","2","1","0","1","0"
"POINT (7.067086680000045 50.907832727000027)","Unfall 28954 (2024) Kat:3, Licht: 0","28954","3","6","2","02","11","3","","0","0","1","0","0"
"POINT (7.078468498000063 50.983194441000080)","Unfall 28955 (2024) Kat:3, Licht: 0","28955","3","6","6","02","16","3","","0","0","1","1","0"
"POINT (6.830411024000057 50.962945730000058)","Unfall 28956 (2024) Kat:2, Licht: 0","28956","2","1","7","02","07","3","","0","0","1","0","0"
"POINT (6.909464123000021 50.927035998000065)","Unfall 28957 (2024) Kat:3, Licht: 0","28957","3","1","3","02","07","3","","0","0","1","0","1"
"POINT (7.097733448000042 50.851502669000070)","Unfall 28960 (2024) Kat:2, Licht: 0","28960","2","6","2","03","14","6","","0","0","1","0","1"
"POINT (6.972699879000061 50.887073231000045)","Unfall 28972 (2024) Kat:3, Licht: 0","28972","3","6","3","02","15","3","","0","0","1","0","0"
"POINT (7.015508227000055 50.951911034000034)","Unfall 29065 (2024) Kat:3, Licht: 0","29065","3","6","1","02","07","2","","0","0","1","0","0"
"POINT (6.940995705000034 50.953777351000042)","Unfall 29066 (2024) Kat:2, Licht: 2","29066","2","1","0","02","19","2","","2","1","0","0","0"
"POINT (6.931675743000028 50.919877600000063)","Unfall 29068 (2024) Kat:3, Licht: 0","29068","3","3","5","02","14","2","","0","1","0","0","0"
"POINT (6.956923868000047 50.950205127000061)","Unfall 29069 (2024) Kat:3, Licht: 0","29069","3","6","6","02","08","2","","0","1","0","1","0"
"POINT (6.939808606000042 51.022401500000058)","Unfall 29130 (2024) Kat:3, Licht: 2","29130","3","6","2","02","18","1","","2","0","1","0","0"
"POINT (6.867562340000063 50.989781685000025)","Unfall 29189 (2024) Kat:3, Licht: 0","29189","3","6","2","02","16","7","","0","0","1","0","0"
"POINT (6.916555987000038 50.950219783000080)","Unfall 29190 (2024) Kat:3, Licht: 0","29190","3","4","0","02","15","7","","0","0","0","1","0"
"POINT (6.940616961000046 50.931117845000074)","Unfall 29191 (2024) Kat:3, Licht: 2","29191","3","6","2","02","19","7","","2","0","1","0","0"
"POINT (6.962743627000066 50.930101114000081)","Unfall 29192 (2024) Kat:3, Licht: 0","29192","3","7","1","02","15","7","","0","0","1","0","0"
"POINT (6.938983674000042 50.936426340000025)","Unfall 29194 (2024) Kat:3, Licht: 2","29194","3","7","2","02","01","7","","2","0","1","0","0"
"POINT (7.039465008000036 50.968402411000056)","Unfall 29213 (2024) Kat:3, Licht: 1","29213","3","6","3","02","17","3","","1","1","0","0","0"
"POINT (7.098723053000072 50.948208240000042)","Unfall 29273 (2024) Kat:3, Licht: 2","29273","3","6","3","02","20","6","","2","0","1","0","0"
"POINT (7.005071542000053 50.963517759000069)","Unfall 29274 (2024) Kat:3, Licht: 2","29274","3","6","2","02","18","6","","2","0","1","0","0"
"POINT (7.013648981000074 50.974727934000043)","Unfall 29275 (2024) Kat:3, Licht: 0","29275","3","3","5","02","14","6","","0","0","1","0","0"
"POINT (6.981536551000033 50.960807643000066)","Unfall 29277 (2024) Kat:3, Licht: 0","29277","3","1","0","02","13","6","","0","0","0","0","1"
"POINT (6.940176075000068 50.968231635000052)","Unfall 29278 (2024) Kat:3, Licht: 0","29278","3","6","2","02","13","6","","0","0","1","0","0"
"POINT (6.953158055000074 50.935259979000080)","Unfall 29280 (2024) Kat:3, Licht: 0","29280","3","2","5","02","10","6","","0","1","1","0","0"
"POINT (6.880775528000072 51.004857664000042)","Unfall 29282 (2024) Kat:3, Licht: 0","29282","3","6","2","03","12","7","","0","0","1","0","0"
"POINT (6.932728138000073 50.948533317000056)","Unfall 29343 (2024) Kat:3, Licht: 0","29343","3","2","0","03","16","6","","0","1","1","0","0"
"POINT (6.957225346000030 50.953595081000060)","Unfall 29358 (2024) Kat:3, Licht: 0","29358","3","5","5","02","14","5","","0","1","1","0","0"
"POINT (6.924731369000028 50.912934866000057)","Unfall 29359 (2024) Kat:3, Licht: 1","29359","3","6","2","02","18","5","","1","0","1","0","0"
"POINT (6.958059149000064 50.935418707000053)","Unfall 29360 (2024) Kat:3, Licht: 2","29360","3","7","3","02","19","5","","2","0","1","0","0"
"POINT (6.934433497000043 50.932993889000045)","Unfall 29435 (2024) Kat:3, Licht: 2","29435","3","2","6","02","21","4","","2","0","1","1","0"
"POINT (6.942545508000023 50.935921532000066)","Unfall 29436 (2024) Kat:3, Licht: 1","29436","3","1","0","02","17","4","","1","1","0","0","0"
"POINT (6.924707957000066 50.858841225000049)","Unfall 29509 (2024) Kat:3, Licht: 0","29509","3","5","5","02","10","3","","0","0","1","0","1"
"POINT (6.971464273000038 50.904745147000028)","Unfall 29510 (2024) Kat:3, Licht: 0","29510","3","1","0","02","10","3","","0","1","0","0","0"
"POINT (7.087311056000033 50.896158372000059)","Unfall 29605 (2024) Kat:3, Licht: 0","29605","3","6","2","02","11","2","","0","0","1","0","0"
"POINT (7.031065085000023 50.968838329000050)","Unfall 29607 (2024) Kat:3, Licht: 1","29607","3","1","9","02","07","2","","1","0","0","0","1"
"POINT (7.055746958000043 50.885549642000058)","Unfall 29610 (2024) Kat:3, Licht: 0","29610","3","6","2","02","11","2","","0","0","1","0","0"
"POINT (7.004702812000062 50.962933446000079)","Unfall 29611 (2024) Kat:3, Licht: 0","29611","3","6","0","02","15","2","","0","0","1","0","0"
"POINT (6.927377726000032 50.959367033000035)","Unfall 29612 (2024) Kat:3, Licht: 0","29612","3","2","2","02","16","2","","0","0","1","0","1"
"POINT (6.957905120000021 50.849288959000035)","Unfall 29613 (2024) Kat:3, Licht: 0","29613","3","6","3","02","15","2","","0","0","1","0","0"
"POINT (6.994473364000044 50.888511962000052)","Unfall 29614 (2024) Kat:3, Licht: 0","29614","3","7","6","02","16","2","","0","0","1","1","0"
"POINT (7.055669343000034 50.883595418000027)","Unfall 29704 (2024) Kat:3, Licht: 2","29704","3","6","1","02","19","1","","2","0","1","0","0"
"POINT (7.000758658000052 50.956157394000059)","Unfall 29705 (2024) Kat:3, Licht: 2","29705","3","7","5","02","23","1","","2","0","1","0","0"
"POINT (7.014720470000043 50.975303133000068)","Unfall 29707 (2024) Kat:3, Licht: 0","29707","3","1","0","02","12","1","","0","0","0","0","1"
"POINT (6.940357798000036 50.942211365000048)","Unfall 29727 (2024) Kat:3, Licht: 0","29727","3","7","3","02","12","6","","0","1","1","0","0"
"POINT (7.010815212000068 50.947681269000043)","Unfall 29763 (2024) Kat:3, Licht: 1","29763","3","6","2","02","17","7","","1","0","1","0","0"
"POINT (7.024079671000038 50.923230346000082)","Unfall 29764 (2024) Kat:3, Licht: 0","29764","3","1","9","02","13","7","","0","0","0","0","1"
"POINT (6.961892954000064 50.936220242000047)","Unfall 29765 (2024) Kat:3, Licht: 1","29765","3","2","0","02","17","7","","1","1","1","0","0"
"POINT (6.953166254000053 50.935258473000033)","Unfall 29767 (2024) Kat:3, Licht: 0","29767","3","3","5","02","13","7","","0","0","1","0","0"
"POINT (6.940616429000045 50.931119071000069)","Unfall 29803 (2024) Kat:3, Licht: 0","29803","3","2","5","02","16","2","","0","1","0","0","0"
"POINT (7.016806162000023 50.976334936000057)","Unfall 29847 (2024) Kat:3, Licht: 0","29847","3","3","0","02","08","6","","0","1","1","0","0"
"POINT (7.032899416000021 50.967063235000069)","Unfall 29848 (2024) Kat:3, Licht: 2","29848","3","2","4","02","22","6","","2","0","1","0","0"
"POINT (6.998371701000053 50.885111848000065)","Unfall 29849 (2024) Kat:3, Licht: 0","29849","3","3","5","02","12","6","","0","1","0","0","0"
"POINT (6.935550864000049 50.907090406000066)","Unfall 29852 (2024) Kat:3, Licht: 2","29852","3","1","0","02","00","6","","2","0","0","0","0"
"POINT (6.938981978000072 50.936412873000052)","Unfall 29853 (2024) Kat:3, Licht: 0","29853","3","3","5","02","16","6","","0","1","0","0","0"
"POINT (6.966958397000042 50.863319987000068)","Unfall 29889 (2024) Kat:3, Licht: 0","29889","3","2","4","03","14","7","","0","0","1","0","1"
"POINT (7.081967269000074 50.921563823000042)","Unfall 29917 (2024) Kat:3, Licht: 0","29917","3","2","5","03","14","6","","0","1","0","0","0"
"POINT (6.969889517000070 50.867750004000072)","Unfall 29930 (2024) Kat:3, Licht: 0","29930","3","6","2","02","11","1","","0","0","1","0","0"
"POINT (7.055647353000040 50.891479962000062)","Unfall 29933 (2024) Kat:3, Licht: 0","29933","3","1","0","02","10","5","","0","0","0","0","1"
"POINT (6.977504888000055 50.939723770000057)","Unfall 29935 (2024) Kat:3, Licht: 0","29935","3","6","3","02","14","5","","0","1","0","0","0"
"POINT (6.862393064000059 50.952420250000046)","Unfall 29936 (2024) Kat:3, Licht: 0","29936","3","3","5","02","11","5","","0","0","1","0","0"
"POINT (6.927082856000027 50.915170310000065)","Unfall 29938 (2024) Kat:3, Licht: 0","29938","3","6","3","02","09","5","","0","1","1","0","0"
"POINT (7.097657832000039 50.858803071000068)","Unfall 29987 (2024) Kat:3, Licht: 2","29987","3","3","5","02","07","5","","2","0","1","0","0"
"POINT (7.006745192000039 50.967959010000072)","Unfall 29995 (2024) Kat:3, Licht: 2","29995","3","6","2","02","19","6","","2","0","1","0","0"
"POINT (6.908999849000054 50.927846687000056)","Unfall 30027 (2024) Kat:3, Licht: 1","30027","3","2","3","03","05","4","","1","1","1","0","0"
"POINT (6.849674338000057 50.978064791000065)","Unfall 30076 (2024) Kat:3, Licht: 2","30076","3","6","2","02","19","4","","2","0","1","0","0"
"POINT (6.837436491000062 51.039238429000079)","Unfall 30077 (2024) Kat:3, Licht: 1","30077","3","3","3","02","07","4","","1","0","1","0","0"
"POINT (7.014067318000059 50.986393244000055)","Unfall 30079 (2024) Kat:3, Licht: 2","30079","3","6","3","02","19","4","","2","0","1","0","0"
"POINT (7.083921097000029 50.856190431000073)","Unfall 30082 (2024) Kat:3, Licht: 2","30082","3","2","2","02","17","4","","2","1","1","0","0"
"POINT (6.912947692000046 50.901814810000076)","Unfall 30083 (2024) Kat:3, Licht: 2","30083","3","6","2","02","18","4","","2","0","1","0","0"
"POINT (6.995111183000063 50.878245366000044)","Unfall 30084 (2024) Kat:3, Licht: 0","30084","3","1","2","02","13","4","","0","0","1","0","0"
"POINT (6.960474713000053 50.935447088000046)","Unfall 30085 (2024) Kat:3, Licht: 0","30085","3","7","6","02","13","4","","0","0","0","1","0"
"POINT (6.965913291000049 50.924428441000032)","Unfall 30086 (2024) Kat:3, Licht: 0","30086","3","6","3","02","12","4","","0","0","1","0","0"
"POINT (7.073526588000050 50.881156745000055)","Unfall 30150 (2024) Kat:2, Licht: 0","30150","2","2","3","02","10","6","","0","0","1","0","0"
"POINT (7.080292653000072 50.881294644000036)","Unfall 30163 (2024) Kat:3, Licht: 0","30163","3","4","6","02","09","2","","0","0","1","1","0"
"POINT (6.920875894000062 50.909555034000050)","Unfall 30193 (2024) Kat:3, Licht: 2","30193","3","1","0","02","22","3","","2","1","0","0","0"
"POINT (7.022856968000042 50.965025813000068)","Unfall 30202 (2024) Kat:3, Licht: 2","30202","3","2","2","02","19","7","","2","0","1","0","0"
"POINT (6.964628790000063 50.903658805000077)","Unfall 30221 (2024) Kat:3, Licht: 0","30221","3","1","0","02","08","4","","0","1","0","0","0"
"POINT (7.092083888000047 50.881728856000052)","Unfall 30280 (2024) Kat:3, Licht: 0","30280","3","1","0","02","16","2","","0","0","0","0","0"
"POINT (6.916597117000038 50.905411913000080)","Unfall 30281 (2024) Kat:3, Licht: 0","30281","3","1","9","02","09","2","","0","1","0","0","0"
"POINT (7.043688633000045 51.010909095000045)","Unfall 30301 (2024) Kat:3, Licht: 0","30301","3","6","2","03","12","7","","0","0","1","0","0"
"POINT (6.995495079000023 50.914179021000052)","Unfall 30349 (2024) Kat:2, Licht: 2","30349","2","1","0","02","02","1","","2","1","0","0","0"
"POINT (6.981969539000033 50.937362054000062)","Unfall 30350 (2024) Kat:3, Licht: 2","30350","3","2","5","02","20","1","","2","1","1","0","0"
"POINT (6.900232930000072 50.937280069000053)","Unfall 30351 (2024) Kat:2, Licht: 2","30351","2","2","0","02","21","1","","2","1","0","0","0"
"POINT (6.990343334000045 50.891513341000064)","Unfall 30352 (2024) Kat:3, Licht: 0","30352","3","2","6","02","13","1","","0","0","1","0","0"
"POINT (6.967926867000074 50.884272264000060)","Unfall 30376 (2024) Kat:3, Licht: 0","30376","3","6","2","03","06","5","","0","0","1","0","0"
"POINT (7.021683755000026 50.940304463000075)","Unfall 30379 (2024) Kat:3, Licht: 0","30379","3","2","5","03","17","5","","0","1","1","0","0"
"POINT (7.077204355000049 50.881100396000079)","Unfall 30380 (2024) Kat:3, Licht: 0","30380","3","4","0","03","12","5","","0","0","1","1","0"
"POINT (7.070730103000074 50.909601877000057)","Unfall 30381 (2024) Kat:3, Licht: 0","30381","3","2","5","03","10","5","","0","0","1","0","0"
"POINT (6.969558916000040 50.883040895000079)","Unfall 30382 (2024) Kat:3, Licht: 0","30382","3","7","5","03","14","5","","0","0","1","0","1"
"POINT (6.939049075000071 50.935421013000052)","Unfall 30383 (2024) Kat:3, Licht: 0","30383","3","2","5","03","14","5","","0","1","1","0","0"
"POINT (6.968797005000056 50.879349055000034)","Unfall 30468 (2024) Kat:3, Licht: 2","30468","3","6","3","03","20","4","","2","0","1","0","1"
"POINT (7.033247858000038 50.938625898000055)","Unfall 30474 (2024) Kat:3, Licht: 0","30474","3","3","5","03","18","4","","0","0","1","0","0"
"POINT (6.984931070000073 50.930847019000055)","Unfall 30582 (2024) Kat:3, Licht: 2","30582","3","1","8","03","21","3","","2","0","0","0","1"
"POINT (7.095878630000072 50.858740766000039)","Unfall 30586 (2024) Kat:3, Licht: 1","30586","3","3","5","03","19","3","","1","1","1","0","0"
"POINT (7.006951243000060 50.969478840000079)","Unfall 30587 (2024) Kat:3, Licht: 0","30587","3","6","0","03","16","3","","0","0","1","0","0"
"POINT (6.940176075000068 50.968231635000052)","Unfall 30588 (2024) Kat:3, Licht: 0","30588","3","6","4","03","07","3","","0","1","0","0","0"
"POINT (6.931763753000041 50.922341229000040)","Unfall 30589 (2024) Kat:3, Licht: 2","30589","3","6","2","03","21","3","","2","0","1","0","0"
"POINT (6.939432171000021 50.905507332000070)","Unfall 30590 (2024) Kat:3, Licht: 0","30590","3","2","5","03","16","3","","0","1","1","0","0"
"POINT (6.935249883000040 50.936520832000042)","Unfall 30591 (2024) Kat:3, Licht: 0","30591","3","2","3","03","17","3","","0","1","0","0","0"
"POINT (6.876239236000060 51.008306882000056)","Unfall 30677 (2024) Kat:3, Licht: 0","30677","3","6","1","03","10","2","","0","0","1","0","0"
"POINT (7.015976941000076 50.922327171000063)","Unfall 30679 (2024) Kat:3, Licht: 0","30679","3","1","8","03","09","2","","0","0","1","0","0"
"POINT (6.984446856000034 50.944614026000067)","Unfall 30680 (2024) Kat:3, Licht: 0","30680","3","6","2","03","15","2","","0","0","1","0","0"
"POINT (6.885128398000063 50.937505283000064)","Unfall 30681 (2024) Kat:3, Licht: 0","30681","3","3","5","03","16","2","","0","1","1","0","0"
"POINT (6.909060543000066 50.938296643000058)","Unfall 30682 (2024) Kat:3, Licht: 0","30682","3","2","3","03","16","2","","0","1","1","0","0"
"POINT (6.963195721000034 50.848343369000077)","Unfall 30683 (2024) Kat:2, Licht: 0","30683","2","6","2","03","15","2","","0","0","1","0","0"
"POINT (6.918202439000027 50.931403955000064)","Unfall 30684 (2024) Kat:3, Licht: 0","30684","3","1","8","03","13","2","","0","0","0","0","1"
"POINT (7.059768652000059 50.900386938000054)","Unfall 30763 (2024) Kat:3, Licht: 2","30763","3","1","8","03","00","1","","2","0","1","0","0"
"POINT (7.041509960000042 51.001818389000050)","Unfall 30764 (2024) Kat:3, Licht: 0","30764","3","1","0","03","13","1","","0","1","0","0","0"
"POINT (6.970946957000024 50.936256757000081)","Unfall 30765 (2024) Kat:3, Licht: 0","30765","3","6","4","03","12","1","","0","1","0","0","0"
"POINT (7.027463800000021 50.942952694000041)","Unfall 30827 (2024) Kat:3, Licht: 0","30827","3","3","5","03","13","7","","0","0","1","0","0"