WKT,Name,OBJECTID,UKATEGORIE,UTYP1,UART,UMONAT,USTUNDE,UWOCHENTAG,STRZUSTAND,ULICHTVERH,ISTRAD,ISTPKW,ISTFUSS,ISTKRAD
"POINT (6.913412871000048 50.946657938000044)","Unfall 30828 (2024) Kat:3, Licht: 0","30828","3","3","5","03","10","7","","0","0","1","0","0"
"POINT (6.931640609000056 50.936562455000058)","Unfall 30829 (2024) Kat:3, Licht: 2","30829","3","1","0","03","01","7","","2","0","0","0","0"
"POINT (7.105207448000044 50.913698222000050)","Unfall 30899 (2024) Kat:3, Licht: 2","30899","3","2","5","03","20","6","","2","0","1","0","0"
"POINT (6.999251546000039 50.989651215000038)","Unfall 30901 (2024) Kat:3, Licht: 2","30901","3","6","2","03","00","6","","2","0","1","0","0"
"POINT (7.049850187000061 50.971284388000072)","Unfall 30902 (2024) Kat:3, Licht: 0","30902","3","5","1","03","16","6","","0","0","1","0","0"
"POINT (6.946149580000053 50.985934809000071)","Unfall 30903 (2024) Kat:3, Licht: 0","30903","3","6","2","03","15","6","","0","1","0","0","0"
"POINT (6.953450022000027 50.903831519000050)","Unfall 30904 (2024) Kat:3, Licht: 0","30904","3","3","5","03","07","6","","0","1","0","0","0"
"POINT (6.927412236000066 50.861930464000068)","Unfall 30905 (2024) Kat:3, Licht: 1","30905","3","1","2","03","17","6","","1","0","1","0","0"
"POINT (6.982351358000074 50.888833023000075)","Unfall 30906 (2024) Kat:3, Licht: 0","30906","3","6","2","03","14","6","","0","0","1","0","0"
"POINT (6.960630424000044 50.935941701000047)","Unfall 30907 (2024) Kat:3, Licht: 2","30907","3","6","2","03","19","6","","2","0","1","0","0"
"POINT (6.890705060000073 50.996733587000051)","Unfall 30914 (2024) Kat:3, Licht: 0","30914","3","6","2","03","17","4","","0","0","1","0","0"
"POINT (6.858102768000037 50.985605615000054)","Unfall 31021 (2024) Kat:2, Licht: 0","31021","2","6","3","03","08","5","","0","0","1","0","1"
"POINT (7.049507512000048 50.871890439000026)","Unfall 31023 (2024) Kat:3, Licht: 0","31023","3","6","2","03","11","5","","0","0","1","0","0"
"POINT (7.001020437000022 50.937728457000048)","Unfall 31024 (2024) Kat:3, Licht: 0","31024","3","7","0","03","09","5","","0","1","0","0","0"
"POINT (6.978345557000068 50.938701083000069)","Unfall 31025 (2024) Kat:3, Licht: 2","31025","3","6","2","03","20","5","","2","0","1","0","0"
"POINT (6.980930554000054 50.951132633000043)","Unfall 31026 (2024) Kat:3, Licht: 0","31026","3","1","0","03","14","5","","0","1","0","0","0"
"POINT (6.935615920000032 50.936515813000028)","Unfall 31027 (2024) Kat:3, Licht: 0","31027","3","6","3","03","18","5","","0","0","1","0","0"
"POINT (6.902241239000034 51.002033528000027)","Unfall 31115 (2024) Kat:2, Licht: 0","31115","2","6","2","03","08","4","","0","0","1","0","0"
"POINT (6.864663984000060 50.918797886000050)","Unfall 31116 (2024) Kat:2, Licht: 2","31116","2","1","9","03","05","4","","2","0","1","0","0"
"POINT (7.017483257000038 50.963930079000079)","Unfall 31119 (2024) Kat:3, Licht: 0","31119","3","2","2","03","12","4","","0","0","1","0","0"
"POINT (6.973689470000068 50.939887851000037)","Unfall 31120 (2024) Kat:3, Licht: 0","31120","3","6","2","03","12","4","","0","0","1","0","0"
"POINT (6.992519246000029 50.889671264000071)","Unfall 31121 (2024) Kat:3, Licht: 0","31121","3","5","8","03","12","4","","0","0","1","0","0"
"POINT (6.961571269000046 50.931028752000032)","Unfall 31122 (2024) Kat:3, Licht: 0","31122","3","6","2","03","17","4","","0","0","1","0","0"
"POINT (6.933929827000043 50.936540840000077)","Unfall 31123 (2024) Kat:3, Licht: 0","31123","3","6","1","03","15","4","","0","0","1","0","0"
"POINT (6.935029854000049 50.936523848000036)","Unfall 31124 (2024) Kat:3, Licht: 0","31124","3","1","1","03","12","4","","0","1","1","0","0"
"POINT (7.030717341000070 50.931639824000058)","Unfall 31132 (2024) Kat:3, Licht: 0","31132","3","2","2","03","12","5","","0","0","1","0","0"
"POINT (7.097653681000054 50.847883116000048)","Unfall 31239 (2024) Kat:3, Licht: 2","31239","3","3","3","03","06","3","","2","0","1","0","1"
"POINT (7.000930317000041 50.937721052000029)","Unfall 31242 (2024) Kat:3, Licht: 1","31242","3","7","1","03","17","3","","1","1","1","0","0"
"POINT (7.031079076000026 50.940273056000080)","Unfall 31243 (2024) Kat:3, Licht: 2","31243","3","2","5","03","20","3","","2","0","1","0","0"
"POINT (6.953628728000069 50.964979988000039)","Unfall 31244 (2024) Kat:2, Licht: 2","31244","2","4","6","03","21","3","","2","0","1","1","0"
"POINT (6.852689453000039 51.051885333000030)","Unfall 31245 (2024) Kat:3, Licht: 0","31245","3","7","0","03","14","3","","0","0","0","1","0"
"POINT (6.939983884000071 50.968467197000052)","Unfall 31246 (2024) Kat:2, Licht: 0","31246","2","4","6","03","14","3","","0","0","1","1","0"
"POINT (6.926631008000072 50.942760963000069)","Unfall 31248 (2024) Kat:3, Licht: 1","31248","3","6","1","03","17","3","","1","0","1","0","0"
"POINT (6.928603190000047 50.916969783000070)","Unfall 31249 (2024) Kat:3, Licht: 0","31249","3","6","6","03","15","3","","0","0","0","1","0"
"POINT (6.907987016000050 50.933133438000027)","Unfall 31250 (2024) Kat:2, Licht: 0","31250","2","1","0","03","13","3","","0","1","0","0","0"
"POINT (6.951111528000069 50.948550590000082)","Unfall 31265 (2024) Kat:3, Licht: 2","31265","3","2","6","03","19","3","","2","0","1","1","0"
"POINT (6.857019030000060 50.919691709000062)","Unfall 31304 (2024) Kat:3, Licht: 0","31304","3","4","6","03","16","7","","0","0","1","1","0"
"POINT (6.968104294000057 50.847969589000058)","Unfall 31354 (2024) Kat:3, Licht: 2","31354","3","6","3","03","20","2","","2","0","1","0","0"
"POINT (7.130029278000052 50.904499511000040)","Unfall 31356 (2024) Kat:3, Licht: 0","31356","3","6","3","03","08","2","","0","0","1","0","0"
"POINT (6.975206771000046 50.939851758000032)","Unfall 31357 (2024) Kat:3, Licht: 0","31357","3","2","5","03","16","1","","0","1","1","0","0"
"POINT (7.099802383000053 50.909424556000033)","Unfall 31358 (2024) Kat:3, Licht: 2","31358","3","6","2","03","18","2","","2","0","1","0","0"
"POINT (7.083498165000037 50.869512248000035)","Unfall 31359 (2024) Kat:3, Licht: 0","31359","3","3","5","03","10","2","","0","1","1","0","0"
"POINT (7.005615882000029 50.964406900000029)","Unfall 31360 (2024) Kat:3, Licht: 0","31360","3","3","3","03","14","2","","0","0","1","0","0"
"POINT (6.918897535000042 50.952248480000037)","Unfall 31361 (2024) Kat:3, Licht: 0","31361","3","2","3","03","13","2","","0","1","1","0","0"
"POINT (6.939578149000056 50.905646565000040)","Unfall 31362 (2024) Kat:3, Licht: 0","31362","3","2","2","03","09","2","","0","0","1","0","0"
"POINT (7.077826062000042 50.893305288000079)","Unfall 31450 (2024) Kat:3, Licht: 2","31450","3","6","2","03","00","1","","2","0","1","0","0"
"POINT (6.938653212000077 50.905959293000080)","Unfall 31453 (2024) Kat:3, Licht: 2","31453","3","3","5","03","19","2","","2","0","1","0","0"
"POINT (6.962573189000068 50.930742753000061)","Unfall 31468 (2024) Kat:3, Licht: 0","31468","3","6","2","03","16","5","","0","0","1","0","1"
"POINT (7.014545942000041 50.975210837000077)","Unfall 31535 (2024) Kat:3, Licht: 0","31535","3","7","0","03","14","7","","0","0","0","0","0"
"POINT (7.035194812000043 50.967531857000040)","Unfall 31536 (2024) Kat:3, Licht: 2","31536","3","2","2","03","23","7","","2","0","1","0","0"
"POINT (6.942352704000029 50.887060819000055)","Unfall 31537 (2024) Kat:2, Licht: 0","31537","2","1","2","03","12","7","","0","1","0","0","0"
"POINT (6.939996944000029 50.933086178000053)","Unfall 31539 (2024) Kat:3, Licht: 0","31539","3","6","2","03","11","7","","0","0","1","0","0"
"POINT (6.983794259000035 50.944475902000079)","Unfall 31622 (2024) Kat:3, Licht: 1","31622","3","3","5","04","20","3","","1","0","1","0","0"
"POINT (6.967934637000042 50.930758684000068)","Unfall 31623 (2024) Kat:3, Licht: 0","31623","3","6","2","04","16","3","","0","0","1","0","0"
"POINT (7.024366697000062 50.981691168000054)","Unfall 31624 (2024) Kat:3, Licht: 0","31624","3","2","5","04","09","3","","0","0","1","0","0"
"POINT (7.043416219000051 51.007824257000038)","Unfall 31625 (2024) Kat:2, Licht: 2","31625","2","4","6","04","04","3","","2","0","1","1","0"
"POINT (6.919258466000031 50.952593559000036)","Unfall 31626 (2024) Kat:3, Licht: 0","31626","3","5","0","04","19","3","","0","1","1","0","0"
"POINT (6.938758330000041 50.953215485000044)","Unfall 31627 (2024) Kat:3, Licht: 0","31627","3","3","5","04","12","3","","0","1","1","0","0"
"POINT (6.923676395000030 50.912257561000047)","Unfall 31628 (2024) Kat:1, Licht: 0","31628","1","2","5","04","15","3","","0","1","0","0","0"
"POINT (6.989448841000069 50.883868219000078)","Unfall 31629 (2024) Kat:3, Licht: 0","31629","3","1","9","04","14","3","","0","1","0","0","0"
"POINT (6.908793827000068 50.927761530000055)","Unfall 31630 (2024) Kat:3, Licht: 0","31630","3","2","1","04","11","3","","0","0","1","0","0"
"POINT (6.938985157000047 50.936446715000045)","Unfall 31631 (2024) Kat:3, Licht: 0","31631","3","6","3","04","18","3","","0","1","1","0","0"
"POINT (6.939252300000021 50.930272788000082)","Unfall 31632 (2024) Kat:3, Licht: 0","31632","3","7","0","04","17","3","","0","1","0","0","0"
"POINT (6.960297332000039 50.950994673000082)","Unfall 31664 (2024) Kat:3, Licht: 0","31664","3","1","2","04","18","3","","0","0","1","0","0"
"POINT (6.999268544000074 50.937632255000040)","Unfall 31705 (2024) Kat:3, Licht: 0","31705","3","4","6","04","16","2","","0","0","1","1","0"
"POINT (6.982022513000061 50.943168349000075)","Unfall 31706 (2024) Kat:3, Licht: 0","31706","3","3","5","04","13","2","","0","1","1","0","0"
"POINT (6.986601028000052 50.936337262000052)","Unfall 31707 (2024) Kat:3, Licht: 0","31707","3","2","5","04","07","2","","0","1","1","0","0"
"POINT (6.821026558000028 50.938482583000052)","Unfall 31708 (2024) Kat:3, Licht: 0","31708","3","6","2","04","08","2","","0","0","1","0","0"
"POINT (6.907905237000023 50.930187396000065)","Unfall 31709 (2024) Kat:3, Licht: 0","31709","3","3","5","04","07","2","","0","1","1","0","0"
"POINT (6.932014295000045 50.921497014000067)","Unfall 31710 (2024) Kat:3, Licht: 0","31710","3","6","1","04","14","2","","0","0","1","0","0"
"POINT (6.850510380000060 51.003574552000032)","Unfall 31816 (2024) Kat:2, Licht: 0","31816","2","1","1","04","16","1","","0","0","1","0","0"
"POINT (6.854600142000038 51.016809842000043)","Unfall 31817 (2024) Kat:3, Licht: 0","31817","3","1","0","04","15","1","","0","0","0","0","0"
"POINT (6.832575817000077 51.053527753000026)","Unfall 31818 (2024) Kat:2, Licht: 0","31818","2","2","5","04","14","1","","0","0","1","0","1"
"POINT (6.920001651000064 50.953331778000063)","Unfall 31819 (2024) Kat:3, Licht: 2","31819","3","7","0","04","22","1","","2","0","0","0","0"
"POINT (6.939971669000045 50.940549875000045)","Unfall 31820 (2024) Kat:3, Licht: 2","31820","3","1","0","04","03","1","","2","0","0","0","0"
"POINT (6.924399617000063 51.015933638000035)","Unfall 31908 (2024) Kat:2, Licht: 0","31908","2","1","0","04","13","7","","0","0","0","0","1"
"POINT (7.080875367000033 50.946056664000082)","Unfall 31912 (2024) Kat:3, Licht: 2","31912","3","2","4","04","21","7","","2","1","1","0","0"
"POINT (7.099799708000035 50.909421291000058)","Unfall 31913 (2024) Kat:3, Licht: 0","31913","3","3","5","04","10","7","","0","1","1","0","0"
"POINT (6.848189533000038 50.938157291000039)","Unfall 31914 (2024) Kat:3, Licht: 0","31914","3","2","2","04","17","7","","0","1","1","0","0"
"POINT (6.848769111000024 50.912610159000053)","Unfall 31915 (2024) Kat:2, Licht: 1","31915","2","6","2","04","19","7","","1","1","0","0","0"
"POINT (6.913303145000043 50.946995828000070)","Unfall 31916 (2024) Kat:3, Licht: 2","31916","3","1","0","04","02","7","","2","0","0","0","0"
"POINT (6.935550864000049 50.907090406000066)","Unfall 31917 (2024) Kat:3, Licht: 1","31917","3","2","2","04","19","7","","1","0","1","0","0"
"POINT (6.936162650000028 51.020934100000034)","Unfall 32016 (2024) Kat:2, Licht: 0","32016","2","6","2","04","09","6","","0","0","1","0","0"
"POINT (7.036209180000071 50.954185586000051)","Unfall 32018 (2024) Kat:3, Licht: 0","32018","3","6","1","04","08","6","","0","0","1","0","0"
"POINT (7.026493844000072 50.998174937000044)","Unfall 32019 (2024) Kat:2, Licht: 2","32019","2","3","5","04","21","6","","2","0","1","0","0"
"POINT (6.975035508000076 50.928563239000027)","Unfall 32020 (2024) Kat:3, Licht: 0","32020","3","7","6","04","18","6","","0","0","1","1","0"
"POINT (7.006671417000064 50.967370670000037)","Unfall 32022 (2024) Kat:3, Licht: 0","32022","3","6","3","04","17","6","","0","0","1","0","0"
"POINT (6.966604819000054 50.923306402000037)","Unfall 32023 (2024) Kat:3, Licht: 0","32023","3","6","2","04","11","6","","0","0","1","0","0"
"POINT (6.960310744000026 50.935867483000038)","Unfall 32024 (2024) Kat:3, Licht: 0","32024","3","4","6","04","10","6","","0","0","1","1","0"
"POINT (6.912521828000024 50.944523483000069)","Unfall 32063 (2024) Kat:3, Licht: 0","32063","3","1","0","04","18","7","","0","0","0","0","0"
"POINT (6.990822333000040 50.927873232000081)","Unfall 32085 (2024) Kat:3, Licht: 0","32085","3","6","2","04","15","5","","0","0","1","0","0"
"POINT (7.001524932000052 50.962398675000031)","Unfall 32086 (2024) Kat:3, Licht: 0","32086","3","6","6","04","18","5","","0","1","0","1","0"
"POINT (6.926205094000068 50.941682260000050)","Unfall 32087 (2024) Kat:3, Licht: 0","32087","3","6","1","04","09","5","","0","0","1","0","0"
"POINT (6.947276122000062 50.930302613000038)","Unfall 32088 (2024) Kat:3, Licht: 0","32088","3","4","6","04","12","5","","0","0","1","1","0"
"POINT (7.010743108000042 50.947673753000061)","Unfall 32089 (2024) Kat:3, Licht: 2","32089","3","6","2","04","15","3","","2","0","1","0","0"
"POINT (6.997515728000053 50.937396117000048)","Unfall 32166 (2024) Kat:3, Licht: 1","32166","3","5","0","04","21","6","","1","1","1","0","0"
"POINT (7.035879347000048 50.935526837000054)","Unfall 32167 (2024) Kat:3, Licht: 0","32167","3","5","1","04","18","4","","0","1","1","0","0"
"POINT (7.054353288000073 50.879541717000052)","Unfall 32168 (2024) Kat:2, Licht: 1","32168","2","4","6","04","06","4","","1","0","1","1","0"
"POINT (7.008477484000025 50.959412003000068)","Unfall 32169 (2024) Kat:3, Licht: 0","32169","3","1","0","04","16","4","","0","0","0","0","0"
"POINT (6.956788524000046 50.957380201000035)","Unfall 32171 (2024) Kat:3, Licht: 0","32171","3","1","9","04","18","4","","0","1","1","0","0"
"POINT (6.972011202000033 50.939500547000080)","Unfall 32256 (2024) Kat:3, Licht: 2","32256","3","3","5","04","23","3","","2","0","1","0","0"
"POINT (6.999647898000035 50.986058596000078)","Unfall 32258 (2024) Kat:2, Licht: 0","32258","2","4","6","04","07","3","","0","0","1","1","0"
"POINT (6.990382658000044 50.867260901000066)","Unfall 32260 (2024) Kat:3, Licht: 0","32260","3","2","2","04","11","3","","0","0","1","0","1"
"POINT (6.952367536000054 50.930428416000041)","Unfall 32265 (2024) Kat:3, Licht: 0","32265","3","1","2","04","15","3","","0","0","1","0","0"
"POINT (6.925007166000057 50.933481820000054)","Unfall 32331 (2024) Kat:3, Licht: 0","32331","3","2","3","04","14","2","","0","1","0","0","0"
"POINT (6.974426764000043 50.887673548000066)","Unfall 32373 (2024) Kat:2, Licht: 0","32373","2","1","8","03","18","1","","0","0","1","0","0"
"POINT (7.040602156000034 50.930051132000074)","Unfall 32376 (2024) Kat:3, Licht: 1","32376","3","4","6","03","18","1","","1","0","1","1","0"
"POINT (6.972767441000030 50.930224145000068)","Unfall 32377 (2024) Kat:3, Licht: 0","32377","3","1","0","03","09","1","","0","1","0","0","0"
"POINT (6.913301319000027 51.004078825000079)","Unfall 32378 (2024) Kat:3, Licht: 0","32378","3","3","5","03","13","1","","0","1","1","0","0"
"POINT (6.955141278000042 50.935075079000057)","Unfall 32379 (2024) Kat:2, Licht: 1","32379","2","1","0","03","20","1","","1","1","0","0","0"
"POINT (6.934476306000022 50.965314839000030)","Unfall 32383 (2024) Kat:2, Licht: 2","32383","2","1","9","04","03","2","","2","0","1","0","0"
"POINT (6.967720936000035 50.846980448000068)","Unfall 32440 (2024) Kat:3, Licht: 2","32440","3","7","9","03","00","7","","2","0","1","0","0"
"POINT (7.075149094000039 50.924074268000027)","Unfall 32441 (2024) Kat:3, Licht: 0","32441","3","2","4","03","10","7","","0","0","1","0","0"
"POINT (7.006815812000070 50.964447329000052)","Unfall 32442 (2024) Kat:3, Licht: 2","32442","3","1","0","03","21","7","","2","0","0","0","1"
"POINT (7.072502242000041 50.964631472000065)","Unfall 32443 (2024) Kat:3, Licht: 2","32443","3","3","5","03","19","7","","2","0","1","0","0"
"POINT (7.000728898000034 50.956108325000059)","Unfall 32444 (2024) Kat:2, Licht: 0","32444","2","7","0","03","18","7","","0","0","1","0","0"
"POINT (6.977783895000073 50.925735953000071)","Unfall 32445 (2024) Kat:2, Licht: 0","32445","2","2","5","03","12","7","","0","0","1","0","0"
"POINT (6.977796661000070 50.925913077000075)","Unfall 32446 (2024) Kat:2, Licht: 0","32446","2","3","5","03","12","7","","0","1","1","0","0"
"POINT (6.952770790000045 50.968922364000036)","Unfall 32447 (2024) Kat:3, Licht: 0","32447","3","2","5","03","10","7","","0","1","1","0","0"
"POINT (6.892610731000048 50.992205052000031)","Unfall 32448 (2024) Kat:3, Licht: 0","32448","3","1","8","03","19","7","","0","0","1","0","0"
"POINT (6.955371101000026 50.874152100000060)","Unfall 32449 (2024) Kat:3, Licht: 0","32449","3","1","0","03","09","7","","0","1","0","0","0"
"POINT (6.940909292000072 50.943602831000078)","Unfall 32450 (2024) Kat:3, Licht: 0","32450","3","5","3","03","16","7","","0","1","1","0","0"
"POINT (6.968216005000045 50.862220936000028)","Unfall 32505 (2024) Kat:3, Licht: 0","32505","3","6","9","03","14","6","","0","0","1","0","0"
"POINT (7.033698116000039 50.960790116000055)","Unfall 32508 (2024) Kat:3, Licht: 2","32508","3","6","2","03","03","6","","2","0","1","0","0"
"POINT (6.968354688000034 50.882074196000076)","Unfall 32546 (2024) Kat:2, Licht: 0","32546","2","6","3","03","17","5","","0","0","1","0","1"
"POINT (7.000510904000066 50.937686589000066)","Unfall 32548 (2024) Kat:3, Licht: 2","32548","3","2","5","03","19","5","","2","0","1","0","0"
"POINT (7.050198193000028 50.874096879000035)","Unfall 32549 (2024) Kat:3, Licht: 0","32549","3","3","5","03","12","5","","0","1","1","0","0"
"POINT (7.105505272000073 50.886217729000066)","Unfall 32550 (2024) Kat:3, Licht: 2","32550","3","3","5","03","00","5","","2","1","0","0","1"
"POINT (6.909218883000051 50.938060121000035)","Unfall 32551 (2024) Kat:3, Licht: 0","32551","3","3","5","03","10","5","","0","1","1","0","0"
"POINT (6.940360837000071 50.927525348000074)","Unfall 32552 (2024) Kat:3, Licht: 2","32552","3","2","5","03","23","5","","2","0","1","0","0"
"POINT (7.104445810000072 50.885105890000034)","Unfall 32553 (2024) Kat:3, Licht: 2","32553","3","1","2","03","00","5","","2","1","0","0","1"
"POINT (7.019997442000033 50.920663530000070)","Unfall 32637 (2024) Kat:3, Licht: 0","32637","3","1","9","03","16","4","","0","0","0","0","1"
"POINT (6.929216997000026 50.936691348000068)","Unfall 32640 (2024) Kat:3, Licht: 2","32640","3","4","5","03","19","4","","2","0","0","1","0"
"POINT (6.892436578000058 50.937281264000035)","Unfall 32641 (2024) Kat:3, Licht: 1","32641","3","1","0","03","18","4","","1","1","0","0","0"
"POINT (6.959835728000030 50.921169426000063)","Unfall 32642 (2024) Kat:3, Licht: 0","32642","3","6","2","03","18","4","","0","1","1","0","0"
"POINT (6.941108251000060 50.943811867000079)","Unfall 32660 (2024) Kat:3, Licht: 0","32660","3","5","1","04","13","7","","0","1","1","0","0"
"POINT (6.987068450000038 50.944749056000035)","Unfall 32673 (2024) Kat:1, Licht: 0","32673","1","7","9","04","17","3","","0","0","1","0","0"
"POINT (7.000427042000069 50.937679698000068)","Unfall 32732 (2024) Kat:3, Licht: 0","32732","3","2","5","03","07","3","","0","1","1","0","0"
"POINT (6.906708805000051 51.012241911000046)","Unfall 32733 (2024) Kat:3, Licht: 0","32733","3","6","2","03","14","3","","0","0","1","0","0"
"POINT (6.910544847000040 50.936848712000028)","Unfall 32734 (2024) Kat:2, Licht: 0","32734","2","1","0","03","18","3","","0","1","0","0","0"
"POINT (6.902455291000024 50.977545503000044)","Unfall 32735 (2024) Kat:3, Licht: 0","32735","3","3","5","03","11","3","","0","0","1","0","0"
"POINT (6.980667539000024 50.891263032000040)","Unfall 32837 (2024) Kat:3, Licht: 0","32837","3","6","2","03","07","2","","0","0","0","0","0"
"POINT (7.057311553000034 50.863079440000035)","Unfall 32838 (2024) Kat:2, Licht: 0","32838","2","1","8","03","15","2","","0","0","1","0","0"
"POINT (7.024687478000033 50.950095211000075)","Unfall 32839 (2024) Kat:3, Licht: 0","32839","3","6","2","03","16","2","","0","0","1","0","0"
"POINT (6.999172894000026 50.937558432000060)","Unfall 32840 (2024) Kat:3, Licht: 0","32840","3","4","6","03","17","2","","0","0","1","1","0"
"POINT (7.055552848000048 50.912533200000041)","Unfall 32841 (2024) Kat:3, Licht: 0","32841","3","2","4","03","12","2","","0","0","1","0","0"
"POINT (6.859329194000054 50.975522346000048)","Unfall 32842 (2024) Kat:3, Licht: 0","32842","3","3","0","03","17","2","","0","1","0","0","0"
"POINT (6.981228654000063 50.889540758000066)","Unfall 32843 (2024) Kat:3, Licht: 0","32843","3","6","2","03","11","2","","0","0","1","0","0"
"POINT (7.068500005000033 50.925702799000078)","Unfall 32926 (2024) Kat:3, Licht: 2","32926","3","5","1","03","04","1","","2","0","1","0","0"
"POINT (6.941897301000040 50.953848208000068)","Unfall 32927 (2024) Kat:3, Licht: 0","32927","3","6","2","03","16","1","","0","0","1","0","0"
"POINT (6.930293129000063 51.018391974000053)","Unfall 32985 (2024) Kat:3, Licht: 0","32985","3","6","2","03","14","7","","0","0","1","0","0"
"POINT (6.968684139000061 50.845956003000026)","Unfall 32986 (2024) Kat:3, Licht: 1","32986","3","1","9","03","06","7","","1","0","1","0","0"
"POINT (7.004835282000045 50.976623532000076)","Unfall 32988 (2024) Kat:3, Licht: 0","32988","3","6","1","03","14","7","","0","0","1","0","0"
"POINT (6.872706811000057 51.001883491000058)","Unfall 32989 (2024) Kat:2, Licht: 0","32989","2","3","5","03","17","7","","0","1","1","0","0"
"POINT (6.928654148000021 50.959957385000052)","Unfall 32990 (2024) Kat:3, Licht: 2","32990","3","3","5","03","00","7","","2","0","1","0","0"
"POINT (6.930169158000069 50.925263506000078)","Unfall 32991 (2024) Kat:3, Licht: 2","32991","3","4","6","03","22","7","","2","0","1","1","0"
"POINT (6.971807926000054 50.913783320000050)","Unfall 32992 (2024) Kat:3, Licht: 0","32992","3","6","2","03","16","7","","0","0","1","0","0"
"POINT (6.945507131000056 50.904639851000070)","Unfall 32993 (2024) Kat:3, Licht: 0","32993","3","3","5","03","15","7","","0","1","1","0","0"
"POINT (6.939879991000055 50.927526186000080)","Unfall 32994 (2024) Kat:3, Licht: 2","32994","3","7","0","03","19","7","","2","0","0","0","0"
"POINT (6.932599958000026 50.935488716000066)","Unfall 32995 (2024) Kat:3, Licht: 0","32995","3","2","5","03","14","7","","0","1","1","0","0"
"POINT (6.909603354000069 51.010232382000027)","Unfall 33080 (2024) Kat:3, Licht: 0","33080","3","6","3","04","15","1","","0","1","1","0","0"
"POINT (7.034525956000039 50.958633385000041)","Unfall 33083 (2024) Kat:3, Licht: 0","33083","3","6","2","03","10","6","","0","0","1","0","0"
"POINT (7.098063650000029 50.920076531000063)","Unfall 33085 (2024) Kat:3, Licht: 2","33085","3","2","5","03","22","6","","2","0","1","0","0"
"POINT (7.063715242000058 50.904756833000079)","Unfall 33086 (2024) Kat:3, Licht: 0","33086","3","6","1","03","09","6","","0","0","1","0","0"
"POINT (6.898892643000067 50.995611084000075)","Unfall 33088 (2024) Kat:3, Licht: 2","33088","3","1","0","03","23","6","","2","0","0","0","1"
"POINT (6.915638410000042 50.949040205000074)","Unfall 33089 (2024) Kat:3, Licht: 0","33089","3","5","0","03","13","6","","0","1","1","0","0"
"POINT (6.973574988000053 50.955633671000044)","Unfall 33090 (2024) Kat:3, Licht: 0","33090","3","6","3","03","17","1","","0","0","1","0","0"
"POINT (6.894088464000049 50.998052934000043)","Unfall 33209 (2024) Kat:3, Licht: 0","33209","3","1","0","05","16","4","","0","0","1","0","0"
"POINT (7.095355904000030 50.870272954000029)","Unfall 33210 (2024) Kat:3, Licht: 0","33210","3","6","3","05","16","4","","0","0","0","0","1"
"POINT (6.993851823000057 50.948794344000078)","Unfall 33212 (2024) Kat:3, Licht: 0","33212","3","1","0","05","18","4","","0","1","0","0","0"
"POINT (7.015750950000040 50.951733173000036)","Unfall 33213 (2024) Kat:3, Licht: 0","33213","3","3","5","05","12","4","","0","0","1","0","0"
"POINT (6.967874994000056 50.930751422000071)","Unfall 33214 (2024) Kat:3, Licht: 2","33214","3","1","0","05","01","4","","2","0","0","0","0"
"POINT (6.936958779000065 50.997297256000081)","Unfall 33215 (2024) Kat:3, Licht: 0","33215","3","3","5","05","18","4","","0","1","0","0","1"
"POINT (6.928467740000031 50.945009872000071)","Unfall 33216 (2024) Kat:3, Licht: 0","33216","3","3","5","05","12","4","","0","0","0","0","1"
"POINT (6.936234887000069 50.950074767000046)","Unfall 33217 (2024) Kat:3, Licht: 2","33217","3","1","8","05","01","4","","2","0","1","0","0"
"POINT (6.969607230000065 50.883068079000054)","Unfall 33218 (2024) Kat:3, Licht: 0","33218","3","6","4","05","16","4","","0","1","0","0","0"
"POINT (7.077806279000072 50.981306867000058)","Unfall 33307 (2024) Kat:3, Licht: 0","33307","3","1","0","05","13","4","","0","1","0","0","0"
"POINT (6.967849318000049 50.891110693000030)","Unfall 33312 (2024) Kat:3, Licht: 0","33312","3","6","2","04","14","3","","0","0","1","0","0"
"POINT (7.060150670000041 50.927763612000035)","Unfall 33313 (2024) Kat:3, Licht: 0","33313","3","2","5","04","18","3","","0","0","1","0","0"
"POINT (7.096092193000061 50.844692764000058)","Unfall 33314 (2024) Kat:3, Licht: 0","33314","3","2","1","04","17","3","","0","0","1","0","0"
"POINT (7.000669862000052 50.982813291000070)","Unfall 33315 (2024) Kat:3, Licht: 0","33315","3","6","2","04","13","3","","0","0","1","0","1"
"POINT (6.912105426000039 51.000039512000058)","Unfall 33316 (2024) Kat:3, Licht: 0","33316","3","6","3","04","16","3","","0","0","1","0","1"
"POINT (6.837668979000057 50.938187677000030)","Unfall 33317 (2024) Kat:3, Licht: 0","33317","3","5","0","04","18","3","","0","1","1","0","0"
"POINT (6.913502524000023 50.922489315000064)","Unfall 33318 (2024) Kat:3, Licht: 0","33318","3","3","5","04","18","3","","0","1","0","0","0"
"POINT (6.958953527000062 50.876516897000045)","Unfall 33319 (2024) Kat:3, Licht: 0","33319","3","7","6","04","12","3","","0","0","1","1","0"
"POINT (6.954437241000051 50.949737239000058)","Unfall 33320 (2024) Kat:2, Licht: 1","33320","2","1","0","04","20","3","","1","0","0","0","0"
"POINT (6.849389998000049 50.936421569000061)","Unfall 33444 (2024) Kat:3, Licht: 0","33444","3","6","3","04","09","2","","0","0","1","0","0"
"POINT (7.027952451000033 50.943215895000037)","Unfall 33445 (2024) Kat:3, Licht: 0","33445","3","7","8","04","08","2","","0","0","1","0","0"