WKT,Name,OBJECTID,UKATEGORIE,UTYP1,UART,UMONAT,USTUNDE,UWOCHENTAG,STRZUSTAND,ULICHTVERH,ISTRAD,ISTPKW,ISTFUSS,ISTKRAD
"POINT (6.867293951000022 50.922417472000063)","Unfall 36272 (2024) Kat:3, Licht: 2","36272","3","6","6","05","22","7","","2","1","0","1","0"
"POINT (6.914962389000038 50.920374676000051)","Unfall 36273 (2024) Kat:3, Licht: 0","36273","3","6","0","05","18","7","","0","1","1","0","0"
"POINT (6.912233394000054 50.906543177000060)","Unfall 36274 (2024) Kat:2, Licht: 1","36274","2","2","5","05","19","7","","1","0","1","0","0"
"POINT (6.953160249000064 50.935259576000078)","Unfall 36275 (2024) Kat:3, Licht: 2","36275","3","2","5","05","21","7","","2","1","1","0","0"
"POINT (7.036969124000052 50.952172096000027)","Unfall 36370 (2024) Kat:3, Licht: 0","36370","3","6","2","05","17","6","","0","0","1","0","0"
"POINT (7.083499131000053 50.869494865000036)","Unfall 36372 (2024) Kat:3, Licht: 0","36372","3","3","5","05","18","6","","0","1","1","0","0"
"POINT (7.053706356000021 50.943707126000049)","Unfall 36373 (2024) Kat:2, Licht: 0","36373","2","3","5","05","14","6","","0","0","1","0","0"
"POINT (7.045984928000053 50.867038053000044)","Unfall 36374 (2024) Kat:3, Licht: 0","36374","3","6","1","05","07","6","","0","0","1","0","0"
"POINT (7.063519219000057 50.973904306000065)","Unfall 36375 (2024) Kat:3, Licht: 0","36375","3","6","8","05","16","6","","0","0","1","0","1"
"POINT (6.984865064000076 50.930163460000074)","Unfall 36376 (2024) Kat:2, Licht: 0","36376","2","6","3","05","17","6","","0","0","1","0","0"
"POINT (6.981472071000042 50.937204264000059)","Unfall 36377 (2024) Kat:3, Licht: 0","36377","3","1","0","05","11","6","","0","0","0","0","1"
"POINT (6.912895992000074 50.936951216000068)","Unfall 36378 (2024) Kat:3, Licht: 0","36378","3","2","3","05","10","6","","0","0","0","0","0"
"POINT (6.976243843000020 50.894768344000056)","Unfall 36379 (2024) Kat:3, Licht: 0","36379","3","6","2","05","10","6","","0","0","1","0","0"
"POINT (6.970290674000069 50.904514222000046)","Unfall 36380 (2024) Kat:2, Licht: 2","36380","2","1","8","05","03","6","","2","0","1","0","0"
"POINT (6.959738846000050 50.921209179000073)","Unfall 36381 (2024) Kat:3, Licht: 2","36381","3","3","5","05","04","6","","2","0","1","0","0"
"POINT (6.919823502000042 50.953482747000066)","Unfall 36416 (2024) Kat:3, Licht: 0","36416","3","2","5","05","15","3","","0","1","1","0","0"
"POINT (6.850566323000066 50.964150320000044)","Unfall 36478 (2024) Kat:3, Licht: 2","36478","3","6","3","05","22","5","","2","0","1","0","0"
"POINT (6.848074848000067 50.924864124000067)","Unfall 36480 (2024) Kat:3, Licht: 0","36480","3","6","2","05","11","5","","0","0","0","0","1"
"POINT (6.884045252000021 50.994998473000066)","Unfall 36481 (2024) Kat:3, Licht: 0","36481","3","6","3","05","06","5","","0","0","1","0","0"
"POINT (7.082801192000034 50.876699796000025)","Unfall 36486 (2024) Kat:2, Licht: 0","36486","2","6","4","05","18","5","","0","0","1","0","0"
"POINT (7.010672014000022 50.947666342000048)","Unfall 36487 (2024) Kat:3, Licht: 0","36487","3","6","2","05","15","5","","0","0","1","0","0"
"POINT (7.047104538000042 50.893603753000036)","Unfall 36488 (2024) Kat:3, Licht: 0","36488","3","2","5","05","14","5","","0","0","1","0","1"
"POINT (7.024525960000062 50.965353438000079)","Unfall 36489 (2024) Kat:3, Licht: 2","36489","3","2","3","05","20","5","","2","1","1","0","0"
"POINT (7.060858290000056 50.975222088000066)","Unfall 36490 (2024) Kat:3, Licht: 0","36490","3","7","1","05","11","5","","0","0","1","0","0"
"POINT (6.901464455000053 50.993721069000060)","Unfall 36491 (2024) Kat:3, Licht: 0","36491","3","1","0","05","16","5","","0","1","0","0","0"
"POINT (6.849961930000063 51.042920363000064)","Unfall 36492 (2024) Kat:3, Licht: 0","36492","3","3","5","05","07","5","","0","0","1","0","0"
"POINT (6.869323747000067 50.968872372000078)","Unfall 36493 (2024) Kat:3, Licht: 0","36493","3","2","2","05","11","5","","0","0","1","0","0"
"POINT (6.979122674000052 50.939474723000046)","Unfall 36519 (2024) Kat:3, Licht: 0","36519","3","6","2","05","19","6","","0","0","1","0","1"
"POINT (7.079634788000021 50.948032217000048)","Unfall 36562 (2024) Kat:3, Licht: 0","36562","3","3","5","05","09","7","","0","0","1","0","0"
"POINT (6.876839807000067 51.007855486000039)","Unfall 36670 (2024) Kat:3, Licht: 0","36670","3","6","1","05","14","1","","0","0","1","0","0"
"POINT (6.947780111000043 50.982666254000037)","Unfall 36671 (2024) Kat:3, Licht: 0","36671","3","5","0","05","15","1","","0","1","1","0","0"
"POINT (6.954595369000060 50.903916384000070)","Unfall 36672 (2024) Kat:3, Licht: 0","36672","3","1","0","05","16","1","","0","1","0","0","0"
"POINT (6.987489838000045 50.898558396000055)","Unfall 36673 (2024) Kat:3, Licht: 0","36673","3","2","5","05","09","1","","0","0","1","0","1"
"POINT (6.962809505000052 50.932496379000042)","Unfall 36674 (2024) Kat:3, Licht: 0","36674","3","4","6","05","14","1","","0","1","0","1","0"
"POINT (6.952600367000059 50.924098697000034)","Unfall 36675 (2024) Kat:3, Licht: 0","36675","3","2","2","05","10","1","","0","1","0","0","0"
"POINT (7.058568301000037 50.897349696000049)","Unfall 36735 (2024) Kat:3, Licht: 0","36735","3","2","5","05","17","7","","0","0","1","0","0"
"POINT (7.058983003000037 50.908482047000064)","Unfall 36736 (2024) Kat:3, Licht: 0","36736","3","3","5","05","08","7","","0","0","1","0","0"
"POINT (6.979553929000076 50.940467805000026)","Unfall 36737 (2024) Kat:3, Licht: 0","36737","3","6","4","05","18","7","","0","1","0","0","0"
"POINT (6.932828610000058 50.948615759000063)","Unfall 36738 (2024) Kat:3, Licht: 0","36738","3","6","1","05","15","7","","0","0","1","0","0"
"POINT (6.960394996000048 50.935416424000039)","Unfall 36739 (2024) Kat:3, Licht: 2","36739","3","3","5","05","22","7","","2","1","0","0","0"
"POINT (6.938981978000072 50.936412873000052)","Unfall 36740 (2024) Kat:3, Licht: 1","36740","3","6","1","05","22","7","","1","1","1","0","0"
"POINT (6.959140383000033 50.950975741000036)","Unfall 36741 (2024) Kat:2, Licht: 1","36741","2","2","5","05","21","7","","1","1","1","0","0"
"POINT (6.871668731000057 50.976338319000035)","Unfall 36789 (2024) Kat:2, Licht: 0","36789","2","3","5","05","07","7","","0","0","1","0","0"
"POINT (6.963431158000049 50.884145667000041)","Unfall 36835 (2024) Kat:3, Licht: 0","36835","3","6","9","05","07","6","","0","0","1","0","0"
"POINT (7.056353113000057 50.891888448000032)","Unfall 36838 (2024) Kat:3, Licht: 0","36838","3","1","8","05","15","6","","0","0","1","0","0"
"POINT (7.033247858000038 50.938625898000055)","Unfall 36839 (2024) Kat:3, Licht: 0","36839","3","3","5","05","12","6","","0","0","1","0","0"
"POINT (7.086175893000075 50.857390231000068)","Unfall 36841 (2024) Kat:3, Licht: 0","36841","3","2","2","05","14","6","","0","0","1","0","0"
"POINT (7.095922960000053 50.858742743000050)","Unfall 36842 (2024) Kat:3, Licht: 0","36842","3","3","5","05","08","6","","0","1","1","0","0"
"POINT (6.971058192000044 50.936579988000062)","Unfall 36843 (2024) Kat:2, Licht: 0","36843","2","3","5","05","17","6","","0","0","1","0","0"
"POINT (6.944574558000056 50.971357164000040)","Unfall 36844 (2024) Kat:3, Licht: 0","36844","3","3","5","05","18","6","","0","0","1","0","0"
"POINT (6.862302126000031 50.952412241000047)","Unfall 36845 (2024) Kat:3, Licht: 0","36845","3","6","2","05","11","6","","0","0","1","0","0"
"POINT (6.983794188000047 50.901190634000045)","Unfall 36846 (2024) Kat:3, Licht: 0","36846","3","7","3","05","07","6","","0","0","0","0","1"
"POINT (7.066045922000058 50.910450924000031)","Unfall 36930 (2024) Kat:2, Licht: 0","36930","2","6","3","05","15","5","","0","0","1","0","0"
"POINT (7.071765747000029 50.979144981000047)","Unfall 36931 (2024) Kat:3, Licht: 0","36931","3","3","5","05","14","5","","0","0","1","0","0"
"POINT (7.038390948000028 50.968175864000045)","Unfall 36932 (2024) Kat:2, Licht: 0","36932","2","4","6","05","08","5","","0","0","1","1","0"
"POINT (6.960765610000067 51.022500866000030)","Unfall 36933 (2024) Kat:3, Licht: 0","36933","3","7","0","05","17","5","","0","1","1","0","0"
"POINT (6.954480536000062 50.960534799000072)","Unfall 36934 (2024) Kat:3, Licht: 0","36934","3","5","1","05","08","5","","0","1","1","0","0"
"POINT (6.920404941000072 50.953732296000055)","Unfall 36935 (2024) Kat:3, Licht: 0","36935","3","1","0","05","18","5","","0","1","0","0","0"
"POINT (6.916795316000048 50.905601751000063)","Unfall 36936 (2024) Kat:3, Licht: 0","36936","3","7","1","05","17","5","","0","0","1","0","1"
"POINT (6.932950400000038 50.920747816000073)","Unfall 36937 (2024) Kat:3, Licht: 0","36937","3","2","6","05","17","5","","0","0","1","1","0"
"POINT (6.923490948000051 50.933150777000037)","Unfall 36938 (2024) Kat:3, Licht: 0","36938","3","2","5","05","08","5","","0","0","1","0","1"
"POINT (7.001813109000068 50.937793586000055)","Unfall 37030 (2024) Kat:3, Licht: 0","37030","3","6","2","05","13","4","","0","0","1","0","0"
"POINT (7.097758879000025 50.881367761000035)","Unfall 37031 (2024) Kat:2, Licht: 0","37031","2","2","4","05","12","4","","0","0","1","0","0"
"POINT (7.030771793000042 50.991672806000054)","Unfall 37032 (2024) Kat:3, Licht: 0","37032","3","6","4","05","10","4","","0","0","1","0","0"
"POINT (6.898273373000052 50.995782099000053)","Unfall 37033 (2024) Kat:3, Licht: 0","37033","3","1","0","05","12","4","","0","0","0","0","1"
"POINT (6.974149662000059 50.862861845000054)","Unfall 37104 (2024) Kat:2, Licht: 0","37104","2","2","4","05","07","1","","0","0","1","0","0"
"POINT (6.848065948000055 50.925514927000052)","Unfall 37126 (2024) Kat:2, Licht: 2","37126","2","6","0","05","22","3","","2","0","1","0","0"
"POINT (7.030500503000042 50.931771724000043)","Unfall 37130 (2024) Kat:3, Licht: 0","37130","3","3","5","05","10","3","","0","0","1","0","0"
"POINT (6.840026732000069 51.043582432000051)","Unfall 37131 (2024) Kat:2, Licht: 0","37131","2","2","5","05","17","3","","0","0","1","0","0"
"POINT (6.833298295000077 50.938392547000035)","Unfall 37132 (2024) Kat:3, Licht: 0","37132","3","7","2","05","11","3","","0","0","1","0","1"
"POINT (6.968120778000070 50.882307236000031)","Unfall 37133 (2024) Kat:3, Licht: 0","37133","3","1","0","05","17","3","","0","1","0","0","0"
"POINT (6.907621937000044 50.932649258000026)","Unfall 37134 (2024) Kat:3, Licht: 0","37134","3","1","0","05","09","3","","0","1","0","0","0"
"POINT (6.937330956000039 50.935359640000058)","Unfall 37135 (2024) Kat:3, Licht: 0","37135","3","1","0","05","11","3","","0","0","0","0","0"
"POINT (6.971436587000028 50.936924508000061)","Unfall 37183 (2024) Kat:3, Licht: 0","37183","3","2","4","05","15","4","","0","1","0","0","0"
"POINT (7.104349840000054 50.861531415000059)","Unfall 37240 (2024) Kat:3, Licht: 0","37240","3","6","0","05","15","2","","0","1","0","0","0"
"POINT (6.973464296000031 50.911700282000027)","Unfall 37241 (2024) Kat:3, Licht: 0","37241","3","6","3","05","16","2","","0","1","0","0","0"
"POINT (6.861184608000030 50.987544787000047)","Unfall 37306 (2024) Kat:3, Licht: 0","37306","3","1","0","05","07","1","","0","0","1","0","0"
"POINT (6.971721455000022 50.939266420000081)","Unfall 37308 (2024) Kat:3, Licht: 0","37308","3","1","0","05","19","1","","0","0","0","0","0"
"POINT (6.978847444000053 50.939694992000057)","Unfall 37309 (2024) Kat:3, Licht: 0","37309","3","1","9","05","07","1","","0","0","1","0","0"
"POINT (6.939952368000036 50.933175629000061)","Unfall 37310 (2024) Kat:3, Licht: 2","37310","3","6","2","05","03","1","","2","1","1","0","0"
"POINT (6.878025245000060 51.006956705000050)","Unfall 37352 (2024) Kat:3, Licht: 0","37352","3","6","2","05","17","5","","0","0","1","0","0"
"POINT (6.849692875000073 50.978020204000075)","Unfall 37369 (2024) Kat:3, Licht: 1","37369","3","6","2","05","18","3","","1","0","1","0","0"
"POINT (6.895718744000021 50.904551470000058)","Unfall 37398 (2024) Kat:3, Licht: 0","37398","3","1","0","05","12","7","","0","0","0","0","0"
"POINT (7.056032710000068 50.928669298000045)","Unfall 37405 (2024) Kat:3, Licht: 0","37405","3","4","6","05","16","7","","0","0","1","1","0"
"POINT (6.928482106000047 50.945022381000058)","Unfall 37406 (2024) Kat:3, Licht: 2","37406","3","3","5","05","03","7","","2","0","1","0","0"
"POINT (6.909846909000066 50.905260997000028)","Unfall 37407 (2024) Kat:3, Licht: 0","37407","3","1","0","05","13","7","","0","1","0","0","0"
"POINT (6.968138717000045 50.884861506000050)","Unfall 37505 (2024) Kat:3, Licht: 0","37505","3","6","3","05","08","6","","0","0","1","0","0"
"POINT (7.033181640000066 50.962120417000051)","Unfall 37506 (2024) Kat:3, Licht: 0","37506","3","6","2","05","14","6","","0","0","1","0","0"
"POINT (7.043368853000061 50.908839540000031)","Unfall 37507 (2024) Kat:3, Licht: 0","37507","3","6","2","05","13","6","","0","0","1","0","0"
"POINT (7.045382378000056 50.953160375000039)","Unfall 37508 (2024) Kat:3, Licht: 0","37508","3","6","2","05","15","6","","0","0","1","0","0"
"POINT (7.100913710000043 50.899766621000026)","Unfall 37511 (2024) Kat:2, Licht: 0","37511","2","3","5","05","17","6","","0","0","1","0","1"
"POINT (6.939049197000031 50.935419287000059)","Unfall 37512 (2024) Kat:2, Licht: 2","37512","2","4","6","05","23","6","","2","0","1","1","0"
"POINT (6.850546684000051 50.964506463000077)","Unfall 37609 (2024) Kat:3, Licht: 1","37609","3","1","8","05","06","5","","1","0","1","0","0"
"POINT (7.040979210000046 50.909609699000043)","Unfall 37613 (2024) Kat:3, Licht: 0","37613","3","6","2","05","17","5","","0","0","1","0","0"
"POINT (6.992885538000053 50.915157111000042)","Unfall 37616 (2024) Kat:3, Licht: 0","37616","3","7","0","05","15","5","","0","0","0","0","0"
"POINT (7.069493104000060 50.882053116000066)","Unfall 37617 (2024) Kat:2, Licht: 0","37617","2","2","5","05","14","5","","0","1","1","0","0"
"POINT (6.998037098000054 50.937517997000043)","Unfall 37618 (2024) Kat:3, Licht: 0","37618","3","1","0","05","11","5","","0","1","0","1","0"
"POINT (7.034193427000048 50.967327307000062)","Unfall 37620 (2024) Kat:3, Licht: 0","37620","3","3","0","05","09","5","","0","0","1","0","0"
"POINT (6.894198670000037 50.937230398000054)","Unfall 37621 (2024) Kat:3, Licht: 0","37621","3","3","5","05","16","5","","0","1","1","0","0"
"POINT (6.939051304000031 50.953395177000061)","Unfall 37623 (2024) Kat:3, Licht: 0","37623","3","6","3","05","09","5","","0","0","1","0","0"
"POINT (6.938773179000066 50.882953938000071)","Unfall 37624 (2024) Kat:3, Licht: 1","37624","3","1","0","05","05","5","","1","1","0","0","0"
"POINT (6.924488324000038 50.936550572000044)","Unfall 37670 (2024) Kat:3, Licht: 0","37670","3","3","0","05","20","2","","0","1","1","0","0"
"POINT (6.947333879000041 50.884336848000032)","Unfall 37745 (2024) Kat:3, Licht: 0","37745","3","6","2","05","14","4","","0","0","0","0","0"
"POINT (7.067724840000039 50.945976894000069)","Unfall 37748 (2024) Kat:3, Licht: 0","37748","3","1","8","05","13","4","","0","0","1","0","1"
"POINT (7.045623025000054 50.866717909000045)","Unfall 37750 (2024) Kat:3, Licht: 0","37750","3","1","1","05","07","4","","0","1","1","0","0"
"POINT (7.005627146000052 50.964425491000043)","Unfall 37751 (2024) Kat:3, Licht: 0","37751","3","3","5","05","12","4","","0","0","1","0","0"
"POINT (7.013121216000059 50.974094460000060)","Unfall 37752 (2024) Kat:3, Licht: 0","37752","3","7","6","05","18","4","","0","1","0","1","0"
"POINT (7.006860615000051 50.964327915000069)","Unfall 37754 (2024) Kat:3, Licht: 0","37754","3","6","3","05","19","4","","0","0","1","0","1"
"POINT (6.979360297000028 50.940242389000048)","Unfall 37756 (2024) Kat:3, Licht: 0","37756","3","5","1","05","08","4","","0","0","1","0","1"
"POINT (7.018605993000051 50.964162379000072)","Unfall 37757 (2024) Kat:3, Licht: 2","37757","3","1","0","05","00","4","","2","1","0","0","0"
"POINT (6.950885636000066 50.874384950000035)","Unfall 37758 (2024) Kat:3, Licht: 0","37758","3","6","2","05","15","4","","0","0","1","0","0"
"POINT (6.947307237000075 50.930125855000028)","Unfall 37877 (2024) Kat:2, Licht: 0","37877","2","3","0","05","11","4","","0","0","1","0","1"
"POINT (6.843583443000057 50.918084042000032)","Unfall 37903 (2024) Kat:3, Licht: 0","37903","3","6","3","05","17","3","","0","0","1","0","0"
"POINT (7.013733338000065 51.014942183000073)","Unfall 37904 (2024) Kat:3, Licht: 0","37904","3","6","2","05","15","3","","0","0","1","0","0"
"POINT (7.046543882000037 50.942179187000079)","Unfall 37906 (2024) Kat:3, Licht: 0","37906","3","2","5","05","07","3","","0","1","1","0","0"
"POINT (7.070791559000043 50.882020447000059)","Unfall 37908 (2024) Kat:3, Licht: 0","37908","3","7","0","05","15","3","","0","1","0","0","0"
"POINT (7.013134362000073 50.974040635000051)","Unfall 37909 (2024) Kat:3, Licht: 0","37909","3","2","5","05","08","3","","0","1","1","0","0"
"POINT (7.052179936000073 50.978427840000052)","Unfall 37910 (2024) Kat:3, Licht: 0","37910","3","1","0","05","18","3","","0","1","0","0","0"
"POINT (6.881915604000028 51.034021124000049)","Unfall 37911 (2024) Kat:3, Licht: 0","37911","3","3","5","05","10","3","","0","0","1","0","1"
"POINT (6.885062254000047 50.999792058000025)","Unfall 37913 (2024) Kat:3, Licht: 0","37913","3","2","2","05","14","3","","0","0","1","0","0"
"POINT (6.943843423000033 50.989182477000043)","Unfall 37914 (2024) Kat:3, Licht: 0","37914","3","2","3","05","15","3","","0","1","1","0","0"
"POINT (6.938641365000024 50.953290634000041)","Unfall 37915 (2024) Kat:3, Licht: 0","37915","3","3","0","05","08","3","","0","1","1","0","0"
"POINT (6.830196179000041 50.947262326000043)","Unfall 37916 (2024) Kat:3, Licht: 1","37916","3","2","3","05","21","3","","1","1","0","0","0"
"POINT (6.939832143000046 50.940008731000034)","Unfall 37917 (2024) Kat:3, Licht: 0","37917","3","1","0","05","13","3","","0","1","0","0","0"
"POINT (7.043066389000046 50.927120747000060)","Unfall 38115 (2024) Kat:3, Licht: 0","38115","3","6","2","05","08","6","","0","0","1","0","0"
"POINT (7.101347920000023 50.880611615000078)","Unfall 38123 (2024) Kat:3, Licht: 0","38123","3","2","0","05","19","2","","0","0","1","0","0"
"POINT (7.098470841000051 50.915076133000071)","Unfall 38125 (2024) Kat:2, Licht: 0","38125","2","2","5","05","18","2","","0","0","1","0","1"
"POINT (7.027950340000075 50.963709221000045)","Unfall 38126 (2024) Kat:3, Licht: 2","38126","3","5","1","05","22","2","","2","0","1","0","0"
"POINT (7.016527320000023 50.950958486000047)","Unfall 38127 (2024) Kat:3, Licht: 0","38127","3","3","0","05","16","2","","0","1","1","0","0"
"POINT (7.037507437000045 50.968006205000052)","Unfall 38128 (2024) Kat:3, Licht: 0","38128","3","6","2","05","14","2","","0","0","1","0","0"
"POINT (6.944679909000058 50.988009355000031)","Unfall 38129 (2024) Kat:3, Licht: 0","38129","3","1","0","05","17","2","","0","1","0","0","0"
"POINT (6.954825317000029 50.998504846000060)","Unfall 38130 (2024) Kat:2, Licht: 0","38130","2","3","5","05","13","2","","0","0","1","0","0"
"POINT (6.949533672000030 50.904072828000039)","Unfall 38131 (2024) Kat:3, Licht: 0","38131","3","6","2","05","14","2","","0","0","1","0","1"
"POINT (6.989327044000049 50.891336342000045)","Unfall 38132 (2024) Kat:3, Licht: 0","38132","3","1","0","05","14","2","","0","1","0","0","0"
"POINT (6.926359218000073 50.930973465000079)","Unfall 38133 (2024) Kat:3, Licht: 0","38133","3","3","5","05","08","2","","0","0","1","0","0"
"POINT (6.939519929000028 50.938821274000077)","Unfall 38134 (2024) Kat:3, Licht: 0","38134","3","3","5","05","17","2","","0","1","0","0","0"
"POINT (6.971061454000051 50.932642188000045)","Unfall 38214 (2024) Kat:3, Licht: 0","38214","3","6","4","06","16","3","","0","1","0","0","0"
"POINT (6.933510970000043 50.921265910000045)","Unfall 38215 (2024) Kat:3, Licht: 0","38215","3","3","5","06","07","3","","0","1","0","0","0"
"POINT (6.938327783000034 50.930814623000060)","Unfall 38216 (2024) Kat:3, Licht: 0","38216","3","5","3","06","13","3","","0","0","1","0","1"
"POINT (6.951504430000057 50.948598992000029)","Unfall 38217 (2024) Kat:3, Licht: 0","38217","3","5","0","06","10","3","","0","1","1","0","0"
"POINT (7.092462727000054 50.889791274000061)","Unfall 38306 (2024) Kat:3, Licht: 0","38306","3","6","2","06","16","2","","0","0","1","0","0"
"POINT (6.992238019000069 50.915589994000072)","Unfall 38309 (2024) Kat:3, Licht: 0","38309","3","4","6","06","18","2","","0","0","1","1","0"
"POINT (7.091441254000074 50.850482596000063)","Unfall 38310 (2024) Kat:3, Licht: 0","38310","3","4","6","06","09","2","","0","1","0","1","0"
"POINT (6.962643019000041 50.936283914000057)","Unfall 38311 (2024) Kat:3, Licht: 0","38311","3","5","0","06","18","2","","0","1","1","0","0"
"POINT (7.064798188000054 50.972128275000046)","Unfall 38312 (2024) Kat:3, Licht: 0","38312","3","2","2","06","19","2","","0","1","0","0","1"
"POINT (6.873604061000037 50.937775511000041)","Unfall 38313 (2024) Kat:3, Licht: 2","38313","3","1","9","06","23","2","","2","0","0","0","0"
"POINT (6.940995705000034 50.953777351000042)","Unfall 38314 (2024) Kat:3, Licht: 0","38314","3","6","2","06","14","2","","0","0","1","0","0"
"POINT (6.837605335000035 50.967343456000037)","Unfall 38315 (2024) Kat:3, Licht: 0","38315","3","6","2","06","15","2","","0","0","1","0","0"
"POINT (6.925550767000061 50.940006067000070)","Unfall 38316 (2024) Kat:3, Licht: 0","38316","3","3","5","06","07","2","","0","1","1","0","0"
"POINT (6.959898866000060 50.921045749000029)","Unfall 38317 (2024) Kat:3, Licht: 0","38317","3","2","3","06","11","2","","0","1","1","0","0"
"POINT (6.939004469000054 50.936080658000037)","Unfall 38318 (2024) Kat:3, Licht: 2","38318","3","7","6","06","22","2","","2","0","1","1","0"
"POINT (6.940148622000038 50.941389339000068)","Unfall 38319 (2024) Kat:3, Licht: 0","38319","3","5","1","06","10","2","","0","1","1","0","0"
"POINT (7.031247397000072 50.940273494000053)","Unfall 38382 (2024) Kat:3, Licht: 0","38382","3","7","4","06","21","1","","0","0","1","0","1"
"POINT (7.092946032000043 50.929667023000036)","Unfall 38383 (2024) Kat:3, Licht: 0","38383","3","1","0","06","10","1","","0","1","0","0","0"
"POINT (6.954089970000041 50.962800534000053)","Unfall 38384 (2024) Kat:3, Licht: 0","38384","3","5","2","06","13","1","","0","0","1","0","0"
"POINT (6.952782008000042 50.956420973000036)","Unfall 38385 (2024) Kat:3, Licht: 0","38385","3","6","4","06","15","1","","0","1","0","0","0"
"POINT (6.918977423000058 50.952323117000049)","Unfall 38386 (2024) Kat:3, Licht: 0","38386","3","6","1","06","14","1","","0","1","1","0","0"
"POINT (7.051762335000035 50.943251435000036)","Unfall 38439 (2024) Kat:3, Licht: 0","38439","3","7","1","06","16","7","","0","0","1","0","1"
"POINT (7.076876329000072 50.982358912000052)","Unfall 38440 (2024) Kat:3, Licht: 0","38440","3","1","0","06","15","7","","0","0","0","0","1"
"POINT (6.914907997000057 50.948382325000068)","Unfall 38441 (2024) Kat:3, Licht: 0","38441","3","3","2","06","09","7","","0","0","1","0","0"
"POINT (6.953985491000026 50.963267439000049)","Unfall 38454 (2024) Kat:3, Licht: 0","38454","3","5","0","06","12","2","","0","1","1","0","0"
"POINT (7.067771190000030 50.949840837000067)","Unfall 38511 (2024) Kat:3, Licht: 0","38511","3","6","2","06","12","6","","0","0","1","0","0"
"POINT (7.027920655000059 50.940212106000047)","Unfall 38515 (2024) Kat:3, Licht: 0","38515","3","2","5","06","12","6","","0","0","1","0","1"
"POINT (7.055430909000052 50.887724357000081)","Unfall 38516 (2024) Kat:3, Licht: 0","38516","3","2","4","06","08","6","","0","0","1","0","0"
"POINT (6.923274266000021 50.936764755000070)","Unfall 38517 (2024) Kat:3, Licht: 0","38517","3","3","5","06","15","6","","0","1","1","0","0"
"POINT (6.840270263000036 50.952787493000073)","Unfall 38518 (2024) Kat:3, Licht: 0","38518","3","6","2","06","14","6","","0","0","1","0","0"
"POINT (6.923043831000030 50.936569524000049)","Unfall 38519 (2024) Kat:3, Licht: 0","38519","3","2","5","06","12","6","","0","1","1","0","0"
"POINT (6.939844239000024 50.940055689000076)","Unfall 38520 (2024) Kat:3, Licht: 2","38520","3","1","0","06","23","6","","2","1","0","0","0"
"POINT (7.030929024000045 50.967162878000067)","Unfall 38600 (2024) Kat:3, Licht: 0","38600","3","6","3","06","16","5","","0","0","1","0","0"
"POINT (6.875234609000074 51.000412039000082)","Unfall 38601 (2024) Kat:3, Licht: 0","38601","3","3","5","06","14","5","","0","0","1","0","1"
"POINT (6.924484474000053 50.936550633000081)","Unfall 38602 (2024) Kat:3, Licht: 0","38602","3","3","5","06","18","5","","0","1","1","0","0"
"POINT (6.923594932000071 50.912304301000063)","Unfall 38603 (2024) Kat:2, Licht: 0","38603","2","6","0","06","14","5","","0","1","1","0","0"
"POINT (6.928989490000049 50.861390229000051)","Unfall 38604 (2024) Kat:3, Licht: 0","38604","3","6","4","06","15","5","","0","1","0","0","0"
"POINT (7.096114609000040 50.863688789000037)","Unfall 38669 (2024) Kat:3, Licht: 0","38669","3","1","2","06","15","4","","0","0","1","0","0"
"POINT (6.931295234000061 50.954117079000071)","Unfall 38671 (2024) Kat:3, Licht: 2","38671","3","1","0","06","23","4","","2","0","1","0","0"
"POINT (6.982684953000046 50.888909563000027)","Unfall 38673 (2024) Kat:3, Licht: 0","38673","3","6","2","06","18","4","","0","0","1","0","0"
"POINT (6.991189670000040 50.867382979000070)","Unfall 38674 (2024) Kat:3, Licht: 0","38674","3","6","2","06","16","4","","0","0","1","0","0"
"POINT (6.901537821000034 50.926338107000049)","Unfall 38675 (2024) Kat:3, Licht: 0","38675","3","2","4","06","06","4","","0","1","1","0","0"
"POINT (6.865900127000032 50.918244086000072)","Unfall 38775 (2024) Kat:3, Licht: 0","38775","3","6","3","06","18","3","","0","0","1","0","0"
"POINT (6.992488648000062 50.935707584000056)","Unfall 38778 (2024) Kat:3, Licht: 0","38778","3","3","5","06","07","3","","0","1","1","0","0"
"POINT (7.065044955000076 50.837002158000075)","Unfall 38779 (2024) Kat:3, Licht: 0","38779","3","3","5","06","20","3","","0","1","1","0","0"
"POINT (7.093487834000030 50.858617282000068)","Unfall 38780 (2024) Kat:3, Licht: 0","38780","3","6","3","06","17","3","","0","0","1","0","0"
"POINT (7.093823512000029 50.920592505000059)","Unfall 38781 (2024) Kat:3, Licht: 0","38781","3","2","6","06","12","3","","0","0","1","1","0"
"POINT (6.981951672000037 50.943085327000063)","Unfall 38782 (2024) Kat:3, Licht: 1","38782","3","2","1","06","19","3","","1","0","1","0","0"
"POINT (7.017304759000069 50.950394341000049)","Unfall 38783 (2024) Kat:3, Licht: 2","38783","3","6","3","06","23","3","","2","0","1","0","0"
"POINT (6.917465036000067 50.951011082000036)","Unfall 38784 (2024) Kat:3, Licht: 0","38784","3","6","2","06","08","3","","0","0","1","0","0"
"POINT (6.829017389000057 50.957570895000060)","Unfall 38785 (2024) Kat:3, Licht: 2","38785","3","1","0","06","02","3","","2","0","1","0","0"