WKT,Name,OBJECTID,UKATEGORIE,UTYP1,UART,UMONAT,USTUNDE,UWOCHENTAG,STRZUSTAND,ULICHTVERH,ISTRAD,ISTPKW,ISTFUSS,ISTKRAD
"POINT (6.974829535000026 50.856954916000063)","Unfall 44536 (2024) Kat:3, Licht: 0","44536","3","2","5","07","15","7","","0","1","1","0","0"
"POINT (6.951929632000031 50.935232851000080)","Unfall 44537 (2024) Kat:3, Licht: 0","44537","3","2","2","07","18","7","","0","0","1","0","1"
"POINT (7.034449446000053 50.967379604000030)","Unfall 44622 (2024) Kat:3, Licht: 0","44622","3","3","5","07","15","6","","0","1","1","0","0"
"POINT (6.982555322000053 50.922113142000057)","Unfall 44623 (2024) Kat:3, Licht: 0","44623","3","5","0","07","15","6","","0","1","1","0","0"
"POINT (6.957283919000076 51.027106012000047)","Unfall 44624 (2024) Kat:3, Licht: 0","44624","3","5","1","07","18","6","","0","1","1","0","0"
"POINT (6.958061954000073 50.957758171000080)","Unfall 44625 (2024) Kat:3, Licht: 0","44625","3","2","5","07","09","6","","0","1","1","0","0"
"POINT (6.875882476000072 50.924164353000037)","Unfall 44626 (2024) Kat:2, Licht: 0","44626","2","6","2","07","16","6","","0","0","1","0","1"
"POINT (6.936855622000053 50.936498809000057)","Unfall 44627 (2024) Kat:3, Licht: 0","44627","3","2","3","07","14","6","","0","0","1","0","0"
"POINT (6.918786129000068 51.013164318000065)","Unfall 44744 (2024) Kat:2, Licht: 2","44744","2","6","2","07","00","5","","2","0","1","0","0"
"POINT (7.027841710000075 50.942679815000076)","Unfall 44750 (2024) Kat:3, Licht: 0","44750","3","3","5","07","18","5","","0","0","1","0","1"
"POINT (6.998073173000023 50.937453003000030)","Unfall 44752 (2024) Kat:3, Licht: 0","44752","3","6","0","07","15","5","","0","0","1","0","0"
"POINT (7.023040387000037 50.946194013000081)","Unfall 44753 (2024) Kat:3, Licht: 0","44753","3","7","0","07","12","5","","0","0","0","0","0"
"POINT (6.940622809000047 50.931104380000079)","Unfall 44754 (2024) Kat:3, Licht: 0","44754","3","1","0","07","12","5","","0","1","0","0","0"
"POINT (6.992517084000042 50.935809249000044)","Unfall 44856 (2024) Kat:3, Licht: 0","44856","3","6","3","07","17","4","","0","0","1","0","0"
"POINT (6.998343608000027 50.937480599000025)","Unfall 44857 (2024) Kat:3, Licht: 0","44857","3","4","6","07","14","4","","0","0","1","1","0"
"POINT (6.846044362000043 50.918187856000031)","Unfall 44858 (2024) Kat:3, Licht: 0","44858","3","6","3","07","13","4","","0","0","1","0","1"
"POINT (6.915453052000032 50.904195114000061)","Unfall 44859 (2024) Kat:2, Licht: 0","44859","2","7","0","07","12","4","","0","0","1","0","0"
"POINT (7.000345985000024 50.937635224000076)","Unfall 44904 (2024) Kat:3, Licht: 0","44904","3","2","5","08","18","5","","0","1","1","0","0"
"POINT (7.006211174000043 50.911799320000057)","Unfall 44945 (2024) Kat:3, Licht: 0","44945","3","6","2","07","07","3","","0","0","1","0","0"
"POINT (6.837485297000057 51.039142234000053)","Unfall 44946 (2024) Kat:3, Licht: 0","44946","3","3","3","07","05","3","","0","0","1","0","0"
"POINT (6.992583319000062 50.935556510000026)","Unfall 44949 (2024) Kat:2, Licht: 0","44949","2","4","6","07","13","3","","0","0","1","1","0"
"POINT (7.096426883000049 50.923445458000060)","Unfall 44950 (2024) Kat:3, Licht: 0","44950","3","3","5","07","12","3","","0","1","1","0","0"
"POINT (6.999436636000041 50.986002768000048)","Unfall 44952 (2024) Kat:3, Licht: 0","44952","3","3","5","07","12","3","","0","1","1","0","0"
"POINT (7.003966484000046 50.961928099000033)","Unfall 44953 (2024) Kat:3, Licht: 0","44953","3","4","6","07","07","3","","0","0","1","1","0"
"POINT (6.977431313000068 50.907023473000038)","Unfall 44955 (2024) Kat:3, Licht: 0","44955","3","6","2","07","11","3","","0","0","1","0","1"
"POINT (6.968734905000076 50.855188142000031)","Unfall 45077 (2024) Kat:2, Licht: 0","45077","2","1","0","07","16","2","","0","0","0","0","1"
"POINT (7.078019818000030 50.923377556000048)","Unfall 45079 (2024) Kat:3, Licht: 0","45079","3","3","5","07","16","2","","0","1","1","0","0"
"POINT (7.006933980000042 50.970936591000054)","Unfall 45080 (2024) Kat:3, Licht: 2","45080","3","7","0","07","22","2","","2","0","1","0","1"
"POINT (6.971690246000037 50.938503551000053)","Unfall 45081 (2024) Kat:3, Licht: 0","45081","3","3","5","07","19","2","","0","1","1","0","0"
"POINT (6.923782369000037 50.957457424000040)","Unfall 45082 (2024) Kat:3, Licht: 0","45082","3","6","2","07","07","2","","0","0","1","0","1"
"POINT (6.935701152000036 51.038249906000033)","Unfall 45215 (2024) Kat:2, Licht: 0","45215","2","1","0","07","18","1","","0","1","0","0","0"
"POINT (6.933769964000021 51.019935653000061)","Unfall 45311 (2024) Kat:3, Licht: 2","45311","3","6","2","07","23","7","","2","0","1","0","0"
"POINT (6.922384218000047 50.965575851000040)","Unfall 45312 (2024) Kat:2, Licht: 0","45312","2","1","9","07","16","7","","0","0","1","0","0"
"POINT (6.910929109000051 50.899183185000027)","Unfall 45314 (2024) Kat:3, Licht: 0","45314","3","6","1","07","16","7","","0","0","1","0","0"
"POINT (7.096105347000048 50.948149434000072)","Unfall 45316 (2024) Kat:3, Licht: 0","45316","3","2","0","07","20","7","","0","1","1","0","0"
"POINT (7.059921403000033 50.907390894000059)","Unfall 45317 (2024) Kat:3, Licht: 0","45317","3","6","2","07","13","7","","0","0","1","0","0"
"POINT (6.925186818000043 50.939078718000076)","Unfall 45318 (2024) Kat:3, Licht: 0","45318","3","6","2","07","17","7","","0","0","1","0","0"
"POINT (6.927873996000073 50.959704881000050)","Unfall 45319 (2024) Kat:3, Licht: 2","45319","3","2","5","07","01","7","","2","1","1","0","0"
"POINT (6.929943175000062 50.925184785000056)","Unfall 45321 (2024) Kat:2, Licht: 2","45321","2","1","0","07","02","7","","2","1","0","0","0"
"POINT (6.953088211000022 50.935109018000048)","Unfall 45322 (2024) Kat:3, Licht: 2","45322","3","2","4","07","23","7","","2","1","1","0","0"
"POINT (6.938981978000072 50.936412873000052)","Unfall 45323 (2024) Kat:3, Licht: 2","45323","3","2","6","07","22","7","","2","0","1","1","0"
"POINT (6.914001828000039 50.921478599000068)","Unfall 45331 (2024) Kat:3, Licht: 0","45331","3","1","0","07","14","5","","0","0","0","0","0"
"POINT (6.891334234000055 50.906746210000051)","Unfall 45417 (2024) Kat:3, Licht: 0","45417","3","6","2","07","13","6","","0","0","1","0","0"
"POINT (6.969256944000051 50.863957442000071)","Unfall 45418 (2024) Kat:3, Licht: 0","45418","3","6","2","07","15","6","","0","0","1","0","0"
"POINT (7.080924202000062 50.899711934000038)","Unfall 45420 (2024) Kat:3, Licht: 0","45420","3","6","2","07","15","6","","0","0","1","0","0"
"POINT (7.060623539000062 50.907308454000031)","Unfall 45421 (2024) Kat:3, Licht: 0","45421","3","6","2","07","16","6","","0","0","1","0","0"
"POINT (7.055590928000072 50.891411860000062)","Unfall 45422 (2024) Kat:3, Licht: 0","45422","3","6","3","07","10","6","","0","1","1","0","0"
"POINT (7.024669498000037 50.981926725000051)","Unfall 45423 (2024) Kat:3, Licht: 0","45423","3","6","2","07","18","6","","0","0","1","0","0"
"POINT (6.960305247000065 50.935866623000038)","Unfall 45424 (2024) Kat:3, Licht: 0","45424","3","4","6","07","18","6","","0","0","1","1","0"
"POINT (7.046181021000052 50.920138671000075)","Unfall 45522 (2024) Kat:3, Licht: 0","45522","3","6","3","08","07","4","","0","0","1","0","0"
"POINT (6.996693267000069 50.937312185000053)","Unfall 45523 (2024) Kat:3, Licht: 0","45523","3","6","0","08","11","4","","0","1","0","0","0"
"POINT (6.935258463000025 50.936520715000029)","Unfall 45524 (2024) Kat:2, Licht: 0","45524","2","2","5","08","10","4","","0","0","1","0","0"
"POINT (6.922871601000054 50.892254691000062)","Unfall 45611 (2024) Kat:3, Licht: 0","45611","3","6","2","08","15","3","","0","0","1","0","0"
"POINT (7.022934456000030 50.965041000000042)","Unfall 45614 (2024) Kat:3, Licht: 2","45614","3","1","0","08","21","3","","2","0","0","0","0"
"POINT (6.994205293000050 50.964719455000079)","Unfall 45615 (2024) Kat:3, Licht: 0","45615","3","7","0","08","15","3","","0","0","1","0","0"
"POINT (6.937865976000069 50.967617382000071)","Unfall 45616 (2024) Kat:3, Licht: 0","45616","3","4","6","08","12","3","","0","1","0","1","0"
"POINT (6.939689719000057 50.933381409000049)","Unfall 45617 (2024) Kat:3, Licht: 2","45617","3","1","0","08","02","3","","2","0","0","0","0"
"POINT (6.973907342000075 50.864527891000080)","Unfall 45648 (2024) Kat:3, Licht: 0","45648","3","6","2","08","14","3","","0","0","1","0","0"
"POINT (6.881648113000040 51.004187765000040)","Unfall 45689 (2024) Kat:3, Licht: 0","45689","3","6","2","08","14","2","","0","0","1","0","0"
"POINT (7.067047681000076 50.908005025000080)","Unfall 45691 (2024) Kat:3, Licht: 0","45691","3","6","1","08","07","2","","0","0","1","0","0"
"POINT (7.098073553000063 50.920046937000052)","Unfall 45693 (2024) Kat:3, Licht: 2","45693","3","2","9","08","22","2","","2","0","1","0","0"
"POINT (6.989858219000041 50.896854408000081)","Unfall 45694 (2024) Kat:3, Licht: 0","45694","3","2","4","08","18","2","","0","1","0","0","1"
"POINT (6.856762591000063 50.920296993000079)","Unfall 45695 (2024) Kat:3, Licht: 0","45695","3","2","5","08","07","2","","0","1","1","0","0"
"POINT (6.956205922000038 50.935174293000046)","Unfall 45696 (2024) Kat:3, Licht: 0","45696","3","6","1","08","08","2","","0","0","1","0","0"
"POINT (7.019081060000076 50.915269352000053)","Unfall 45778 (2024) Kat:3, Licht: 0","45778","3","6","2","08","18","1","","0","0","1","0","0"
"POINT (7.062937871000031 50.905179219000047)","Unfall 45779 (2024) Kat:3, Licht: 2","45779","3","2","4","08","02","1","","2","0","1","0","0"
"POINT (6.943518923000056 50.989636888000064)","Unfall 45780 (2024) Kat:3, Licht: 0","45780","3","1","0","08","16","1","","0","1","0","0","0"
"POINT (6.888449668000021 50.929397925000046)","Unfall 45782 (2024) Kat:3, Licht: 0","45782","3","1","0","08","16","1","","0","1","0","0","0"
"POINT (7.095516204000035 50.924936954000032)","Unfall 45876 (2024) Kat:3, Licht: 0","45876","3","3","5","08","15","7","","0","1","1","0","0"
"POINT (6.870027048000054 50.922971710000070)","Unfall 45877 (2024) Kat:3, Licht: 0","45877","3","3","5","08","12","7","","0","1","1","0","0"
"POINT (6.955390717000057 50.934932046000029)","Unfall 45878 (2024) Kat:3, Licht: 2","45878","3","4","6","08","23","7","","2","0","0","1","0"
"POINT (6.945128616000034 50.927051214000073)","Unfall 45879 (2024) Kat:3, Licht: 2","45879","3","1","0","08","03","7","","2","0","0","0","0"
"POINT (7.008230029000060 50.924983664000081)","Unfall 45991 (2024) Kat:2, Licht: 1","45991","2","1","9","08","21","6","","1","0","0","0","1"
"POINT (7.005090566000035 50.938295968000034)","Unfall 45992 (2024) Kat:3, Licht: 0","45992","3","3","5","08","09","6","","0","0","1","0","0"
"POINT (7.016693715000031 50.950837744000069)","Unfall 45993 (2024) Kat:3, Licht: 0","45993","3","2","5","08","16","6","","0","1","1","0","0"
"POINT (6.984082045000036 50.944342339000059)","Unfall 45994 (2024) Kat:3, Licht: 0","45994","3","6","2","08","07","6","","0","0","1","0","0"
"POINT (7.055858649000072 50.891329477000056)","Unfall 46033 (2024) Kat:3, Licht: 0","46033","3","6","2","08","15","3","","0","0","1","0","1"
"POINT (6.973394036000059 50.939780179000081)","Unfall 46095 (2024) Kat:3, Licht: 0","46095","3","1","2","08","09","5","","0","1","0","0","0"
"POINT (7.033083481000062 50.967100443000049)","Unfall 46097 (2024) Kat:3, Licht: 0","46097","3","2","5","08","15","5","","0","1","1","0","0"
"POINT (6.873981117000028 50.983170424000036)","Unfall 46098 (2024) Kat:3, Licht: 0","46098","3","3","5","08","18","5","","0","1","1","0","0"
"POINT (6.910476449000043 50.899420265000060)","Unfall 46099 (2024) Kat:3, Licht: 2","46099","3","6","1","08","22","5","","2","0","1","0","0"
"POINT (6.963090196000053 50.944657866000057)","Unfall 46100 (2024) Kat:2, Licht: 0","46100","2","6","4","08","17","5","","0","1","0","0","0"
"POINT (6.962515553000060 50.941863208000029)","Unfall 46101 (2024) Kat:3, Licht: 0","46101","3","6","3","08","12","5","","0","0","1","0","1"
"POINT (6.932621428000061 50.936560968000038)","Unfall 46115 (2024) Kat:3, Licht: 0","46115","3","6","5","08","08","3","","0","1","1","0","0"
"POINT (6.874324360000060 51.009719902000029)","Unfall 46202 (2024) Kat:3, Licht: 0","46202","3","6","2","08","16","4","","0","0","1","0","0"
"POINT (7.037163635000070 50.930688374000056)","Unfall 46203 (2024) Kat:3, Licht: 2","46203","3","1","0","08","21","4","","2","1","0","0","0"
"POINT (6.978531258000032 50.952662266000061)","Unfall 46204 (2024) Kat:3, Licht: 0","46204","3","6","2","08","16","4","","0","0","1","0","0"
"POINT (6.980875752000031 50.950987518000034)","Unfall 46205 (2024) Kat:2, Licht: 2","46205","2","6","2","08","23","4","","2","0","1","0","1"
"POINT (6.942558911000049 50.935920656000064)","Unfall 46296 (2024) Kat:3, Licht: 0","46296","3","3","5","08","00","3","","0","1","1","0","0"
"POINT (6.980916744000069 50.942221462000077)","Unfall 46297 (2024) Kat:3, Licht: 0","46297","3","6","1","08","16","3","","0","0","1","0","1"
"POINT (6.921042988000067 50.914272215000040)","Unfall 46298 (2024) Kat:3, Licht: 0","46298","3","2","5","08","12","3","","0","1","1","0","0"
"POINT (6.948516227000027 50.936333688000047)","Unfall 46299 (2024) Kat:3, Licht: 0","46299","3","6","3","08","12","3","","0","1","0","0","0"
"POINT (6.932599958000026 50.935488716000066)","Unfall 46300 (2024) Kat:3, Licht: 0","46300","3","2","5","08","11","3","","0","0","1","0","0"
"POINT (7.043039428000043 51.003858176000051)","Unfall 46414 (2024) Kat:3, Licht: 0","46414","3","5","0","08","19","2","","0","1","0","0","0"
"POINT (7.052592670000024 50.978484879000064)","Unfall 46415 (2024) Kat:3, Licht: 0","46415","3","7","0","08","15","2","","0","0","1","0","0"
"POINT (6.879857086000072 50.995158529000037)","Unfall 46416 (2024) Kat:3, Licht: 1","46416","3","4","6","08","20","2","","1","0","1","1","0"
"POINT (7.043044813000051 51.003931588000057)","Unfall 46483 (2024) Kat:2, Licht: 0","46483","2","5","1","08","19","3","","0","0","1","0","1"
"POINT (6.970650569000043 50.936416568000027)","Unfall 46496 (2024) Kat:2, Licht: 0","46496","2","1","9","08","11","4","","0","1","0","0","0"
"POINT (7.104171787000041 50.885866298000053)","Unfall 46518 (2024) Kat:3, Licht: 0","46518","3","6","2","08","17","1","","0","0","1","0","0"
"POINT (6.981592859000045 50.943144923000034)","Unfall 46519 (2024) Kat:3, Licht: 0","46519","3","7","0","08","13","1","","0","0","0","0","0"
"POINT (6.936931487000038 50.997343845000046)","Unfall 46520 (2024) Kat:3, Licht: 0","46520","3","6","1","08","09","1","","0","0","1","0","0"
"POINT (6.926760321000074 50.942671749000056)","Unfall 46521 (2024) Kat:3, Licht: 1","46521","3","2","5","08","21","1","","1","1","1","0","0"
"POINT (6.971583986000041 50.937868578000064)","Unfall 46522 (2024) Kat:3, Licht: 0","46522","3","3","1","08","13","1","","0","1","1","0","0"
"POINT (6.992753835000030 50.926567566000074)","Unfall 46580 (2024) Kat:3, Licht: 0","46580","3","3","5","08","18","3","","0","0","1","0","0"
"POINT (6.963183667000067 50.936346950000029)","Unfall 46590 (2024) Kat:3, Licht: 0","46590","3","1","0","08","13","7","","0","1","0","0","0"
"POINT (6.973960165000051 50.955573049000066)","Unfall 46591 (2024) Kat:3, Licht: 0","46591","3","1","0","08","12","7","","0","0","0","0","0"
"POINT (6.958067749000065 50.935422805000030)","Unfall 46592 (2024) Kat:3, Licht: 2","46592","3","2","3","08","21","7","","2","0","1","0","0"
"POINT (6.958055545000036 50.935416990000078)","Unfall 46593 (2024) Kat:3, Licht: 0","46593","3","7","5","08","15","7","","0","0","1","0","0"
"POINT (6.969359248000046 50.876758754000036)","Unfall 46594 (2024) Kat:3, Licht: 0","46594","3","6","2","08","15","3","","0","0","1","0","0"
"POINT (6.957135909000044 50.935139022000044)","Unfall 46595 (2024) Kat:3, Licht: 2","46595","3","6","2","08","00","7","","2","0","1","0","0"
"POINT (6.917614938000042 50.951161806000073)","Unfall 46608 (2024) Kat:3, Licht: 0","46608","3","6","3","08","11","3","","0","1","0","0","0"
"POINT (7.076473838000027 50.945119201000068)","Unfall 46764 (2024) Kat:3, Licht: 0","46764","3","3","0","08","08","3","","0","1","1","0","0"
"POINT (7.040238771000077 50.968561102000081)","Unfall 46765 (2024) Kat:3, Licht: 1","46765","3","5","1","08","07","3","","1","1","1","0","0"
"POINT (6.955696110000076 50.957189916000061)","Unfall 46766 (2024) Kat:3, Licht: 0","46766","3","2","5","08","16","3","","0","1","1","0","0"
"POINT (6.924331771000027 50.936553059000062)","Unfall 46767 (2024) Kat:3, Licht: 0","46767","3","2","5","08","09","3","","0","1","1","0","0"
"POINT (6.985094561000039 50.900174185000026)","Unfall 46768 (2024) Kat:3, Licht: 0","46768","3","6","3","08","17","3","","0","1","0","0","0"
"POINT (6.941397498000072 50.929270646000077)","Unfall 46769 (2024) Kat:3, Licht: 0","46769","3","2","6","08","11","3","","0","0","1","1","0"
"POINT (6.966846021000038 50.923203202000082)","Unfall 46792 (2024) Kat:3, Licht: 0","46792","3","1","7","08","18","3","","0","1","0","0","0"
"POINT (6.935696207000035 51.020732939000027)","Unfall 46880 (2024) Kat:2, Licht: 0","46880","2","6","2","08","14","2","","0","0","0","0","1"
"POINT (6.851780639000026 50.977567738000062)","Unfall 46881 (2024) Kat:3, Licht: 0","46881","3","6","2","08","18","2","","0","0","1","0","0"
"POINT (7.032448664000071 50.964042381000070)","Unfall 46883 (2024) Kat:2, Licht: 0","46883","2","6","2","08","16","2","","0","0","0","0","0"
"POINT (7.056716794000067 50.951469430000031)","Unfall 46884 (2024) Kat:3, Licht: 0","46884","3","6","3","08","14","2","","0","0","1","0","0"
"POINT (7.076166107000063 50.980718964000062)","Unfall 46885 (2024) Kat:3, Licht: 0","46885","3","6","2","08","18","2","","0","0","1","0","0"
"POINT (7.013360183000032 50.974497131000078)","Unfall 46886 (2024) Kat:3, Licht: 0","46886","3","3","5","08","17","2","","0","1","1","0","0"
"POINT (6.932924664000041 50.920722951000073)","Unfall 46888 (2024) Kat:2, Licht: 2","46888","2","3","5","08","23","2","","2","0","1","0","1"
"POINT (6.945768221000037 50.891016924000041)","Unfall 46889 (2024) Kat:2, Licht: 0","46889","2","3","5","08","08","2","","0","0","1","0","1"
"POINT (6.844572056000061 50.925081573000057)","Unfall 46981 (2024) Kat:2, Licht: 0","46981","2","6","3","08","17","1","","0","0","1","0","0"
"POINT (6.969689157000062 50.870301363000067)","Unfall 46983 (2024) Kat:3, Licht: 0","46983","3","6","3","08","06","1","","0","0","1","0","0"
"POINT (7.077908485000023 50.901517169000044)","Unfall 46984 (2024) Kat:3, Licht: 0","46984","3","1","0","08","19","1","","0","0","0","0","1"
"POINT (6.981546884000068 50.937209755000026)","Unfall 46985 (2024) Kat:2, Licht: 1","46985","2","3","5","08","21","1","","1","0","1","0","0"
"POINT (6.978969229000029 50.939493925000079)","Unfall 46986 (2024) Kat:3, Licht: 0","46986","3","3","5","08","17","1","","0","0","1","0","0"
"POINT (7.014720470000043 50.975303133000068)","Unfall 46987 (2024) Kat:3, Licht: 0","46987","3","1","0","08","12","1","","0","1","0","0","0"
"POINT (6.946772502000044 50.985027150000064)","Unfall 46988 (2024) Kat:2, Licht: 2","46988","2","1","6","08","03","1","","2","0","1","1","0"
"POINT (6.939593141000046 50.927255968000054)","Unfall 46989 (2024) Kat:2, Licht: 2","46989","2","1","0","08","21","1","","2","1","0","0","0"
"POINT (6.932924664000041 50.920722951000073)","Unfall 47075 (2024) Kat:3, Licht: 0","47075","3","6","3","08","13","3","","0","1","1","0","0"
"POINT (7.009939741000039 50.848911065000038)","Unfall 47090 (2024) Kat:3, Licht: 0","47090","3","1","1","08","08","7","","0","0","1","0","0"
"POINT (7.001050521000025 50.957316641000034)","Unfall 47091 (2024) Kat:3, Licht: 2","47091","3","6","2","08","21","7","","2","0","1","0","0"
"POINT (7.048946654000076 50.970962594000071)","Unfall 47092 (2024) Kat:3, Licht: 0","47092","3","3","3","08","10","7","","0","1","0","0","0"
"POINT (6.928070122000065 50.959681016000047)","Unfall 47093 (2024) Kat:3, Licht: 0","47093","3","1","0","08","15","7","","0","0","1","0","0"
"POINT (6.986845500000072 50.898970936000069)","Unfall 47094 (2024) Kat:3, Licht: 2","47094","3","4","6","08","23","7","","2","0","0","1","1"
"POINT (6.938066997000021 50.925804581000079)","Unfall 47095 (2024) Kat:3, Licht: 0","47095","3","5","0","08","14","7","","0","1","1","0","0"
"POINT (6.931572946000074 50.919778766000036)","Unfall 47096 (2024) Kat:2, Licht: 1","47096","2","1","0","08","06","7","","1","0","1","0","0"
"POINT (6.959161493000067 50.950976704000027)","Unfall 47097 (2024) Kat:3, Licht: 1","47097","3","1","0","08","20","7","","1","0","0","0","1"
"POINT (6.848642252000047 50.930989446000069)","Unfall 47206 (2024) Kat:3, Licht: 0","47206","3","6","3","08","12","6","","0","0","1","0","0"
"POINT (7.027325566000059 50.916770178000036)","Unfall 47207 (2024) Kat:3, Licht: 2","47207","3","1","9","08","22","6","","2","0","0","0","1"
"POINT (7.089028971000062 50.881591537000077)","Unfall 47209 (2024) Kat:3, Licht: 2","47209","3","1","1","08","23","6","","2","0","1","0","0"
"POINT (7.099880011000039 50.909519273000058)","Unfall 47210 (2024) Kat:3, Licht: 0","47210","3","2","2","08","18","6","","0","0","1","0","0"
"POINT (7.052299865000066 50.978445623000027)","Unfall 47212 (2024) Kat:3, Licht: 0","47212","3","6","4","08","18","6","","0","0","1","0","1"
"POINT (7.015506293000044 50.975688234000074)","Unfall 47213 (2024) Kat:3, Licht: 0","47213","3","2","5","08","19","6","","0","1","0","0","0"
"POINT (6.979655111000056 50.951766560000067)","Unfall 47215 (2024) Kat:3, Licht: 0","47215","3","6","2","08","10","6","","0","0","1","0","0"
"POINT (6.924086827000053 50.936556950000067)","Unfall 47216 (2024) Kat:3, Licht: 0","47216","3","4","6","08","14","6","","0","0","0","1","0"
"POINT (6.987624068000059 50.889565040000036)","Unfall 47217 (2024) Kat:2, Licht: 2","47217","2","1","8","08","22","6","","2","1","1","0","0"
"POINT (6.975511690000076 50.850573901000075)","Unfall 47218 (2024) Kat:3, Licht: 1","47218","3","4","6","08","20","6","","1","0","1","1","0"
"POINT (6.928565576000040 50.927704874000028)","Unfall 47219 (2024) Kat:3, Licht: 2","47219","3","1","2","08","02","6","","2","0","1","0","1"
"POINT (6.965309917000070 50.948715696000079)","Unfall 47220 (2024) Kat:3, Licht: 0","47220","3","6","3","08","09","6","","0","0","1","0","1"
"POINT (6.958041786000024 51.032441369000026)","Unfall 47329 (2024) Kat:3, Licht: 0","47329","3","6","2","08","16","5","","0","0","1","0","0"
"POINT (7.056620027000065 50.951318060000062)","Unfall 47331 (2024) Kat:3, Licht: 1","47331","3","6","2","08","21","5","","1","0","1","0","0"
"POINT (7.079909028000031 50.900266546000069)","Unfall 47332 (2024) Kat:2, Licht: 0","47332","2","6","3","08","10","5","","0","0","1","0","0"
"POINT (7.017483257000038 50.963930079000079)","Unfall 47334 (2024) Kat:3, Licht: 0","47334","3","3","5","08","15","5","","0","0","1","0","0"
"POINT (7.042200921000074 50.968963412000051)","Unfall 47335 (2024) Kat:3, Licht: 0","47335","3","3","5","08","10","5","","0","1","1","0","0"
"POINT (6.982172950000063 50.943838258000028)","Unfall 47337 (2024) Kat:3, Licht: 0","47337","3","1","0","08","16","5","","0","1","1","0","0"
"POINT (6.956904864000023 51.027521152000077)","Unfall 47338 (2024) Kat:3, Licht: 0","47338","3","5","0","08","12","5","","0","1","1","0","0"
"POINT (6.932769828000062 50.920945325000048)","Unfall 47339 (2024) Kat:3, Licht: 0","47339","3","3","5","08","13","5","","0","1","1","0","0"
"POINT (6.946960624000042 50.935680757000057)","Unfall 47340 (2024) Kat:3, Licht: 0","47340","3","3","5","08","13","5","","0","1","0","0","0"
"POINT (6.870473528000048 50.916182590000062)","Unfall 47459 (2024) Kat:3, Licht: 0","47459","3","6","2","08","11","4","","0","0","1","0","0"
"POINT (6.875873226000067 50.999829484000031)","Unfall 47465 (2024) Kat:2, Licht: 0","47465","2","6","6","08","16","4","","0","0","0","1","0"
"POINT (6.940176075000068 50.968231635000052)","Unfall 47466 (2024) Kat:2, Licht: 0","47466","2","3","5","08","09","4","","0","1","1","0","0"
"POINT (6.855084055000020 50.919956961000082)","Unfall 47467 (2024) Kat:2, Licht: 0","47467","2","1","0","08","17","4","","0","1","0","0","0"
"POINT (6.901537821000034 50.926338107000049)","Unfall 47468 (2024) Kat:3, Licht: 0","47468","3","2","5","08","14","4","","0","1","1","0","0"
"POINT (6.939220792000071 50.934675511000080)","Unfall 47470 (2024) Kat:3, Licht: 0","47470","3","6","3","08","08","4","","0","1","1","0","0"
"POINT (6.939218472000050 50.934684408000066)","Unfall 47471 (2024) Kat:3, Licht: 0","47471","3","1","0","08","07","4","","0","1","0","0","0"
"POINT (6.907788081000035 50.983708106000051)","Unfall 47588 (2024) Kat:3, Licht: 0","47588","3","6","2","08","14","3","","0","0","1","0","0"
"POINT (7.026421563000042 50.998147777000042)","Unfall 47594 (2024) Kat:3, Licht: 2","47594","3","1","8","08","22","6","","2","0","1","0","0"
"POINT (7.082908117000045 50.946543891000033)","Unfall 47595 (2024) Kat:3, Licht: 0","47595","3","6","3","08","11","3","","0","1","1","0","0"
"POINT (7.017271029000028 50.933574692000036)","Unfall 47596 (2024) Kat:3, Licht: 2","47596","3","1","0","08","01","3","","2","0","0","0","0"
"POINT (6.953889811000067 50.963689892000048)","Unfall 47597 (2024) Kat:3, Licht: 0","47597","3","7","6","08","17","3","","0","1","0","1","0"
"POINT (6.928705331000060 50.998382012000036)","Unfall 47598 (2024) Kat:3, Licht: 0","47598","3","1","8","08","06","3","","0","0","0","0","1"
"POINT (6.927541427000051 50.895850585000062)","Unfall 47599 (2024) Kat:3, Licht: 0","47599","3","6","2","08","16","3","","0","0","1","0","0"
"POINT (7.034222453000041 50.958550689000049)","Unfall 47602 (2024) Kat:3, Licht: 0","47602","3","6","2","08","19","5","","0","0","1","0","0"
"POINT (7.054099088000044 50.889036713000053)","Unfall 47606 (2024) Kat:3, Licht: 0","47606","3","3","5","08","14","5","","0","1","1","0","0"
"POINT (6.994221882000033 50.937166420000040)","Unfall 47717 (2024) Kat:3, Licht: 0","47717","3","2","5","08","17","2","","0","1","1","0","0"
"POINT (6.990135008000038 50.936714055000039)","Unfall 47718 (2024) Kat:3, Licht: 0","47718","3","7","0","08","07","2","","0","1","0","0","0"
"POINT (6.863016401000039 51.063413239000056)","Unfall 47719 (2024) Kat:3, Licht: 0","47719","3","1","0","08","11","2","","0","1","0","0","0"
"POINT (6.920367141000042 50.953694817000041)","Unfall 47721 (2024) Kat:3, Licht: 0","47721","3","1","0","08","10","2","","0","1","0","0","0"
"POINT (6.867575282000075 50.922474556000054)","Unfall 47723 (2024) Kat:3, Licht: 0","47723","3","3","5","08","07","2","","0","1","1","0","0"
"POINT (6.961818394000034 50.848678957000061)","Unfall 47724 (2024) Kat:3, Licht: 0","47724","3","6","3","08","19","2","","0","0","1","0","0"
"POINT (6.948749609000060 50.936310494000054)","Unfall 47725 (2024) Kat:3, Licht: 2","47725","3","1","0","08","23","2","","2","0","0","0","1"
"POINT (7.033006565000051 50.898579733000076)","Unfall 47741 (2024) Kat:3, Licht: 0","47741","3","6","2","08","15","5","","0","0","1","0","0"