WKT,Name,OBJECTID,UKATEGORIE,UTYP1,UART,UMONAT,USTUNDE,UWOCHENTAG,STRZUSTAND,ULICHTVERH,ISTRAD,ISTPKW,ISTFUSS,ISTKRAD
"POINT (6.897644214000024 51.018796324000050)","Unfall 47845 (2024) Kat:3, Licht: 0","47845","3","2","5","08","11","4","","0","1","1","0","0"
"POINT (7.012733449000052 50.989058079000074)","Unfall 47846 (2024) Kat:2, Licht: 0","47846","2","6","2","08","18","1","","0","0","1","0","0"
"POINT (7.009664585000053 50.947564191000026)","Unfall 47849 (2024) Kat:2, Licht: 2","47849","2","1","8","08","01","1","","2","0","1","0","0"
"POINT (6.877516969000055 50.945137895000073)","Unfall 47850 (2024) Kat:3, Licht: 2","47850","3","1","8","08","05","1","","2","0","1","0","0"
"POINT (6.948697761000062 50.947791026000061)","Unfall 47851 (2024) Kat:3, Licht: 0","47851","3","6","2","08","18","1","","0","0","1","0","1"
"POINT (6.953149506000045 50.935261549000074)","Unfall 47852 (2024) Kat:3, Licht: 0","47852","3","6","2","08","14","1","","0","0","1","0","0"
"POINT (6.848858148000033 50.935624845000063)","Unfall 47950 (2024) Kat:3, Licht: 0","47950","3","1","9","08","09","7","","0","0","1","0","0"
"POINT (7.022195352000040 50.980033112000058)","Unfall 47953 (2024) Kat:3, Licht: 0","47953","3","1","0","08","10","7","","0","1","0","0","0"
"POINT (7.054195718000074 50.979312581000045)","Unfall 47954 (2024) Kat:3, Licht: 0","47954","3","1","0","08","10","7","","0","1","0","0","0"
"POINT (6.924662703000024 50.937688636000075)","Unfall 47955 (2024) Kat:3, Licht: 2","47955","3","6","2","08","22","7","","2","0","1","0","0"
"POINT (6.921586235000063 50.936586944000055)","Unfall 47956 (2024) Kat:3, Licht: 0","47956","3","6","3","08","11","7","","0","0","1","0","1"
"POINT (6.941133109000020 50.943837985000073)","Unfall 47957 (2024) Kat:3, Licht: 0","47957","3","6","3","08","18","7","","0","1","1","0","0"
"POINT (7.042498194000075 50.929701936000072)","Unfall 47962 (2024) Kat:3, Licht: 0","47962","3","1","0","08","15","2","","0","0","0","0","1"
"POINT (7.026989904000061 50.950648501000046)","Unfall 48038 (2024) Kat:3, Licht: 0","48038","3","6","2","08","12","2","","0","0","1","0","0"
"POINT (6.984408179000070 50.895815679000066)","Unfall 48051 (2024) Kat:3, Licht: 0","48051","3","6","2","08","17","2","","0","1","1","0","0"
"POINT (7.005109252000068 50.938299053000037)","Unfall 48071 (2024) Kat:3, Licht: 0","48071","3","5","1","08","17","6","","0","1","1","0","0"
"POINT (6.912800260000040 50.936787184000082)","Unfall 48072 (2024) Kat:3, Licht: 0","48072","3","2","0","08","15","6","","0","1","1","0","0"
"POINT (6.966250937000041 50.847841129000074)","Unfall 48073 (2024) Kat:3, Licht: 2","48073","3","2","5","08","23","6","","2","0","1","0","0"
"POINT (6.913245505000020 50.922784738000075)","Unfall 48074 (2024) Kat:3, Licht: 0","48074","3","1","0","08","14","6","","0","1","1","0","0"
"POINT (6.937836572000037 50.931098683000073)","Unfall 48075 (2024) Kat:3, Licht: 0","48075","3","2","0","08","10","6","","0","0","1","0","1"
"POINT (6.869349691000025 51.000782188000073)","Unfall 48078 (2024) Kat:3, Licht: 0","48078","3","2","5","08","15","3","","0","0","1","0","1"
"POINT (6.924303270000053 50.936553512000046)","Unfall 48083 (2024) Kat:3, Licht: 0","48083","3","6","2","08","18","1","","0","0","1","0","0"
"POINT (7.104430150000042 50.860937109000076)","Unfall 48099 (2024) Kat:3, Licht: 2","48099","3","1","0","08","23","6","","2","0","0","0","0"
"POINT (6.956398450000052 50.874879037000028)","Unfall 48117 (2024) Kat:1, Licht: 2","48117","1","6","6","08","00","7","","2","0","1","1","0"
"POINT (6.924750025000037 50.891409942000053)","Unfall 48193 (2024) Kat:3, Licht: 0","48193","3","6","1","08","07","5","","0","0","1","0","0"
"POINT (7.046125247000020 50.937498744000038)","Unfall 48197 (2024) Kat:3, Licht: 0","48197","3","6","2","08","07","5","","0","0","1","0","0"
"POINT (7.039834154000062 50.929709991000038)","Unfall 48200 (2024) Kat:2, Licht: 0","48200","2","6","4","08","16","5","","0","1","0","0","0"
"POINT (6.941060881000055 50.953783736000048)","Unfall 48201 (2024) Kat:3, Licht: 2","48201","3","1","0","08","21","5","","2","1","0","0","0"
"POINT (6.895458060000067 50.937203960000033)","Unfall 48202 (2024) Kat:3, Licht: 0","48202","3","5","6","08","12","5","","0","0","1","1","0"
"POINT (6.932413694000047 50.920230533000051)","Unfall 48204 (2024) Kat:3, Licht: 0","48204","3","6","2","08","17","5","","0","0","1","0","1"
"POINT (6.960781331000021 50.935567446000050)","Unfall 48205 (2024) Kat:3, Licht: 0","48205","3","3","0","08","15","5","","0","1","1","0","0"
"POINT (6.960032696000042 50.929737297000031)","Unfall 48238 (2024) Kat:3, Licht: 2","48238","3","6","4","08","23","2","","2","1","0","0","0"
"POINT (6.924032188000069 50.957294185000080)","Unfall 48295 (2024) Kat:3, Licht: 2","48295","3","4","0","08","21","3","","2","0","0","1","0"
"POINT (7.025248914000031 50.950462565000066)","Unfall 48314 (2024) Kat:3, Licht: 2","48314","3","6","3","09","21","7","","2","0","1","0","0"
"POINT (7.006159427000057 50.973623588000066)","Unfall 48315 (2024) Kat:3, Licht: 1","48315","3","4","6","09","20","7","","1","0","1","1","0"
"POINT (7.006942387000038 50.971354285000075)","Unfall 48316 (2024) Kat:2, Licht: 2","48316","2","2","5","09","05","7","","2","0","1","0","1"
"POINT (6.947304689000021 50.984238370000071)","Unfall 48317 (2024) Kat:3, Licht: 0","48317","3","6","2","09","18","7","","0","0","1","0","0"
"POINT (6.904070548000050 50.937191430000041)","Unfall 48318 (2024) Kat:3, Licht: 0","48318","3","6","2","09","19","7","","0","0","1","0","1"
"POINT (6.871400071000039 50.951835008000046)","Unfall 48319 (2024) Kat:3, Licht: 0","48319","3","1","9","09","14","7","","0","0","0","0","1"
"POINT (6.933909420000020 51.019815552000068)","Unfall 48383 (2024) Kat:3, Licht: 2","48383","3","6","2","09","22","6","","2","0","1","0","0"
"POINT (7.078374811000060 50.881097813000054)","Unfall 48385 (2024) Kat:1, Licht: 0","48385","1","1","0","09","10","6","","0","1","0","0","0"
"POINT (6.957883821000053 50.957696362000036)","Unfall 48386 (2024) Kat:3, Licht: 0","48386","3","6","4","09","17","6","","0","1","0","0","0"
"POINT (6.936244923000061 50.950946355000042)","Unfall 48387 (2024) Kat:3, Licht: 0","48387","3","5","1","09","18","6","","0","0","1","0","0"
"POINT (6.936323487000038 50.950976057000048)","Unfall 48388 (2024) Kat:3, Licht: 0","48388","3","6","2","09","18","6","","0","0","1","0","0"
"POINT (6.938333525000075 50.953077451000070)","Unfall 48389 (2024) Kat:3, Licht: 0","48389","3","6","2","09","12","6","","0","0","1","0","0"
"POINT (7.006679396000038 50.963944757000036)","Unfall 48479 (2024) Kat:3, Licht: 0","48479","3","6","2","09","17","5","","0","0","1","0","0"
"POINT (6.852452883000069 50.938107929000068)","Unfall 48480 (2024) Kat:3, Licht: 0","48480","3","2","4","09","17","5","","0","0","1","0","0"
"POINT (6.933762718000025 50.951560157000074)","Unfall 48481 (2024) Kat:3, Licht: 0","48481","3","6","2","09","08","5","","0","0","1","0","0"
"POINT (6.932148777000066 50.935488371000076)","Unfall 48482 (2024) Kat:3, Licht: 1","48482","3","6","2","09","19","5","","1","0","1","0","0"
"POINT (6.968995043000064 50.918480501000033)","Unfall 48483 (2024) Kat:3, Licht: 0","48483","3","6","2","09","13","5","","0","0","1","0","0"
"POINT (6.881859778000035 50.910812449000048)","Unfall 48561 (2024) Kat:3, Licht: 0","48561","3","6","2","09","17","4","","0","0","1","0","0"
"POINT (6.905148978000057 50.900499224000043)","Unfall 48562 (2024) Kat:3, Licht: 0","48562","3","6","2","09","16","4","","0","0","1","0","0"
"POINT (7.005288220000068 50.938327726000068)","Unfall 48565 (2024) Kat:3, Licht: 0","48565","3","6","1","09","16","4","","0","0","0","0","0"
"POINT (7.023646008000071 50.949295659000029)","Unfall 48566 (2024) Kat:3, Licht: 2","48566","3","6","2","09","22","4","","2","0","1","0","0"
"POINT (7.033247858000038 50.938625898000055)","Unfall 48567 (2024) Kat:3, Licht: 2","48567","3","3","5","09","21","4","","2","0","1","0","0"
"POINT (7.057980163000025 50.895467759000041)","Unfall 48568 (2024) Kat:2, Licht: 0","48568","2","4","6","09","08","4","","0","0","0","1","0"
"POINT (6.989221850000035 50.946554454000079)","Unfall 48569 (2024) Kat:3, Licht: 0","48569","3","1","0","09","08","4","","0","0","0","0","1"
"POINT (6.942110180000043 50.991197960000079)","Unfall 48570 (2024) Kat:3, Licht: 2","48570","3","6","6","09","05","4","","2","1","0","1","0"
"POINT (6.914664045000052 50.936890787000038)","Unfall 48571 (2024) Kat:3, Licht: 1","48571","3","4","6","09","19","4","","1","0","0","1","0"
"POINT (6.941963916000020 50.849928412000054)","Unfall 48572 (2024) Kat:3, Licht: 0","48572","3","1","9","09","15","4","","0","0","0","0","0"
"POINT (6.960024504000046 50.935323968000034)","Unfall 48573 (2024) Kat:3, Licht: 0","48573","3","6","3","09","19","4","","0","1","1","0","0"
"POINT (6.873962754000047 50.991750998000043)","Unfall 48665 (2024) Kat:3, Licht: 0","48665","3","7","2","09","17","3","","0","0","1","0","0"
"POINT (7.060311514000034 50.906441960000052)","Unfall 48667 (2024) Kat:3, Licht: 1","48667","3","6","2","09","07","3","","1","0","1","0","0"
"POINT (7.060523922000073 50.906705306000049)","Unfall 48668 (2024) Kat:3, Licht: 0","48668","3","6","2","09","14","3","","0","0","1","0","0"
"POINT (7.059470238000074 50.974724821000052)","Unfall 48669 (2024) Kat:3, Licht: 0","48669","3","2","5","09","11","3","","0","1","0","0","0"
"POINT (6.920045183000070 50.953670072000079)","Unfall 48670 (2024) Kat:3, Licht: 0","48670","3","3","5","09","17","3","","0","1","1","0","0"
"POINT (6.926597382000068 50.942687522000028)","Unfall 48671 (2024) Kat:3, Licht: 0","48671","3","1","0","09","16","3","","0","1","0","0","0"
"POINT (6.892531910000059 50.937278367000033)","Unfall 48672 (2024) Kat:3, Licht: 0","48672","3","7","0","09","18","3","","0","1","0","0","0"
"POINT (6.924626530000069 50.937550485000031)","Unfall 48673 (2024) Kat:3, Licht: 0","48673","3","6","2","09","14","3","","0","0","1","0","0"
"POINT (6.921594863000053 50.854549513000052)","Unfall 48676 (2024) Kat:3, Licht: 0","48676","3","3","5","09","16","3","","0","1","1","0","0"
"POINT (7.030533135000042 50.931770597000082)","Unfall 48757 (2024) Kat:3, Licht: 0","48757","3","6","2","09","14","2","","0","0","1","0","0"
"POINT (7.028831979000074 50.986527091000028)","Unfall 48758 (2024) Kat:3, Licht: 0","48758","3","1","0","09","09","2","","0","0","0","0","1"
"POINT (6.912278699000069 50.999863103000052)","Unfall 48759 (2024) Kat:2, Licht: 0","48759","2","3","5","09","10","2","","0","1","0","0","0"
"POINT (6.831315373000052 50.944751752000059)","Unfall 48760 (2024) Kat:3, Licht: 0","48760","3","6","2","09","19","2","","0","0","1","0","0"
"POINT (6.918937076000020 50.952285421000056)","Unfall 48761 (2024) Kat:3, Licht: 0","48761","3","2","0","09","15","2","","0","0","1","0","0"
"POINT (6.924786644000051 50.936550506000060)","Unfall 48762 (2024) Kat:2, Licht: 0","48762","2","1","0","09","13","2","","0","0","0","0","1"
"POINT (6.924268644000051 50.936757768000064)","Unfall 48763 (2024) Kat:3, Licht: 0","48763","3","3","5","09","08","2","","0","1","1","0","0"
"POINT (6.908822547000057 50.927771126000039)","Unfall 48764 (2024) Kat:3, Licht: 2","48764","3","2","6","09","20","2","","2","0","1","1","0"
"POINT (6.963261841000076 50.945521153000072)","Unfall 48856 (2024) Kat:2, Licht: 0","48856","2","4","0","09","10","1","","0","1","0","1","0"
"POINT (7.046966130000044 50.952916414000072)","Unfall 48949 (2024) Kat:3, Licht: 0","48949","3","6","3","09","09","7","","0","0","1","0","0"
"POINT (6.977576066000040 50.934616341000037)","Unfall 48950 (2024) Kat:3, Licht: 2","48950","3","6","2","09","20","7","","2","0","1","0","0"
"POINT (6.835849485000040 50.938098296000078)","Unfall 48951 (2024) Kat:3, Licht: 2","48951","3","7","0","09","20","7","","2","0","1","0","0"
"POINT (6.991805006000050 50.890139813000076)","Unfall 48952 (2024) Kat:3, Licht: 0","48952","3","2","6","09","10","7","","0","0","1","1","0"
"POINT (6.939781430000039 50.935452183000052)","Unfall 48953 (2024) Kat:2, Licht: 2","48953","2","1","0","09","05","7","","2","0","0","0","0"
"POINT (7.082648557000027 50.921777361000068)","Unfall 49029 (2024) Kat:3, Licht: 0","49029","3","3","5","09","13","7","","0","1","1","0","0"
"POINT (6.931135876000042 51.018723931000068)","Unfall 49069 (2024) Kat:3, Licht: 0","49069","3","6","2","09","18","6","","0","0","1","0","0"
"POINT (7.007234629000038 50.912276332000033)","Unfall 49071 (2024) Kat:3, Licht: 0","49071","3","6","2","09","16","6","","0","0","1","0","0"
"POINT (6.885270651000042 50.995371603000081)","Unfall 49072 (2024) Kat:3, Licht: 0","49072","3","6","3","09","12","6","","0","0","1","0","0"
"POINT (7.075786325000024 50.898125385000071)","Unfall 49075 (2024) Kat:3, Licht: 0","49075","3","6","2","09","18","6","","0","0","1","0","0"
"POINT (6.997806202000049 50.994744717000060)","Unfall 49076 (2024) Kat:3, Licht: 2","49076","3","6","6","09","21","6","","2","1","0","1","0"
"POINT (6.910616834000052 50.939719053000033)","Unfall 49077 (2024) Kat:3, Licht: 0","49077","3","2","5","09","07","6","","0","1","1","0","0"
"POINT (6.976539798000033 50.842586069000049)","Unfall 49078 (2024) Kat:3, Licht: 0","49078","3","1","0","09","15","6","","0","1","0","0","0"
"POINT (6.966459600000064 50.950144842000043)","Unfall 49079 (2024) Kat:3, Licht: 0","49079","3","6","4","09","14","6","","0","1","0","0","0"
"POINT (6.900649482000063 50.989632137000058)","Unfall 49196 (2024) Kat:3, Licht: 0","49196","3","6","2","09","18","5","","0","0","1","0","0"
"POINT (6.912432021000029 51.008913296000060)","Unfall 49197 (2024) Kat:2, Licht: 0","49197","2","6","2","09","16","5","","0","0","1","0","1"
"POINT (6.986941968000053 50.936354093000034)","Unfall 49200 (2024) Kat:3, Licht: 2","49200","3","1","8","09","00","5","","2","0","1","0","0"
"POINT (6.924840855000070 51.012593429000049)","Unfall 49201 (2024) Kat:3, Licht: 2","49201","3","1","0","09","05","5","","2","0","0","0","1"
"POINT (6.995405711000046 50.887840733000075)","Unfall 49202 (2024) Kat:3, Licht: 0","49202","3","3","5","09","16","5","","0","0","1","0","1"
"POINT (6.947311036000031 50.930126188000031)","Unfall 49203 (2024) Kat:3, Licht: 0","49203","3","6","1","09","14","5","","0","0","1","0","0"
"POINT (6.896764058000031 50.991854759000034)","Unfall 49328 (2024) Kat:3, Licht: 2","49328","3","1","0","09","21","4","","2","0","0","0","1"
"POINT (7.074697580000077 50.900120191000042)","Unfall 49331 (2024) Kat:3, Licht: 0","49331","3","3","5","09","16","4","","0","0","1","0","1"
"POINT (7.065212567000060 50.837800833000074)","Unfall 49332 (2024) Kat:3, Licht: 0","49332","3","6","2","09","11","4","","0","0","1","0","0"
"POINT (7.003927726000029 50.961959352000065)","Unfall 49333 (2024) Kat:3, Licht: 0","49333","3","1","0","09","15","4","","0","1","0","0","0"
"POINT (6.900215867000043 50.994535912000060)","Unfall 49335 (2024) Kat:3, Licht: 0","49335","3","1","0","09","11","4","","0","0","0","0","1"
"POINT (6.932393304000072 50.936560323000037)","Unfall 49336 (2024) Kat:3, Licht: 0","49336","3","1","0","09","13","4","","0","1","0","0","0"
"POINT (6.969602734000034 50.883065549000037)","Unfall 49338 (2024) Kat:3, Licht: 0","49338","3","6","2","09","09","4","","0","0","1","0","0"
"POINT (6.940566342000068 50.935846673000071)","Unfall 49339 (2024) Kat:3, Licht: 0","49339","3","4","0","09","16","4","","0","0","0","1","0"
"POINT (7.016695950000042 50.976279107000039)","Unfall 49343 (2024) Kat:3, Licht: 0","49343","3","1","0","09","19","4","","0","0","0","0","1"
"POINT (7.031766222000044 50.899264314000050)","Unfall 49478 (2024) Kat:3, Licht: 0","49478","3","1","8","09","09","3","","0","0","1","0","0"
"POINT (7.081796021000059 50.855833554000071)","Unfall 49479 (2024) Kat:3, Licht: 0","49479","3","6","2","09","07","3","","0","0","1","0","0"
"POINT (6.975943485000073 50.927625547000048)","Unfall 49480 (2024) Kat:3, Licht: 0","49480","3","1","0","09","13","3","","0","0","0","0","0"
"POINT (6.980353292000075 50.941193558000066)","Unfall 49481 (2024) Kat:3, Licht: 2","49481","3","6","3","09","01","3","","2","0","0","0","1"
"POINT (6.938831643000071 50.953412005000075)","Unfall 49482 (2024) Kat:3, Licht: 0","49482","3","6","4","09","16","3","","0","1","0","0","0"
"POINT (6.988500176000059 50.897957303000055)","Unfall 49483 (2024) Kat:3, Licht: 0","49483","3","6","2","09","14","3","","0","0","1","0","1"
"POINT (6.933461181000041 50.952085587000056)","Unfall 49514 (2024) Kat:2, Licht: 2","49514","2","6","2","09","22","2","","2","0","1","0","0"
"POINT (6.887637453000025 50.995834745000082)","Unfall 49618 (2024) Kat:3, Licht: 0","49618","3","6","2","09","15","2","","0","0","1","0","0"
"POINT (6.924578743000041 51.016017030000057)","Unfall 49619 (2024) Kat:2, Licht: 0","49619","2","6","3","09","15","2","","0","0","1","0","1"
"POINT (7.062909075000050 50.905194865000055)","Unfall 49622 (2024) Kat:3, Licht: 1","49622","3","2","5","09","21","2","","1","0","1","0","0"
"POINT (7.087932784000031 50.854967782000074)","Unfall 49624 (2024) Kat:3, Licht: 0","49624","3","5","1","09","11","2","","0","0","1","0","0"
"POINT (7.052126923000060 50.889635477000070)","Unfall 49625 (2024) Kat:3, Licht: 0","49625","3","7","0","09","07","2","","0","1","0","0","0"
"POINT (6.977869140000053 50.936394962000065)","Unfall 49626 (2024) Kat:3, Licht: 0","49626","3","2","0","09","09","2","","0","0","1","0","0"
"POINT (7.078551341000036 50.983003138000072)","Unfall 49627 (2024) Kat:3, Licht: 2","49627","3","1","8","09","01","2","","2","0","1","0","0"
"POINT (6.915988480000067 50.930628766000041)","Unfall 49629 (2024) Kat:3, Licht: 0","49629","3","6","2","09","13","2","","0","0","1","0","0"
"POINT (6.875209032000043 51.009072329000048)","Unfall 49737 (2024) Kat:3, Licht: 0","49737","3","6","2","09","14","1","","0","0","1","0","0"
"POINT (6.911491276000049 50.924723983000035)","Unfall 49740 (2024) Kat:2, Licht: 2","49740","2","7","0","09","23","1","","2","1","0","0","0"
"POINT (6.898453568000036 50.996066413000051)","Unfall 49805 (2024) Kat:3, Licht: 0","49805","3","6","2","09","14","4","","0","0","1","0","0"
"POINT (6.883375483000066 51.002802508000059)","Unfall 49849 (2024) Kat:3, Licht: 0","49849","3","6","3","08","16","7","","0","0","1","0","0"
"POINT (7.081958229000065 50.921607039000037)","Unfall 49854 (2024) Kat:3, Licht: 0","49854","3","2","5","08","14","7","","0","0","1","1","0"
"POINT (6.846979092000026 50.979451870000048)","Unfall 49855 (2024) Kat:3, Licht: 0","49855","3","2","5","08","12","7","","0","1","0","0","0"
"POINT (6.973869985000022 50.864526050000052)","Unfall 49856 (2024) Kat:3, Licht: 0","49856","3","6","2","08","14","7","","0","0","1","0","0"
"POINT (6.957620859000031 50.935319958000036)","Unfall 49857 (2024) Kat:3, Licht: 2","49857","3","2","4","08","21","7","","2","1","1","0","0"
"POINT (6.872822089000067 50.915119613000059)","Unfall 49909 (2024) Kat:3, Licht: 2","49909","3","1","8","09","02","2","","2","0","1","0","0"
"POINT (6.893599106000067 50.905721964000065)","Unfall 49989 (2024) Kat:3, Licht: 0","49989","3","6","2","08","14","6","","0","0","1","0","0"
"POINT (7.097787791000030 50.849765565000041)","Unfall 49992 (2024) Kat:2, Licht: 2","49992","2","1","3","08","22","6","","2","0","1","0","0"
"POINT (7.002513406000048 50.959823138000047)","Unfall 49994 (2024) Kat:3, Licht: 1","49994","3","1","0","08","20","6","","1","1","0","0","0"
"POINT (6.887118882000038 51.023035036000067)","Unfall 49995 (2024) Kat:3, Licht: 0","49995","3","3","5","08","18","6","","0","0","1","0","1"
"POINT (6.996273019000057 50.868291467000063)","Unfall 49996 (2024) Kat:3, Licht: 0","49996","3","6","2","08","15","6","","0","0","1","0","0"
"POINT (6.941522511000073 50.929262406000078)","Unfall 49997 (2024) Kat:3, Licht: 0","49997","3","6","0","08","10","6","","0","0","1","0","1"
"POINT (7.025027804000047 50.932458722000035)","Unfall 50091 (2024) Kat:3, Licht: 0","50091","3","5","5","09","10","3","","0","0","1","0","1"
"POINT (6.888936218000026 50.996236128000078)","Unfall 50117 (2024) Kat:3, Licht: 0","50117","3","6","2","08","14","5","","0","0","1","0","0"
"POINT (7.018600882000044 50.921231675000058)","Unfall 50118 (2024) Kat:3, Licht: 0","50118","3","6","2","08","17","5","","0","0","1","0","0"
"POINT (6.924291867000022 50.936757584000077)","Unfall 50119 (2024) Kat:3, Licht: 0","50119","3","6","1","08","11","5","","0","0","1","0","1"
"POINT (6.956858409000063 50.849475460000065)","Unfall 50120 (2024) Kat:2, Licht: 0","50120","2","6","2","08","16","5","","0","0","1","0","0"
"POINT (7.072653249000041 50.964453056000082)","Unfall 50242 (2024) Kat:3, Licht: 0","50242","3","1","0","09","07","5","","0","0","0","0","1"
"POINT (7.084431987000073 50.950852655000062)","Unfall 50289 (2024) Kat:3, Licht: 0","50289","3","6","3","08","07","4","","0","0","1","0","0"
"POINT (6.871668731000057 50.976338319000035)","Unfall 50291 (2024) Kat:2, Licht: 0","50291","2","4","5","08","18","4","","0","0","0","1","0"
"POINT (6.864504971000031 50.905807378000077)","Unfall 50292 (2024) Kat:3, Licht: 0","50292","3","6","2","08","14","4","","0","0","1","0","0"
"POINT (6.924014076000049 50.936557841000081)","Unfall 50294 (2024) Kat:3, Licht: 0","50294","3","4","6","08","10","4","","0","1","0","1","0"
"POINT (6.928868936000072 50.916872681000029)","Unfall 50295 (2024) Kat:3, Licht: 0","50295","3","3","5","08","19","4","","0","1","0","0","1"
"POINT (6.974710278000032 50.931593345000067)","Unfall 50334 (2024) Kat:3, Licht: 0","50334","3","1","0","09","16","5","","0","1","0","0","0"
"POINT (6.940616272000057 50.931119433000049)","Unfall 50381 (2024) Kat:3, Licht: 2","50381","3","1","0","08","21","4","","2","0","0","0","0"
"POINT (6.873970787000076 50.991753465000045)","Unfall 50404 (2024) Kat:3, Licht: 0","50404","3","6","2","09","09","3","","0","0","1","0","0"
"POINT (7.017427166000061 50.982554018000030)","Unfall 50405 (2024) Kat:3, Licht: 2","50405","3","1","3","09","19","3","","2","0","1","0","0"
"POINT (6.991889923000031 50.936899936000032)","Unfall 50406 (2024) Kat:3, Licht: 0","50406","3","1","0","09","19","3","","0","0","0","0","0"
"POINT (7.058588944000064 50.897401963000050)","Unfall 50407 (2024) Kat:3, Licht: 0","50407","3","6","1","09","15","3","","0","0","1","0","0"
"POINT (7.026084834000073 50.950621295000076)","Unfall 50408 (2024) Kat:3, Licht: 0","50408","3","6","3","09","08","3","","0","0","1","0","0"
"POINT (6.972809712000071 50.930172861000074)","Unfall 50409 (2024) Kat:3, Licht: 0","50409","3","6","0","09","09","3","","0","0","1","0","1"
"POINT (6.941232358000036 50.953800537000063)","Unfall 50410 (2024) Kat:3, Licht: 1","50410","3","6","2","09","18","3","","1","0","1","0","0"
"POINT (6.941095823000069 50.953787159000058)","Unfall 50411 (2024) Kat:3, Licht: 1","50411","3","6","2","09","19","3","","1","0","1","0","0"
"POINT (6.920324005000055 50.932095325000034)","Unfall 50412 (2024) Kat:3, Licht: 0","50412","3","2","5","09","13","3","","0","1","0","0","0"
"POINT (6.940610386000060 50.931132987000069)","Unfall 50413 (2024) Kat:3, Licht: 0","50413","3","1","0","09","10","3","","0","1","0","0","0"
"POINT (7.107186761000037 50.915623637000067)","Unfall 50509 (2024) Kat:3, Licht: 1","50509","3","2","5","09","05","2","","1","0","1","0","0"
"POINT (6.839499663000026 50.967792367000072)","Unfall 50510 (2024) Kat:3, Licht: 0","50510","3","4","6","09","14","2","","0","0","1","1","0"
"POINT (6.946387355000070 50.891734087000032)","Unfall 50511 (2024) Kat:3, Licht: 0","50511","3","6","2","09","19","2","","0","0","1","0","0"
"POINT (6.896661533000042 50.925595294000061)","Unfall 50561 (2024) Kat:3, Licht: 0","50561","3","6","2","09","08","2","","0","0","1","0","0"
"POINT (6.890744987000062 50.996747309000057)","Unfall 50614 (2024) Kat:3, Licht: 0","50614","3","6","2","09","15","1","","0","0","1","0","0"
"POINT (6.871300970000050 50.991103352000039)","Unfall 50615 (2024) Kat:2, Licht: 1","50615","2","6","2","09","19","1","","1","0","1","0","0"
"POINT (7.098148070000036 50.919715432000032)","Unfall 50617 (2024) Kat:3, Licht: 0","50617","3","2","3","09","11","1","","0","1","0","0","0"
"POINT (6.977308883000035 50.939737369000056)","Unfall 50618 (2024) Kat:3, Licht: 0","50618","3","6","2","09","17","1","","0","0","1","0","0"
"POINT (6.978106351000065 50.952933113000029)","Unfall 50619 (2024) Kat:3, Licht: 0","50619","3","7","0","09","13","1","","0","1","0","1","0"
"POINT (6.971582322000074 50.937856671000077)","Unfall 50621 (2024) Kat:2, Licht: 2","50621","2","6","3","09","02","1","","2","0","1","0","0"
"POINT (6.956376612000042 50.955838301000028)","Unfall 50622 (2024) Kat:3, Licht: 2","50622","3","5","0","09","20","1","","2","1","1","0","0"
"POINT (6.952444917000037 50.969833839000046)","Unfall 50623 (2024) Kat:3, Licht: 0","50623","3","2","6","09","08","1","","0","0","1","1","0"
"POINT (6.926931283000044 50.943220519000079)","Unfall 50624 (2024) Kat:3, Licht: 2","50624","3","1","0","09","20","1","","2","0","0","0","0"
"POINT (6.962506562000044 50.930071042000066)","Unfall 50625 (2024) Kat:3, Licht: 0","50625","3","6","2","09","15","1","","0","1","1","0","1"
"POINT (6.963009043000056 50.934963191000065)","Unfall 50626 (2024) Kat:3, Licht: 0","50626","3","4","6","09","12","1","","0","0","1","1","0"
"POINT (6.879862232000050 50.937784987000043)","Unfall 50692 (2024) Kat:3, Licht: 0","50692","3","6","0","09","18","1","","0","0","0","1","1"
"POINT (6.963024317000077 50.934202149000043)","Unfall 50733 (2024) Kat:3, Licht: 0","50733","3","6","3","09","10","7","","0","0","1","0","1"
"POINT (6.964472475000036 50.926002092000033)","Unfall 50734 (2024) Kat:3, Licht: 2","50734","3","6","9","09","00","7","","2","0","1","0","0"
"POINT (7.058568301000037 50.897349696000049)","Unfall 50868 (2024) Kat:3, Licht: 0","50868","3","2","5","09","18","6","","0","1","0","0","0"
"POINT (7.082351078000045 50.881542812000077)","Unfall 50869 (2024) Kat:2, Licht: 0","50869","2","4","6","09","15","6","","0","0","1","1","0"
"POINT (6.982329457000048 50.962790811000048)","Unfall 50870 (2024) Kat:3, Licht: 1","50870","3","3","5","09","06","6","","1","1","1","0","0"
"POINT (6.939423701000067 50.938510686000029)","Unfall 50871 (2024) Kat:3, Licht: 2","50871","3","5","1","09","00","6","","2","1","1","0","0"
"POINT (7.079236468000033 50.949054053000054)","Unfall 50931 (2024) Kat:3, Licht: 2","50931","3","4","0","09","22","1","","2","0","0","1","0"
"POINT (7.100088282000058 50.858878837000077)","Unfall 51016 (2024) Kat:3, Licht: 0","51016","3","7","0","09","08","5","","0","0","1","1","0"
"POINT (6.969116313000029 50.955824329000052)","Unfall 51018 (2024) Kat:3, Licht: 0","51018","3","3","5","09","16","5","","0","1","1","0","0"
"POINT (6.925659826000071 50.936741776000076)","Unfall 51019 (2024) Kat:3, Licht: 0","51019","3","2","5","09","18","5","","0","1","1","0","0"