WKT,Name,OBJECTID,UKATEGORIE,UTYP1,UART,UMONAT,USTUNDE,UWOCHENTAG,STRZUSTAND,ULICHTVERH,ISTRAD,ISTPKW,ISTFUSS,ISTKRAD
"POINT (6.912820100000033 50.936786645000041)","Unfall 51020 (2024) Kat:2, Licht: 0","51020","2","2","5","09","14","5","","0","0","1","0","0"
"POINT (6.910612626000045 50.925716239000053)","Unfall 51021 (2024) Kat:2, Licht: 0","51021","2","2","0","09","16","5","","0","0","1","1","0"
"POINT (6.988925018000032 50.897713870000075)","Unfall 51022 (2024) Kat:3, Licht: 0","51022","3","6","2","09","16","5","","0","1","0","0","0"
"POINT (6.960953192000034 50.877724880000073)","Unfall 51023 (2024) Kat:3, Licht: 0","51023","3","6","2","09","14","5","","0","0","1","0","1"
"POINT (6.980742687000031 50.898001488000034)","Unfall 51025 (2024) Kat:3, Licht: 0","51025","3","2","5","09","15","5","","0","1","1","0","0"
"POINT (6.910472389000063 50.928447258000062)","Unfall 51026 (2024) Kat:3, Licht: 0","51026","3","2","5","09","13","5","","0","1","1","0","0"
"POINT (6.938888412000040 50.953305975000035)","Unfall 51057 (2024) Kat:3, Licht: 0","51057","3","6","2","09","13","1","","0","0","1","0","0"
"POINT (6.927584631000059 50.895838205000075)","Unfall 51083 (2024) Kat:3, Licht: 0","51083","3","2","4","09","13","7","","0","0","1","0","0"
"POINT (6.923375097000076 51.015443453000046)","Unfall 51146 (2024) Kat:2, Licht: 0","51146","2","6","3","09","17","4","","0","0","1","0","0"
"POINT (6.969453365000049 50.875862156000039)","Unfall 51147 (2024) Kat:3, Licht: 0","51147","3","6","2","09","15","4","","0","0","1","0","0"
"POINT (6.866138776000071 50.989324401000033)","Unfall 51149 (2024) Kat:3, Licht: 0","51149","3","6","2","09","09","4","","0","0","1","0","0"
"POINT (7.064841700000045 50.916117370000052)","Unfall 51151 (2024) Kat:1, Licht: 0","51151","1","6","2","09","19","4","","0","0","0","0","1"
"POINT (7.025220034000029 50.950243992000026)","Unfall 51153 (2024) Kat:3, Licht: 0","51153","3","6","2","09","15","4","","0","0","1","0","0"
"POINT (7.082562271000029 50.921754639000028)","Unfall 51154 (2024) Kat:3, Licht: 0","51154","3","3","5","09","07","4","","0","1","1","0","0"
"POINT (7.012780302000067 50.956405854000081)","Unfall 51155 (2024) Kat:3, Licht: 0","51155","3","1","0","09","10","4","","0","1","0","0","0"
"POINT (6.954052432000026 50.962966387000051)","Unfall 51156 (2024) Kat:2, Licht: 0","51156","2","4","6","09","16","4","","0","1","0","1","0"
"POINT (6.964531033000071 50.959384130000046)","Unfall 51157 (2024) Kat:2, Licht: 2","51157","2","1","8","09","01","4","","2","0","1","0","0"
"POINT (6.927635987000031 50.936515180000072)","Unfall 51158 (2024) Kat:3, Licht: 0","51158","3","6","0","09","17","4","","0","1","0","0","0"
"POINT (6.871602067000026 50.951908391000075)","Unfall 51159 (2024) Kat:3, Licht: 0","51159","3","3","5","09","15","4","","0","0","1","0","1"
"POINT (6.870783125000059 50.937789404000057)","Unfall 51160 (2024) Kat:3, Licht: 0","51160","3","3","5","09","14","4","","0","1","0","0","0"
"POINT (6.873941714000068 50.937772894000034)","Unfall 51161 (2024) Kat:3, Licht: 0","51161","3","6","2","09","08","4","","0","0","1","0","1"
"POINT (6.973797222000030 50.865113393000058)","Unfall 51162 (2024) Kat:2, Licht: 0","51162","2","7","8","09","16","4","","0","0","1","0","0"
"POINT (6.945834748000038 50.891093066000053)","Unfall 51163 (2024) Kat:2, Licht: 0","51163","2","2","5","09","16","4","","0","0","1","0","1"
"POINT (6.981297953000023 50.903258924000056)","Unfall 51164 (2024) Kat:3, Licht: 0","51164","3","7","1","09","16","4","","0","1","1","0","0"
"POINT (6.990706497000076 50.867307080000046)","Unfall 51166 (2024) Kat:3, Licht: 0","51166","3","2","8","09","13","4","","0","0","1","0","0"
"POINT (6.938391713000044 50.930777155000044)","Unfall 51168 (2024) Kat:2, Licht: 0","51168","2","7","6","09","17","4","","0","1","0","1","0"
"POINT (6.963279054000054 50.933655948000080)","Unfall 51169 (2024) Kat:3, Licht: 0","51169","3","3","5","09","10","4","","0","1","1","0","0"
"POINT (6.940325674000064 50.935699476000082)","Unfall 51170 (2024) Kat:3, Licht: 0","51170","3","2","3","09","08","4","","0","1","1","0","0"
"POINT (6.965830082000025 50.924683640000069)","Unfall 51171 (2024) Kat:3, Licht: 0","51171","3","1","7","09","08","4","","0","1","0","0","0"
"POINT (7.002523826000072 50.959839167000041)","Unfall 51239 (2024) Kat:3, Licht: 0","51239","3","3","5","09","13","7","","0","0","1","0","0"
"POINT (6.936297681000042 51.020819009000036)","Unfall 51272 (2024) Kat:3, Licht: 1","51272","3","6","1","09","18","3","","1","0","1","0","0"
"POINT (7.043026974000043 50.896274185000038)","Unfall 51274 (2024) Kat:3, Licht: 0","51274","3","1","0","09","16","3","","0","1","0","0","0"
"POINT (7.000816930000042 50.937711736000040)","Unfall 51275 (2024) Kat:3, Licht: 0","51275","3","1","0","09","13","3","","0","1","0","0","0"
"POINT (6.980391302000044 50.941490197000064)","Unfall 51276 (2024) Kat:3, Licht: 0","51276","3","6","2","09","15","3","","0","0","1","0","0"
"POINT (6.973149871000032 50.929774017000057)","Unfall 51277 (2024) Kat:3, Licht: 0","51277","3","3","5","09","09","3","","0","1","0","0","1"
"POINT (6.860512134000032 50.933904921000078)","Unfall 51278 (2024) Kat:2, Licht: 0","51278","2","3","5","09","18","3","","0","0","1","0","0"
"POINT (6.910667059000048 50.939766452000072)","Unfall 51279 (2024) Kat:3, Licht: 0","51279","3","2","5","09","09","3","","0","1","0","0","0"
"POINT (7.083289332000049 50.881315280000081)","Unfall 51372 (2024) Kat:2, Licht: 0","51372","2","7","0","09","12","2","","0","0","0","0","0"
"POINT (6.978721426000050 50.924957144000075)","Unfall 51373 (2024) Kat:3, Licht: 0","51373","3","1","2","09","14","2","","0","1","1","0","0"
"POINT (6.940628858000025 50.992689174000077)","Unfall 51374 (2024) Kat:3, Licht: 0","51374","3","1","0","09","14","2","","0","1","0","0","0"
"POINT (6.981870078000043 50.961587652000048)","Unfall 51375 (2024) Kat:3, Licht: 0","51375","3","6","1","09","15","2","","0","0","1","0","0"
"POINT (6.850288789000047 50.918889093000075)","Unfall 51376 (2024) Kat:3, Licht: 0","51376","3","3","5","09","15","2","","0","0","1","0","0"
"POINT (6.908050506000052 50.934385828000075)","Unfall 51377 (2024) Kat:3, Licht: 0","51377","3","6","2","09","16","2","","0","0","1","0","0"
"POINT (6.981172678000064 50.903369148000081)","Unfall 51378 (2024) Kat:3, Licht: 0","51378","3","3","6","09","16","2","","0","1","0","1","0"
"POINT (6.915382043000022 50.920354898000028)","Unfall 51379 (2024) Kat:3, Licht: 0","51379","3","1","0","09","14","2","","0","1","0","0","0"
"POINT (6.907885444000044 50.935415951000039)","Unfall 51380 (2024) Kat:3, Licht: 0","51380","3","5","1","09","09","2","","0","1","1","0","0"
"POINT (6.967645070000060 50.921240330000046)","Unfall 51381 (2024) Kat:3, Licht: 0","51381","3","6","2","09","10","2","","0","0","1","0","0"
"POINT (6.891407560000061 50.924728948000052)","Unfall 51430 (2024) Kat:3, Licht: 0","51430","3","6","2","09","17","3","","0","0","1","0","0"
"POINT (6.887808221000057 50.908337981000045)","Unfall 51485 (2024) Kat:3, Licht: 1","51485","3","1","8","09","06","1","","1","0","1","0","0"
"POINT (7.057660665000071 50.946859002000053)","Unfall 51487 (2024) Kat:3, Licht: 0","51487","3","1","9","09","17","1","","0","0","1","0","0"
"POINT (6.931342575000031 50.947396283000046)","Unfall 51490 (2024) Kat:3, Licht: 2","51490","3","1","0","09","21","1","","2","0","0","0","0"
"POINT (6.930153279000024 50.918423248000067)","Unfall 51528 (2024) Kat:3, Licht: 0","51528","3","1","0","09","15","3","","0","1","0","0","0"
"POINT (6.850389377000056 50.975322580000068)","Unfall 51568 (2024) Kat:3, Licht: 2","51568","3","6","2","09","23","7","","2","0","1","0","0"
"POINT (7.005857039000034 50.911463937000065)","Unfall 51569 (2024) Kat:3, Licht: 2","51569","3","7","2","09","23","7","","2","0","1","0","0"
"POINT (6.849462672000072 50.944608881000079)","Unfall 51571 (2024) Kat:3, Licht: 0","51571","3","6","2","09","13","7","","0","0","1","0","0"
"POINT (7.118421559000069 50.907814921000067)","Unfall 51634 (2024) Kat:3, Licht: 2","51634","3","6","2","10","07","4","","2","0","1","0","0"
"POINT (7.023021379000056 50.919416256000034)","Unfall 51635 (2024) Kat:2, Licht: 0","51635","2","6","3","10","17","4","","0","0","1","0","0"
"POINT (7.057861634000062 50.895088485000031)","Unfall 51636 (2024) Kat:3, Licht: 0","51636","3","4","6","10","08","4","","0","0","1","1","0"
"POINT (7.046966684000040 50.942277016000048)","Unfall 51637 (2024) Kat:3, Licht: 0","51637","3","3","5","10","07","4","","0","1","1","0","0"
"POINT (7.032612495000024 50.967004336000059)","Unfall 51638 (2024) Kat:3, Licht: 0","51638","3","6","1","10","14","4","","0","0","1","0","0"
"POINT (6.989341788000047 50.946542068000042)","Unfall 51639 (2024) Kat:3, Licht: 2","51639","3","6","4","10","06","4","","2","0","1","0","0"
"POINT (6.954052432000026 50.962966387000051)","Unfall 51640 (2024) Kat:3, Licht: 2","51640","3","2","5","10","18","4","","2","1","1","0","0"
"POINT (6.924022789000048 50.957696867000038)","Unfall 51641 (2024) Kat:3, Licht: 2","51641","3","2","3","10","19","4","","2","0","1","0","0"
"POINT (6.931777785000065 50.861050776000070)","Unfall 51642 (2024) Kat:2, Licht: 0","51642","2","3","5","10","12","4","","0","0","1","0","1"
"POINT (6.939513801000032 50.938801497000043)","Unfall 51643 (2024) Kat:3, Licht: 0","51643","3","2","0","10","17","4","","0","1","1","0","0"
"POINT (6.885697514000071 51.001228703000038)","Unfall 51735 (2024) Kat:3, Licht: 1","51735","3","6","2","10","07","3","","1","0","1","0","0"
"POINT (7.014791167000055 50.985349001000031)","Unfall 51736 (2024) Kat:2, Licht: 0","51736","2","1","8","10","08","3","","0","0","1","0","0"
"POINT (7.081958229000065 50.921607039000037)","Unfall 51738 (2024) Kat:3, Licht: 0","51738","3","2","6","10","13","3","","0","0","1","1","0"
"POINT (7.024366697000062 50.981691168000054)","Unfall 51739 (2024) Kat:3, Licht: 0","51739","3","2","1","10","17","3","","0","0","1","0","0"
"POINT (7.011452099000053 50.957321422000064)","Unfall 51740 (2024) Kat:3, Licht: 0","51740","3","6","0","10","14","3","","0","1","1","0","0"
"POINT (6.935433767000063 50.950990124000043)","Unfall 51741 (2024) Kat:3, Licht: 0","51741","3","2","5","10","17","3","","0","0","1","0","0"
"POINT (6.944184463000056 50.935915919000081)","Unfall 51742 (2024) Kat:3, Licht: 0","51742","3","5","1","10","17","3","","0","1","1","0","0"
"POINT (7.016805742000031 50.983438020000051)","Unfall 51860 (2024) Kat:3, Licht: 0","51860","3","1","5","10","13","2","","0","0","1","0","0"
"POINT (7.033738420000020 50.967234322000081)","Unfall 51861 (2024) Kat:2, Licht: 0","51861","2","7","0","10","19","2","","0","0","1","0","0"
"POINT (7.013460355000063 50.963092621000044)","Unfall 51862 (2024) Kat:3, Licht: 0","51862","3","4","6","10","16","2","","0","1","0","1","0"
"POINT (6.955406093000022 50.860142366000048)","Unfall 51863 (2024) Kat:2, Licht: 0","51863","2","1","0","10","09","2","","0","0","0","0","0"
"POINT (7.020901785000035 50.947751697000058)","Unfall 51941 (2024) Kat:3, Licht: 2","51941","3","1","0","10","19","1","","2","0","0","0","0"
"POINT (7.012934182000038 50.935612180000078)","Unfall 51942 (2024) Kat:3, Licht: 0","51942","3","5","0","10","14","1","","0","1","1","0","0"
"POINT (6.871882650000032 51.004614118000063)","Unfall 51943 (2024) Kat:3, Licht: 2","51943","3","1","9","10","19","1","","2","1","0","0","0"
"POINT (6.958922730000040 50.958342469000058)","Unfall 51944 (2024) Kat:3, Licht: 0","51944","3","6","2","10","14","1","","0","0","1","0","0"
"POINT (6.952579910000054 50.924107636000031)","Unfall 51945 (2024) Kat:3, Licht: 2","51945","3","1","0","10","06","1","","2","1","0","0","0"
"POINT (6.906430185000033 51.004471919000082)","Unfall 52013 (2024) Kat:3, Licht: 0","52013","3","6","2","10","16","7","","0","0","1","0","0"
"POINT (7.039672570000050 50.945453761000067)","Unfall 52014 (2024) Kat:3, Licht: 0","52014","3","7","7","10","16","7","","0","0","1","0","0"
"POINT (7.027262293000035 50.929260589000080)","Unfall 52016 (2024) Kat:3, Licht: 0","52016","3","6","2","10","15","7","","0","0","1","0","0"
"POINT (6.841183657000045 51.049919578000072)","Unfall 52017 (2024) Kat:3, Licht: 0","52017","3","1","0","10","13","7","","0","0","0","0","0"
"POINT (6.891935735000061 50.992082966000055)","Unfall 52019 (2024) Kat:3, Licht: 0","52019","3","2","5","10","16","7","","0","1","1","0","0"
"POINT (6.908319219000020 50.937123914000040)","Unfall 52020 (2024) Kat:3, Licht: 0","52020","3","6","1","10","11","7","","0","0","0","0","0"
"POINT (6.901336967000020 50.926319614000079)","Unfall 52021 (2024) Kat:2, Licht: 2","52021","2","1","8","10","20","7","","2","0","1","0","0"
"POINT (6.988031236000040 50.945727531000045)","Unfall 52022 (2024) Kat:2, Licht: 0","52022","2","6","3","10","17","4","","0","0","1","0","0"
"POINT (6.965672063000056 50.924847981000028)","Unfall 52023 (2024) Kat:3, Licht: 0","52023","3","1","0","10","14","7","","0","1","0","0","0"
"POINT (6.927846387000045 50.960561642000073)","Unfall 52120 (2024) Kat:3, Licht: 0","52120","3","2","3","10","17","6","","0","0","1","0","0"
"POINT (7.084382524000034 50.946839635000060)","Unfall 52122 (2024) Kat:2, Licht: 2","52122","2","1","0","10","23","6","","2","1","0","0","0"
"POINT (7.022179201000029 50.980021181000041)","Unfall 52123 (2024) Kat:3, Licht: 0","52123","3","6","2","10","13","6","","0","1","0","0","0"
"POINT (7.070722499000055 50.978765178000060)","Unfall 52124 (2024) Kat:3, Licht: 0","52124","3","6","2","10","14","6","","0","0","1","0","0"
"POINT (6.958067529000061 50.935422699000071)","Unfall 52125 (2024) Kat:3, Licht: 0","52125","3","7","3","10","17","6","","0","0","1","0","0"
"POINT (6.970927981000045 50.954248697000025)","Unfall 52197 (2024) Kat:3, Licht: 0","52197","3","1","0","10","16","5","","0","1","0","0","0"
"POINT (6.849341863000063 50.940501841000071)","Unfall 52249 (2024) Kat:3, Licht: 1","52249","3","6","2","10","18","4","","1","0","1","0","0"
"POINT (6.899574783000048 50.990254108000045)","Unfall 52250 (2024) Kat:3, Licht: 0","52250","3","6","2","10","09","4","","0","0","1","0","0"
"POINT (7.095355267000059 50.870279130000029)","Unfall 52251 (2024) Kat:3, Licht: 2","52251","3","6","2","10","00","4","","2","0","1","0","0"
"POINT (7.057885177000060 50.895163824000065)","Unfall 52252 (2024) Kat:3, Licht: 0","52252","3","1","0","10","16","4","","0","0","0","0","1"
"POINT (7.086753317000046 50.857484859000067)","Unfall 52253 (2024) Kat:3, Licht: 0","52253","3","6","3","10","08","4","","0","0","1","0","0"
"POINT (7.041414477000046 50.968802200000027)","Unfall 52255 (2024) Kat:3, Licht: 0","52255","3","7","0","10","17","4","","0","1","1","0","0"
"POINT (6.925445785000022 50.939737553000043)","Unfall 52256 (2024) Kat:3, Licht: 2","52256","3","3","5","10","23","4","","2","1","1","0","0"
"POINT (6.896642206000024 50.925590186000079)","Unfall 52257 (2024) Kat:3, Licht: 0","52257","3","6","1","10","14","4","","0","0","1","0","0"
"POINT (6.939155435000032 50.937422844000082)","Unfall 52258 (2024) Kat:3, Licht: 2","52258","3","6","1","10","20","4","","2","0","1","0","1"
"POINT (7.056595970000046 50.951487482000061)","Unfall 52259 (2024) Kat:3, Licht: 0","52259","3","7","8","10","14","4","","0","0","1","0","0"
"POINT (6.934579804000066 50.936530016000063)","Unfall 52338 (2024) Kat:3, Licht: 0","52338","3","6","2","10","13","4","","0","0","1","0","0"
"POINT (6.983796237000035 50.901188867000030)","Unfall 52380 (2024) Kat:3, Licht: 0","52380","3","1","0","10","11","2","","0","0","0","0","1"
"POINT (6.849467967000066 50.944956076000040)","Unfall 52383 (2024) Kat:3, Licht: 0","52383","3","6","2","10","15","3","","0","0","1","0","0"
"POINT (7.096622269000022 50.844389862000071)","Unfall 52384 (2024) Kat:3, Licht: 2","52384","3","6","2","10","20","3","","2","0","1","0","0"
"POINT (7.034345034000069 50.967358276000027)","Unfall 52387 (2024) Kat:3, Licht: 0","52387","3","6","3","10","15","3","","0","0","1","0","0"
"POINT (6.922802970000021 50.956476902000077)","Unfall 52388 (2024) Kat:3, Licht: 0","52388","3","1","0","10","13","3","","0","0","0","0","1"
"POINT (6.942926450000073 50.953909752000072)","Unfall 52389 (2024) Kat:3, Licht: 0","52389","3","6","1","10","09","3","","0","0","1","0","0"
"POINT (6.936920345000033 50.950286451000068)","Unfall 52390 (2024) Kat:3, Licht: 2","52390","3","1","0","10","01","3","","2","0","1","0","1"
"POINT (6.953389279000021 50.930006101000060)","Unfall 52391 (2024) Kat:3, Licht: 0","52391","3","4","0","10","22","3","","0","0","1","1","0"
"POINT (7.003958783000030 50.961788131000048)","Unfall 52491 (2024) Kat:3, Licht: 0","52491","3","4","6","09","07","2","","0","0","0","1","0"
"POINT (6.946177743000021 50.985893695000073)","Unfall 52492 (2024) Kat:3, Licht: 0","52492","3","1","8","09","13","2","","0","0","1","0","0"
"POINT (6.851904262000062 50.919320558000038)","Unfall 52494 (2024) Kat:3, Licht: 2","52494","3","1","8","09","23","2","","2","0","1","0","0"
"POINT (6.878456224000047 50.937818190000030)","Unfall 52495 (2024) Kat:3, Licht: 0","52495","3","6","1","09","18","2","","0","0","1","0","0"
"POINT (6.930618882000033 50.918865589000063)","Unfall 52496 (2024) Kat:3, Licht: 0","52496","3","6","2","09","17","2","","0","0","1","0","0"
"POINT (6.911612281000032 50.924631924000039)","Unfall 52497 (2024) Kat:3, Licht: 0","52497","3","7","6","09","09","2","","0","0","0","1","0"
"POINT (6.984073203000037 50.944340267000030)","Unfall 52559 (2024) Kat:3, Licht: 1","52559","3","6","2","10","15","4","","1","0","1","0","0"
"POINT (6.886783519000062 51.000213195000072)","Unfall 52587 (2024) Kat:2, Licht: 0","52587","2","1","8","09","11","1","","0","0","1","0","0"
"POINT (6.976030965000064 50.939815711000051)","Unfall 52588 (2024) Kat:3, Licht: 0","52588","3","1","2","09","14","1","","0","0","1","0","0"
"POINT (6.938999749000061 50.936152757000059)","Unfall 52589 (2024) Kat:3, Licht: 0","52589","3","5","3","09","20","1","","0","1","1","0","0"
"POINT (7.047761190000074 50.907883817000027)","Unfall 52590 (2024) Kat:3, Licht: 2","52590","3","6","2","09","22","1","","2","0","1","0","0"
"POINT (6.966401490000067 50.839109154000028)","Unfall 52676 (2024) Kat:3, Licht: 1","52676","3","1","7","09","18","7","","1","0","1","0","0"
"POINT (6.981786187000068 50.936819306000075)","Unfall 52677 (2024) Kat:2, Licht: 0","52677","2","6","2","09","18","7","","0","0","1","0","0"
"POINT (6.953391202000034 50.966302271000075)","Unfall 52678 (2024) Kat:3, Licht: 1","52678","3","6","0","09","19","7","","1","0","1","0","1"
"POINT (6.904944011000055 50.937175615000058)","Unfall 52680 (2024) Kat:2, Licht: 2","52680","2","1","0","09","00","7","","2","0","0","0","0"
"POINT (6.972499414000026 50.912915203000068)","Unfall 52681 (2024) Kat:3, Licht: 0","52681","3","1","0","09","09","7","","0","0","0","0","1"
"POINT (7.040501955000025 50.930165775000035)","Unfall 52698 (2024) Kat:3, Licht: 1","52698","3","6","2","10","19","7","","1","0","1","0","0"
"POINT (7.032872923000070 50.962925568000060)","Unfall 52721 (2024) Kat:3, Licht: 0","52721","3","6","3","10","10","2","","0","0","1","0","0"
"POINT (7.014204500000062 50.986686406000047)","Unfall 52779 (2024) Kat:3, Licht: 0","52779","3","6","3","10","12","4","","0","0","1","0","0"
"POINT (6.904175075000069 50.986801558000082)","Unfall 52785 (2024) Kat:3, Licht: 0","52785","3","6","2","09","12","6","","0","0","1","0","0"
"POINT (6.968893494000042 50.856969620000029)","Unfall 52787 (2024) Kat:3, Licht: 0","52787","3","6","2","09","15","6","","0","0","0","0","0"
"POINT (7.037852285000042 50.949869886000045)","Unfall 52789 (2024) Kat:3, Licht: 0","52789","3","6","2","09","14","6","","0","0","1","0","0"
"POINT (7.055742818000056 50.887458527000035)","Unfall 52791 (2024) Kat:3, Licht: 2","52791","3","6","4","09","20","6","","2","0","1","0","1"
"POINT (7.106220017000055 50.859127271000034)","Unfall 52792 (2024) Kat:3, Licht: 0","52792","3","2","3","09","18","6","","0","1","1","0","0"
"POINT (7.020514309000021 50.948239514000079)","Unfall 52793 (2024) Kat:3, Licht: 2","52793","3","3","5","09","02","6","","2","1","1","0","0"
"POINT (7.011441237000042 50.957329170000037)","Unfall 52794 (2024) Kat:3, Licht: 0","52794","3","2","6","09","15","6","","0","1","0","1","0"
"POINT (6.937632352000037 50.925396633000048)","Unfall 52795 (2024) Kat:3, Licht: 0","52795","3","6","3","09","16","6","","0","0","1","0","0"
"POINT (6.932599958000026 50.935488716000066)","Unfall 52796 (2024) Kat:3, Licht: 0","52796","3","1","2","09","14","6","","0","0","1","0","0"
"POINT (6.939219881000042 50.934679008000046)","Unfall 52798 (2024) Kat:3, Licht: 0","52798","3","2","3","09","12","6","","0","1","0","0","0"
"POINT (6.932606276000058 50.935804226000073)","Unfall 52799 (2024) Kat:3, Licht: 2","52799","3","1","0","09","02","6","","2","0","0","0","0"
"POINT (7.055590034000033 50.881507755000030)","Unfall 52873 (2024) Kat:3, Licht: 2","52873","3","5","6","10","22","1","","2","0","1","1","0"
"POINT (6.957028320000063 51.031872347000046)","Unfall 52943 (2024) Kat:3, Licht: 1","52943","3","6","3","09","19","5","","1","0","1","0","0"
"POINT (7.022408993000056 50.920529889000079)","Unfall 52947 (2024) Kat:3, Licht: 2","52947","3","6","2","09","20","5","","2","0","1","0","0"
"POINT (7.017449444000022 50.982534009000062)","Unfall 52949 (2024) Kat:3, Licht: 1","52949","3","6","2","09","18","5","","1","0","1","0","0"
"POINT (7.014452500000061 50.933759471000030)","Unfall 52951 (2024) Kat:3, Licht: 0","52951","3","3","5","09","08","5","","0","1","1","0","0"
"POINT (7.049288751000063 50.871406446000037)","Unfall 52952 (2024) Kat:3, Licht: 0","52952","3","3","5","09","07","5","","0","1","1","0","0"
"POINT (6.998872151000057 50.937533047000045)","Unfall 52953 (2024) Kat:2, Licht: 2","52953","2","4","6","09","19","5","","2","0","1","1","0"
"POINT (7.028189870000062 50.957700088000081)","Unfall 52955 (2024) Kat:3, Licht: 0","52955","3","6","2","09","08","5","","0","0","1","0","0"
"POINT (6.954246762000025 50.962134376000051)","Unfall 52956 (2024) Kat:3, Licht: 0","52956","3","1","9","09","18","5","","0","0","1","0","0"
"POINT (6.871487930000058 50.975752014000079)","Unfall 52957 (2024) Kat:3, Licht: 0","52957","3","6","2","09","07","5","","0","0","1","0","0"
"POINT (6.971445515000028 50.904740132000029)","Unfall 52958 (2024) Kat:3, Licht: 2","52958","3","6","1","09","20","5","","2","1","1","0","0"
"POINT (6.974698254000032 50.858182816000067)","Unfall 52959 (2024) Kat:3, Licht: 0","52959","3","6","2","09","13","5","","0","0","1","0","0"
"POINT (6.936231346000056 50.936507374000030)","Unfall 52960 (2024) Kat:3, Licht: 2","52960","3","6","2","09","19","5","","2","0","1","0","0"
"POINT (7.101763618000064 50.934368097000061)","Unfall 52970 (2024) Kat:1, Licht: 0","52970","1","3","5","09","08","2","","0","0","1","0","0"
"POINT (6.900727489000076 50.994207857000049)","Unfall 52981 (2024) Kat:3, Licht: 0","52981","3","6","1","09","15","2","","0","0","1","0","1"
"POINT (6.975180563000038 50.939851467000040)","Unfall 53037 (2024) Kat:3, Licht: 1","53037","3","2","5","10","07","3","","1","1","1","0","0"
"POINT (6.880335468000055 50.911501964000081)","Unfall 53096 (2024) Kat:3, Licht: 0","53096","3","6","2","09","08","4","","0","0","1","0","0"
"POINT (6.991956717000051 50.915794076000054)","Unfall 53098 (2024) Kat:3, Licht: 0","53098","3","1","0","09","16","4","","0","1","0","0","0"
"POINT (7.076473838000027 50.945119201000068)","Unfall 53100 (2024) Kat:3, Licht: 0","53100","3","4","6","09","07","4","","0","0","1","1","0"
"POINT (7.007005428000070 50.970386705000067)","Unfall 53101 (2024) Kat:3, Licht: 0","53101","3","6","6","09","09","4","","0","1","0","1","0"
"POINT (6.916571121000061 50.970597416000032)","Unfall 53102 (2024) Kat:3, Licht: 0","53102","3","1","8","09","16","4","","0","0","1","0","0"
"POINT (6.989676279000037 50.893609426000069)","Unfall 53103 (2024) Kat:3, Licht: 2","53103","3","5","1","09","06","4","","2","0","1","0","0"
"POINT (7.014020343000027 50.986466360000065)","Unfall 53324 (2024) Kat:3, Licht: 2","53324","3","6","3","10","05","3","","2","0","1","0","0"
"POINT (7.014452500000061 50.933759471000030)","Unfall 53326 (2024) Kat:3, Licht: 2","53326","3","1","0","10","21","3","","2","0","0","0","1"
"POINT (7.015143704000025 50.975511049000033)","Unfall 53327 (2024) Kat:3, Licht: 0","53327","3","1","0","10","08","3","","0","0","0","0","1"
"POINT (6.898795691000032 51.043169555000077)","Unfall 53328 (2024) Kat:3, Licht: 1","53328","3","6","2","10","06","3","","1","0","1","0","0"
"POINT (6.890272284000048 50.925101722000079)","Unfall 53329 (2024) Kat:3, Licht: 2","53329","3","6","1","10","20","3","","2","0","1","0","0"
"POINT (6.943894139000065 50.904676481000081)","Unfall 53330 (2024) Kat:3, Licht: 1","53330","3","6","3","10","17","3","","1","0","1","0","1"
"POINT (6.962714821000077 50.930994863000080)","Unfall 53331 (2024) Kat:3, Licht: 0","53331","3","7","7","10","15","3","","0","1","0","0","0"
"POINT (6.939221973000031 50.934670982000057)","Unfall 53332 (2024) Kat:3, Licht: 0","53332","3","2","5","10","12","3","","0","1","0","0","0"
"POINT (7.032182510000041 50.964739413000075)","Unfall 53443 (2024) Kat:3, Licht: 2","53443","3","1","2","10","18","2","","2","0","1","0","0"
"POINT (7.002862664000077 50.937941832000035)","Unfall 53445 (2024) Kat:3, Licht: 0","53445","3","5","3","10","16","2","","0","1","1","0","0"
"POINT (6.945687238000062 50.986591209000039)","Unfall 53446 (2024) Kat:3, Licht: 2","53446","3","2","4","10","18","2","","2","0","1","0","1"
"POINT (6.953952223000044 50.963424768000039)","Unfall 53448 (2024) Kat:3, Licht: 0","53448","3","5","0","10","16","2","","0","1","1","0","0"
"POINT (6.943872147000036 50.970344479000062)","Unfall 53449 (2024) Kat:3, Licht: 2","53449","3","1","0","10","06","2","","2","1","0","0","0"
"POINT (6.969697739000026 50.883119002000058)","Unfall 53450 (2024) Kat:3, Licht: 0","53450","3","6","2","10","16","2","","0","0","1","0","0"
"POINT (6.950628892000054 50.948526423000033)","Unfall 53451 (2024) Kat:3, Licht: 0","53451","3","5","1","10","16","2","","0","1","1","0","0"
"POINT (7.047490013000072 50.992838161000066)","Unfall 53518 (2024) Kat:3, Licht: 0","53518","3","2","5","10","11","1","","0","1","1","0","0"
"POINT (6.876523848000033 50.992537237000079)","Unfall 53589 (2024) Kat:3, Licht: 0","53589","3","6","2","10","17","7","","0","0","1","0","0"
"POINT (6.874368600000025 51.009688243000028)","Unfall 53590 (2024) Kat:3, Licht: 2","53590","3","6","2","10","04","7","","2","0","1","0","0"
"POINT (7.058568301000037 50.897349696000049)","Unfall 53592 (2024) Kat:3, Licht: 0","53592","3","2","6","10","16","7","","0","0","1","1","0"
"POINT (7.010814420000031 50.957776410000065)","Unfall 53593 (2024) Kat:3, Licht: 2","53593","3","1","0","10","18","7","","2","1","0","0","0"
"POINT (7.005579179000051 50.961673966000035)","Unfall 53595 (2024) Kat:3, Licht: 0","53595","3","1","0","10","13","7","","0","0","0","0","0"