WKT,Name,OBJECTID,UKATEGORIE,UTYP1,UART,UMONAT,USTUNDE,UWOCHENTAG,STRZUSTAND,ULICHTVERH,ISTRAD,ISTPKW,ISTFUSS,ISTKRAD
"POINT (7.084147772000051 50.922103351000032)","Unfall 53596 (2024) Kat:3, Licht: 2","53596","3","1","0","10","01","7","","2","1","0","0","0"
"POINT (6.915441974000032 50.904184701000077)","Unfall 53597 (2024) Kat:3, Licht: 0","53597","3","6","3","10","11","7","","0","0","0","0","1"
"POINT (6.938996404000022 50.936204638000049)","Unfall 53598 (2024) Kat:3, Licht: 0","53598","3","1","0","10","14","7","","0","1","0","0","0"
"POINT (6.919606974000033 50.893923057000052)","Unfall 53692 (2024) Kat:3, Licht: 0","53692","3","6","2","10","13","6","","0","0","1","0","0"
"POINT (7.027315561000023 50.916791393000040)","Unfall 53696 (2024) Kat:3, Licht: 0","53696","3","6","3","10","13","6","","0","0","1","0","0"
"POINT (7.106183113000043 50.914547358000050)","Unfall 53700 (2024) Kat:3, Licht: 0","53700","3","7","5","10","16","6","","0","0","1","0","0"
"POINT (6.997009332000061 50.952346733000070)","Unfall 53701 (2024) Kat:3, Licht: 2","53701","3","1","0","10","22","6","","2","0","0","0","1"
"POINT (7.013842493000027 50.952994433000072)","Unfall 53702 (2024) Kat:3, Licht: 1","53702","3","2","1","10","20","6","","1","0","1","0","0"
"POINT (6.973587409000061 50.939890700000035)","Unfall 53703 (2024) Kat:3, Licht: 2","53703","3","3","5","10","00","6","","2","0","1","0","0"
"POINT (6.949009932000024 50.995150812000077)","Unfall 53704 (2024) Kat:3, Licht: 2","53704","3","1","5","10","22","6","","2","0","1","0","1"
"POINT (6.956656701000043 50.955261349000068)","Unfall 53705 (2024) Kat:3, Licht: 0","53705","3","2","5","10","14","6","","0","1","0","0","0"
"POINT (6.991054869000038 50.965697934000048)","Unfall 53706 (2024) Kat:3, Licht: 0","53706","3","6","4","10","14","6","","0","1","0","0","0"
"POINT (6.851010144000043 50.969575806000080)","Unfall 53707 (2024) Kat:3, Licht: 2","53707","3","3","5","10","19","6","","2","0","1","0","1"
"POINT (6.823113536000051 50.938559261000080)","Unfall 53708 (2024) Kat:3, Licht: 2","53708","3","2","5","10","19","6","","2","0","1","0","0"
"POINT (6.928614953000022 50.959938215000079)","Unfall 53709 (2024) Kat:3, Licht: 0","53709","3","2","5","10","16","6","","0","1","1","0","0"
"POINT (6.912842092000062 50.936953058000029)","Unfall 53710 (2024) Kat:2, Licht: 0","53710","2","2","5","10","11","6","","0","0","1","0","0"
"POINT (7.040128400000071 50.944654592000063)","Unfall 53839 (2024) Kat:3, Licht: 2","53839","3","6","2","10","18","5","","2","0","1","0","0"
"POINT (7.083494416000065 50.869552532000057)","Unfall 53841 (2024) Kat:3, Licht: 0","53841","3","3","5","10","09","5","","0","1","1","0","0"
"POINT (6.940629077000040 50.931089944000064)","Unfall 53896 (2024) Kat:2, Licht: 1","53896","2","1","0","10","18","4","","1","1","0","0","0"
"POINT (7.095994789000031 50.841858620000039)","Unfall 53938 (2024) Kat:2, Licht: 0","53938","2","6","2","10","14","4","","0","0","1","0","0"
"POINT (7.016136950000032 50.922098318000053)","Unfall 53939 (2024) Kat:3, Licht: 0","53939","3","6","3","10","14","4","","0","0","1","0","0"
"POINT (7.017962745000034 50.933529774000078)","Unfall 53940 (2024) Kat:3, Licht: 0","53940","3","5","1","10","16","4","","0","1","1","0","0"
"POINT (7.055586713000025 50.912493541000060)","Unfall 53941 (2024) Kat:3, Licht: 2","53941","3","2","4","10","05","4","","2","0","1","0","0"
"POINT (7.044193945000075 51.016761946000031)","Unfall 53942 (2024) Kat:3, Licht: 2","53942","3","1","0","10","23","4","","2","1","0","0","0"
"POINT (6.927883669000039 50.959733336000056)","Unfall 53944 (2024) Kat:3, Licht: 0","53944","3","7","3","10","17","4","","0","0","1","0","0"
"POINT (6.984420002000036 50.894191673000080)","Unfall 54041 (2024) Kat:3, Licht: 0","54041","3","6","2","10","16","3","","0","0","1","0","0"
"POINT (7.018720791000021 50.940205414000047)","Unfall 54043 (2024) Kat:3, Licht: 0","54043","3","2","5","10","18","3","","0","1","1","0","0"
"POINT (7.021595719000061 50.949241213000050)","Unfall 54044 (2024) Kat:3, Licht: 0","54044","3","6","2","10","16","3","","0","0","1","0","0"
"POINT (6.973265653000055 50.939899672000081)","Unfall 54046 (2024) Kat:3, Licht: 2","54046","3","3","5","10","21","3","","2","0","1","0","0"
"POINT (6.965852600000062 50.936470969000027)","Unfall 54047 (2024) Kat:3, Licht: 2","54047","3","6","4","10","20","3","","2","1","0","0","0"
"POINT (6.867886142000032 51.008179004000056)","Unfall 54048 (2024) Kat:3, Licht: 2","54048","3","6","4","10","21","3","","2","0","1","0","0"
"POINT (6.888935132000029 50.937556810000046)","Unfall 54049 (2024) Kat:3, Licht: 2","54049","3","2","3","10","21","3","","2","1","1","0","0"
"POINT (6.900362545000064 50.937277220000055)","Unfall 54050 (2024) Kat:3, Licht: 0","54050","3","2","5","10","12","3","","0","1","1","0","0"
"POINT (6.925706915000035 50.936741086000040)","Unfall 54051 (2024) Kat:3, Licht: 0","54051","3","3","0","10","08","3","","0","1","1","0","0"
"POINT (6.849491419000060 50.978553554000030)","Unfall 54052 (2024) Kat:3, Licht: 2","54052","3","1","4","10","07","3","","2","1","0","0","0"
"POINT (6.920211678000044 50.953781380000066)","Unfall 54053 (2024) Kat:3, Licht: 2","54053","3","1","0","10","01","3","","2","1","0","0","0"
"POINT (7.053004356000031 50.877743704000068)","Unfall 54054 (2024) Kat:3, Licht: 0","54054","3","1","0","10","15","3","","0","1","0","0","0"
"POINT (6.945740981000029 50.946575543000051)","Unfall 54055 (2024) Kat:2, Licht: 0","54055","2","2","0","10","17","3","","0","0","0","0","1"
"POINT (6.924695972000052 50.933519538000041)","Unfall 54092 (2024) Kat:2, Licht: 0","54092","2","3","5","10","12","3","","0","1","1","0","0"
"POINT (7.069491825000057 50.946350259000042)","Unfall 54155 (2024) Kat:3, Licht: 0","54155","3","2","2","10","16","2","","0","0","1","0","1"
"POINT (7.018053623000071 50.949850917000049)","Unfall 54156 (2024) Kat:2, Licht: 2","54156","2","4","6","10","07","2","","2","0","1","1","0"
"POINT (6.871668731000057 50.976338319000035)","Unfall 54157 (2024) Kat:3, Licht: 2","54157","3","1","9","10","21","2","","2","0","1","0","0"
"POINT (6.966318824000041 50.921809738000036)","Unfall 54158 (2024) Kat:3, Licht: 0","54158","3","6","2","10","13","2","","0","0","1","0","0"
"POINT (7.055775463000032 50.886580720000040)","Unfall 54254 (2024) Kat:3, Licht: 2","54254","3","5","1","10","03","1","","2","0","0","0","1"
"POINT (6.918454715000053 50.916063516000065)","Unfall 54256 (2024) Kat:2, Licht: 0","54256","2","3","5","10","12","1","","0","0","1","0","1"
"POINT (6.941072537000025 50.930026543000054)","Unfall 54258 (2024) Kat:3, Licht: 2","54258","3","6","2","10","00","1","","2","0","1","0","0"
"POINT (6.964005319000023 50.946678416000054)","Unfall 54259 (2024) Kat:3, Licht: 0","54259","3","6","3","10","17","1","","0","1","0","0","0"
"POINT (7.062893825000060 50.905203091000033)","Unfall 54328 (2024) Kat:3, Licht: 0","54328","3","2","5","10","09","7","","0","0","1","0","0"
"POINT (6.851762451000070 51.048850383000058)","Unfall 54329 (2024) Kat:2, Licht: 0","54329","2","3","5","10","14","7","","0","1","1","0","0"
"POINT (6.980118840000046 50.890483024000048)","Unfall 54330 (2024) Kat:3, Licht: 2","54330","3","1","0","10","02","7","","2","1","0","0","0"
"POINT (6.938981978000072 50.936412873000052)","Unfall 54331 (2024) Kat:2, Licht: 2","54331","2","4","0","10","23","7","","2","0","0","1","0"
"POINT (6.935580934000029 50.950386383000080)","Unfall 54395 (2024) Kat:3, Licht: 2","54395","3","6","3","10","20","4","","2","0","1","0","0"
"POINT (6.971941752000021 50.913842666000050)","Unfall 54405 (2024) Kat:2, Licht: 0","54405","2","1","0","10","16","7","","0","1","0","0","0"
"POINT (6.977789482000048 50.935672791000059)","Unfall 54429 (2024) Kat:3, Licht: 2","54429","3","7","0","10","19","6","","2","0","1","0","0"
"POINT (7.006573984000056 50.966831646000060)","Unfall 54431 (2024) Kat:3, Licht: 0","54431","3","6","0","10","12","6","","0","0","1","0","0"
"POINT (7.001214296000057 50.957098411000061)","Unfall 54432 (2024) Kat:3, Licht: 0","54432","3","2","5","10","12","6","","0","0","1","0","0"
"POINT (6.954207475000032 50.935105473000078)","Unfall 54433 (2024) Kat:3, Licht: 0","54433","3","2","2","10","18","6","","0","1","0","0","0"
"POINT (6.958058856000036 50.935418568000046)","Unfall 54434 (2024) Kat:3, Licht: 0","54434","3","1","0","10","16","6","","0","0","0","0","1"
"POINT (7.019672884000045 50.933390603000078)","Unfall 54506 (2024) Kat:2, Licht: 0","54506","2","1","8","10","16","5","","0","0","1","0","0"
"POINT (6.944217181000056 51.024674154000081)","Unfall 54520 (2024) Kat:3, Licht: 0","54520","3","6","2","10","18","5","","0","0","1","0","0"
"POINT (6.992183007000051 50.915629056000057)","Unfall 54522 (2024) Kat:3, Licht: 2","54522","3","6","1","10","20","5","","2","1","1","0","0"
"POINT (7.087636698000040 50.982164209000075)","Unfall 54523 (2024) Kat:3, Licht: 0","54523","3","3","5","10","16","5","","0","1","1","0","0"
"POINT (7.002507405000074 50.979674102000047)","Unfall 54524 (2024) Kat:2, Licht: 0","54524","2","2","6","10","12","5","","0","0","1","1","0"
"POINT (7.022183662000032 50.980024476000040)","Unfall 54525 (2024) Kat:3, Licht: 1","54525","3","1","0","10","07","5","","1","1","0","0","0"
"POINT (6.955738982000071 50.957129373000043)","Unfall 54526 (2024) Kat:3, Licht: 0","54526","3","3","5","10","10","5","","0","1","1","0","0"
"POINT (6.870065613000065 50.922979529000031)","Unfall 54527 (2024) Kat:2, Licht: 0","54527","2","2","5","10","15","5","","0","0","1","0","1"
"POINT (6.965309872000034 50.903695468000080)","Unfall 54528 (2024) Kat:3, Licht: 0","54528","3","1","0","10","08","5","","0","1","0","0","0"
"POINT (6.973059262000049 50.939769493000028)","Unfall 54570 (2024) Kat:3, Licht: 2","54570","3","6","0","10","20","3","","2","0","1","0","0"
"POINT (7.000360217000036 50.983011035000061)","Unfall 54638 (2024) Kat:3, Licht: 2","54638","3","1","0","10","22","4","","2","0","1","0","0"
"POINT (7.047491796000031 50.992825028000027)","Unfall 54640 (2024) Kat:3, Licht: 0","54640","3","6","3","10","14","4","","0","0","1","0","0"
"POINT (7.000082339000073 50.870129648000045)","Unfall 54641 (2024) Kat:3, Licht: 0","54641","3","6","0","10","16","4","","0","1","0","0","0"
"POINT (6.969117345000029 50.904287546000035)","Unfall 54642 (2024) Kat:3, Licht: 0","54642","3","3","5","10","13","4","","0","0","1","0","0"
"POINT (6.935434809000071 50.936518297000077)","Unfall 54643 (2024) Kat:3, Licht: 0","54643","3","2","5","10","18","4","","0","0","1","1","0"
"POINT (6.948358239000072 50.954998877000037)","Unfall 54666 (2024) Kat:3, Licht: 2","54666","3","6","1","10","18","3","","2","0","1","0","1"
"POINT (6.953105287000028 50.935106227000063)","Unfall 54738 (2024) Kat:2, Licht: 2","54738","2","3","5","10","00","1","","2","0","1","0","0"
"POINT (6.974569157000076 50.887576002000060)","Unfall 54748 (2024) Kat:3, Licht: 0","54748","3","6","3","10","11","3","","0","0","1","0","1"
"POINT (7.029360349000058 50.916544462000047)","Unfall 54750 (2024) Kat:3, Licht: 0","54750","3","1","9","10","11","3","","0","0","1","0","0"
"POINT (7.065451414000051 50.835001610000063)","Unfall 54751 (2024) Kat:2, Licht: 0","54751","2","7","7","10","10","3","","0","0","1","0","0"
"POINT (6.977902666000034 50.938029115000063)","Unfall 54825 (2024) Kat:3, Licht: 0","54825","3","2","6","10","15","3","","0","0","1","1","0"
"POINT (7.095261279000056 50.871189469000058)","Unfall 54844 (2024) Kat:3, Licht: 1","54844","3","6","2","10","19","2","","1","0","1","0","0"
"POINT (7.017245936000052 50.950437028000067)","Unfall 54845 (2024) Kat:3, Licht: 2","54845","3","2","5","10","20","2","","2","1","1","0","0"
"POINT (6.957843410000066 50.957682914000031)","Unfall 54846 (2024) Kat:3, Licht: 0","54846","3","2","5","10","10","2","","0","1","1","0","0"
"POINT (6.898773834000053 50.926085203000071)","Unfall 54847 (2024) Kat:3, Licht: 0","54847","3","1","0","10","18","2","","0","1","0","0","0"
"POINT (6.939137423000034 50.934995098000059)","Unfall 54848 (2024) Kat:2, Licht: 2","54848","2","5","1","10","21","2","","2","1","1","0","0"
"POINT (6.914233899000067 50.903049028000055)","Unfall 54849 (2024) Kat:3, Licht: 1","54849","3","6","2","10","07","3","","1","0","1","0","0"
"POINT (6.954002105000029 50.923489273000030)","Unfall 54931 (2024) Kat:3, Licht: 2","54931","3","6","2","10","19","1","","2","1","1","0","0"
"POINT (6.938981978000072 50.936412873000052)","Unfall 54932 (2024) Kat:3, Licht: 2","54932","3","1","0","10","05","1","","2","0","0","0","0"
"POINT (6.825836598000024 50.938412381000035)","Unfall 54943 (2024) Kat:3, Licht: 0","54943","3","5","7","10","13","1","","0","0","1","0","0"
"POINT (7.031536031000030 50.965563685000063)","Unfall 54960 (2024) Kat:3, Licht: 0","54960","3","7","2","10","10","3","","0","0","1","0","0"
"POINT (6.952929160000053 50.968292491000057)","Unfall 54995 (2024) Kat:3, Licht: 0","54995","3","6","2","10","09","7","","0","0","1","0","0"
"POINT (6.845993355000076 50.938012265000054)","Unfall 54996 (2024) Kat:2, Licht: 0","54996","2","2","5","10","08","7","","0","0","1","0","1"
"POINT (7.157289062000075 50.874072889000047)","Unfall 55014 (2024) Kat:3, Licht: 2","55014","3","1","8","10","19","4","","2","0","0","0","1"
"POINT (6.976911370000039 50.845427111000049)","Unfall 55061 (2024) Kat:3, Licht: 0","55061","3","2","4","10","07","4","","0","0","1","0","0"
"POINT (6.971485324000071 50.936795709000080)","Unfall 55070 (2024) Kat:3, Licht: 0","55070","3","4","6","10","09","6","","0","0","0","1","0"
"POINT (6.871324357000049 50.991110611000067)","Unfall 55092 (2024) Kat:3, Licht: 0","55092","3","6","2","10","13","6","","0","0","1","0","0"
"POINT (7.032646110000030 50.917619961000071)","Unfall 55094 (2024) Kat:3, Licht: 0","55094","3","6","2","10","15","6","","0","0","1","0","0"
"POINT (7.025958669000033 50.901823844000035)","Unfall 55101 (2024) Kat:3, Licht: 0","55101","3","7","0","10","18","6","","0","0","1","1","0"
"POINT (7.077911149000045 50.893652294000049)","Unfall 55102 (2024) Kat:3, Licht: 0","55102","3","2","2","10","07","6","","0","0","1","0","0"
"POINT (7.015750950000040 50.951733173000036)","Unfall 55104 (2024) Kat:3, Licht: 0","55104","3","2","5","10","11","6","","0","0","1","0","0"
"POINT (6.944472036000036 50.889516450000031)","Unfall 55105 (2024) Kat:3, Licht: 0","55105","3","3","0","10","17","6","","0","1","1","0","0"
"POINT (6.956724250000036 50.903831138000044)","Unfall 55106 (2024) Kat:3, Licht: 0","55106","3","3","5","10","16","6","","0","1","1","0","0"
"POINT (6.913953916000025 50.921534013000041)","Unfall 55108 (2024) Kat:3, Licht: 0","55108","3","2","5","10","16","6","","0","1","1","0","0"
"POINT (6.971681772000068 50.913966652000056)","Unfall 55110 (2024) Kat:3, Licht: 0","55110","3","2","2","10","08","6","","0","0","1","0","0"
"POINT (6.957868100000042 50.921477405000076)","Unfall 55111 (2024) Kat:3, Licht: 0","55111","3","7","0","10","12","6","","0","0","0","0","1"
"POINT (6.948884832000033 50.935632506000047)","Unfall 55112 (2024) Kat:3, Licht: 2","55112","3","1","0","10","01","6","","2","1","0","0","0"
"POINT (6.969536335000043 50.875047937000033)","Unfall 55226 (2024) Kat:3, Licht: 0","55226","3","6","2","10","18","7","","0","0","1","0","0"
"POINT (6.849385045000076 50.936005398000077)","Unfall 55239 (2024) Kat:3, Licht: 1","55239","3","6","2","10","07","5","","1","0","1","0","0"
"POINT (6.861369364000041 50.987632640000072)","Unfall 55240 (2024) Kat:3, Licht: 2","55240","3","1","9","10","04","5","","2","0","1","0","0"
"POINT (7.075196539000046 50.924062596000056)","Unfall 55246 (2024) Kat:3, Licht: 1","55246","3","3","0","10","19","5","","1","0","1","0","0"
"POINT (6.967461713000034 50.936424669000075)","Unfall 55247 (2024) Kat:3, Licht: 0","55247","3","1","0","10","09","5","","0","0","0","0","1"
"POINT (6.914936426000054 50.948407932000066)","Unfall 55248 (2024) Kat:3, Licht: 0","55248","3","3","5","10","10","5","","0","0","1","0","0"
"POINT (6.973907342000075 50.864527891000080)","Unfall 55249 (2024) Kat:3, Licht: 0","55249","3","6","2","10","13","5","","0","0","1","0","0"
"POINT (6.946840820000034 50.850495156000079)","Unfall 55250 (2024) Kat:2, Licht: 1","55250","2","6","2","10","06","5","","1","0","1","0","0"
"POINT (7.083855261000053 50.863011645000029)","Unfall 55251 (2024) Kat:3, Licht: 1","55251","3","3","5","10","07","5","","1","0","1","0","0"
"POINT (6.998928336000063 50.906921676000081)","Unfall 55385 (2024) Kat:3, Licht: 0","55385","3","6","2","11","09","2","","0","0","1","0","0"
"POINT (6.969638397000040 50.874045634000026)","Unfall 55387 (2024) Kat:3, Licht: 1","55387","3","6","2","11","17","2","","1","0","1","0","0"
"POINT (6.967972557000053 50.849801034000052)","Unfall 55389 (2024) Kat:3, Licht: 2","55389","3","6","1","11","18","2","","2","0","1","0","0"
"POINT (7.031178710000063 50.913348251000059)","Unfall 55391 (2024) Kat:3, Licht: 0","55391","3","1","8","11","15","2","","0","0","1","0","0"
"POINT (7.068095986000060 50.908479781000040)","Unfall 55393 (2024) Kat:3, Licht: 2","55393","3","2","4","11","21","2","","2","0","1","0","0"
"POINT (7.096089811000070 50.844695362000039)","Unfall 55394 (2024) Kat:3, Licht: 2","55394","3","3","5","11","21","2","","2","0","1","0","1"
"POINT (6.984135938000065 50.948817617000032)","Unfall 55395 (2024) Kat:3, Licht: 1","55395","3","6","2","11","16","2","","1","0","1","0","0"
"POINT (6.979912990000059 50.940889055000071)","Unfall 55396 (2024) Kat:3, Licht: 0","55396","3","1","0","11","12","2","","0","1","0","0","0"
"POINT (7.014720470000043 50.975303133000068)","Unfall 55397 (2024) Kat:3, Licht: 0","55397","3","1","0","11","11","2","","0","0","0","0","1"
"POINT (6.952440115000059 50.969845007000060)","Unfall 55398 (2024) Kat:3, Licht: 2","55398","3","2","6","11","21","2","","2","0","1","1","0"
"POINT (6.871649417000071 50.976275688000044)","Unfall 55399 (2024) Kat:3, Licht: 0","55399","3","6","2","11","13","2","","0","0","1","0","0"
"POINT (6.919545168000070 50.953203972000040)","Unfall 55400 (2024) Kat:3, Licht: 0","55400","3","6","3","11","12","2","","0","0","1","0","1"
"POINT (6.974256538000020 50.864546529000052)","Unfall 55401 (2024) Kat:3, Licht: 1","55401","3","6","2","11","16","2","","1","0","1","0","0"
"POINT (6.921593113000029 50.854547072000059)","Unfall 55402 (2024) Kat:3, Licht: 1","55402","3","3","5","11","07","2","","1","0","1","0","0"
"POINT (6.947312655000076 50.930126330000064)","Unfall 55403 (2024) Kat:3, Licht: 2","55403","3","6","2","11","19","2","","2","0","1","0","0"
"POINT (6.947213540000064 50.930117647000031)","Unfall 55404 (2024) Kat:3, Licht: 0","55404","3","6","1","11","15","2","","0","1","1","0","0"
"POINT (6.962832859000059 50.928498479000041)","Unfall 55405 (2024) Kat:3, Licht: 0","55405","3","3","5","11","08","2","","0","1","1","0","0"
"POINT (6.912944008000068 50.978564834000053)","Unfall 55537 (2024) Kat:3, Licht: 0","55537","3","6","2","11","11","7","","0","0","1","0","0"
"POINT (7.016445346000069 50.948232030000042)","Unfall 55538 (2024) Kat:3, Licht: 2","55538","3","6","2","11","18","7","","2","0","1","0","0"
"POINT (6.951546213000029 50.948862931000065)","Unfall 55539 (2024) Kat:3, Licht: 2","55539","3","1","0","11","17","7","","2","0","0","0","0"
"POINT (6.899459770000021 51.000536122000028)","Unfall 55608 (2024) Kat:2, Licht: 2","55608","2","7","1","11","23","6","","2","0","1","0","0"
"POINT (6.850887361000048 50.977176822000047)","Unfall 55609 (2024) Kat:2, Licht: 2","55609","2","6","3","11","21","6","","2","0","1","0","0"
"POINT (7.003837037000039 50.938089012000034)","Unfall 55611 (2024) Kat:3, Licht: 2","55611","3","6","0","11","17","6","","2","1","1","0","0"
"POINT (6.973424226000020 50.929536776000077)","Unfall 55612 (2024) Kat:3, Licht: 2","55612","3","7","0","11","21","6","","2","0","1","0","1"
"POINT (6.963041060000023 50.936173378000035)","Unfall 55613 (2024) Kat:3, Licht: 2","55613","3","6","4","11","17","6","","2","1","0","0","0"
"POINT (6.888217759000042 50.924555203000068)","Unfall 55614 (2024) Kat:3, Licht: 2","55614","3","6","4","11","21","6","","2","1","0","0","0"
"POINT (6.936342090000039 50.906799332000048)","Unfall 55615 (2024) Kat:3, Licht: 0","55615","3","7","0","11","12","6","","0","1","0","0","0"
"POINT (6.920847370000047 50.914087685000027)","Unfall 55616 (2024) Kat:3, Licht: 1","55616","3","3","5","11","06","6","","1","0","1","0","0"
"POINT (6.935033677000035 50.935429130000045)","Unfall 55617 (2024) Kat:3, Licht: 0","55617","3","6","3","11","13","6","","0","1","0","0","0"
"POINT (6.968876318000071 50.955848811000067)","Unfall 55633 (2024) Kat:3, Licht: 0","55633","3","3","5","11","09","2","","0","0","1","0","0"
"POINT (6.957027707000066 50.951058339000042)","Unfall 55667 (2024) Kat:3, Licht: 2","55667","3","3","5","11","20","6","","2","0","1","0","0"
"POINT (7.042617073000031 50.941355646000034)","Unfall 55690 (2024) Kat:3, Licht: 2","55690","3","6","2","11","17","5","","2","0","1","0","0"
"POINT (7.043801793000057 50.865367009000067)","Unfall 55691 (2024) Kat:3, Licht: 0","55691","3","3","5","11","09","5","","0","1","1","0","0"
"POINT (7.106317830000023 50.879941342000052)","Unfall 55692 (2024) Kat:3, Licht: 1","55692","3","6","1","11","07","5","","1","0","0","0","1"
"POINT (6.990049107000061 50.891489131000071)","Unfall 55693 (2024) Kat:3, Licht: 0","55693","3","6","1","11","16","5","","0","1","1","0","0"
"POINT (6.980706391000069 50.897976341000060)","Unfall 55694 (2024) Kat:3, Licht: 0","55694","3","6","2","11","12","5","","0","0","1","0","0"
"POINT (6.941134561000069 50.929873822000047)","Unfall 55695 (2024) Kat:3, Licht: 2","55695","3","7","0","11","19","5","","2","0","1","1","0"
"POINT (6.871668731000057 50.976338319000035)","Unfall 55739 (2024) Kat:2, Licht: 2","55739","2","1","9","11","00","6","","2","0","1","0","0"
"POINT (7.095960743000035 50.844841430000031)","Unfall 55781 (2024) Kat:2, Licht: 2","55781","2","2","4","11","16","4","","2","0","1","0","1"
"POINT (7.078034556000034 50.892055138000046)","Unfall 55782 (2024) Kat:3, Licht: 0","55782","3","7","6","11","07","4","","0","0","1","1","0"
"POINT (7.078969889000064 50.881116726000073)","Unfall 55783 (2024) Kat:3, Licht: 0","55783","3","2","5","11","09","4","","0","0","1","0","0"
"POINT (7.105113362000054 50.913623585000039)","Unfall 55784 (2024) Kat:3, Licht: 2","55784","3","3","3","11","06","4","","2","0","1","0","0"
"POINT (7.013153019000072 50.956147942000030)","Unfall 55785 (2024) Kat:3, Licht: 2","55785","3","6","1","11","20","4","","2","0","1","0","0"
"POINT (6.971574282000063 50.938452415000029)","Unfall 55786 (2024) Kat:3, Licht: 2","55786","3","6","2","11","18","4","","2","0","1","0","0"
"POINT (6.920415609000031 50.953742854000041)","Unfall 55787 (2024) Kat:3, Licht: 2","55787","3","1","0","11","17","4","","2","1","0","0","0"
"POINT (6.957117828000037 50.921830921000037)","Unfall 55788 (2024) Kat:3, Licht: 2","55788","3","2","5","11","18","4","","2","1","1","0","0"
"POINT (6.967052091000028 50.922355092000032)","Unfall 55789 (2024) Kat:2, Licht: 0","55789","2","6","2","11","08","4","","0","0","1","0","0"
"POINT (6.899842636000074 50.990351394000072)","Unfall 55897 (2024) Kat:3, Licht: 1","55897","3","6","1","11","18","3","","1","0","1","0","0"
"POINT (7.017633643000067 50.915151429000048)","Unfall 55898 (2024) Kat:3, Licht: 0","55898","3","6","2","11","10","3","","0","0","1","0","0"
"POINT (7.012792342000068 50.973957847000065)","Unfall 55903 (2024) Kat:3, Licht: 2","55903","3","3","0","11","18","3","","2","1","1","0","0"
"POINT (6.975673015000041 50.932230700000048)","Unfall 55904 (2024) Kat:3, Licht: 0","55904","3","4","6","11","09","3","","0","1","1","1","0"
"POINT (6.854437033000067 50.919825280000055)","Unfall 55905 (2024) Kat:3, Licht: 0","55905","3","6","4","11","14","3","","0","0","1","0","1"
"POINT (6.927619194000044 50.915693242000032)","Unfall 55906 (2024) Kat:2, Licht: 0","55906","2","2","5","11","08","3","","0","1","0","0","0"
"POINT (6.942871325000056 50.935785763000069)","Unfall 55947 (2024) Kat:3, Licht: 0","55947","3","3","5","11","07","5","","0","1","1","0","0"
"POINT (6.852066088000072 50.977425520000054)","Unfall 56032 (2024) Kat:3, Licht: 2","56032","3","6","2","11","18","2","","2","0","1","0","0"
"POINT (7.055583382000066 50.881374729000072)","Unfall 56035 (2024) Kat:3, Licht: 0","56035","3","5","0","11","16","2","","0","1","1","0","0"
"POINT (7.050487699000030 50.971512043000075)","Unfall 56036 (2024) Kat:3, Licht: 2","56036","3","3","5","11","17","2","","2","1","0","0","0"
"POINT (7.047347356000046 50.970382729000050)","Unfall 56037 (2024) Kat:3, Licht: 0","56037","3","1","0","11","16","2","","0","0","0","0","1"
"POINT (6.893503196000040 50.916119428000059)","Unfall 56038 (2024) Kat:3, Licht: 2","56038","3","1","8","11","18","2","","2","1","0","0","0"
"POINT (7.039504184000066 50.897059087000059)","Unfall 56058 (2024) Kat:3, Licht: 0","56058","3","3","0","11","07","6","","0","1","1","0","0"
"POINT (6.933926227000029 51.019822158000068)","Unfall 56141 (2024) Kat:3, Licht: 0","56141","3","6","1","11","11","1","","0","0","1","0","0"
"POINT (6.870327628000041 50.916039197000032)","Unfall 56144 (2024) Kat:3, Licht: 0","56144","3","6","2","11","15","1","","0","0","1","0","0"
"POINT (6.978474596000069 50.939545314000043)","Unfall 56146 (2024) Kat:3, Licht: 2","56146","3","6","2","11","22","1","","2","0","1","0","0"
"POINT (6.933997175000059 51.019850044000066)","Unfall 56229 (2024) Kat:3, Licht: 2","56229","3","6","1","11","17","7","","2","0","1","0","0"
"POINT (7.006947243000070 50.970943309000063)","Unfall 56230 (2024) Kat:3, Licht: 0","56230","3","3","5","11","08","7","","0","1","1","0","0"
"POINT (6.959022381000068 50.876570334000064)","Unfall 56231 (2024) Kat:3, Licht: 2","56231","3","6","2","11","19","7","","2","1","1","0","0"
"POINT (6.933649656000057 50.921393535000050)","Unfall 56232 (2024) Kat:2, Licht: 0","56232","2","7","6","11","12","7","","0","1","0","1","0"
"POINT (6.899455258000046 50.990348400000073)","Unfall 56294 (2024) Kat:3, Licht: 2","56294","3","6","2","11","17","6","","2","0","1","0","1"
"POINT (7.016650306000031 50.983279830000072)","Unfall 56295 (2024) Kat:3, Licht: 2","56295","3","1","0","11","23","6","","2","0","1","0","0"
"POINT (7.003174871000056 50.937988699000073)","Unfall 56296 (2024) Kat:3, Licht: 0","56296","3","1","0","11","13","6","","0","0","0","0","1"
"POINT (6.936640463000060 50.879787020000038)","Unfall 56297 (2024) Kat:3, Licht: 1","56297","3","1","9","11","08","6","","1","0","1","0","0"
"POINT (6.939362180000046 50.938312112000062)","Unfall 56298 (2024) Kat:3, Licht: 0","56298","3","3","6","11","14","6","","0","1","0","1","0"
"POINT (6.958694927000067 50.950135690000081)","Unfall 56300 (2024) Kat:3, Licht: 0","56300","3","2","5","11","16","6","","0","1","0","0","1"