WKT,Name,OBJECTID,UKATEGORIE,UTYP1,UART,UMONAT,USTUNDE,UWOCHENTAG,STRZUSTAND,ULICHTVERH,ISTRAD,ISTPKW,ISTFUSS,ISTKRAD
"POINT (6.886238133000063 50.934141157000056)","Unfall 56308 (2024) Kat:3, Licht: 0","56308","3","2","5","11","15","5","","0","0","1","0","1"
"POINT (6.973532379000062 50.931605500000046)","Unfall 56314 (2024) Kat:3, Licht: 0","56314","3","6","2","11","13","7","","0","0","1","0","0"
"POINT (7.015750950000040 50.951733173000036)","Unfall 56382 (2024) Kat:3, Licht: 0","56382","3","3","5","11","15","7","","0","0","1","0","0"
"POINT (6.942276032000052 50.935790994000058)","Unfall 56395 (2024) Kat:3, Licht: 2","56395","3","4","6","11","20","2","","2","0","1","1","0"
"POINT (6.849028137000062 50.933702124000035)","Unfall 56396 (2024) Kat:3, Licht: 1","56396","3","6","3","10","16","5","","1","0","1","0","0"
"POINT (6.902529687000026 50.901464746000045)","Unfall 56397 (2024) Kat:2, Licht: 2","56397","2","6","1","10","01","5","","2","0","0","0","0"
"POINT (7.019557838000026 50.921063436000054)","Unfall 56399 (2024) Kat:3, Licht: 2","56399","3","6","2","10","17","5","","2","0","1","0","1"
"POINT (7.046340765000025 50.920167566000032)","Unfall 56401 (2024) Kat:3, Licht: 0","56401","3","6","3","10","13","5","","0","0","1","0","0"
"POINT (6.999435237000057 50.986191056000052)","Unfall 56402 (2024) Kat:3, Licht: 2","56402","3","2","6","10","17","5","","2","0","1","1","0"
"POINT (7.066829241000050 50.967992498000058)","Unfall 56403 (2024) Kat:3, Licht: 0","56403","3","3","5","10","11","5","","0","1","1","0","0"
"POINT (6.957203675000073 50.954158052000082)","Unfall 56404 (2024) Kat:3, Licht: 0","56404","3","3","0","10","10","5","","0","0","1","0","0"
"POINT (6.998371701000053 50.885111848000065)","Unfall 56405 (2024) Kat:2, Licht: 0","56405","2","3","5","10","13","5","","0","1","1","0","0"
"POINT (6.984141721000071 50.900825345000044)","Unfall 56406 (2024) Kat:3, Licht: 0","56406","3","6","2","10","08","5","","0","0","1","0","1"
"POINT (6.968029299000023 50.847140381000031)","Unfall 56526 (2024) Kat:3, Licht: 0","56526","3","6","2","10","16","4","","0","0","1","0","0"
"POINT (7.036193128000036 50.954227981000031)","Unfall 56527 (2024) Kat:3, Licht: 1","56527","3","6","2","10","16","4","","1","0","1","0","0"
"POINT (7.069317631000047 50.908943117000035)","Unfall 56531 (2024) Kat:2, Licht: 2","56531","2","6","3","10","18","4","","2","0","1","0","1"
"POINT (6.996703408000030 50.998585997000077)","Unfall 56534 (2024) Kat:3, Licht: 2","56534","3","1","2","10","19","4","","2","0","1","0","0"
"POINT (6.999407133000034 50.988841355000034)","Unfall 56536 (2024) Kat:3, Licht: 2","56536","3","6","2","10","17","4","","2","0","1","0","0"
"POINT (6.932806905000064 50.948597953000046)","Unfall 56537 (2024) Kat:3, Licht: 0","56537","3","2","5","10","14","4","","0","1","0","0","0"
"POINT (6.974148850000063 50.862868464000030)","Unfall 56538 (2024) Kat:3, Licht: 0","56538","3","2","4","10","18","4","","0","0","1","0","0"
"POINT (6.917714001000036 50.906478414000048)","Unfall 56539 (2024) Kat:3, Licht: 2","56539","3","2","5","10","17","4","","2","1","1","0","0"
"POINT (6.939535557000056 50.883829079000066)","Unfall 56540 (2024) Kat:2, Licht: 0","56540","2","2","4","10","11","4","","0","0","1","0","0"
"POINT (6.852090366000027 50.980303288000073)","Unfall 56606 (2024) Kat:3, Licht: 2","56606","3","6","2","11","22","3","","2","0","1","0","0"
"POINT (7.032364177000034 50.963406106000036)","Unfall 56611 (2024) Kat:3, Licht: 0","56611","3","6","2","11","14","3","","0","0","1","0","0"
"POINT (7.036743988000069 50.934526732000052)","Unfall 56614 (2024) Kat:3, Licht: 0","56614","3","6","6","11","13","3","","0","0","0","1","0"
"POINT (7.055364083000029 50.880457837000051)","Unfall 56615 (2024) Kat:3, Licht: 0","56615","3","6","2","11","16","3","","0","0","1","0","0"
"POINT (7.002605237000068 50.937903188000064)","Unfall 56616 (2024) Kat:3, Licht: 0","56616","3","6","2","11","13","3","","0","1","1","0","0"
"POINT (7.050347897000051 50.918627352000044)","Unfall 56617 (2024) Kat:3, Licht: 0","56617","3","2","5","11","14","3","","0","0","1","0","0"
"POINT (6.922029655000074 50.936771887000077)","Unfall 56618 (2024) Kat:3, Licht: 0","56618","3","3","5","11","12","3","","0","1","1","0","0"
"POINT (6.915453052000032 50.904195114000061)","Unfall 56619 (2024) Kat:3, Licht: 2","56619","3","3","5","11","19","3","","2","0","1","0","0"
"POINT (6.973012192000056 50.887188797000078)","Unfall 56715 (2024) Kat:3, Licht: 2","56715","3","6","2","11","17","2","","2","0","1","0","0"
"POINT (7.058065648000024 50.882452434000072)","Unfall 56718 (2024) Kat:3, Licht: 2","56718","3","1","4","11","18","2","","2","1","1","0","0"
"POINT (6.993561346000035 50.914887179000061)","Unfall 56719 (2024) Kat:3, Licht: 2","56719","3","2","6","11","17","2","","2","0","1","1","0"
"POINT (7.013238302000047 50.947920348000082)","Unfall 56720 (2024) Kat:3, Licht: 0","56720","3","6","2","11","16","2","","0","0","1","0","0"
"POINT (7.082752270000071 50.881477635000067)","Unfall 56721 (2024) Kat:3, Licht: 0","56721","3","3","5","11","14","2","","0","1","0","0","0"
"POINT (6.938476202000061 50.906041821000031)","Unfall 56722 (2024) Kat:3, Licht: 2","56722","3","6","2","11","16","2","","2","0","1","0","0"
"POINT (6.945114405000027 50.927059123000049)","Unfall 56723 (2024) Kat:3, Licht: 0","56723","3","3","5","11","10","2","","0","1","0","0","0"
"POINT (6.913494112000024 50.922498985000061)","Unfall 56775 (2024) Kat:2, Licht: 0","56775","2","3","5","11","12","2","","0","0","1","0","0"
"POINT (6.967713923000076 50.848662123000054)","Unfall 56803 (2024) Kat:3, Licht: 0","56803","3","6","3","11","12","1","","0","0","1","0","0"
"POINT (7.021592064000060 50.920818390000079)","Unfall 56804 (2024) Kat:2, Licht: 2","56804","2","6","2","11","21","1","","2","0","1","0","1"
"POINT (6.992183942000054 50.915628393000077)","Unfall 56805 (2024) Kat:3, Licht: 2","56805","3","1","9","11","05","1","","2","0","1","0","0"
"POINT (6.981568227000025 50.960882851000065)","Unfall 56806 (2024) Kat:3, Licht: 0","56806","3","1","0","11","11","1","","0","0","0","0","1"
"POINT (6.999516402000040 50.989452652000068)","Unfall 56859 (2024) Kat:3, Licht: 0","56859","3","6","2","11","11","3","","0","0","1","0","0"
"POINT (7.098073553000063 50.920046937000052)","Unfall 56870 (2024) Kat:3, Licht: 2","56870","3","2","5","11","20","7","","2","0","1","0","0"
"POINT (7.048950074000061 50.929719874000057)","Unfall 56871 (2024) Kat:2, Licht: 0","56871","2","1","0","11","14","7","","0","0","0","0","1"
"POINT (6.984881939000047 50.944712999000046)","Unfall 56872 (2024) Kat:2, Licht: 2","56872","2","7","9","11","18","7","","2","0","1","0","0"
"POINT (6.946858908000024 50.995549588000074)","Unfall 56873 (2024) Kat:3, Licht: 0","56873","3","6","2","11","10","7","","0","0","1","0","0"
"POINT (6.928479589000062 50.945020220000060)","Unfall 56874 (2024) Kat:3, Licht: 2","56874","3","1","9","11","05","7","","2","0","1","0","0"
"POINT (7.032546804000049 50.962934589000042)","Unfall 56973 (2024) Kat:3, Licht: 2","56973","3","7","2","11","17","6","","2","0","1","0","0"
"POINT (7.045074884000030 50.941841329000056)","Unfall 56975 (2024) Kat:3, Licht: 0","56975","3","6","2","11","08","6","","0","0","1","0","0"
"POINT (7.013666487000023 50.973346933000073)","Unfall 56976 (2024) Kat:3, Licht: 0","56976","3","6","4","11","08","6","","0","0","1","0","0"
"POINT (6.857919465000066 51.013104579000071)","Unfall 56977 (2024) Kat:3, Licht: 2","56977","3","2","6","11","17","6","","2","0","1","1","0"
"POINT (6.929986018000022 50.936647302000040)","Unfall 56978 (2024) Kat:3, Licht: 0","56978","3","1","0","11","13","6","","0","0","0","0","1"
"POINT (6.907992398000033 50.932439444000067)","Unfall 56979 (2024) Kat:3, Licht: 0","56979","3","5","0","11","08","6","","0","1","1","0","0"
"POINT (6.918219940000029 50.915911650000055)","Unfall 56980 (2024) Kat:3, Licht: 0","56980","3","6","0","11","12","6","","0","1","1","0","0"
"POINT (6.927073448000044 50.929857795000032)","Unfall 56981 (2024) Kat:3, Licht: 2","56981","3","1","0","11","17","7","","2","1","0","0","0"
"POINT (6.916597031000038 50.905411833000073)","Unfall 56982 (2024) Kat:2, Licht: 2","56982","2","1","0","11","02","6","","2","1","0","0","0"
"POINT (6.940196647000050 50.941616892000070)","Unfall 56983 (2024) Kat:3, Licht: 2","56983","3","2","6","11","18","6","","2","0","1","1","0"
"POINT (6.933243245000028 51.019553701000063)","Unfall 57101 (2024) Kat:3, Licht: 2","57101","3","6","2","11","18","5","","2","0","1","0","0"
"POINT (6.909167174000061 51.006642662000047)","Unfall 57102 (2024) Kat:3, Licht: 0","57102","3","6","2","11","16","5","","0","0","1","0","0"
"POINT (6.928016797000055 50.959656996000035)","Unfall 57106 (2024) Kat:3, Licht: 2","57106","3","2","5","11","16","5","","2","1","1","0","0"
"POINT (6.913494028000059 50.922499082000058)","Unfall 57107 (2024) Kat:3, Licht: 0","57107","3","1","0","11","13","5","","0","0","0","0","0"
"POINT (6.830656297000075 50.945614020000050)","Unfall 57157 (2024) Kat:3, Licht: 2","57157","3","2","5","11","16","2","","2","0","1","0","1"
"POINT (6.895023962000039 50.993817532000037)","Unfall 57194 (2024) Kat:3, Licht: 2","57194","3","6","2","11","18","4","","2","0","1","0","0"
"POINT (7.041295973000047 50.929667504000065)","Unfall 57198 (2024) Kat:3, Licht: 2","57198","3","4","6","11","21","4","","2","0","1","1","0"
"POINT (7.013153019000072 50.956147942000030)","Unfall 57199 (2024) Kat:3, Licht: 0","57199","3","7","0","11","09","4","","0","0","0","0","0"
"POINT (7.018692227000031 50.949387489000060)","Unfall 57200 (2024) Kat:3, Licht: 2","57200","3","6","3","11","17","4","","2","0","1","0","0"
"POINT (6.966958397000042 50.863319987000068)","Unfall 57201 (2024) Kat:2, Licht: 2","57201","2","2","4","11","18","4","","2","0","1","0","0"
"POINT (6.979071306000037 50.849204864000058)","Unfall 57202 (2024) Kat:3, Licht: 2","57202","3","2","5","11","18","4","","2","0","1","0","0"
"POINT (6.998940188000063 50.937607837000030)","Unfall 57299 (2024) Kat:3, Licht: 2","57299","3","4","6","11","16","2","","2","0","1","1","0"
"POINT (6.945447770000044 51.025843035000037)","Unfall 57338 (2024) Kat:3, Licht: 0","57338","3","1","0","11","12","3","","0","0","1","0","0"
"POINT (6.861353502000043 50.987625097000034)","Unfall 57340 (2024) Kat:3, Licht: 2","57340","3","1","9","11","05","3","","2","0","1","0","0"
"POINT (7.112963849000039 50.915364033000060)","Unfall 57342 (2024) Kat:3, Licht: 0","57342","3","6","1","11","08","3","","0","0","1","0","0"
"POINT (6.971579553000026 50.937648758000080)","Unfall 57343 (2024) Kat:3, Licht: 2","57343","3","6","2","11","22","3","","2","0","1","0","0"
"POINT (6.971013820000053 50.932782871000029)","Unfall 57344 (2024) Kat:3, Licht: 0","57344","3","2","3","11","11","3","","0","1","1","0","0"
"POINT (6.924804348000066 50.935189619000028)","Unfall 57345 (2024) Kat:3, Licht: 0","57345","3","6","2","11","14","3","","0","0","1","0","0"
"POINT (6.926768933000062 50.930348057000060)","Unfall 57424 (2024) Kat:3, Licht: 0","57424","3","6","2","11","13","2","","0","0","1","0","0"
"POINT (6.967795224000042 50.848996212000031)","Unfall 57496 (2024) Kat:3, Licht: 0","57496","3","1","3","11","14","2","","0","0","1","0","0"
"POINT (7.055753261000064 50.885798574000034)","Unfall 57497 (2024) Kat:3, Licht: 1","57497","3","2","6","11","16","2","","1","0","0","1","0"
"POINT (7.046309172000065 50.970006194000064)","Unfall 57498 (2024) Kat:3, Licht: 2","57498","3","6","2","11","18","2","","2","0","1","0","0"
"POINT (7.006865101000074 50.964339932000030)","Unfall 57499 (2024) Kat:3, Licht: 0","57499","3","1","0","11","16","2","","0","0","0","0","1"
"POINT (6.896768840000050 50.994897422000065)","Unfall 57500 (2024) Kat:3, Licht: 0","57500","3","6","2","11","16","2","","0","0","1","0","0"
"POINT (6.945890097000074 50.891156417000047)","Unfall 57501 (2024) Kat:1, Licht: 0","57501","1","6","4","11","14","2","","0","0","1","0","0"
"POINT (6.945859662000032 50.891121582000039)","Unfall 57502 (2024) Kat:3, Licht: 2","57502","3","1","8","11","07","2","","2","1","0","0","0"
"POINT (7.025000503000058 50.982166177000067)","Unfall 57503 (2024) Kat:3, Licht: 2","57503","3","7","1","11","21","2","","2","0","1","0","0"
"POINT (6.837078336000047 50.938149225000075)","Unfall 57588 (2024) Kat:3, Licht: 0","57588","3","3","5","11","09","3","","0","0","1","0","1"
"POINT (6.907566421000070 50.983906203000060)","Unfall 57619 (2024) Kat:2, Licht: 0","57619","2","6","3","11","15","1","","0","0","1","0","0"
"POINT (7.032920369000067 50.898622211000031)","Unfall 57621 (2024) Kat:3, Licht: 2","57621","3","6","2","11","23","1","","2","0","0","0","1"
"POINT (7.012398832000031 50.939589832000081)","Unfall 57623 (2024) Kat:3, Licht: 2","57623","3","2","6","11","07","3","","2","0","1","1","0"
"POINT (6.926662357000055 50.942828941000073)","Unfall 57624 (2024) Kat:3, Licht: 2","57624","3","6","2","11","17","1","","2","0","1","0","0"
"POINT (6.939236472000061 50.937790179000046)","Unfall 57626 (2024) Kat:2, Licht: 2","57626","2","5","1","11","00","1","","2","1","1","0","0"
"POINT (7.038912831000061 50.931999484000073)","Unfall 57634 (2024) Kat:3, Licht: 0","57634","3","4","6","11","11","2","","0","0","1","1","0"
"POINT (6.965852604000077 50.936470969000027)","Unfall 57652 (2024) Kat:3, Licht: 2","57652","3","6","4","11","18","7","","2","1","0","0","0"
"POINT (6.893123667000054 50.997593815000073)","Unfall 57678 (2024) Kat:3, Licht: 2","57678","3","6","2","11","17","7","","2","0","1","0","0"
"POINT (6.992919828000026 50.936823687000071)","Unfall 57680 (2024) Kat:3, Licht: 0","57680","3","6","3","11","12","7","","0","0","1","0","0"
"POINT (6.944342981000034 50.988482544000078)","Unfall 57681 (2024) Kat:2, Licht: 2","57681","2","4","6","11","18","7","","2","0","1","1","0"
"POINT (6.966958397000042 50.863319987000068)","Unfall 57682 (2024) Kat:3, Licht: 2","57682","3","3","0","11","19","7","","2","0","1","0","0"
"POINT (6.847178478000046 50.928923662000045)","Unfall 57749 (2024) Kat:3, Licht: 0","57749","3","6","3","11","10","6","","0","0","1","0","0"
"POINT (6.926724121000063 50.942581885000038)","Unfall 57753 (2024) Kat:3, Licht: 0","57753","3","6","2","11","08","3","","0","1","0","0","1"
"POINT (7.029924073000075 50.940259112000035)","Unfall 57755 (2024) Kat:3, Licht: 0","57755","3","3","5","11","11","6","","0","1","1","0","0"
"POINT (7.000973388000034 50.957104338000079)","Unfall 57756 (2024) Kat:2, Licht: 2","57756","2","3","3","11","17","6","","2","0","1","0","1"
"POINT (6.947472248000054 50.983983445000035)","Unfall 57758 (2024) Kat:2, Licht: 0","57758","2","7","0","11","13","6","","0","0","0","1","0"
"POINT (6.925867184000026 50.940384935000054)","Unfall 57760 (2024) Kat:3, Licht: 0","57760","3","1","0","11","16","6","","0","1","0","0","0"
"POINT (7.033864071000039 50.960366016000080)","Unfall 57803 (2024) Kat:3, Licht: 1","57803","3","6","2","11","17","3","","1","0","1","0","0"
"POINT (6.908077120000030 50.976324458000079)","Unfall 57842 (2024) Kat:2, Licht: 1","57842","2","6","2","11","16","3","","1","0","1","0","0"
"POINT (6.932938019000062 50.887923608000051)","Unfall 57879 (2024) Kat:3, Licht: 0","57879","3","6","2","11","07","5","","0","0","1","0","0"
"POINT (7.013566169000057 51.001598574000070)","Unfall 57881 (2024) Kat:3, Licht: 2","57881","3","6","3","11","17","5","","2","0","1","0","0"
"POINT (7.020870965000029 50.949038013000063)","Unfall 57883 (2024) Kat:3, Licht: 2","57883","3","6","2","11","17","5","","2","0","1","0","0"
"POINT (6.982750520000025 50.943970959000069)","Unfall 57884 (2024) Kat:3, Licht: 0","57884","3","6","1","11","11","5","","0","0","1","0","0"
"POINT (6.957619939000040 50.957732307000072)","Unfall 57885 (2024) Kat:3, Licht: 0","57885","3","2","4","11","08","5","","0","1","1","0","0"
"POINT (6.882644844000026 51.023387295000077)","Unfall 57886 (2024) Kat:3, Licht: 2","57886","3","5","3","11","07","5","","2","1","1","0","0"
"POINT (6.933699756000067 50.949281907000056)","Unfall 57888 (2024) Kat:3, Licht: 0","57888","3","6","2","11","08","5","","0","0","1","0","0"
"POINT (6.914524017000076 50.930057416000068)","Unfall 57889 (2024) Kat:3, Licht: 0","57889","3","5","0","11","11","5","","0","1","1","0","0"
"POINT (6.981579518000046 50.903018657000075)","Unfall 57890 (2024) Kat:2, Licht: 0","57890","2","1","0","11","10","5","","0","0","0","0","1"
"POINT (6.909725981000065 50.926725441000031)","Unfall 57891 (2024) Kat:3, Licht: 0","57891","3","1","0","11","09","5","","0","1","0","0","1"
"POINT (6.942998761000069 50.945368886000040)","Unfall 57892 (2024) Kat:3, Licht: 2","57892","3","2","3","11","19","5","","2","1","1","0","0"
"POINT (6.943536697000070 50.927763076000076)","Unfall 57893 (2024) Kat:3, Licht: 0","57893","3","2","5","11","15","5","","0","1","1","0","0"
"POINT (6.940046340000038 50.940904687000057)","Unfall 57894 (2024) Kat:3, Licht: 0","57894","3","5","1","11","08","5","","0","1","1","0","0"
"POINT (6.843623068000056 50.918745364000074)","Unfall 57988 (2024) Kat:3, Licht: 1","57988","3","6","2","11","17","3","","1","0","1","0","0"
"POINT (6.936304973000063 51.020822115000044)","Unfall 58030 (2024) Kat:2, Licht: 2","58030","2","6","2","11","19","4","","2","0","1","0","0"
"POINT (6.918016729000044 50.972461324000051)","Unfall 58031 (2024) Kat:3, Licht: 2","58031","3","5","1","11","20","1","","2","0","1","0","0"
"POINT (7.032568973000025 50.962877303000027)","Unfall 58032 (2024) Kat:2, Licht: 0","58032","2","6","2","11","16","4","","0","0","1","0","1"
"POINT (7.023806359000048 50.949855601000081)","Unfall 58035 (2024) Kat:3, Licht: 2","58035","3","6","2","11","18","4","","2","0","1","0","0"
"POINT (7.076574194000045 50.901605926000059)","Unfall 58037 (2024) Kat:3, Licht: 0","58037","3","2","5","11","14","4","","0","0","1","0","0"
"POINT (7.082190187000037 50.882186176000062)","Unfall 58038 (2024) Kat:3, Licht: 1","58038","3","3","5","11","07","4","","1","0","1","0","0"
"POINT (6.841192014000057 51.049822974000051)","Unfall 58039 (2024) Kat:3, Licht: 2","58039","3","6","2","11","18","6","","2","0","1","0","0"
"POINT (6.981838024000069 50.942952135000041)","Unfall 58040 (2024) Kat:3, Licht: 2","58040","3","5","1","11","20","4","","2","1","1","0","0"
"POINT (6.992332701000066 50.948021642000072)","Unfall 58041 (2024) Kat:3, Licht: 0","58041","3","1","7","11","08","4","","0","1","0","0","0"
"POINT (6.983354701000053 50.937325744000077)","Unfall 58042 (2024) Kat:3, Licht: 0","58042","3","2","5","11","08","4","","0","1","1","0","0"
"POINT (6.836935752000045 50.938331915000049)","Unfall 58044 (2024) Kat:3, Licht: 2","58044","3","6","3","11","21","4","","2","0","1","0","0"
"POINT (6.829668488000038 50.957715742000062)","Unfall 58045 (2024) Kat:3, Licht: 0","58045","3","3","0","11","14","4","","0","0","1","0","0"
"POINT (6.916597687000035 50.905412433000038)","Unfall 58046 (2024) Kat:2, Licht: 2","58046","2","1","0","11","22","4","","2","1","0","0","0"
"POINT (6.924812759000076 50.913346159000071)","Unfall 58048 (2024) Kat:3, Licht: 2","58048","3","2","5","11","19","4","","2","1","1","0","0"
"POINT (6.870622782000055 51.012540400000034)","Unfall 58167 (2024) Kat:3, Licht: 2","58167","3","6","2","11","17","3","","2","0","1","0","0"
"POINT (6.984108950000063 50.894144622000056)","Unfall 58168 (2024) Kat:2, Licht: 2","58168","2","6","2","11","17","3","","2","0","1","0","0"
"POINT (6.849924555000030 50.971825564000028)","Unfall 58169 (2024) Kat:3, Licht: 0","58169","3","6","2","11","14","3","","0","0","1","0","0"
"POINT (7.013118216000066 50.973998152000036)","Unfall 58171 (2024) Kat:3, Licht: 0","58171","3","3","3","11","07","3","","0","1","1","0","0"
"POINT (6.929655693000029 50.925702540000032)","Unfall 58172 (2024) Kat:3, Licht: 0","58172","3","3","5","11","07","3","","0","0","1","0","0"
"POINT (6.962643766000042 50.942965671000081)","Unfall 58173 (2024) Kat:2, Licht: 2","58173","2","4","6","11","05","3","","2","0","0","1","0"
"POINT (6.968927242000063 50.880271038000046)","Unfall 58286 (2024) Kat:3, Licht: 0","58286","3","6","2","12","07","5","","0","0","1","0","0"
"POINT (6.992948337000030 50.936848061000035)","Unfall 58290 (2024) Kat:3, Licht: 2","58290","3","2","0","12","19","5","","2","0","1","0","0"
"POINT (6.925195971000051 50.939102006000041)","Unfall 58291 (2024) Kat:3, Licht: 2","58291","3","2","5","12","07","5","","2","1","1","0","0"
"POINT (6.909278008000058 50.927965233000066)","Unfall 58292 (2024) Kat:3, Licht: 0","58292","3","2","0","12","15","5","","0","0","1","0","0"
"POINT (7.096173495000073 50.920230405000041)","Unfall 58377 (2024) Kat:3, Licht: 2","58377","3","5","1","12","17","4","","2","0","1","0","0"
"POINT (7.024009535000062 50.950116684000079)","Unfall 58378 (2024) Kat:3, Licht: 0","58378","3","6","3","12","08","4","","0","0","1","0","0"
"POINT (6.971053685000072 50.935740904000056)","Unfall 58379 (2024) Kat:3, Licht: 1","58379","3","1","0","12","09","4","","1","1","0","0","0"
"POINT (7.022317529000077 50.980126331000065)","Unfall 58380 (2024) Kat:3, Licht: 0","58380","3","1","0","12","08","4","","0","1","0","0","0"
"POINT (6.965852604000077 50.936470969000027)","Unfall 58381 (2024) Kat:3, Licht: 2","58381","3","6","2","12","17","4","","2","0","1","0","0"
"POINT (7.039677882000035 50.929730430000063)","Unfall 58440 (2024) Kat:3, Licht: 2","58440","3","4","6","12","19","3","","2","0","1","1","0"
"POINT (7.062909075000050 50.905194865000055)","Unfall 58441 (2024) Kat:3, Licht: 2","58441","3","2","4","12","07","3","","2","0","1","0","0"
"POINT (7.072325273000047 50.979341945000044)","Unfall 58442 (2024) Kat:3, Licht: 0","58442","3","2","0","12","14","3","","0","0","1","0","0"
"POINT (7.006188681000026 50.963144569000065)","Unfall 58443 (2024) Kat:3, Licht: 0","58443","3","6","2","12","11","3","","0","0","1","0","0"
"POINT (6.985208748000048 50.947433483000054)","Unfall 58444 (2024) Kat:3, Licht: 2","58444","3","6","3","12","06","3","","2","0","1","0","0"
"POINT (6.994165234000036 50.888717690000078)","Unfall 58445 (2024) Kat:2, Licht: 0","58445","2","3","5","12","14","3","","0","0","1","0","1"
"POINT (6.964967800000068 50.848116539000046)","Unfall 58447 (2024) Kat:3, Licht: 0","58447","3","6","2","12","09","3","","0","0","1","0","0"
"POINT (6.931328408000070 50.922759203000055)","Unfall 58448 (2024) Kat:3, Licht: 0","58448","3","3","5","12","08","3","","0","1","1","0","0"
"POINT (6.896572016000050 50.991868238000052)","Unfall 58526 (2024) Kat:2, Licht: 1","58526","2","1","0","12","15","2","","1","0","0","0","1"
"POINT (7.081832717000054 50.950125138000033)","Unfall 58528 (2024) Kat:3, Licht: 2","58528","3","6","2","12","18","2","","2","0","1","0","0"
"POINT (7.001757461000068 50.937789014000032)","Unfall 58529 (2024) Kat:3, Licht: 1","58529","3","4","6","12","08","2","","1","1","0","1","0"
"POINT (7.070842797000068 50.909628113000053)","Unfall 58530 (2024) Kat:3, Licht: 0","58530","3","4","6","12","12","2","","0","0","1","1","0"
"POINT (6.859039454000026 50.975609612000028)","Unfall 58531 (2024) Kat:3, Licht: 0","58531","3","2","4","12","09","2","","0","0","1","0","0"
"POINT (6.956233110000028 50.935026564000054)","Unfall 58532 (2024) Kat:2, Licht: 2","58532","2","3","6","12","17","2","","2","0","0","1","0"
"POINT (6.856254122000053 50.922185895000041)","Unfall 58606 (2024) Kat:3, Licht: 0","58606","3","6","3","12","13","1","","0","0","1","0","0"
"POINT (6.911279503000060 50.940482560000078)","Unfall 58608 (2024) Kat:3, Licht: 1","58608","3","1","0","12","15","1","","1","1","0","0","0"
"POINT (6.908620960000064 50.936912120000045)","Unfall 58609 (2024) Kat:3, Licht: 2","58609","3","4","6","12","02","1","","2","0","1","1","0"
"POINT (6.939961077000021 50.940508938000050)","Unfall 58610 (2024) Kat:3, Licht: 2","58610","3","4","6","12","03","1","","2","0","1","1","0"
"POINT (7.035870158000023 50.952347567000061)","Unfall 58664 (2024) Kat:3, Licht: 2","58664","3","6","2","12","17","7","","2","0","1","0","0"
"POINT (7.084397914000022 50.950696564000054)","Unfall 58669 (2024) Kat:3, Licht: 0","58669","3","6","2","12","12","7","","0","0","1","0","0"
"POINT (7.022462927000049 50.949482238000030)","Unfall 58670 (2024) Kat:3, Licht: 0","58670","3","6","3","12","16","7","","0","0","1","0","0"
"POINT (6.912278699000069 50.999863103000052)","Unfall 58671 (2024) Kat:3, Licht: 0","58671","3","2","5","12","11","7","","0","0","1","0","0"
"POINT (6.943983030000027 50.888939938000078)","Unfall 58672 (2024) Kat:3, Licht: 2","58672","3","7","8","12","01","7","","2","0","1","0","0"
"POINT (6.952623686000038 50.924088505000043)","Unfall 58673 (2024) Kat:3, Licht: 2","58673","3","2","5","12","16","7","","2","0","1","0","0"
"POINT (7.100555947000032 50.839655694000044)","Unfall 58719 (2024) Kat:2, Licht: 2","58719","2","1","8","12","01","1","","2","0","0","0","0"
"POINT (7.014086933000044 51.013335822000045)","Unfall 58744 (2024) Kat:3, Licht: 2","58744","3","6","2","12","16","6","","2","0","1","0","0"
"POINT (7.031454782000026 50.940127148000045)","Unfall 58747 (2024) Kat:3, Licht: 2","58747","3","1","0","12","19","6","","2","1","0","0","0"
"POINT (7.094943795000063 50.846082110000054)","Unfall 58748 (2024) Kat:3, Licht: 1","58748","3","2","5","12","16","6","","1","0","1","0","0"
"POINT (6.912504648000038 50.945026629000040)","Unfall 58749 (2024) Kat:3, Licht: 2","58749","3","3","5","12","20","6","","2","1","1","0","0"
"POINT (6.867609172000073 50.937792832000071)","Unfall 58750 (2024) Kat:3, Licht: 2","58750","3","1","0","12","21","6","","2","1","0","0","0"
"POINT (6.898385339000072 50.996018344000049)","Unfall 58768 (2024) Kat:3, Licht: 2","58768","3","3","5","12","07","4","","2","0","1","0","0"
"POINT (6.969148945000029 50.883744860000036)","Unfall 58843 (2024) Kat:3, Licht: 2","58843","3","6","1","12","18","5","","2","0","1","0","0"
"POINT (6.902785338000058 51.002111505000073)","Unfall 58844 (2024) Kat:3, Licht: 0","58844","3","6","3","12","13","5","","0","0","1","0","0"
"POINT (6.969062531000077 50.883608517000027)","Unfall 58845 (2024) Kat:2, Licht: 2","58845","2","6","1","12","06","5","","2","0","1","0","0"
"POINT (7.079317975000038 50.948747729000047)","Unfall 58848 (2024) Kat:3, Licht: 2","58848","3","6","2","12","18","5","","2","0","1","0","0"
"POINT (6.951938067000071 51.030715670000063)","Unfall 58849 (2024) Kat:3, Licht: 2","58849","3","1","8","12","00","5","","2","0","0","0","1"
"POINT (6.962200695000035 50.930127665000043)","Unfall 58850 (2024) Kat:3, Licht: 2","58850","3","6","2","12","18","5","","2","0","1","0","0"
"POINT (6.922847138000066 50.964815928000064)","Unfall 58935 (2024) Kat:3, Licht: 2","58935","3","6","2","12","18","4","","2","0","1","0","0"
"POINT (6.899592016000042 50.990565917000026)","Unfall 58936 (2024) Kat:2, Licht: 1","58936","2","6","1","12","17","4","","1","0","1","0","0"
"POINT (6.846192599000062 50.925506726000037)","Unfall 58937 (2024) Kat:3, Licht: 0","58937","3","6","2","12","08","4","","0","0","1","0","0"