WKT,Name,OBJECTID,UKATEGORIE,UTYP1,UART,UMONAT,USTUNDE,UWOCHENTAG,STRZUSTAND,ULICHTVERH,ISTRAD,ISTPKW,ISTFUSS,ISTKRAD
"POINT (7.091643544000021 50.858340965000082)","Unfall 58939 (2024) Kat:3, Licht: 1","58939","3","6","1","12","17","4","","1","0","1","0","0"
"POINT (6.994514519000063 50.949532834000081)","Unfall 58940 (2024) Kat:3, Licht: 2","58940","3","1","0","12","22","4","","2","1","0","0","0"
"POINT (6.859287282000025 51.059275503000038)","Unfall 58941 (2024) Kat:3, Licht: 2","58941","3","1","0","12","18","4","","2","0","1","0","0"
"POINT (7.076307392000047 50.919134081000038)","Unfall 59013 (2024) Kat:3, Licht: 2","59013","3","6","3","12","19","3","","2","0","1","0","0"
"POINT (7.012095973000044 51.022259837000036)","Unfall 59015 (2024) Kat:3, Licht: 2","59015","3","6","2","12","19","3","","2","0","1","0","0"
"POINT (7.096308249000060 50.844456967000042)","Unfall 59019 (2024) Kat:2, Licht: 2","59019","2","2","4","12","19","3","","2","0","1","0","0"
"POINT (7.060150670000041 50.927763612000035)","Unfall 59020 (2024) Kat:3, Licht: 2","59020","3","2","5","12","17","3","","2","0","1","0","0"
"POINT (6.915859010000077 51.000089025000079)","Unfall 59022 (2024) Kat:3, Licht: 0","59022","3","1","9","12","12","3","","0","0","1","0","0"
"POINT (6.939681532000066 50.936322284000028)","Unfall 59023 (2024) Kat:2, Licht: 2","59023","2","1","0","12","18","3","","2","1","0","0","0"
"POINT (6.952541932000031 50.924124234000033)","Unfall 59024 (2024) Kat:3, Licht: 1","59024","3","2","0","12","16","3","","1","0","1","0","0"
"POINT (6.932605425000077 50.936560806000045)","Unfall 59025 (2024) Kat:3, Licht: 0","59025","3","6","3","12","13","3","","0","1","1","0","0"
"POINT (6.959715046000042 50.929785426000080)","Unfall 59026 (2024) Kat:3, Licht: 1","59026","3","6","2","12","07","3","","1","0","1","0","0"
"POINT (7.082351078000045 50.881542812000077)","Unfall 59113 (2024) Kat:2, Licht: 1","59113","2","4","6","12","16","4","","1","0","1","1","0"
"POINT (6.915413611000076 50.949220154000045)","Unfall 59121 (2024) Kat:3, Licht: 0","59121","3","6","1","12","15","2","","0","0","1","0","0"
"POINT (6.953940087000035 50.893573439000079)","Unfall 59122 (2024) Kat:2, Licht: 2","59122","2","7","8","12","20","2","","2","0","1","0","0"
"POINT (6.938002379000068 50.882062592000068)","Unfall 59123 (2024) Kat:2, Licht: 2","59123","2","7","9","12","16","2","","2","0","1","0","0"
"POINT (6.975646769000036 50.906109344000072)","Unfall 59124 (2024) Kat:3, Licht: 0","59124","3","7","6","12","11","2","","0","1","0","1","0"
"POINT (7.030547088000048 50.968955312000048)","Unfall 59207 (2024) Kat:3, Licht: 0","59207","3","7","2","12","14","1","","0","0","1","0","0"
"POINT (6.950410719000047 50.860290838000026)","Unfall 59210 (2024) Kat:2, Licht: 2","59210","2","4","6","12","04","1","","2","0","1","1","0"
"POINT (7.049243321000063 50.920678059000068)","Unfall 59274 (2024) Kat:3, Licht: 1","59274","3","6","2","12","16","7","","1","0","1","0","0"
"POINT (7.030711489000055 50.967751551000049)","Unfall 59275 (2024) Kat:3, Licht: 0","59275","3","6","2","12","12","7","","0","0","1","0","0"
"POINT (7.033247858000038 50.938625898000055)","Unfall 59276 (2024) Kat:3, Licht: 2","59276","3","6","2","12","08","7","","2","0","1","0","0"
"POINT (7.030500503000042 50.931771724000043)","Unfall 59277 (2024) Kat:3, Licht: 2","59277","3","7","9","12","00","7","","2","0","1","0","0"
"POINT (6.985245452000072 50.944798595000066)","Unfall 59278 (2024) Kat:3, Licht: 0","59278","3","3","0","12","09","7","","0","0","1","0","1"
"POINT (6.858772066000029 50.916082411000048)","Unfall 59279 (2024) Kat:3, Licht: 0","59279","3","6","2","12","12","7","","0","0","1","0","0"
"POINT (6.989955539000050 50.896663211000032)","Unfall 59312 (2024) Kat:3, Licht: 1","59312","3","4","2","12","18","4","","1","0","1","1","1"
"POINT (6.983289303000049 50.893411849000074)","Unfall 59365 (2024) Kat:3, Licht: 2","59365","3","6","2","12","18","6","","2","0","1","0","0"
"POINT (6.843155242000023 50.926597189000063)","Unfall 59366 (2024) Kat:3, Licht: 0","59366","3","1","9","12","08","6","","0","0","1","0","0"
"POINT (7.026825328000029 50.857059811000056)","Unfall 59372 (2024) Kat:2, Licht: 2","59372","2","2","5","12","18","6","","2","0","0","0","1"
"POINT (6.983307182000033 50.937335970000049)","Unfall 59373 (2024) Kat:3, Licht: 0","59373","3","1","0","12","08","6","","0","0","0","0","0"
"POINT (7.009733652000023 50.958544466000035)","Unfall 59374 (2024) Kat:3, Licht: 0","59374","3","2","5","12","14","6","","0","1","1","0","0"
"POINT (7.078473664000057 50.983181873000035)","Unfall 59375 (2024) Kat:3, Licht: 2","59375","3","2","5","12","07","6","","2","1","1","0","0"
"POINT (7.059689962000050 50.927877155000033)","Unfall 59477 (2024) Kat:2, Licht: 2","59477","2","6","4","12","21","1","","2","0","1","0","0"
"POINT (6.938261023000052 50.952326115000062)","Unfall 59493 (2024) Kat:3, Licht: 2","59493","3","6","2","12","16","4","","2","0","1","0","0"
"POINT (7.021708590000060 50.940305300000034)","Unfall 59504 (2024) Kat:3, Licht: 2","59504","3","4","6","12","16","5","","2","0","1","1","0"
"POINT (6.900362545000064 50.937277220000055)","Unfall 59506 (2024) Kat:3, Licht: 0","59506","3","4","6","12","15","5","","0","0","1","1","0"
"POINT (6.940995705000034 50.953777351000042)","Unfall 59507 (2024) Kat:3, Licht: 1","59507","3","6","5","12","06","5","","1","1","0","0","0"
"POINT (6.912327572000038 50.923839607000048)","Unfall 59508 (2024) Kat:3, Licht: 0","59508","3","3","5","12","13","5","","0","1","1","0","0"
"POINT (6.910755082000037 50.899274332000061)","Unfall 59509 (2024) Kat:3, Licht: 0","59509","3","6","2","12","13","2","","0","0","1","0","0"
"POINT (6.963025530000039 50.933730092000076)","Unfall 59510 (2024) Kat:3, Licht: 2","59510","3","1","0","12","23","5","","2","0","0","0","0"
"POINT (6.848070173000053 50.936256088000050)","Unfall 59619 (2024) Kat:3, Licht: 2","59619","3","6","2","12","21","4","","2","0","1","0","0"
"POINT (6.899452499000063 50.990736393000077)","Unfall 59621 (2024) Kat:2, Licht: 2","59621","2","6","2","12","17","4","","2","0","1","0","0"
"POINT (6.835780946000057 51.043358505000072)","Unfall 59622 (2024) Kat:3, Licht: 2","59622","3","6","2","12","16","4","","2","0","1","0","0"
"POINT (7.080758311000068 50.899972373000026)","Unfall 59627 (2024) Kat:3, Licht: 0","59627","3","6","2","12","10","4","","0","0","1","0","0"
"POINT (7.030500503000042 50.931771724000043)","Unfall 59628 (2024) Kat:3, Licht: 0","59628","3","6","2","12","09","4","","0","0","1","0","1"
"POINT (6.915625736000038 50.970985917000064)","Unfall 59629 (2024) Kat:3, Licht: 2","59629","3","3","5","12","19","4","","2","1","1","0","0"
"POINT (6.962293469000031 50.856299995000029)","Unfall 59630 (2024) Kat:1, Licht: 2","59630","1","1","0","12","17","4","","2","1","0","0","0"
"POINT (6.914022863000071 50.902850632000082)","Unfall 59631 (2024) Kat:3, Licht: 2","59631","3","6","3","12","17","4","","2","0","1","0","1"
"POINT (6.909818206000068 50.905245589000060)","Unfall 59632 (2024) Kat:3, Licht: 0","59632","3","2","5","12","11","4","","0","0","1","0","1"
"POINT (6.970610396000041 50.915930113000059)","Unfall 59660 (2024) Kat:3, Licht: 2","59660","3","6","3","12","17","5","","2","0","1","0","1"
"POINT (6.903524337000022 50.926506119000067)","Unfall 59743 (2024) Kat:3, Licht: 0","59743","3","6","2","12","09","3","","0","0","1","0","0"
"POINT (6.912911886000074 50.936783860000048)","Unfall 59749 (2024) Kat:3, Licht: 1","59749","3","7","1","12","07","4","","1","0","1","0","0"
"POINT (7.053948174000027 50.951717895000058)","Unfall 59755 (2024) Kat:3, Licht: 2","59755","3","6","3","12","19","3","","2","0","1","0","0"
"POINT (7.039283539000053 50.945585958000038)","Unfall 59757 (2024) Kat:3, Licht: 1","59757","3","6","2","12","17","3","","1","0","1","0","0"
"POINT (7.062459916000023 50.883035459000041)","Unfall 59761 (2024) Kat:3, Licht: 2","59761","3","2","6","12","06","3","","2","0","1","1","0"
"POINT (7.070474786000034 50.978674994000073)","Unfall 59762 (2024) Kat:3, Licht: 2","59762","3","6","2","12","17","3","","2","0","1","0","0"
"POINT (6.953193255000031 50.967215049000060)","Unfall 59763 (2024) Kat:3, Licht: 0","59763","3","5","1","12","10","3","","0","1","1","0","0"
"POINT (6.916821698000035 50.950105940000071)","Unfall 59764 (2024) Kat:3, Licht: 2","59764","3","3","5","12","19","3","","2","1","1","0","0"
"POINT (6.922100631000035 50.936771479000072)","Unfall 59765 (2024) Kat:2, Licht: 2","59765","2","3","0","12","18","3","","2","1","0","0","0"
"POINT (6.916749877000029 50.950332714000069)","Unfall 59766 (2024) Kat:3, Licht: 1","59766","3","1","0","12","07","3","","1","1","0","0","0"
"POINT (6.940611436000040 50.931130566000036)","Unfall 59767 (2024) Kat:3, Licht: 2","59767","3","1","0","12","18","3","","2","1","0","0","0"
"POINT (6.973130606000041 50.846037945000035)","Unfall 59850 (2024) Kat:3, Licht: 0","59850","3","6","2","12","15","5","","0","0","1","0","0"
"POINT (6.944042733000060 51.024776162000080)","Unfall 59876 (2024) Kat:3, Licht: 0","59876","3","6","2","12","16","2","","0","0","1","0","0"
"POINT (7.092797914000073 50.887404518000039)","Unfall 59884 (2024) Kat:3, Licht: 0","59884","3","1","9","12","15","2","","0","0","1","0","0"
"POINT (7.019971773000066 50.920754362000082)","Unfall 59885 (2024) Kat:3, Licht: 0","59885","3","1","9","12","14","2","","0","0","1","0","0"
"POINT (7.105494359000033 50.914807238000037)","Unfall 59886 (2024) Kat:3, Licht: 0","59886","3","6","2","12","07","2","","0","0","1","0","0"
"POINT (7.090227413000036 50.858100354000044)","Unfall 59891 (2024) Kat:3, Licht: 2","59891","3","2","6","12","17","2","","2","0","1","1","0"
"POINT (6.980409144000021 50.941256076000059)","Unfall 59893 (2024) Kat:3, Licht: 2","59893","3","5","1","12","22","2","","2","1","1","0","0"
"POINT (7.080182473000036 50.981727237000030)","Unfall 59894 (2024) Kat:3, Licht: 2","59894","3","6","2","12","17","2","","2","0","1","0","0"
"POINT (6.947804129000076 50.982433303000050)","Unfall 59895 (2024) Kat:2, Licht: 0","59895","2","4","6","12","15","2","","0","0","1","1","0"
"POINT (6.956886853000071 50.950777511000069)","Unfall 59896 (2024) Kat:3, Licht: 2","59896","3","1","0","12","18","2","","2","1","0","0","0"
"POINT (7.014480147000029 50.963309737000031)","Unfall 59926 (2024) Kat:3, Licht: 0","59926","3","3","5","12","11","4","","0","1","1","0","0"
"POINT (6.900293138000052 50.937278745000071)","Unfall 59961 (2024) Kat:3, Licht: 0","59961","3","2","6","12","13","3","","0","0","0","1","0"
"POINT (7.000357405000045 50.937703448000036)","Unfall 60011 (2024) Kat:2, Licht: 2","60011","2","2","6","12","00","1","","2","0","1","1","0"
"POINT (6.982861781000054 50.893035301000054)","Unfall 60013 (2024) Kat:3, Licht: 0","60013","3","6","2","12","14","1","","0","0","1","0","0"
"POINT (7.015146733000051 50.985275132000027)","Unfall 60014 (2024) Kat:3, Licht: 2","60014","3","6","2","12","17","1","","2","0","1","0","0"
"POINT (6.989438200000052 50.883876767000061)","Unfall 60030 (2024) Kat:3, Licht: 2","60030","3","2","5","12","20","5","","2","0","1","0","0"
"POINT (6.927674161000027 50.959836883000037)","Unfall 60052 (2024) Kat:3, Licht: 0","60052","3","6","2","12","15","2","","0","0","1","0","0"
"POINT (6.846645974000069 50.912804719000064)","Unfall 60096 (2024) Kat:3, Licht: 0","60096","3","6","2","11","11","7","","0","0","1","0","0"
"POINT (7.012124708000044 51.022128825000038)","Unfall 60100 (2024) Kat:3, Licht: 2","60100","3","6","2","11","17","7","","2","0","1","0","0"
"POINT (7.040990845000067 50.943072186000052)","Unfall 60101 (2024) Kat:3, Licht: 0","60101","3","6","2","11","14","7","","0","0","1","0","0"
"POINT (7.065148423000039 50.914886126000056)","Unfall 60102 (2024) Kat:3, Licht: 0","60102","3","6","2","11","13","7","","0","0","1","0","0"
"POINT (7.000322018000077 50.937633655000070)","Unfall 60103 (2024) Kat:3, Licht: 2","60103","3","2","0","11","22","7","","2","1","1","0","0"
"POINT (7.101554552000039 50.896789899000055)","Unfall 60104 (2024) Kat:3, Licht: 0","60104","3","6","2","11","12","7","","0","0","1","0","0"
"POINT (6.977956078000034 50.937080320000064)","Unfall 60105 (2024) Kat:3, Licht: 0","60105","3","6","3","11","12","7","","0","0","1","0","0"
"POINT (6.840098633000025 51.045599947000028)","Unfall 60106 (2024) Kat:3, Licht: 0","60106","3","6","2","11","13","7","","0","0","1","0","0"
"POINT (6.932538341000054 50.953094746000033)","Unfall 60107 (2024) Kat:2, Licht: 2","60107","2","6","2","11","22","7","","2","0","1","0","0"
"POINT (6.918208732000039 50.931405997000070)","Unfall 60109 (2024) Kat:3, Licht: 2","60109","3","2","6","11","21","7","","2","0","1","1","0"
"POINT (6.930086526000025 50.909223995000048)","Unfall 60111 (2024) Kat:3, Licht: 0","60111","3","2","0","11","15","7","","0","1","1","0","0"
"POINT (6.951062841000066 50.948439739000037)","Unfall 60112 (2024) Kat:3, Licht: 2","60112","3","6","3","11","20","7","","2","1","1","0","0"
"POINT (6.920050701000036 50.953380499000048)","Unfall 60136 (2024) Kat:3, Licht: 2","60136","3","6","5","12","16","5","","2","0","1","0","1"
"POINT (6.969012409000072 50.879595808000033)","Unfall 60148 (2024) Kat:3, Licht: 2","60148","3","6","2","12","18","4","","2","0","1","0","0"
"POINT (6.878314813000031 51.006947086000082)","Unfall 60230 (2024) Kat:3, Licht: 0","60230","3","6","2","11","13","6","","0","0","1","0","0"
"POINT (7.035594859000071 50.955808033000039)","Unfall 60232 (2024) Kat:3, Licht: 0","60232","3","6","2","11","12","6","","0","0","1","0","0"
"POINT (7.048762236000073 50.870333512000059)","Unfall 60235 (2024) Kat:3, Licht: 0","60235","3","2","6","11","14","6","","0","0","1","1","0"
"POINT (7.010561118000055 50.947655095000073)","Unfall 60236 (2024) Kat:3, Licht: 0","60236","3","6","2","11","15","6","","0","0","1","0","0"
"POINT (7.006278138000027 50.973358475000055)","Unfall 60237 (2024) Kat:2, Licht: 2","60237","2","1","0","11","22","6","","2","1","0","0","0"
"POINT (6.981512536000025 50.937352264000026)","Unfall 60238 (2024) Kat:3, Licht: 0","60238","3","6","4","11","12","6","","0","1","0","0","0"
"POINT (6.909452980000026 50.938269600000069)","Unfall 60239 (2024) Kat:3, Licht: 0","60239","3","2","5","11","15","6","","0","1","1","0","0"
"POINT (6.855187368000031 50.951779210000041)","Unfall 60240 (2024) Kat:3, Licht: 0","60240","3","1","0","11","11","6","","0","0","0","0","1"
"POINT (6.989906127000040 50.896758709000039)","Unfall 60241 (2024) Kat:3, Licht: 2","60241","3","3","5","11","19","6","","2","1","1","0","0"
"POINT (6.935757436000074 50.878059099000041)","Unfall 60242 (2024) Kat:3, Licht: 2","60242","3","6","2","11","17","6","","2","0","1","0","1"
"POINT (6.990863442000034 50.882737985000063)","Unfall 60244 (2024) Kat:3, Licht: 0","60244","3","6","2","11","12","6","","0","0","1","0","0"
"POINT (6.963344197000026 50.936325496000052)","Unfall 60245 (2024) Kat:3, Licht: 2","60245","3","5","1","11","18","6","","2","1","1","0","0"
"POINT (6.968992913000022 50.883318092000081)","Unfall 60283 (2024) Kat:3, Licht: 2","60283","3","6","2","12","15","4","","2","0","1","0","0"
"POINT (7.008553240000026 50.912672217000079)","Unfall 60382 (2024) Kat:3, Licht: 2","60382","3","6","2","11","17","5","","2","0","1","0","0"
"POINT (6.861537327000065 50.987521193000077)","Unfall 60384 (2024) Kat:3, Licht: 0","60384","3","6","2","11","07","5","","0","0","1","0","0"
"POINT (7.059084071000029 50.908363083000040)","Unfall 60390 (2024) Kat:3, Licht: 2","60390","3","6","4","11","05","5","","2","1","0","0","0"
"POINT (7.043247172000065 51.006080687000065)","Unfall 60391 (2024) Kat:3, Licht: 2","60391","3","6","4","11","19","5","","2","1","0","0","0"
"POINT (6.953868771000032 50.963789315000042)","Unfall 60394 (2024) Kat:2, Licht: 2","60394","2","4","6","11","22","5","","2","0","0","1","1"
"POINT (6.961996630000044 50.848557951000032)","Unfall 60395 (2024) Kat:3, Licht: 0","60395","3","6","2","11","16","5","","0","0","0","0","0"
"POINT (6.941530983000064 50.929266244000075)","Unfall 60396 (2024) Kat:3, Licht: 1","60396","3","6","3","11","16","5","","1","0","1","0","0"
"POINT (6.874327428000072 50.908582182000032)","Unfall 60451 (2024) Kat:3, Licht: 0","60451","3","6","8","12","11","2","","0","0","1","0","0"
"POINT (7.067678102000059 50.921244941000054)","Unfall 60468 (2024) Kat:3, Licht: 0","60468","3","6","2","12","14","7","","0","0","1","0","0"
"POINT (6.882401102000074 51.003818066000065)","Unfall 60543 (2024) Kat:3, Licht: 0","60543","3","6","1","11","10","4","","0","0","1","0","0"
"POINT (7.034205983000049 50.958593153000038)","Unfall 60548 (2024) Kat:3, Licht: 2","60548","3","6","2","11","19","4","","2","0","1","0","0"
"POINT (7.022001274000047 50.940315167000051)","Unfall 60552 (2024) Kat:3, Licht: 2","60552","3","2","6","11","20","4","","2","0","1","1","0"
"POINT (7.022848003000036 50.933135975000027)","Unfall 60553 (2024) Kat:3, Licht: 2","60553","3","1","0","11","17","4","","2","0","0","0","0"
"POINT (7.042941282000072 50.941503452000063)","Unfall 60554 (2024) Kat:3, Licht: 0","60554","3","1","0","11","12","4","","0","1","0","0","0"
"POINT (6.862723407000033 50.973303679000026)","Unfall 60555 (2024) Kat:3, Licht: 2","60555","3","3","5","11","17","4","","2","0","1","0","0"
"POINT (6.930421005000028 50.908968953000056)","Unfall 60556 (2024) Kat:3, Licht: 0","60556","3","1","0","11","14","4","","0","1","0","0","0"
"POINT (6.934384855000076 50.922473543000081)","Unfall 60557 (2024) Kat:3, Licht: 0","60557","3","6","0","11","12","4","","0","0","1","0","1"
"POINT (6.923865607000039 50.912440662000051)","Unfall 60558 (2024) Kat:3, Licht: 0","60558","3","2","6","11","07","4","","0","0","1","1","0"
"POINT (7.000345375000052 50.937672987000042)","Unfall 60970 (2024) Kat:3, Licht: 0","60970","3","2","6","12","15","3","","0","0","1","1","0"
"POINT (6.977958631000035 50.937100448000081)","Unfall 60971 (2024) Kat:3, Licht: 2","60971","3","2","0","12","19","3","","2","0","1","0","0"
"POINT (6.835824783000021 50.938098683000078)","Unfall 60972 (2024) Kat:3, Licht: 0","60972","3","6","2","12","09","3","","0","0","1","0","0"
"POINT (6.979082211000048 50.849215054000069)","Unfall 60973 (2024) Kat:2, Licht: 0","60973","2","2","4","12","10","3","","0","0","1","0","0"
"POINT (6.955713359000072 50.928971655000055)","Unfall 60974 (2024) Kat:3, Licht: 2","60974","3","6","3","12","17","3","","2","0","1","0","0"
"POINT (6.969136899000034 50.878630390000069)","Unfall 61011 (2024) Kat:3, Licht: 2","61011","3","6","3","12","23","2","","2","0","1","0","0"
"POINT (7.051012241000024 50.874874940000041)","Unfall 61013 (2024) Kat:3, Licht: 2","61013","3","7","1","12","05","2","","2","0","1","0","0"
"POINT (6.950377350000053 50.974637911000059)","Unfall 61014 (2024) Kat:3, Licht: 1","61014","3","3","5","12","16","2","","1","1","1","0","0"
"POINT (6.844297821000055 50.917970777000050)","Unfall 61015 (2024) Kat:2, Licht: 1","61015","2","3","5","12","15","2","","1","1","1","0","0"
"POINT (6.933946489000050 51.019830123000077)","Unfall 61088 (2024) Kat:3, Licht: 0","61088","3","6","2","12","12","7","","0","0","1","0","0"
"POINT (7.013850080000054 50.953125073000081)","Unfall 61090 (2024) Kat:3, Licht: 2","61090","3","3","5","12","19","7","","2","0","1","0","0"
"POINT (6.977186713000037 50.953519640000081)","Unfall 61091 (2024) Kat:3, Licht: 0","61091","3","6","0","12","15","7","","0","0","1","0","0"
"POINT (7.004267782000056 50.962124496000058)","Unfall 61093 (2024) Kat:3, Licht: 0","61093","3","4","6","12","12","7","","0","0","0","1","0"
"POINT (6.966869319000068 50.922778294000068)","Unfall 61094 (2024) Kat:3, Licht: 2","61094","3","6","2","12","18","7","","2","0","1","0","0"
"POINT (7.012911933000055 51.018580417000067)","Unfall 61168 (2024) Kat:3, Licht: 0","61168","3","6","2","12","12","6","","0","0","1","0","0"
"POINT (7.025045259000024 50.932454742000061)","Unfall 61171 (2024) Kat:3, Licht: 0","61171","3","7","0","12","12","6","","0","1","1","1","0"
"POINT (6.999647898000035 50.986058596000078)","Unfall 61172 (2024) Kat:3, Licht: 0","61172","3","6","2","12","13","6","","0","0","1","0","0"
"POINT (6.983711945000039 50.921463660000029)","Unfall 61228 (2024) Kat:3, Licht: 2","61228","3","2","5","12","22","5","","2","0","1","0","0"
"POINT (6.930252857000028 51.018376134000050)","Unfall 61254 (2024) Kat:3, Licht: 2","61254","3","6","2","12","17","6","","2","0","1","0","0"
"POINT (7.062865515000055 50.905161887000077)","Unfall 61276 (2024) Kat:3, Licht: 0","61276","3","2","2","12","12","4","","0","0","1","0","0"
"POINT (6.858019749000050 51.070693281000047)","Unfall 61277 (2024) Kat:2, Licht: 0","61277","2","1","0","12","12","4","","0","1","0","0","0"
"POINT (7.015464761000032 50.963513285000033)","Unfall 61321 (2024) Kat:3, Licht: 0","61321","3","5","6","12","13","3","","0","0","0","1","0"
"POINT (6.943248842000060 50.953929030000040)","Unfall 61322 (2024) Kat:3, Licht: 2","61322","3","6","2","12","16","3","","2","0","1","0","0"
"POINT (6.939840310000022 50.929959056000030)","Unfall 61323 (2024) Kat:3, Licht: 0","61323","3","1","0","12","13","3","","0","0","0","0","1"
"POINT (6.968841889000032 50.878916675000028)","Unfall 61400 (2024) Kat:3, Licht: 2","61400","3","6","3","12","19","2","","2","0","1","0","0"
"POINT (7.012437781000074 50.913956966000057)","Unfall 61401 (2024) Kat:2, Licht: 0","61401","2","6","3","12","14","2","","0","0","1","0","0"
"POINT (6.957799662000070 50.957668355000067)","Unfall 61404 (2024) Kat:3, Licht: 2","61404","3","2","5","12","17","2","","2","1","1","0","0"
"POINT (6.941030283000032 50.953780739000081)","Unfall 61405 (2024) Kat:3, Licht: 0","61405","3","6","2","12","10","2","","0","0","1","0","0"
"POINT (6.961564550000048 50.950040129000058)","Unfall 61406 (2024) Kat:3, Licht: 2","61406","3","5","0","12","16","2","","2","0","1","0","1"
"POINT (6.939513889000068 50.938801781000052)","Unfall 61407 (2024) Kat:3, Licht: 0","61407","3","4","6","12","09","2","","0","0","1","1","0"
"POINT (6.867312961000039 50.917607281000073)","Unfall 61484 (2024) Kat:3, Licht: 0","61484","3","1","9","12","11","1","","0","0","1","0","0"
"POINT (6.955174216000046 50.958307329000036)","Unfall 61490 (2024) Kat:2, Licht: 2","61490","2","7","0","12","05","1","","2","0","0","1","0"
"POINT (6.936727727000061 50.906663419000040)","Unfall 61491 (2024) Kat:3, Licht: 2","61491","3","1","0","12","07","1","","2","1","0","0","0"
"POINT (6.943631404000030 50.929195011000047)","Unfall 61493 (2024) Kat:3, Licht: 0","61493","3","1","0","12","15","1","","0","0","0","0","1"
"POINT (6.920657279000068 50.967830590000062)","Unfall 61560 (2024) Kat:3, Licht: 2","61560","3","2","2","12","23","7","","2","0","1","0","0"
"POINT (7.023735175000070 50.949835819000043)","Unfall 61562 (2024) Kat:3, Licht: 2","61562","3","6","2","12","17","7","","2","0","1","0","0"
"POINT (6.953672687000051 50.964755197000045)","Unfall 61563 (2024) Kat:3, Licht: 2","61563","3","5","1","12","16","7","","2","0","1","0","1"
"POINT (6.948052149000034 50.954858092000052)","Unfall 61564 (2024) Kat:3, Licht: 2","61564","3","6","1","12","16","7","","2","0","1","0","0"
"POINT (6.943366952000076 51.024220432000050)","Unfall 61668 (2024) Kat:3, Licht: 0","61668","3","6","2","12","11","6","","0","0","1","0","0"
"POINT (7.087596622000035 50.857623054000044)","Unfall 61672 (2024) Kat:2, Licht: 2","61672","2","1","5","12","17","6","","2","0","1","0","0"
"POINT (6.857756653000024 51.045192224000061)","Unfall 61673 (2024) Kat:3, Licht: 0","61673","3","6","2","12","14","6","","0","0","1","0","0"
"POINT (6.956550383000035 50.955479474000072)","Unfall 61674 (2024) Kat:3, Licht: 0","61674","3","2","3","12","14","6","","0","1","1","0","0"
"POINT (6.972259200000053 50.957063830000038)","Unfall 61675 (2024) Kat:3, Licht: 0","61675","3","3","5","12","11","6","","0","0","1","0","0"
"POINT (6.845850541000061 50.938211993000039)","Unfall 61676 (2024) Kat:3, Licht: 2","61676","3","2","3","12","22","6","","2","0","1","0","0"
"POINT (6.930266620000054 50.936623998000073)","Unfall 61677 (2024) Kat:3, Licht: 0","61677","3","3","5","12","15","6","","0","1","1","0","0"
"POINT (6.932714913000041 50.948522465000053)","Unfall 61679 (2024) Kat:3, Licht: 0","61679","3","3","5","12","13","6","","0","1","1","0","0"
"POINT (6.872917046000055 50.907882918000041)","Unfall 61680 (2024) Kat:3, Licht: 2","61680","3","1","9","12","02","6","","2","0","1","0","0"
"POINT (6.979082211000048 50.849215054000069)","Unfall 61681 (2024) Kat:3, Licht: 2","61681","3","2","5","12","16","6","","2","0","1","0","0"
"POINT (6.951522945000022 50.924091258000033)","Unfall 61682 (2024) Kat:3, Licht: 2","61682","3","4","6","12","07","6","","2","0","1","1","0"
"POINT (6.927331614000025 50.974064140000053)","Unfall 169167 (2024) Kat:3, Licht: 2","169167","3","2","6","01","17","6","","2","0","1","1","0"
"POINT (6.859792406000054 50.941226976000053)","Unfall 169168 (2024) Kat:3, Licht: 0","169168","3","1","4","01","08","6","","0","0","1","0","0"
"POINT (6.923112238000044 50.916451626000025)","Unfall 169169 (2024) Kat:2, Licht: 2","169169","2","2","5","01","17","6","","2","0","1","0","0"
"POINT (6.959619780000025 50.922105583000075)","Unfall 169170 (2024) Kat:3, Licht: 2","169170","3","7","6","01","21","6","","2","0","1","1","0"
"POINT (6.949747613000056 50.918959111000049)","Unfall 169171 (2024) Kat:3, Licht: 0","169171","3","2","0","01","15","6","","0","1","1","0","0"
"POINT (7.000631333000058 50.928782141000056)","Unfall 169201 (2024) Kat:3, Licht: 2","169201","3","5","1","01","07","5","","2","0","1","0","0"
"POINT (7.088878685000054 50.862705582000046)","Unfall 169236 (2024) Kat:3, Licht: 2","169236","3","4","6","01","21","4","","2","0","1","1","0"
"POINT (7.023422651000033 50.961758401000054)","Unfall 169237 (2024) Kat:3, Licht: 1","169237","3","4","6","01","17","4","","1","0","1","1","0"
"POINT (6.881653245000052 51.018014746000063)","Unfall 169238 (2024) Kat:2, Licht: 0","169238","2","6","4","01","14","4","","0","0","1","0","0"
"POINT (6.853003476000026 50.975143341000035)","Unfall 169239 (2024) Kat:3, Licht: 0","169239","3","6","4","01","14","4","","0","0","1","0","0"
"POINT (6.902572264000071 50.918663278000054)","Unfall 169240 (2024) Kat:3, Licht: 0","169240","3","6","2","01","15","4","","0","0","1","0","0"
"POINT (6.941398945000060 50.921465795000074)","Unfall 169242 (2024) Kat:3, Licht: 0","169242","3","2","2","01","08","4","","0","1","1","0","0"
"POINT (7.010680149000052 50.871598058000075)","Unfall 169243 (2024) Kat:3, Licht: 0","169243","3","3","5","01","08","4","","0","1","1","0","0"
"POINT (6.932739301000026 50.913770023000041)","Unfall 169244 (2024) Kat:3, Licht: 0","169244","3","3","5","01","13","4","","0","1","1","0","0"
"POINT (6.956230673000050 50.934315661000028)","Unfall 169245 (2024) Kat:3, Licht: 0","169245","3","3","5","01","10","4","","0","1","0","0","0"