WKT,Name,OBJECTID,UKATEGORIE,UTYP1,UART,UMONAT,USTUNDE,UWOCHENTAG,STRZUSTAND,ULICHTVERH,ISTRAD,ISTPKW,ISTFUSS,ISTKRAD
"POINT (6.979432751000047 50.928032057000053)","Unfall 169287 (2024) Kat:3, Licht: 0","169287","3","6","0","01","14","3","","0","1","0","0","0"
"POINT (6.921029202000057 50.919590323000079)","Unfall 169288 (2024) Kat:3, Licht: 2","169288","3","1","1","01","22","3","","2","0","1","0","0"
"POINT (6.966942715000073 50.863317091000056)","Unfall 169289 (2024) Kat:3, Licht: 2","169289","3","3","5","01","18","3","","2","0","1","0","1"
"POINT (7.089268474000050 50.882961387000080)","Unfall 169332 (2024) Kat:3, Licht: 0","169332","3","3","5","01","10","2","","0","1","1","0","0"
"POINT (6.943801191000034 50.900885781000056)","Unfall 169333 (2024) Kat:3, Licht: 2","169333","3","4","7","01","07","2","","2","0","1","1","0"
"POINT (6.954149240000049 50.931705290000082)","Unfall 169334 (2024) Kat:3, Licht: 0","169334","3","6","2","01","15","2","","0","0","1","0","0"
"POINT (6.910677024000051 50.965237862000038)","Unfall 169346 (2024) Kat:2, Licht: 2","169346","2","7","0","01","06","5","","2","0","1","0","0"
"POINT (7.047129829000028 50.929865503000030)","Unfall 169359 (2024) Kat:3, Licht: 2","169359","3","3","0","01","00","1","","2","0","1","0","0"
"POINT (6.898019287000068 50.969173048000073)","Unfall 169360 (2024) Kat:3, Licht: 2","169360","3","1","0","01","18","1","","2","0","1","0","0"
"POINT (6.918661177000047 50.921204345000035)","Unfall 169361 (2024) Kat:3, Licht: 2","169361","3","2","6","01","05","1","","2","0","1","1","0"
"POINT (6.956673438000053 50.910717097000031)","Unfall 169362 (2024) Kat:3, Licht: 2","169362","3","7","9","01","21","1","","2","0","0","0","0"
"POINT (7.002275339000050 50.928184339000040)","Unfall 169428 (2024) Kat:3, Licht: 0","169428","3","3","5","01","13","6","","0","1","1","0","0"
"POINT (7.043666927000061 50.992870976000063)","Unfall 169429 (2024) Kat:3, Licht: 1","169429","3","3","5","01","16","6","","1","0","1","0","0"
"POINT (6.958058962000052 50.959983435000026)","Unfall 169430 (2024) Kat:3, Licht: 2","169430","3","2","6","01","20","6","","2","0","1","1","0"
"POINT (6.921073048000039 50.950704746000042)","Unfall 169431 (2024) Kat:3, Licht: 0","169431","3","3","5","01","16","6","","0","1","1","0","0"
"POINT (6.930741340000054 50.949328656000034)","Unfall 169432 (2024) Kat:3, Licht: 0","169432","3","4","6","01","15","6","","0","0","1","1","0"
"POINT (6.916060492000042 50.968551040000079)","Unfall 169433 (2024) Kat:2, Licht: 2","169433","2","3","5","01","07","6","","2","0","1","0","0"
"POINT (6.919043201000022 50.921307776000049)","Unfall 169434 (2024) Kat:3, Licht: 0","169434","3","1","1","01","12","6","","0","1","1","0","0"
"POINT (7.019575662000022 50.957703909000031)","Unfall 169505 (2024) Kat:3, Licht: 2","169505","3","2","6","01","17","5","","2","0","1","1","0"
"POINT (6.954144448000022 50.974326565000069)","Unfall 169506 (2024) Kat:2, Licht: 1","169506","2","4","6","01","08","5","","1","0","1","1","0"
"POINT (6.862304204000054 50.940711691000047)","Unfall 169507 (2024) Kat:3, Licht: 0","169507","3","6","3","01","12","5","","0","1","1","0","0"
"POINT (6.913757106000048 50.907616893000068)","Unfall 169508 (2024) Kat:3, Licht: 2","169508","3","6","4","01","05","5","","2","0","1","0","1"
"POINT (6.904344495000032 50.919544265000070)","Unfall 169511 (2024) Kat:3, Licht: 2","169511","3","4","6","01","19","5","","2","0","1","1","0"
"POINT (7.009903430000065 50.966609289000075)","Unfall 169519 (2024) Kat:3, Licht: 2","169519","3","1","0","01","06","3","","2","1","0","0","0"
"POINT (6.896240195000075 51.025819066000054)","Unfall 169555 (2024) Kat:2, Licht: 0","169555","2","6","6","01","14","4","","0","1","0","1","0"
"POINT (6.962708559000021 50.910989751000045)","Unfall 169556 (2024) Kat:3, Licht: 0","169556","3","1","0","01","09","4","","0","1","0","0","0"
"POINT (6.900066757000047 50.917010927000035)","Unfall 169557 (2024) Kat:3, Licht: 0","169557","3","3","5","01","07","4","","0","1","1","0","0"
"POINT (6.960376348000068 50.918552036000051)","Unfall 169558 (2024) Kat:3, Licht: 1","169558","3","3","5","01","16","4","","1","1","1","0","0"
"POINT (7.066079093000042 50.897013320000042)","Unfall 169588 (2024) Kat:3, Licht: 0","169588","3","2","5","01","08","3","","0","1","1","0","0"
"POINT (7.004870754000024 50.952057583000055)","Unfall 169589 (2024) Kat:3, Licht: 0","169589","3","1","8","01","09","3","","0","0","0","0","0"
"POINT (7.005007571000021 50.951088531000039)","Unfall 169590 (2024) Kat:3, Licht: 2","169590","3","2","6","01","07","3","","2","0","1","1","0"
"POINT (6.927774249000038 51.026928743000042)","Unfall 169591 (2024) Kat:3, Licht: 0","169591","3","3","5","01","15","3","","0","0","1","0","0"
"POINT (7.071606258000031 50.908457083000030)","Unfall 169635 (2024) Kat:3, Licht: 1","169635","3","3","5","01","16","2","","1","0","1","0","0"
"POINT (6.959824785000023 50.974729802000070)","Unfall 169636 (2024) Kat:3, Licht: 0","169636","3","3","5","01","08","2","","0","1","1","0","0"
"POINT (6.892758224000033 51.032106824000039)","Unfall 169637 (2024) Kat:3, Licht: 2","169637","3","2","5","01","22","2","","2","0","1","0","0"
"POINT (6.956495999000026 50.937751624000043)","Unfall 169638 (2024) Kat:3, Licht: 0","169638","3","7","1","01","10","2","","0","1","1","0","0"
"POINT (6.954324440000050 50.938228629000037)","Unfall 169639 (2024) Kat:3, Licht: 0","169639","3","5","1","01","08","2","","0","0","1","0","0"
"POINT (7.021052075000057 50.938135488000057)","Unfall 169673 (2024) Kat:2, Licht: 2","169673","2","4","6","01","20","1","","2","0","1","1","0"
"POINT (6.941100225000071 50.936826288000077)","Unfall 169691 (2024) Kat:3, Licht: 0","169691","3","7","0","01","11","7","","0","1","0","1","0"
"POINT (7.060905973000047 50.929000854000037)","Unfall 169710 (2024) Kat:2, Licht: 0","169710","2","3","5","01","15","6","","0","1","1","0","0"
"POINT (7.010152486000038 50.971496768000065)","Unfall 169711 (2024) Kat:3, Licht: 2","169711","3","3","0","01","21","6","","2","0","1","0","0"
"POINT (6.891332504000047 51.012871377000067)","Unfall 169712 (2024) Kat:3, Licht: 0","169712","3","3","5","01","08","6","","0","0","1","0","1"
"POINT (6.925826217000065 50.951413114000047)","Unfall 169713 (2024) Kat:3, Licht: 0","169713","3","5","1","01","14","6","","0","0","1","0","0"
"POINT (6.934058705000041 50.940803605000042)","Unfall 169714 (2024) Kat:3, Licht: 2","169714","3","4","6","01","18","6","","2","1","0","1","0"
"POINT (6.955474006000031 50.868724635000035)","Unfall 169802 (2024) Kat:3, Licht: 2","169802","3","2","6","01","18","4","","2","0","1","1","0"
"POINT (6.918012565000026 50.928655800000058)","Unfall 169804 (2024) Kat:3, Licht: 0","169804","3","3","5","01","08","4","","0","0","1","0","0"
"POINT (6.924512346000029 50.952443856000059)","Unfall 169837 (2024) Kat:3, Licht: 0","169837","3","1","0","01","16","6","","0","1","0","0","0"
"POINT (6.965830873000073 50.910945184000070)","Unfall 169841 (2024) Kat:3, Licht: 0","169841","3","5","1","01","12","3","","0","1","1","0","0"
"POINT (6.991467313000044 50.869114531000037)","Unfall 169843 (2024) Kat:3, Licht: 0","169843","3","3","5","01","11","3","","0","0","1","0","0"
"POINT (6.950067659000069 50.937257811000052)","Unfall 169844 (2024) Kat:3, Licht: 1","169844","3","5","4","01","16","3","","1","1","1","0","0"
"POINT (7.044230562000052 50.971962834000067)","Unfall 169887 (2024) Kat:3, Licht: 0","169887","3","3","5","01","13","2","","0","0","1","0","0"
"POINT (6.916593752000040 50.968909053000061)","Unfall 169888 (2024) Kat:3, Licht: 0","169888","3","2","3","01","13","2","","0","0","1","0","0"
"POINT (6.940794387000039 50.912878074000048)","Unfall 169889 (2024) Kat:3, Licht: 2","169889","3","1","0","01","02","2","","2","0","0","0","0"
"POINT (6.934140727000056 50.928312082000048)","Unfall 169890 (2024) Kat:3, Licht: 2","169890","3","7","6","01","00","2","","2","0","1","1","0"
"POINT (6.954126248000023 50.931693789000064)","Unfall 169891 (2024) Kat:2, Licht: 2","169891","2","3","5","01","03","2","","2","0","1","0","0"
"POINT (6.950270303000025 50.949186090000069)","Unfall 169893 (2024) Kat:3, Licht: 2","169893","3","6","4","01","03","2","","2","1","0","0","0"
"POINT (6.911159657000042 50.966347365000047)","Unfall 169914 (2024) Kat:3, Licht: 2","169914","3","3","5","01","21","7","","2","0","1","0","0"
"POINT (6.923819301000037 50.944286251000051)","Unfall 170175 (2024) Kat:2, Licht: 2","170175","2","3","5","01","17","6","","2","1","1","0","0"
"POINT (6.916355435000071 50.961233217000029)","Unfall 170226 (2024) Kat:2, Licht: 0","170226","2","3","5","01","08","5","","0","0","1","0","1"
"POINT (7.089369441000031 50.950220270000045)","Unfall 170301 (2024) Kat:3, Licht: 0","170301","3","4","6","02","16","1","","0","0","1","1","0"
"POINT (6.895017193000058 50.965096698000082)","Unfall 170302 (2024) Kat:2, Licht: 0","170302","2","7","6","02","15","1","","0","0","0","1","0"
"POINT (6.916705569000044 50.928292557000077)","Unfall 170303 (2024) Kat:3, Licht: 2","170303","3","5","1","02","19","1","","2","1","1","0","0"
"POINT (6.969353357000045 50.872792947000050)","Unfall 170304 (2024) Kat:3, Licht: 0","170304","3","1","0","02","13","1","","0","1","0","0","0"
"POINT (7.053711216000067 50.892179091000060)","Unfall 170324 (2024) Kat:3, Licht: 0","170324","3","3","1","02","14","7","","0","0","1","0","0"
"POINT (6.973850804000051 50.924833352000064)","Unfall 170325 (2024) Kat:3, Licht: 0","170325","3","7","0","02","11","7","","0","1","0","0","0"
"POINT (6.932920734000049 50.931721125000081)","Unfall 170326 (2024) Kat:3, Licht: 2","170326","3","7","0","02","23","7","","2","0","1","1","0"
"POINT (6.959854044000053 50.939294975000053)","Unfall 170327 (2024) Kat:3, Licht: 2","170327","3","4","6","02","21","7","","2","0","1","1","0"
"POINT (6.926968877000036 50.924060825000026)","Unfall 170366 (2024) Kat:3, Licht: 0","170366","3","6","3","02","13","6","","0","1","1","0","0"
"POINT (6.941142793000040 50.940329900000052)","Unfall 170367 (2024) Kat:3, Licht: 2","170367","3","6","3","02","03","6","","2","0","1","0","0"
"POINT (6.874667157000033 50.996832711000081)","Unfall 170413 (2024) Kat:3, Licht: 0","170413","3","6","4","02","15","5","","0","0","1","0","0"
"POINT (6.930916232000072 50.940752114000077)","Unfall 170414 (2024) Kat:3, Licht: 1","170414","3","1","0","02","19","5","","1","0","0","0","0"
"POINT (6.921605677000059 50.948044892000041)","Unfall 170415 (2024) Kat:3, Licht: 0","170415","3","1","0","02","15","5","","0","0","0","0","0"
"POINT (6.943661121000048 50.916121946000032)","Unfall 170416 (2024) Kat:3, Licht: 2","170416","3","5","1","02","23","5","","2","0","1","0","0"
"POINT (6.959186466000062 50.905634323000072)","Unfall 170417 (2024) Kat:2, Licht: 0","170417","2","7","6","02","11","5","","0","0","0","1","0"
"POINT (6.954456335000032 50.942590083000027)","Unfall 170418 (2024) Kat:3, Licht: 2","170418","3","6","2","02","17","5","","2","1","1","0","0"
"POINT (6.961779897000042 50.943308707000028)","Unfall 170419 (2024) Kat:3, Licht: 0","170419","3","3","0","02","15","5","","0","0","1","0","0"
"POINT (6.953139804000045 50.938341147000074)","Unfall 170420 (2024) Kat:3, Licht: 0","170420","3","3","5","02","09","5","","0","0","1","0","0"
"POINT (6.957348110000055 50.928975847000061)","Unfall 170421 (2024) Kat:3, Licht: 0","170421","3","3","5","02","09","5","","0","1","0","0","0"
"POINT (7.080263869000021 50.882657980000033)","Unfall 170471 (2024) Kat:3, Licht: 2","170471","3","2","6","02","07","4","","2","0","1","1","0"
"POINT (7.025331965000021 50.984976373000052)","Unfall 170472 (2024) Kat:3, Licht: 2","170472","3","1","7","02","20","4","","2","1","0","0","0"
"POINT (6.932710507000024 50.944707262000065)","Unfall 170473 (2024) Kat:3, Licht: 2","170473","3","1","9","02","01","4","","2","0","1","0","0"
"POINT (6.934985331000064 50.927817027000060)","Unfall 170474 (2024) Kat:3, Licht: 0","170474","3","1","0","02","12","4","","0","1","0","0","0"
"POINT (6.953775775000054 50.900330014000076)","Unfall 170475 (2024) Kat:3, Licht: 0","170475","3","2","6","02","12","4","","0","0","1","1","0"
"POINT (6.939507400000025 50.929643147000036)","Unfall 170476 (2024) Kat:2, Licht: 2","170476","2","1","0","02","00","4","","2","1","0","0","0"
"POINT (6.999690200000032 50.926246177000053)","Unfall 170520 (2024) Kat:3, Licht: 1","170520","3","1","0","02","17","3","","1","0","0","0","0"
"POINT (6.940905548000046 50.912031161000073)","Unfall 170521 (2024) Kat:3, Licht: 0","170521","3","5","1","02","12","3","","0","1","1","0","0"
"POINT (6.952203096000062 50.939759486000071)","Unfall 170522 (2024) Kat:3, Licht: 0","170522","3","5","0","02","10","3","","0","0","1","0","0"
"POINT (6.951045857000054 50.921082743000056)","Unfall 170523 (2024) Kat:3, Licht: 0","170523","3","6","2","02","08","3","","0","0","1","0","0"
"POINT (6.922563167000021 50.962577042000078)","Unfall 170558 (2024) Kat:2, Licht: 0","170558","2","1","0","02","14","2","","0","1","0","0","0"
"POINT (6.912821599000040 50.920773033000046)","Unfall 170559 (2024) Kat:3, Licht: 0","170559","3","6","3","02","15","2","","0","1","0","0","0"
"POINT (6.937245389000054 50.918759780000073)","Unfall 170560 (2024) Kat:2, Licht: 0","170560","2","3","5","02","14","2","","0","0","1","0","0"
"POINT (7.002673062000042 50.950458034000064)","Unfall 170594 (2024) Kat:3, Licht: 2","170594","3","1","7","02","04","1","","2","0","1","0","0"
"POINT (6.978092224000022 50.934144979000052)","Unfall 170595 (2024) Kat:2, Licht: 2","170595","2","4","6","02","01","1","","2","0","1","1","0"
"POINT (6.958274460000041 50.858527721000030)","Unfall 170596 (2024) Kat:2, Licht: 0","170596","2","5","1","02","12","1","","0","1","1","0","0"
"POINT (7.005001940000056 50.868158695000034)","Unfall 170597 (2024) Kat:3, Licht: 0","170597","3","3","5","02","11","1","","0","0","1","0","1"
"POINT (7.011344328000064 50.926628542000060)","Unfall 170625 (2024) Kat:3, Licht: 0","170625","3","2","5","02","16","7","","0","1","1","0","0"
"POINT (7.007735468000021 50.961904858000025)","Unfall 170626 (2024) Kat:3, Licht: 0","170626","3","5","1","02","12","7","","0","1","1","0","0"
"POINT (6.995578378000062 50.959057791000077)","Unfall 170627 (2024) Kat:3, Licht: 0","170627","3","6","2","02","16","7","","0","1","1","0","0"
"POINT (6.985957449000068 50.969668044000059)","Unfall 170628 (2024) Kat:3, Licht: 0","170628","3","1","0","02","14","7","","0","1","0","0","0"
"POINT (6.905887198000073 51.011720339000078)","Unfall 170629 (2024) Kat:3, Licht: 0","170629","3","3","5","02","11","7","","0","1","1","0","0"
"POINT (6.919691904000047 50.921524078000061)","Unfall 170630 (2024) Kat:3, Licht: 2","170630","3","1","0","02","01","7","","2","1","0","0","0"
"POINT (6.942848833000028 50.946482463000052)","Unfall 170631 (2024) Kat:3, Licht: 2","170631","3","3","1","02","21","7","","2","1","1","0","0"
"POINT (7.073556742000051 50.882451158000038)","Unfall 170662 (2024) Kat:3, Licht: 1","170662","3","1","0","02","07","6","","1","0","0","0","0"
"POINT (7.001631513000063 50.955657294000048)","Unfall 170663 (2024) Kat:3, Licht: 0","170663","3","3","5","02","13","6","","0","1","1","0","0"
"POINT (7.040306536000060 50.983370523000076)","Unfall 170664 (2024) Kat:3, Licht: 0","170664","3","3","5","02","16","6","","0","0","1","0","0"
"POINT (6.927723466000032 51.026940938000052)","Unfall 170665 (2024) Kat:3, Licht: 0","170665","3","3","5","02","14","6","","0","0","1","0","0"
"POINT (6.967961117000073 50.981937191000043)","Unfall 170666 (2024) Kat:2, Licht: 0","170666","2","6","2","02","10","6","","0","0","1","0","0"
"POINT (6.918115095000076 50.954984403000026)","Unfall 170667 (2024) Kat:3, Licht: 0","170667","3","5","1","02","11","6","","0","1","1","1","0"
"POINT (6.923008139000046 50.930565066000042)","Unfall 170668 (2024) Kat:3, Licht: 0","170668","3","6","0","02","08","6","","0","0","1","0","0"
"POINT (6.948796638000033 50.933822721000070)","Unfall 170669 (2024) Kat:3, Licht: 2","170669","3","3","3","02","18","6","","2","1","1","0","0"
"POINT (6.952733686000045 50.941644028000042)","Unfall 170670 (2024) Kat:3, Licht: 0","170670","3","7","6","02","13","6","","0","0","0","1","0"
"POINT (6.957792652000023 50.927335703000040)","Unfall 170671 (2024) Kat:3, Licht: 0","170671","3","7","4","02","11","6","","0","1","1","0","0"
"POINT (7.003428416000077 50.962909230000037)","Unfall 170711 (2024) Kat:3, Licht: 0","170711","3","3","0","02","18","5","","0","0","1","0","0"
"POINT (6.893856772000049 50.950801011000067)","Unfall 170712 (2024) Kat:3, Licht: 0","170712","3","1","8","02","13","5","","0","0","0","0","0"
"POINT (6.971285812000076 50.905082615000026)","Unfall 170713 (2024) Kat:3, Licht: 0","170713","3","7","0","02","16","5","","0","1","1","0","0"
"POINT (6.928087301000062 50.923604827000077)","Unfall 170714 (2024) Kat:3, Licht: 0","170714","3","1","0","02","15","5","","0","1","0","0","0"
"POINT (6.934879633000037 50.929808256000058)","Unfall 170715 (2024) Kat:3, Licht: 0","170715","3","6","2","02","10","5","","0","0","1","0","1"
"POINT (6.920535040000061 50.953659983000080)","Unfall 170736 (2024) Kat:3, Licht: 0","170736","3","1","8","02","12","5","","0","1","0","0","0"
"POINT (7.006597283000076 50.940466144000027)","Unfall 170781 (2024) Kat:3, Licht: 0","170781","3","6","1","01","10","4","","0","0","1","0","1"
"POINT (6.913241275000075 51.038275754000040)","Unfall 170782 (2024) Kat:3, Licht: 0","170782","3","7","8","01","15","4","","0","0","1","0","0"
"POINT (6.898302544000046 50.966102861000081)","Unfall 170783 (2024) Kat:3, Licht: 0","170783","3","7","4","01","14","4","","0","0","1","0","0"
"POINT (6.925185043000056 50.910301818000050)","Unfall 170784 (2024) Kat:3, Licht: 2","170784","3","2","6","01","22","4","","2","0","1","1","0"
"POINT (6.945761955000023 50.910314210000081)","Unfall 170785 (2024) Kat:2, Licht: 0","170785","2","4","6","01","14","4","","0","1","0","1","0"
"POINT (6.961419409000030 50.914781506000054)","Unfall 170786 (2024) Kat:3, Licht: 0","170786","3","1","0","01","11","4","","0","1","0","0","0"
"POINT (6.939127862000021 50.905047102000026)","Unfall 170787 (2024) Kat:3, Licht: 0","170787","3","3","5","01","07","4","","0","1","1","0","0"
"POINT (6.945434787000067 50.933526243000074)","Unfall 170788 (2024) Kat:3, Licht: 0","170788","3","3","5","01","11","4","","0","1","1","0","0"
"POINT (6.938878734000070 50.930056113000035)","Unfall 170789 (2024) Kat:3, Licht: 0","170789","3","1","0","01","10","4","","0","1","0","0","0"
"POINT (7.007020644000022 50.966685353000059)","Unfall 170829 (2024) Kat:3, Licht: 2","170829","3","3","5","01","21","3","","2","0","1","0","0"
"POINT (6.971168187000046 50.938533338000070)","Unfall 170831 (2024) Kat:3, Licht: 0","170831","3","3","5","01","14","3","","0","0","1","0","0"
"POINT (6.957910966000043 50.959001107000063)","Unfall 170832 (2024) Kat:3, Licht: 1","170832","3","3","5","01","08","3","","1","1","0","0","0"
"POINT (6.967255501000068 50.955940819000034)","Unfall 170833 (2024) Kat:3, Licht: 0","170833","3","3","5","01","12","3","","0","0","1","0","1"
"POINT (7.021227991000046 50.930316829000049)","Unfall 170868 (2024) Kat:2, Licht: 0","170868","2","3","5","01","15","2","","0","1","1","0","0"
"POINT (7.058762290000061 50.931776893000063)","Unfall 170870 (2024) Kat:3, Licht: 0","170870","3","6","6","01","10","2","","0","0","1","1","0"
"POINT (6.953359893000027 50.940216848000034)","Unfall 170871 (2024) Kat:2, Licht: 2","170871","2","4","6","02","18","4","","2","0","1","1","0"
"POINT (6.977354845000036 50.936948089000055)","Unfall 170872 (2024) Kat:3, Licht: 0","170872","3","1","0","01","10","2","","0","1","0","0","0"
"POINT (6.948510639000062 50.933772788000056)","Unfall 170873 (2024) Kat:3, Licht: 2","170873","3","3","0","01","19","2","","2","1","1","0","0"
"POINT (7.006634088000055 50.947717202000035)","Unfall 170907 (2024) Kat:3, Licht: 2","170907","3","1","0","01","19","1","","2","0","0","0","0"
"POINT (7.010033296000074 50.971338970000033)","Unfall 170908 (2024) Kat:2, Licht: 2","170908","2","4","6","01","00","1","","2","0","1","1","0"
"POINT (6.933446664000030 50.951681676000078)","Unfall 170909 (2024) Kat:3, Licht: 1","170909","3","6","3","01","17","1","","1","1","1","0","0"
"POINT (7.057385689000057 50.888915009000073)","Unfall 170953 (2024) Kat:3, Licht: 2","170953","3","4","6","01","18","7","","2","0","1","1","0"
"POINT (6.889748878000034 51.025595824000050)","Unfall 170954 (2024) Kat:3, Licht: 0","170954","3","2","6","01","12","7","","0","0","1","1","0"
"POINT (6.896504563000065 51.019914189000076)","Unfall 170955 (2024) Kat:3, Licht: 0","170955","3","3","5","01","10","7","","0","1","1","0","0"
"POINT (6.936330228000031 50.937470631000053)","Unfall 171011 (2024) Kat:3, Licht: 2","171011","3","5","4","01","19","6","","2","1","1","0","0"
"POINT (6.953014016000054 50.938388267000050)","Unfall 171012 (2024) Kat:3, Licht: 0","171012","3","2","2","01","09","6","","0","0","1","0","0"
"POINT (6.882800870000040 51.018427990000077)","Unfall 171045 (2024) Kat:3, Licht: 2","171045","3","1","0","02","19","6","","2","1","0","0","0"
"POINT (7.034704743000020 50.956359363000047)","Unfall 171070 (2024) Kat:3, Licht: 0","171070","3","6","3","01","13","5","","0","0","1","0","0"
"POINT (7.063063593000038 50.893049256000040)","Unfall 171071 (2024) Kat:3, Licht: 0","171071","3","6","2","01","15","5","","0","0","1","0","0"
"POINT (6.989307030000020 50.967146180000043)","Unfall 171072 (2024) Kat:3, Licht: 2","171072","3","4","6","01","05","5","","2","1","0","1","0"
"POINT (6.893628882000030 50.977625098000033)","Unfall 171073 (2024) Kat:2, Licht: 2","171073","2","2","1","01","19","5","","2","0","1","0","0"
"POINT (6.906993598000042 50.958922523000069)","Unfall 171074 (2024) Kat:3, Licht: 2","171074","3","5","1","01","19","5","","2","1","1","0","0"
"POINT (6.870511731000022 50.984062686000073)","Unfall 171075 (2024) Kat:3, Licht: 0","171075","3","3","4","01","16","5","","0","0","1","0","0"
"POINT (6.964812036000069 50.902968435000048)","Unfall 171076 (2024) Kat:3, Licht: 0","171076","3","6","3","01","14","5","","0","0","0","0","0"
"POINT (6.953844302000050 50.944871506000027)","Unfall 171077 (2024) Kat:3, Licht: 0","171077","3","2","2","01","12","5","","0","0","1","0","0"
"POINT (6.914628080000057 50.951103305000061)","Unfall 171085 (2024) Kat:2, Licht: 2","171085","2","1","0","02","01","7","","2","0","1","0","0"
"POINT (6.960407642000064 50.918352173000073)","Unfall 171093 (2024) Kat:3, Licht: 0","171093","3","3","5","01","08","4","","0","1","1","0","0"
"POINT (6.951140829000053 50.955688442000053)","Unfall 171096 (2024) Kat:3, Licht: 0","171096","3","5","1","01","07","3","","0","1","1","0","0"
"POINT (6.969627391000074 50.974424757000065)","Unfall 171119 (2024) Kat:3, Licht: 2","171119","3","3","5","01","07","4","","2","0","1","0","1"
"POINT (6.935614725000050 50.956787714000029)","Unfall 171120 (2024) Kat:3, Licht: 0","171120","3","1","1","01","14","4","","0","0","1","0","0"
"POINT (6.926356145000057 50.954331802000070)","Unfall 171121 (2024) Kat:3, Licht: 0","171121","3","5","1","01","11","4","","0","0","0","0","0"
"POINT (6.958751230000075 50.906110832000081)","Unfall 171122 (2024) Kat:3, Licht: 0","171122","3","2","3","01","15","4","","0","0","1","0","0"
"POINT (6.928952337000055 50.924685222000051)","Unfall 171123 (2024) Kat:3, Licht: 0","171123","3","1","0","01","12","4","","0","1","0","0","0"
"POINT (7.001003138000044 50.933836568000061)","Unfall 171182 (2024) Kat:3, Licht: 1","171182","3","4","6","01","15","3","","1","0","0","1","0"
"POINT (7.057756971000060 50.885568112000044)","Unfall 171184 (2024) Kat:3, Licht: 0","171184","3","6","0","01","11","3","","0","1","0","0","0"
"POINT (6.939215115000025 50.958129530000065)","Unfall 171185 (2024) Kat:3, Licht: 2","171185","3","3","5","01","18","3","","2","1","0","0","0"
"POINT (6.898820413000067 51.019886914000040)","Unfall 171186 (2024) Kat:2, Licht: 2","171186","2","4","6","01","17","3","","2","0","1","1","0"
"POINT (6.898374441000044 50.943629960000067)","Unfall 171187 (2024) Kat:3, Licht: 0","171187","3","5","0","01","10","3","","0","1","1","0","0"
"POINT (6.947635154000068 50.937701209000068)","Unfall 171188 (2024) Kat:3, Licht: 0","171188","3","2","6","01","13","3","","0","0","1","1","0"
"POINT (6.951065904000075 50.926961668000047)","Unfall 171189 (2024) Kat:3, Licht: 0","171189","3","1","0","01","08","3","","0","0","0","0","1"
"POINT (6.975301281000043 50.937551919000043)","Unfall 171265 (2024) Kat:3, Licht: 2","171265","3","1","0","01","21","2","","2","1","0","0","0"
"POINT (6.968613027000060 50.963481858000080)","Unfall 171266 (2024) Kat:3, Licht: 1","171266","3","5","0","01","16","2","","1","1","1","0","0"
"POINT (6.949742579000031 50.955550135000067)","Unfall 171267 (2024) Kat:3, Licht: 0","171267","3","3","5","01","12","2","","0","0","1","0","0"
"POINT (6.956511869000053 50.905005610000046)","Unfall 171269 (2024) Kat:3, Licht: 0","171269","3","5","1","01","15","2","","0","0","1","0","0"
"POINT (6.940373087000069 50.945564471000068)","Unfall 171270 (2024) Kat:3, Licht: 0","171270","3","4","6","01","08","2","","0","1","0","1","0"
"POINT (7.100135053000031 50.858450860000062)","Unfall 171311 (2024) Kat:3, Licht: 0","171311","3","7","5","01","13","1","","0","0","1","0","0"
"POINT (6.973995052000021 50.931007368000053)","Unfall 171312 (2024) Kat:3, Licht: 0","171312","3","4","6","01","13","1","","0","0","1","1","0"
"POINT (6.947879551000028 50.963987044000078)","Unfall 171313 (2024) Kat:3, Licht: 2","171313","3","7","2","01","19","1","","2","1","1","0","0"
"POINT (7.005179505000058 50.870226922000029)","Unfall 171314 (2024) Kat:2, Licht: 2","171314","2","2","5","01","19","1","","2","0","1","0","0"
"POINT (7.011870609000027 50.975647686000059)","Unfall 171405 (2024) Kat:3, Licht: 0","171405","3","5","0","03","14","7","","0","0","1","0","1"
"POINT (7.002902179000046 50.950505791000069)","Unfall 171406 (2024) Kat:3, Licht: 0","171406","3","2","3","03","11","7","","0","0","1","0","0"
"POINT (6.916927622000060 50.960578373000033)","Unfall 171407 (2024) Kat:3, Licht: 0","171407","3","6","3","03","13","7","","0","1","0","0","0"
"POINT (6.957092941000042 50.929876242000034)","Unfall 171408 (2024) Kat:3, Licht: 0","171408","3","1","0","03","14","7","","0","0","0","0","1"
"POINT (7.002489520000040 50.974475056000074)","Unfall 171448 (2024) Kat:3, Licht: 0","171448","3","1","3","03","16","6","","0","1","1","0","0"
"POINT (6.959638963000032 50.973011848000056)","Unfall 171449 (2024) Kat:3, Licht: 0","171449","3","7","3","03","14","6","","0","0","1","0","1"
"POINT (6.899847095000041 51.003443390000029)","Unfall 171450 (2024) Kat:3, Licht: 0","171450","3","5","1","03","11","6","","0","0","1","0","0"
"POINT (6.955504522000069 50.941697413000043)","Unfall 171451 (2024) Kat:3, Licht: 0","171451","3","5","3","03","17","6","","0","1","1","0","0"