WKT,Name,OBJECTID,UKATEGORIE,UTYP1,UART,UMONAT,USTUNDE,UWOCHENTAG,STRZUSTAND,ULICHTVERH,ISTRAD,ISTPKW,ISTFUSS,ISTKRAD
"POINT (6.942371662000028 50.932070875000079)","Unfall 171452 (2024) Kat:3, Licht: 0","171452","3","1","0","03","09","6","","0","1","0","0","0"
"POINT (6.954063042000030 50.931803079000076)","Unfall 171453 (2024) Kat:3, Licht: 0","171453","3","6","2","03","14","6","","0","0","1","0","0"
"POINT (6.958609846000058 50.964669373000049)","Unfall 171499 (2024) Kat:3, Licht: 1","171499","3","3","5","02","18","5","","1","1","0","0","1"
"POINT (6.916751493000049 50.990548562000072)","Unfall 171500 (2024) Kat:3, Licht: 2","171500","3","1","0","02","21","5","","2","0","0","0","1"
"POINT (6.899301150000042 51.004974195000045)","Unfall 171501 (2024) Kat:3, Licht: 1","171501","3","1","0","02","18","5","","1","1","0","0","0"
"POINT (6.916817797000022 50.955118510000034)","Unfall 171502 (2024) Kat:3, Licht: 0","171502","3","2","5","02","15","5","","0","0","1","0","1"
"POINT (6.936472033000030 50.953320270000063)","Unfall 171503 (2024) Kat:3, Licht: 0","171503","3","5","0","02","10","5","","0","0","1","0","0"
"POINT (6.926236532000075 50.919094332000043)","Unfall 171504 (2024) Kat:2, Licht: 0","171504","2","7","6","02","17","5","","0","0","1","1","0"
"POINT (6.914340681000056 50.920198989000028)","Unfall 171505 (2024) Kat:3, Licht: 0","171505","3","1","0","02","15","5","","0","1","0","0","0"
"POINT (6.927621901000066 50.920252274000063)","Unfall 171506 (2024) Kat:3, Licht: 0","171506","3","3","5","02","13","5","","0","1","0","0","0"
"POINT (6.939292660000035 50.927032551000082)","Unfall 171507 (2024) Kat:3, Licht: 2","171507","3","1","0","02","23","5","","2","1","0","0","0"
"POINT (7.030029204000073 50.898646650000046)","Unfall 171546 (2024) Kat:3, Licht: 0","171546","3","5","6","02","07","4","","0","0","1","1","0"
"POINT (7.044473033000031 50.933094781000079)","Unfall 171547 (2024) Kat:3, Licht: 0","171547","3","4","6","02","17","4","","0","0","1","1","0"
"POINT (6.917972669000051 50.922803273000056)","Unfall 171548 (2024) Kat:3, Licht: 2","171548","3","1","0","02","21","4","","2","1","0","0","0"
"POINT (6.932364513000039 50.931738203000066)","Unfall 171549 (2024) Kat:3, Licht: 2","171549","3","1","0","02","21","4","","2","1","0","0","0"
"POINT (6.981438736000030 50.949891243000081)","Unfall 171599 (2024) Kat:3, Licht: 1","171599","3","1","0","02","18","3","","1","1","0","0","0"
"POINT (6.831335621000051 50.968272255000045)","Unfall 171600 (2024) Kat:3, Licht: 2","171600","3","3","5","02","21","3","","2","1","0","0","0"
"POINT (6.931227358000058 50.949280051000073)","Unfall 171601 (2024) Kat:3, Licht: 2","171601","3","6","4","02","20","3","","2","1","0","0","0"
"POINT (6.926310650000062 50.942156306000072)","Unfall 171602 (2024) Kat:3, Licht: 0","171602","3","6","2","02","07","3","","0","0","1","0","0"
"POINT (6.919689219000077 50.953974017000064)","Unfall 171603 (2024) Kat:3, Licht: 0","171603","3","6","2","02","16","3","","0","0","1","0","0"
"POINT (6.936278660000028 50.928584170000079)","Unfall 171604 (2024) Kat:3, Licht: 0","171604","3","5","1","02","14","3","","0","1","0","0","0"
"POINT (6.965282341000034 50.925209971000072)","Unfall 171605 (2024) Kat:3, Licht: 1","171605","3","3","5","02","07","3","","1","1","0","0","0"
"POINT (7.085692141000038 50.855105016000039)","Unfall 171649 (2024) Kat:2, Licht: 0","171649","2","4","6","02","15","2","","0","0","1","1","0"
"POINT (6.936367807000067 50.947093543000051)","Unfall 171650 (2024) Kat:3, Licht: 1","171650","3","2","5","02","17","2","","1","1","1","0","0"
"POINT (6.930431155000065 50.914613252000038)","Unfall 171651 (2024) Kat:3, Licht: 2","171651","3","1","0","02","19","2","","2","0","0","0","1"
"POINT (6.919002334000027 50.921295932000078)","Unfall 171652 (2024) Kat:3, Licht: 0","171652","3","1","0","02","09","2","","0","1","0","0","0"
"POINT (6.927156124000021 50.895110153000076)","Unfall 171653 (2024) Kat:3, Licht: 0","171653","3","6","1","02","08","2","","0","0","1","0","0"
"POINT (7.075216355000066 50.893083862000026)","Unfall 171692 (2024) Kat:3, Licht: 0","171692","3","1","0","02","14","1","","0","1","0","0","0"
"POINT (7.003093479000029 50.944388704000062)","Unfall 171711 (2024) Kat:3, Licht: 2","171711","3","1","0","02","18","7","","2","1","0","0","0"
"POINT (7.003093479000029 50.944388704000062)","Unfall 171712 (2024) Kat:3, Licht: 0","171712","3","3","5","02","15","7","","0","0","1","0","1"
"POINT (7.060246094000036 50.889549592000037)","Unfall 171713 (2024) Kat:3, Licht: 0","171713","3","2","5","02","09","7","","0","0","1","0","0"
"POINT (6.907156385000064 50.951127475000078)","Unfall 171714 (2024) Kat:3, Licht: 2","171714","3","1","0","02","23","7","","2","0","0","0","1"
"POINT (6.951347886000065 50.923148914000080)","Unfall 171715 (2024) Kat:3, Licht: 2","171715","3","3","5","02","18","7","","2","0","1","0","0"
"POINT (6.952449220000062 50.954349404000027)","Unfall 171749 (2024) Kat:3, Licht: 0","171749","3","5","1","02","12","6","","0","1","1","0","0"
"POINT (6.957061165000027 50.969457743000078)","Unfall 171750 (2024) Kat:3, Licht: 0","171750","3","2","6","02","12","6","","0","0","1","1","0"
"POINT (7.026914824000073 50.877251260000037)","Unfall 171751 (2024) Kat:3, Licht: 0","171751","3","4","6","02","13","6","","0","0","1","1","0"
"POINT (6.902120226000022 50.923196761000042)","Unfall 171752 (2024) Kat:3, Licht: 0","171752","3","3","5","02","07","6","","0","1","1","0","0"
"POINT (6.950787697000067 50.947392034000075)","Unfall 171753 (2024) Kat:3, Licht: 0","171753","3","1","0","02","11","6","","0","0","0","0","1"
"POINT (6.996160591000034 50.998500434000050)","Unfall 171800 (2024) Kat:3, Licht: 2","171800","3","4","6","02","06","5","","2","0","1","1","0"
"POINT (6.924074550000057 50.946752354000068)","Unfall 171801 (2024) Kat:3, Licht: 0","171801","3","6","6","02","13","5","","0","0","1","1","0"
"POINT (7.042176701000074 50.953442707000079)","Unfall 171860 (2024) Kat:3, Licht: 0","171860","3","6","3","02","16","4","","0","0","1","0","0"
"POINT (7.067821037000044 50.870589115000030)","Unfall 171861 (2024) Kat:2, Licht: 0","171861","2","1","8","02","16","4","","0","0","1","0","0"
"POINT (6.995290161000071 50.929415533000054)","Unfall 171862 (2024) Kat:3, Licht: 0","171862","3","2","3","02","09","4","","0","1","1","0","0"
"POINT (6.920835300000022 50.995169241000042)","Unfall 171863 (2024) Kat:2, Licht: 0","171863","2","2","4","02","10","4","","0","0","1","0","0"
"POINT (6.890939797000044 50.977487527000051)","Unfall 171864 (2024) Kat:2, Licht: 2","171864","2","3","5","02","19","4","","2","0","1","0","0"
"POINT (6.940770116000067 50.912652195000078)","Unfall 171865 (2024) Kat:3, Licht: 0","171865","3","7","0","02","07","4","","0","1","0","0","0"
"POINT (7.040457239000034 50.983412073000068)","Unfall 171901 (2024) Kat:3, Licht: 0","171901","3","3","0","02","13","3","","0","1","1","0","0"
"POINT (7.010504787000059 50.974038884000038)","Unfall 171902 (2024) Kat:3, Licht: 1","171902","3","2","6","02","07","3","","1","0","1","1","0"
"POINT (7.023875813000075 50.949285238000073)","Unfall 171903 (2024) Kat:3, Licht: 2","171903","3","1","8","02","00","3","","2","0","1","0","0"
"POINT (6.928292429000066 50.975607002000061)","Unfall 171904 (2024) Kat:3, Licht: 0","171904","3","4","6","02","16","3","","0","0","1","1","0"
"POINT (6.926876490000041 50.953340267000044)","Unfall 171905 (2024) Kat:3, Licht: 0","171905","3","3","5","02","14","3","","0","1","1","0","0"
"POINT (6.965975399000058 50.889795884000080)","Unfall 171906 (2024) Kat:3, Licht: 2","171906","3","7","7","02","22","3","","2","1","0","0","0"
"POINT (6.938248624000039 50.942232624000042)","Unfall 171907 (2024) Kat:3, Licht: 0","171907","3","5","1","02","15","3","","0","1","1","0","0"
"POINT (7.072196355000074 50.977006958000061)","Unfall 171952 (2024) Kat:3, Licht: 2","171952","3","3","5","02","21","2","","2","0","1","0","0"
"POINT (6.916457356000024 50.921770424000044)","Unfall 171953 (2024) Kat:3, Licht: 0","171953","3","3","5","02","15","2","","0","0","1","0","1"
"POINT (6.952246978000062 50.934030610000036)","Unfall 171954 (2024) Kat:3, Licht: 2","171954","3","3","5","02","18","2","","2","1","1","0","0"
"POINT (7.069740716000069 50.970076456000072)","Unfall 171999 (2024) Kat:2, Licht: 2","171999","2","1","0","02","22","1","","2","1","0","0","0"
"POINT (6.915603320000059 50.995270290000065)","Unfall 172015 (2024) Kat:3, Licht: 0","172015","3","5","6","02","14","7","","0","0","1","1","0"
"POINT (6.930085627000039 50.949841214000060)","Unfall 172016 (2024) Kat:3, Licht: 0","172016","3","3","5","02","10","7","","0","0","1","0","0"
"POINT (6.940855245000023 50.940420106000033)","Unfall 172017 (2024) Kat:3, Licht: 0","172017","3","6","2","02","12","7","","0","1","1","0","0"
"POINT (7.005894455000032 50.976073492000069)","Unfall 172063 (2024) Kat:3, Licht: 1","172063","3","6","1","02","20","6","","1","0","1","0","0"
"POINT (7.038930376000053 50.969500706000076)","Unfall 172064 (2024) Kat:3, Licht: 0","172064","3","3","5","02","11","6","","0","0","1","0","0"
"POINT (6.873388691000059 50.963794533000055)","Unfall 172065 (2024) Kat:3, Licht: 0","172065","3","5","0","02","15","6","","0","0","0","0","0"
"POINT (6.949029067000026 50.923086187000081)","Unfall 172066 (2024) Kat:3, Licht: 0","172066","3","3","5","02","08","6","","0","1","1","0","0"
"POINT (6.997688964000076 50.899388668000029)","Unfall 172116 (2024) Kat:3, Licht: 2","172116","3","1","0","02","20","5","","2","1","0","0","0"
"POINT (7.001548146000061 50.948041902000057)","Unfall 172117 (2024) Kat:3, Licht: 0","172117","3","6","2","02","17","5","","0","1","1","0","0"
"POINT (6.998738744000036 50.919944176000058)","Unfall 172118 (2024) Kat:2, Licht: 0","172118","2","1","0","02","10","5","","0","0","0","0","1"
"POINT (6.960730089000037 50.982661204000067)","Unfall 172119 (2024) Kat:3, Licht: 2","172119","3","1","0","02","22","5","","2","0","0","0","0"
"POINT (6.948796638000033 50.933822721000070)","Unfall 172120 (2024) Kat:3, Licht: 2","172120","3","3","5","02","21","5","","2","1","1","0","0"
"POINT (6.950458332000039 50.920094493000079)","Unfall 172121 (2024) Kat:3, Licht: 0","172121","3","6","2","02","08","5","","0","0","1","0","0"
"POINT (6.982834920000073 50.920225997000045)","Unfall 172174 (2024) Kat:3, Licht: 0","172174","3","3","5","02","14","4","","0","0","1","0","0"
"POINT (6.959766227000046 50.974220863000028)","Unfall 172175 (2024) Kat:3, Licht: 0","172175","3","6","1","02","13","4","","0","1","0","0","0"
"POINT (6.937247840000055 50.918758511000078)","Unfall 172176 (2024) Kat:3, Licht: 2","172176","3","6","2","02","20","4","","2","0","1","0","0"
"POINT (6.998768676000054 50.920064649000039)","Unfall 172241 (2024) Kat:3, Licht: 0","172241","3","3","5","02","14","3","","0","1","1","0","0"
"POINT (6.966920885000036 50.974244549000048)","Unfall 172242 (2024) Kat:3, Licht: 0","172242","3","7","7","02","13","3","","0","0","1","0","0"
"POINT (6.912103752000064 50.999279664000028)","Unfall 172243 (2024) Kat:3, Licht: 0","172243","3","3","5","02","16","3","","0","1","1","0","0"
"POINT (6.920850340000072 50.923652824000044)","Unfall 172244 (2024) Kat:3, Licht: 2","172244","3","2","5","02","20","3","","2","1","1","0","0"
"POINT (6.944494973000076 50.914239343000077)","Unfall 172245 (2024) Kat:3, Licht: 0","172245","3","7","6","02","11","3","","0","0","1","0","0"
"POINT (6.955947059000039 50.942931334000036)","Unfall 172246 (2024) Kat:3, Licht: 0","172246","3","7","0","02","15","3","","0","1","1","0","0"
"POINT (6.940580613000066 50.946582813000077)","Unfall 172271 (2024) Kat:2, Licht: 2","172271","2","1","7","03","01","1","","2","0","0","0","0"
"POINT (7.007120616000066 50.966849862000061)","Unfall 172298 (2024) Kat:3, Licht: 2","172298","3","1","0","02","18","2","","2","1","0","0","0"
"POINT (6.969558479000057 50.936319967000031)","Unfall 172299 (2024) Kat:3, Licht: 0","172299","3","1","0","02","08","2","","0","1","0","0","0"
"POINT (6.931892336000033 50.973961674000066)","Unfall 172300 (2024) Kat:3, Licht: 2","172300","3","7","5","02","20","2","","2","0","1","0","0"
"POINT (6.958185654000033 50.937623147000068)","Unfall 172301 (2024) Kat:3, Licht: 2","172301","3","1","0","03","20","6","","2","0","0","0","0"
"POINT (6.959146534000070 50.948432102000027)","Unfall 172302 (2024) Kat:3, Licht: 2","172302","3","6","6","02","23","2","","2","0","1","1","0"
"POINT (6.945797163000066 50.925354333000030)","Unfall 172304 (2024) Kat:3, Licht: 2","172304","3","3","5","02","18","2","","2","1","1","0","0"
"POINT (6.953451312000027 50.933426366000049)","Unfall 172305 (2024) Kat:3, Licht: 0","172305","3","4","6","02","08","2","","0","0","1","1","0"
"POINT (6.980454279000071 51.001307569000062)","Unfall 172309 (2024) Kat:3, Licht: 0","172309","3","5","1","03","15","1","","0","0","1","0","0"
"POINT (7.020882364000045 50.937946423000028)","Unfall 172346 (2024) Kat:3, Licht: 0","172346","3","3","0","03","14","7","","0","1","1","0","0"
"POINT (6.956259656000043 50.932785609000064)","Unfall 172347 (2024) Kat:2, Licht: 0","172347","2","3","5","03","09","7","","0","1","0","0","0"
"POINT (7.011734921000027 50.906581208000034)","Unfall 172378 (2024) Kat:3, Licht: 0","172378","3","7","8","03","15","6","","0","0","1","0","0"
"POINT (7.066975521000074 50.892183658000079)","Unfall 172379 (2024) Kat:3, Licht: 0","172379","3","5","1","03","16","6","","0","1","0","0","0"
"POINT (7.015261646000056 50.955559742000048)","Unfall 172380 (2024) Kat:2, Licht: 0","172380","2","5","1","03","10","6","","0","1","1","0","0"
"POINT (6.931826739000030 50.979134466000062)","Unfall 172381 (2024) Kat:3, Licht: 0","172381","3","6","4","03","13","6","","0","1","1","0","0"
"POINT (6.971536349000075 50.978423278000037)","Unfall 172382 (2024) Kat:2, Licht: 0","172382","2","6","2","03","14","6","","0","0","1","0","1"
"POINT (6.996755232000055 50.891606420000073)","Unfall 172383 (2024) Kat:3, Licht: 0","172383","3","7","6","03","14","6","","0","0","1","1","0"
"POINT (6.954340458000047 50.941609764000077)","Unfall 172384 (2024) Kat:3, Licht: 0","172384","3","3","5","03","16","6","","0","1","0","0","0"
"POINT (6.960914216000049 50.927712127000063)","Unfall 172385 (2024) Kat:3, Licht: 0","172385","3","5","1","03","10","6","","0","1","0","0","0"
"POINT (6.944336552000038 50.925162238000041)","Unfall 172386 (2024) Kat:2, Licht: 0","172386","2","1","6","03","07","6","","0","0","0","0","0"
"POINT (7.089550275000022 50.862926860000073)","Unfall 172425 (2024) Kat:3, Licht: 2","172425","3","5","1","03","20","5","","2","0","1","0","0"
"POINT (7.047820704000060 50.967612521000035)","Unfall 172426 (2024) Kat:3, Licht: 0","172426","3","6","4","03","07","5","","0","1","1","0","0"
"POINT (6.906270162000055 50.990522608000049)","Unfall 172427 (2024) Kat:3, Licht: 0","172427","3","2","6","03","14","5","","0","0","1","1","0"
"POINT (6.908687750000070 50.990338972000075)","Unfall 172428 (2024) Kat:3, Licht: 1","172428","3","4","6","03","06","5","","1","0","1","1","0"
"POINT (6.913031364000062 50.952581783000028)","Unfall 172429 (2024) Kat:3, Licht: 0","172429","3","5","0","03","17","5","","0","1","1","0","0"
"POINT (6.927731361000042 50.953680918000032)","Unfall 172430 (2024) Kat:3, Licht: 0","172430","3","1","0","03","18","5","","0","1","0","0","0"
"POINT (6.917871713000068 50.956322694000050)","Unfall 172431 (2024) Kat:2, Licht: 0","172431","2","3","0","03","14","5","","0","1","0","0","0"
"POINT (7.008324251000033 50.966129100000046)","Unfall 172435 (2024) Kat:2, Licht: 0","172435","2","3","5","03","15","7","","0","1","1","0","0"
"POINT (7.000510269000074 50.937049532000060)","Unfall 172495 (2024) Kat:2, Licht: 0","172495","2","4","6","03","14","4","","0","1","0","1","0"
"POINT (7.056144020000033 50.898701209000080)","Unfall 172496 (2024) Kat:3, Licht: 0","172496","3","3","5","03","13","4","","0","0","1","0","1"
"POINT (7.000692785000069 50.938523132000057)","Unfall 172497 (2024) Kat:2, Licht: 2","172497","2","3","5","03","23","4","","2","0","1","0","1"
"POINT (7.031554161000031 50.983814865000056)","Unfall 172498 (2024) Kat:3, Licht: 0","172498","3","1","1","03","08","4","","0","0","1","0","0"
"POINT (6.887991142000033 51.020478802000071)","Unfall 172499 (2024) Kat:3, Licht: 0","172499","3","6","4","03","07","4","","0","1","0","0","0"
"POINT (6.876164118000077 50.930942049000066)","Unfall 172500 (2024) Kat:3, Licht: 0","172500","3","2","0","03","15","4","","0","1","0","0","0"
"POINT (6.894427368000038 50.987380058000042)","Unfall 172501 (2024) Kat:3, Licht: 0","172501","3","1","0","03","15","4","","0","0","0","0","0"
"POINT (6.941002072000060 50.914701524000066)","Unfall 172502 (2024) Kat:3, Licht: 0","172502","3","1","0","03","07","4","","0","1","0","0","0"
"POINT (6.969733511000072 50.944097671000065)","Unfall 172566 (2024) Kat:3, Licht: 2","172566","3","1","0","03","21","3","","2","0","0","0","1"
"POINT (6.949838936000049 50.955020906000073)","Unfall 172567 (2024) Kat:3, Licht: 2","172567","3","3","5","03","20","3","","2","0","1","0","0"
"POINT (6.943851037000059 50.984020375000057)","Unfall 172568 (2024) Kat:3, Licht: 0","172568","3","1","0","03","14","3","","0","1","0","0","0"
"POINT (6.920951347000027 50.923478676000059)","Unfall 172569 (2024) Kat:3, Licht: 0","172569","3","3","5","03","18","3","","0","1","0","0","0"
"POINT (6.916496392000056 50.920606201000055)","Unfall 172570 (2024) Kat:3, Licht: 0","172570","3","3","5","03","18","3","","0","0","1","0","0"
"POINT (6.938345718000051 50.911722771000029)","Unfall 172571 (2024) Kat:2, Licht: 0","172571","2","6","3","03","17","3","","0","1","0","0","0"
"POINT (7.034237980000057 50.962285549000057)","Unfall 172637 (2024) Kat:3, Licht: 0","172637","3","6","0","03","16","2","","0","1","1","0","0"
"POINT (6.959766227000046 50.974220863000028)","Unfall 172638 (2024) Kat:3, Licht: 0","172638","3","1","0","03","15","2","","0","0","0","0","1"
"POINT (6.932165960000020 50.948855624000032)","Unfall 172639 (2024) Kat:3, Licht: 0","172639","3","5","3","03","17","2","","0","0","1","0","0"
"POINT (6.885708422000050 50.946989013000064)","Unfall 172640 (2024) Kat:3, Licht: 0","172640","3","5","0","03","11","2","","0","1","1","0","0"
"POINT (6.923757084000044 50.944313893000071)","Unfall 172641 (2024) Kat:3, Licht: 0","172641","3","2","4","03","08","2","","0","1","0","0","0"
"POINT (6.908273089000033 50.931233169000052)","Unfall 172642 (2024) Kat:3, Licht: 0","172642","3","1","0","03","14","2","","0","0","1","0","0"
"POINT (6.926809135000042 50.923994467000057)","Unfall 172643 (2024) Kat:3, Licht: 0","172643","3","7","0","03","12","2","","0","0","0","0","0"
"POINT (7.032012493000025 50.874405669000055)","Unfall 172644 (2024) Kat:3, Licht: 0","172644","3","6","6","03","10","2","","0","1","0","1","0"
"POINT (6.923121600000059 50.924743621000061)","Unfall 172645 (2024) Kat:3, Licht: 0","172645","3","7","0","03","08","2","","0","1","1","0","0"
"POINT (6.927492683000025 50.928980698000032)","Unfall 172646 (2024) Kat:3, Licht: 0","172646","3","3","5","03","08","2","","0","1","1","0","0"
"POINT (6.938624249000043 50.942321937000031)","Unfall 172647 (2024) Kat:3, Licht: 0","172647","3","6","3","03","10","2","","0","1","1","0","0"
"POINT (6.932530673000031 50.933854953000036)","Unfall 172648 (2024) Kat:3, Licht: 0","172648","3","5","0","03","09","2","","0","1","1","0","0"
"POINT (6.942368051000074 50.932068714000081)","Unfall 172674 (2024) Kat:3, Licht: 0","172674","3","1","0","03","07","1","","0","1","0","0","0"
"POINT (7.019326898000031 50.910074716000054)","Unfall 172690 (2024) Kat:2, Licht: 0","172690","2","1","0","03","15","7","","0","0","0","0","1"
"POINT (7.067608353000026 50.986704527000029)","Unfall 172691 (2024) Kat:3, Licht: 0","172691","3","3","5","03","15","7","","0","1","1","0","0"
"POINT (7.009993352000038 50.966709149000053)","Unfall 172692 (2024) Kat:3, Licht: 2","172692","3","4","6","03","22","7","","2","0","1","1","0"
"POINT (6.953068174000066 50.953686702000027)","Unfall 172693 (2024) Kat:3, Licht: 0","172693","3","3","5","03","09","7","","0","0","1","0","0"
"POINT (6.913221899000064 50.997793663000039)","Unfall 172694 (2024) Kat:3, Licht: 0","172694","3","7","1","03","15","7","","0","0","0","0","1"
"POINT (6.974473172000046 50.899979860000030)","Unfall 172695 (2024) Kat:3, Licht: 0","172695","3","6","6","03","13","7","","0","0","1","1","0"
"POINT (6.918981161000033 50.912063148000072)","Unfall 172696 (2024) Kat:3, Licht: 0","172696","3","1","0","03","12","7","","0","1","0","0","0"
"POINT (6.917638178000061 51.014695564000078)","Unfall 172732 (2024) Kat:3, Licht: 0","172732","3","1","0","03","11","6","","0","1","0","0","0"
"POINT (6.920923701000049 50.978712383000072)","Unfall 172733 (2024) Kat:3, Licht: 0","172733","3","3","5","03","13","6","","0","0","1","0","0"
"POINT (6.889983092000023 50.987219834000030)","Unfall 172734 (2024) Kat:2, Licht: 0","172734","2","6","6","03","09","6","","0","0","1","1","0"
"POINT (6.898521629000072 50.952615991000073)","Unfall 172735 (2024) Kat:3, Licht: 2","172735","3","6","2","03","00","6","","2","0","1","0","0"
"POINT (6.932648139000037 50.931799836000039)","Unfall 172737 (2024) Kat:3, Licht: 0","172737","3","6","2","03","13","6","","0","1","1","0","0"
"POINT (7.030054068000027 50.990454652000039)","Unfall 172800 (2024) Kat:3, Licht: 0","172800","3","3","5","03","15","5","","0","1","1","0","0"
"POINT (6.940064777000032 50.968540643000040)","Unfall 172801 (2024) Kat:3, Licht: 0","172801","3","6","4","03","17","5","","0","1","0","0","0"
"POINT (6.963472470000056 50.956478753000056)","Unfall 172802 (2024) Kat:3, Licht: 0","172802","3","3","5","03","08","5","","0","1","1","0","0"
"POINT (6.978382034000049 50.969523139000046)","Unfall 172803 (2024) Kat:3, Licht: 0","172803","3","6","2","03","12","5","","0","0","1","0","0"
"POINT (6.924021289000052 50.944197561000067)","Unfall 172804 (2024) Kat:3, Licht: 2","172804","3","1","0","03","05","5","","2","0","0","0","0"
"POINT (7.015102326000033 50.880721982000068)","Unfall 172805 (2024) Kat:3, Licht: 0","172805","3","1","0","03","09","5","","0","0","0","0","0"
"POINT (6.956417184000031 50.945774727000071)","Unfall 172806 (2024) Kat:3, Licht: 0","172806","3","2","5","03","14","5","","0","1","1","0","0"
"POINT (6.939169670000069 50.927094703000080)","Unfall 172807 (2024) Kat:3, Licht: 0","172807","3","6","1","03","10","5","","0","0","1","0","0"
"POINT (6.853486823000026 50.932922317000077)","Unfall 172857 (2024) Kat:3, Licht: 0","172857","3","2","3","03","17","4","","0","1","1","0","0"
"POINT (6.908251804000031 50.957572674000062)","Unfall 172858 (2024) Kat:3, Licht: 0","172858","3","7","0","03","09","4","","0","1","0","1","0"
"POINT (6.953225669000062 50.899682208000058)","Unfall 172859 (2024) Kat:2, Licht: 2","172859","2","1","0","03","19","4","","2","1","0","0","0"
"POINT (6.900060435000057 50.917007597000065)","Unfall 172860 (2024) Kat:3, Licht: 0","172860","3","3","5","03","07","4","","0","1","1","0","0"
"POINT (6.953263972000059 50.950211889000059)","Unfall 172861 (2024) Kat:3, Licht: 0","172861","3","7","0","03","16","4","","0","1","0","0","0"
"POINT (6.945781167000064 50.935194409000076)","Unfall 172871 (2024) Kat:3, Licht: 0","172871","3","1","0","03","07","2","","0","1","0","0","0"
"POINT (6.976309458000060 50.936865700000055)","Unfall 172908 (2024) Kat:3, Licht: 0","172908","3","4","6","03","15","3","","0","1","0","1","0"
"POINT (7.005794649000052 50.949223294000035)","Unfall 172909 (2024) Kat:3, Licht: 0","172909","3","3","5","03","16","3","","0","1","1","0","0"
"POINT (6.976574866000021 50.964579929000081)","Unfall 172910 (2024) Kat:3, Licht: 0","172910","3","6","6","03","12","3","","0","0","0","1","0"
"POINT (7.087634373000071 50.857629240000051)","Unfall 172943 (2024) Kat:3, Licht: 2","172943","3","3","5","03","18","2","","2","0","1","0","0"
"POINT (7.001964563000058 50.943635205000078)","Unfall 172944 (2024) Kat:3, Licht: 0","172944","3","3","5","03","08","2","","0","1","1","0","0"
"POINT (6.947886821000054 50.954848790000028)","Unfall 172945 (2024) Kat:3, Licht: 0","172945","3","3","5","03","17","2","","0","1","1","0","0"
"POINT (6.933484975000056 50.948339366000027)","Unfall 172946 (2024) Kat:3, Licht: 1","172946","3","7","3","03","07","2","","1","0","1","0","1"
"POINT (6.897728772000050 50.924195654000073)","Unfall 172948 (2024) Kat:3, Licht: 2","172948","3","7","6","03","06","2","","2","0","1","1","0"
"POINT (6.969521245000067 50.909658026000045)","Unfall 172949 (2024) Kat:2, Licht: 2","172949","2","4","6","03","18","2","","2","0","1","1","0"
"POINT (7.010403388000043 50.874966082000071)","Unfall 172950 (2024) Kat:3, Licht: 1","172950","3","3","5","03","18","2","","1","1","1","0","0"
"POINT (6.953457367000055 50.939014972000052)","Unfall 172952 (2024) Kat:3, Licht: 0","172952","3","3","5","03","11","2","","0","1","1","0","0"
"POINT (7.054633008000053 50.863222138000026)","Unfall 173004 (2024) Kat:3, Licht: 2","173004","3","1","7","03","00","1","","2","1","1","0","0"
"POINT (7.005275304000065 50.960638638000034)","Unfall 173005 (2024) Kat:3, Licht: 0","173005","3","3","5","03","09","1","","0","1","0","0","0"
"POINT (6.924078966000025 50.952371874000050)","Unfall 173006 (2024) Kat:3, Licht: 0","173006","3","3","5","03","14","1","","0","1","1","0","0"
"POINT (6.905339631000061 50.963119705000054)","Unfall 173023 (2024) Kat:3, Licht: 0","173023","3","3","5","03","08","2","","0","1","0","0","0"
"POINT (7.055902384000035 50.880054273000042)","Unfall 173033 (2024) Kat:3, Licht: 2","173033","3","7","0","03","22","7","","2","0","1","0","0"
"POINT (7.010039471000027 50.942832417000034)","Unfall 173035 (2024) Kat:3, Licht: 0","173035","3","1","8","03","08","7","","0","0","1","0","0"
"POINT (7.011445341000069 50.968798387000049)","Unfall 173036 (2024) Kat:3, Licht: 2","173036","3","3","5","03","19","7","","2","0","1","0","0"
"POINT (7.036240393000071 51.010014130000059)","Unfall 173037 (2024) Kat:3, Licht: 0","173037","3","1","0","03","14","7","","0","1","0","0","0"
"POINT (7.004134563000036 50.875943486000040)","Unfall 173038 (2024) Kat:3, Licht: 0","173038","3","6","0","03","12","7","","0","1","0","0","0"
"POINT (6.924883027000021 50.918067979000057)","Unfall 173039 (2024) Kat:3, Licht: 0","173039","3","5","0","03","14","7","","0","1","1","0","0"
"POINT (7.000924369000074 50.959392537000042)","Unfall 173080 (2024) Kat:3, Licht: 0","173080","3","1","0","03","13","6","","0","0","0","0","1"
"POINT (6.854017838000061 51.060150718000045)","Unfall 173082 (2024) Kat:3, Licht: 0","173082","3","5","1","03","09","6","","0","0","1","0","0"
"POINT (6.882881442000041 50.985259116000066)","Unfall 173083 (2024) Kat:3, Licht: 0","173083","3","3","5","03","14","6","","0","1","0","0","0"
"POINT (6.882804482000040 50.985306080000043)","Unfall 173084 (2024) Kat:3, Licht: 0","173084","3","3","5","03","14","6","","0","1","0","0","0"