WKT,Name,OBJECTID,UKATEGORIE,UTYP1,UART,UMONAT,USTUNDE,UWOCHENTAG,STRZUSTAND,ULICHTVERH,ISTRAD,ISTPKW,ISTFUSS,ISTKRAD
"POINT (6.903312319000065 50.951127078000070)","Unfall 173085 (2024) Kat:2, Licht: 0","173085","2","7","6","03","12","6","","0","0","0","1","0"
"POINT (7.013574351000045 50.872828473000027)","Unfall 173086 (2024) Kat:2, Licht: 0","173086","2","3","5","03","17","6","","0","1","1","0","0"
"POINT (6.941807790000041 50.931734104000043)","Unfall 173087 (2024) Kat:3, Licht: 2","173087","3","2","5","03","20","6","","2","1","1","0","0"
"POINT (7.084956510000040 50.873941684000044)","Unfall 173145 (2024) Kat:3, Licht: 0","173145","3","3","5","03","15","5","","0","1","1","0","0"
"POINT (6.947335234000036 51.015798608000068)","Unfall 173148 (2024) Kat:3, Licht: 0","173148","3","6","3","03","17","5","","0","0","1","0","0"
"POINT (6.940846659000044 50.913346514000068)","Unfall 173149 (2024) Kat:2, Licht: 0","173149","2","7","8","03","15","5","","0","1","0","0","0"
"POINT (6.952096162000032 50.913084105000053)","Unfall 173151 (2024) Kat:3, Licht: 0","173151","3","2","5","03","08","5","","0","1","1","0","0"
"POINT (6.946867129000054 50.943442192000077)","Unfall 173152 (2024) Kat:3, Licht: 2","173152","3","1","0","03","19","5","","2","0","0","0","0"
"POINT (6.940947263000055 50.914237399000058)","Unfall 173195 (2024) Kat:3, Licht: 2","173195","3","3","5","03","19","3","","2","1","1","0","0"
"POINT (7.054124408000064 50.885366681000050)","Unfall 173207 (2024) Kat:3, Licht: 1","173207","3","1","8","03","18","4","","1","1","0","0","0"
"POINT (6.921725767000055 51.033839240000077)","Unfall 173208 (2024) Kat:3, Licht: 0","173208","3","7","3","03","14","4","","0","0","1","0","0"
"POINT (6.924704210000073 50.945369591000031)","Unfall 173209 (2024) Kat:3, Licht: 1","173209","3","6","2","03","18","4","","1","0","1","0","0"
"POINT (6.914454783000053 50.927661548000060)","Unfall 173210 (2024) Kat:3, Licht: 2","173210","3","3","5","03","19","4","","2","0","1","0","0"
"POINT (6.955712688000062 50.932579081000029)","Unfall 173211 (2024) Kat:3, Licht: 0","173211","3","2","0","03","16","4","","0","0","1","0","0"
"POINT (6.958734123000056 50.923917971000037)","Unfall 173212 (2024) Kat:3, Licht: 0","173212","3","6","6","03","12","4","","0","0","1","1","0"
"POINT (6.961075001000040 50.916362240000069)","Unfall 173213 (2024) Kat:3, Licht: 0","173213","3","2","3","03","09","4","","0","1","0","0","0"
"POINT (6.937434487000075 50.929234904000054)","Unfall 173214 (2024) Kat:3, Licht: 0","173214","3","1","0","03","11","4","","0","1","0","0","0"
"POINT (6.932820357000026 50.991819103000068)","Unfall 173217 (2024) Kat:3, Licht: 0","173217","3","2","5","03","11","6","","0","1","1","0","0"
"POINT (7.056693927000026 50.885535001000051)","Unfall 173273 (2024) Kat:3, Licht: 0","173273","3","5","1","03","16","3","","0","0","1","0","1"
"POINT (6.986663829000065 50.938088701000027)","Unfall 173275 (2024) Kat:3, Licht: 2","173275","3","7","5","03","06","3","","2","0","1","0","1"
"POINT (6.989270253000029 50.967189454000049)","Unfall 173276 (2024) Kat:3, Licht: 0","173276","3","1","4","03","07","3","","0","1","0","0","0"
"POINT (6.890676643000063 50.946776077000038)","Unfall 173277 (2024) Kat:3, Licht: 1","173277","3","3","6","03","07","3","","1","0","1","1","0"
"POINT (6.907775695000055 50.945368701000064)","Unfall 173278 (2024) Kat:3, Licht: 0","173278","3","2","5","03","16","3","","0","1","1","0","0"
"POINT (6.978184845000044 50.898526272000026)","Unfall 173279 (2024) Kat:3, Licht: 2","173279","3","3","5","03","20","3","","2","0","1","0","0"
"POINT (6.953775462000067 50.900329641000042)","Unfall 173280 (2024) Kat:3, Licht: 0","173280","3","6","1","03","08","3","","0","0","1","0","0"
"POINT (6.936885990000064 50.925385126000037)","Unfall 173281 (2024) Kat:3, Licht: 0","173281","3","1","0","03","08","3","","0","0","0","0","0"
"POINT (6.833895514000062 50.946477073000040)","Unfall 173305 (2024) Kat:3, Licht: 0","173305","3","6","0","03","16","4","","0","1","1","0","0"
"POINT (6.994381888000021 50.934611804000042)","Unfall 173317 (2024) Kat:3, Licht: 0","173317","3","5","5","03","09","5","","0","1","1","0","0"
"POINT (7.004496283000037 50.864951659000042)","Unfall 173345 (2024) Kat:1, Licht: 0","173345","1","3","5","03","11","4","","0","1","1","0","0"
"POINT (7.005160857000021 50.870222748000060)","Unfall 173353 (2024) Kat:3, Licht: 0","173353","3","2","5","03","08","4","","0","1","1","0","0"
"POINT (6.995241616000044 50.939315952000072)","Unfall 173361 (2024) Kat:3, Licht: 2","173361","3","3","5","03","05","2","","2","0","1","0","0"
"POINT (6.897250876000044 51.021084389000066)","Unfall 173362 (2024) Kat:3, Licht: 2","173362","3","1","8","03","23","2","","2","0","0","0","1"
"POINT (6.950074374000053 50.954667555000071)","Unfall 173363 (2024) Kat:2, Licht: 0","173363","2","3","5","03","13","2","","0","0","1","0","1"
"POINT (6.833005342000035 50.935696646000054)","Unfall 173365 (2024) Kat:3, Licht: 2","173365","3","3","5","03","22","2","","2","0","1","0","0"
"POINT (6.935492708000027 50.956740678000074)","Unfall 173366 (2024) Kat:3, Licht: 0","173366","3","4","7","03","09","2","","0","1","0","1","0"
"POINT (7.000471596000068 50.965744546000053)","Unfall 173371 (2024) Kat:3, Licht: 0","173371","3","6","2","04","19","1","","0","0","1","0","1"
"POINT (7.044578883000042 50.962261340000055)","Unfall 173372 (2024) Kat:2, Licht: 0","173372","2","1","9","04","18","1","","0","0","0","0","1"
"POINT (7.070800186000042 50.892013280000072)","Unfall 173437 (2024) Kat:2, Licht: 2","173437","2","7","0","04","21","7","","2","0","0","0","0"
"POINT (7.057615789000067 50.888981870000066)","Unfall 173438 (2024) Kat:3, Licht: 0","173438","3","2","3","04","18","7","","0","1","1","0","0"
"POINT (6.917507177000061 50.946750583000039)","Unfall 173439 (2024) Kat:3, Licht: 0","173439","3","4","6","04","15","7","","0","0","1","1","0"
"POINT (6.941564064000033 50.910847977000060)","Unfall 173440 (2024) Kat:3, Licht: 0","173440","3","1","1","04","17","7","","0","1","1","0","0"
"POINT (6.952767228000027 50.946214302000044)","Unfall 173441 (2024) Kat:3, Licht: 0","173441","3","2","5","04","16","7","","0","1","1","0","0"
"POINT (6.998858171000052 50.920063540000058)","Unfall 173489 (2024) Kat:3, Licht: 0","173489","3","2","0","04","11","6","","0","1","0","0","0"
"POINT (7.008729114000062 50.951923526000030)","Unfall 173490 (2024) Kat:3, Licht: 0","173490","3","3","5","04","14","6","","0","1","1","0","0"
"POINT (6.981029668000076 50.950546090000046)","Unfall 173491 (2024) Kat:3, Licht: 0","173491","3","3","5","04","13","6","","0","1","1","0","0"
"POINT (6.954927754000039 50.968929008000032)","Unfall 173492 (2024) Kat:3, Licht: 0","173492","3","3","5","04","08","6","","0","0","1","0","0"
"POINT (6.883633080000038 50.958879602000081)","Unfall 173493 (2024) Kat:3, Licht: 0","173493","3","3","0","04","10","6","","0","0","1","0","0"
"POINT (6.976761725000074 50.901602468000078)","Unfall 173494 (2024) Kat:3, Licht: 0","173494","3","3","5","04","17","6","","0","0","1","0","0"
"POINT (6.957956536000040 50.947357203000081)","Unfall 173496 (2024) Kat:3, Licht: 0","173496","3","6","3","04","12","6","","0","0","1","0","1"
"POINT (6.914414041000043 50.979189567000049)","Unfall 173500 (2024) Kat:2, Licht: 0","173500","2","1","0","04","18","1","","0","1","0","0","0"
"POINT (6.971449433000032 50.978517714000077)","Unfall 173552 (2024) Kat:3, Licht: 0","173552","3","6","2","04","15","5","","0","0","1","0","0"
"POINT (6.913035821000051 50.956602842000052)","Unfall 173553 (2024) Kat:3, Licht: 0","173553","3","4","6","04","06","5","","0","1","0","1","0"
"POINT (6.939720955000041 50.917771758000072)","Unfall 173554 (2024) Kat:3, Licht: 0","173554","3","1","0","04","19","5","","0","1","0","0","0"
"POINT (7.021817178000049 50.872623815000054)","Unfall 173555 (2024) Kat:2, Licht: 0","173555","2","7","0","04","09","5","","0","1","0","0","0"
"POINT (6.948520110000061 50.933773644000041)","Unfall 173556 (2024) Kat:3, Licht: 0","173556","3","3","0","04","19","5","","0","1","1","0","0"
"POINT (6.953144252000072 50.938341078000064)","Unfall 173557 (2024) Kat:3, Licht: 1","173557","3","3","5","04","20","5","","1","0","1","0","1"
"POINT (6.947241275000067 51.001220886000056)","Unfall 173608 (2024) Kat:2, Licht: 0","173608","2","6","2","04","16","4","","0","0","1","0","0"
"POINT (6.952746112000057 50.959439779000036)","Unfall 173609 (2024) Kat:2, Licht: 0","173609","2","7","5","04","16","4","","0","1","1","0","0"
"POINT (6.959329086000025 50.941802022000047)","Unfall 173610 (2024) Kat:2, Licht: 2","173610","2","4","6","04","21","4","","2","0","0","1","0"
"POINT (6.953239687000064 50.920005141000047)","Unfall 173611 (2024) Kat:3, Licht: 0","173611","3","6","6","04","18","4","","0","1","0","1","0"
"POINT (7.064459914000054 50.942621322000036)","Unfall 173665 (2024) Kat:3, Licht: 2","173665","3","1","8","04","02","3","","2","0","1","0","0"
"POINT (7.009160814000040 50.965827969000031)","Unfall 173666 (2024) Kat:3, Licht: 0","173666","3","2","0","04","09","3","","0","1","1","0","0"
"POINT (6.920813014000032 50.953557966000062)","Unfall 173667 (2024) Kat:2, Licht: 0","173667","2","1","0","04","18","3","","0","1","0","0","0"
"POINT (6.899028063000060 50.959309178000069)","Unfall 173668 (2024) Kat:3, Licht: 0","173668","3","1","0","04","10","3","","0","1","0","0","0"
"POINT (6.934985525000059 50.927817138000080)","Unfall 173669 (2024) Kat:3, Licht: 0","173669","3","1","0","04","18","3","","0","1","0","0","0"
"POINT (6.923539345000052 50.934005673000058)","Unfall 173670 (2024) Kat:3, Licht: 0","173670","3","1","0","04","16","3","","0","1","0","0","0"
"POINT (6.942072067000026 50.922000680000053)","Unfall 173671 (2024) Kat:3, Licht: 0","173671","3","3","5","04","14","3","","0","1","1","0","0"
"POINT (6.998768676000054 50.920064649000039)","Unfall 173728 (2024) Kat:3, Licht: 0","173728","3","6","3","04","10","2","","0","0","1","0","0"
"POINT (7.039543065000032 50.967046439000057)","Unfall 173729 (2024) Kat:3, Licht: 0","173729","3","3","5","04","08","2","","0","0","1","0","0"
"POINT (7.022717853000074 50.871813203000045)","Unfall 173730 (2024) Kat:2, Licht: 0","173730","2","2","5","04","17","2","","0","0","1","0","1"
"POINT (7.004585275000068 50.877339808000045)","Unfall 173732 (2024) Kat:2, Licht: 0","173732","2","1","0","04","07","2","","0","1","0","0","0"
"POINT (7.053385050000031 50.904374324000059)","Unfall 173809 (2024) Kat:3, Licht: 0","173809","3","5","1","04","15","1","","0","0","1","0","0"
"POINT (6.996819419000076 50.985095484000055)","Unfall 173810 (2024) Kat:3, Licht: 0","173810","3","6","4","04","14","1","","0","0","1","0","0"
"POINT (6.968979276000027 50.966531559000032)","Unfall 173811 (2024) Kat:3, Licht: 0","173811","3","5","1","04","14","1","","0","0","1","0","0"
"POINT (7.007380700000056 50.869185721000065)","Unfall 173812 (2024) Kat:3, Licht: 0","173812","3","6","1","04","12","1","","0","0","1","0","0"
"POINT (6.994242742000040 50.941293145000031)","Unfall 173857 (2024) Kat:3, Licht: 0","173857","3","2","3","04","10","7","","0","1","1","0","0"
"POINT (7.072620367000070 50.976665743000069)","Unfall 173858 (2024) Kat:3, Licht: 0","173858","3","4","6","04","10","7","","0","0","1","1","0"
"POINT (7.043519964000041 50.992769582000051)","Unfall 173859 (2024) Kat:3, Licht: 1","173859","3","6","2","04","20","7","","1","0","1","0","0"
"POINT (6.959469453000054 50.971516504000078)","Unfall 173860 (2024) Kat:3, Licht: 0","173860","3","3","5","04","16","7","","0","1","1","0","0"
"POINT (6.961428449000039 50.962534609000045)","Unfall 173861 (2024) Kat:3, Licht: 0","173861","3","3","5","04","12","7","","0","1","1","0","0"
"POINT (6.905637985000055 51.036372425000081)","Unfall 173862 (2024) Kat:3, Licht: 0","173862","3","7","1","04","16","7","","0","1","1","0","0"
"POINT (6.929217204000054 50.954261971000051)","Unfall 173863 (2024) Kat:3, Licht: 0","173863","3","2","4","04","14","7","","0","1","1","0","0"
"POINT (6.840686960000028 50.947058678000076)","Unfall 173864 (2024) Kat:3, Licht: 0","173864","3","2","4","04","15","7","","0","1","1","0","0"
"POINT (7.013573695000048 50.872828184000070)","Unfall 173865 (2024) Kat:3, Licht: 0","173865","3","3","5","04","15","7","","0","1","1","0","0"
"POINT (6.944494973000076 50.914239343000077)","Unfall 173867 (2024) Kat:3, Licht: 0","173867","3","7","1","04","14","7","","0","0","1","1","0"
"POINT (6.936282348000020 50.928581457000064)","Unfall 173868 (2024) Kat:2, Licht: 2","173868","2","1","0","04","21","7","","2","1","0","0","0"
"POINT (7.025991201000068 50.923534752000080)","Unfall 173928 (2024) Kat:2, Licht: 1","173928","2","3","0","04","06","6","","1","1","1","0","0"
"POINT (6.999516915000072 50.958810497000059)","Unfall 173929 (2024) Kat:3, Licht: 2","173929","3","3","5","04","21","6","","2","0","1","0","1"
"POINT (6.937009636000028 50.959622510000031)","Unfall 173930 (2024) Kat:3, Licht: 0","173930","3","3","5","04","14","6","","0","1","0","0","0"
"POINT (6.916615364000052 50.947369925000032)","Unfall 173932 (2024) Kat:3, Licht: 0","173932","3","2","5","04","15","6","","0","0","1","0","1"
"POINT (6.927492683000025 50.928980698000032)","Unfall 173933 (2024) Kat:3, Licht: 0","173933","3","2","0","04","14","6","","0","1","1","0","0"
"POINT (6.882078263000039 50.948153010000055)","Unfall 173934 (2024) Kat:3, Licht: 0","173934","3","1","0","04","08","2","","0","1","0","0","0"
"POINT (6.993640099000061 50.983588976000078)","Unfall 173977 (2024) Kat:3, Licht: 0","173977","3","7","0","04","17","5","","0","1","0","0","0"
"POINT (6.958527464000042 50.962179646000038)","Unfall 173978 (2024) Kat:3, Licht: 1","173978","3","5","1","04","20","5","","1","1","1","1","0"
"POINT (6.836960071000021 50.937877113000070)","Unfall 173979 (2024) Kat:2, Licht: 0","173979","2","7","6","04","16","5","","0","0","1","1","0"
"POINT (6.917938640000045 51.014807892000078)","Unfall 174026 (2024) Kat:3, Licht: 0","174026","3","1","0","04","16","4","","0","1","0","0","0"
"POINT (6.921106389000045 51.015948200000082)","Unfall 174027 (2024) Kat:3, Licht: 0","174027","3","1","8","04","13","4","","0","0","0","0","1"
"POINT (6.907779964000042 50.945299374000058)","Unfall 174028 (2024) Kat:3, Licht: 0","174028","3","7","5","04","18","4","","0","0","1","0","0"
"POINT (6.932473848000029 50.944459586000050)","Unfall 174029 (2024) Kat:3, Licht: 0","174029","3","7","6","04","17","4","","0","0","1","1","0"
"POINT (6.905714038000042 50.959345098000028)","Unfall 174030 (2024) Kat:3, Licht: 1","174030","3","2","4","04","19","4","","1","1","1","0","0"
"POINT (6.905844442000046 50.959310176000031)","Unfall 174031 (2024) Kat:3, Licht: 0","174031","3","3","0","04","12","4","","0","0","1","0","0"
"POINT (6.904526206000071 50.938635350000027)","Unfall 174032 (2024) Kat:3, Licht: 0","174032","3","1","6","04","11","4","","0","0","0","1","0"
"POINT (6.958792625000058 50.919009111000037)","Unfall 174033 (2024) Kat:3, Licht: 0","174033","3","7","0","04","16","4","","0","0","0","0","1"
"POINT (6.920902196000043 51.018013035000081)","Unfall 174077 (2024) Kat:3, Licht: 0","174077","3","1","0","04","15","3","","0","0","0","0","0"
"POINT (6.938732936000065 51.018946324000069)","Unfall 174079 (2024) Kat:3, Licht: 0","174079","3","3","5","04","12","3","","0","0","1","0","0"
"POINT (6.852626269000041 50.939615880000076)","Unfall 174080 (2024) Kat:3, Licht: 0","174080","3","5","1","04","16","3","","0","1","1","0","0"
"POINT (6.925545179000039 50.916945151000050)","Unfall 174081 (2024) Kat:3, Licht: 0","174081","3","4","6","04","14","3","","0","0","1","1","0"
"POINT (7.100357012000075 50.856492633000073)","Unfall 174102 (2024) Kat:3, Licht: 0","174102","3","2","4","04","11","6","","0","0","1","0","1"
"POINT (6.919662932000051 50.907215146000055)","Unfall 174106 (2024) Kat:3, Licht: 0","174106","3","5","1","04","15","1","","0","1","1","0","0"
"POINT (6.982413734000033 50.913976199000047)","Unfall 174111 (2024) Kat:3, Licht: 2","174111","3","1","8","04","02","2","","2","0","1","0","0"
"POINT (6.954122125000026 50.948700569000039)","Unfall 174112 (2024) Kat:3, Licht: 2","174112","3","5","1","04","22","2","","2","1","1","0","0"
"POINT (7.006278231000067 50.967609373000073)","Unfall 174132 (2024) Kat:3, Licht: 0","174132","3","6","2","03","19","1","","0","0","1","0","0"
"POINT (6.926664150000022 50.923947803000033)","Unfall 174133 (2024) Kat:2, Licht: 2","174133","2","1","0","03","01","1","","2","1","0","0","0"
"POINT (6.917172900000025 50.990173976000051)","Unfall 174148 (2024) Kat:3, Licht: 0","174148","3","6","4","04","14","3","","0","1","1","0","0"
"POINT (6.991708587000062 50.869555908000052)","Unfall 174174 (2024) Kat:3, Licht: 0","174174","3","3","5","03","16","7","","0","0","1","0","0"
"POINT (6.954690383000070 50.972036400000036)","Unfall 174204 (2024) Kat:3, Licht: 0","174204","3","1","0","03","13","6","","0","1","0","0","0"
"POINT (6.945790651000038 50.925348580000048)","Unfall 174205 (2024) Kat:3, Licht: 2","174205","3","3","5","03","20","6","","2","0","1","0","0"
"POINT (6.910157530000049 50.945176205000053)","Unfall 174208 (2024) Kat:3, Licht: 0","174208","3","7","1","03","12","6","","0","0","1","0","0"
"POINT (7.008889723000038 50.965889260000040)","Unfall 174228 (2024) Kat:3, Licht: 0","174228","3","7","6","03","13","7","","0","0","1","1","0"
"POINT (7.049022237000031 50.909818294000047)","Unfall 174231 (2024) Kat:3, Licht: 2","174231","3","1","0","03","21","5","","2","0","0","0","0"
"POINT (7.015583227000036 50.958285818000036)","Unfall 174233 (2024) Kat:3, Licht: 0","174233","3","2","5","03","10","5","","0","1","1","0","0"
"POINT (6.968687668000030 50.965991719000044)","Unfall 174234 (2024) Kat:2, Licht: 2","174234","2","3","4","03","00","5","","2","0","1","0","0"
"POINT (6.943417821000025 50.901456042000063)","Unfall 174235 (2024) Kat:3, Licht: 0","174235","3","1","0","03","11","5","","0","0","0","0","1"
"POINT (6.994652833000032 50.943049524000060)","Unfall 174274 (2024) Kat:3, Licht: 0","174274","3","6","6","03","17","4","","0","0","0","1","0"
"POINT (7.001337615000068 50.933067323000046)","Unfall 174275 (2024) Kat:3, Licht: 0","174275","3","2","5","03","06","4","","0","1","1","0","0"
"POINT (6.895337266000070 50.956826966000051)","Unfall 174276 (2024) Kat:2, Licht: 0","174276","2","3","5","03","06","4","","0","0","1","0","0"
"POINT (6.939017614000022 50.911513378000052)","Unfall 174277 (2024) Kat:3, Licht: 0","174277","3","2","0","03","10","4","","0","1","1","0","0"
"POINT (6.961421820000055 50.924519080000039)","Unfall 174278 (2024) Kat:3, Licht: 0","174278","3","3","5","03","10","4","","0","0","1","0","0"
"POINT (7.048133078000035 50.963247185000057)","Unfall 174314 (2024) Kat:2, Licht: 0","174314","2","7","8","03","17","3","","0","0","1","0","0"
"POINT (7.025546866000070 51.003910741000027)","Unfall 174316 (2024) Kat:2, Licht: 0","174316","2","4","6","03","15","3","","0","0","1","1","0"
"POINT (6.951222941000026 51.003602112000067)","Unfall 174319 (2024) Kat:3, Licht: 0","174319","3","6","6","03","14","3","","0","0","1","1","0"
"POINT (6.967182216000026 50.912520333000032)","Unfall 174320 (2024) Kat:3, Licht: 0","174320","3","4","6","03","14","3","","0","0","1","1","0"
"POINT (6.900256865000074 50.953981060000046)","Unfall 174338 (2024) Kat:3, Licht: 0","174338","3","3","5","04","16","5","","0","1","1","0","0"
"POINT (6.965084541000067 50.902049719000047)","Unfall 174364 (2024) Kat:3, Licht: 0","174364","3","3","5","03","11","5","","0","0","1","0","1"
"POINT (7.094675681000069 50.928086298000039)","Unfall 174374 (2024) Kat:3, Licht: 1","174374","3","3","0","03","18","2","","1","1","1","0","0"
"POINT (6.969031898000026 50.968659055000046)","Unfall 174375 (2024) Kat:3, Licht: 0","174375","3","4","6","03","18","2","","0","0","0","1","0"
"POINT (6.887930491000020 51.027608045000079)","Unfall 174377 (2024) Kat:3, Licht: 0","174377","3","3","5","03","12","2","","0","1","1","0","0"
"POINT (6.930289670000036 50.954925353000078)","Unfall 174378 (2024) Kat:3, Licht: 0","174378","3","6","2","03","15","2","","0","0","1","0","0"
"POINT (6.850848577000022 50.948029036000037)","Unfall 174379 (2024) Kat:3, Licht: 0","174379","3","6","2","03","16","2","","0","1","1","0","0"
"POINT (6.955812936000029 50.927576754000029)","Unfall 174380 (2024) Kat:3, Licht: 0","174380","3","3","5","03","15","2","","0","1","1","0","0"
"POINT (7.049038899000038 50.970035331000076)","Unfall 174420 (2024) Kat:2, Licht: 0","174420","2","7","0","03","16","1","","0","0","1","0","0"
"POINT (7.045651541000041 50.869465042000058)","Unfall 174458 (2024) Kat:3, Licht: 0","174458","3","1","0","05","11","4","","0","1","0","0","0"
"POINT (6.951938067000071 51.030715670000063)","Unfall 174459 (2024) Kat:3, Licht: 0","174459","3","1","0","05","20","4","","0","1","0","0","0"
"POINT (6.926584958000035 50.970044893000079)","Unfall 174460 (2024) Kat:3, Licht: 0","174460","3","3","5","05","08","4","","0","1","0","0","0"
"POINT (6.928440136000063 50.945018529000038)","Unfall 174461 (2024) Kat:3, Licht: 0","174461","3","1","6","05","17","4","","0","1","0","1","0"
"POINT (6.960398486000031 50.918336165000028)","Unfall 174462 (2024) Kat:3, Licht: 0","174462","3","3","0","05","16","4","","0","1","1","0","0"
"POINT (6.954246688000069 50.941341418000036)","Unfall 174463 (2024) Kat:3, Licht: 0","174463","3","4","6","05","12","4","","0","0","1","1","0"
"POINT (6.953640107000069 50.931592183000078)","Unfall 174464 (2024) Kat:3, Licht: 2","174464","3","1","0","05","23","4","","2","1","0","0","0"
"POINT (7.064063528000077 50.901144489000046)","Unfall 174541 (2024) Kat:3, Licht: 0","174541","3","3","5","04","08","3","","0","0","1","0","0"
"POINT (6.996584761000065 50.932221741000035)","Unfall 174543 (2024) Kat:3, Licht: 0","174543","3","5","0","04","08","3","","0","0","1","0","1"
"POINT (7.033457377000047 50.978700669000034)","Unfall 174544 (2024) Kat:3, Licht: 0","174544","3","3","0","04","12","3","","0","0","1","0","0"
"POINT (6.907315131000075 51.011736565000035)","Unfall 174545 (2024) Kat:3, Licht: 0","174545","3","6","3","04","18","3","","0","1","1","0","0"
"POINT (6.884914954000067 51.025781346000031)","Unfall 174546 (2024) Kat:3, Licht: 1","174546","3","1","1","04","20","3","","1","1","1","0","0"
"POINT (6.885807441000054 50.934001148000050)","Unfall 174547 (2024) Kat:3, Licht: 0","174547","3","1","0","04","15","3","","0","1","0","0","0"
"POINT (6.930046031000074 50.926705629000026)","Unfall 174548 (2024) Kat:3, Licht: 0","174548","3","6","2","04","17","3","","0","1","0","0","0"
"POINT (6.944716179000068 50.926133606000064)","Unfall 174549 (2024) Kat:3, Licht: 2","174549","3","6","0","04","23","3","","2","0","1","0","0"
"POINT (6.938107999000067 50.934381007000070)","Unfall 174550 (2024) Kat:3, Licht: 0","174550","3","3","5","04","19","3","","0","0","1","0","1"
"POINT (6.961202367000055 50.945596486000056)","Unfall 174551 (2024) Kat:3, Licht: 0","174551","3","5","1","04","12","3","","0","1","1","0","0"
"POINT (7.008562234000067 50.957549514000050)","Unfall 174610 (2024) Kat:2, Licht: 0","174610","2","5","1","04","16","2","","0","0","1","0","0"
"POINT (6.990728063000063 50.953436538000062)","Unfall 174611 (2024) Kat:3, Licht: 0","174611","3","1","0","04","07","2","","0","1","0","0","0"
"POINT (6.911309837000033 50.982887538000057)","Unfall 174612 (2024) Kat:3, Licht: 0","174612","3","1","8","04","18","2","","0","0","0","0","1"
"POINT (6.906233290000046 50.967819716000065)","Unfall 174613 (2024) Kat:3, Licht: 0","174613","3","1","0","04","17","2","","0","1","0","0","0"
"POINT (6.889710496000021 50.945137954000074)","Unfall 174614 (2024) Kat:3, Licht: 0","174614","3","2","0","04","11","2","","0","0","1","0","1"
"POINT (6.900752615000044 50.933824116000039)","Unfall 174615 (2024) Kat:3, Licht: 0","174615","3","6","0","04","15","2","","0","1","0","1","0"
"POINT (7.054532603000041 50.883127177000063)","Unfall 174677 (2024) Kat:3, Licht: 0","174677","3","4","0","04","15","1","","0","1","0","1","0"
"POINT (6.946297436000066 50.973542475000045)","Unfall 174678 (2024) Kat:3, Licht: 0","174678","3","2","0","04","12","1","","0","0","1","0","1"
"POINT (6.942197880000037 50.959055799000055)","Unfall 174679 (2024) Kat:3, Licht: 2","174679","3","1","0","04","01","1","","2","1","0","0","0"
"POINT (6.928005764000034 50.915513057000055)","Unfall 174680 (2024) Kat:3, Licht: 0","174680","3","7","0","04","16","1","","0","0","1","0","1"
"POINT (6.934526677000065 50.935159857000031)","Unfall 174681 (2024) Kat:2, Licht: 2","174681","2","5","1","04","00","1","","2","0","1","0","0"
"POINT (7.020710333000068 50.942631332000076)","Unfall 174715 (2024) Kat:3, Licht: 2","174715","3","1","0","04","21","1","","2","0","0","0","0"
"POINT (6.999682822000068 50.926069808000079)","Unfall 174720 (2024) Kat:2, Licht: 0","174720","2","1","0","04","13","7","","0","1","0","0","0"
"POINT (6.996913795000069 50.959745982000072)","Unfall 174721 (2024) Kat:3, Licht: 2","174721","3","1","0","04","23","7","","2","0","0","0","0"
"POINT (6.957802977000028 50.927303504000065)","Unfall 174722 (2024) Kat:2, Licht: 2","174722","2","1","0","04","22","7","","2","1","0","0","0"
"POINT (6.935462199000028 50.947956440000041)","Unfall 174765 (2024) Kat:3, Licht: 0","174765","3","6","2","04","15","6","","0","0","1","0","0"
"POINT (6.915628929000036 50.944906925000055)","Unfall 174766 (2024) Kat:2, Licht: 2","174766","2","1","0","04","02","6","","2","1","0","0","0"
"POINT (6.977401373000021 50.948073037000029)","Unfall 174767 (2024) Kat:3, Licht: 0","174767","3","1","0","04","19","7","","0","0","0","0","0"
"POINT (6.925355713000044 50.917060741000057)","Unfall 174768 (2024) Kat:3, Licht: 0","174768","3","4","6","04","11","6","","0","0","1","1","0"
"POINT (6.946784100000059 50.935010553000041)","Unfall 174769 (2024) Kat:3, Licht: 0","174769","3","5","1","04","10","6","","0","1","1","0","0"
"POINT (6.962371226000073 50.937233120000030)","Unfall 174802 (2024) Kat:3, Licht: 0","174802","3","6","6","04","13","3","","0","0","0","1","0"
"POINT (7.109759669000027 50.863744767000071)","Unfall 174805 (2024) Kat:3, Licht: 1","174805","3","1","0","04","20","2","","1","1","0","0","0"
"POINT (7.002675126000042 50.944841323000048)","Unfall 174830 (2024) Kat:3, Licht: 0","174830","3","7","9","04","08","5","","0","1","0","0","0"
"POINT (7.000657467000053 50.936637435000080)","Unfall 174831 (2024) Kat:2, Licht: 2","174831","2","3","5","04","05","5","","2","1","1","0","0"
"POINT (6.973475987000029 50.940495496000040)","Unfall 174832 (2024) Kat:3, Licht: 2","174832","3","3","5","04","22","5","","2","0","1","0","0"
"POINT (7.000095214000055 50.964888180000059)","Unfall 174833 (2024) Kat:3, Licht: 0","174833","3","4","6","04","15","5","","0","0","1","1","0"
"POINT (6.964892375000034 50.978032324000026)","Unfall 174834 (2024) Kat:3, Licht: 0","174834","3","2","3","04","15","5","","0","1","0","0","0"