WKT,Name,OBJECTID,UKATEGORIE,UTYP1,UART,UMONAT,USTUNDE,UWOCHENTAG,STRZUSTAND,ULICHTVERH,ISTRAD,ISTPKW,ISTFUSS,ISTKRAD
"POINT (6.901231126000027 50.957333392000066)","Unfall 176898 (2024) Kat:3, Licht: 2","176898","3","6","4","05","22","7","","2","1","0","0","0"
"POINT (6.916060492000042 50.968551040000079)","Unfall 176899 (2024) Kat:3, Licht: 0","176899","3","2","5","05","17","7","","0","0","1","0","1"
"POINT (6.968313765000062 50.912901542000043)","Unfall 176900 (2024) Kat:3, Licht: 1","176900","3","3","5","05","21","7","","1","0","1","0","0"
"POINT (6.915024085000027 50.920303768000053)","Unfall 176901 (2024) Kat:3, Licht: 0","176901","3","1","0","05","18","7","","0","1","0","0","0"
"POINT (6.935839027000043 50.938431202000061)","Unfall 176902 (2024) Kat:3, Licht: 0","176902","3","6","6","05","18","7","","0","0","1","1","0"
"POINT (6.959953249000023 50.939830245000053)","Unfall 176903 (2024) Kat:3, Licht: 0","176903","3","1","0","05","18","7","","0","0","0","0","0"
"POINT (6.957760714000074 50.927484885000069)","Unfall 176904 (2024) Kat:3, Licht: 0","176904","3","3","0","05","16","7","","0","0","1","0","1"
"POINT (6.950568211000075 50.945165749000068)","Unfall 176905 (2024) Kat:3, Licht: 0","176905","3","1","1","05","12","7","","0","0","1","0","1"
"POINT (6.855984145000036 51.062001052000028)","Unfall 176965 (2024) Kat:3, Licht: 0","176965","3","3","5","05","10","6","","0","0","1","0","0"
"POINT (6.978182054000058 50.898521626000047)","Unfall 176966 (2024) Kat:3, Licht: 0","176966","3","3","5","05","15","6","","0","0","1","0","0"
"POINT (6.909782475000043 50.935801570000081)","Unfall 176967 (2024) Kat:3, Licht: 0","176967","3","7","1","05","10","6","","0","0","1","0","0"
"POINT (6.942379462000076 50.932974935000061)","Unfall 176968 (2024) Kat:3, Licht: 2","176968","3","2","6","05","22","6","","2","0","0","1","0"
"POINT (6.936218807000046 50.938413146000073)","Unfall 176969 (2024) Kat:3, Licht: 0","176969","3","7","5","05","19","6","","0","1","1","0","0"
"POINT (6.960083578000024 50.943090686000062)","Unfall 176971 (2024) Kat:3, Licht: 0","176971","3","7","4","05","18","6","","0","0","1","0","0"
"POINT (7.054759762000060 50.932943065000075)","Unfall 177047 (2024) Kat:2, Licht: 0","177047","2","1","0","05","16","5","","0","0","0","0","0"
"POINT (7.063834069000052 50.890768258000037)","Unfall 177048 (2024) Kat:3, Licht: 0","177048","3","1","0","05","12","5","","0","1","0","0","0"
"POINT (7.079835892000062 50.975453573000038)","Unfall 177049 (2024) Kat:3, Licht: 0","177049","3","6","0","05","14","5","","0","1","1","0","0"
"POINT (6.977876713000057 50.948275136000063)","Unfall 177050 (2024) Kat:3, Licht: 2","177050","3","1","8","05","01","5","","2","0","1","0","0"
"POINT (6.953773737000063 50.967894552000075)","Unfall 177051 (2024) Kat:3, Licht: 0","177051","3","5","1","05","15","5","","0","0","1","0","0"
"POINT (6.892495805000067 51.015495414000043)","Unfall 177052 (2024) Kat:3, Licht: 0","177052","3","3","5","05","08","5","","0","1","0","0","0"
"POINT (6.924078966000025 50.952371874000050)","Unfall 177053 (2024) Kat:3, Licht: 0","177053","3","3","5","05","20","5","","0","1","1","0","0"
"POINT (6.851702871000043 50.920848199000034)","Unfall 177054 (2024) Kat:3, Licht: 0","177054","3","6","2","05","13","5","","0","0","1","0","0"
"POINT (6.920198662000075 50.945212975000061)","Unfall 177055 (2024) Kat:3, Licht: 0","177055","3","7","6","05","09","5","","0","1","0","1","0"
"POINT (6.899382233000040 50.952943825000034)","Unfall 177056 (2024) Kat:3, Licht: 0","177056","3","6","0","05","11","5","","0","0","1","0","1"
"POINT (6.916972985000029 50.921169807000069)","Unfall 177057 (2024) Kat:3, Licht: 1","177057","3","7","6","05","20","5","","1","1","0","1","0"
"POINT (6.945777719000034 50.909945729000071)","Unfall 177058 (2024) Kat:3, Licht: 0","177058","3","1","0","05","20","5","","0","0","0","0","0"
"POINT (7.008143844000074 50.891902044000062)","Unfall 177059 (2024) Kat:3, Licht: 0","177059","3","4","6","05","08","5","","0","1","0","1","0"
"POINT (6.940556717000050 50.920547207000027)","Unfall 177060 (2024) Kat:3, Licht: 0","177060","3","5","5","05","06","5","","0","0","1","0","0"
"POINT (6.953813916000058 50.919877140000040)","Unfall 177061 (2024) Kat:3, Licht: 0","177061","3","2","5","05","12","5","","0","1","1","0","0"
"POINT (6.962236677000021 50.934960007000029)","Unfall 177062 (2024) Kat:3, Licht: 0","177062","3","2","3","05","07","5","","0","0","1","0","0"
"POINT (7.020357383000032 50.937755002000074)","Unfall 177138 (2024) Kat:3, Licht: 0","177138","3","3","5","05","18","4","","0","1","1","0","0"
"POINT (7.065013850000071 50.938720542000056)","Unfall 177139 (2024) Kat:3, Licht: 0","177139","3","4","6","05","08","4","","0","0","1","1","0"
"POINT (7.013652291000028 50.960505560000058)","Unfall 177140 (2024) Kat:3, Licht: 0","177140","3","7","4","05","17","4","","0","0","1","0","0"
"POINT (6.952010157000075 50.952178900000035)","Unfall 177141 (2024) Kat:3, Licht: 2","177141","3","3","5","05","23","4","","2","1","0","0","0"
"POINT (6.936029001000065 51.025533026000062)","Unfall 177142 (2024) Kat:3, Licht: 0","177142","3","6","1","05","15","4","","0","0","1","0","0"
"POINT (6.922379016000036 50.963525613000058)","Unfall 177143 (2024) Kat:2, Licht: 0","177143","2","1","0","05","11","4","","0","1","0","0","0"
"POINT (7.004301190000035 50.873718005000057)","Unfall 177144 (2024) Kat:3, Licht: 0","177144","3","3","5","05","08","4","","0","1","1","0","0"
"POINT (6.936588943000061 50.917805220000048)","Unfall 177145 (2024) Kat:3, Licht: 0","177145","3","1","0","05","07","4","","0","1","0","0","0"
"POINT (6.948315052000055 50.927664080000056)","Unfall 177146 (2024) Kat:3, Licht: 0","177146","3","7","3","05","19","4","","0","1","0","0","1"
"POINT (6.986575868000045 50.938075809000054)","Unfall 177188 (2024) Kat:3, Licht: 0","177188","3","6","3","05","14","3","","0","1","1","0","0"
"POINT (7.069410505000064 50.905337813000074)","Unfall 177211 (2024) Kat:3, Licht: 0","177211","3","3","5","05","17","3","","0","0","1","0","0"
"POINT (7.018715896000060 50.964185413000052)","Unfall 177212 (2024) Kat:3, Licht: 0","177212","3","1","0","05","15","3","","0","1","0","0","0"
"POINT (6.955755828000065 51.027467258000058)","Unfall 177213 (2024) Kat:3, Licht: 0","177213","3","5","1","05","08","3","","0","1","1","0","0"
"POINT (6.903063215000032 50.956711718000065)","Unfall 177214 (2024) Kat:3, Licht: 0","177214","3","3","5","05","20","3","","0","1","1","0","0"
"POINT (6.850866307000047 50.948077142000045)","Unfall 177215 (2024) Kat:3, Licht: 1","177215","3","1","4","05","17","3","","1","0","1","0","0"
"POINT (6.917255527000066 50.946883242000069)","Unfall 177216 (2024) Kat:3, Licht: 0","177216","3","2","5","05","15","3","","0","0","1","0","1"
"POINT (6.901346110000077 50.957292449000079)","Unfall 177217 (2024) Kat:3, Licht: 0","177217","3","4","0","05","13","3","","0","0","0","1","1"
"POINT (7.014146468000035 50.865967871000066)","Unfall 177218 (2024) Kat:3, Licht: 0","177218","3","6","2","05","12","3","","0","0","1","0","1"
"POINT (6.987854796000022 50.950106228000038)","Unfall 177276 (2024) Kat:2, Licht: 0","177276","2","1","1","05","14","2","","0","1","1","0","0"
"POINT (6.968939435000038 50.969709401000046)","Unfall 177277 (2024) Kat:3, Licht: 0","177277","3","6","2","05","12","2","","0","0","1","0","0"
"POINT (6.981271878000030 50.971949836000078)","Unfall 177278 (2024) Kat:3, Licht: 0","177278","3","1","0","05","12","2","","0","1","0","0","0"
"POINT (6.909671252000066 50.966471309000042)","Unfall 177280 (2024) Kat:3, Licht: 0","177280","3","6","4","05","16","2","","0","1","1","0","0"
"POINT (7.031843299000059 50.874264611000058)","Unfall 177281 (2024) Kat:3, Licht: 0","177281","3","7","0","05","17","2","","0","1","1","0","0"
"POINT (6.907910576000063 50.944553843000051)","Unfall 177314 (2024) Kat:3, Licht: 0","177314","3","7","0","05","12","5","","0","1","1","0","0"
"POINT (7.008548706000056 50.966031081000040)","Unfall 177320 (2024) Kat:3, Licht: 0","177320","3","2","3","05","14","1","","0","0","1","0","0"
"POINT (6.913432251000074 50.952323836000062)","Unfall 177321 (2024) Kat:3, Licht: 2","177321","3","3","0","05","21","1","","2","1","0","0","0"
"POINT (6.897974394000073 50.946026062000044)","Unfall 177322 (2024) Kat:3, Licht: 0","177322","3","2","5","05","12","1","","0","1","1","0","0"
"POINT (6.958537211000021 50.874743170000045)","Unfall 177323 (2024) Kat:2, Licht: 0","177323","2","2","6","05","17","1","","0","0","1","1","0"
"POINT (6.940526481000063 50.937535258000025)","Unfall 177324 (2024) Kat:3, Licht: 0","177324","3","1","0","05","11","1","","0","1","0","0","0"
"POINT (6.881225785000026 50.966455307000047)","Unfall 177347 (2024) Kat:3, Licht: 0","177347","3","3","5","05","16","2","","0","0","1","0","0"
"POINT (6.893413921000047 50.942171741000038)","Unfall 177369 (2024) Kat:3, Licht: 0","177369","3","2","5","05","17","7","","0","1","1","0","0"
"POINT (6.946663199000056 50.938826239000036)","Unfall 177370 (2024) Kat:3, Licht: 0","177370","3","6","6","05","17","7","","0","0","1","1","0"
"POINT (7.029266093000047 50.897727191000058)","Unfall 177405 (2024) Kat:3, Licht: 0","177405","3","3","0","05","18","5","","0","1","1","0","0"
"POINT (6.931548996000060 50.911112285000058)","Unfall 177413 (2024) Kat:3, Licht: 0","177413","3","7","0","05","17","7","","0","1","0","0","0"
"POINT (6.989197358000069 50.970948542000031)","Unfall 177432 (2024) Kat:3, Licht: 0","177432","3","1","6","05","14","1","","0","0","0","1","0"
"POINT (6.969944901000076 50.939912672000048)","Unfall 177437 (2024) Kat:3, Licht: 0","177437","3","3","5","05","07","6","","0","1","1","0","0"
"POINT (6.926382674000024 50.951138260000050)","Unfall 177444 (2024) Kat:3, Licht: 0","177444","3","3","5","05","17","6","","0","1","1","0","0"
"POINT (6.897722023000028 50.968209082000044)","Unfall 177446 (2024) Kat:3, Licht: 0","177446","3","4","6","05","14","6","","0","1","0","1","0"
"POINT (6.848369788000070 50.940396764000070)","Unfall 177450 (2024) Kat:3, Licht: 0","177450","3","2","5","05","11","5","","0","1","1","0","0"
"POINT (7.060431260000030 50.914190045000055)","Unfall 177532 (2024) Kat:3, Licht: 0","177532","3","2","4","05","13","5","","0","0","1","0","0"
"POINT (7.043030288000068 50.971247660000074)","Unfall 177533 (2024) Kat:3, Licht: 0","177533","3","4","6","05","16","5","","0","1","0","1","0"
"POINT (6.907558121000022 50.989665858000080)","Unfall 177534 (2024) Kat:3, Licht: 0","177534","3","6","3","05","20","5","","0","0","1","0","0"
"POINT (7.063880511000036 50.886071745000038)","Unfall 177571 (2024) Kat:3, Licht: 0","177571","3","1","0","06","16","6","","0","1","0","0","0"
"POINT (7.073119206000058 50.919568971000047)","Unfall 177572 (2024) Kat:3, Licht: 0","177572","3","6","2","06","15","6","","0","0","1","0","0"
"POINT (7.024899825000034 50.905979051000031)","Unfall 177573 (2024) Kat:3, Licht: 0","177573","3","7","3","06","08","6","","0","0","1","0","0"
"POINT (6.997592132000023 50.949012121000067)","Unfall 177574 (2024) Kat:2, Licht: 0","177574","2","1","0","06","15","6","","0","0","0","0","0"
"POINT (7.045567956000070 50.980921412000043)","Unfall 177575 (2024) Kat:3, Licht: 0","177575","3","2","5","06","09","6","","0","0","1","0","0"
"POINT (6.907454954000059 50.919244424000055)","Unfall 177576 (2024) Kat:3, Licht: 0","177576","3","3","3","06","16","6","","0","0","1","0","0"
"POINT (6.929527116000031 50.898078826000074)","Unfall 177577 (2024) Kat:3, Licht: 0","177577","3","3","0","06","14","6","","0","0","1","0","1"
"POINT (6.959807841000043 50.943791844000032)","Unfall 177578 (2024) Kat:2, Licht: 2","177578","2","1","0","06","03","6","","2","0","0","0","0"
"POINT (7.060464889000059 50.885332096000070)","Unfall 177641 (2024) Kat:3, Licht: 2","177641","3","3","5","06","23","5","","2","0","1","0","0"
"POINT (7.073938811000062 50.975323413000069)","Unfall 177642 (2024) Kat:3, Licht: 0","177642","3","2","6","06","11","5","","0","0","1","1","0"
"POINT (7.032182175000059 50.970921893000082)","Unfall 177643 (2024) Kat:3, Licht: 0","177643","3","6","1","06","06","5","","0","0","1","0","0"
"POINT (6.897778862000052 51.020823244000042)","Unfall 177644 (2024) Kat:3, Licht: 0","177644","3","5","6","06","19","5","","0","0","1","1","0"
"POINT (6.900804199000049 50.961583516000076)","Unfall 177645 (2024) Kat:2, Licht: 0","177645","2","5","1","06","17","5","","0","1","1","0","0"
"POINT (6.903048020000028 50.956716804000052)","Unfall 177646 (2024) Kat:2, Licht: 0","177646","2","3","5","06","15","5","","0","1","1","0","0"
"POINT (6.838921955000046 50.935651436000057)","Unfall 177647 (2024) Kat:2, Licht: 0","177647","2","2","5","06","11","5","","0","0","1","0","1"
"POINT (6.933283372000062 50.943372102000069)","Unfall 177648 (2024) Kat:2, Licht: 2","177648","2","1","0","06","04","5","","2","0","0","0","0"
"POINT (6.916461792000064 50.922902753000074)","Unfall 177649 (2024) Kat:3, Licht: 0","177649","3","2","0","06","10","5","","0","0","1","0","0"
"POINT (6.941457606000029 50.911205694000046)","Unfall 177650 (2024) Kat:3, Licht: 2","177650","3","1","0","06","01","5","","2","1","0","0","0"
"POINT (6.954134268000075 50.926036164000038)","Unfall 177651 (2024) Kat:3, Licht: 0","177651","3","6","1","06","15","5","","0","0","1","0","0"
"POINT (6.932517394000058 50.933709381000028)","Unfall 177652 (2024) Kat:3, Licht: 0","177652","3","5","1","06","16","5","","0","1","1","0","0"
"POINT (6.960148653000033 50.977524530000039)","Unfall 177720 (2024) Kat:3, Licht: 0","177720","3","5","1","06","11","4","","0","1","1","0","0"
"POINT (6.961372580000045 50.961069814000041)","Unfall 177721 (2024) Kat:3, Licht: 0","177721","3","1","0","06","10","4","","0","1","0","0","0"
"POINT (6.930181972000071 50.920540147000054)","Unfall 177722 (2024) Kat:3, Licht: 2","177722","3","5","1","06","01","4","","2","0","1","0","1"
"POINT (6.961267844000076 50.922424395000064)","Unfall 177723 (2024) Kat:3, Licht: 0","177723","3","4","6","06","17","4","","0","1","0","1","0"
"POINT (6.944424381000033 50.924162865000028)","Unfall 177724 (2024) Kat:3, Licht: 0","177724","3","3","5","06","16","4","","0","0","1","0","0"
"POINT (6.951980613000046 50.948620143000028)","Unfall 177725 (2024) Kat:3, Licht: 0","177725","3","7","6","06","12","4","","0","0","1","1","0"
"POINT (7.067680270000039 50.941317056000059)","Unfall 177770 (2024) Kat:2, Licht: 2","177770","2","1","9","06","22","3","","2","0","1","0","0"
"POINT (7.008729114000062 50.951923526000030)","Unfall 177771 (2024) Kat:3, Licht: 0","177771","3","3","5","06","14","3","","0","1","1","0","0"
"POINT (6.950861151000026 51.023689964000027)","Unfall 177772 (2024) Kat:3, Licht: 0","177772","3","1","8","06","18","3","","0","0","1","0","0"
"POINT (6.954034267000054 50.931787133000057)","Unfall 177773 (2024) Kat:3, Licht: 0","177773","3","6","1","06","08","3","","0","0","1","0","0"
"POINT (7.003533881000067 50.869827458000032)","Unfall 177838 (2024) Kat:3, Licht: 0","177838","3","6","2","06","13","4","","0","0","1","0","1"
"POINT (7.096766132000027 50.915119119000053)","Unfall 177851 (2024) Kat:3, Licht: 0","177851","3","5","0","06","16","2","","0","0","1","0","0"
"POINT (7.102233180000042 50.856415303000063)","Unfall 177852 (2024) Kat:2, Licht: 0","177852","2","3","5","06","08","2","","0","0","1","0","1"
"POINT (7.007915837000041 50.966307451000034)","Unfall 177853 (2024) Kat:3, Licht: 0","177853","3","4","6","06","09","2","","0","0","1","1","0"
"POINT (6.888008125000056 51.002553317000036)","Unfall 177854 (2024) Kat:3, Licht: 0","177854","3","1","0","06","15","2","","0","1","0","0","0"
"POINT (6.915321675000030 50.954125310000052)","Unfall 177855 (2024) Kat:3, Licht: 0","177855","3","5","1","06","16","2","","0","1","1","0","0"
"POINT (6.918024426000045 50.959302546000060)","Unfall 177856 (2024) Kat:3, Licht: 0","177856","3","1","0","06","15","2","","0","0","0","0","1"
"POINT (6.934990186000050 50.927819814000031)","Unfall 177857 (2024) Kat:3, Licht: 0","177857","3","1","0","06","17","2","","0","1","0","0","0"
"POINT (7.083037394000030 50.882170544000076)","Unfall 177913 (2024) Kat:2, Licht: 2","177913","2","1","0","06","18","1","","2","0","0","0","0"
"POINT (6.998904893000031 50.922488794000060)","Unfall 177914 (2024) Kat:3, Licht: 0","177914","3","6","2","06","18","1","","0","0","1","0","0"
"POINT (7.048345495000035 50.872377224000047)","Unfall 177915 (2024) Kat:3, Licht: 0","177915","3","7","6","06","16","1","","0","1","0","1","0"
"POINT (7.015457591000029 50.954348563000053)","Unfall 177916 (2024) Kat:3, Licht: 0","177916","3","1","0","06","13","1","","0","1","0","0","0"
"POINT (6.920551055000033 50.953654106000045)","Unfall 177917 (2024) Kat:3, Licht: 0","177917","3","1","0","06","17","1","","0","1","0","0","0"
"POINT (6.926312494000058 50.862826674000075)","Unfall 177918 (2024) Kat:2, Licht: 0","177918","2","7","0","06","14","1","","0","1","1","0","0"
"POINT (6.934634827000025 50.927645741000049)","Unfall 177919 (2024) Kat:2, Licht: 2","177919","2","1","0","06","01","1","","2","0","0","0","0"
"POINT (6.942345468000042 50.904500856000027)","Unfall 177920 (2024) Kat:3, Licht: 2","177920","3","4","6","06","00","1","","2","0","1","1","0"
"POINT (6.958308311000053 50.944751316000065)","Unfall 177921 (2024) Kat:3, Licht: 2","177921","3","4","6","06","23","1","","2","0","1","1","0"
"POINT (6.960262185000033 50.937443803000065)","Unfall 177922 (2024) Kat:3, Licht: 0","177922","3","4","6","06","17","1","","0","0","1","1","0"
"POINT (7.075275392000037 50.884541527000067)","Unfall 177986 (2024) Kat:3, Licht: 0","177986","3","7","1","06","16","7","","0","1","1","0","0"
"POINT (6.950795603000074 50.962490492000029)","Unfall 177987 (2024) Kat:3, Licht: 0","177987","3","2","0","06","18","7","","0","1","1","0","0"
"POINT (6.970137974000068 50.974494289000063)","Unfall 177988 (2024) Kat:2, Licht: 0","177988","2","2","4","06","18","7","","0","0","1","0","1"
"POINT (6.887565388000041 50.955396704000066)","Unfall 177989 (2024) Kat:3, Licht: 0","177989","3","1","0","06","12","7","","0","1","0","0","0"
"POINT (6.939471004000040 50.905511398000044)","Unfall 177990 (2024) Kat:3, Licht: 1","177990","3","2","6","06","21","7","","1","0","1","1","0"
"POINT (6.941489284000056 50.941668439000068)","Unfall 177991 (2024) Kat:2, Licht: 0","177991","2","3","0","06","15","7","","0","1","1","0","0"
"POINT (6.938479711000070 50.943412682000030)","Unfall 177992 (2024) Kat:3, Licht: 2","177992","3","1","0","06","00","7","","2","0","1","0","0"
"POINT (7.064987888000076 50.894436054000039)","Unfall 178067 (2024) Kat:3, Licht: 0","178067","3","1","0","06","18","6","","0","0","0","0","0"
"POINT (7.003661572000055 50.950686883000060)","Unfall 178068 (2024) Kat:3, Licht: 0","178068","3","6","3","06","20","6","","0","1","1","0","0"
"POINT (6.957321148000062 50.974647714000071)","Unfall 178069 (2024) Kat:3, Licht: 0","178069","3","5","5","06","19","6","","0","1","1","0","0"
"POINT (6.955097157000068 51.025174112000059)","Unfall 178070 (2024) Kat:2, Licht: 2","178070","2","1","0","06","02","6","","2","1","0","0","0"
"POINT (6.920659082000043 50.948215398000059)","Unfall 178071 (2024) Kat:2, Licht: 0","178071","2","4","6","06","12","6","","0","1","0","1","0"
"POINT (6.905117706000055 50.969801849000078)","Unfall 178072 (2024) Kat:3, Licht: 0","178072","3","6","3","06","11","6","","0","0","1","0","1"
"POINT (6.911883000000046 50.923612463000040)","Unfall 178073 (2024) Kat:3, Licht: 0","178073","3","4","6","06","15","6","","0","0","1","1","0"
"POINT (6.926328184000056 50.924924085000043)","Unfall 178074 (2024) Kat:2, Licht: 0","178074","2","2","5","06","09","6","","0","1","1","0","0"
"POINT (7.001757849000057 50.961747431000049)","Unfall 178173 (2024) Kat:3, Licht: 0","178173","3","5","1","06","20","5","","0","1","1","0","0"
"POINT (7.009298972000067 50.979407346000073)","Unfall 178174 (2024) Kat:3, Licht: 0","178174","3","6","8","06","18","5","","0","0","1","0","0"
"POINT (6.898689380000064 51.019864938000069)","Unfall 178175 (2024) Kat:3, Licht: 0","178175","3","6","1","06","16","5","","0","0","1","0","1"
"POINT (6.892998604000070 51.022448938000082)","Unfall 178176 (2024) Kat:3, Licht: 0","178176","3","3","5","06","15","5","","0","1","1","0","0"
"POINT (6.960904089000053 50.952108546000034)","Unfall 178177 (2024) Kat:3, Licht: 0","178177","3","2","6","06","15","5","","0","0","1","1","0"
"POINT (6.929189648000033 50.944977927000082)","Unfall 178178 (2024) Kat:3, Licht: 0","178178","3","6","4","06","18","5","","0","1","1","0","0"
"POINT (6.910734421000029 50.964046390000078)","Unfall 178179 (2024) Kat:3, Licht: 0","178179","3","2","5","06","11","5","","0","0","1","0","0"
"POINT (6.932582865000029 50.926923716000033)","Unfall 178180 (2024) Kat:3, Licht: 0","178180","3","1","0","06","20","5","","0","1","0","0","0"
"POINT (6.934722811000029 50.927679114000057)","Unfall 178181 (2024) Kat:3, Licht: 0","178181","3","1","0","06","15","5","","0","1","0","0","0"
"POINT (6.937273187000073 50.941310256000065)","Unfall 178182 (2024) Kat:3, Licht: 0","178182","3","6","0","06","10","5","","0","1","0","1","0"
"POINT (7.058714987000030 50.902724988000045)","Unfall 178274 (2024) Kat:3, Licht: 0","178274","3","4","6","06","19","4","","0","0","1","1","0"
"POINT (6.914814809000063 50.951457681000079)","Unfall 178275 (2024) Kat:3, Licht: 0","178275","3","3","5","06","18","4","","0","1","1","0","0"
"POINT (6.917547728000045 50.949656979000054)","Unfall 178276 (2024) Kat:3, Licht: 0","178276","3","7","1","06","15","4","","0","0","1","1","0"
"POINT (6.914127131000043 50.920201701000053)","Unfall 178277 (2024) Kat:3, Licht: 0","178277","3","7","0","06","07","4","","0","1","1","0","0"
"POINT (7.066500392000023 50.881984217000081)","Unfall 178343 (2024) Kat:3, Licht: 0","178343","3","5","1","06","19","3","","0","0","1","0","0"
"POINT (6.999939453000025 50.929231339000069)","Unfall 178344 (2024) Kat:1, Licht: 0","178344","1","4","6","06","15","3","","0","0","0","1","0"
"POINT (7.000657467000053 50.936637435000080)","Unfall 178345 (2024) Kat:3, Licht: 0","178345","3","6","2","06","15","3","","0","0","1","0","1"
"POINT (7.064900090000037 50.888778156000058)","Unfall 178346 (2024) Kat:3, Licht: 0","178346","3","3","5","06","13","3","","0","0","1","0","0"
"POINT (6.980621797000026 50.936367705000066)","Unfall 178347 (2024) Kat:3, Licht: 0","178347","3","7","0","06","11","3","","0","0","1","1","0"
"POINT (6.939204987000039 50.969552675000045)","Unfall 178348 (2024) Kat:3, Licht: 0","178348","3","3","5","06","17","3","","0","1","1","0","0"
"POINT (6.936956911000038 50.962238614000057)","Unfall 178349 (2024) Kat:3, Licht: 0","178349","3","6","4","06","16","3","","0","1","0","0","0"
"POINT (6.907984934000069 50.991791067000065)","Unfall 178350 (2024) Kat:3, Licht: 0","178350","3","3","5","06","08","3","","0","1","1","0","0"
"POINT (6.922602456000050 50.944831510000029)","Unfall 178351 (2024) Kat:3, Licht: 0","178351","3","5","2","06","20","3","","0","1","1","0","0"
"POINT (6.939721124000073 50.917771966000032)","Unfall 178388 (2024) Kat:3, Licht: 0","178388","3","2","0","06","08","4","","0","1","1","0","0"
"POINT (6.996538649000058 50.946132459000069)","Unfall 178417 (2024) Kat:3, Licht: 0","178417","3","6","0","06","20","2","","0","0","0","0","1"
"POINT (6.991940969000041 50.939926639000078)","Unfall 178418 (2024) Kat:3, Licht: 0","178418","3","1","0","06","15","2","","0","0","0","0","0"
"POINT (6.997922891000030 50.940101080000034)","Unfall 178419 (2024) Kat:3, Licht: 0","178419","3","4","6","06","11","2","","0","0","1","1","0"
"POINT (6.881143877000056 50.966481209000051)","Unfall 178420 (2024) Kat:3, Licht: 1","178420","3","2","5","06","20","2","","1","0","1","0","0"
"POINT (6.934575975000030 50.942773112000054)","Unfall 178422 (2024) Kat:2, Licht: 0","178422","2","3","5","06","11","2","","0","1","0","0","1"
"POINT (6.944030125000040 50.923788930000057)","Unfall 178423 (2024) Kat:3, Licht: 0","178423","3","2","0","06","11","2","","0","1","1","0","0"
"POINT (6.923189221000030 50.977334296000038)","Unfall 178474 (2024) Kat:3, Licht: 0","178474","3","7","0","06","17","6","","0","0","1","0","0"
"POINT (7.115401821000034 50.879693863000057)","Unfall 178494 (2024) Kat:3, Licht: 0","178494","3","3","5","06","20","1","","0","0","1","0","0"
"POINT (6.870921988000021 51.005548073000057)","Unfall 178495 (2024) Kat:3, Licht: 0","178495","3","5","9","06","17","1","","0","0","1","0","0"
"POINT (6.946345822000069 50.973536729000045)","Unfall 178496 (2024) Kat:3, Licht: 0","178496","3","2","5","06","09","1","","0","1","1","0","0"
"POINT (6.909535248000054 50.962893119000057)","Unfall 178497 (2024) Kat:3, Licht: 0","178497","3","2","5","06","18","1","","0","1","0","0","0"
"POINT (6.959075440000049 50.918593541000064)","Unfall 178498 (2024) Kat:3, Licht: 0","178498","3","5","1","06","15","1","","0","1","1","0","0"
"POINT (6.924524075000022 50.890183917000058)","Unfall 178499 (2024) Kat:2, Licht: 0","178499","2","1","0","06","13","1","","0","0","0","0","1"
"POINT (6.926175342000022 50.995301398000038)","Unfall 178511 (2024) Kat:3, Licht: 0","178511","3","3","5","06","16","5","","0","1","1","0","0"
"POINT (6.927264683000033 50.977314245000059)","Unfall 178537 (2024) Kat:3, Licht: 0","178537","3","3","5","06","16","7","","0","1","1","0","0"
"POINT (6.939719275000073 50.917769672000077)","Unfall 178538 (2024) Kat:3, Licht: 0","178538","3","6","2","06","18","7","","0","0","1","0","0"
"POINT (6.956703829000048 50.948130886000058)","Unfall 178539 (2024) Kat:3, Licht: 0","178539","3","6","4","06","18","7","","0","1","0","0","0"
"POINT (6.956053609000037 50.941741560000025)","Unfall 178540 (2024) Kat:3, Licht: 0","178540","3","3","5","06","19","7","","0","1","1","0","0"
"POINT (6.940840932000071 50.936542390000056)","Unfall 178542 (2024) Kat:3, Licht: 0","178542","3","4","6","06","11","7","","0","0","1","1","0"
"POINT (6.942810662000056 50.940014588000054)","Unfall 178544 (2024) Kat:2, Licht: 2","178544","2","1","0","06","04","7","","2","1","0","0","0"
"POINT (7.041444786000056 50.941248035000058)","Unfall 178575 (2024) Kat:3, Licht: 0","178575","3","2","5","06","18","6","","0","1","1","0","0"
"POINT (7.042223993000050 50.867721251000034)","Unfall 178576 (2024) Kat:3, Licht: 0","178576","3","1","0","06","17","6","","0","1","0","0","0"
"POINT (7.001107865000051 50.961872428000049)","Unfall 178577 (2024) Kat:3, Licht: 2","178577","3","1","0","06","00","6","","2","0","1","0","0"
"POINT (6.936932200000058 51.025807584000063)","Unfall 178578 (2024) Kat:3, Licht: 0","178578","3","6","4","06","18","6","","0","1","0","0","0"
"POINT (6.889712859000042 51.025628550000079)","Unfall 178579 (2024) Kat:3, Licht: 0","178579","3","3","5","06","14","6","","0","0","1","0","0"
"POINT (6.907819606000032 50.997453592000056)","Unfall 178580 (2024) Kat:3, Licht: 0","178580","3","3","0","06","12","6","","0","0","1","0","1"