WKT,Name,OBJECTID,UKATEGORIE,UTYP1,UART,UMONAT,USTUNDE,UWOCHENTAG,STRZUSTAND,ULICHTVERH,ISTRAD,ISTPKW,ISTFUSS,ISTKRAD
"POINT (6.960977240000034 50.984597987000029)","Unfall 178581 (2024) Kat:3, Licht: 0","178581","3","2","3","06","08","6","","0","1","1","0","0"
"POINT (6.929051790000074 50.944682511000053)","Unfall 178582 (2024) Kat:2, Licht: 0","178582","2","6","4","06","12","6","","0","1","0","0","0"
"POINT (6.913733204000039 50.952128299000037)","Unfall 178583 (2024) Kat:3, Licht: 0","178583","3","4","4","06","14","6","","0","1","0","1","0"
"POINT (6.992589240000029 50.890713411000036)","Unfall 178584 (2024) Kat:3, Licht: 0","178584","3","4","6","06","14","6","","0","0","1","1","0"
"POINT (6.997809591000021 50.881457767000029)","Unfall 178585 (2024) Kat:3, Licht: 0","178585","3","1","0","06","12","6","","0","1","0","0","0"
"POINT (6.955279502000053 50.927037615000074)","Unfall 178586 (2024) Kat:3, Licht: 0","178586","3","1","0","06","18","6","","0","1","0","0","0"
"POINT (6.961080494000043 50.936590599000056)","Unfall 178587 (2024) Kat:3, Licht: 0","178587","3","7","5","06","14","6","","0","1","0","0","0"
"POINT (6.945707403000029 50.943729799000039)","Unfall 178588 (2024) Kat:3, Licht: 0","178588","3","3","0","06","10","6","","0","1","0","0","0"
"POINT (6.960594558000025 50.917703953000057)","Unfall 178589 (2024) Kat:3, Licht: 0","178589","3","1","6","06","10","6","","0","0","1","1","0"
"POINT (6.946615304000034 50.941065958000081)","Unfall 178590 (2024) Kat:3, Licht: 0","178590","3","1","0","06","09","6","","0","0","0","0","1"
"POINT (6.998871260000044 50.920063378000066)","Unfall 178664 (2024) Kat:3, Licht: 0","178664","3","3","5","06","11","5","","0","1","1","0","0"
"POINT (7.037880872000073 50.969396157000062)","Unfall 178665 (2024) Kat:3, Licht: 0","178665","3","3","5","06","15","5","","0","1","1","0","0"
"POINT (7.032182175000059 50.970921893000082)","Unfall 178666 (2024) Kat:3, Licht: 2","178666","3","2","5","06","00","5","","2","0","1","0","1"
"POINT (6.960968548000039 50.984524353000040)","Unfall 178667 (2024) Kat:3, Licht: 2","178667","3","1","0","06","23","5","","2","1","0","0","0"
"POINT (6.923306529000058 50.972342241000035)","Unfall 178668 (2024) Kat:2, Licht: 0","178668","2","1","0","06","09","5","","0","0","1","0","0"
"POINT (6.832427829000039 50.959881433000078)","Unfall 178669 (2024) Kat:3, Licht: 0","178669","3","6","1","06","11","5","","0","0","1","0","1"
"POINT (6.907958016000066 50.955103931000053)","Unfall 178670 (2024) Kat:3, Licht: 0","178670","3","1","0","06","09","5","","0","1","0","0","0"
"POINT (7.064904353000031 50.895671411000080)","Unfall 178745 (2024) Kat:1, Licht: 0","178745","1","7","6","06","09","4","","0","0","0","1","0"
"POINT (7.069147218000069 50.883827044000043)","Unfall 178746 (2024) Kat:3, Licht: 0","178746","3","1","0","06","09","4","","0","1","0","0","0"
"POINT (7.023737839000034 50.982105701000080)","Unfall 178747 (2024) Kat:3, Licht: 0","178747","3","1","0","06","12","4","","0","1","0","0","0"
"POINT (6.956801920000032 50.974154408000061)","Unfall 178748 (2024) Kat:3, Licht: 0","178748","3","3","5","06","17","4","","0","1","1","0","0"
"POINT (6.941062959000021 50.958454973000073)","Unfall 178749 (2024) Kat:2, Licht: 0","178749","2","2","6","06","10","4","","0","0","1","1","0"
"POINT (6.897076391000041 51.020281194000063)","Unfall 178750 (2024) Kat:3, Licht: 1","178750","3","1","9","06","01","4","","1","1","0","0","0"
"POINT (6.912453981000056 50.949698503000036)","Unfall 178751 (2024) Kat:3, Licht: 0","178751","3","1","0","06","21","4","","0","0","0","0","0"
"POINT (7.044475256000055 50.919134446000044)","Unfall 178830 (2024) Kat:2, Licht: 0","178830","2","2","5","06","19","3","","0","1","1","0","0"
"POINT (7.062977001000036 50.935120489000042)","Unfall 178831 (2024) Kat:3, Licht: 0","178831","3","6","2","06","17","3","","0","0","1","0","0"
"POINT (6.950116506000029 50.954610709000065)","Unfall 178832 (2024) Kat:3, Licht: 0","178832","3","6","2","06","17","3","","0","0","1","0","0"
"POINT (6.969041945000072 50.967508442000053)","Unfall 178833 (2024) Kat:3, Licht: 0","178833","3","2","5","06","10","3","","0","1","1","0","0"
"POINT (6.936611449000054 50.912359357000071)","Unfall 178834 (2024) Kat:3, Licht: 0","178834","3","1","9","06","08","3","","0","1","1","0","0"
"POINT (6.944490839000025 50.926087484000050)","Unfall 178835 (2024) Kat:3, Licht: 0","178835","3","5","0","06","18","3","","0","1","1","0","0"
"POINT (6.947767970000029 50.941275517000065)","Unfall 178836 (2024) Kat:3, Licht: 2","178836","3","1","0","06","03","3","","2","0","0","0","0"
"POINT (6.909646479000060 50.988086376000069)","Unfall 178865 (2024) Kat:3, Licht: 0","178865","3","2","5","06","15","3","","0","0","1","0","0"
"POINT (7.113637791000031 50.880063054000061)","Unfall 178930 (2024) Kat:3, Licht: 2","178930","3","3","5","06","22","2","","2","0","1","0","0"
"POINT (6.969306861000064 50.971191063000049)","Unfall 178931 (2024) Kat:2, Licht: 0","178931","2","3","5","06","20","2","","0","1","0","0","0"
"POINT (6.963454108000064 50.955315686000063)","Unfall 178932 (2024) Kat:3, Licht: 0","178932","3","4","6","06","16","2","","0","1","0","1","0"
"POINT (6.939267528000073 50.969499680000069)","Unfall 178933 (2024) Kat:3, Licht: 0","178933","3","3","5","06","16","2","","0","1","1","0","0"
"POINT (6.913532777000057 50.952520838000055)","Unfall 178934 (2024) Kat:3, Licht: 0","178934","3","1","6","06","13","2","","0","0","0","1","0"
"POINT (6.911257533000025 50.966311789000031)","Unfall 178935 (2024) Kat:3, Licht: 2","178935","3","3","5","06","23","2","","2","0","1","0","0"
"POINT (6.923819394000020 50.944286210000030)","Unfall 178936 (2024) Kat:3, Licht: 0","178936","3","6","2","06","19","2","","0","0","1","0","1"
"POINT (6.899921448000043 50.952410744000076)","Unfall 178938 (2024) Kat:3, Licht: 0","178938","3","6","3","06","19","2","","0","1","1","0","0"
"POINT (6.910169171000064 50.963503147000040)","Unfall 178939 (2024) Kat:2, Licht: 0","178939","2","6","2","06","15","2","","0","1","0","0","0"
"POINT (6.912717571000030 50.952783089000036)","Unfall 178940 (2024) Kat:3, Licht: 0","178940","3","2","3","06","10","2","","0","1","1","0","0"
"POINT (6.922256264000055 50.861102872000060)","Unfall 178941 (2024) Kat:3, Licht: 0","178941","3","4","6","06","15","2","","0","0","0","1","0"
"POINT (6.918657953000036 50.921203479000042)","Unfall 178942 (2024) Kat:3, Licht: 0","178942","3","1","0","06","13","2","","0","1","0","0","0"
"POINT (6.945026625000025 50.947162154000068)","Unfall 178943 (2024) Kat:3, Licht: 1","178943","3","3","5","06","22","2","","1","1","1","0","0"
"POINT (6.942421076000073 50.932100427000080)","Unfall 178944 (2024) Kat:3, Licht: 0","178944","3","1","0","06","17","2","","0","1","0","0","0"
"POINT (6.939245680000056 50.934654688000080)","Unfall 178945 (2024) Kat:3, Licht: 2","178945","3","3","5","06","01","2","","2","0","1","0","0"
"POINT (7.075789766000071 50.944518720000076)","Unfall 179003 (2024) Kat:3, Licht: 0","179003","3","2","0","06","11","1","","0","0","1","0","1"
"POINT (6.995329651000077 50.998619587000064)","Unfall 179004 (2024) Kat:2, Licht: 0","179004","2","4","6","06","14","1","","0","0","1","1","0"
"POINT (6.964502421000020 50.911590344000047)","Unfall 179005 (2024) Kat:2, Licht: 2","179005","2","2","2","06","22","1","","2","0","1","0","0"
"POINT (7.005810308000036 50.966980714000044)","Unfall 179011 (2024) Kat:3, Licht: 0","179011","3","6","3","06","14","4","","0","0","1","0","0"
"POINT (6.910811641000066 50.954009810000059)","Unfall 179053 (2024) Kat:3, Licht: 0","179053","3","1","0","06","13","6","","0","0","0","0","0"
"POINT (6.934398554000040 50.950915992000034)","Unfall 179061 (2024) Kat:3, Licht: 2","179061","3","1","9","06","23","7","","2","0","1","0","0"
"POINT (6.985987388000069 50.952831936000052)","Unfall 179063 (2024) Kat:3, Licht: 0","179063","3","1","0","06","17","7","","0","0","0","0","1"
"POINT (6.974547890000053 50.929968898000027)","Unfall 179064 (2024) Kat:3, Licht: 1","179064","3","1","0","06","20","7","","1","0","0","0","0"
"POINT (7.003472754000029 50.962993846000074)","Unfall 179065 (2024) Kat:3, Licht: 0","179065","3","7","7","06","14","7","","0","0","0","1","1"
"POINT (6.948556322000059 50.958881851000058)","Unfall 179066 (2024) Kat:3, Licht: 0","179066","3","6","0","06","14","7","","0","1","0","1","0"
"POINT (6.935806957000068 50.969016077000049)","Unfall 179067 (2024) Kat:3, Licht: 0","179067","3","1","0","06","10","7","","0","1","0","0","0"
"POINT (6.899941024000043 50.953684034000048)","Unfall 179069 (2024) Kat:3, Licht: 2","179069","3","1","0","06","22","7","","2","0","0","0","1"
"POINT (6.904512791000059 50.962182342000062)","Unfall 179070 (2024) Kat:3, Licht: 2","179070","3","1","8","06","02","7","","2","1","0","0","0"
"POINT (6.995276364000063 50.939273980000053)","Unfall 179120 (2024) Kat:2, Licht: 0","179120","2","3","0","06","16","5","","0","1","1","0","0"
"POINT (7.021423631000062 50.963739829000076)","Unfall 179128 (2024) Kat:3, Licht: 0","179128","3","5","0","06","16","6","","0","1","1","0","0"
"POINT (7.033698414000071 50.971174301000076)","Unfall 179129 (2024) Kat:3, Licht: 0","179129","3","1","0","06","14","6","","0","1","0","0","0"
"POINT (6.914779133000025 50.951449122000042)","Unfall 179130 (2024) Kat:3, Licht: 2","179130","3","3","5","06","23","6","","2","1","1","0","0"
"POINT (6.835603373000026 50.970889663000037)","Unfall 179131 (2024) Kat:3, Licht: 0","179131","3","3","5","06","13","6","","0","1","1","0","0"
"POINT (7.033667325000067 50.897364455000059)","Unfall 179132 (2024) Kat:3, Licht: 0","179132","3","1","9","06","16","6","","0","1","0","0","0"
"POINT (6.956125800000052 50.945071747000043)","Unfall 179133 (2024) Kat:3, Licht: 0","179133","3","1","0","06","14","6","","0","1","0","0","0"
"POINT (6.998918389000039 50.920062794000046)","Unfall 179146 (2024) Kat:3, Licht: 0","179146","3","3","5","06","09","6","","0","1","0","0","0"
"POINT (7.011035297000035 50.964338207000026)","Unfall 179184 (2024) Kat:3, Licht: 0","179184","3","4","6","06","18","2","","0","0","0","1","0"
"POINT (6.974289269000053 51.002260689000082)","Unfall 179211 (2024) Kat:3, Licht: 0","179211","3","1","0","06","14","5","","0","1","0","0","0"
"POINT (6.858471303000044 50.925681805000067)","Unfall 179212 (2024) Kat:3, Licht: 2","179212","3","6","4","06","22","5","","2","1","0","0","0"
"POINT (6.915783224000052 50.950799681000035)","Unfall 179213 (2024) Kat:3, Licht: 0","179213","3","5","0","06","16","5","","0","1","1","0","0"
"POINT (6.875502104000020 50.949488866000081)","Unfall 179214 (2024) Kat:3, Licht: 0","179214","3","3","5","06","08","5","","0","1","1","0","0"
"POINT (6.927593552000076 50.900755806000063)","Unfall 179215 (2024) Kat:2, Licht: 0","179215","2","3","5","06","19","5","","0","1","0","0","0"
"POINT (6.957380566000040 50.904511382000067)","Unfall 179216 (2024) Kat:3, Licht: 0","179216","3","6","1","06","10","5","","0","0","1","0","0"
"POINT (6.954363699000055 50.931145024000045)","Unfall 179217 (2024) Kat:3, Licht: 0","179217","3","6","3","06","17","5","","0","0","1","0","1"
"POINT (6.954165320000072 50.931714310000075)","Unfall 179218 (2024) Kat:3, Licht: 0","179218","3","3","5","06","13","5","","0","1","1","0","0"
"POINT (6.952893356000061 50.941485870000065)","Unfall 179219 (2024) Kat:3, Licht: 0","179219","3","2","5","06","08","5","","0","0","1","0","0"
"POINT (6.947648087000061 50.948166476000040)","Unfall 179220 (2024) Kat:3, Licht: 0","179220","3","1","0","06","09","5","","0","1","0","0","0"
"POINT (6.896943534000059 51.020271543000035)","Unfall 179297 (2024) Kat:3, Licht: 0","179297","3","4","0","06","13","4","","0","0","0","1","0"
"POINT (6.881320403000075 50.933661238000070)","Unfall 179298 (2024) Kat:3, Licht: 1","179298","3","7","0","06","21","4","","1","0","1","1","0"
"POINT (6.922958157000039 50.952260283000044)","Unfall 179299 (2024) Kat:3, Licht: 2","179299","3","6","4","06","23","4","","2","1","1","0","0"
"POINT (6.899487571000066 50.954822479000029)","Unfall 179301 (2024) Kat:2, Licht: 0","179301","2","2","5","06","19","4","","0","0","1","0","1"
"POINT (6.894131107000021 50.953160876000027)","Unfall 179302 (2024) Kat:3, Licht: 0","179302","3","7","0","06","12","4","","0","0","1","0","0"
"POINT (6.890848361000053 50.946756977000064)","Unfall 179303 (2024) Kat:3, Licht: 0","179303","3","2","4","06","08","4","","0","1","1","0","0"
"POINT (6.880684826000049 50.947328042000038)","Unfall 179304 (2024) Kat:3, Licht: 0","179304","3","3","5","06","07","4","","0","1","1","0","0"
"POINT (7.018597443000033 50.874834040000053)","Unfall 179305 (2024) Kat:3, Licht: 0","179305","3","2","2","06","10","4","","0","1","1","0","0"
"POINT (6.958885916000042 50.936341260000063)","Unfall 179306 (2024) Kat:3, Licht: 2","179306","3","1","0","06","22","4","","2","1","0","0","0"
"POINT (6.957933952000076 50.947511288000044)","Unfall 179307 (2024) Kat:3, Licht: 0","179307","3","6","1","06","15","4","","0","0","0","0","1"
"POINT (6.947081777000051 50.926989626000079)","Unfall 179308 (2024) Kat:3, Licht: 0","179308","3","3","5","06","07","4","","0","1","1","0","0"
"POINT (6.947494672000062 50.943272918000048)","Unfall 179309 (2024) Kat:3, Licht: 0","179309","3","2","5","06","08","4","","0","0","1","0","0"
"POINT (7.004123714000059 50.954161140000053)","Unfall 179388 (2024) Kat:3, Licht: 0","179388","3","4","6","06","15","3","","0","0","1","1","0"
"POINT (6.888102930000059 51.020523282000056)","Unfall 179389 (2024) Kat:2, Licht: 0","179389","2","6","2","06","15","3","","0","0","1","0","0"
"POINT (6.925801566000075 50.923668486000054)","Unfall 179390 (2024) Kat:3, Licht: 0","179390","3","1","0","06","20","3","","0","1","0","0","0"
"POINT (6.991602429000068 50.891589759000055)","Unfall 179391 (2024) Kat:3, Licht: 0","179391","3","1","0","06","11","3","","0","0","0","0","1"
"POINT (6.950101867000058 50.925687591000042)","Unfall 179392 (2024) Kat:3, Licht: 0","179392","3","1","0","06","17","3","","0","1","0","0","0"
"POINT (6.958835308000062 50.923485863000053)","Unfall 179393 (2024) Kat:3, Licht: 0","179393","3","1","0","06","08","3","","0","1","0","0","0"
"POINT (6.881224144000043 50.966455826000072)","Unfall 179422 (2024) Kat:3, Licht: 2","179422","3","2","5","06","22","4","","2","0","1","0","0"
"POINT (7.077948052000067 50.891538784000034)","Unfall 179442 (2024) Kat:2, Licht: 0","179442","2","1","0","06","19","6","","0","1","0","0","0"
"POINT (6.995720510000069 50.952476670000067)","Unfall 179456 (2024) Kat:3, Licht: 0","179456","3","1","0","06","18","2","","0","0","0","0","1"
"POINT (7.001283517000047 50.953904135000073)","Unfall 179457 (2024) Kat:3, Licht: 0","179457","3","5","1","06","16","2","","0","0","1","0","0"
"POINT (6.911749127000064 50.938292187000059)","Unfall 179458 (2024) Kat:3, Licht: 0","179458","3","7","0","06","15","2","","0","1","0","0","0"
"POINT (6.879770197000028 50.947188500000038)","Unfall 179459 (2024) Kat:3, Licht: 0","179459","3","6","2","06","10","2","","0","0","1","0","0"
"POINT (6.901537821000034 50.926338107000049)","Unfall 179460 (2024) Kat:3, Licht: 0","179460","3","1","0","06","15","2","","0","1","0","0","0"
"POINT (6.941561390000061 50.910857524000050)","Unfall 179461 (2024) Kat:3, Licht: 0","179461","3","1","0","06","15","2","","0","1","0","0","0"
"POINT (6.923239031000037 50.922802290000050)","Unfall 179462 (2024) Kat:3, Licht: 0","179462","3","1","0","06","15","2","","0","1","0","0","0"
"POINT (6.955570576000071 50.927426404000073)","Unfall 179463 (2024) Kat:3, Licht: 0","179463","3","7","5","06","14","2","","0","0","1","0","1"
"POINT (6.947413185000073 50.945886885000050)","Unfall 179464 (2024) Kat:3, Licht: 0","179464","3","3","5","06","11","2","","0","1","1","0","0"
"POINT (6.928229078000072 50.941747783000039)","Unfall 179530 (2024) Kat:3, Licht: 0","179530","3","1","0","06","13","1","","0","1","0","0","0"
"POINT (6.899857446000055 50.963887361000047)","Unfall 179531 (2024) Kat:3, Licht: 0","179531","3","6","2","06","12","1","","0","1","1","0","0"
"POINT (6.954180754000049 50.897019933000081)","Unfall 179532 (2024) Kat:3, Licht: 0","179532","3","5","0","06","13","1","","0","1","1","0","0"
"POINT (6.937677908000069 50.939377572000069)","Unfall 179533 (2024) Kat:3, Licht: 2","179533","3","1","1","06","04","1","","2","0","1","0","0"
"POINT (6.892707902000041 50.961239411000065)","Unfall 179534 (2024) Kat:3, Licht: 0","179534","3","2","0","06","14","3","","0","0","1","1","0"
"POINT (7.018545765000056 50.942035474000079)","Unfall 179568 (2024) Kat:3, Licht: 0","179568","3","3","5","06","20","7","","0","1","1","0","0"
"POINT (7.049566977000040 50.901691062000054)","Unfall 179569 (2024) Kat:3, Licht: 0","179569","3","5","1","06","16","7","","0","0","1","0","0"
"POINT (7.101808589000029 50.878629162000038)","Unfall 179571 (2024) Kat:3, Licht: 0","179571","3","7","9","06","10","7","","0","0","1","0","0"
"POINT (6.973850804000051 50.924833352000064)","Unfall 179572 (2024) Kat:3, Licht: 0","179572","3","1","7","06","21","7","","0","0","0","0","0"
"POINT (6.986295497000071 50.953076722000048)","Unfall 179573 (2024) Kat:3, Licht: 0","179573","3","1","0","06","18","7","","0","1","0","0","0"
"POINT (6.901363478000064 51.005377356000054)","Unfall 179574 (2024) Kat:2, Licht: 0","179574","2","1","0","06","10","7","","0","1","0","0","0"
"POINT (6.912717571000030 50.952783089000036)","Unfall 179576 (2024) Kat:3, Licht: 0","179576","3","2","5","06","19","7","","0","1","1","0","0"
"POINT (6.959619401000054 50.919728327000030)","Unfall 179577 (2024) Kat:3, Licht: 0","179577","3","6","1","06","20","7","","0","1","1","0","0"
"POINT (6.976350064000030 50.975280456000064)","Unfall 179608 (2024) Kat:3, Licht: 0","179608","3","1","0","07","13","1","","0","1","0","0","0"
"POINT (6.885156540000025 50.933813920000034)","Unfall 179609 (2024) Kat:3, Licht: 0","179609","3","1","0","07","13","1","","0","1","0","0","0"
"POINT (6.917812858000048 50.918645239000057)","Unfall 179610 (2024) Kat:3, Licht: 0","179610","3","3","5","07","14","1","","0","1","1","0","0"
"POINT (6.942896255000051 50.946489923000058)","Unfall 179611 (2024) Kat:3, Licht: 0","179611","3","4","6","07","20","1","","0","0","0","1","1"
"POINT (6.932967084000040 50.931726445000038)","Unfall 179612 (2024) Kat:3, Licht: 0","179612","3","2","0","07","17","1","","0","1","1","0","0"
"POINT (7.034374450000030 50.966578210000080)","Unfall 179652 (2024) Kat:3, Licht: 0","179652","3","5","0","07","18","7","","0","1","0","0","0"
"POINT (6.964044422000029 50.983555062000050)","Unfall 179653 (2024) Kat:3, Licht: 1","179653","3","1","8","07","04","7","","1","0","1","0","0"
"POINT (6.916501594000067 50.950335400000029)","Unfall 179654 (2024) Kat:3, Licht: 0","179654","3","1","0","07","04","7","","0","0","0","0","0"
"POINT (6.931626705000042 50.931423426000038)","Unfall 179655 (2024) Kat:3, Licht: 0","179655","3","3","5","07","16","7","","0","1","1","0","0"
"POINT (6.935562553000068 50.942267505000075)","Unfall 179656 (2024) Kat:3, Licht: 0","179656","3","4","6","07","20","7","","0","1","0","1","0"
"POINT (6.996684238000057 50.936780295000062)","Unfall 179695 (2024) Kat:3, Licht: 0","179695","3","1","0","07","08","6","","0","0","1","0","0"
"POINT (6.963416293000023 50.954244849000077)","Unfall 179696 (2024) Kat:3, Licht: 0","179696","3","4","6","07","18","6","","0","1","0","1","0"
"POINT (6.923061198000028 51.034771937000073)","Unfall 179697 (2024) Kat:3, Licht: 0","179697","3","2","5","07","13","6","","0","0","0","0","0"
"POINT (6.919494385000064 50.926023596000050)","Unfall 179698 (2024) Kat:3, Licht: 1","179698","3","7","0","07","21","6","","1","1","0","0","0"
"POINT (6.920657803000040 50.921883308000076)","Unfall 179699 (2024) Kat:3, Licht: 0","179699","3","1","0","07","18","6","","0","1","1","0","0"
"POINT (6.962324616000046 50.912433659000044)","Unfall 179700 (2024) Kat:3, Licht: 0","179700","3","6","2","07","17","6","","0","0","1","0","1"
"POINT (6.934919892000039 50.941159772000049)","Unfall 179701 (2024) Kat:3, Licht: 0","179701","3","2","5","07","13","6","","0","1","1","0","0"
"POINT (6.923787601000072 50.908983381000041)","Unfall 179715 (2024) Kat:3, Licht: 0","179715","3","5","3","07","09","6","","0","1","1","0","0"
"POINT (6.950338306000049 50.949212512000031)","Unfall 179754 (2024) Kat:3, Licht: 0","179754","3","3","5","07","18","5","","0","1","1","0","0"
"POINT (6.936412072000053 50.929152822000049)","Unfall 179755 (2024) Kat:3, Licht: 0","179755","3","3","5","07","09","5","","0","1","0","0","0"
"POINT (7.060809877000054 50.928836618000048)","Unfall 179817 (2024) Kat:2, Licht: 0","179817","2","4","6","07","12","4","","0","0","1","1","0"
"POINT (6.919684157000063 50.952177433000031)","Unfall 179818 (2024) Kat:3, Licht: 0","179818","3","6","4","07","18","4","","0","1","0","0","1"
"POINT (6.933356116000027 50.943338416000074)","Unfall 179819 (2024) Kat:3, Licht: 0","179819","3","6","2","07","15","4","","0","1","0","0","0"
"POINT (6.968838006000055 50.976579319000052)","Unfall 179881 (2024) Kat:3, Licht: 2","179881","3","2","6","07","08","3","","2","0","1","1","0"
"POINT (6.936369750000040 50.947104339000077)","Unfall 179882 (2024) Kat:3, Licht: 0","179882","3","3","5","07","16","3","","0","1","1","0","0"
"POINT (6.939479298000037 50.938826042000073)","Unfall 179884 (2024) Kat:3, Licht: 0","179884","3","3","4","07","14","3","","0","1","0","0","0"
"POINT (6.940832248000049 50.941634387000079)","Unfall 179885 (2024) Kat:3, Licht: 0","179885","3","6","2","07","09","3","","0","1","1","0","0"
"POINT (7.009903430000065 50.966609289000075)","Unfall 179929 (2024) Kat:3, Licht: 1","179929","3","4","6","07","21","3","","1","0","0","1","1"
"POINT (6.901593672000047 50.957207092000033)","Unfall 179944 (2024) Kat:3, Licht: 0","179944","3","6","4","07","06","2","","0","1","0","0","0"
"POINT (6.892185371000039 50.989485507000040)","Unfall 179945 (2024) Kat:2, Licht: 0","179945","2","2","5","07","19","2","","0","0","0","0","0"
"POINT (6.910734787000024 50.919369549000066)","Unfall 179946 (2024) Kat:2, Licht: 0","179946","2","2","5","07","09","2","","0","1","1","0","0"
"POINT (6.974171934000026 50.975120381000067)","Unfall 179950 (2024) Kat:3, Licht: 0","179950","3","6","2","07","10","3","","0","0","1","0","0"
"POINT (6.999678480000057 50.964489265000054)","Unfall 179990 (2024) Kat:3, Licht: 0","179990","3","1","0","07","18","1","","0","1","0","0","0"
"POINT (6.849326144000031 51.049359295000045)","Unfall 179991 (2024) Kat:3, Licht: 0","179991","3","4","6","07","17","1","","0","0","1","1","0"
"POINT (6.958089497000060 50.935321354000052)","Unfall 179992 (2024) Kat:3, Licht: 0","179992","3","2","5","07","14","1","","0","0","1","0","0"
"POINT (6.943023195000023 50.927691828000036)","Unfall 180017 (2024) Kat:3, Licht: 0","180017","3","5","1","07","19","3","","0","1","1","0","0"
"POINT (7.082495253000047 50.887320886000055)","Unfall 180034 (2024) Kat:3, Licht: 0","180034","3","2","9","07","20","7","","0","1","0","0","0"
"POINT (6.988452725000059 51.000470386000075)","Unfall 180035 (2024) Kat:3, Licht: 2","180035","3","1","0","07","00","7","","2","0","0","0","0"
"POINT (6.898042752000038 51.020691865000060)","Unfall 180036 (2024) Kat:3, Licht: 2","180036","3","7","0","07","00","7","","2","0","0","1","0"
"POINT (6.933310666000068 50.943624650000061)","Unfall 180037 (2024) Kat:3, Licht: 2","180037","3","1","0","07","22","7","","2","1","0","0","0"
"POINT (6.945560789000069 50.910793887000068)","Unfall 180038 (2024) Kat:2, Licht: 2","180038","2","1","0","07","00","7","","2","1","0","0","0"
"POINT (6.956768588000045 50.948663637000038)","Unfall 180039 (2024) Kat:2, Licht: 0","180039","2","1","0","07","14","7","","0","0","0","0","0"
"POINT (6.980056620000028 50.936406295000040)","Unfall 180102 (2024) Kat:3, Licht: 0","180102","3","6","0","07","21","6","","0","1","1","0","0"
"POINT (7.021767744000044 50.967248299000062)","Unfall 180103 (2024) Kat:3, Licht: 0","180103","3","1","0","07","15","6","","0","1","0","0","0"
"POINT (6.979075972000032 50.938609137000071)","Unfall 180104 (2024) Kat:3, Licht: 0","180104","3","7","0","07","10","6","","0","0","0","1","0"
"POINT (6.906746216000045 51.017932533000078)","Unfall 180105 (2024) Kat:2, Licht: 0","180105","2","7","1","07","08","6","","0","0","1","0","1"
"POINT (6.884914512000023 50.977272208000045)","Unfall 180106 (2024) Kat:2, Licht: 0","180106","2","2","5","07","07","6","","0","0","1","0","0"
"POINT (6.920036093000022 50.948443679000036)","Unfall 180107 (2024) Kat:3, Licht: 2","180107","3","5","0","07","22","6","","2","1","1","0","0"
"POINT (6.910132845000021 50.954683964000026)","Unfall 180108 (2024) Kat:3, Licht: 2","180108","3","5","1","07","22","6","","2","1","1","0","0"
"POINT (6.890969999000049 50.978664939000055)","Unfall 180109 (2024) Kat:3, Licht: 0","180109","3","3","0","07","16","6","","0","0","1","0","1"
"POINT (7.007115838000061 50.884137270000053)","Unfall 180111 (2024) Kat:3, Licht: 0","180111","3","6","3","07","07","6","","0","1","0","0","0"
"POINT (6.933091836000074 50.916385707000074)","Unfall 180112 (2024) Kat:3, Licht: 0","180112","3","7","1","07","11","6","","0","0","1","0","0"
"POINT (6.953709661000062 50.942558926000061)","Unfall 180113 (2024) Kat:3, Licht: 0","180113","3","5","0","07","10","6","","0","1","1","0","0"
"POINT (6.999704530000031 50.926579378000042)","Unfall 180179 (2024) Kat:3, Licht: 0","180179","3","3","0","07","15","5","","0","0","1","0","0"
"POINT (6.969506299000045 50.942810434000080)","Unfall 180180 (2024) Kat:2, Licht: 2","180180","2","1","0","07","22","5","","2","0","0","0","1"
"POINT (6.954776775000028 50.972125032000065)","Unfall 180181 (2024) Kat:3, Licht: 0","180181","3","3","5","07","11","5","","0","1","1","0","0"
"POINT (6.903063215000032 50.956711718000065)","Unfall 180182 (2024) Kat:3, Licht: 0","180182","3","6","2","07","11","5","","0","0","1","0","0"
"POINT (6.891484254000034 50.956004088000043)","Unfall 180183 (2024) Kat:3, Licht: 0","180183","3","2","5","07","09","5","","0","1","1","0","0"
"POINT (6.942852899000059 50.922704972000076)","Unfall 180184 (2024) Kat:3, Licht: 0","180184","3","6","3","07","07","5","","0","1","0","0","0"
"POINT (7.044012712000040 50.920103642000072)","Unfall 180250 (2024) Kat:3, Licht: 0","180250","3","3","5","07","18","4","","0","0","1","0","0"
"POINT (7.009679108000057 50.936952119000068)","Unfall 180251 (2024) Kat:3, Licht: 0","180251","3","5","0","07","15","4","","0","1","1","0","0"
"POINT (6.907972903000029 50.938508143000035)","Unfall 180252 (2024) Kat:3, Licht: 0","180252","3","7","0","07","08","4","","0","1","1","0","0"
"POINT (6.958234712000035 50.925916347000054)","Unfall 180253 (2024) Kat:3, Licht: 0","180253","3","5","0","07","18","4","","0","1","1","0","0"