WKT,Name,OBJECTID,UKATEGORIE,UTYP1,UART,UMONAT,USTUNDE,UWOCHENTAG,STRZUSTAND,ULICHTVERH,ISTRAD,ISTPKW,ISTFUSS,ISTKRAD
"POINT (6.954047923000076 50.931794700000069)","Unfall 180261 (2024) Kat:2, Licht: 0","180261","2","1","0","07","12","6","","0","0","0","0","1"
"POINT (7.025115946000028 50.934659099000044)","Unfall 180332 (2024) Kat:3, Licht: 0","180332","3","5","0","07","13","3","","0","1","1","0","0"
"POINT (7.001550769000062 50.945103360000076)","Unfall 180333 (2024) Kat:2, Licht: 0","180333","2","1","0","07","15","3","","0","0","0","0","0"
"POINT (6.971237434000045 50.968632984000067)","Unfall 180334 (2024) Kat:3, Licht: 0","180334","3","4","6","07","19","3","","0","0","0","1","0"
"POINT (6.892926074000059 51.015451286000030)","Unfall 180335 (2024) Kat:3, Licht: 0","180335","3","1","8","07","16","3","","0","0","1","0","0"
"POINT (6.910380757000041 50.917354008000075)","Unfall 180336 (2024) Kat:3, Licht: 0","180336","3","5","1","07","19","3","","0","1","1","0","0"
"POINT (6.918662794000056 50.921204780000039)","Unfall 180337 (2024) Kat:3, Licht: 0","180337","3","1","0","07","16","3","","0","0","0","0","1"
"POINT (6.932817896000074 50.929938941000046)","Unfall 180338 (2024) Kat:3, Licht: 0","180338","3","5","0","07","15","3","","0","0","1","0","1"
"POINT (6.909928755000067 50.922793861000059)","Unfall 180339 (2024) Kat:3, Licht: 0","180339","3","3","1","07","08","3","","0","0","1","0","1"
"POINT (7.025479433000044 50.904224710000051)","Unfall 180420 (2024) Kat:3, Licht: 0","180420","3","3","5","07","14","2","","0","0","1","0","0"
"POINT (7.100266774000033 50.857259230000068)","Unfall 180421 (2024) Kat:3, Licht: 0","180421","3","6","1","07","14","2","","0","0","1","0","1"
"POINT (7.001104676000068 50.934758579000061)","Unfall 180422 (2024) Kat:3, Licht: 0","180422","3","6","0","07","11","2","","0","0","1","0","0"
"POINT (7.001281170000027 50.953553214000067)","Unfall 180423 (2024) Kat:3, Licht: 0","180423","3","7","0","07","12","2","","0","1","1","0","0"
"POINT (6.943365654000047 50.968808746000036)","Unfall 180424 (2024) Kat:3, Licht: 0","180424","3","3","5","07","13","2","","0","1","1","0","0"
"POINT (7.001844557000027 50.875548664000064)","Unfall 180425 (2024) Kat:3, Licht: 0","180425","3","5","1","07","14","2","","0","1","0","0","1"
"POINT (6.920847370000047 50.914087685000027)","Unfall 180449 (2024) Kat:3, Licht: 0","180449","3","1","0","07","09","3","","0","1","0","0","0"
"POINT (7.063051528000074 50.891448838000031)","Unfall 180500 (2024) Kat:3, Licht: 0","180500","3","6","4","06","20","1","","0","1","0","0","0"
"POINT (7.068779425000059 50.891481486000032)","Unfall 180501 (2024) Kat:3, Licht: 0","180501","3","2","3","06","09","1","","0","0","1","0","0"
"POINT (6.914793378000070 50.951452539000059)","Unfall 180502 (2024) Kat:3, Licht: 2","180502","3","2","6","06","01","1","","2","1","0","1","0"
"POINT (6.969695725000065 50.918684881000047)","Unfall 180503 (2024) Kat:3, Licht: 2","180503","3","1","0","06","00","1","","2","1","0","0","0"
"POINT (6.946703091000074 50.958503050000047)","Unfall 180563 (2024) Kat:2, Licht: 2","180563","2","5","0","06","01","7","","2","1","1","0","0"
"POINT (6.836737501000073 50.938859205000028)","Unfall 180564 (2024) Kat:3, Licht: 0","180564","3","2","4","06","11","7","","0","1","1","0","0"
"POINT (6.891268594000053 50.934523890000037)","Unfall 180565 (2024) Kat:3, Licht: 0","180565","3","1","0","06","09","7","","0","1","0","0","0"
"POINT (6.964718335000043 50.903284332000055)","Unfall 180566 (2024) Kat:3, Licht: 0","180566","3","3","5","06","10","7","","0","1","1","0","0"
"POINT (6.953449902000045 50.944780029000071)","Unfall 180567 (2024) Kat:3, Licht: 0","180567","3","6","3","06","11","7","","0","0","1","0","0"
"POINT (6.950545854000040 50.940439994000030)","Unfall 180569 (2024) Kat:3, Licht: 2","180569","3","1","7","06","02","7","","2","0","0","0","0"
"POINT (6.953443700000037 50.944768005000071)","Unfall 180572 (2024) Kat:3, Licht: 0","180572","3","2","3","07","17","1","","0","0","1","0","0"
"POINT (6.877165671000057 50.958816023000054)","Unfall 180625 (2024) Kat:3, Licht: 0","180625","3","1","9","07","15","3","","0","0","0","0","0"
"POINT (6.983532694000075 50.970649899000080)","Unfall 180667 (2024) Kat:3, Licht: 0","180667","3","1","0","07","14","4","","0","1","0","0","0"
"POINT (6.961193197000057 50.986602168000047)","Unfall 180668 (2024) Kat:2, Licht: 2","180668","2","7","6","07","04","4","","2","0","0","1","0"
"POINT (6.905414808000046 50.967935633000081)","Unfall 180669 (2024) Kat:3, Licht: 0","180669","3","1","0","07","14","4","","0","1","0","0","0"
"POINT (6.928193997000051 50.941768714000034)","Unfall 180670 (2024) Kat:3, Licht: 0","180670","3","1","0","07","12","4","","0","1","0","0","0"
"POINT (6.885794034000071 50.983540639000068)","Unfall 180671 (2024) Kat:3, Licht: 0","180671","3","3","5","07","08","4","","0","0","1","0","0"
"POINT (6.918673866000063 50.958036589000073)","Unfall 180672 (2024) Kat:3, Licht: 2","180672","3","7","0","07","02","4","","2","0","1","0","0"
"POINT (6.941387387000020 50.916310414000066)","Unfall 180673 (2024) Kat:3, Licht: 0","180673","3","4","6","07","08","4","","0","0","0","1","1"
"POINT (6.950298796000027 50.954364761000079)","Unfall 180724 (2024) Kat:3, Licht: 0","180724","3","6","3","07","13","3","","0","0","1","0","0"
"POINT (6.947342995000042 51.012203338000063)","Unfall 180725 (2024) Kat:3, Licht: 0","180725","3","1","8","07","12","3","","0","0","1","0","0"
"POINT (6.836528627000064 50.961289545000056)","Unfall 180726 (2024) Kat:3, Licht: 0","180726","3","1","0","07","19","3","","0","1","0","0","0"
"POINT (6.880163318000029 50.947248476000027)","Unfall 180727 (2024) Kat:3, Licht: 0","180727","3","1","2","07","14","3","","0","0","1","0","0"
"POINT (6.924308869000072 50.944071290000068)","Unfall 180728 (2024) Kat:3, Licht: 0","180728","3","4","6","07","09","3","","0","1","0","1","0"
"POINT (6.903063215000032 50.956711718000065)","Unfall 180729 (2024) Kat:2, Licht: 2","180729","2","1","0","07","01","3","","2","1","0","0","0"
"POINT (6.937605868000048 50.929334022000035)","Unfall 180730 (2024) Kat:3, Licht: 0","180730","3","1","0","07","20","3","","0","1","0","0","0"
"POINT (6.887269812000056 51.014908922000075)","Unfall 180733 (2024) Kat:2, Licht: 0","180733","2","4","6","07","19","3","","0","0","1","1","0"
"POINT (7.002321302000041 50.928241880000030)","Unfall 180784 (2024) Kat:3, Licht: 0","180784","3","3","5","07","13","2","","0","0","1","0","0"
"POINT (7.010602478000067 50.971865128000047)","Unfall 180785 (2024) Kat:3, Licht: 0","180785","3","7","6","07","20","2","","0","0","1","1","0"
"POINT (7.073112391000052 50.972475739000060)","Unfall 180786 (2024) Kat:3, Licht: 0","180786","3","2","5","07","18","2","","0","1","1","0","0"
"POINT (6.928488448000053 51.026452086000063)","Unfall 180787 (2024) Kat:2, Licht: 0","180787","2","6","2","07","14","2","","0","0","1","0","1"
"POINT (6.937261637000063 50.918751369000063)","Unfall 180788 (2024) Kat:3, Licht: 0","180788","3","3","2","07","13","2","","0","0","1","0","1"
"POINT (7.001444194000044 50.943176741000059)","Unfall 180843 (2024) Kat:3, Licht: 0","180843","3","5","0","07","13","1","","0","1","0","0","0"
"POINT (7.040670245000058 50.971740279000073)","Unfall 180844 (2024) Kat:3, Licht: 2","180844","3","1","8","07","01","1","","2","0","0","0","1"
"POINT (6.973377635000077 50.978090406000035)","Unfall 180845 (2024) Kat:3, Licht: 0","180845","3","1","0","07","14","1","","0","1","0","0","0"
"POINT (6.958753423000076 50.906113386000072)","Unfall 180846 (2024) Kat:3, Licht: 0","180846","3","3","5","07","16","1","","0","1","1","0","0"
"POINT (6.924402054000041 50.917702850000069)","Unfall 180847 (2024) Kat:3, Licht: 2","180847","3","1","0","07","01","1","","2","1","0","0","0"
"POINT (6.945109836000029 50.901561490000063)","Unfall 180908 (2024) Kat:3, Licht: 0","180908","3","5","1","07","11","7","","0","0","1","0","0"
"POINT (6.942105789000038 50.940096078000067)","Unfall 180909 (2024) Kat:3, Licht: 0","180909","3","5","6","07","14","7","","0","0","1","1","0"
"POINT (7.055825641000069 50.894564410000044)","Unfall 180953 (2024) Kat:2, Licht: 0","180953","2","7","0","07","16","6","","0","1","0","0","0"
"POINT (6.973199711000063 50.940278478000039)","Unfall 180954 (2024) Kat:3, Licht: 0","180954","3","1","0","07","18","6","","0","1","0","0","0"
"POINT (6.936363451000034 50.969009626000059)","Unfall 180955 (2024) Kat:3, Licht: 0","180955","3","6","0","07","10","6","","0","0","0","0","0"
"POINT (6.959760637000045 50.974167411000053)","Unfall 180956 (2024) Kat:3, Licht: 2","180956","3","1","8","07","02","6","","2","0","1","0","0"
"POINT (6.933276584000055 50.943375245000027)","Unfall 180957 (2024) Kat:2, Licht: 2","180957","2","1","0","07","00","6","","2","1","0","0","0"
"POINT (6.988689101000034 50.870012730000042)","Unfall 180958 (2024) Kat:3, Licht: 0","180958","3","1","8","07","17","6","","0","1","0","0","0"
"POINT (7.079623112000036 50.943601725000065)","Unfall 181003 (2024) Kat:3, Licht: 0","181003","3","5","5","07","16","5","","0","1","1","0","0"
"POINT (7.043609185000037 50.992838560000052)","Unfall 181004 (2024) Kat:3, Licht: 0","181004","3","2","1","07","17","5","","0","0","1","0","1"
"POINT (6.959770979000041 50.974262163000049)","Unfall 181005 (2024) Kat:3, Licht: 0","181005","3","2","5","07","06","5","","0","0","0","0","1"
"POINT (6.839037679000057 50.962436946000082)","Unfall 181006 (2024) Kat:3, Licht: 0","181006","3","3","0","07","10","5","","0","1","1","0","0"
"POINT (6.926676809000071 50.942675199000064)","Unfall 181008 (2024) Kat:3, Licht: 0","181008","3","1","0","07","08","5","","0","1","0","0","0"
"POINT (6.922033145000057 50.922374100000070)","Unfall 181009 (2024) Kat:3, Licht: 0","181009","3","1","0","07","16","5","","0","1","0","0","0"
"POINT (6.907376891000069 50.921606712000028)","Unfall 181010 (2024) Kat:2, Licht: 0","181010","2","2","5","07","18","5","","0","0","1","0","1"
"POINT (7.066325587000051 50.897120867000069)","Unfall 181063 (2024) Kat:3, Licht: 0","181063","3","3","0","07","20","4","","0","1","1","0","0"
"POINT (6.992735826000057 50.941066403000036)","Unfall 181064 (2024) Kat:3, Licht: 1","181064","3","6","1","07","21","4","","1","0","1","0","0"
"POINT (7.117766596000024 50.855633740000030)","Unfall 181065 (2024) Kat:3, Licht: 0","181065","3","3","6","07","14","4","","0","0","1","1","0"
"POINT (7.004621773000054 50.955291023000029)","Unfall 181068 (2024) Kat:3, Licht: 0","181068","3","1","0","07","10","4","","0","0","1","0","0"
"POINT (6.960792618000028 50.917037722000032)","Unfall 181069 (2024) Kat:3, Licht: 0","181069","3","4","6","07","10","4","","0","0","1","1","0"
"POINT (6.932621589000064 50.931894885000077)","Unfall 181070 (2024) Kat:3, Licht: 0","181070","3","7","5","07","11","4","","0","1","1","0","0"
"POINT (6.993444739000040 50.914566915000080)","Unfall 181121 (2024) Kat:3, Licht: 0","181121","3","6","2","07","18","3","","0","0","1","0","0"
"POINT (7.061488451000059 50.885133372000041)","Unfall 181122 (2024) Kat:3, Licht: 0","181122","3","2","5","07","13","3","","0","0","1","0","0"
"POINT (7.061167015000024 50.885177920000046)","Unfall 181123 (2024) Kat:3, Licht: 0","181123","3","2","6","07","13","3","","0","0","1","1","0"
"POINT (7.017647004000025 50.956844042000057)","Unfall 181124 (2024) Kat:3, Licht: 0","181124","3","3","5","07","16","3","","0","1","1","0","0"
"POINT (6.877742765000050 50.967595990000063)","Unfall 181125 (2024) Kat:2, Licht: 0","181125","2","4","6","07","13","3","","0","0","0","1","0"
"POINT (6.902218353000023 50.952015244000052)","Unfall 181126 (2024) Kat:3, Licht: 0","181126","3","2","0","07","10","3","","0","1","1","0","0"
"POINT (6.884040330000062 50.965260680000029)","Unfall 181143 (2024) Kat:3, Licht: 0","181143","3","3","5","07","19","4","","0","0","1","0","1"
"POINT (7.075245313000039 50.893040335000080)","Unfall 181180 (2024) Kat:3, Licht: 0","181180","3","2","5","07","09","2","","0","1","1","0","0"
"POINT (6.889294795000069 51.013060912000071)","Unfall 181181 (2024) Kat:2, Licht: 0","181181","2","7","2","07","19","2","","0","0","1","0","1"
"POINT (6.922524578000036 50.940757495000071)","Unfall 181182 (2024) Kat:3, Licht: 0","181182","3","3","5","07","08","2","","0","1","0","0","0"
"POINT (6.963138091000076 50.880451284000060)","Unfall 181183 (2024) Kat:3, Licht: 0","181183","3","2","5","07","12","2","","0","1","0","0","0"
"POINT (7.015116959000068 50.885079467000025)","Unfall 181184 (2024) Kat:3, Licht: 0","181184","3","7","0","07","08","2","","0","1","0","0","0"
"POINT (6.965268293000065 50.948741927000071)","Unfall 181185 (2024) Kat:3, Licht: 0","181185","3","6","3","07","15","2","","0","0","1","0","0"
"POINT (6.950064576000045 50.937243981000051)","Unfall 181186 (2024) Kat:2, Licht: 0","181186","2","7","6","07","09","2","","0","0","0","1","0"
"POINT (6.890805723000028 50.950605250000081)","Unfall 181244 (2024) Kat:3, Licht: 0","181244","3","7","8","07","14","1","","0","1","0","0","0"
"POINT (6.907246271000076 50.922771592000061)","Unfall 181245 (2024) Kat:3, Licht: 0","181245","3","5","4","07","14","1","","0","1","0","0","0"
"POINT (6.942277899000032 50.925649030000045)","Unfall 181246 (2024) Kat:3, Licht: 0","181246","3","3","5","07","13","1","","0","0","1","0","0"
"POINT (6.998201910000034 50.920073961000071)","Unfall 181288 (2024) Kat:3, Licht: 0","181288","3","4","0","07","10","7","","0","0","1","1","0"
"POINT (6.974976290000029 50.936804063000068)","Unfall 181289 (2024) Kat:3, Licht: 0","181289","3","7","0","07","19","7","","0","0","0","0","0"
"POINT (6.978602192000039 51.004349632000071)","Unfall 181290 (2024) Kat:2, Licht: 1","181290","2","1","8","07","20","7","","1","1","1","0","0"
"POINT (6.915644099000076 50.947631957000056)","Unfall 181291 (2024) Kat:3, Licht: 0","181291","3","4","6","07","16","7","","0","0","1","1","0"
"POINT (7.005848607000075 50.865121582000029)","Unfall 181293 (2024) Kat:3, Licht: 0","181293","3","7","0","07","08","7","","0","1","0","0","0"
"POINT (6.938475931000028 50.946659826000030)","Unfall 181295 (2024) Kat:3, Licht: 2","181295","3","6","3","07","22","7","","2","0","1","0","0"
"POINT (6.956777050000028 50.948723648000055)","Unfall 181296 (2024) Kat:3, Licht: 0","181296","3","4","6","07","17","7","","0","1","0","1","0"
"POINT (6.998614485000076 50.936768200000074)","Unfall 181349 (2024) Kat:3, Licht: 2","181349","3","3","5","07","02","6","","2","0","1","0","0"
"POINT (7.027588183000034 50.962332437000043)","Unfall 181350 (2024) Kat:3, Licht: 0","181350","3","1","1","07","19","6","","0","0","1","0","0"
"POINT (6.963466411000070 50.960010422000039)","Unfall 181351 (2024) Kat:3, Licht: 2","181351","3","1","0","07","22","6","","2","1","0","0","0"
"POINT (6.948790966000047 50.973306261000062)","Unfall 181352 (2024) Kat:3, Licht: 0","181352","3","6","2","07","12","6","","0","1","0","0","0"
"POINT (6.897892295000077 50.957194962000074)","Unfall 181353 (2024) Kat:3, Licht: 0","181353","3","2","5","07","16","6","","0","0","1","0","0"
"POINT (6.922014464000029 50.937810923000029)","Unfall 181354 (2024) Kat:3, Licht: 0","181354","3","5","1","07","15","6","","0","1","1","0","0"
"POINT (6.902854351000030 50.956781629000034)","Unfall 181355 (2024) Kat:3, Licht: 0","181355","3","6","3","07","17","6","","0","1","0","0","0"
"POINT (6.863049142000023 50.961982840000076)","Unfall 181356 (2024) Kat:3, Licht: 0","181356","3","7","0","07","12","6","","0","1","0","0","0"
"POINT (6.927328779000050 50.953816992000043)","Unfall 181357 (2024) Kat:3, Licht: 0","181357","3","1","9","07","13","6","","0","0","1","0","0"
"POINT (6.964108603000057 50.862857853000037)","Unfall 181358 (2024) Kat:2, Licht: 0","181358","2","1","0","07","12","6","","0","0","0","0","1"
"POINT (6.956240936000029 50.934249192000038)","Unfall 181359 (2024) Kat:3, Licht: 0","181359","3","5","0","07","13","6","","0","1","0","0","0"
"POINT (7.071123146000048 50.882659018000027)","Unfall 181416 (2024) Kat:3, Licht: 0","181416","3","6","2","07","18","5","","0","0","1","0","0"
"POINT (7.062353375000043 50.882674966000081)","Unfall 181417 (2024) Kat:3, Licht: 0","181417","3","4","6","07","15","5","","0","0","1","1","0"
"POINT (6.974436251000043 50.936700124000026)","Unfall 181418 (2024) Kat:3, Licht: 0","181418","3","7","0","07","11","5","","0","1","0","0","1"
"POINT (6.910749315000032 50.986176442000044)","Unfall 181419 (2024) Kat:3, Licht: 0","181419","3","3","5","07","15","5","","0","0","1","0","0"
"POINT (6.919600085000070 51.033168934000059)","Unfall 181420 (2024) Kat:3, Licht: 0","181420","3","3","5","07","07","5","","0","1","1","0","0"
"POINT (6.900730890000034 50.934666380000067)","Unfall 181421 (2024) Kat:3, Licht: 0","181421","3","5","1","07","19","5","","0","0","1","0","0"
"POINT (6.919954238000059 50.957751277000057)","Unfall 181422 (2024) Kat:3, Licht: 0","181422","3","1","0","07","15","5","","0","1","0","0","0"
"POINT (6.961374331000059 50.946047402000033)","Unfall 181424 (2024) Kat:3, Licht: 0","181424","3","3","5","07","18","5","","0","1","0","0","0"
"POINT (6.958091886000034 50.935304334000080)","Unfall 181425 (2024) Kat:3, Licht: 0","181425","3","1","0","07","14","5","","0","1","0","0","0"
"POINT (6.923617676000049 50.952581423000026)","Unfall 181448 (2024) Kat:3, Licht: 2","181448","3","2","5","07","22","6","","2","1","1","0","0"
"POINT (7.045518008000045 50.865793574000065)","Unfall 181484 (2024) Kat:3, Licht: 0","181484","3","4","6","07","13","4","","0","0","1","1","0"
"POINT (7.010168278000037 50.942820163000079)","Unfall 181485 (2024) Kat:3, Licht: 0","181485","3","3","5","07","13","4","","0","0","1","0","0"
"POINT (6.906215596000038 50.990699335000045)","Unfall 181486 (2024) Kat:3, Licht: 0","181486","3","6","4","07","17","4","","0","1","0","0","0"
"POINT (6.913024928000027 50.971614497000076)","Unfall 181488 (2024) Kat:3, Licht: 0","181488","3","3","5","07","08","4","","0","1","1","0","0"
"POINT (6.940548382000031 50.919513996000035)","Unfall 181489 (2024) Kat:3, Licht: 0","181489","3","3","5","07","16","4","","0","0","1","0","1"
"POINT (7.099189484000021 50.872655689000055)","Unfall 181546 (2024) Kat:3, Licht: 0","181546","3","1","8","07","08","3","","0","1","0","0","0"
"POINT (6.907580442000040 50.955230286000074)","Unfall 181547 (2024) Kat:3, Licht: 0","181547","3","7","4","07","20","3","","0","0","1","0","1"
"POINT (6.904583889000037 50.938634299000057)","Unfall 181548 (2024) Kat:3, Licht: 0","181548","3","3","5","07","11","3","","0","0","0","0","1"
"POINT (6.965035599000032 50.911767579000070)","Unfall 181550 (2024) Kat:2, Licht: 0","181550","2","4","6","07","17","3","","0","1","0","1","0"
"POINT (6.957353145000070 50.945098637000058)","Unfall 181551 (2024) Kat:3, Licht: 0","181551","3","1","0","07","12","3","","0","1","0","0","0"
"POINT (6.941429607000032 50.907671760000028)","Unfall 181561 (2024) Kat:3, Licht: 0","181561","3","2","5","07","16","3","","0","1","0","0","0"
"POINT (6.956278163000036 50.932789985000056)","Unfall 181562 (2024) Kat:3, Licht: 0","181562","3","2","5","07","19","6","","0","1","0","0","0"
"POINT (7.109304887000064 50.876820008000038)","Unfall 181614 (2024) Kat:3, Licht: 1","181614","3","5","1","07","06","2","","1","0","1","0","0"
"POINT (6.976349938000055 50.969023270000037)","Unfall 181615 (2024) Kat:2, Licht: 0","181615","2","3","5","07","13","2","","0","1","1","0","0"
"POINT (6.832575023000061 50.959927621000077)","Unfall 181616 (2024) Kat:3, Licht: 0","181616","3","3","5","07","16","2","","0","1","1","0","0"
"POINT (7.008143013000051 50.891902100000038)","Unfall 181617 (2024) Kat:3, Licht: 0","181617","3","5","1","07","16","2","","0","1","1","0","0"
"POINT (7.070664361000070 50.887651408000067)","Unfall 181667 (2024) Kat:3, Licht: 2","181667","3","6","6","08","22","7","","2","0","0","1","0"
"POINT (6.854090225000050 50.997656912000082)","Unfall 181668 (2024) Kat:3, Licht: 0","181668","3","1","9","08","18","7","","0","0","1","0","0"
"POINT (6.907037746000071 51.022970392000047)","Unfall 181669 (2024) Kat:3, Licht: 1","181669","3","2","5","08","06","7","","1","1","1","0","0"
"POINT (6.832630485000038 50.970798540000033)","Unfall 181670 (2024) Kat:3, Licht: 0","181670","3","1","0","08","13","7","","0","1","1","0","0"
"POINT (6.940965792000043 50.914394294000033)","Unfall 181671 (2024) Kat:3, Licht: 0","181671","3","1","0","08","17","7","","0","1","0","0","0"
"POINT (6.940671331000033 50.907050882000078)","Unfall 181672 (2024) Kat:2, Licht: 0","181672","2","1","0","08","11","7","","0","1","0","0","0"
"POINT (6.950717610000027 50.936504043000070)","Unfall 181673 (2024) Kat:2, Licht: 0","181673","2","1","0","08","10","7","","0","0","0","0","0"
"POINT (7.081102575000045 50.883866085000079)","Unfall 181730 (2024) Kat:2, Licht: 0","181730","2","1","0","08","23","6","","0","1","0","0","0"
"POINT (7.089920927000037 50.881126214000062)","Unfall 181731 (2024) Kat:3, Licht: 0","181731","3","5","6","08","18","6","","0","0","1","1","0"
"POINT (6.915700879000042 50.992799672000046)","Unfall 181732 (2024) Kat:2, Licht: 0","181732","2","1","0","08","18","6","","0","1","0","0","0"
"POINT (6.953172013000028 50.956225312000072)","Unfall 181733 (2024) Kat:3, Licht: 0","181733","3","6","2","08","16","6","","0","0","1","0","0"
"POINT (6.972290889000021 50.855111427000054)","Unfall 181734 (2024) Kat:3, Licht: 0","181734","3","3","5","08","15","6","","0","1","1","0","0"
"POINT (6.932617288000074 50.913814652000042)","Unfall 181735 (2024) Kat:3, Licht: 0","181735","3","1","0","08","09","6","","0","0","0","0","0"
"POINT (6.963940067000067 50.920788085000027)","Unfall 181736 (2024) Kat:3, Licht: 0","181736","3","1","0","08","19","6","","0","0","0","0","1"
"POINT (6.955313436000040 50.946071164000045)","Unfall 181737 (2024) Kat:3, Licht: 0","181737","3","1","0","08","13","6","","0","1","0","0","0"
"POINT (7.021772687000066 50.927230450000081)","Unfall 181802 (2024) Kat:3, Licht: 0","181802","3","3","5","08","18","5","","0","0","1","0","0"
"POINT (6.999132864000046 50.939165830000036)","Unfall 181803 (2024) Kat:3, Licht: 0","181803","3","3","5","08","15","5","","0","1","1","0","0"
"POINT (7.029711013000053 50.989527398000064)","Unfall 181804 (2024) Kat:3, Licht: 0","181804","3","6","3","08","08","5","","0","1","0","0","0"
"POINT (6.992640728000026 50.991875766000078)","Unfall 181806 (2024) Kat:3, Licht: 0","181806","3","6","8","08","09","5","","0","0","1","0","0"
"POINT (6.932998520000069 50.949351832000048)","Unfall 181807 (2024) Kat:3, Licht: 0","181807","3","2","0","08","07","5","","0","1","0","0","0"
"POINT (6.956678063000027 50.932901609000055)","Unfall 181808 (2024) Kat:3, Licht: 0","181808","3","2","5","08","09","5","","0","1","1","0","0"
"POINT (7.005473547000065 50.946298521000074)","Unfall 181860 (2024) Kat:3, Licht: 0","181860","3","3","5","08","16","4","","0","1","1","0","0"
"POINT (7.020988551000073 50.940978458000075)","Unfall 181861 (2024) Kat:3, Licht: 0","181861","3","3","5","08","13","4","","0","0","1","0","0"
"POINT (6.901455120000037 50.928858061000028)","Unfall 181862 (2024) Kat:3, Licht: 1","181862","3","1","0","08","19","4","","1","1","0","0","0"
"POINT (6.961519529000043 50.914623101000075)","Unfall 181863 (2024) Kat:3, Licht: 0","181863","3","2","0","08","18","4","","0","1","0","0","0"
"POINT (7.050419416000068 50.893600353000068)","Unfall 181913 (2024) Kat:3, Licht: 0","181913","3","1","0","08","20","3","","0","0","0","0","1"
"POINT (7.048043474000053 50.918556956000032)","Unfall 181914 (2024) Kat:3, Licht: 0","181914","3","3","5","08","09","3","","0","1","1","0","0"
"POINT (7.057279779000055 50.967512410000040)","Unfall 181915 (2024) Kat:3, Licht: 0","181915","3","3","5","08","12","3","","0","1","1","0","0"
"POINT (6.916192376000026 50.961355349000030)","Unfall 181916 (2024) Kat:2, Licht: 0","181916","2","1","0","08","07","3","","0","1","0","0","0"
"POINT (6.932229733000042 50.969081213000038)","Unfall 181975 (2024) Kat:3, Licht: 0","181975","3","4","0","08","09","2","","0","1","0","1","0"
"POINT (6.915611072000047 50.961956885000063)","Unfall 181976 (2024) Kat:3, Licht: 2","181976","3","1","8","08","00","2","","2","0","1","0","0"
"POINT (6.886922506000076 50.977413828000067)","Unfall 181977 (2024) Kat:2, Licht: 0","181977","2","2","5","08","07","2","","0","0","1","0","1"
"POINT (6.833531266000023 50.960276207000049)","Unfall 181978 (2024) Kat:2, Licht: 0","181978","2","5","0","08","08","2","","0","1","1","0","0"
"POINT (6.962362572000075 50.914385191000065)","Unfall 181979 (2024) Kat:3, Licht: 0","181979","3","2","5","08","17","2","","0","1","1","0","0"
"POINT (6.947496099000034 50.943274260000067)","Unfall 181980 (2024) Kat:3, Licht: 0","181980","3","1","0","08","17","2","","0","0","0","0","0"
"POINT (6.958506973000055 50.874705482000081)","Unfall 182019 (2024) Kat:3, Licht: 0","182019","3","2","0","08","12","7","","0","0","0","0","1"
"POINT (6.959988626000040 50.976153460000035)","Unfall 182037 (2024) Kat:3, Licht: 1","182037","3","6","0","08","21","1","","1","0","0","0","1"
"POINT (6.951848066000025 50.984753144000081)","Unfall 182038 (2024) Kat:3, Licht: 0","182038","3","1","0","08","17","1","","0","1","0","0","0"
"POINT (6.943726176000041 50.944193801000040)","Unfall 182039 (2024) Kat:2, Licht: 2","182039","2","6","5","08","00","1","","2","0","1","0","1"
"POINT (7.103088381000020 50.858518330000038)","Unfall 182083 (2024) Kat:3, Licht: 0","182083","3","1","0","08","10","7","","0","0","0","0","0"
"POINT (7.027705765000064 50.942374016000031)","Unfall 182084 (2024) Kat:3, Licht: 0","182084","3","6","3","08","09","7","","0","0","1","0","0"
"POINT (6.973117529000035 50.942210689000035)","Unfall 182085 (2024) Kat:3, Licht: 0","182085","3","6","4","08","16","7","","0","1","0","0","0"
"POINT (7.005000813000038 50.955202962000044)","Unfall 182086 (2024) Kat:3, Licht: 0","182086","3","5","1","08","16","7","","0","1","1","0","0"
"POINT (6.969903208000062 50.974462319000054)","Unfall 182087 (2024) Kat:3, Licht: 0","182087","3","6","2","08","13","7","","0","0","1","0","0"
"POINT (6.926836280000032 50.894526361000032)","Unfall 182088 (2024) Kat:3, Licht: 2","182088","3","1","8","08","22","7","","2","0","1","0","0"
"POINT (6.947250449000023 50.914923566000027)","Unfall 182089 (2024) Kat:3, Licht: 0","182089","3","1","9","08","13","7","","0","0","1","0","0"
"POINT (7.025727099000051 50.923087076000058)","Unfall 182138 (2024) Kat:3, Licht: 2","182138","3","1","9","08","22","6","","2","0","1","0","0"
"POINT (7.033212882000043 50.981363674000079)","Unfall 182139 (2024) Kat:3, Licht: 0","182139","3","6","2","08","17","6","","0","0","1","0","0"
"POINT (6.983594873000072 50.943829773000061)","Unfall 182140 (2024) Kat:3, Licht: 2","182140","3","1","0","08","02","6","","2","0","0","0","0"
"POINT (6.893506798000033 51.030940442000031)","Unfall 182141 (2024) Kat:2, Licht: 0","182141","2","5","1","08","18","6","","0","0","1","0","0"