WKT,Name,OBJECTID,UKATEGORIE,UTYP1,UART,UMONAT,USTUNDE,UWOCHENTAG,STRZUSTAND,ULICHTVERH,ISTRAD,ISTPKW,ISTFUSS,ISTKRAD
"POINT (6.925489041000048 50.952786111000080)","Unfall 182142 (2024) Kat:3, Licht: 0","182142","3","1","0","08","20","6","","0","1","0","0","0"
"POINT (6.897056122000038 50.977615416000049)","Unfall 182143 (2024) Kat:3, Licht: 0","182143","3","6","3","08","15","6","","0","0","1","0","0"
"POINT (7.002920299000039 50.879329451000046)","Unfall 182145 (2024) Kat:2, Licht: 1","182145","2","7","6","08","21","6","","1","1","0","1","0"
"POINT (6.935469446000070 50.928094936000036)","Unfall 182147 (2024) Kat:3, Licht: 0","182147","3","1","0","08","10","6","","0","1","0","0","0"
"POINT (7.058078716000068 50.877852229000041)","Unfall 182148 (2024) Kat:3, Licht: 2","182148","3","1","0","08","23","6","","2","1","0","0","0"
"POINT (6.992786493000040 50.941073338000081)","Unfall 182216 (2024) Kat:2, Licht: 2","182216","2","1","9","08","22","5","","2","0","0","0","1"
"POINT (7.050882932000036 50.978120232000038)","Unfall 182217 (2024) Kat:2, Licht: 0","182217","2","1","8","08","19","5","","0","0","1","0","0"
"POINT (6.916238935000024 50.982256797000048)","Unfall 182218 (2024) Kat:3, Licht: 0","182218","3","3","5","08","14","5","","0","0","1","0","1"
"POINT (6.992065520000040 50.895448414000043)","Unfall 182219 (2024) Kat:3, Licht: 0","182219","3","1","0","08","11","5","","0","1","1","0","0"
"POINT (6.952748597000038 50.950131931000044)","Unfall 182220 (2024) Kat:3, Licht: 2","182220","3","6","2","08","21","5","","2","1","1","1","0"
"POINT (6.943728368000052 50.944192938000072)","Unfall 182221 (2024) Kat:3, Licht: 0","182221","3","2","5","08","11","5","","0","1","1","0","0"
"POINT (6.935705662000032 50.942375930000026)","Unfall 182222 (2024) Kat:3, Licht: 0","182222","3","5","0","08","07","5","","0","1","1","0","0"
"POINT (6.947170069000038 50.965006840000058)","Unfall 182278 (2024) Kat:3, Licht: 2","182278","3","1","0","08","01","4","","2","0","0","0","0"
"POINT (6.966711422000060 50.912348618000067)","Unfall 182279 (2024) Kat:3, Licht: 0","182279","3","6","1","08","17","4","","0","0","1","0","0"
"POINT (6.947721741000066 50.938866305000033)","Unfall 182280 (2024) Kat:3, Licht: 0","182280","3","3","5","08","17","4","","0","1","1","0","0"
"POINT (6.999068954000052 50.922125650000055)","Unfall 182340 (2024) Kat:3, Licht: 0","182340","3","2","0","08","09","3","","0","0","0","0","0"
"POINT (7.038651506000065 50.971639179000078)","Unfall 182341 (2024) Kat:3, Licht: 0","182341","3","7","6","08","16","3","","0","0","1","1","0"
"POINT (6.924399373000028 50.917700814000057)","Unfall 182342 (2024) Kat:3, Licht: 0","182342","3","1","0","08","09","3","","0","1","0","0","0"
"POINT (6.962894884000036 50.918087568000033)","Unfall 182343 (2024) Kat:3, Licht: 0","182343","3","3","5","08","07","3","","0","1","0","0","0"
"POINT (6.953146659000026 50.934125047000066)","Unfall 182353 (2024) Kat:3, Licht: 2","182353","3","6","1","08","01","7","","2","0","1","0","0"
"POINT (7.112757351000027 50.882516776000045)","Unfall 182409 (2024) Kat:3, Licht: 0","182409","3","1","0","08","14","2","","0","0","0","0","0"
"POINT (7.006490372000030 50.946585177000031)","Unfall 182411 (2024) Kat:2, Licht: 0","182411","2","7","0","08","15","2","","0","0","0","0","1"
"POINT (6.999910407000073 50.929065755000067)","Unfall 182412 (2024) Kat:3, Licht: 0","182412","3","6","1","08","09","2","","0","1","1","0","0"
"POINT (7.070285932000047 50.969040167000060)","Unfall 182413 (2024) Kat:3, Licht: 0","182413","3","6","9","08","20","2","","0","1","1","0","0"
"POINT (6.922207999000022 50.973146346000078)","Unfall 182414 (2024) Kat:3, Licht: 0","182414","3","1","0","08","13","2","","0","1","0","0","0"
"POINT (6.950607414000046 50.975160685000048)","Unfall 182415 (2024) Kat:3, Licht: 0","182415","3","6","2","08","10","2","","0","0","1","0","0"
"POINT (6.913096618000054 50.956646130000081)","Unfall 182416 (2024) Kat:3, Licht: 0","182416","3","2","2","08","16","2","","0","0","1","0","0"
"POINT (6.900747562000049 50.957558509000080)","Unfall 182417 (2024) Kat:2, Licht: 0","182417","2","4","6","08","14","2","","0","1","0","1","0"
"POINT (7.060730305000050 50.946723362000057)","Unfall 182472 (2024) Kat:3, Licht: 0","182472","3","1","0","08","17","1","","0","1","0","0","0"
"POINT (7.068236788000036 50.972154093000029)","Unfall 182473 (2024) Kat:3, Licht: 0","182473","3","5","0","08","08","1","","0","1","1","0","0"
"POINT (7.039158525000062 50.957764269000052)","Unfall 182474 (2024) Kat:2, Licht: 2","182474","2","1","7","08","00","1","","2","0","1","0","1"
"POINT (6.930153330000053 50.949562093000054)","Unfall 182475 (2024) Kat:3, Licht: 0","182475","3","7","9","08","17","1","","0","0","1","0","0"
"POINT (6.945508524000047 50.908261298000070)","Unfall 182476 (2024) Kat:3, Licht: 2","182476","3","4","6","08","23","1","","2","0","1","1","0"
"POINT (7.068871399000045 50.892024782000078)","Unfall 182522 (2024) Kat:3, Licht: 0","182522","3","2","5","08","14","7","","0","1","1","0","0"
"POINT (6.989685291000058 50.952236728000059)","Unfall 182523 (2024) Kat:3, Licht: 1","182523","3","1","0","08","20","7","","1","0","0","0","1"
"POINT (6.888188448000051 50.963466108000034)","Unfall 182524 (2024) Kat:3, Licht: 0","182524","3","6","3","08","12","7","","0","1","0","0","0"
"POINT (6.935486065000021 50.928104483000027)","Unfall 182525 (2024) Kat:3, Licht: 0","182525","3","5","1","08","13","7","","0","1","1","0","0"
"POINT (6.960368552000034 50.918348766000065)","Unfall 182527 (2024) Kat:3, Licht: 0","182527","3","3","5","08","16","7","","0","1","1","0","0"
"POINT (7.001600347000021 50.941075848000025)","Unfall 182575 (2024) Kat:3, Licht: 0","182575","3","5","0","08","16","6","","0","1","1","0","0"
"POINT (6.947244736000073 50.967307341000037)","Unfall 182576 (2024) Kat:3, Licht: 0","182576","3","5","0","08","15","6","","0","0","1","0","0"
"POINT (6.885982747000071 50.947345653000070)","Unfall 182578 (2024) Kat:2, Licht: 2","182578","2","1","8","08","21","6","","2","0","0","0","0"
"POINT (6.879021426000065 50.931908520000036)","Unfall 182579 (2024) Kat:3, Licht: 2","182579","3","1","0","08","22","6","","2","1","0","0","0"
"POINT (6.881612847000042 50.938488054000061)","Unfall 182580 (2024) Kat:3, Licht: 0","182580","3","1","0","08","16","6","","0","0","0","0","0"
"POINT (6.932032850000041 50.919863507000059)","Unfall 182581 (2024) Kat:2, Licht: 0","182581","2","3","5","08","12","6","","0","1","1","0","0"
"POINT (6.998041611000076 50.884994491000043)","Unfall 182582 (2024) Kat:3, Licht: 0","182582","3","5","3","08","11","6","","0","1","0","0","0"
"POINT (6.974429607000047 50.976597849000029)","Unfall 182648 (2024) Kat:3, Licht: 0","182648","3","6","3","08","14","6","","0","1","1","0","0"
"POINT (7.002819999000053 50.935048205000044)","Unfall 182657 (2024) Kat:3, Licht: 2","182657","3","1","0","08","21","5","","2","0","0","0","0"
"POINT (7.011445731000038 50.968791061000047)","Unfall 182659 (2024) Kat:3, Licht: 0","182659","3","2","5","08","13","5","","0","0","1","0","0"
"POINT (6.958143540000037 51.023791045000053)","Unfall 182660 (2024) Kat:3, Licht: 0","182660","3","5","1","08","08","5","","0","1","1","0","0"
"POINT (6.907951341000057 50.945289039000045)","Unfall 182661 (2024) Kat:3, Licht: 2","182661","3","7","0","08","23","5","","2","0","0","0","0"
"POINT (6.921462580000025 50.972161288000052)","Unfall 182682 (2024) Kat:3, Licht: 0","182682","3","1","0","08","15","7","","0","1","0","0","0"
"POINT (6.928218899000058 50.953871578000076)","Unfall 182683 (2024) Kat:3, Licht: 2","182683","3","1","0","08","02","7","","2","1","0","0","0"
"POINT (6.920390523000037 50.913597718000062)","Unfall 182684 (2024) Kat:3, Licht: 0","182684","3","1","0","08","12","7","","0","1","0","0","0"
"POINT (6.936234721000062 50.919267846000082)","Unfall 182685 (2024) Kat:3, Licht: 0","182685","3","6","3","08","11","7","","0","0","1","0","0"
"POINT (6.953475954000055 50.948475923000046)","Unfall 182686 (2024) Kat:3, Licht: 0","182686","3","3","5","08","15","7","","0","1","1","0","0"
"POINT (7.033628228000055 50.896433493000075)","Unfall 182752 (2024) Kat:3, Licht: 0","182752","3","3","5","08","16","6","","0","1","0","0","0"
"POINT (7.067505489000041 50.986754857000051)","Unfall 182753 (2024) Kat:3, Licht: 0","182753","3","6","2","08","13","6","","0","0","1","0","0"
"POINT (6.857831750000059 51.069160284000077)","Unfall 182754 (2024) Kat:3, Licht: 1","182754","3","3","5","08","18","6","","1","0","1","0","1"
"POINT (6.873492799000076 50.968768941000064)","Unfall 182755 (2024) Kat:3, Licht: 0","182755","3","4","0","08","12","6","","0","0","1","1","0"
"POINT (7.009374730000047 50.883271596000043)","Unfall 182756 (2024) Kat:3, Licht: 0","182756","3","1","0","08","19","6","","0","0","0","0","1"
"POINT (6.967620539000052 50.912664529000040)","Unfall 182757 (2024) Kat:2, Licht: 0","182757","2","2","3","08","17","6","","0","0","0","0","1"
"POINT (6.963635208000028 50.907158014000061)","Unfall 182758 (2024) Kat:3, Licht: 0","182758","3","3","5","08","17","6","","0","0","1","0","0"
"POINT (6.962294965000069 50.911297778000062)","Unfall 182759 (2024) Kat:3, Licht: 0","182759","3","3","5","08","07","6","","0","0","1","0","0"
"POINT (6.945098227000074 50.927003338000077)","Unfall 182760 (2024) Kat:3, Licht: 0","182760","3","2","2","08","14","6","","0","1","1","0","0"
"POINT (6.939788147000058 50.942616268000052)","Unfall 182761 (2024) Kat:3, Licht: 0","182761","3","7","0","08","11","6","","0","0","0","0","0"
"POINT (7.004573959000027 50.973968503000037)","Unfall 182834 (2024) Kat:3, Licht: 2","182834","3","7","0","08","21","5","","2","1","0","0","0"
"POINT (7.001633873000060 50.956031069000062)","Unfall 182835 (2024) Kat:2, Licht: 0","182835","2","3","5","08","17","5","","0","1","1","0","0"
"POINT (7.032451268000045 50.977493410000079)","Unfall 182836 (2024) Kat:3, Licht: 2","182836","3","2","5","08","22","5","","2","0","1","0","1"
"POINT (6.980776460000072 50.964407728000026)","Unfall 182837 (2024) Kat:3, Licht: 0","182837","3","3","5","08","11","5","","0","0","0","0","0"
"POINT (6.931076268000027 50.940972219000059)","Unfall 182838 (2024) Kat:3, Licht: 0","182838","3","6","4","08","17","5","","0","1","0","0","0"
"POINT (6.955308628000068 50.902136113000040)","Unfall 182839 (2024) Kat:3, Licht: 0","182839","3","6","3","08","16","5","","0","1","1","0","0"
"POINT (6.920325257000059 50.920055328000046)","Unfall 182840 (2024) Kat:3, Licht: 0","182840","3","4","6","08","13","5","","0","0","1","1","0"
"POINT (6.960297657000069 50.910917017000031)","Unfall 182841 (2024) Kat:3, Licht: 0","182841","3","3","0","08","16","5","","0","1","1","0","0"
"POINT (6.949746918000073 50.918958052000050)","Unfall 182842 (2024) Kat:3, Licht: 0","182842","3","6","4","08","15","5","","0","1","0","0","0"
"POINT (6.958181416000059 50.916670403000069)","Unfall 182843 (2024) Kat:3, Licht: 0","182843","3","6","3","08","08","5","","0","1","0","0","0"
"POINT (6.957779514000038 50.897968098000035)","Unfall 182915 (2024) Kat:2, Licht: 0","182915","2","1","0","08","09","4","","0","0","0","0","1"
"POINT (6.978874924000024 50.875111835000041)","Unfall 182916 (2024) Kat:3, Licht: 0","182916","3","3","5","08","15","4","","0","0","1","0","0"
"POINT (7.022421607000069 50.915538119000075)","Unfall 182987 (2024) Kat:2, Licht: 0","182987","2","6","8","08","15","3","","0","1","0","0","0"
"POINT (7.089493262000076 50.970652224000048)","Unfall 182988 (2024) Kat:3, Licht: 0","182988","3","2","5","08","18","3","","0","1","1","0","0"
"POINT (7.005275304000065 50.960638638000034)","Unfall 182989 (2024) Kat:2, Licht: 0","182989","2","4","6","08","08","3","","0","0","1","1","0"
"POINT (6.850826719000054 50.948054020000029)","Unfall 182990 (2024) Kat:3, Licht: 0","182990","3","2","5","08","14","3","","0","1","1","0","0"
"POINT (6.913503535000075 50.934516101000042)","Unfall 182991 (2024) Kat:3, Licht: 0","182991","3","4","6","08","14","3","","0","0","1","1","0"
"POINT (6.998959562000039 50.891150808000077)","Unfall 182992 (2024) Kat:3, Licht: 0","182992","3","2","0","08","14","3","","0","1","1","0","0"
"POINT (6.948890735000020 50.934876755000062)","Unfall 182993 (2024) Kat:3, Licht: 0","182993","3","2","0","08","19","3","","0","1","1","0","0"
"POINT (6.958102433000022 50.939920944000050)","Unfall 182994 (2024) Kat:3, Licht: 0","182994","3","4","6","08","17","3","","0","0","1","1","0"
"POINT (7.048886320000065 50.949872001000074)","Unfall 183065 (2024) Kat:3, Licht: 0","183065","3","1","1","08","10","2","","0","1","1","0","0"
"POINT (7.072557862000053 50.976716043000067)","Unfall 183066 (2024) Kat:3, Licht: 0","183066","3","5","1","08","12","2","","0","0","1","0","0"
"POINT (7.004594732000044 50.950912109000058)","Unfall 183067 (2024) Kat:3, Licht: 0","183067","3","6","2","08","11","2","","0","1","1","0","0"
"POINT (7.040770970000040 50.996616782000046)","Unfall 183068 (2024) Kat:3, Licht: 2","183068","3","1","0","08","01","2","","2","1","0","0","0"
"POINT (6.969097778000048 50.973387157000047)","Unfall 183069 (2024) Kat:3, Licht: 0","183069","3","6","2","08","13","2","","0","0","1","0","0"
"POINT (6.898678745000041 50.941895457000044)","Unfall 183070 (2024) Kat:3, Licht: 0","183070","3","6","2","08","12","2","","0","0","1","0","0"
"POINT (6.927565069000025 50.920204133000027)","Unfall 183071 (2024) Kat:3, Licht: 0","183071","3","5","1","08","16","2","","0","1","1","0","0"
"POINT (6.924169121000034 50.923129852000045)","Unfall 183072 (2024) Kat:3, Licht: 0","183072","3","2","5","08","12","2","","0","1","1","0","0"
"POINT (6.961803832000044 50.932026949000033)","Unfall 183073 (2024) Kat:3, Licht: 0","183073","3","4","6","08","14","2","","0","0","1","1","0"
"POINT (7.021572161000051 50.967671651000046)","Unfall 183137 (2024) Kat:2, Licht: 0","183137","2","1","0","08","19","1","","0","0","0","0","0"
"POINT (6.985492235000038 50.937876426000059)","Unfall 183138 (2024) Kat:3, Licht: 0","183138","3","6","3","08","13","1","","0","0","1","0","0"
"POINT (6.982527294000022 50.943759924000062)","Unfall 183139 (2024) Kat:3, Licht: 0","183139","3","4","5","08","13","1","","0","0","1","1","0"
"POINT (6.876560094000070 50.933565851000026)","Unfall 183141 (2024) Kat:3, Licht: 0","183141","3","1","7","08","14","1","","0","1","0","0","0"
"POINT (7.012294534000034 50.926388309000060)","Unfall 183192 (2024) Kat:3, Licht: 2","183192","3","5","8","08","23","7","","2","0","1","0","0"
"POINT (7.046513096000069 50.960744211000076)","Unfall 183193 (2024) Kat:3, Licht: 0","183193","3","2","2","08","16","7","","0","0","1","0","0"
"POINT (7.008249758000034 50.966161630000045)","Unfall 183194 (2024) Kat:3, Licht: 0","183194","3","7","5","08","18","7","","0","1","1","0","0"
"POINT (6.974398682000071 50.940264866000064)","Unfall 183195 (2024) Kat:3, Licht: 0","183195","3","4","0","08","15","7","","0","0","1","1","0"
"POINT (6.993757719000030 50.982934330000035)","Unfall 183196 (2024) Kat:3, Licht: 0","183196","3","5","1","08","15","7","","0","1","1","0","0"
"POINT (7.002432752000061 50.975240920000033)","Unfall 183197 (2024) Kat:3, Licht: 0","183197","3","2","5","08","13","7","","0","1","1","0","0"
"POINT (6.968796580000060 50.965971417000048)","Unfall 183198 (2024) Kat:3, Licht: 0","183198","3","3","0","08","19","7","","0","0","1","0","1"
"POINT (6.890727839000022 51.024924316000067)","Unfall 183200 (2024) Kat:3, Licht: 0","183200","3","1","0","08","10","7","","0","1","0","0","0"
"POINT (6.903268127000047 50.956641451000053)","Unfall 183201 (2024) Kat:3, Licht: 2","183201","3","1","9","08","22","7","","2","0","0","0","0"
"POINT (6.847207228000059 50.940420607000078)","Unfall 183202 (2024) Kat:3, Licht: 0","183202","3","3","5","08","13","7","","0","1","1","0","0"
"POINT (7.008704622000039 50.965965774000040)","Unfall 183205 (2024) Kat:3, Licht: 0","183205","3","5","1","08","14","7","","0","1","1","0","0"
"POINT (6.929019524000068 50.915130108000028)","Unfall 183237 (2024) Kat:3, Licht: 0","183237","3","7","5","08","18","7","","0","0","1","0","1"
"POINT (7.081745607000073 50.880614335000075)","Unfall 183272 (2024) Kat:3, Licht: 0","183272","3","7","0","08","07","6","","0","0","1","1","0"
"POINT (6.898476627000036 50.988540431000047)","Unfall 183273 (2024) Kat:2, Licht: 2","183273","2","1","0","08","22","6","","2","0","0","0","1"
"POINT (6.920211678000044 50.953781380000066)","Unfall 183274 (2024) Kat:3, Licht: 0","183274","3","2","4","08","15","6","","0","1","1","0","0"
"POINT (6.853091516000063 50.935995820000073)","Unfall 183275 (2024) Kat:3, Licht: 0","183275","3","3","5","08","17","6","","0","0","1","0","0"
"POINT (6.880147404000070 50.966812531000073)","Unfall 183276 (2024) Kat:3, Licht: 0","183276","3","5","1","08","13","6","","0","1","1","0","0"
"POINT (6.973668604000068 50.901245404000065)","Unfall 183277 (2024) Kat:3, Licht: 0","183277","3","7","0","08","18","6","","0","1","1","0","0"
"POINT (7.020295782000062 50.890807526000060)","Unfall 183278 (2024) Kat:3, Licht: 0","183278","3","5","1","08","14","6","","0","1","1","0","0"
"POINT (6.924691166000059 50.923302108000030)","Unfall 183279 (2024) Kat:3, Licht: 0","183279","3","5","1","08","09","6","","0","0","1","0","1"
"POINT (6.964454893000038 50.947588241000062)","Unfall 183280 (2024) Kat:3, Licht: 0","183280","3","1","0","08","16","6","","0","0","0","0","0"
"POINT (6.963997355000060 50.905327943000032)","Unfall 183297 (2024) Kat:3, Licht: 0","183297","3","7","5","08","08","2","","0","0","1","0","0"
"POINT (6.979081823000058 50.941636040000049)","Unfall 183365 (2024) Kat:3, Licht: 2","183365","3","1","0","08","21","5","","2","1","0","0","0"
"POINT (6.979853137000021 51.001194226000052)","Unfall 183366 (2024) Kat:3, Licht: 0","183366","3","2","6","08","11","5","","0","0","1","1","0"
"POINT (6.979440108000063 50.973010898000041)","Unfall 183368 (2024) Kat:3, Licht: 0","183368","3","1","0","08","15","5","","0","1","0","0","0"
"POINT (6.966763011000069 50.977519725000036)","Unfall 183369 (2024) Kat:2, Licht: 0","183369","2","3","5","08","14","5","","0","1","1","0","0"
"POINT (6.868136612000058 50.928913241000032)","Unfall 183370 (2024) Kat:3, Licht: 0","183370","3","4","0","08","15","5","","0","0","1","1","0"
"POINT (6.918426343000021 50.944906840000044)","Unfall 183371 (2024) Kat:3, Licht: 0","183371","3","5","1","08","14","5","","0","1","1","0","0"
"POINT (6.941444599000022 50.907605575000048)","Unfall 183372 (2024) Kat:3, Licht: 0","183372","3","4","6","08","15","5","","0","0","1","1","0"
"POINT (6.944713339000032 50.936840422000046)","Unfall 183373 (2024) Kat:3, Licht: 1","183373","3","6","3","08","20","5","","1","1","0","0","0"
"POINT (7.031276775000038 50.922856125000067)","Unfall 183451 (2024) Kat:3, Licht: 0","183451","3","1","9","08","19","4","","0","0","0","0","0"
"POINT (7.104637028000070 50.849826116000031)","Unfall 183452 (2024) Kat:3, Licht: 0","183452","3","3","5","08","08","4","","0","0","1","0","0"
"POINT (6.891332504000047 51.012871377000067)","Unfall 183453 (2024) Kat:3, Licht: 0","183453","3","3","5","08","09","4","","0","1","1","0","0"
"POINT (6.994712119000042 50.893254306000074)","Unfall 183454 (2024) Kat:3, Licht: 0","183454","3","6","1","08","18","4","","0","1","1","0","0"
"POINT (6.944236303000025 50.940156775000048)","Unfall 183455 (2024) Kat:3, Licht: 0","183455","3","2","5","08","09","4","","0","1","0","0","0"
"POINT (7.017509385000039 50.971993956000063)","Unfall 183534 (2024) Kat:3, Licht: 1","183534","3","1","9","08","21","3","","1","0","1","0","0"
"POINT (6.858555285000023 51.069718703000035)","Unfall 183535 (2024) Kat:3, Licht: 0","183535","3","6","6","08","18","3","","0","0","1","1","0"
"POINT (6.947245063000025 50.997037224000053)","Unfall 183536 (2024) Kat:3, Licht: 0","183536","3","6","2","08","09","3","","0","0","1","0","0"
"POINT (6.901874663000058 50.999518546000047)","Unfall 183537 (2024) Kat:2, Licht: 1","183537","2","1","0","08","20","3","","1","1","0","0","0"
"POINT (6.965306744000031 50.974243503000082)","Unfall 183538 (2024) Kat:3, Licht: 2","183538","3","2","0","08","03","3","","2","0","1","0","0"
"POINT (6.908641942000031 50.941572959000041)","Unfall 183539 (2024) Kat:3, Licht: 0","183539","3","1","0","08","21","3","","0","0","0","0","0"
"POINT (6.917728614000055 50.949540021000075)","Unfall 183540 (2024) Kat:3, Licht: 0","183540","3","2","5","08","18","3","","0","1","1","0","0"
"POINT (6.953720733000068 50.933353738000051)","Unfall 183541 (2024) Kat:3, Licht: 0","183541","3","4","6","08","09","3","","0","1","0","1","0"
"POINT (6.953395915000044 50.933316165000065)","Unfall 183542 (2024) Kat:3, Licht: 0","183542","3","6","1","08","08","3","","0","0","0","0","1"
"POINT (6.975842701000033 50.936843245000034)","Unfall 183547 (2024) Kat:3, Licht: 0","183547","3","2","5","08","11","3","","0","1","0","0","0"
"POINT (7.075216355000066 50.893083862000026)","Unfall 183626 (2024) Kat:3, Licht: 0","183626","3","2","5","08","17","2","","0","0","1","0","0"
"POINT (7.010370552000040 50.925718580000080)","Unfall 183627 (2024) Kat:3, Licht: 0","183627","3","1","0","08","10","2","","0","1","0","0","0"
"POINT (6.929894873000023 50.994882452000070)","Unfall 183628 (2024) Kat:3, Licht: 0","183628","3","3","5","08","14","2","","0","1","0","0","0"
"POINT (6.926056191000043 50.953012638000075)","Unfall 183630 (2024) Kat:3, Licht: 0","183630","3","3","0","08","17","2","","0","1","0","0","0"
"POINT (6.897974394000073 50.946026062000044)","Unfall 183632 (2024) Kat:3, Licht: 0","183632","3","2","5","08","06","2","","0","0","1","0","0"
"POINT (6.929184589000045 50.915070646000061)","Unfall 183633 (2024) Kat:2, Licht: 0","183633","2","1","0","08","07","2","","0","0","0","0","1"
"POINT (7.092343292000066 50.971188321000056)","Unfall 183634 (2024) Kat:3, Licht: 0","183634","3","2","6","08","16","2","","0","0","1","1","0"
"POINT (7.013147029000038 50.972852566000029)","Unfall 183714 (2024) Kat:3, Licht: 1","183714","3","1","8","08","20","1","","1","0","1","0","0"
"POINT (6.954665056000067 50.942585111000028)","Unfall 183716 (2024) Kat:3, Licht: 0","183716","3","5","1","08","13","1","","0","1","1","0","0"
"POINT (6.984586673000024 50.938045040000077)","Unfall 183733 (2024) Kat:3, Licht: 0","183733","3","1","0","09","15","7","","0","1","0","0","0"
"POINT (6.960183614000073 50.976698025000076)","Unfall 183734 (2024) Kat:3, Licht: 0","183734","3","6","2","09","10","7","","0","1","1","0","0"
"POINT (6.925419239000064 50.946179952000080)","Unfall 183735 (2024) Kat:3, Licht: 0","183735","3","2","4","09","16","7","","0","1","1","0","0"
"POINT (6.917987213000060 50.928649551000035)","Unfall 183736 (2024) Kat:3, Licht: 0","183736","3","7","0","09","18","7","","0","1","0","0","0"
"POINT (6.935560924000072 50.942266271000051)","Unfall 183737 (2024) Kat:3, Licht: 0","183737","3","2","4","09","10","7","","0","1","1","0","0"
"POINT (7.007643670000050 50.939834457000075)","Unfall 183793 (2024) Kat:2, Licht: 0","183793","2","5","0","09","13","6","","0","1","1","0","0"
"POINT (7.004425354000034 50.931932466000035)","Unfall 183794 (2024) Kat:2, Licht: 0","183794","2","5","1","09","07","6","","0","0","1","0","0"
"POINT (7.021717218000049 50.872567429000071)","Unfall 183795 (2024) Kat:3, Licht: 0","183795","3","4","6","09","17","6","","0","0","1","1","0"
"POINT (7.019827773000031 50.870332679000057)","Unfall 183796 (2024) Kat:2, Licht: 2","183796","2","5","1","09","22","6","","2","1","1","0","0"
"POINT (7.034917751000023 50.896539423000036)","Unfall 183844 (2024) Kat:2, Licht: 0","183844","2","6","4","09","12","5","","0","1","1","0","0"
"POINT (6.954052231000048 50.964978867000070)","Unfall 183845 (2024) Kat:3, Licht: 0","183845","3","1","0","09","14","5","","0","1","0","0","0"
"POINT (6.933783323000057 50.948231285000077)","Unfall 183846 (2024) Kat:3, Licht: 1","183846","3","1","0","09","19","5","","1","0","0","0","0"
"POINT (6.937246667000068 50.918759118000025)","Unfall 183847 (2024) Kat:3, Licht: 0","183847","3","6","0","09","14","5","","0","1","1","0","0"
"POINT (6.945525186000054 50.909925097000041)","Unfall 183848 (2024) Kat:3, Licht: 0","183848","3","2","5","09","16","5","","0","1","1","0","0"
"POINT (6.959463266000057 50.922110599000064)","Unfall 183849 (2024) Kat:3, Licht: 0","183849","3","6","4","09","12","5","","0","1","1","0","0"
"POINT (6.934836590000032 50.941181529000062)","Unfall 183850 (2024) Kat:3, Licht: 0","183850","3","6","2","09","12","5","","0","0","1","0","1"
"POINT (7.062711388000025 50.914198346000035)","Unfall 183889 (2024) Kat:3, Licht: 0","183889","3","7","0","09","12","5","","0","0","0","0","0"
"POINT (7.080681367000068 50.856640346000063)","Unfall 183899 (2024) Kat:3, Licht: 2","183899","3","2","6","09","06","4","","2","0","1","1","0"
"POINT (7.056738927000026 50.942609565000055)","Unfall 183900 (2024) Kat:3, Licht: 0","183900","3","6","2","09","13","4","","0","0","1","0","0"
"POINT (6.921173634000070 50.978051849000053)","Unfall 183901 (2024) Kat:3, Licht: 0","183901","3","6","6","09","14","4","","0","1","0","1","0"
"POINT (6.847126465000031 51.056956546000038)","Unfall 183902 (2024) Kat:3, Licht: 0","183902","3","1","8","09","09","4","","0","0","1","0","0"
"POINT (6.921746967000047 50.946966125000074)","Unfall 183903 (2024) Kat:3, Licht: 0","183903","3","4","6","09","16","4","","0","1","0","1","0"
"POINT (6.945369117000041 50.904540018000034)","Unfall 183904 (2024) Kat:2, Licht: 0","183904","2","1","0","09","16","4","","0","1","0","0","0"
"POINT (6.904206759000033 50.919464660000074)","Unfall 183905 (2024) Kat:3, Licht: 2","183905","3","3","5","09","06","4","","2","0","1","0","0"
"POINT (6.938827444000026 50.939323633000072)","Unfall 183906 (2024) Kat:3, Licht: 1","183906","3","5","1","09","19","4","","1","1","1","0","0"
"POINT (6.948511513000028 50.933772866000027)","Unfall 183908 (2024) Kat:3, Licht: 0","183908","3","3","5","09","14","4","","0","1","1","0","0"
"POINT (6.945860430000039 50.941254637000043)","Unfall 183909 (2024) Kat:3, Licht: 0","183909","3","5","0","09","12","4","","0","1","1","0","0"
"POINT (6.961127508000061 50.915864133000071)","Unfall 183910 (2024) Kat:3, Licht: 0","183910","3","2","0","09","08","4","","0","1","1","0","0"
"POINT (7.039447682000059 50.995122792000075)","Unfall 183966 (2024) Kat:3, Licht: 0","183966","3","1","7","09","07","3","","0","0","0","0","1"
"POINT (6.852653883000073 51.012936397000033)","Unfall 183967 (2024) Kat:3, Licht: 0","183967","3","1","0","09","11","3","","0","1","0","0","0"
"POINT (6.881622594000021 50.948451135000028)","Unfall 183968 (2024) Kat:3, Licht: 0","183968","3","3","5","09","13","3","","0","1","1","0","0"
"POINT (6.939810722000061 50.921847095000032)","Unfall 183969 (2024) Kat:2, Licht: 0","183969","2","3","5","09","17","3","","0","1","1","0","0"
"POINT (6.961658421000038 50.914616816000034)","Unfall 183970 (2024) Kat:3, Licht: 0","183970","3","1","8","09","09","3","","0","0","0","0","0"