WKT,Name,OBJECTID,UKATEGORIE,UTYP1,UART,UMONAT,USTUNDE,UWOCHENTAG,STRZUSTAND,ULICHTVERH,ISTRAD,ISTPKW,ISTFUSS,ISTKRAD
"POINT (6.932892035000066 50.943282722000049)","Unfall 184002 (2024) Kat:2, Licht: 0","184002","2","1","0","09","07","3","","0","0","0","0","0"
"POINT (7.071059859000059 50.884322505000057)","Unfall 184036 (2024) Kat:3, Licht: 0","184036","3","6","0","09","18","2","","0","0","1","0","0"
"POINT (7.078354952000041 50.980967651000071)","Unfall 184037 (2024) Kat:3, Licht: 0","184037","3","3","4","09","13","2","","0","1","1","0","0"
"POINT (6.957841574000042 50.963720898000076)","Unfall 184038 (2024) Kat:3, Licht: 0","184038","3","6","3","09","18","2","","0","1","1","0","0"
"POINT (6.893213654000022 51.014457077000031)","Unfall 184039 (2024) Kat:3, Licht: 1","184039","3","3","5","09","06","2","","1","0","1","0","0"
"POINT (6.926076537000029 50.950918003000027)","Unfall 184040 (2024) Kat:3, Licht: 0","184040","3","4","6","09","18","2","","0","0","1","1","0"
"POINT (6.850826719000054 50.948054020000029)","Unfall 184041 (2024) Kat:3, Licht: 0","184041","3","2","5","09","08","2","","0","0","1","0","0"
"POINT (6.954732460000059 50.948152574000062)","Unfall 184042 (2024) Kat:3, Licht: 2","184042","3","7","6","09","21","2","","2","0","1","1","0"
"POINT (6.929518027000029 50.908288754000068)","Unfall 184072 (2024) Kat:3, Licht: 0","184072","3","1","0","09","18","6","","0","1","0","0","0"
"POINT (7.040291321000041 50.895408323000026)","Unfall 184103 (2024) Kat:2, Licht: 0","184103","2","6","2","09","18","1","","0","1","0","0","0"
"POINT (6.973153637000053 50.941612229000043)","Unfall 184104 (2024) Kat:3, Licht: 0","184104","3","3","0","09","15","1","","0","1","0","0","0"
"POINT (6.971788707000030 51.000541324000039)","Unfall 184105 (2024) Kat:3, Licht: 0","184105","3","1","0","09","10","1","","0","1","0","0","0"
"POINT (7.067562782000039 50.986633903000040)","Unfall 184106 (2024) Kat:3, Licht: 0","184106","3","1","0","09","08","1","","0","1","0","0","0"
"POINT (6.934058567000022 50.944309938000060)","Unfall 184107 (2024) Kat:2, Licht: 2","184107","2","7","0","09","05","1","","2","0","1","0","0"
"POINT (6.952255049000030 50.949948902000074)","Unfall 184108 (2024) Kat:3, Licht: 0","184108","3","6","0","09","14","1","","0","1","0","1","0"
"POINT (7.061982167000053 50.896952794000072)","Unfall 184159 (2024) Kat:3, Licht: 0","184159","3","7","2","09","15","7","","0","1","0","0","0"
"POINT (7.007192847000056 50.941028089000042)","Unfall 184160 (2024) Kat:3, Licht: 0","184160","3","7","0","09","14","7","","0","0","1","1","0"
"POINT (6.889361498000028 50.955351374000031)","Unfall 184161 (2024) Kat:3, Licht: 0","184161","3","2","9","09","07","7","","0","0","1","1","0"
"POINT (6.926081237000062 50.923760188000074)","Unfall 184162 (2024) Kat:3, Licht: 0","184162","3","1","0","09","19","7","","0","1","0","0","0"
"POINT (6.936308542000063 50.928583697000079)","Unfall 184163 (2024) Kat:3, Licht: 0","184163","3","3","5","09","18","7","","0","1","1","0","0"
"POINT (6.960256807000064 50.938023225000052)","Unfall 184164 (2024) Kat:3, Licht: 0","184164","3","6","6","09","16","7","","0","0","0","1","0"
"POINT (6.989140102000022 50.968045372000063)","Unfall 184233 (2024) Kat:3, Licht: 2","184233","3","1","0","09","00","6","","2","1","0","0","0"
"POINT (6.893704139000022 50.960784151000041)","Unfall 184234 (2024) Kat:3, Licht: 0","184234","3","2","5","09","14","6","","0","1","0","0","0"
"POINT (6.922681062000038 50.947337557000026)","Unfall 184235 (2024) Kat:3, Licht: 0","184235","3","6","3","09","08","6","","0","0","1","0","0"
"POINT (6.940389306000043 50.936780888000044)","Unfall 184236 (2024) Kat:3, Licht: 0","184236","3","3","0","09","12","6","","0","1","0","0","0"
"POINT (7.060512995000067 50.889778419000038)","Unfall 184307 (2024) Kat:3, Licht: 0","184307","3","6","4","09","18","5","","0","1","0","0","0"
"POINT (7.109173906000024 50.878463034000049)","Unfall 184308 (2024) Kat:3, Licht: 0","184308","3","7","0","09","19","5","","0","0","1","0","1"
"POINT (7.041454862000023 50.941217348000066)","Unfall 184309 (2024) Kat:3, Licht: 0","184309","3","3","0","09","16","5","","0","1","1","0","0"
"POINT (7.053326926000068 50.887409525000066)","Unfall 184310 (2024) Kat:3, Licht: 0","184310","3","3","5","09","13","5","","0","1","0","0","0"
"POINT (7.055598428000053 50.971756567000057)","Unfall 184311 (2024) Kat:3, Licht: 0","184311","3","5","3","09","11","5","","0","1","1","0","0"
"POINT (6.906689665000044 50.991026343000044)","Unfall 184312 (2024) Kat:3, Licht: 0","184312","3","3","0","09","16","5","","0","1","1","0","0"
"POINT (6.927850756000055 51.026909635000038)","Unfall 184313 (2024) Kat:3, Licht: 0","184313","3","2","5","09","07","5","","0","0","1","0","0"
"POINT (6.903524417000028 50.960196708000069)","Unfall 184314 (2024) Kat:3, Licht: 0","184314","3","7","6","09","07","5","","0","1","0","1","0"
"POINT (6.957654839000043 50.873489821000078)","Unfall 184315 (2024) Kat:3, Licht: 0","184315","3","3","5","09","18","5","","0","1","1","0","0"
"POINT (7.003559705000043 50.892111627000077)","Unfall 184316 (2024) Kat:3, Licht: 0","184316","3","6","1","09","19","5","","0","1","1","0","0"
"POINT (6.953970882000021 50.931394999000076)","Unfall 184317 (2024) Kat:3, Licht: 0","184317","3","6","2","09","15","5","","0","0","1","0","0"
"POINT (7.006552182000064 50.947859837000067)","Unfall 184395 (2024) Kat:3, Licht: 0","184395","3","6","2","09","07","4","","0","0","1","0","1"
"POINT (7.072301064000044 50.972679831000050)","Unfall 184396 (2024) Kat:3, Licht: 0","184396","3","2","6","09","09","4","","0","0","1","1","0"
"POINT (7.010852305000071 50.963854336000054)","Unfall 184397 (2024) Kat:3, Licht: 0","184397","3","5","0","09","07","4","","0","1","1","0","0"
"POINT (6.947332975000052 51.016844112000058)","Unfall 184398 (2024) Kat:3, Licht: 0","184398","3","6","3","09","11","4","","0","0","0","0","0"
"POINT (6.914661083000055 50.951525212000035)","Unfall 184399 (2024) Kat:3, Licht: 0","184399","3","7","0","09","07","4","","0","1","1","0","0"
"POINT (6.919592329000068 50.912741642000071)","Unfall 184400 (2024) Kat:3, Licht: 0","184400","3","6","0","09","17","4","","0","1","0","0","0"
"POINT (6.919642088000046 50.912795012000061)","Unfall 184401 (2024) Kat:3, Licht: 0","184401","3","1","8","09","09","4","","0","0","1","0","1"
"POINT (6.953342084000042 50.939745803000051)","Unfall 184402 (2024) Kat:3, Licht: 2","184402","3","1","0","09","22","4","","2","0","0","0","1"
"POINT (6.960532226000055 50.943598821000080)","Unfall 184403 (2024) Kat:3, Licht: 2","184403","3","3","5","09","20","4","","2","0","1","0","0"
"POINT (6.946435928000028 50.937873180000054)","Unfall 184404 (2024) Kat:3, Licht: 0","184404","3","5","5","09","16","4","","0","1","1","0","0"
"POINT (6.961149953000074 50.936319589000050)","Unfall 184405 (2024) Kat:3, Licht: 0","184405","3","1","0","09","07","4","","0","0","0","0","1"
"POINT (6.940726239000071 50.931131086000050)","Unfall 184449 (2024) Kat:3, Licht: 0","184449","3","1","0","09","14","7","","0","1","0","0","0"
"POINT (6.969177522000052 50.968807886000036)","Unfall 184469 (2024) Kat:3, Licht: 0","184469","3","3","5","09","09","5","","0","1","1","0","0"
"POINT (7.001636891000032 50.955676098000026)","Unfall 184478 (2024) Kat:3, Licht: 2","184478","3","2","5","09","21","3","","2","0","1","0","0"
"POINT (6.981495002000031 50.949912464000079)","Unfall 184479 (2024) Kat:3, Licht: 1","184479","3","2","5","09","19","3","","1","1","1","0","0"
"POINT (7.006897783000056 50.984967140000037)","Unfall 184480 (2024) Kat:2, Licht: 0","184480","2","3","5","09","09","3","","0","1","0","0","0"
"POINT (6.920912466000061 50.911046973000055)","Unfall 184481 (2024) Kat:3, Licht: 0","184481","3","2","5","09","18","3","","0","1","1","0","0"
"POINT (7.005834308000033 50.939195899000026)","Unfall 184562 (2024) Kat:3, Licht: 0","184562","3","4","6","09","14","2","","0","0","1","1","0"
"POINT (7.001351521000061 50.940130259000057)","Unfall 184563 (2024) Kat:3, Licht: 0","184563","3","1","0","09","12","2","","0","0","0","0","0"
"POINT (7.030329131000030 50.943902368000067)","Unfall 184564 (2024) Kat:3, Licht: 0","184564","3","1","0","09","09","2","","0","1","0","0","0"
"POINT (7.038268333000076 50.957383969000034)","Unfall 184565 (2024) Kat:2, Licht: 0","184565","2","7","7","09","19","2","","0","0","0","0","1"
"POINT (6.832427829000039 50.959881433000078)","Unfall 184567 (2024) Kat:3, Licht: 0","184567","3","3","5","09","12","2","","0","1","1","0","0"
"POINT (6.894057995000026 50.990808546000039)","Unfall 184569 (2024) Kat:3, Licht: 0","184569","3","3","5","09","13","2","","0","0","1","0","0"
"POINT (6.953413298000044 50.938949143000059)","Unfall 184662 (2024) Kat:3, Licht: 0","184662","3","6","2","09","08","5","","0","0","1","0","0"
"POINT (7.057189972000060 50.959900509000079)","Unfall 184666 (2024) Kat:2, Licht: 0","184666","2","1","8","09","19","1","","0","0","0","0","1"
"POINT (6.884739326000044 51.000186631000076)","Unfall 184668 (2024) Kat:3, Licht: 0","184668","3","7","1","09","15","1","","0","1","1","0","0"
"POINT (6.945632242000045 50.910318622000034)","Unfall 184669 (2024) Kat:3, Licht: 2","184669","3","6","4","09","20","1","","2","1","0","0","0"
"POINT (6.962553879000041 50.910919176000050)","Unfall 184670 (2024) Kat:3, Licht: 2","184670","3","2","5","09","02","1","","2","0","1","0","0"
"POINT (6.964957627000047 50.948448102000043)","Unfall 184671 (2024) Kat:3, Licht: 0","184671","3","6","2","09","11","1","","0","1","0","0","0"
"POINT (6.952074191000065 50.922890540000026)","Unfall 184672 (2024) Kat:3, Licht: 0","184672","3","2","4","09","09","1","","0","1","1","0","0"
"POINT (7.058881873000075 50.929194027000051)","Unfall 184779 (2024) Kat:3, Licht: 0","184779","3","4","6","09","13","7","","0","0","1","1","0"
"POINT (6.939055149000069 50.946611618000077)","Unfall 184780 (2024) Kat:3, Licht: 2","184780","3","6","3","09","23","7","","2","0","1","0","0"
"POINT (7.005699624000044 50.946348218000026)","Unfall 184830 (2024) Kat:3, Licht: 2","184830","3","6","1","09","19","6","","2","0","1","0","0"
"POINT (6.950724235000052 51.002599137000061)","Unfall 184831 (2024) Kat:3, Licht: 1","184831","3","6","3","09","07","6","","1","0","1","0","0"
"POINT (6.892219725000075 50.942206689000045)","Unfall 184832 (2024) Kat:2, Licht: 2","184832","2","4","6","09","20","6","","2","0","1","1","0"
"POINT (6.917046794000044 50.949980872000026)","Unfall 184833 (2024) Kat:3, Licht: 0","184833","3","6","6","09","16","6","","0","0","0","1","0"
"POINT (6.911981261000051 50.953263329000038)","Unfall 184834 (2024) Kat:3, Licht: 0","184834","3","5","1","09","09","6","","0","1","1","0","0"
"POINT (6.928084693000073 50.912919251000062)","Unfall 184835 (2024) Kat:3, Licht: 0","184835","3","1","0","09","17","6","","0","1","0","0","0"
"POINT (6.979587102000039 50.966991420000056)","Unfall 184895 (2024) Kat:3, Licht: 0","184895","3","7","0","09","10","5","","0","0","0","0","0"
"POINT (6.961189241000056 50.986299732000077)","Unfall 184897 (2024) Kat:3, Licht: 2","184897","3","3","5","09","05","5","","2","1","1","0","0"
"POINT (6.950783169000033 51.022353448000047)","Unfall 184898 (2024) Kat:3, Licht: 0","184898","3","3","5","09","14","5","","0","0","1","0","0"
"POINT (6.940396480000061 50.958368824000047)","Unfall 184899 (2024) Kat:3, Licht: 0","184899","3","6","4","09","09","5","","0","1","0","0","0"
"POINT (6.898441051000020 50.943218712000032)","Unfall 184900 (2024) Kat:3, Licht: 0","184900","3","2","0","09","07","5","","0","1","1","0","0"
"POINT (6.945878647000029 50.912477337000041)","Unfall 184901 (2024) Kat:3, Licht: 0","184901","3","2","5","09","16","5","","0","0","1","0","0"
"POINT (6.902502129000027 50.918621102000031)","Unfall 184908 (2024) Kat:3, Licht: 0","184908","3","3","5","09","19","6","","0","1","1","0","0"
"POINT (6.919607916000075 50.957223644000067)","Unfall 184985 (2024) Kat:3, Licht: 0","184985","3","3","5","09","15","4","","0","1","1","0","0"
"POINT (6.940389306000043 50.936780888000044)","Unfall 184986 (2024) Kat:2, Licht: 1","184986","2","3","0","09","18","4","","1","1","1","0","0"
"POINT (6.957745359000057 50.927483202000076)","Unfall 184987 (2024) Kat:3, Licht: 0","184987","3","7","6","09","15","4","","0","0","1","1","0"
"POINT (6.995246000000066 50.939310657000078)","Unfall 185056 (2024) Kat:2, Licht: 2","185056","2","3","5","09","20","3","","2","1","1","0","0"
"POINT (7.004533666000043 50.952910793000058)","Unfall 185057 (2024) Kat:2, Licht: 0","185057","2","4","6","09","15","3","","0","0","0","1","0"
"POINT (6.956801920000032 50.974154408000061)","Unfall 185058 (2024) Kat:3, Licht: 0","185058","3","3","0","09","15","3","","0","1","1","0","0"
"POINT (6.923163789000057 50.947136517000047)","Unfall 185059 (2024) Kat:3, Licht: 2","185059","3","1","0","09","20","3","","2","0","0","0","0"
"POINT (6.915419296000039 50.951034877000041)","Unfall 185060 (2024) Kat:3, Licht: 0","185060","3","5","1","09","17","3","","0","1","1","0","0"
"POINT (6.922985392000044 50.901006007000035)","Unfall 185061 (2024) Kat:3, Licht: 0","185061","3","6","2","09","17","3","","0","0","1","0","0"
"POINT (6.913991547000023 50.920147674000077)","Unfall 185062 (2024) Kat:3, Licht: 0","185062","3","1","0","09","10","3","","0","1","0","0","0"
"POINT (6.934738962000040 50.927685845000042)","Unfall 185063 (2024) Kat:3, Licht: 0","185063","3","1","0","09","09","3","","0","1","0","0","0"
"POINT (6.933588535000069 50.932481392000057)","Unfall 185064 (2024) Kat:3, Licht: 2","185064","3","7","5","09","21","3","","2","1","1","0","0"
"POINT (6.994752565000056 50.943195465000031)","Unfall 185133 (2024) Kat:3, Licht: 0","185133","3","2","3","09","18","2","","0","1","1","0","0"
"POINT (7.024149105000049 50.937162636000039)","Unfall 185134 (2024) Kat:2, Licht: 0","185134","2","2","6","09","08","2","","0","0","1","1","0"
"POINT (7.052972526000076 50.910728068000026)","Unfall 185135 (2024) Kat:3, Licht: 0","185135","3","1","0","09","10","2","","0","0","0","0","1"
"POINT (7.066393504000075 50.896950873000037)","Unfall 185136 (2024) Kat:3, Licht: 0","185136","3","3","2","09","08","2","","0","1","1","0","0"
"POINT (7.010068244000024 50.952249940000058)","Unfall 185137 (2024) Kat:3, Licht: 0","185137","3","2","5","09","18","2","","0","1","1","0","0"
"POINT (7.074116327000070 50.967475826000054)","Unfall 185138 (2024) Kat:3, Licht: 2","185138","3","6","2","09","07","2","","2","0","1","0","0"
"POINT (6.836737501000073 50.938859205000028)","Unfall 185140 (2024) Kat:2, Licht: 0","185140","2","3","4","09","09","2","","0","1","1","0","0"
"POINT (7.030158660000041 50.993477289000054)","Unfall 185200 (2024) Kat:3, Licht: 0","185200","3","3","5","09","12","1","","0","1","1","0","0"
"POINT (6.855228415000056 51.047442983000053)","Unfall 185201 (2024) Kat:2, Licht: 0","185201","2","1","0","09","17","1","","0","0","0","0","1"
"POINT (6.961354479000022 50.940641952000078)","Unfall 185202 (2024) Kat:3, Licht: 2","185202","3","6","2","09","17","1","","2","0","1","0","0"
"POINT (6.939860229000033 50.933726872000079)","Unfall 185203 (2024) Kat:3, Licht: 0","185203","3","7","8","09","11","1","","0","1","1","0","0"
"POINT (6.994862569000077 50.940481902000045)","Unfall 185270 (2024) Kat:3, Licht: 0","185270","3","7","2","09","14","7","","0","1","1","0","0"
"POINT (6.895914901000026 51.018381029000068)","Unfall 185271 (2024) Kat:3, Licht: 2","185271","3","1","9","09","23","7","","2","0","1","0","0"
"POINT (6.928752045000067 50.924611888000072)","Unfall 185273 (2024) Kat:3, Licht: 0","185273","3","6","2","09","16","7","","0","1","1","0","0"
"POINT (6.935480397000049 50.928101226000081)","Unfall 185274 (2024) Kat:3, Licht: 0","185274","3","1","0","09","13","7","","0","1","1","0","0"
"POINT (6.962532071000055 50.911329625000064)","Unfall 185275 (2024) Kat:3, Licht: 0","185275","3","2","5","09","08","7","","0","0","1","0","0"
"POINT (6.931471752000050 50.931380663000027)","Unfall 185276 (2024) Kat:3, Licht: 0","185276","3","1","9","09","06","7","","0","0","1","0","0"
"POINT (6.960322142000052 50.935964020000029)","Unfall 185277 (2024) Kat:3, Licht: 2","185277","3","1","0","09","00","7","","2","1","0","0","0"
"POINT (7.078659953000056 50.871314099000074)","Unfall 185348 (2024) Kat:3, Licht: 0","185348","3","2","5","09","14","6","","0","1","0","0","0"
"POINT (6.970537999000044 50.974548763000030)","Unfall 185349 (2024) Kat:3, Licht: 0","185349","3","2","5","09","15","6","","0","1","1","0","0"
"POINT (6.958657803000051 50.936249775000078)","Unfall 185350 (2024) Kat:3, Licht: 0","185350","3","7","6","09","19","6","","0","0","1","1","0"
"POINT (6.947914981000054 50.919209916000057)","Unfall 185351 (2024) Kat:3, Licht: 0","185351","3","1","0","09","07","6","","0","1","0","0","0"
"POINT (7.066487622000068 50.897047623000049)","Unfall 185358 (2024) Kat:3, Licht: 0","185358","3","6","2","09","08","2","","0","1","1","0","0"
"POINT (6.998037300000021 50.886914477000062)","Unfall 185363 (2024) Kat:2, Licht: 2","185363","2","1","0","09","23","1","","2","0","0","0","1"
"POINT (7.012853570000061 50.954354755000054)","Unfall 185375 (2024) Kat:2, Licht: 0","185375","2","5","0","09","11","7","","0","1","1","0","0"
"POINT (7.006889123000065 50.961734039000078)","Unfall 185444 (2024) Kat:3, Licht: 0","185444","3","5","1","09","15","5","","0","1","1","0","0"
"POINT (6.938463853000030 50.958582258000035)","Unfall 185445 (2024) Kat:3, Licht: 0","185445","3","6","4","09","20","5","","0","0","0","1","0"
"POINT (6.959726569000054 50.973841895000078)","Unfall 185446 (2024) Kat:3, Licht: 0","185446","3","5","1","09","18","5","","0","1","1","0","0"
"POINT (6.956801920000032 50.974154408000061)","Unfall 185447 (2024) Kat:3, Licht: 0","185447","3","6","2","09","13","5","","0","0","1","0","0"
"POINT (6.958309614000029 51.027530822000074)","Unfall 185448 (2024) Kat:2, Licht: 2","185448","2","3","5","09","06","5","","2","1","1","0","0"
"POINT (6.925685724000061 50.957247544000040)","Unfall 185449 (2024) Kat:3, Licht: 0","185449","3","1","0","09","17","5","","0","1","0","0","0"
"POINT (6.950279689000070 50.896204194000063)","Unfall 185450 (2024) Kat:3, Licht: 0","185450","3","1","0","09","16","5","","0","0","0","0","1"
"POINT (6.934949724000035 50.915617791000045)","Unfall 185451 (2024) Kat:3, Licht: 0","185451","3","6","2","09","15","5","","0","1","1","0","0"
"POINT (6.866517777000070 50.927175776000070)","Unfall 185530 (2024) Kat:3, Licht: 0","185530","3","1","8","09","17","4","","0","0","1","0","1"
"POINT (6.910097917000030 50.963431826000033)","Unfall 185531 (2024) Kat:3, Licht: 0","185531","3","3","5","09","17","4","","0","1","1","0","0"
"POINT (6.906592717000024 50.921204913000054)","Unfall 185532 (2024) Kat:3, Licht: 0","185532","3","1","0","09","16","4","","0","1","0","0","0"
"POINT (7.013621571000044 50.891336192000040)","Unfall 185533 (2024) Kat:3, Licht: 0","185533","3","1","7","09","11","4","","0","1","0","0","0"
"POINT (6.942007912000065 50.942832866000060)","Unfall 185534 (2024) Kat:3, Licht: 0","185534","3","3","5","09","16","4","","0","1","1","0","0"
"POINT (6.940505535000057 50.934786119000080)","Unfall 185535 (2024) Kat:3, Licht: 0","185535","3","4","6","09","17","4","","0","0","0","1","1"
"POINT (6.996294405000071 50.960034881000070)","Unfall 185536 (2024) Kat:3, Licht: 0","185536","3","7","0","09","17","4","","0","1","1","0","0"
"POINT (6.951366981000035 50.923141390000069)","Unfall 185537 (2024) Kat:3, Licht: 0","185537","3","3","5","09","11","4","","0","0","1","0","0"
"POINT (6.948348445000022 50.946256258000062)","Unfall 185538 (2024) Kat:3, Licht: 0","185538","3","6","0","09","12","4","","0","1","0","0","0"
"POINT (7.069166812000049 50.891580695000073)","Unfall 185599 (2024) Kat:3, Licht: 0","185599","3","2","5","09","12","3","","0","1","1","0","0"
"POINT (7.051929705000020 50.976743705000047)","Unfall 185600 (2024) Kat:3, Licht: 0","185600","3","1","0","09","17","3","","0","0","0","0","0"
"POINT (7.011299869000027 50.973862124000050)","Unfall 185601 (2024) Kat:2, Licht: 0","185601","2","5","7","09","13","3","","0","1","0","0","0"
"POINT (6.962162745000057 50.974232601000040)","Unfall 185602 (2024) Kat:2, Licht: 0","185602","2","7","5","09","16","3","","0","0","1","0","1"
"POINT (6.950549786000067 50.896795404000045)","Unfall 185603 (2024) Kat:3, Licht: 0","185603","3","6","2","09","13","3","","0","0","1","0","0"
"POINT (6.946628529000066 50.935024444000078)","Unfall 185604 (2024) Kat:2, Licht: 0","185604","2","5","1","09","17","3","","0","1","1","0","0"
"POINT (6.934481241000071 50.934027286000060)","Unfall 185605 (2024) Kat:3, Licht: 0","185605","3","2","5","09","09","3","","0","1","1","0","0"
"POINT (7.060874697000031 50.928946211000039)","Unfall 185668 (2024) Kat:3, Licht: 0","185668","3","3","5","09","06","2","","0","0","1","0","1"
"POINT (6.970023016000027 50.935394885000051)","Unfall 185669 (2024) Kat:3, Licht: 0","185669","3","7","6","09","15","2","","0","1","0","1","0"
"POINT (6.991936295000073 50.995001775000048)","Unfall 185670 (2024) Kat:3, Licht: 0","185670","3","1","0","09","11","2","","0","0","0","0","0"
"POINT (6.946464475000028 50.971209299000066)","Unfall 185671 (2024) Kat:3, Licht: 0","185671","3","5","0","09","19","2","","0","1","1","0","0"
"POINT (6.962553785000068 50.910919131000071)","Unfall 185672 (2024) Kat:3, Licht: 2","185672","3","2","5","09","23","2","","2","0","1","0","0"
"POINT (6.994685588000038 50.893298234000042)","Unfall 185673 (2024) Kat:3, Licht: 0","185673","3","3","5","09","17","2","","0","1","1","0","0"
"POINT (6.970473506000076 50.907038982000074)","Unfall 185674 (2024) Kat:3, Licht: 0","185674","3","3","5","09","15","2","","0","1","0","0","0"
"POINT (6.934973671000023 50.927810334000071)","Unfall 185675 (2024) Kat:3, Licht: 0","185675","3","1","0","09","15","2","","0","1","0","0","0"
"POINT (6.944497710000064 50.924197854000056)","Unfall 185676 (2024) Kat:3, Licht: 0","185676","3","3","0","09","10","2","","0","0","1","0","0"
"POINT (7.021656189000055 50.876911081000060)","Unfall 185677 (2024) Kat:3, Licht: 0","185677","3","3","5","09","09","2","","0","1","1","0","0"
"POINT (7.081143287000032 50.889111748000062)","Unfall 185735 (2024) Kat:2, Licht: 2","185735","2","5","0","09","22","1","","2","0","0","0","0"
"POINT (6.923306529000058 50.972342241000035)","Unfall 185736 (2024) Kat:3, Licht: 0","185736","3","3","5","09","15","1","","0","1","1","0","0"
"POINT (6.956258771000023 50.932796098000040)","Unfall 185738 (2024) Kat:3, Licht: 2","185738","3","4","6","09","01","1","","2","1","0","1","0"
"POINT (6.969554201000051 50.943078304000039)","Unfall 185788 (2024) Kat:2, Licht: 0","185788","2","4","6","09","15","7","","0","1","0","1","0"
"POINT (7.032105338000065 50.983727505000047)","Unfall 185864 (2024) Kat:2, Licht: 0","185864","2","1","0","10","14","3","","0","1","0","0","0"
"POINT (7.008681115000059 50.979279075000079)","Unfall 185865 (2024) Kat:3, Licht: 0","185865","3","5","0","10","10","3","","0","1","1","0","0"
"POINT (6.849927056000070 51.012709565000080)","Unfall 185866 (2024) Kat:3, Licht: 0","185866","3","4","6","10","09","3","","0","0","1","1","0"
"POINT (6.883645638000075 50.953038705000040)","Unfall 185867 (2024) Kat:3, Licht: 0","185867","3","1","0","10","11","3","","0","0","1","0","0"
"POINT (6.990989612000021 50.955659247000028)","Unfall 185906 (2024) Kat:2, Licht: 0","185906","2","6","6","10","10","2","","0","1","0","1","0"
"POINT (6.920803225000043 50.978735175000054)","Unfall 185907 (2024) Kat:3, Licht: 0","185907","3","6","2","10","14","2","","0","0","1","0","0"
"POINT (6.903597877000038 50.955636235000043)","Unfall 185908 (2024) Kat:3, Licht: 2","185908","3","3","5","10","19","2","","2","0","1","0","0"
"POINT (6.946433988000024 50.928854679000040)","Unfall 185909 (2024) Kat:3, Licht: 0","185909","3","2","3","10","09","2","","0","1","1","0","0"
"POINT (6.932691879000060 50.940186007000079)","Unfall 185910 (2024) Kat:3, Licht: 0","185910","3","1","0","10","09","2","","0","0","0","0","1"
"POINT (7.000030808000076 50.928985627000031)","Unfall 185945 (2024) Kat:3, Licht: 1","185945","3","2","2","10","18","1","","1","0","1","0","0"
"POINT (7.007215554000027 50.850630616000046)","Unfall 185946 (2024) Kat:3, Licht: 0","185946","3","4","0","10","12","1","","0","1","0","1","0"
"POINT (6.903922174000058 50.957499585000051)","Unfall 185947 (2024) Kat:3, Licht: 0","185947","3","6","2","10","12","1","","0","0","1","0","1"
"POINT (6.968283207000070 50.912100709000072)","Unfall 185976 (2024) Kat:3, Licht: 0","185976","3","6","2","10","17","7","","0","0","1","0","0"
"POINT (6.961370409000040 50.941143497000041)","Unfall 185977 (2024) Kat:3, Licht: 0","185977","3","7","0","10","17","7","","0","1","1","0","0"
"POINT (7.052582793000056 50.940702262000059)","Unfall 186040 (2024) Kat:3, Licht: 1","186040","3","4","6","10","19","6","","1","0","1","1","0"
"POINT (6.920804120000071 50.953561229000059)","Unfall 186041 (2024) Kat:3, Licht: 0","186041","3","5","0","10","16","6","","0","1","1","0","0"
"POINT (6.911735840000063 50.957113992000075)","Unfall 186042 (2024) Kat:3, Licht: 2","186042","3","5","0","10","21","6","","2","0","1","1","0"
"POINT (6.917779797000037 50.949597224000058)","Unfall 186043 (2024) Kat:3, Licht: 0","186043","3","7","0","10","14","6","","0","1","1","0","0"
"POINT (6.956279322000057 50.925396314000068)","Unfall 186044 (2024) Kat:3, Licht: 1","186044","3","5","0","10","20","6","","1","1","1","0","0"
"POINT (7.075358441000049 50.983042081000065)","Unfall 186105 (2024) Kat:3, Licht: 0","186105","3","1","0","10","11","5","","0","1","0","0","0"
"POINT (6.963525647000040 50.979818079000040)","Unfall 186106 (2024) Kat:3, Licht: 1","186106","3","3","5","10","18","5","","1","1","1","0","0"
"POINT (6.886836029000051 51.022578825000039)","Unfall 186107 (2024) Kat:3, Licht: 0","186107","3","1","8","10","14","5","","0","0","1","0","0"
"POINT (6.898614717000044 50.934443837000060)","Unfall 186108 (2024) Kat:3, Licht: 0","186108","3","6","2","10","19","5","","0","0","1","0","1"
"POINT (6.941326018000041 50.911487720000082)","Unfall 186109 (2024) Kat:3, Licht: 1","186109","3","5","1","10","08","5","","1","1","1","0","0"
"POINT (7.055673895000041 50.880622278000033)","Unfall 186162 (2024) Kat:2, Licht: 0","186162","2","4","0","10","16","4","","0","0","1","1","0"
"POINT (7.095101594000027 50.965447041000061)","Unfall 186163 (2024) Kat:3, Licht: 0","186163","3","5","0","10","08","4","","0","1","1","0","0"
"POINT (6.910698967000030 50.986103868000043)","Unfall 186164 (2024) Kat:3, Licht: 1","186164","3","3","5","10","15","4","","1","1","0","0","0"
"POINT (6.910343366000063 50.996938436000050)","Unfall 186165 (2024) Kat:3, Licht: 0","186165","3","1","6","10","10","4","","0","0","1","1","0"
"POINT (6.927600462000044 50.953629414000034)","Unfall 186166 (2024) Kat:3, Licht: 0","186166","3","2","4","10","12","4","","0","1","1","0","0"