WKT,Name,OBJECTID,UKATEGORIE,UTYP1,UART,UMONAT,USTUNDE,UWOCHENTAG,STRZUSTAND,ULICHTVERH,ISTRAD,ISTPKW,ISTFUSS,ISTKRAD
"POINT (6.896934532000046 50.959191215000033)","Unfall 186167 (2024) Kat:3, Licht: 0","186167","3","5","1","10","11","4","","0","0","1","0","0"
"POINT (6.940739310000026 50.919020208000063)","Unfall 186168 (2024) Kat:3, Licht: 0","186168","3","3","3","10","16","4","","0","0","1","0","1"
"POINT (6.919566430000032 50.926045901000066)","Unfall 186169 (2024) Kat:3, Licht: 1","186169","3","3","5","10","17","4","","1","1","1","0","0"
"POINT (6.933475330000022 50.932412728000031)","Unfall 186170 (2024) Kat:3, Licht: 2","186170","3","5","0","10","20","4","","2","1","1","0","0"
"POINT (7.055938800000035 50.960572013000046)","Unfall 186236 (2024) Kat:3, Licht: 0","186236","3","1","8","10","11","3","","0","0","1","0","0"
"POINT (7.033295844000065 50.961444933000053)","Unfall 186237 (2024) Kat:3, Licht: 0","186237","3","1","0","10","09","3","","0","1","0","0","0"
"POINT (7.008729114000062 50.951923526000030)","Unfall 186238 (2024) Kat:3, Licht: 0","186238","3","3","5","10","07","3","","0","1","1","0","0"
"POINT (6.978466424000032 50.969545569000047)","Unfall 186239 (2024) Kat:2, Licht: 0","186239","2","2","5","10","17","3","","0","1","1","0","0"
"POINT (6.931811892000042 50.978601467000033)","Unfall 186240 (2024) Kat:3, Licht: 2","186240","3","2","5","10","20","3","","2","0","1","0","0"
"POINT (6.912578236000058 50.996353234000026)","Unfall 186241 (2024) Kat:2, Licht: 2","186241","2","7","6","10","19","3","","2","0","1","1","0"
"POINT (6.904422470000043 51.024734393000074)","Unfall 186242 (2024) Kat:3, Licht: 0","186242","3","3","5","10","18","3","","0","0","1","0","0"
"POINT (6.986288240000022 50.969567469000026)","Unfall 186243 (2024) Kat:2, Licht: 0","186243","2","7","0","10","07","3","","0","1","0","0","0"
"POINT (6.942069981000031 50.959040113000071)","Unfall 186244 (2024) Kat:2, Licht: 0","186244","2","3","5","10","08","3","","0","1","0","0","0"
"POINT (6.907783965000021 50.945268456000065)","Unfall 186245 (2024) Kat:3, Licht: 0","186245","3","2","8","10","07","3","","0","0","1","0","0"
"POINT (6.898875978000035 50.958291411000062)","Unfall 186246 (2024) Kat:2, Licht: 2","186246","2","6","7","10","06","3","","2","1","0","0","0"
"POINT (6.960528892000070 50.918390917000067)","Unfall 186247 (2024) Kat:3, Licht: 2","186247","3","2","6","10","22","3","","2","0","1","1","0"
"POINT (6.961702823000053 50.941914003000079)","Unfall 186248 (2024) Kat:3, Licht: 0","186248","3","3","5","10","16","3","","0","1","1","0","0"
"POINT (6.962135287000024 50.922633469000061)","Unfall 186249 (2024) Kat:3, Licht: 0","186249","3","1","0","10","09","3","","0","0","1","0","1"
"POINT (6.936281520000023 50.928582066000047)","Unfall 186250 (2024) Kat:3, Licht: 0","186250","3","2","3","10","08","3","","0","1","0","0","0"
"POINT (7.041478564000045 50.965874950000057)","Unfall 186326 (2024) Kat:3, Licht: 2","186326","3","1","8","10","23","2","","2","0","1","0","0"
"POINT (7.075292548000050 50.974384148000070)","Unfall 186327 (2024) Kat:3, Licht: 0","186327","3","2","5","10","13","2","","0","0","1","0","0"
"POINT (7.005751911000061 50.959994838000057)","Unfall 186328 (2024) Kat:3, Licht: 0","186328","3","6","2","10","08","2","","0","1","1","0","0"
"POINT (6.968060473000037 50.962157328000046)","Unfall 186329 (2024) Kat:2, Licht: 2","186329","2","7","0","10","20","2","","2","0","0","0","0"
"POINT (6.908874563000040 50.942343784000059)","Unfall 186330 (2024) Kat:3, Licht: 0","186330","3","6","1","10","11","2","","0","1","1","0","0"
"POINT (6.934968900000058 50.927807596000036)","Unfall 186331 (2024) Kat:3, Licht: 0","186331","3","1","0","10","10","2","","0","0","0","0","0"
"POINT (7.016611166000075 50.928817816000048)","Unfall 186332 (2024) Kat:3, Licht: 0","186332","3","7","0","10","17","2","","0","0","0","0","0"
"POINT (6.940598042000033 50.934795133000080)","Unfall 186404 (2024) Kat:3, Licht: 2","186404","3","4","6","10","05","1","","2","0","1","1","0"
"POINT (6.951990942000066 50.922731686000077)","Unfall 186405 (2024) Kat:3, Licht: 0","186405","3","6","3","10","15","3","","0","0","1","0","1"
"POINT (7.093120533000047 50.863120581000032)","Unfall 186450 (2024) Kat:3, Licht: 2","186450","3","1","0","10","20","7","","2","0","1","0","1"
"POINT (6.989253589000043 50.968062277000058)","Unfall 186451 (2024) Kat:3, Licht: 2","186451","3","1","0","10","02","7","","2","0","0","0","0"
"POINT (6.885383830000023 50.965190450000080)","Unfall 186452 (2024) Kat:3, Licht: 0","186452","3","4","0","10","23","7","","0","0","0","1","0"
"POINT (6.851568319000023 50.918494824000049)","Unfall 186513 (2024) Kat:3, Licht: 0","186513","3","1","8","10","16","6","","0","0","0","0","1"
"POINT (7.007095948000028 50.869317763000026)","Unfall 186514 (2024) Kat:3, Licht: 0","186514","3","3","5","10","11","6","","0","1","1","0","0"
"POINT (6.959464252000032 50.944039488000044)","Unfall 186515 (2024) Kat:3, Licht: 0","186515","3","5","0","10","10","6","","0","0","1","0","0"
"POINT (6.960791319000066 50.937385602000063)","Unfall 186516 (2024) Kat:3, Licht: 2","186516","3","7","6","10","23","6","","2","0","1","1","0"
"POINT (7.018037930000048 50.897028542000044)","Unfall 186554 (2024) Kat:3, Licht: 0","186554","3","1","6","10","16","5","","0","1","0","1","0"
"POINT (6.941983513000025 50.938306641000054)","Unfall 186555 (2024) Kat:3, Licht: 2","186555","3","1","0","10","19","5","","2","1","0","0","0"
"POINT (7.094240385000035 50.845891655000059)","Unfall 186583 (2024) Kat:3, Licht: 0","186583","3","1","7","10","14","4","","0","0","0","0","0"
"POINT (7.075313860000051 50.899769717000027)","Unfall 186584 (2024) Kat:3, Licht: 0","186584","3","3","6","10","14","4","","0","0","1","1","0"
"POINT (7.060320548000050 50.928040132000035)","Unfall 186585 (2024) Kat:2, Licht: 0","186585","2","6","3","10","07","4","","0","1","1","0","0"
"POINT (6.949952193000058 50.960124923000080)","Unfall 186587 (2024) Kat:3, Licht: 2","186587","3","5","3","10","19","4","","2","1","1","0","0"
"POINT (6.967649057000074 50.983891427000060)","Unfall 186588 (2024) Kat:3, Licht: 0","186588","3","1","1","10","12","4","","0","1","1","0","0"
"POINT (6.922952554000062 50.947224491000043)","Unfall 186589 (2024) Kat:3, Licht: 1","186589","3","6","2","10","18","4","","1","1","1","0","0"
"POINT (6.935919498000032 50.956905200000051)","Unfall 186590 (2024) Kat:3, Licht: 0","186590","3","3","5","10","17","4","","0","1","0","0","0"
"POINT (6.892690633000029 50.961152212000059)","Unfall 186591 (2024) Kat:3, Licht: 0","186591","3","2","5","10","10","4","","0","1","0","0","1"
"POINT (6.944748567000033 50.935230669000077)","Unfall 186592 (2024) Kat:3, Licht: 1","186592","3","6","1","10","19","4","","1","1","1","0","0"
"POINT (7.051019724000071 50.918928841000081)","Unfall 186620 (2024) Kat:3, Licht: 1","186620","3","1","6","10","07","4","","1","0","0","1","0"
"POINT (7.021489418000044 50.938952693000033)","Unfall 186652 (2024) Kat:3, Licht: 2","186652","3","1","8","10","21","3","","2","0","0","0","0"
"POINT (7.006319594000047 50.966897809000045)","Unfall 186653 (2024) Kat:3, Licht: 2","186653","3","6","1","10","19","3","","2","0","1","0","0"
"POINT (7.041143345000023 50.999430875000030)","Unfall 186654 (2024) Kat:3, Licht: 1","186654","3","1","0","10","18","3","","1","1","0","0","0"
"POINT (6.958593006000058 50.964459012000077)","Unfall 186655 (2024) Kat:3, Licht: 0","186655","3","3","5","10","08","3","","0","1","1","0","0"
"POINT (6.923153388000060 50.952703705000033)","Unfall 186656 (2024) Kat:3, Licht: 0","186656","3","2","5","10","10","3","","0","1","0","0","0"
"POINT (6.900051118000022 50.937643378000075)","Unfall 186657 (2024) Kat:3, Licht: 0","186657","3","6","4","10","10","3","","0","0","1","0","0"
"POINT (6.885585193000054 50.983488642000054)","Unfall 186658 (2024) Kat:3, Licht: 0","186658","3","3","0","10","08","3","","0","0","1","0","1"
"POINT (6.928704047000053 50.912063663000026)","Unfall 186660 (2024) Kat:3, Licht: 0","186660","3","7","0","10","12","3","","0","1","0","0","0"
"POINT (6.967834236000044 50.909870713000032)","Unfall 186707 (2024) Kat:3, Licht: 0","186707","3","2","4","10","14","6","","0","1","1","0","0"
"POINT (7.000659847000065 50.938442632000033)","Unfall 186739 (2024) Kat:3, Licht: 0","186739","3","6","2","09","18","2","","0","0","1","0","0"
"POINT (7.061693583000022 50.885564486000078)","Unfall 186740 (2024) Kat:3, Licht: 0","186740","3","3","5","09","09","2","","0","0","0","0","0"
"POINT (7.069288109000070 50.973462164000068)","Unfall 186741 (2024) Kat:3, Licht: 2","186741","3","2","4","09","19","2","","2","1","1","0","0"
"POINT (6.880028507000077 51.009019823000074)","Unfall 186743 (2024) Kat:3, Licht: 0","186743","3","1","8","09","12","2","","0","0","1","0","0"
"POINT (7.022724740000058 50.871808176000059)","Unfall 186744 (2024) Kat:3, Licht: 0","186744","3","3","0","09","11","2","","0","1","0","0","0"
"POINT (6.920316256000035 50.926276500000029)","Unfall 186745 (2024) Kat:3, Licht: 0","186745","3","5","1","09","07","2","","0","1","1","0","0"
"POINT (6.953388999000026 50.932970943000043)","Unfall 186746 (2024) Kat:3, Licht: 0","186746","3","6","1","09","11","2","","0","0","1","0","0"
"POINT (6.973157307000065 50.941557053000054)","Unfall 186821 (2024) Kat:3, Licht: 2","186821","3","1","0","09","00","1","","2","0","0","0","0"
"POINT (6.924181322000038 50.946707316000072)","Unfall 186823 (2024) Kat:3, Licht: 0","186823","3","1","9","09","16","1","","0","0","1","0","0"
"POINT (6.901585905000047 50.977574831000027)","Unfall 186824 (2024) Kat:3, Licht: 2","186824","3","1","0","09","00","1","","2","0","0","0","0"
"POINT (6.940210600000057 50.946529303000034)","Unfall 186827 (2024) Kat:3, Licht: 0","186827","3","7","6","09","16","1","","0","1","0","1","0"
"POINT (6.954322053000055 50.925602453000067)","Unfall 186828 (2024) Kat:3, Licht: 0","186828","3","6","4","09","16","1","","0","0","1","0","0"
"POINT (7.100263607000045 50.876452055000073)","Unfall 186876 (2024) Kat:3, Licht: 0","186876","3","5","1","11","14","2","","0","1","1","0","0"
"POINT (7.025247317000037 50.958190767000076)","Unfall 186877 (2024) Kat:3, Licht: 0","186877","3","6","0","11","15","2","","0","1","0","1","0"
"POINT (7.051043321000066 50.964985561000049)","Unfall 186878 (2024) Kat:3, Licht: 0","186878","3","6","0","11","08","2","","0","1","1","0","0"
"POINT (6.902900464000027 50.956619194000041)","Unfall 186879 (2024) Kat:3, Licht: 0","186879","3","3","5","11","17","2","","0","0","1","0","0"
"POINT (6.914813763000041 50.951457430000062)","Unfall 186880 (2024) Kat:3, Licht: 0","186880","3","4","6","11","15","2","","0","1","0","1","0"
"POINT (6.901311046000046 50.961095305000072)","Unfall 186881 (2024) Kat:3, Licht: 0","186881","3","2","5","11","15","2","","0","0","0","0","0"
"POINT (6.863126778000037 50.940532379000047)","Unfall 186882 (2024) Kat:3, Licht: 0","186882","3","2","5","11","14","2","","0","1","1","0","0"
"POINT (6.940066748000049 50.911188017000029)","Unfall 186883 (2024) Kat:3, Licht: 0","186883","3","2","5","11","08","2","","0","1","1","0","0"
"POINT (6.927492683000025 50.928980698000032)","Unfall 186884 (2024) Kat:3, Licht: 0","186884","3","2","5","11","12","2","","0","0","1","0","0"
"POINT (6.998225292000029 51.013329372000044)","Unfall 186939 (2024) Kat:3, Licht: 0","186939","3","6","0","11","15","1","","0","1","0","1","0"
"POINT (6.884578314000066 50.919653997000069)","Unfall 186940 (2024) Kat:3, Licht: 0","186940","3","2","5","11","14","1","","0","1","0","0","0"
"POINT (6.942720752000071 50.968443422000064)","Unfall 186982 (2024) Kat:3, Licht: 2","186982","3","3","5","11","20","7","","2","0","1","0","0"
"POINT (6.917398025000068 50.949753775000033)","Unfall 186983 (2024) Kat:3, Licht: 0","186983","3","4","6","11","12","7","","0","1","0","1","0"
"POINT (6.956252523000046 50.941350000000057)","Unfall 186984 (2024) Kat:3, Licht: 1","186984","3","4","6","11","17","7","","1","0","0","1","0"
"POINT (6.923012335000067 50.922722449000048)","Unfall 187011 (2024) Kat:3, Licht: 2","187011","3","1","0","11","21","6","","2","1","0","0","0"
"POINT (6.936704002000056 50.912325051000039)","Unfall 187012 (2024) Kat:3, Licht: 2","187012","3","1","1","11","06","6","","2","0","1","0","0"
"POINT (6.934548819000042 50.935723549000045)","Unfall 187013 (2024) Kat:3, Licht: 0","187013","3","5","1","11","10","6","","0","0","1","0","1"
"POINT (6.973186269000053 50.940827265000053)","Unfall 187041 (2024) Kat:3, Licht: 1","187041","3","3","5","10","16","5","","1","1","0","0","0"
"POINT (7.032198709000056 50.970897026000046)","Unfall 187042 (2024) Kat:3, Licht: 0","187042","3","6","2","10","15","5","","0","0","1","0","0"
"POINT (6.903926426000055 51.023634366000067)","Unfall 187043 (2024) Kat:3, Licht: 0","187043","3","2","5","10","15","5","","0","0","1","1","0"
"POINT (6.898311925000030 51.018913338000061)","Unfall 187044 (2024) Kat:2, Licht: 1","187044","2","4","6","10","06","5","","1","0","1","1","0"
"POINT (6.830244571000037 50.934088237000026)","Unfall 187045 (2024) Kat:3, Licht: 1","187045","3","7","0","10","17","5","","1","0","0","1","1"
"POINT (6.885400195000045 50.983732046000057)","Unfall 187046 (2024) Kat:3, Licht: 0","187046","3","1","0","10","08","5","","0","0","0","0","0"
"POINT (6.910656464000056 50.955209606000039)","Unfall 187047 (2024) Kat:3, Licht: 0","187047","3","7","6","10","08","5","","0","0","0","1","0"
"POINT (6.901187579000066 50.930028298000082)","Unfall 187048 (2024) Kat:3, Licht: 2","187048","3","1","0","10","22","5","","2","1","0","0","0"
"POINT (6.993288304000032 50.891872929000044)","Unfall 187049 (2024) Kat:3, Licht: 0","187049","3","1","0","10","10","5","","0","1","0","0","0"
"POINT (6.949299679000035 50.965907783000034)","Unfall 187107 (2024) Kat:3, Licht: 0","187107","3","2","6","10","09","4","","0","0","1","1","0"
"POINT (6.923752418000049 50.922983097000042)","Unfall 187108 (2024) Kat:3, Licht: 0","187108","3","1","0","10","09","4","","0","1","0","0","0"
"POINT (6.901615637000020 50.926323479000075)","Unfall 187109 (2024) Kat:3, Licht: 0","187109","3","2","4","10","07","4","","0","0","1","0","0"
"POINT (7.000229153000021 50.915141753000057)","Unfall 187172 (2024) Kat:2, Licht: 0","187172","2","7","0","10","15","3","","0","0","0","0","0"
"POINT (7.043666927000061 50.992870976000063)","Unfall 187173 (2024) Kat:3, Licht: 0","187173","3","3","5","10","13","3","","0","0","1","0","0"
"POINT (7.010546324000074 50.964710620000062)","Unfall 187174 (2024) Kat:2, Licht: 0","187174","2","4","6","10","12","3","","0","0","0","1","0"
"POINT (7.031251457000053 50.986138389000075)","Unfall 187175 (2024) Kat:3, Licht: 1","187175","3","1","9","10","07","3","","1","0","0","0","1"
"POINT (6.973451802000056 50.968633117000081)","Unfall 187176 (2024) Kat:3, Licht: 0","187176","3","2","5","10","07","3","","0","1","0","0","0"
"POINT (6.941628893000029 50.917018294000059)","Unfall 187177 (2024) Kat:3, Licht: 0","187177","3","2","0","10","16","3","","0","0","1","0","0"
"POINT (7.001291713000057 50.952712122000037)","Unfall 187263 (2024) Kat:3, Licht: 2","187263","3","7","0","10","20","2","","2","1","1","0","0"
"POINT (6.994837162000067 50.984005098000068)","Unfall 187264 (2024) Kat:3, Licht: 0","187264","3","3","5","10","08","2","","0","0","1","0","0"
"POINT (6.860970596000072 50.933611444000064)","Unfall 187265 (2024) Kat:2, Licht: 0","187265","2","5","0","10","15","2","","0","1","1","0","0"
"POINT (6.928752688000031 50.943942931000038)","Unfall 187266 (2024) Kat:3, Licht: 2","187266","3","5","5","10","17","2","","2","0","1","0","0"
"POINT (6.891824293000070 50.982267388000082)","Unfall 187267 (2024) Kat:3, Licht: 0","187267","3","7","6","10","09","2","","0","0","1","1","0"
"POINT (6.903673816000037 50.976114143000075)","Unfall 187268 (2024) Kat:2, Licht: 1","187268","2","1","8","10","07","2","","1","0","0","0","1"
"POINT (6.912717571000030 50.952783089000036)","Unfall 187269 (2024) Kat:3, Licht: 0","187269","3","2","5","10","08","2","","0","1","1","0","0"
"POINT (6.936348701000043 50.928606924000064)","Unfall 187270 (2024) Kat:3, Licht: 0","187270","3","3","5","10","12","2","","0","1","1","0","0"
"POINT (6.997085730000038 50.888869282000030)","Unfall 187309 (2024) Kat:3, Licht: 2","187309","3","1","0","10","02","1","","2","1","0","0","0"
"POINT (6.923792171000059 50.944298163000042)","Unfall 187326 (2024) Kat:3, Licht: 0","187326","3","2","5","10","14","2","","0","1","1","0","0"
"POINT (7.000749756000062 50.936650853000060)","Unfall 187336 (2024) Kat:3, Licht: 0","187336","3","3","5","10","14","7","","0","0","1","0","1"
"POINT (6.936362608000024 50.960042504000057)","Unfall 187337 (2024) Kat:3, Licht: 0","187337","3","3","5","10","17","7","","0","1","1","0","0"
"POINT (6.904248845000041 50.951496449000047)","Unfall 187338 (2024) Kat:3, Licht: 2","187338","3","5","1","10","21","7","","2","1","1","0","0"
"POINT (6.994658686000037 50.893226930000026)","Unfall 187339 (2024) Kat:3, Licht: 0","187339","3","3","0","10","16","7","","0","1","1","0","0"
"POINT (6.944671300000039 50.915610933000039)","Unfall 187340 (2024) Kat:3, Licht: 0","187340","3","2","3","10","15","7","","0","1","0","0","0"
"POINT (6.900454938000053 50.917213761000028)","Unfall 187341 (2024) Kat:2, Licht: 0","187341","2","1","0","10","13","7","","0","1","0","0","0"
"POINT (6.988708291000023 50.988344506000033)","Unfall 187391 (2024) Kat:3, Licht: 0","187391","3","1","0","10","14","6","","0","1","0","0","0"
"POINT (6.974673318000043 50.957027109000080)","Unfall 187392 (2024) Kat:3, Licht: 0","187392","3","6","3","10","15","6","","0","0","1","0","1"
"POINT (6.949010090000058 50.992828797000072)","Unfall 187393 (2024) Kat:3, Licht: 0","187393","3","6","3","10","14","6","","0","0","1","0","0"
"POINT (6.896817107000061 50.934486803000027)","Unfall 187394 (2024) Kat:3, Licht: 2","187394","3","6","3","10","21","6","","2","1","1","0","0"
"POINT (6.962008777000051 50.897416925000073)","Unfall 187395 (2024) Kat:3, Licht: 0","187395","3","6","0","10","08","6","","0","1","1","0","0"
"POINT (6.974086660000069 50.900598623000064)","Unfall 187396 (2024) Kat:3, Licht: 0","187396","3","1","0","10","10","6","","0","1","0","0","0"
"POINT (6.958710866000047 50.910278338000069)","Unfall 187397 (2024) Kat:3, Licht: 0","187397","3","3","5","10","07","6","","0","1","1","0","0"
"POINT (6.864924745000053 50.982630743000072)","Unfall 187445 (2024) Kat:3, Licht: 0","187445","3","4","6","10","15","6","","0","0","1","1","0"
"POINT (6.904717928000025 50.996566001000076)","Unfall 187446 (2024) Kat:3, Licht: 0","187446","3","6","4","10","14","5","","0","0","1","0","1"
"POINT (6.952905161000047 50.968923493000034)","Unfall 187447 (2024) Kat:3, Licht: 0","187447","3","6","3","10","16","5","","0","0","1","0","0"
"POINT (6.939722701000051 50.917773923000027)","Unfall 187448 (2024) Kat:3, Licht: 1","187448","3","6","3","10","07","5","","1","1","1","0","0"
"POINT (6.919559879000076 50.925909086000047)","Unfall 187449 (2024) Kat:3, Licht: 0","187449","3","2","6","10","15","5","","0","0","1","1","0"
"POINT (6.992410950000021 50.870840728000076)","Unfall 187450 (2024) Kat:3, Licht: 0","187450","3","3","5","10","11","5","","0","0","1","0","0"
"POINT (6.956469273000039 50.941754335000041)","Unfall 187451 (2024) Kat:3, Licht: 2","187451","3","2","5","10","23","5","","2","1","1","0","0"
"POINT (7.021853617000033 50.933594334000077)","Unfall 187495 (2024) Kat:3, Licht: 0","187495","3","6","3","10","10","4","","0","1","0","0","1"
"POINT (6.988629411000034 50.988980777000052)","Unfall 187496 (2024) Kat:3, Licht: 0","187496","3","6","3","10","15","4","","0","0","0","0","1"
"POINT (6.887091449000025 51.020076358000040)","Unfall 187497 (2024) Kat:3, Licht: 0","187497","3","2","0","10","15","4","","0","1","1","0","0"
"POINT (6.910687634000055 50.939735733000077)","Unfall 187498 (2024) Kat:3, Licht: 0","187498","3","2","5","10","15","4","","0","1","1","0","0"
"POINT (6.852977899000052 50.975141144000077)","Unfall 187500 (2024) Kat:3, Licht: 0","187500","3","6","4","10","10","4","","0","0","1","0","0"
"POINT (6.889207775000045 50.981416776000060)","Unfall 187501 (2024) Kat:3, Licht: 0","187501","3","2","3","10","16","4","","0","1","1","0","0"
"POINT (6.961817924000059 50.913923561000047)","Unfall 187502 (2024) Kat:3, Licht: 1","187502","3","5","3","10","17","4","","1","0","1","0","0"
"POINT (6.943795052000041 50.930446888000063)","Unfall 187503 (2024) Kat:3, Licht: 2","187503","3","4","6","10","20","4","","2","1","0","1","0"
"POINT (6.873172733000047 50.958030635000057)","Unfall 187505 (2024) Kat:3, Licht: 0","187505","3","2","5","11","14","2","","0","0","1","0","0"
"POINT (6.955838573000051 50.973196015000042)","Unfall 187546 (2024) Kat:3, Licht: 0","187546","3","1","0","11","16","2","","0","1","1","0","0"
"POINT (7.050263038000026 50.950463108000065)","Unfall 187566 (2024) Kat:3, Licht: 0","187566","3","3","5","10","13","3","","0","1","1","0","0"
"POINT (7.085434747000022 50.856421767000029)","Unfall 187567 (2024) Kat:3, Licht: 0","187567","3","3","5","10","08","3","","0","0","1","0","0"
"POINT (7.013087421000023 50.962674651000043)","Unfall 187568 (2024) Kat:3, Licht: 0","187568","3","5","1","10","16","3","","0","1","1","0","0"
"POINT (7.073938811000062 50.975323413000069)","Unfall 187570 (2024) Kat:3, Licht: 0","187570","3","3","5","10","16","3","","0","1","1","0","0"
"POINT (6.883147149000024 50.932945439000036)","Unfall 187571 (2024) Kat:3, Licht: 0","187571","3","1","0","10","15","3","","0","1","0","0","0"
"POINT (6.946913275000043 50.910147932000029)","Unfall 187572 (2024) Kat:3, Licht: 0","187572","3","3","5","10","09","3","","0","1","1","0","0"
"POINT (6.915843457000051 50.961717308000061)","Unfall 187626 (2024) Kat:3, Licht: 0","187626","3","1","0","10","11","2","","0","1","0","0","0"
"POINT (6.956806401000051 50.948931794000032)","Unfall 187627 (2024) Kat:3, Licht: 0","187627","3","6","0","10","18","2","","0","1","0","0","0"
"POINT (7.103774203000057 50.852180799000053)","Unfall 187673 (2024) Kat:3, Licht: 0","187673","3","7","0","10","15","1","","0","0","1","0","1"
"POINT (6.889413346000026 50.941788943000063)","Unfall 187674 (2024) Kat:3, Licht: 0","187674","3","7","0","10","16","1","","0","1","0","0","0"
"POINT (6.912587249000069 50.920574860000045)","Unfall 187675 (2024) Kat:3, Licht: 2","187675","3","5","1","10","02","1","","2","1","1","0","0"
"POINT (6.968702539000049 50.966468456000030)","Unfall 187706 (2024) Kat:3, Licht: 0","187706","3","6","2","10","08","2","","0","0","1","0","0"
"POINT (6.950203480000027 50.969130269000061)","Unfall 187712 (2024) Kat:3, Licht: 0","187712","3","7","0","10","08","7","","0","1","0","0","0"
"POINT (6.887825195000062 50.948974141000065)","Unfall 187713 (2024) Kat:2, Licht: 0","187713","2","1","0","10","13","7","","0","0","0","0","0"
"POINT (6.966918649000036 50.905979008000031)","Unfall 187715 (2024) Kat:3, Licht: 2","187715","3","5","1","10","21","7","","2","0","1","0","0"
"POINT (6.934719688000030 50.927677813000059)","Unfall 187716 (2024) Kat:3, Licht: 1","187716","3","1","0","10","18","7","","1","1","0","0","0"
"POINT (6.931620371000065 50.979807764000043)","Unfall 187762 (2024) Kat:2, Licht: 2","187762","2","7","0","10","21","6","","2","0","1","0","0"
"POINT (6.947851792000051 50.964164959000072)","Unfall 187763 (2024) Kat:3, Licht: 0","187763","3","5","1","10","11","6","","0","1","0","0","0"
"POINT (6.926920673000041 50.945563327000059)","Unfall 187765 (2024) Kat:2, Licht: 2","187765","2","1","0","10","22","6","","2","0","0","0","0"
"POINT (6.958119164000038 50.938428109000029)","Unfall 187767 (2024) Kat:3, Licht: 0","187767","3","3","5","10","16","6","","0","1","1","0","0"
"POINT (6.947635154000068 50.937701209000068)","Unfall 187768 (2024) Kat:3, Licht: 0","187768","3","3","5","10","13","6","","0","1","0","0","0"
"POINT (6.951475549000065 50.960898749000080)","Unfall 187827 (2024) Kat:3, Licht: 0","187827","3","6","0","10","10","5","","0","1","1","0","0"
"POINT (6.962301613000022 50.911298231000046)","Unfall 187828 (2024) Kat:3, Licht: 0","187828","3","2","5","10","16","5","","0","0","1","0","0"
"POINT (6.919945026000050 50.913119921000032)","Unfall 187829 (2024) Kat:3, Licht: 0","187829","3","1","0","10","09","5","","0","1","1","0","0"
"POINT (6.951093631000049 50.900408962000029)","Unfall 187830 (2024) Kat:3, Licht: 0","187830","3","5","1","10","09","5","","0","1","1","0","0"
"POINT (6.957954201000064 50.936801652000042)","Unfall 187841 (2024) Kat:3, Licht: 2","187841","3","7","0","10","01","1","","2","0","1","1","0"
"POINT (7.032573223000043 50.981167597000081)","Unfall 187869 (2024) Kat:2, Licht: 2","187869","2","2","6","11","17","7","","2","0","1","1","0"
"POINT (7.004573959000027 50.973968503000037)","Unfall 187870 (2024) Kat:3, Licht: 0","187870","3","5","2","11","13","7","","0","0","1","0","0"
"POINT (7.097261424000067 50.965354841000078)","Unfall 187871 (2024) Kat:3, Licht: 0","187871","3","5","5","11","15","7","","0","1","1","0","0"
"POINT (6.965744060000077 50.972143353000035)","Unfall 187872 (2024) Kat:2, Licht: 2","187872","2","4","6","11","18","7","","2","0","1","1","0"
"POINT (6.973864669000022 50.858153970000046)","Unfall 187874 (2024) Kat:3, Licht: 0","187874","3","6","3","11","14","7","","0","0","1","0","0"
"POINT (6.993689871000072 50.873183954000069)","Unfall 187875 (2024) Kat:3, Licht: 2","187875","3","3","5","11","02","7","","2","0","1","0","0"
"POINT (6.953924293000057 50.938292604000026)","Unfall 187876 (2024) Kat:3, Licht: 2","187876","3","3","5","11","22","7","","2","0","1","0","1"
"POINT (6.832427829000039 50.959881433000078)","Unfall 187922 (2024) Kat:3, Licht: 2","187922","3","4","6","11","17","6","","2","0","1","1","0"
"POINT (6.905305403000057 50.958904480000058)","Unfall 187923 (2024) Kat:3, Licht: 1","187923","3","3","0","11","16","6","","1","0","1","0","0"
"POINT (6.821609019000050 50.943821769000067)","Unfall 187924 (2024) Kat:3, Licht: 0","187924","3","7","0","11","08","6","","0","0","0","0","0"
"POINT (6.998182576000033 50.886055063000072)","Unfall 187925 (2024) Kat:3, Licht: 0","187925","3","5","1","11","09","6","","0","1","1","0","0"
"POINT (6.940932269000029 50.914105258000063)","Unfall 187926 (2024) Kat:3, Licht: 2","187926","3","1","0","11","05","6","","2","0","0","0","0"
"POINT (6.954995220000058 50.937990152000054)","Unfall 187927 (2024) Kat:3, Licht: 0","187927","3","1","0","11","09","6","","0","0","0","0","0"
"POINT (7.001001257000041 50.939375223000070)","Unfall 187979 (2024) Kat:3, Licht: 2","187979","3","3","5","11","20","5","","2","1","1","0","0"
"POINT (6.880696796000052 50.947329869000043)","Unfall 187980 (2024) Kat:3, Licht: 0","187980","3","3","0","11","09","5","","0","1","1","0","0"
"POINT (6.947156085000074 50.914872426000045)","Unfall 187981 (2024) Kat:3, Licht: 0","187981","3","2","1","11","09","5","","0","0","1","0","0"