WKT,Name,OBJECTID,UKATEGORIE,UTYP1,UART,UMONAT,USTUNDE,UWOCHENTAG,STRZUSTAND,ULICHTVERH,ISTRAD,ISTPKW,ISTFUSS,ISTKRAD
"POINT (6.949168985000028 50.921846621000043)","Unfall 187982 (2024) Kat:3, Licht: 2","187982","3","7","0","11","17","5","","2","1","0","0","0"
"POINT (6.947002425000051 50.965125920000048)","Unfall 188040 (2024) Kat:2, Licht: 0","188040","2","7","9","11","10","4","","0","0","1","0","0"
"POINT (6.905470280000031 50.959407042000066)","Unfall 188041 (2024) Kat:3, Licht: 0","188041","3","2","5","11","14","4","","0","0","1","0","0"
"POINT (7.057901121000043 50.885705484000027)","Unfall 188091 (2024) Kat:3, Licht: 0","188091","3","3","5","11","08","3","","0","1","1","0","0"
"POINT (6.973211415000037 50.941812788000050)","Unfall 188092 (2024) Kat:3, Licht: 2","188092","3","3","5","11","17","3","","2","1","1","0","0"
"POINT (6.945881609000025 50.977496171000041)","Unfall 188093 (2024) Kat:3, Licht: 2","188093","3","4","6","11","17","3","","2","0","1","1","0"
"POINT (6.958890329000042 50.967642411000043)","Unfall 188094 (2024) Kat:3, Licht: 2","188094","3","2","6","11","06","3","","2","0","1","1","0"
"POINT (6.901067341000044 50.951067324000064)","Unfall 188095 (2024) Kat:3, Licht: 0","188095","3","1","0","11","08","3","","0","1","0","0","0"
"POINT (6.924078966000025 50.952371874000050)","Unfall 188096 (2024) Kat:3, Licht: 0","188096","3","2","5","11","12","3","","0","1","1","0","0"
"POINT (6.897149071000058 50.977490530000068)","Unfall 188097 (2024) Kat:3, Licht: 2","188097","3","2","6","11","07","3","","2","0","1","1","0"
"POINT (6.950550865000025 50.949293989000068)","Unfall 188098 (2024) Kat:3, Licht: 2","188098","3","4","6","11","18","3","","2","1","0","1","0"
"POINT (6.953393603000052 50.933315920000041)","Unfall 188099 (2024) Kat:3, Licht: 0","188099","3","6","0","11","11","3","","0","0","1","0","0"
"POINT (7.041158179000035 50.934499673000062)","Unfall 188165 (2024) Kat:3, Licht: 1","188165","3","4","6","11","16","2","","1","0","1","1","0"
"POINT (6.996926482000049 50.933180823000043)","Unfall 188166 (2024) Kat:3, Licht: 0","188166","3","7","6","11","15","2","","0","0","1","1","0"
"POINT (7.068228944000055 50.975375817000042)","Unfall 188167 (2024) Kat:3, Licht: 0","188167","3","3","5","11","17","2","","0","1","1","0","0"
"POINT (6.907168781000053 50.951144008000028)","Unfall 188168 (2024) Kat:3, Licht: 0","188168","3","2","5","11","10","2","","0","1","1","0","0"
"POINT (6.933053671000039 50.920845079000060)","Unfall 188169 (2024) Kat:3, Licht: 1","188169","3","6","1","11","17","2","","1","0","1","0","0"
"POINT (6.978094581000050 50.928408771000079)","Unfall 188222 (2024) Kat:3, Licht: 2","188222","3","7","9","11","22","1","","2","0","1","0","0"
"POINT (6.990336111000033 50.908005216000049)","Unfall 188243 (2024) Kat:3, Licht: 0","188243","3","1","0","11","12","7","","0","1","0","0","0"
"POINT (6.891805631000068 50.935894315000041)","Unfall 188244 (2024) Kat:2, Licht: 0","188244","2","1","0","11","12","7","","0","0","0","0","0"
"POINT (7.109489006000047 50.874308922000068)","Unfall 188281 (2024) Kat:2, Licht: 2","188281","2","7","7","11","04","6","","2","0","0","0","1"
"POINT (7.071117524000044 50.978052496000032)","Unfall 188282 (2024) Kat:3, Licht: 0","188282","3","7","6","11","11","6","","0","0","1","1","0"
"POINT (6.959884584000065 50.920147811000049)","Unfall 188283 (2024) Kat:3, Licht: 2","188283","3","6","6","11","20","6","","2","1","0","1","0"
"POINT (7.037932219000027 50.952130227000055)","Unfall 188337 (2024) Kat:3, Licht: 0","188337","3","6","2","11","08","5","","0","0","1","0","0"
"POINT (7.069764151000072 50.897491852000030)","Unfall 188343 (2024) Kat:3, Licht: 0","188343","3","6","4","11","15","5","","0","0","1","0","0"
"POINT (7.005031993000046 50.951019057000053)","Unfall 188344 (2024) Kat:3, Licht: 0","188344","3","4","6","11","08","5","","0","0","1","1","0"
"POINT (7.037608759000022 50.982620004000069)","Unfall 188345 (2024) Kat:2, Licht: 2","188345","2","6","4","11","20","5","","2","0","1","0","0"
"POINT (6.912404088000073 50.984221186000070)","Unfall 188346 (2024) Kat:3, Licht: 0","188346","3","4","0","11","14","5","","0","1","0","1","0"
"POINT (6.917652665000048 50.988421831000039)","Unfall 188347 (2024) Kat:3, Licht: 0","188347","3","6","2","11","15","5","","0","0","1","0","0"
"POINT (6.899981396000044 51.041828947000056)","Unfall 188348 (2024) Kat:3, Licht: 0","188348","3","6","2","11","10","5","","0","0","1","0","0"
"POINT (6.951998420000052 50.966524859000060)","Unfall 188349 (2024) Kat:3, Licht: 0","188349","3","6","3","11","07","5","","0","1","0","0","0"
"POINT (6.919319498000050 50.954110336000042)","Unfall 188350 (2024) Kat:2, Licht: 0","188350","2","7","4","11","13","5","","0","0","1","0","0"
"POINT (6.899826991000054 50.955503345000068)","Unfall 188351 (2024) Kat:3, Licht: 0","188351","3","7","0","11","13","5","","0","1","1","0","0"
"POINT (6.900426487000061 50.957621162000066)","Unfall 188352 (2024) Kat:3, Licht: 2","188352","3","1","0","11","07","5","","2","1","0","0","0"
"POINT (6.865545149000070 50.932140860000061)","Unfall 188353 (2024) Kat:3, Licht: 1","188353","3","3","5","11","08","5","","1","1","1","0","0"
"POINT (6.945542251000063 50.910370638000074)","Unfall 188354 (2024) Kat:3, Licht: 2","188354","3","2","6","11","17","5","","2","0","0","1","0"
"POINT (6.927897765000068 50.920561397000029)","Unfall 188355 (2024) Kat:3, Licht: 0","188355","3","2","5","11","15","5","","0","1","1","0","0"
"POINT (6.964505400000064 50.903866357000027)","Unfall 188356 (2024) Kat:3, Licht: 1","188356","3","2","6","11","07","5","","1","0","1","1","0"
"POINT (6.947526614000026 50.930614015000060)","Unfall 188357 (2024) Kat:3, Licht: 2","188357","3","4","6","11","17","5","","2","1","0","1","0"
"POINT (6.950415200000066 50.945239517000061)","Unfall 188358 (2024) Kat:3, Licht: 2","188358","3","3","5","11","00","5","","2","0","1","0","0"
"POINT (6.992597456000055 50.955592884000055)","Unfall 188411 (2024) Kat:3, Licht: 2","188411","3","1","8","11","19","4","","2","1","0","0","0"
"POINT (6.904667789000030 50.996549347000041)","Unfall 188412 (2024) Kat:3, Licht: 1","188412","3","1","0","11","17","4","","1","1","0","0","0"
"POINT (6.846124383000074 50.935598081000080)","Unfall 188413 (2024) Kat:3, Licht: 0","188413","3","1","0","11","10","4","","0","1","0","0","0"
"POINT (6.962533303000043 50.911334435000072)","Unfall 188414 (2024) Kat:3, Licht: 2","188414","3","3","5","11","05","4","","2","0","1","0","0"
"POINT (6.944042244000059 50.923782974000062)","Unfall 188415 (2024) Kat:3, Licht: 0","188415","3","2","3","11","09","4","","0","1","0","0","0"
"POINT (6.955713735000074 50.942527302000030)","Unfall 188416 (2024) Kat:3, Licht: 0","188416","3","3","5","11","09","4","","0","1","1","0","0"
"POINT (6.998800322000022 50.920064257000035)","Unfall 188442 (2024) Kat:3, Licht: 1","188442","3","3","5","11","16","6","","1","1","0","0","0"
"POINT (7.001448844000038 50.940234700000076)","Unfall 188475 (2024) Kat:2, Licht: 2","188475","2","2","5","11","17","3","","2","1","1","0","0"
"POINT (6.991416114000060 50.956099726000048)","Unfall 188476 (2024) Kat:3, Licht: 2","188476","3","7","6","11","00","3","","2","0","1","1","0"
"POINT (6.934041496000020 50.969094468000037)","Unfall 188477 (2024) Kat:2, Licht: 2","188477","2","1","0","11","20","3","","2","0","0","0","0"
"POINT (6.838251117000027 50.943137563000050)","Unfall 188478 (2024) Kat:2, Licht: 2","188478","2","1","0","11","20","3","","2","0","0","0","0"
"POINT (6.930880323000054 50.940702756000064)","Unfall 188479 (2024) Kat:3, Licht: 0","188479","3","3","5","11","15","3","","0","1","1","0","0"
"POINT (6.954970248000052 50.901743943000042)","Unfall 188480 (2024) Kat:3, Licht: 2","188480","3","6","2","11","17","3","","2","0","1","0","0"
"POINT (6.939976993000073 50.934734444000071)","Unfall 188481 (2024) Kat:3, Licht: 2","188481","3","3","5","11","19","3","","2","1","1","0","0"
"POINT (6.962452926000026 50.918839425000044)","Unfall 188482 (2024) Kat:3, Licht: 0","188482","3","2","0","11","09","3","","0","1","0","0","0"
"POINT (7.018575187000067 50.874854848000041)","Unfall 188498 (2024) Kat:3, Licht: 1","188498","3","1","0","11","07","6","","1","0","0","0","1"
"POINT (6.952522788000067 50.933220352000035)","Unfall 188501 (2024) Kat:3, Licht: 0","188501","3","3","5","11","13","6","","0","1","1","0","0"
"POINT (6.998875868000027 50.922545693000075)","Unfall 188540 (2024) Kat:3, Licht: 0","188540","3","2","5","11","09","2","","0","1","1","0","0"
"POINT (7.054751634000070 50.964306454000052)","Unfall 188541 (2024) Kat:3, Licht: 0","188541","3","6","2","11","07","2","","0","1","1","0","0"
"POINT (6.893175375000055 51.014443743000072)","Unfall 188542 (2024) Kat:3, Licht: 0","188542","3","1","0","11","23","2","","0","1","0","0","0"
"POINT (6.969726519000062 50.980308854000043)","Unfall 188544 (2024) Kat:3, Licht: 0","188544","3","3","5","11","15","2","","0","1","1","0","0"
"POINT (6.898861776000047 50.952561622000076)","Unfall 188545 (2024) Kat:3, Licht: 2","188545","3","2","6","11","18","2","","2","0","0","1","0"
"POINT (6.972931883000058 50.858121684000082)","Unfall 188546 (2024) Kat:3, Licht: 2","188546","3","7","6","11","17","2","","2","0","1","1","0"
"POINT (6.934499253000070 50.934476261000043)","Unfall 188547 (2024) Kat:3, Licht: 2","188547","3","5","1","11","21","2","","2","0","1","0","0"
"POINT (6.958058258000051 50.937447105000047)","Unfall 188548 (2024) Kat:3, Licht: 0","188548","3","7","0","11","12","2","","0","0","0","1","0"
"POINT (6.935656433000077 50.928202352000028)","Unfall 188609 (2024) Kat:3, Licht: 2","188609","3","1","7","11","20","1","","2","1","0","0","0"
"POINT (7.005857702000071 50.949084527000082)","Unfall 188639 (2024) Kat:3, Licht: 0","188639","3","5","1","11","13","7","","0","1","1","0","0"
"POINT (6.892664958000069 50.961201821000031)","Unfall 188640 (2024) Kat:3, Licht: 2","188640","3","1","0","11","21","7","","2","0","0","0","0"
"POINT (6.929657652000060 50.944488805000049)","Unfall 188641 (2024) Kat:3, Licht: 2","188641","3","1","0","11","22","7","","2","1","0","0","0"
"POINT (6.934046453000065 50.928427692000071)","Unfall 188642 (2024) Kat:3, Licht: 2","188642","3","1","1","11","04","7","","2","0","1","0","0"
"POINT (6.966532851000068 50.912284992000082)","Unfall 188643 (2024) Kat:2, Licht: 2","188643","2","1","0","11","00","7","","2","1","1","0","0"
"POINT (6.952741415000048 50.942512962000080)","Unfall 188644 (2024) Kat:2, Licht: 2","188644","2","1","0","11","00","7","","2","0","0","0","0"
"POINT (6.922055209000064 50.973042081000074)","Unfall 188671 (2024) Kat:3, Licht: 2","188671","3","1","0","11","07","5","","2","1","0","0","0"
"POINT (7.113842795000039 50.879963511000028)","Unfall 188684 (2024) Kat:3, Licht: 0","188684","3","3","5","11","12","6","","0","1","1","0","0"
"POINT (6.915673460000050 50.952025004000063)","Unfall 188685 (2024) Kat:3, Licht: 0","188685","3","3","5","11","15","6","","0","0","1","0","0"
"POINT (6.840778532000058 50.942400900000052)","Unfall 188686 (2024) Kat:3, Licht: 0","188686","3","5","6","11","07","6","","0","0","1","1","0"
"POINT (6.957253741000045 50.904369437000071)","Unfall 188687 (2024) Kat:3, Licht: 0","188687","3","2","4","11","16","6","","0","0","1","0","1"
"POINT (6.950251412000057 50.919751783000038)","Unfall 188688 (2024) Kat:3, Licht: 0","188688","3","6","3","11","10","6","","0","0","1","0","0"
"POINT (6.914756664000038 50.967595447000065)","Unfall 188696 (2024) Kat:3, Licht: 2","188696","3","5","1","11","19","7","","2","1","1","0","0"
"POINT (7.052128375000052 50.867747217000044)","Unfall 188732 (2024) Kat:3, Licht: 0","188732","3","1","0","11","14","5","","0","1","0","0","0"
"POINT (6.994358776000070 50.934410681000031)","Unfall 188733 (2024) Kat:3, Licht: 0","188733","3","3","5","11","09","5","","0","1","1","0","0"
"POINT (7.053676653000025 50.940170435000027)","Unfall 188734 (2024) Kat:3, Licht: 1","188734","3","7","0","11","08","5","","1","1","0","1","0"
"POINT (6.944342645000063 50.955772474000071)","Unfall 188735 (2024) Kat:3, Licht: 2","188735","3","1","8","11","22","5","","2","0","1","0","0"
"POINT (6.965638185000046 50.954649566000057)","Unfall 188736 (2024) Kat:3, Licht: 0","188736","3","6","1","11","08","5","","0","1","0","0","0"
"POINT (6.905087054000035 50.958699098000068)","Unfall 188738 (2024) Kat:3, Licht: 2","188738","3","3","5","11","22","5","","2","1","1","0","0"
"POINT (6.887857806000056 50.948922913000047)","Unfall 188739 (2024) Kat:3, Licht: 0","188739","3","2","4","11","08","5","","0","0","1","0","0"
"POINT (6.919272597000031 50.928661372000079)","Unfall 188740 (2024) Kat:3, Licht: 2","188740","3","1","8","11","04","5","","2","0","1","0","0"
"POINT (6.983915220000029 50.872915004000049)","Unfall 188741 (2024) Kat:2, Licht: 0","188741","2","1","0","11","13","5","","0","0","0","0","0"
"POINT (6.962532350000060 50.911330716000066)","Unfall 188742 (2024) Kat:3, Licht: 0","188742","3","2","5","11","09","5","","0","0","1","0","0"
"POINT (6.939810722000061 50.921847095000032)","Unfall 188743 (2024) Kat:3, Licht: 1","188743","3","3","5","11","06","5","","1","1","1","0","0"
"POINT (6.947190404000025 50.930077259000029)","Unfall 188744 (2024) Kat:3, Licht: 0","188744","3","2","6","11","08","5","","0","0","1","1","0"
"POINT (6.947089584000025 50.926985931000047)","Unfall 188745 (2024) Kat:3, Licht: 0","188745","3","3","5","11","11","5","","0","1","1","0","0"
"POINT (6.947975393000036 50.963372779000053)","Unfall 188753 (2024) Kat:3, Licht: 1","188753","3","1","0","11","07","4","","1","1","0","0","0"
"POINT (7.109479424000028 50.874535404000028)","Unfall 188809 (2024) Kat:3, Licht: 0","188809","3","6","6","11","13","4","","0","0","1","1","0"
"POINT (6.960635403000026 50.914363509000054)","Unfall 188810 (2024) Kat:3, Licht: 0","188810","3","7","0","11","11","5","","0","0","0","0","0"
"POINT (6.947228898000049 51.019118589000072)","Unfall 188811 (2024) Kat:3, Licht: 0","188811","3","6","9","11","10","4","","0","0","1","0","1"
"POINT (6.856941689000053 51.069023095000034)","Unfall 188812 (2024) Kat:3, Licht: 0","188812","3","6","0","11","16","4","","0","1","0","0","0"
"POINT (6.940245109000045 50.967302800000027)","Unfall 188813 (2024) Kat:3, Licht: 0","188813","3","1","8","11","13","4","","0","0","1","0","0"
"POINT (6.912804219000066 50.967324081000072)","Unfall 188814 (2024) Kat:2, Licht: 2","188814","2","1","0","11","21","4","","2","1","0","0","0"
"POINT (6.866391046000047 50.936677807000081)","Unfall 188815 (2024) Kat:2, Licht: 2","188815","2","5","3","11","18","4","","2","0","1","0","1"
"POINT (6.910350870000059 50.955520107000041)","Unfall 188816 (2024) Kat:2, Licht: 0","188816","2","1","0","11","13","4","","0","1","0","0","0"
"POINT (6.971039325000049 50.905611196000052)","Unfall 188819 (2024) Kat:3, Licht: 0","188819","3","7","5","11","10","4","","0","0","1","0","1"
"POINT (6.899063884000043 50.916428517000043)","Unfall 188866 (2024) Kat:3, Licht: 0","188866","3","3","5","11","07","6","","0","0","1","0","1"
"POINT (6.970390619000057 50.974528693000082)","Unfall 188882 (2024) Kat:3, Licht: 2","188882","3","6","3","11","18","3","","2","0","1","0","1"
"POINT (6.922219727000027 50.945000714000059)","Unfall 188883 (2024) Kat:3, Licht: 2","188883","3","5","1","11","18","3","","2","1","1","0","0"
"POINT (6.869287467000049 50.979061882000053)","Unfall 188884 (2024) Kat:3, Licht: 0","188884","3","5","5","11","11","3","","0","0","1","0","1"
"POINT (6.890885733000061 50.973649727000065)","Unfall 188885 (2024) Kat:3, Licht: 0","188885","3","2","3","11","09","3","","0","1","1","0","0"
"POINT (6.955589169000064 50.927420877000031)","Unfall 188892 (2024) Kat:3, Licht: 0","188892","3","2","0","12","11","7","","0","1","1","0","0"
"POINT (7.092089490000035 50.850234789000069)","Unfall 188926 (2024) Kat:2, Licht: 0","188926","2","3","5","12","14","6","","0","0","1","0","1"
"POINT (7.009401257000036 50.943362871000033)","Unfall 188927 (2024) Kat:3, Licht: 2","188927","3","5","7","12","17","6","","2","0","0","1","0"
"POINT (7.064891804000069 50.983853574000079)","Unfall 188928 (2024) Kat:3, Licht: 2","188928","3","7","6","12","07","6","","2","0","1","0","0"
"POINT (6.985902207000038 50.952764262000073)","Unfall 188929 (2024) Kat:3, Licht: 2","188929","3","1","0","12","01","6","","2","0","0","0","0"
"POINT (6.943354723000027 50.968860201000041)","Unfall 188930 (2024) Kat:3, Licht: 0","188930","3","6","3","12","14","6","","0","1","1","0","0"
"POINT (6.920425348000038 50.945679851000079)","Unfall 188931 (2024) Kat:3, Licht: 0","188931","3","7","0","12","08","6","","0","1","0","1","0"
"POINT (6.948792798000056 50.917221223000070)","Unfall 188932 (2024) Kat:3, Licht: 2","188932","3","3","5","12","07","6","","2","1","1","0","0"
"POINT (6.870160864000070 50.998072199000035)","Unfall 188967 (2024) Kat:3, Licht: 0","188967","3","4","6","12","13","5","","0","0","1","1","0"
"POINT (6.913808407000033 50.958723409000072)","Unfall 188968 (2024) Kat:3, Licht: 0","188968","3","5","3","12","16","5","","0","1","1","0","0"
"POINT (6.922397566000029 50.918782342000043)","Unfall 188969 (2024) Kat:3, Licht: 0","188969","3","3","5","12","11","5","","0","1","1","0","0"
"POINT (6.956160054000065 50.927861754000048)","Unfall 188970 (2024) Kat:3, Licht: 2","188970","3","6","3","12","17","5","","2","1","1","0","0"
"POINT (7.006514840000023 50.951389824000046)","Unfall 189013 (2024) Kat:3, Licht: 0","189013","3","4","6","12","14","4","","0","0","0","1","0"
"POINT (6.884855075000075 50.977267707000067)","Unfall 189014 (2024) Kat:3, Licht: 2","189014","3","2","4","12","16","4","","2","0","1","0","0"
"POINT (6.930695123000021 50.940755469000067)","Unfall 189015 (2024) Kat:3, Licht: 0","189015","3","6","3","12","15","4","","0","1","1","0","0"
"POINT (6.927957448000029 50.945973189000028)","Unfall 189016 (2024) Kat:3, Licht: 2","189016","3","1","0","12","16","4","","2","1","0","0","0"
"POINT (6.923812066000039 50.917183578000049)","Unfall 189017 (2024) Kat:3, Licht: 1","189017","3","5","1","12","16","4","","1","1","1","0","0"
"POINT (6.939971669000045 50.940549875000045)","Unfall 189018 (2024) Kat:3, Licht: 0","189018","3","2","5","12","16","4","","0","1","1","0","0"
"POINT (6.949481678000041 50.933915095000032)","Unfall 189019 (2024) Kat:3, Licht: 0","189019","3","1","0","12","13","4","","0","1","0","0","0"
"POINT (7.028691353000056 50.922960690000082)","Unfall 189067 (2024) Kat:3, Licht: 0","189067","3","6","4","12","09","3","","0","1","0","0","0"
"POINT (6.980473897000024 50.949569224000072)","Unfall 189068 (2024) Kat:3, Licht: 1","189068","3","6","3","12","16","3","","1","1","0","0","0"
"POINT (6.974989678000043 50.965373369000076)","Unfall 189069 (2024) Kat:3, Licht: 2","189069","3","5","1","12","17","3","","2","1","1","0","0"
"POINT (6.913105806000033 50.966195635000076)","Unfall 189071 (2024) Kat:2, Licht: 0","189071","2","2","5","12","15","3","","0","1","1","0","0"
"POINT (6.929821516000061 50.941013798000029)","Unfall 189072 (2024) Kat:3, Licht: 0","189072","3","7","0","12","15","3","","0","1","0","0","0"
"POINT (6.908234380000067 50.952437521000036)","Unfall 189073 (2024) Kat:3, Licht: 0","189073","3","3","5","12","12","3","","0","1","1","0","0"
"POINT (6.957157329000040 50.904262300000028)","Unfall 189074 (2024) Kat:3, Licht: 2","189074","3","5","0","12","17","3","","2","1","1","0","0"
"POINT (7.061982167000053 50.896952794000072)","Unfall 189125 (2024) Kat:3, Licht: 2","189125","3","2","5","12","18","2","","2","0","1","0","0"
"POINT (7.001337615000068 50.933067323000046)","Unfall 189126 (2024) Kat:3, Licht: 1","189126","3","1","0","12","07","2","","1","1","0","0","0"
"POINT (7.036616013000071 50.965163739000047)","Unfall 189127 (2024) Kat:3, Licht: 0","189127","3","1","1","12","14","2","","0","1","1","0","0"
"POINT (6.917969019000054 50.980991838000079)","Unfall 189128 (2024) Kat:3, Licht: 0","189128","3","2","0","12","11","2","","0","0","1","0","1"
"POINT (6.868065630000046 50.970705535000036)","Unfall 189129 (2024) Kat:3, Licht: 0","189129","3","6","4","12","14","2","","0","1","0","0","0"
"POINT (6.920565137000040 50.932979695000029)","Unfall 189130 (2024) Kat:3, Licht: 2","189130","3","5","1","12","17","2","","2","1","1","0","0"
"POINT (6.997242635000021 50.888773775000061)","Unfall 189131 (2024) Kat:3, Licht: 1","189131","3","3","5","12","07","2","","1","1","1","0","0"
"POINT (7.044370657000059 50.953226644000040)","Unfall 189178 (2024) Kat:3, Licht: 2","189178","3","6","2","12","19","1","","2","0","1","0","0"
"POINT (6.912336910000022 50.923828854000078)","Unfall 189180 (2024) Kat:3, Licht: 2","189180","3","3","5","12","06","1","","2","0","1","0","0"
"POINT (7.018197368000074 50.948575718000029)","Unfall 189199 (2024) Kat:3, Licht: 0","189199","3","6","2","12","14","7","","0","0","1","0","0"
"POINT (6.969057051000050 50.967720179000025)","Unfall 189200 (2024) Kat:3, Licht: 0","189200","3","6","2","12","13","7","","0","0","1","0","0"
"POINT (6.945033414000022 50.947166071000026)","Unfall 189201 (2024) Kat:3, Licht: 2","189201","3","2","6","12","22","7","","2","0","1","1","0"
"POINT (6.895113844000036 50.968673360000082)","Unfall 189238 (2024) Kat:3, Licht: 0","189238","3","3","5","12","15","6","","0","1","1","0","0"
"POINT (6.945220558000074 50.933326758000078)","Unfall 189239 (2024) Kat:3, Licht: 0","189239","3","5","1","12","11","6","","0","0","1","0","0"
"POINT (6.934976247000066 50.942568048000055)","Unfall 189272 (2024) Kat:3, Licht: 2","189272","3","7","6","12","20","6","","2","1","0","1","0"
"POINT (7.083498165000037 50.869512248000035)","Unfall 189292 (2024) Kat:3, Licht: 0","189292","3","6","2","12","12","5","","0","1","1","0","0"
"POINT (7.032343803000060 50.976012173000072)","Unfall 189293 (2024) Kat:3, Licht: 2","189293","3","2","6","12","17","5","","2","0","1","1","0"
"POINT (6.891668391000053 50.983255704000044)","Unfall 189294 (2024) Kat:3, Licht: 2","189294","3","3","5","12","19","5","","2","0","1","0","0"
"POINT (6.867877704000023 50.932197241000040)","Unfall 189295 (2024) Kat:3, Licht: 0","189295","3","3","5","12","15","5","","0","1","1","0","0"
"POINT (6.908113632000038 50.950298529000065)","Unfall 189296 (2024) Kat:3, Licht: 2","189296","3","5","1","12","19","5","","2","0","1","0","0"
"POINT (7.006996274000073 50.870635836000076)","Unfall 189297 (2024) Kat:3, Licht: 0","189297","3","6","3","12","08","5","","0","0","1","0","0"
"POINT (6.952961538000068 50.924573323000061)","Unfall 189298 (2024) Kat:3, Licht: 2","189298","3","2","5","12","21","5","","2","1","1","0","0"
"POINT (6.959213855000030 50.932350551000070)","Unfall 189299 (2024) Kat:3, Licht: 2","189299","3","1","0","12","17","5","","2","0","0","0","0"
"POINT (7.104695612000057 50.884412832000066)","Unfall 189366 (2024) Kat:3, Licht: 2","189366","3","3","5","12","05","4","","2","1","1","0","0"
"POINT (6.996470978000048 50.889364779000061)","Unfall 189367 (2024) Kat:3, Licht: 2","189367","3","1","9","12","18","4","","2","1","1","0","0"
"POINT (6.962581219000072 50.918731603000026)","Unfall 189368 (2024) Kat:3, Licht: 0","189368","3","3","5","12","20","4","","0","0","0","0","0"
"POINT (6.932660680000026 50.931918596000060)","Unfall 189369 (2024) Kat:3, Licht: 0","189369","3","2","5","12","08","4","","0","1","1","0","0"
"POINT (7.104555960000027 50.842207757000040)","Unfall 189426 (2024) Kat:3, Licht: 0","189426","3","3","5","12","13","3","","0","0","1","0","0"
"POINT (6.982860171000027 50.944339112000080)","Unfall 189427 (2024) Kat:3, Licht: 0","189427","3","7","0","12","12","3","","0","0","1","0","0"
"POINT (6.928062106000027 51.036268703000076)","Unfall 189428 (2024) Kat:3, Licht: 2","189428","3","3","5","12","18","3","","2","0","1","0","0"
"POINT (6.958935746000066 50.967987150000056)","Unfall 189429 (2024) Kat:3, Licht: 0","189429","3","2","3","12","09","3","","0","1","1","0","0"
"POINT (7.024113149000073 50.937100035000071)","Unfall 189497 (2024) Kat:3, Licht: 0","189497","3","2","6","12","08","2","","0","0","1","1","0"
"POINT (6.970045710000022 50.974481724000043)","Unfall 189498 (2024) Kat:3, Licht: 0","189498","3","7","0","12","19","2","","0","0","0","0","0"
"POINT (6.905286845000035 50.968644977000054)","Unfall 189499 (2024) Kat:3, Licht: 2","189499","3","1","0","12","17","2","","2","1","0","0","0"
"POINT (6.921877722000033 50.905578756000068)","Unfall 189500 (2024) Kat:3, Licht: 0","189500","3","5","1","12","15","2","","0","0","1","0","0"
"POINT (6.940806059000067 50.912985883000033)","Unfall 189501 (2024) Kat:3, Licht: 0","189501","3","1","7","12","07","2","","0","0","0","0","0"
"POINT (6.961080463000030 50.916361753000047)","Unfall 189502 (2024) Kat:3, Licht: 2","189502","3","2","5","12","19","2","","2","1","1","0","0"
"POINT (7.004930171000069 50.985155333000080)","Unfall 189552 (2024) Kat:3, Licht: 2","189552","3","5","2","12","18","1","","2","0","1","0","0"
"POINT (7.023986289000050 50.958086220000041)","Unfall 189553 (2024) Kat:3, Licht: 0","189553","3","3","5","12","14","1","","0","1","1","0","0"
"POINT (6.962527976000047 50.911313649000078)","Unfall 189554 (2024) Kat:3, Licht: 0","189554","3","2","4","12","09","1","","0","0","1","0","0"
"POINT (6.960016676000066 50.942803027000082)","Unfall 189555 (2024) Kat:3, Licht: 0","189555","3","2","0","12","10","1","","0","1","1","0","0"
"POINT (7.021411740000076 50.931682090000038)","Unfall 189587 (2024) Kat:3, Licht: 2","189587","3","3","5","11","20","7","","2","1","1","0","0"
"POINT (6.897855828000047 51.020061647000034)","Unfall 189588 (2024) Kat:3, Licht: 0","189588","3","4","0","11","11","7","","0","0","0","1","0"
"POINT (6.938104201000044 50.960849615000029)","Unfall 189590 (2024) Kat:3, Licht: 0","189590","3","6","2","11","11","7","","0","1","1","0","0"
"POINT (6.929057209000064 50.921510984000065)","Unfall 189612 (2024) Kat:3, Licht: 2","189612","3","2","6","12","19","7","","2","0","1","1","0"
"POINT (7.098295688000064 50.919013423000081)","Unfall 189642 (2024) Kat:3, Licht: 0","189642","3","3","5","11","14","6","","0","0","1","0","0"
"POINT (7.049477080000031 50.942802254000071)","Unfall 189643 (2024) Kat:3, Licht: 0","189643","3","2","5","11","12","6","","0","0","1","0","0"
"POINT (6.926741951000054 50.973813921000044)","Unfall 189644 (2024) Kat:2, Licht: 2","189644","2","1","0","11","22","6","","2","0","0","0","0"
"POINT (6.981411556000069 50.962690672000065)","Unfall 189645 (2024) Kat:1, Licht: 2","189645","1","4","6","11","21","6","","2","0","0","1","0"
"POINT (6.963671371000032 50.953913045000036)","Unfall 189646 (2024) Kat:3, Licht: 2","189646","3","6","2","11","17","6","","2","0","1","0","0"
"POINT (6.889310360000025 50.986879019000071)","Unfall 189647 (2024) Kat:3, Licht: 0","189647","3","6","2","11","17","6","","0","0","1","0","0"
"POINT (6.923873286000060 50.952387672000043)","Unfall 189649 (2024) Kat:3, Licht: 0","189649","3","2","3","11","14","6","","0","1","1","0","0"