WKT,Name,OBJECTID,UKATEGORIE,UTYP1,UART,UMONAT,USTUNDE,UWOCHENTAG,STRZUSTAND,ULICHTVERH,ISTRAD,ISTPKW,ISTFUSS,ISTKRAD
"POINT (6.916312341000037 50.909593702000052)","Unfall 189650 (2024) Kat:2, Licht: 2","189650","2","4","6","11","06","6","","2","0","1","1","0"
"POINT (6.954034267000054 50.931787133000057)","Unfall 189651 (2024) Kat:3, Licht: 2","189651","3","3","5","11","17","6","","2","0","1","0","0"
"POINT (7.116349117000027 50.876945205000027)","Unfall 189704 (2024) Kat:3, Licht: 2","189704","3","3","0","11","22","5","","2","1","1","0","0"
"POINT (7.046132133000071 50.898995974000059)","Unfall 189705 (2024) Kat:3, Licht: 0","189705","3","6","0","11","12","5","","0","1","1","0","0"
"POINT (6.982787642000062 50.920187763000058)","Unfall 189706 (2024) Kat:3, Licht: 2","189706","3","3","5","11","23","5","","2","1","1","0","0"
"POINT (7.026123385000062 50.998468052000078)","Unfall 189707 (2024) Kat:2, Licht: 0","189707","2","7","8","11","14","5","","0","0","1","0","0"
"POINT (7.041373989000022 50.993839827000045)","Unfall 189708 (2024) Kat:3, Licht: 0","189708","3","3","0","11","13","5","","0","0","1","0","1"
"POINT (6.894987669000045 51.026452180000035)","Unfall 189710 (2024) Kat:3, Licht: 2","189710","3","4","6","11","21","5","","2","0","1","1","0"
"POINT (6.916861031000053 50.969088491000036)","Unfall 189711 (2024) Kat:3, Licht: 1","189711","3","7","2","11","16","5","","1","1","1","0","0"
"POINT (6.987229596000020 50.894703091000054)","Unfall 189712 (2024) Kat:3, Licht: 0","189712","3","7","1","11","13","5","","0","1","0","0","0"
"POINT (6.923244038000064 50.930153481000048)","Unfall 189713 (2024) Kat:3, Licht: 2","189713","3","1","0","11","18","5","","2","1","0","0","0"
"POINT (6.966240030000051 50.900400944000069)","Unfall 189714 (2024) Kat:3, Licht: 2","189714","3","5","1","11","17","5","","2","1","1","0","0"
"POINT (6.952714000000071 50.942537440000081)","Unfall 189715 (2024) Kat:3, Licht: 2","189715","3","2","6","11","18","5","","2","0","1","1","0"
"POINT (6.960639159000038 50.917560139000045)","Unfall 189716 (2024) Kat:3, Licht: 0","189716","3","6","2","11","15","5","","0","0","1","0","1"
"POINT (6.849434537000036 51.066433389000053)","Unfall 189783 (2024) Kat:3, Licht: 2","189783","3","6","6","11","20","4","","2","0","0","1","0"
"POINT (6.945326212000055 51.022440907000032)","Unfall 189784 (2024) Kat:3, Licht: 0","189784","3","6","2","11","15","4","","0","0","1","0","0"
"POINT (6.918467995000071 50.994945212000061)","Unfall 189785 (2024) Kat:3, Licht: 0","189785","3","2","5","11","09","4","","0","0","1","0","0"
"POINT (6.924137455000050 50.950485858000036)","Unfall 189786 (2024) Kat:3, Licht: 2","189786","3","1","0","11","21","4","","2","0","0","0","0"
"POINT (6.909568020000052 50.957950444000062)","Unfall 189787 (2024) Kat:3, Licht: 2","189787","3","3","5","11","19","4","","2","1","1","0","0"
"POINT (6.901010901000063 50.930904270000042)","Unfall 189788 (2024) Kat:3, Licht: 0","189788","3","3","5","11","08","4","","0","1","1","0","0"
"POINT (7.002895900000055 50.869672309000066)","Unfall 189789 (2024) Kat:3, Licht: 1","189789","3","6","9","11","07","4","","1","1","0","0","0"
"POINT (7.070497963000037 50.888456335000058)","Unfall 189856 (2024) Kat:3, Licht: 2","189856","3","2","3","11","21","3","","2","0","0","0","0"
"POINT (6.984726153000054 50.917477632000043)","Unfall 189857 (2024) Kat:2, Licht: 0","189857","2","1","0","11","12","3","","0","1","0","0","0"
"POINT (7.113518681000073 50.880129064000073)","Unfall 189858 (2024) Kat:3, Licht: 2","189858","3","3","5","11","05","3","","2","0","1","0","0"
"POINT (6.888422485000035 50.955363568000053)","Unfall 189859 (2024) Kat:2, Licht: 2","189859","2","1","0","11","18","3","","2","1","0","0","0"
"POINT (6.921163135000029 50.950654600000064)","Unfall 189860 (2024) Kat:3, Licht: 0","189860","3","1","1","11","13","3","","0","1","0","0","0"
"POINT (6.997251805000076 50.891268791000073)","Unfall 189861 (2024) Kat:3, Licht: 2","189861","3","2","4","11","17","3","","2","0","1","0","1"
"POINT (6.928852540000037 50.921804892000068)","Unfall 189862 (2024) Kat:3, Licht: 0","189862","3","7","5","11","12","3","","0","1","1","0","0"
"POINT (6.918850863000046 50.919225631000074)","Unfall 189863 (2024) Kat:3, Licht: 0","189863","3","5","0","11","09","3","","0","1","1","0","0"
"POINT (6.948798149000027 50.937668687000041)","Unfall 189864 (2024) Kat:3, Licht: 0","189864","3","7","6","11","12","3","","0","0","1","1","0"
"POINT (6.969262007000054 50.974376131000042)","Unfall 189893 (2024) Kat:3, Licht: 0","189893","3","2","5","12","12","1","","0","0","0","0","0"
"POINT (7.000498918000062 50.931027908000033)","Unfall 189923 (2024) Kat:3, Licht: 0","189923","3","3","5","11","15","2","","0","0","1","0","0"
"POINT (7.063993588000073 50.980105799000057)","Unfall 189924 (2024) Kat:2, Licht: 0","189924","2","1","0","11","07","2","","0","1","0","0","0"
"POINT (6.928603211000052 51.026426941000068)","Unfall 189925 (2024) Kat:3, Licht: 2","189925","3","6","2","11","17","2","","2","0","1","0","0"
"POINT (6.978184684000041 50.966626146000067)","Unfall 189926 (2024) Kat:3, Licht: 0","189926","3","5","1","11","11","2","","0","1","1","0","0"
"POINT (6.888592828000071 51.013823384000034)","Unfall 189927 (2024) Kat:3, Licht: 0","189927","3","1","8","11","10","2","","0","0","1","0","0"
"POINT (6.926205737000032 50.957050241000047)","Unfall 189928 (2024) Kat:3, Licht: 2","189928","3","1","0","11","05","2","","2","0","0","0","0"
"POINT (6.945593239000061 50.911739464000050)","Unfall 189929 (2024) Kat:3, Licht: 0","189929","3","6","3","11","13","2","","0","0","1","0","1"
"POINT (6.942741616000035 50.930202407000081)","Unfall 189930 (2024) Kat:3, Licht: 2","189930","3","2","6","11","16","2","","2","0","1","1","0"
"POINT (6.948778238000045 50.936542625000072)","Unfall 189931 (2024) Kat:3, Licht: 0","189931","3","1","0","11","16","2","","0","1","0","0","0"
"POINT (6.972659959000055 50.939871778000054)","Unfall 189973 (2024) Kat:3, Licht: 2","189973","3","6","2","11","21","1","","2","0","1","0","1"
"POINT (6.974838792000071 50.936797990000059)","Unfall 190287 (2024) Kat:2, Licht: 0","190287","2","3","5","12","09","3","","0","1","1","0","0"
"POINT (6.919428358000062 50.948705913000026)","Unfall 190288 (2024) Kat:3, Licht: 0","190288","3","4","6","12","16","3","","0","0","1","1","0"
"POINT (7.018440591000058 50.934070056000053)","Unfall 190310 (2024) Kat:3, Licht: 2","190310","3","7","0","12","21","2","","2","0","0","0","0"
"POINT (7.024069944000075 50.945052232000080)","Unfall 190311 (2024) Kat:3, Licht: 0","190311","3","6","2","12","14","2","","0","0","1","0","0"
"POINT (6.880588858000067 50.965969047000044)","Unfall 190312 (2024) Kat:3, Licht: 0","190312","3","3","5","12","11","2","","0","0","1","0","0"
"POINT (6.962301471000046 50.911298221000038)","Unfall 190313 (2024) Kat:3, Licht: 2","190313","3","2","5","12","18","2","","2","0","1","0","0"
"POINT (6.846325458000024 50.940439598000069)","Unfall 190338 (2024) Kat:2, Licht: 2","190338","2","1","0","12","17","1","","2","1","1","0","0"
"POINT (6.938949485000023 50.904807589000029)","Unfall 190359 (2024) Kat:3, Licht: 0","190359","3","5","3","12","12","7","","0","0","1","0","0"
"POINT (6.993474174000028 50.939195963000031)","Unfall 190402 (2024) Kat:3, Licht: 0","190402","3","6","1","12","11","6","","0","0","1","0","0"
"POINT (6.925338771000042 50.951660913000069)","Unfall 190403 (2024) Kat:3, Licht: 2","190403","3","4","0","12","18","6","","2","0","0","1","0"
"POINT (6.907510606000073 50.967640715000073)","Unfall 190404 (2024) Kat:3, Licht: 1","190404","3","5","0","12","17","6","","1","1","1","0","0"
"POINT (7.025291652000021 51.003779809000036)","Unfall 190436 (2024) Kat:3, Licht: 2","190436","3","5","1","12","21","5","","2","0","1","0","0"
"POINT (6.869209593000051 50.977206378000062)","Unfall 190437 (2024) Kat:3, Licht: 2","190437","3","2","5","12","19","5","","2","1","1","0","0"
"POINT (6.951941879000060 50.945094925000035)","Unfall 190438 (2024) Kat:3, Licht: 2","190438","3","2","5","12","20","5","","2","0","1","0","0"
"POINT (7.011580366000032 50.906666147000067)","Unfall 190439 (2024) Kat:3, Licht: 0","190439","3","7","0","12","14","5","","0","1","0","0","0"
"POINT (6.847396200000048 50.918488447000072)","Unfall 190472 (2024) Kat:3, Licht: 0","190472","3","3","5","12","12","3","","0","0","1","0","0"
"POINT (7.005180770000038 50.870227206000038)","Unfall 190473 (2024) Kat:3, Licht: 2","190473","3","2","4","12","05","3","","2","0","1","0","0"
"POINT (7.094086336000032 50.858653479000054)","Unfall 190501 (2024) Kat:3, Licht: 2","190501","3","4","6","12","17","2","","2","0","1","1","0"
"POINT (7.010291049000045 50.964905039000030)","Unfall 190502 (2024) Kat:3, Licht: 0","190502","3","4","6","12","15","2","","0","0","1","1","0"
"POINT (7.034181682000053 50.966541500000062)","Unfall 190503 (2024) Kat:3, Licht: 0","190503","3","3","0","12","13","2","","0","1","1","0","0"
"POINT (6.974521614000025 50.968599606000055)","Unfall 190504 (2024) Kat:3, Licht: 0","190504","3","4","6","12","14","2","","0","0","1","1","0"
"POINT (6.882865256000059 51.056693641000038)","Unfall 190505 (2024) Kat:3, Licht: 0","190505","3","6","1","12","13","2","","0","0","1","0","0"
"POINT (6.961108680000052 50.974227445000054)","Unfall 190506 (2024) Kat:3, Licht: 2","190506","3","1","1","12","05","2","","2","0","1","0","1"
"POINT (6.905532340000036 50.959391271000072)","Unfall 190507 (2024) Kat:3, Licht: 0","190507","3","2","5","12","12","2","","0","1","1","0","0"
"POINT (6.926067838000051 50.918964743000060)","Unfall 190508 (2024) Kat:3, Licht: 0","190508","3","5","1","12","11","2","","0","1","1","0","0"
"POINT (6.859721221000029 51.064852416000065)","Unfall 190538 (2024) Kat:3, Licht: 2","190538","3","7","0","12","19","1","","2","0","0","1","1"
"POINT (6.923067466000020 50.947176633000026)","Unfall 190539 (2024) Kat:3, Licht: 2","190539","3","5","0","12","16","1","","2","1","1","0","0"
"POINT (6.920857067000043 50.923641061000069)","Unfall 190540 (2024) Kat:3, Licht: 2","190540","3","6","3","12","17","1","","2","1","1","0","0"
"POINT (7.006187409000063 50.940446619000056)","Unfall 190556 (2024) Kat:3, Licht: 2","190556","3","1","0","12","01","5","","2","0","0","0","0"
"POINT (6.877505942000028 51.005503174000069)","Unfall 190566 (2024) Kat:3, Licht: 2","190566","3","1","9","12","20","7","","2","0","1","0","0"
"POINT (6.972235458000057 50.968618531000061)","Unfall 190567 (2024) Kat:2, Licht: 2","190567","2","4","6","12","19","7","","2","0","1","1","0"
"POINT (6.917549816000076 50.949655629000063)","Unfall 190568 (2024) Kat:3, Licht: 2","190568","3","1","6","12","22","7","","2","0","1","1","0"
"POINT (6.946002941000074 50.940886646000081)","Unfall 190569 (2024) Kat:3, Licht: 2","190569","3","4","6","12","21","7","","2","0","1","1","0"
"POINT (7.075292548000050 50.974384148000070)","Unfall 190626 (2024) Kat:3, Licht: 2","190626","3","6","2","12","19","6","","2","0","1","0","1"
"POINT (7.001859952000075 50.955608548000043)","Unfall 190628 (2024) Kat:2, Licht: 2","190628","2","1","8","12","18","6","","2","0","1","0","0"
"POINT (6.926850539000043 50.921822160000033)","Unfall 190629 (2024) Kat:2, Licht: 0","190629","2","5","3","12","12","6","","0","1","1","0","0"
"POINT (6.919607115000076 50.921717103000049)","Unfall 190630 (2024) Kat:3, Licht: 0","190630","3","5","1","12","09","6","","0","1","1","0","0"
"POINT (6.950091411000074 50.919486781000046)","Unfall 190632 (2024) Kat:3, Licht: 2","190632","3","4","6","12","07","6","","2","0","1","1","0"
"POINT (6.959911489000035 50.930409198000063)","Unfall 190659 (2024) Kat:3, Licht: 0","190659","3","1","0","12","13","7","","0","0","0","0","0"
"POINT (6.986913901000037 50.990259690000073)","Unfall 190695 (2024) Kat:3, Licht: 2","190695","3","3","5","12","18","5","","2","0","1","0","1"
"POINT (7.005873296000061 50.949050207000028)","Unfall 190696 (2024) Kat:3, Licht: 2","190696","3","4","6","12","18","5","","2","0","1","1","0"
"POINT (6.958017199000039 50.954131605000043)","Unfall 190697 (2024) Kat:3, Licht: 0","190697","3","1","0","12","10","5","","0","1","0","0","0"
"POINT (6.915414546000022 50.917389083000046)","Unfall 190698 (2024) Kat:3, Licht: 2","190698","3","2","6","12","17","5","","2","0","0","1","0"
"POINT (6.945031684000071 50.947165073000065)","Unfall 190699 (2024) Kat:3, Licht: 2","190699","3","3","5","12","23","5","","2","0","1","0","0"
"POINT (6.942647665000038 50.927663267000071)","Unfall 190700 (2024) Kat:3, Licht: 1","190700","3","5","4","12","15","5","","1","1","1","0","0"
"POINT (6.946468276000076 50.935040467000078)","Unfall 190701 (2024) Kat:3, Licht: 0","190701","3","4","6","12","12","5","","0","1","0","1","0"
"POINT (6.959791033000045 50.934209869000028)","Unfall 190722 (2024) Kat:3, Licht: 2","190722","3","3","5","12","18","6","","2","0","1","0","0"
"POINT (6.934981138000069 50.927814619000060)","Unfall 190724 (2024) Kat:2, Licht: 2","190724","2","1","0","12","17","2","","2","1","0","0","0"
"POINT (6.994004365000023 50.939265055000078)","Unfall 190763 (2024) Kat:2, Licht: 0","190763","2","6","3","12","16","4","","0","0","1","0","1"
"POINT (6.857084181000062 51.014449994000074)","Unfall 190764 (2024) Kat:3, Licht: 1","190764","3","7","0","12","16","4","","1","0","1","0","0"
"POINT (6.914779133000025 50.951449122000042)","Unfall 190765 (2024) Kat:3, Licht: 2","190765","3","2","6","12","07","4","","2","0","1","1","0"
"POINT (6.969343393000031 50.872792553000068)","Unfall 190767 (2024) Kat:3, Licht: 0","190767","3","1","0","12","13","4","","0","1","0","0","0"
"POINT (6.940363912000066 50.936930812000071)","Unfall 190768 (2024) Kat:3, Licht: 2","190768","3","5","0","12","16","4","","2","1","1","0","0"
"POINT (6.941721059000031 50.931685640000069)","Unfall 190769 (2024) Kat:3, Licht: 0","190769","3","1","0","12","10","4","","0","1","0","0","0"
"POINT (6.939951967000070 50.906140878000031)","Unfall 190828 (2024) Kat:3, Licht: 0","190828","3","6","0","12","11","3","","0","1","0","0","0"
"POINT (6.958423642000071 50.905729181000027)","Unfall 190829 (2024) Kat:3, Licht: 2","190829","3","4","6","12","07","3","","2","0","1","1","0"
"POINT (6.949999779000052 50.929440879000026)","Unfall 190830 (2024) Kat:3, Licht: 1","190830","3","6","4","12","07","3","","1","1","1","0","0"
"POINT (6.926152254000044 50.994714579000060)","Unfall 190875 (2024) Kat:3, Licht: 2","190875","3","2","6","12","17","3","","2","0","1","1","0"
"POINT (7.063665427000046 50.890735756000026)","Unfall 190889 (2024) Kat:3, Licht: 0","190889","3","3","5","12","07","2","","0","0","1","0","0"
"POINT (6.963721878000058 50.961069241000075)","Unfall 190890 (2024) Kat:3, Licht: 2","190890","3","3","5","12","07","2","","2","0","1","0","0"
"POINT (6.959679808000033 50.952096235000056)","Unfall 190891 (2024) Kat:2, Licht: 2","190891","2","1","0","12","17","2","","2","1","0","0","0"
"POINT (6.909785842000076 51.021649441000079)","Unfall 190892 (2024) Kat:3, Licht: 2","190892","3","5","6","12","16","2","","2","0","1","1","0"
"POINT (6.899313331000030 50.945947537000052)","Unfall 190893 (2024) Kat:3, Licht: 1","190893","3","4","6","12","07","2","","1","0","1","1","0"
"POINT (6.919394057000034 50.948720852000065)","Unfall 190894 (2024) Kat:3, Licht: 1","190894","3","3","5","12","07","2","","1","1","1","0","0"
"POINT (6.883978505000073 50.984589619000076)","Unfall 190895 (2024) Kat:3, Licht: 2","190895","3","7","0","12","16","2","","2","0","1","0","0"
"POINT (6.867998819000036 50.964799016000029)","Unfall 190897 (2024) Kat:3, Licht: 2","190897","3","1","0","12","16","2","","2","1","0","0","0"
"POINT (6.910317131000056 50.950523764000081)","Unfall 190898 (2024) Kat:3, Licht: 0","190898","3","6","0","12","11","2","","0","0","1","0","1"
"POINT (6.950549691000049 50.939065204000030)","Unfall 190899 (2024) Kat:3, Licht: 1","190899","3","2","6","12","16","2","","1","0","1","1","0"
"POINT (6.941034838000064 50.945293986000081)","Unfall 190900 (2024) Kat:3, Licht: 2","190900","3","6","2","12","16","2","","2","1","1","0","0"
"POINT (6.918488859000036 50.928000760000032)","Unfall 190956 (2024) Kat:3, Licht: 2","190956","3","2","4","12","17","1","","2","0","1","0","1"
"POINT (7.002902179000046 50.950505791000069)","Unfall 190983 (2024) Kat:3, Licht: 2","190983","3","3","5","12","21","7","","2","0","1","0","0"
"POINT (6.946317940000029 50.965730787000041)","Unfall 190984 (2024) Kat:3, Licht: 0","190984","3","2","5","12","14","7","","0","1","1","0","0"
"POINT (6.946837590000030 50.909992265000028)","Unfall 190985 (2024) Kat:3, Licht: 0","190985","3","3","5","12","10","7","","0","1","1","0","0"
"POINT (6.947622654000043 50.937478274000057)","Unfall 190986 (2024) Kat:3, Licht: 2","190986","3","6","3","12","18","7","","2","1","1","0","0"
"POINT (6.951643134000051 50.922108065000032)","Unfall 190987 (2024) Kat:3, Licht: 2","190987","3","2","6","12","17","7","","2","0","1","1","0"
"POINT (7.069275930000060 50.871759114000042)","Unfall 262917 (2024) Kat:2, Licht: 0","262917","2","6","2","01","15","2","","0","1","0","0","0"
"POINT (6.970686905000036 50.917027314000052)","Unfall 262933 (2024) Kat:3, Licht: 0","262933","3","7","0","01","13","3","","0","1","0","1","0"
"POINT (6.913203275000058 51.015938703000074)","Unfall 263009 (2024) Kat:3, Licht: 0","263009","3","1","0","03","13","1","","0","1","0","0","0"
"POINT (6.904191206000064 50.964146104000065)","Unfall 263022 (2024) Kat:3, Licht: 0","263022","3","7","5","03","15","1","","0","1","0","0","0"
"POINT (7.065493074000074 51.000840545000074)","Unfall 263025 (2024) Kat:3, Licht: 1","263025","3","6","6","03","18","2","","1","1","0","0","0"
"POINT (6.963325433000023 50.936584471000060)","Unfall 263028 (2024) Kat:3, Licht: 0","263028","3","7","6","03","16","4","","0","1","0","1","0"
"POINT (6.917416401000025 50.969259488000034)","Unfall 263042 (2024) Kat:3, Licht: 0","263042","3","2","3","03","08","3","","0","1","1","0","0"
"POINT (6.923064673000056 50.973296479000055)","Unfall 263084 (2024) Kat:2, Licht: 0","263084","2","7","0","04","18","3","","0","1","0","0","0"
"POINT (7.005172681000033 50.958982197000068)","Unfall 263092 (2024) Kat:3, Licht: 0","263092","3","7","6","04","14","5","","0","1","0","1","0"
"POINT (6.992196915000022 50.903367989000060)","Unfall 263137 (2024) Kat:3, Licht: 0","263137","3","7","0","04","17","7","","0","1","0","1","0"
"POINT (7.045359355000073 50.871069039000076)","Unfall 263144 (2024) Kat:3, Licht: 0","263144","3","1","6","04","12","1","","0","1","0","1","0"
"POINT (7.020779480000044 50.896283630000028)","Unfall 263145 (2024) Kat:3, Licht: 0","263145","3","7","6","04","16","1","","0","1","0","1","0"
"POINT (6.877185437000037 50.918904388000044)","Unfall 263175 (2024) Kat:3, Licht: 2","263175","3","7","0","05","00","4","","2","1","0","0","0"
"POINT (6.919603929000061 50.899985296000068)","Unfall 263176 (2024) Kat:2, Licht: 0","263176","2","1","8","05","14","4","","0","1","0","0","0"
"POINT (6.929265252000050 50.964263462000076)","Unfall 263177 (2024) Kat:2, Licht: 2","263177","2","1","0","05","01","4","","2","1","0","0","0"
"POINT (6.984581223000021 50.961362092000059)","Unfall 263195 (2024) Kat:3, Licht: 0","263195","3","1","0","05","09","1","","0","1","0","0","0"
"POINT (6.926440359000026 50.907090783000058)","Unfall 263203 (2024) Kat:3, Licht: 0","263203","3","1","0","05","18","3","","0","1","0","0","0"
"POINT (6.926268947000040 50.934111405000067)","Unfall 263248 (2024) Kat:3, Licht: 0","263248","3","1","0","05","13","2","","0","1","0","0","0"
"POINT (6.973765677000074 50.912142497000048)","Unfall 263295 (2024) Kat:3, Licht: 0","263295","3","1","0","05","08","5","","0","1","0","0","0"
"POINT (6.997772674000032 50.964102426000068)","Unfall 263305 (2024) Kat:3, Licht: 0","263305","3","4","6","05","19","7","","0","1","0","1","0"
"POINT (6.864452882000023 50.928776389000063)","Unfall 263342 (2024) Kat:3, Licht: 0","263342","3","3","5","06","15","3","","0","1","0","0","0"
"POINT (6.959625154000037 50.935288756000034)","Unfall 263347 (2024) Kat:2, Licht: 0","263347","2","6","8","06","16","4","","0","1","1","0","0"
"POINT (6.948589700000070 50.912224835000075)","Unfall 263362 (2024) Kat:3, Licht: 0","263362","3","1","0","06","12","6","","0","1","0","0","0"
"POINT (6.988230009000063 50.963394719000064)","Unfall 263369 (2024) Kat:3, Licht: 0","263369","3","6","4","06","14","7","","0","1","0","0","0"
"POINT (7.052265172000034 50.888993047000042)","Unfall 263394 (2024) Kat:2, Licht: 0","263394","2","6","4","06","11","1","","0","1","0","0","0"
"POINT (6.873218127000030 50.929299319000052)","Unfall 263433 (2024) Kat:2, Licht: 0","263433","2","1","0","06","14","1","","0","1","0","0","0"
"POINT (6.972593017000065 50.929574412000079)","Unfall 263464 (2024) Kat:3, Licht: 0","263464","3","1","0","06","07","5","","0","1","0","0","0"
"POINT (6.963252777000037 50.937037834000080)","Unfall 263472 (2024) Kat:3, Licht: 0","263472","3","6","4","06","18","6","","0","1","0","0","0"
"POINT (6.962947453000027 50.930475950000073)","Unfall 263473 (2024) Kat:3, Licht: 0","263473","3","1","0","06","11","6","","0","1","0","0","0"
"POINT (6.952464918000032 50.890771881000035)","Unfall 263481 (2024) Kat:3, Licht: 0","263481","3","1","0","06","15","7","","0","1","0","0","0"
"POINT (7.008147109000049 50.866490788000078)","Unfall 263498 (2024) Kat:3, Licht: 0","263498","3","7","0","07","18","4","","0","1","0","1","0"
"POINT (6.913350316000049 51.005976906000058)","Unfall 263499 (2024) Kat:3, Licht: 0","263499","3","1","8","07","10","4","","0","1","0","0","0"
"POINT (7.048880761000021 50.881640762000075)","Unfall 263513 (2024) Kat:3, Licht: 0","263513","3","6","3","07","12","1","","0","1","0","0","0"
"POINT (6.963271576000068 50.936931471000037)","Unfall 263539 (2024) Kat:3, Licht: 0","263539","3","3","0","07","07","5","","0","1","0","0","0"
"POINT (7.049279159000037 50.874038201000076)","Unfall 263540 (2024) Kat:3, Licht: 0","263540","3","1","0","07","12","5","","0","1","0","0","0"
"POINT (6.971608666000066 50.997248174000049)","Unfall 263546 (2024) Kat:3, Licht: 0","263546","3","6","6","07","19","7","","0","1","0","1","0"
"POINT (7.009062143000051 50.852800768000066)","Unfall 263552 (2024) Kat:3, Licht: 0","263552","3","7","0","07","11","1","","0","1","0","0","0"
"POINT (7.012251760000026 50.896748488000071)","Unfall 263569 (2024) Kat:2, Licht: 0","263569","2","6","6","07","17","2","","0","1","0","1","0"
"POINT (7.006692774000044 50.850073104000046)","Unfall 263623 (2024) Kat:3, Licht: 0","263623","3","1","0","07","15","4","","0","1","0","0","0"
"POINT (6.893464163000033 50.926297826000052)","Unfall 263669 (2024) Kat:3, Licht: 0","263669","3","7","0","07","07","4","","0","1","0","0","0"
"POINT (6.988180582000041 50.898331055000028)","Unfall 263734 (2024) Kat:3, Licht: 0","263734","3","6","3","08","15","1","","0","1","0","0","0"
"POINT (6.972200719000057 50.948725362000062)","Unfall 263755 (2024) Kat:3, Licht: 0","263755","3","6","4","08","15","5","","0","1","0","0","0"
"POINT (6.998595375000036 50.899031790000038)","Unfall 263756 (2024) Kat:3, Licht: 0","263756","3","1","0","08","09","5","","0","1","0","0","0"
"POINT (6.950268127000072 50.909517771000026)","Unfall 263759 (2024) Kat:3, Licht: 0","263759","3","6","2","08","18","6","","0","1","0","0","1"
"POINT (6.972656581000024 50.914255920000073)","Unfall 263760 (2024) Kat:3, Licht: 0","263760","3","1","0","08","19","6","","0","1","0","0","0"
"POINT (6.959291144000076 50.950657076000027)","Unfall 263791 (2024) Kat:3, Licht: 0","263791","3","1","7","08","16","4","","0","1","0","0","0"
"POINT (6.939192589000072 50.947841980000078)","Unfall 263792 (2024) Kat:3, Licht: 2","263792","3","1","0","08","21","4","","2","1","0","0","0"
"POINT (7.028055140000049 50.960183777000054)","Unfall 263834 (2024) Kat:3, Licht: 0","263834","3","6","4","08","08","4","","0","1","0","0","0"
"POINT (6.946550356000046 50.899875003000034)","Unfall 263843 (2024) Kat:3, Licht: 0","263843","3","1","0","08","14","6","","0","1","0","0","0"
"POINT (6.931093836000059 50.928993839000043)","Unfall 263872 (2024) Kat:3, Licht: 0","263872","3","6","4","09","17","2","","0","1","0","0","0"
"POINT (7.043632699000057 50.869834768000032)","Unfall 263876 (2024) Kat:3, Licht: 0","263876","3","7","0","09","16","3","","0","1","0","0","0"
"POINT (6.929055875000074 50.936275874000046)","Unfall 263891 (2024) Kat:3, Licht: 0","263891","3","1","0","09","08","6","","0","1","0","1","0"
"POINT (6.912152555000034 50.911986328000069)","Unfall 263896 (2024) Kat:3, Licht: 0","263896","3","1","0","09","10","7","","0","1","0","0","0"
"POINT (6.920548675000020 50.970255553000072)","Unfall 263903 (2024) Kat:3, Licht: 0","263903","3","6","4","09","15","1","","0","1","0","0","0"
"POINT (6.890931532000025 50.929749881000077)","Unfall 263909 (2024) Kat:3, Licht: 0","263909","3","1","0","09","09","3","","0","1","0","0","0"
"POINT (7.024496458000044 50.957769590000055)","Unfall 263910 (2024) Kat:2, Licht: 0","263910","2","4","6","09","17","3","","0","1","0","1","0"
"POINT (7.088609744000053 50.865997395000079)","Unfall 263935 (2024) Kat:3, Licht: 0","263935","3","6","0","09","13","3","","0","1","0","0","0"
"POINT (7.014523108000049 50.896481127000072)","Unfall 263939 (2024) Kat:3, Licht: 0","263939","3","6","4","09","17","4","","0","1","0","0","0"
"POINT (6.892700754000032 50.927027784000074)","Unfall 263967 (2024) Kat:3, Licht: 0","263967","3","1","0","09","07","2","","0","1","0","0","0"
"POINT (6.970809234000058 50.916747783000062)","Unfall 263980 (2024) Kat:3, Licht: 0","263980","3","1","0","09","16","1","","0","1","0","0","0"
"POINT (7.052175856000076 50.960361129000034)","Unfall 264006 (2024) Kat:3, Licht: 0","264006","3","7","0","10","08","3","","0","1","0","1","0"
"POINT (6.968568038000058 50.940980912000043)","Unfall 264043 (2024) Kat:3, Licht: 0","264043","3","7","4","10","13","3","","0","1","0","0","0"
"POINT (7.004163570000060 50.971415331000060)","Unfall 264047 (2024) Kat:3, Licht: 0","264047","3","6","4","10","17","4","","0","1","0","0","0"
"POINT (7.034152284000072 50.994740029000070)","Unfall 264073 (2024) Kat:3, Licht: 0","264073","3","1","0","10","17","2","","0","1","0","0","0"
"POINT (6.947787939000023 50.904899166000064)","Unfall 264078 (2024) Kat:3, Licht: 0","264078","3","1","0","10","09","3","","0","1","0","0","0"
"POINT (7.055335738000053 50.860028948000036)","Unfall 264082 (2024) Kat:3, Licht: 0","264082","3","7","0","10","11","5","","0","1","0","0","0"
"POINT (7.055846163000069 50.961619758000040)","Unfall 264109 (2024) Kat:3, Licht: 0","264109","3","2","3","11","08","6","","0","1","0","0","0"
"POINT (6.972150060000047 50.957313529000032)","Unfall 264142 (2024) Kat:3, Licht: 0","264142","3","6","6","12","06","5","","0","1","0","1","0"
"POINT (6.908923570000070 50.910951190000048)","Unfall 264157 (2024) Kat:3, Licht: 0","264157","3","4","6","12","13","5","","0","1","0","1","0"